<?xml version="1.0" encoding="UTF-8"?>
<gpx xmlns="http://www.topografix.com/GPX/1/1" version="1.1" creator="VitaBandet">
  <metadata>
    <name>Helags → Olden · Storlien / Blåhammaren</name>
    <desc>Via Blåhammaren + Storlien village</desc>
  </metadata>
  <wpt lat="62.91699" lon="12.50598">
    <name>Helags</name>
  </wpt>
  <wpt lat="63.69932" lon="13.62624">
    <name>Olden</name>
  </wpt>
  <trk>
    <name>Helags→Olden · Björn Rudberg (storlien)</name>
    <trkseg>
      <trkpt lat="62.91699" lon="12.50598">
        <time>2026-02-26T12:11:00Z</time>
      </trkpt>
      <trkpt lat="62.91699" lon="12.50598">
        <time>2026-02-26T12:11:00Z</time>
      </trkpt>
      <trkpt lat="62.91696" lon="12.50576">
        <time>2026-02-27T08:35:00Z</time>
      </trkpt>
      <trkpt lat="62.9213" lon="12.49407">
        <time>2026-02-27T08:45:00Z</time>
      </trkpt>
      <trkpt lat="62.92902" lon="12.48334">
        <time>2026-02-27T08:55:00Z</time>
      </trkpt>
      <trkpt lat="62.936" lon="12.47637">
        <time>2026-02-27T09:05:00Z</time>
      </trkpt>
      <trkpt lat="62.94259" lon="12.4662">
        <time>2026-02-27T09:15:00Z</time>
      </trkpt>
      <trkpt lat="62.94777" lon="12.45663">
        <time>2026-02-27T09:25:00Z</time>
      </trkpt>
      <trkpt lat="62.95123" lon="12.44452">
        <time>2026-02-27T09:35:00Z</time>
      </trkpt>
      <trkpt lat="62.95422" lon="12.43161">
        <time>2026-02-27T09:45:00Z</time>
      </trkpt>
      <trkpt lat="62.95685" lon="12.41811">
        <time>2026-02-27T09:55:00Z</time>
      </trkpt>
      <trkpt lat="62.95922" lon="12.40435">
        <time>2026-02-27T10:05:00Z</time>
      </trkpt>
      <trkpt lat="62.96293" lon="12.39184">
        <time>2026-02-27T10:15:00Z</time>
      </trkpt>
      <trkpt lat="62.96645" lon="12.38034">
        <time>2026-02-27T10:25:00Z</time>
      </trkpt>
      <trkpt lat="62.97121" lon="12.36966">
        <time>2026-02-27T10:35:00Z</time>
      </trkpt>
      <trkpt lat="62.9779" lon="12.36526">
        <time>2026-02-27T10:45:00Z</time>
      </trkpt>
      <trkpt lat="62.98371" lon="12.36183">
        <time>2026-02-27T10:55:00Z</time>
      </trkpt>
      <trkpt lat="62.98379" lon="12.36193">
        <time>2026-02-27T11:06:00Z</time>
      </trkpt>
      <trkpt lat="62.98707" lon="12.35642">
        <time>2026-02-27T12:06:00Z</time>
      </trkpt>
      <trkpt lat="62.99415" lon="12.35208">
        <time>2026-02-27T12:16:00Z</time>
      </trkpt>
      <trkpt lat="62.99802" lon="12.34655">
        <time>2026-02-27T12:26:00Z</time>
      </trkpt>
      <trkpt lat="63.00306" lon="12.3415">
        <time>2026-02-27T12:36:00Z</time>
      </trkpt>
      <trkpt lat="63.00799" lon="12.33597">
        <time>2026-02-27T12:46:00Z</time>
      </trkpt>
      <trkpt lat="63.01193" lon="12.32839">
        <time>2026-02-27T12:56:00Z</time>
      </trkpt>
      <trkpt lat="63.01452" lon="12.31957">
        <time>2026-02-27T13:06:00Z</time>
      </trkpt>
      <trkpt lat="63.01841" lon="12.31003">
        <time>2026-02-27T13:16:00Z</time>
      </trkpt>
      <trkpt lat="63.02266" lon="12.30089">
        <time>2026-02-27T13:26:00Z</time>
      </trkpt>
      <trkpt lat="63.02564" lon="12.29202">
        <time>2026-02-27T13:36:00Z</time>
      </trkpt>
      <trkpt lat="63.02719" lon="12.28546">
        <time>2026-02-27T13:46:00Z</time>
      </trkpt>
      <trkpt lat="63.02812" lon="12.27619">
        <time>2026-02-27T13:56:00Z</time>
      </trkpt>
      <trkpt lat="63.02815" lon="12.26602">
        <time>2026-02-27T14:06:00Z</time>
      </trkpt>
      <trkpt lat="63.03368" lon="12.26415">
        <time>2026-02-27T14:16:00Z</time>
      </trkpt>
      <trkpt lat="63.0406" lon="12.272">
        <time>2026-02-27T14:26:00Z</time>
      </trkpt>
      <trkpt lat="63.04245" lon="12.27411">
        <time>2026-02-27T14:30:00Z</time>
      </trkpt>
      <trkpt lat="63.04309" lon="12.27501">
        <time>2026-02-28T07:55:00Z</time>
      </trkpt>
      <trkpt lat="63.05565" lon="12.27945">
        <time>2026-02-28T08:05:00Z</time>
      </trkpt>
      <trkpt lat="63.06423" lon="12.27758">
        <time>2026-02-28T08:15:00Z</time>
      </trkpt>
      <trkpt lat="63.07212" lon="12.28383">
        <time>2026-02-28T08:25:00Z</time>
      </trkpt>
      <trkpt lat="63.07738" lon="12.27848">
        <time>2026-02-28T08:35:00Z</time>
      </trkpt>
      <trkpt lat="63.08029" lon="12.27449">
        <time>2026-02-28T08:45:00Z</time>
      </trkpt>
      <trkpt lat="63.08404" lon="12.26893">
        <time>2026-02-28T08:55:00Z</time>
      </trkpt>
      <trkpt lat="63.08723" lon="12.26778">
        <time>2026-02-28T09:05:00Z</time>
      </trkpt>
      <trkpt lat="63.09306" lon="12.26713">
        <time>2026-02-28T09:15:00Z</time>
      </trkpt>
      <trkpt lat="63.09898" lon="12.26653">
        <time>2026-02-28T09:25:00Z</time>
      </trkpt>
      <trkpt lat="63.10651" lon="12.25679">
        <time>2026-02-28T09:35:00Z</time>
      </trkpt>
      <trkpt lat="63.11486" lon="12.25097">
        <time>2026-02-28T09:45:00Z</time>
      </trkpt>
      <trkpt lat="63.12139" lon="12.24278">
        <time>2026-02-28T09:55:00Z</time>
      </trkpt>
      <trkpt lat="63.12208" lon="12.24209">
        <time>2026-02-28T10:12:00Z</time>
      </trkpt>
      <trkpt lat="63.12301" lon="12.24042">
        <time>2026-02-28T10:36:00Z</time>
      </trkpt>
      <trkpt lat="63.12912" lon="12.2319">
        <time>2026-02-28T10:46:00Z</time>
      </trkpt>
      <trkpt lat="63.13583" lon="12.22216">
        <time>2026-02-28T10:56:00Z</time>
      </trkpt>
      <trkpt lat="63.14329" lon="12.21327">
        <time>2026-02-28T11:06:00Z</time>
      </trkpt>
      <trkpt lat="63.14782" lon="12.20907">
        <time>2026-02-28T11:16:00Z</time>
      </trkpt>
      <trkpt lat="63.1525" lon="12.20244">
        <time>2026-02-28T11:26:00Z</time>
      </trkpt>
      <trkpt lat="63.15739" lon="12.19596">
        <time>2026-02-28T11:36:00Z</time>
      </trkpt>
      <trkpt lat="63.16157" lon="12.19149">
        <time>2026-02-28T11:46:00Z</time>
      </trkpt>
      <trkpt lat="63.16532" lon="12.18928">
        <time>2026-02-28T11:56:00Z</time>
      </trkpt>
      <trkpt lat="63.16903" lon="12.1889">
        <time>2026-02-28T12:06:00Z</time>
      </trkpt>
      <trkpt lat="63.17391" lon="12.18551">
        <time>2026-02-28T12:16:00Z</time>
      </trkpt>
      <trkpt lat="63.17933" lon="12.17937">
        <time>2026-02-28T12:26:00Z</time>
      </trkpt>
      <trkpt lat="63.18375" lon="12.17525">
        <time>2026-02-28T12:36:00Z</time>
      </trkpt>
      <trkpt lat="63.1855" lon="12.17418">
        <time>2026-02-28T12:44:00Z</time>
      </trkpt>
      <trkpt lat="63.18548" lon="12.17424">
        <time>2026-02-28T12:44:00Z</time>
      </trkpt>
      <trkpt lat="63.18548" lon="12.17413">
        <time>2026-03-01T07:53:00Z</time>
      </trkpt>
      <trkpt lat="63.18979" lon="12.1728">
        <time>2026-03-01T08:03:00Z</time>
      </trkpt>
      <trkpt lat="63.19826" lon="12.16658">
        <time>2026-03-01T08:13:00Z</time>
      </trkpt>
      <trkpt lat="63.19965" lon="12.16424">
        <time>2026-03-01T08:23:00Z</time>
      </trkpt>
      <trkpt lat="63.20596" lon="12.16377">
        <time>2026-03-01T08:33:00Z</time>
      </trkpt>
      <trkpt lat="63.21016" lon="12.16186">
        <time>2026-03-01T08:43:00Z</time>
      </trkpt>
      <trkpt lat="63.2151" lon="12.16008">
        <time>2026-03-01T08:53:00Z</time>
      </trkpt>
      <trkpt lat="63.22386" lon="12.15965">
        <time>2026-03-01T09:03:00Z</time>
      </trkpt>
      <trkpt lat="63.23187" lon="12.1592">
        <time>2026-03-01T09:13:00Z</time>
      </trkpt>
      <trkpt lat="63.23261" lon="12.16055">
        <time>2026-03-01T09:23:00Z</time>
      </trkpt>
      <trkpt lat="63.2327" lon="12.16047">
        <time>2026-03-01T09:33:00Z</time>
      </trkpt>
      <trkpt lat="63.23337" lon="12.15401">
        <time>2026-03-01T09:43:00Z</time>
      </trkpt>
      <trkpt lat="63.23662" lon="12.14519">
        <time>2026-03-01T09:53:00Z</time>
      </trkpt>
      <trkpt lat="63.2389" lon="12.14294">
        <time>2026-03-01T10:03:00Z</time>
      </trkpt>
      <trkpt lat="63.24236" lon="12.13789">
        <time>2026-03-01T10:13:00Z</time>
      </trkpt>
      <trkpt lat="63.24557" lon="12.13242">
        <time>2026-03-01T10:24:00Z</time>
      </trkpt>
      <trkpt lat="63.25351" lon="12.12624">
        <time>2026-03-01T10:34:00Z</time>
      </trkpt>
      <trkpt lat="63.26167" lon="12.12186">
        <time>2026-03-01T10:44:00Z</time>
      </trkpt>
      <trkpt lat="63.2682" lon="12.12277">
        <time>2026-03-01T10:54:00Z</time>
      </trkpt>
      <trkpt lat="63.27162" lon="12.12337">
        <time>2026-03-01T11:04:00Z</time>
      </trkpt>
      <trkpt lat="63.27161" lon="12.12287">
        <time>2026-03-01T11:14:00Z</time>
      </trkpt>
      <trkpt lat="63.27362" lon="12.12352">
        <time>2026-03-01T11:34:00Z</time>
      </trkpt>
      <trkpt lat="63.27769" lon="12.11429">
        <time>2026-03-01T11:44:00Z</time>
      </trkpt>
      <trkpt lat="63.28464" lon="12.11695">
        <time>2026-03-01T11:54:00Z</time>
      </trkpt>
      <trkpt lat="63.28646" lon="12.10955">
        <time>2026-03-01T12:04:00Z</time>
      </trkpt>
      <trkpt lat="63.2877" lon="12.09925">
        <time>2026-03-01T12:14:00Z</time>
      </trkpt>
      <trkpt lat="63.29368" lon="12.09764">
        <time>2026-03-01T12:24:00Z</time>
      </trkpt>
      <trkpt lat="63.29926" lon="12.09262">
        <time>2026-03-01T12:34:00Z</time>
      </trkpt>
      <trkpt lat="63.30237" lon="12.09596">
        <time>2026-03-01T12:44:00Z</time>
      </trkpt>
      <trkpt lat="63.30246" lon="12.10513">
        <time>2026-03-01T12:54:00Z</time>
      </trkpt>
      <trkpt lat="63.29961" lon="12.11392">
        <time>2026-03-01T13:04:00Z</time>
      </trkpt>
      <trkpt lat="63.30439" lon="12.11341">
        <time>2026-03-01T13:14:00Z</time>
      </trkpt>
      <trkpt lat="63.30965" lon="12.11571">
        <time>2026-03-01T13:24:00Z</time>
      </trkpt>
      <trkpt lat="63.31411" lon="12.1095">
        <time>2026-03-01T13:34:00Z</time>
      </trkpt>
      <trkpt lat="63.31548" lon="12.1059">
        <time>2026-03-01T13:41:00Z</time>
      </trkpt>
      <trkpt lat="63.31648" lon="12.10774">
        <time>2026-03-05T14:31:00Z</time>
      </trkpt>
      <trkpt lat="63.32195" lon="12.11294">
        <time>2026-03-05T14:41:00Z</time>
      </trkpt>
      <trkpt lat="63.32963" lon="12.11753">
        <time>2026-03-05T14:51:00Z</time>
      </trkpt>
      <trkpt lat="63.3355" lon="12.12377">
        <time>2026-03-05T15:01:00Z</time>
      </trkpt>
      <trkpt lat="63.34313" lon="12.13446">
        <time>2026-03-05T15:11:00Z</time>
      </trkpt>
      <trkpt lat="63.34963" lon="12.14317">
        <time>2026-03-05T15:22:00Z</time>
      </trkpt>
      <trkpt lat="63.35008" lon="12.14382">
        <time>2026-03-05T15:32:00Z</time>
      </trkpt>
      <trkpt lat="63.35039" lon="12.14774">
        <time>2026-03-05T15:42:00Z</time>
      </trkpt>
      <trkpt lat="63.35516" lon="12.17004">
        <time>2026-03-05T15:52:00Z</time>
      </trkpt>
      <trkpt lat="63.35757" lon="12.18862">
        <time>2026-03-05T16:02:00Z</time>
      </trkpt>
      <trkpt lat="63.35638" lon="12.20302">
        <time>2026-03-05T16:12:00Z</time>
      </trkpt>
      <trkpt lat="63.35284" lon="12.22565">
        <time>2026-03-05T16:22:00Z</time>
      </trkpt>
      <trkpt lat="63.35442" lon="12.24707">
        <time>2026-03-05T16:32:00Z</time>
      </trkpt>
      <trkpt lat="63.35691" lon="12.27565">
        <time>2026-03-05T16:42:00Z</time>
      </trkpt>
      <trkpt lat="63.36343" lon="12.28127">
        <time>2026-03-05T16:52:00Z</time>
      </trkpt>
      <trkpt lat="63.36997" lon="12.27587">
        <time>2026-03-05T17:02:00Z</time>
      </trkpt>
      <trkpt lat="63.37017" lon="12.27629">
        <time>2026-03-05T17:12:00Z</time>
      </trkpt>
      <trkpt lat="63.37014" lon="12.27634">
        <time>2026-03-05T17:13:00Z</time>
      </trkpt>
      <trkpt lat="63.3702" lon="12.27638">
        <time>2026-03-06T08:34:00Z</time>
      </trkpt>
      <trkpt lat="63.37723" lon="12.27709">
        <time>2026-03-06T08:44:00Z</time>
      </trkpt>
      <trkpt lat="63.38475" lon="12.27003">
        <time>2026-03-06T08:54:00Z</time>
      </trkpt>
      <trkpt lat="63.39085" lon="12.26024">
        <time>2026-03-06T09:04:00Z</time>
      </trkpt>
      <trkpt lat="63.39685" lon="12.24945">
        <time>2026-03-06T09:14:00Z</time>
      </trkpt>
      <trkpt lat="63.40283" lon="12.23862">
        <time>2026-03-06T09:24:00Z</time>
      </trkpt>
      <trkpt lat="63.40975" lon="12.2322">
        <time>2026-03-06T09:34:00Z</time>
      </trkpt>
      <trkpt lat="63.41601" lon="12.22658">
        <time>2026-03-06T09:44:00Z</time>
      </trkpt>
      <trkpt lat="63.42127" lon="12.22089">
        <time>2026-03-06T09:54:00Z</time>
      </trkpt>
      <trkpt lat="63.42574" lon="12.21578">
        <time>2026-03-06T10:04:00Z</time>
      </trkpt>
      <trkpt lat="63.42773" lon="12.21797">
        <time>2026-03-06T10:14:00Z</time>
      </trkpt>
      <trkpt lat="63.43041" lon="12.22111">
        <time>2026-03-06T10:24:00Z</time>
      </trkpt>
      <trkpt lat="63.43181" lon="12.22443">
        <time>2026-03-06T10:34:00Z</time>
      </trkpt>
      <trkpt lat="63.43563" lon="12.23615">
        <time>2026-03-06T10:44:00Z</time>
      </trkpt>
      <trkpt lat="63.44216" lon="12.23915">
        <time>2026-03-06T10:54:00Z</time>
      </trkpt>
      <trkpt lat="63.44896" lon="12.24048">
        <time>2026-03-06T11:04:00Z</time>
      </trkpt>
      <trkpt lat="63.45712" lon="12.2414">
        <time>2026-03-06T11:14:00Z</time>
      </trkpt>
      <trkpt lat="63.46364" lon="12.24211">
        <time>2026-03-06T11:24:00Z</time>
      </trkpt>
      <trkpt lat="63.46981" lon="12.24383">
        <time>2026-03-06T11:34:00Z</time>
      </trkpt>
      <trkpt lat="63.47885" lon="12.24909">
        <time>2026-03-06T11:44:00Z</time>
      </trkpt>
      <trkpt lat="63.48639" lon="12.24939">
        <time>2026-03-06T11:54:00Z</time>
      </trkpt>
      <trkpt lat="63.49265" lon="12.24437">
        <time>2026-03-06T12:04:00Z</time>
      </trkpt>
      <trkpt lat="63.4993" lon="12.23761">
        <time>2026-03-06T12:14:00Z</time>
      </trkpt>
      <trkpt lat="63.50619" lon="12.23583">
        <time>2026-03-06T12:24:00Z</time>
      </trkpt>
      <trkpt lat="63.50806" lon="12.23615">
        <time>2026-03-06T12:34:00Z</time>
      </trkpt>
      <trkpt lat="63.50803" lon="12.23617">
        <time>2026-03-06T12:44:00Z</time>
      </trkpt>
      <trkpt lat="63.50995" lon="12.23799">
        <time>2026-03-06T13:04:00Z</time>
      </trkpt>
      <trkpt lat="63.51766" lon="12.24192">
        <time>2026-03-06T13:14:00Z</time>
      </trkpt>
      <trkpt lat="63.52557" lon="12.24587">
        <time>2026-03-06T13:24:00Z</time>
      </trkpt>
      <trkpt lat="63.53048" lon="12.24829">
        <time>2026-03-06T13:34:00Z</time>
      </trkpt>
      <trkpt lat="63.53786" lon="12.25694">
        <time>2026-03-06T13:44:00Z</time>
      </trkpt>
      <trkpt lat="63.54689" lon="12.26097">
        <time>2026-03-06T13:54:00Z</time>
      </trkpt>
      <trkpt lat="63.55299" lon="12.26338">
        <time>2026-03-06T14:04:00Z</time>
      </trkpt>
      <trkpt lat="63.55859" lon="12.26767">
        <time>2026-03-06T14:14:00Z</time>
      </trkpt>
      <trkpt lat="63.56441" lon="12.26863">
        <time>2026-03-06T14:24:00Z</time>
      </trkpt>
      <trkpt lat="63.56997" lon="12.26567">
        <time>2026-03-06T14:34:00Z</time>
      </trkpt>
      <trkpt lat="63.57649" lon="12.2693">
        <time>2026-03-06T14:44:00Z</time>
      </trkpt>
      <trkpt lat="63.57652" lon="12.26941">
        <time>2026-03-06T14:54:00Z</time>
      </trkpt>
      <trkpt lat="63.57745" lon="12.27108">
        <time>2026-03-06T15:14:00Z</time>
      </trkpt>
      <trkpt lat="63.58387" lon="12.272">
        <time>2026-03-06T15:24:00Z</time>
      </trkpt>
      <trkpt lat="63.58884" lon="12.27745">
        <time>2026-03-06T15:34:00Z</time>
      </trkpt>
      <trkpt lat="63.59002" lon="12.29192">
        <time>2026-03-06T15:44:00Z</time>
      </trkpt>
      <trkpt lat="63.59186" lon="12.30966">
        <time>2026-03-06T15:54:00Z</time>
      </trkpt>
      <trkpt lat="63.59447" lon="12.32277">
        <time>2026-03-06T16:04:00Z</time>
      </trkpt>
      <trkpt lat="63.59828" lon="12.33256">
        <time>2026-03-06T16:14:00Z</time>
      </trkpt>
      <trkpt lat="63.6015" lon="12.34015">
        <time>2026-03-06T16:24:00Z</time>
      </trkpt>
      <trkpt lat="63.60306" lon="12.35524">
        <time>2026-03-06T16:34:00Z</time>
      </trkpt>
      <trkpt lat="63.60541" lon="12.3717">
        <time>2026-03-06T16:44:00Z</time>
      </trkpt>
      <trkpt lat="63.60537" lon="12.37172">
        <time>2026-03-06T16:45:00Z</time>
      </trkpt>
      <trkpt lat="63.60539" lon="12.37172">
        <time>2026-03-06T16:45:00Z</time>
      </trkpt>
      <trkpt lat="63.60546" lon="12.37174">
        <time>2026-03-07T09:07:00Z</time>
      </trkpt>
      <trkpt lat="63.60592" lon="12.37809">
        <time>2026-03-07T09:17:00Z</time>
      </trkpt>
      <trkpt lat="63.60795" lon="12.3897">
        <time>2026-03-07T09:27:00Z</time>
      </trkpt>
      <trkpt lat="63.61514" lon="12.39957">
        <time>2026-03-07T09:37:00Z</time>
      </trkpt>
      <trkpt lat="63.61939" lon="12.41888">
        <time>2026-03-07T09:47:00Z</time>
      </trkpt>
      <trkpt lat="63.62611" lon="12.43375">
        <time>2026-03-07T09:57:00Z</time>
      </trkpt>
      <trkpt lat="63.62647" lon="12.44476">
        <time>2026-03-07T10:07:00Z</time>
      </trkpt>
      <trkpt lat="63.62529" lon="12.45761">
        <time>2026-03-07T10:17:00Z</time>
      </trkpt>
      <trkpt lat="63.62604" lon="12.4707">
        <time>2026-03-07T10:27:00Z</time>
      </trkpt>
      <trkpt lat="63.62646" lon="12.4831">
        <time>2026-03-07T10:37:00Z</time>
      </trkpt>
      <trkpt lat="63.62851" lon="12.49881">
        <time>2026-03-07T10:47:00Z</time>
      </trkpt>
      <trkpt lat="63.63389" lon="12.51076">
        <time>2026-03-07T10:57:00Z</time>
      </trkpt>
      <trkpt lat="63.63569" lon="12.51261">
        <time>2026-03-07T11:07:00Z</time>
      </trkpt>
      <trkpt lat="63.63572" lon="12.51267">
        <time>2026-03-07T11:17:00Z</time>
      </trkpt>
      <trkpt lat="63.63602" lon="12.51456">
        <time>2026-03-07T11:42:00Z</time>
      </trkpt>
      <trkpt lat="63.64099" lon="12.51741">
        <time>2026-03-07T11:52:00Z</time>
      </trkpt>
      <trkpt lat="63.64711" lon="12.5207">
        <time>2026-03-07T12:02:00Z</time>
      </trkpt>
      <trkpt lat="63.65477" lon="12.52473">
        <time>2026-03-07T12:12:00Z</time>
      </trkpt>
      <trkpt lat="63.66204" lon="12.52909">
        <time>2026-03-07T12:22:00Z</time>
      </trkpt>
      <trkpt lat="63.66701" lon="12.53246">
        <time>2026-03-07T12:32:00Z</time>
      </trkpt>
      <trkpt lat="63.67198" lon="12.53866">
        <time>2026-03-07T12:42:00Z</time>
      </trkpt>
      <trkpt lat="63.67652" lon="12.5457">
        <time>2026-03-07T12:52:00Z</time>
      </trkpt>
      <trkpt lat="63.68071" lon="12.53686">
        <time>2026-03-07T13:02:00Z</time>
      </trkpt>
      <trkpt lat="63.68324" lon="12.53503">
        <time>2026-03-07T13:12:00Z</time>
      </trkpt>
      <trkpt lat="63.68323" lon="12.53507">
        <time>2026-03-07T13:22:00Z</time>
      </trkpt>
      <trkpt lat="63.68671" lon="12.52877">
        <time>2026-03-07T13:37:00Z</time>
      </trkpt>
      <trkpt lat="63.69242" lon="12.52454">
        <time>2026-03-07T13:47:00Z</time>
      </trkpt>
      <trkpt lat="63.69647" lon="12.51967">
        <time>2026-03-07T13:57:00Z</time>
      </trkpt>
      <trkpt lat="63.70137" lon="12.51516">
        <time>2026-03-07T14:07:00Z</time>
      </trkpt>
      <trkpt lat="63.70554" lon="12.5334">
        <time>2026-03-07T14:17:00Z</time>
      </trkpt>
      <trkpt lat="63.70976" lon="12.53879">
        <time>2026-03-07T14:27:00Z</time>
      </trkpt>
      <trkpt lat="63.7073" lon="12.55769">
        <time>2026-03-07T14:37:00Z</time>
      </trkpt>
      <trkpt lat="63.70461" lon="12.57567">
        <time>2026-03-07T14:47:00Z</time>
      </trkpt>
      <trkpt lat="63.70281" lon="12.58799">
        <time>2026-03-07T14:57:00Z</time>
      </trkpt>
      <trkpt lat="63.70189" lon="12.59661">
        <time>2026-03-07T15:07:00Z</time>
      </trkpt>
      <trkpt lat="63.70151" lon="12.61389">
        <time>2026-03-07T15:17:00Z</time>
      </trkpt>
      <trkpt lat="63.70629" lon="12.62563">
        <time>2026-03-07T15:27:00Z</time>
      </trkpt>
      <trkpt lat="63.70966" lon="12.62809">
        <time>2026-03-07T15:37:00Z</time>
      </trkpt>
      <trkpt lat="63.7108" lon="12.63032">
        <time>2026-03-07T15:47:00Z</time>
      </trkpt>
      <trkpt lat="63.7111" lon="12.63035">
        <time>2026-03-07T16:02:00Z</time>
      </trkpt>
      <trkpt lat="63.71086" lon="12.63037">
        <time>2026-03-07T16:08:00Z</time>
      </trkpt>
      <trkpt lat="63.71086" lon="12.63037">
        <time>2026-03-07T16:08:00Z</time>
      </trkpt>
      <trkpt lat="63.71085" lon="12.63048">
        <time>2026-03-08T07:41:00Z</time>
      </trkpt>
      <trkpt lat="63.70888" lon="12.62496">
        <time>2026-03-08T07:51:00Z</time>
      </trkpt>
      <trkpt lat="63.70395" lon="12.63773">
        <time>2026-03-08T08:01:00Z</time>
      </trkpt>
      <trkpt lat="63.70159" lon="12.65672">
        <time>2026-03-08T08:11:00Z</time>
      </trkpt>
      <trkpt lat="63.7004" lon="12.67217">
        <time>2026-03-08T08:21:00Z</time>
      </trkpt>
      <trkpt lat="63.69867" lon="12.68116">
        <time>2026-03-08T08:31:00Z</time>
      </trkpt>
      <trkpt lat="63.69879" lon="12.69515">
        <time>2026-03-08T08:41:00Z</time>
      </trkpt>
      <trkpt lat="63.69839" lon="12.70659">
        <time>2026-03-08T08:51:00Z</time>
      </trkpt>
      <trkpt lat="63.69891" lon="12.71457">
        <time>2026-03-08T09:01:00Z</time>
      </trkpt>
      <trkpt lat="63.69916" lon="12.72401">
        <time>2026-03-08T09:11:00Z</time>
      </trkpt>
      <trkpt lat="63.70017" lon="12.7303">
        <time>2026-03-08T09:21:00Z</time>
      </trkpt>
      <trkpt lat="63.70125" lon="12.73742">
        <time>2026-03-08T09:31:00Z</time>
      </trkpt>
      <trkpt lat="63.70069" lon="12.75369">
        <time>2026-03-08T09:41:00Z</time>
      </trkpt>
      <trkpt lat="63.7016" lon="12.76366">
        <time>2026-03-08T09:51:00Z</time>
      </trkpt>
      <trkpt lat="63.70157" lon="12.76875">
        <time>2026-03-08T10:01:00Z</time>
      </trkpt>
      <trkpt lat="63.7024" lon="12.77607">
        <time>2026-03-08T10:11:00Z</time>
      </trkpt>
      <trkpt lat="63.70185" lon="12.78405">
        <time>2026-03-08T10:21:00Z</time>
      </trkpt>
      <trkpt lat="63.7039" lon="12.78879">
        <time>2026-03-08T10:31:00Z</time>
      </trkpt>
      <trkpt lat="63.70389" lon="12.7889">
        <time>2026-03-08T10:41:00Z</time>
      </trkpt>
      <trkpt lat="63.70481" lon="12.7907">
        <time>2026-03-08T11:01:00Z</time>
      </trkpt>
      <trkpt lat="63.70836" lon="12.7975">
        <time>2026-03-08T11:11:00Z</time>
      </trkpt>
      <trkpt lat="63.71242" lon="12.80368">
        <time>2026-03-08T11:21:00Z</time>
      </trkpt>
      <trkpt lat="63.71688" lon="12.81602">
        <time>2026-03-08T11:31:00Z</time>
      </trkpt>
      <trkpt lat="63.72179" lon="12.82763">
        <time>2026-03-08T11:41:00Z</time>
      </trkpt>
      <trkpt lat="63.72612" lon="12.84192">
        <time>2026-03-08T11:51:00Z</time>
      </trkpt>
      <trkpt lat="63.72577" lon="12.85372">
        <time>2026-03-08T12:01:00Z</time>
      </trkpt>
      <trkpt lat="63.72641" lon="12.85722">
        <time>2026-03-08T12:11:00Z</time>
      </trkpt>
      <trkpt lat="63.72452" lon="12.86883">
        <time>2026-03-08T12:21:00Z</time>
      </trkpt>
      <trkpt lat="63.72385" lon="12.87602">
        <time>2026-03-08T12:32:00Z</time>
      </trkpt>
      <trkpt lat="63.72317" lon="12.88619">
        <time>2026-03-08T12:42:00Z</time>
      </trkpt>
      <trkpt lat="63.71888" lon="12.90065">
        <time>2026-03-08T12:52:00Z</time>
      </trkpt>
      <trkpt lat="63.71547" lon="12.91136">
        <time>2026-03-08T13:02:00Z</time>
      </trkpt>
      <trkpt lat="63.7143" lon="12.91857">
        <time>2026-03-08T13:12:00Z</time>
      </trkpt>
      <trkpt lat="63.71332" lon="12.93041">
        <time>2026-03-08T13:22:00Z</time>
      </trkpt>
      <trkpt lat="63.7106" lon="12.94496">
        <time>2026-03-08T13:32:00Z</time>
      </trkpt>
      <trkpt lat="63.7045" lon="12.95013">
        <time>2026-03-08T13:42:00Z</time>
      </trkpt>
      <trkpt lat="63.70225" lon="12.95054">
        <time>2026-03-08T13:52:00Z</time>
      </trkpt>
      <trkpt lat="63.7014" lon="12.9571">
        <time>2026-03-08T14:06:00Z</time>
      </trkpt>
      <trkpt lat="63.70118" lon="12.95783">
        <time>2026-03-08T14:19:00Z</time>
      </trkpt>
      <trkpt lat="63.70051" lon="12.96086">
        <time>2026-03-08T14:29:00Z</time>
      </trkpt>
      <trkpt lat="63.69854" lon="12.97131">
        <time>2026-03-08T14:39:00Z</time>
      </trkpt>
      <trkpt lat="63.70114" lon="12.98131">
        <time>2026-03-08T14:49:00Z</time>
      </trkpt>
      <trkpt lat="63.70572" lon="12.9938">
        <time>2026-03-08T14:59:00Z</time>
      </trkpt>
      <trkpt lat="63.70953" lon="13.00659">
        <time>2026-03-08T15:09:00Z</time>
      </trkpt>
      <trkpt lat="63.71275" lon="13.01856">
        <time>2026-03-08T15:19:00Z</time>
      </trkpt>
      <trkpt lat="63.71326" lon="13.02285">
        <time>2026-03-08T15:29:00Z</time>
      </trkpt>
      <trkpt lat="63.71327" lon="13.02285">
        <time>2026-03-08T15:39:00Z</time>
      </trkpt>
      <trkpt lat="63.71333" lon="13.03658">
        <time>2026-03-08T15:49:00Z</time>
      </trkpt>
      <trkpt lat="63.71319" lon="13.05257">
        <time>2026-03-08T15:59:00Z</time>
      </trkpt>
      <trkpt lat="63.71297" lon="13.06849">
        <time>2026-03-08T16:09:00Z</time>
      </trkpt>
      <trkpt lat="63.71217" lon="13.08109">
        <time>2026-03-08T16:19:00Z</time>
      </trkpt>
      <trkpt lat="63.71077" lon="13.09192">
        <time>2026-03-08T16:29:00Z</time>
      </trkpt>
      <trkpt lat="63.71076" lon="13.09209">
        <time>2026-03-08T16:37:00Z</time>
      </trkpt>
      <trkpt lat="63.71076" lon="13.09212">
        <time>2026-03-08T16:37:00Z</time>
      </trkpt>
      <trkpt lat="63.71073" lon="13.0919">
        <time>2026-03-09T08:22:00Z</time>
      </trkpt>
      <trkpt lat="63.7076" lon="13.10319">
        <time>2026-03-09T08:32:00Z</time>
      </trkpt>
      <trkpt lat="63.7062" lon="13.11928">
        <time>2026-03-09T08:42:00Z</time>
      </trkpt>
      <trkpt lat="63.70787" lon="13.13636">
        <time>2026-03-09T08:52:00Z</time>
      </trkpt>
      <trkpt lat="63.70795" lon="13.15271">
        <time>2026-03-09T09:02:00Z</time>
      </trkpt>
      <trkpt lat="63.70832" lon="13.16885">
        <time>2026-03-09T09:12:00Z</time>
      </trkpt>
      <trkpt lat="63.70944" lon="13.17151">
        <time>2026-03-09T09:22:00Z</time>
      </trkpt>
      <trkpt lat="63.71334" lon="13.18428">
        <time>2026-03-09T09:32:00Z</time>
      </trkpt>
      <trkpt lat="63.71673" lon="13.19756">
        <time>2026-03-09T09:42:00Z</time>
      </trkpt>
      <trkpt lat="63.71616" lon="13.21069">
        <time>2026-03-09T09:52:00Z</time>
      </trkpt>
      <trkpt lat="63.71488" lon="13.2249">
        <time>2026-03-09T10:02:00Z</time>
      </trkpt>
      <trkpt lat="63.70999" lon="13.23552">
        <time>2026-03-09T10:12:00Z</time>
      </trkpt>
      <trkpt lat="63.70849" lon="13.24015">
        <time>2026-03-09T10:22:00Z</time>
      </trkpt>
      <trkpt lat="63.70848" lon="13.24015">
        <time>2026-03-09T10:32:00Z</time>
      </trkpt>
      <trkpt lat="63.70571" lon="13.247">
        <time>2026-03-09T10:42:00Z</time>
      </trkpt>
      <trkpt lat="63.70188" lon="13.25929">
        <time>2026-03-09T10:52:00Z</time>
      </trkpt>
      <trkpt lat="63.6989" lon="13.27212">
        <time>2026-03-09T11:02:00Z</time>
      </trkpt>
      <trkpt lat="63.69603" lon="13.28431">
        <time>2026-03-09T11:12:00Z</time>
      </trkpt>
      <trkpt lat="63.69237" lon="13.29678">
        <time>2026-03-09T11:22:00Z</time>
      </trkpt>
      <trkpt lat="63.6861" lon="13.30669">
        <time>2026-03-09T11:32:00Z</time>
      </trkpt>
      <trkpt lat="63.6815" lon="13.31478">
        <time>2026-03-09T11:42:00Z</time>
      </trkpt>
      <trkpt lat="63.68074" lon="13.3245">
        <time>2026-03-09T11:52:00Z</time>
      </trkpt>
      <trkpt lat="63.68276" lon="13.33435">
        <time>2026-03-09T12:02:00Z</time>
      </trkpt>
      <trkpt lat="63.68422" lon="13.34894">
        <time>2026-03-09T12:12:00Z</time>
      </trkpt>
      <trkpt lat="63.68545" lon="13.36192">
        <time>2026-03-09T12:22:00Z</time>
      </trkpt>
      <trkpt lat="63.68698" lon="13.37495">
        <time>2026-03-09T12:32:00Z</time>
      </trkpt>
      <trkpt lat="63.68734" lon="13.38724">
        <time>2026-03-09T12:42:00Z</time>
      </trkpt>
      <trkpt lat="63.6888" lon="13.40368">
        <time>2026-03-09T12:52:00Z</time>
      </trkpt>
      <trkpt lat="63.69019" lon="13.4107">
        <time>2026-03-09T13:03:00Z</time>
      </trkpt>
      <trkpt lat="63.69039" lon="13.41035">
        <time>2026-03-09T13:20:00Z</time>
      </trkpt>
      <trkpt lat="63.68921" lon="13.41608">
        <time>2026-03-09T13:40:00Z</time>
      </trkpt>
      <trkpt lat="63.68807" lon="13.43211">
        <time>2026-03-09T13:50:00Z</time>
      </trkpt>
      <trkpt lat="63.68988" lon="13.44185">
        <time>2026-03-09T14:00:00Z</time>
      </trkpt>
      <trkpt lat="63.69276" lon="13.45653">
        <time>2026-03-09T14:10:00Z</time>
      </trkpt>
      <trkpt lat="63.69175" lon="13.47323">
        <time>2026-03-09T14:20:00Z</time>
      </trkpt>
      <trkpt lat="63.69019" lon="13.48631">
        <time>2026-03-09T14:30:00Z</time>
      </trkpt>
      <trkpt lat="63.68944" lon="13.5043">
        <time>2026-03-09T14:40:00Z</time>
      </trkpt>
      <trkpt lat="63.68785" lon="13.51324">
        <time>2026-03-09T14:50:00Z</time>
      </trkpt>
      <trkpt lat="63.6908" lon="13.52251">
        <time>2026-03-09T15:00:00Z</time>
      </trkpt>
      <trkpt lat="63.69327" lon="13.53758">
        <time>2026-03-09T15:10:00Z</time>
      </trkpt>
      <trkpt lat="63.69359" lon="13.55487">
        <time>2026-03-09T15:20:00Z</time>
      </trkpt>
      <trkpt lat="63.6929" lon="13.56809">
        <time>2026-03-09T15:30:00Z</time>
      </trkpt>
      <trkpt lat="63.6916" lon="13.57611">
        <time>2026-03-09T15:40:00Z</time>
      </trkpt>
      <trkpt lat="63.69112" lon="13.59257">
        <time>2026-03-09T15:50:00Z</time>
      </trkpt>
      <trkpt lat="63.69566" lon="13.60759">
        <time>2026-03-09T16:00:00Z</time>
      </trkpt>
      <trkpt lat="63.69559" lon="13.62553">
        <time>2026-03-09T16:10:00Z</time>
      </trkpt>
      <trkpt lat="63.69625" lon="13.62626">
        <time>2026-03-09T16:15:00Z</time>
      </trkpt>
      <trkpt lat="63.69629" lon="13.62598">
        <time>2026-03-10T08:12:00Z</time>
      </trkpt>
      <trkpt lat="63.69932" lon="13.62624">
        <time>2026-03-10T08:22:00Z</time>
      </trkpt>
    </trkseg>
  </trk>
  <trk>
    <name>Helags→Olden · Mats Kall (storlien)</name>
    <trkseg>
      <trkpt lat="62.91666" lon="12.50621">
        <time>2025-02-14T09:38:00Z</time>
      </trkpt>
      <trkpt lat="62.91666" lon="12.50621">
        <time>2025-02-14T09:38:00Z</time>
      </trkpt>
      <trkpt lat="62.92153" lon="12.49373">
        <time>2025-02-14T09:48:00Z</time>
      </trkpt>
      <trkpt lat="62.92807" lon="12.48441">
        <time>2025-02-14T09:58:00Z</time>
      </trkpt>
      <trkpt lat="62.93599" lon="12.47613">
        <time>2025-02-14T10:08:00Z</time>
      </trkpt>
      <trkpt lat="62.94258" lon="12.46497">
        <time>2025-02-14T10:18:00Z</time>
      </trkpt>
      <trkpt lat="62.94661" lon="12.45948">
        <time>2025-02-14T10:28:00Z</time>
      </trkpt>
      <trkpt lat="62.94951" lon="12.4501">
        <time>2025-02-14T10:38:00Z</time>
      </trkpt>
      <trkpt lat="62.95117" lon="12.44427">
        <time>2025-02-14T10:48:00Z</time>
      </trkpt>
      <trkpt lat="62.95411" lon="12.43152">
        <time>2025-02-14T10:58:00Z</time>
      </trkpt>
      <trkpt lat="62.95673" lon="12.41817">
        <time>2025-02-14T11:08:00Z</time>
      </trkpt>
      <trkpt lat="62.96" lon="12.40135">
        <time>2025-02-14T11:18:00Z</time>
      </trkpt>
      <trkpt lat="62.96443" lon="12.38706">
        <time>2025-02-14T11:28:00Z</time>
      </trkpt>
      <trkpt lat="62.96678" lon="12.378">
        <time>2025-02-14T11:38:00Z</time>
      </trkpt>
      <trkpt lat="62.97178" lon="12.36854">
        <time>2025-02-14T11:48:00Z</time>
      </trkpt>
      <trkpt lat="62.97836" lon="12.36487">
        <time>2025-02-14T11:58:00Z</time>
      </trkpt>
      <trkpt lat="62.98367" lon="12.36167">
        <time>2025-02-14T12:08:00Z</time>
      </trkpt>
      <trkpt lat="62.98366" lon="12.36167">
        <time>2025-02-14T12:18:00Z</time>
      </trkpt>
      <trkpt lat="62.98943" lon="12.35597">
        <time>2025-02-14T13:28:00Z</time>
      </trkpt>
      <trkpt lat="62.99444" lon="12.352">
        <time>2025-02-14T13:38:00Z</time>
      </trkpt>
      <trkpt lat="62.99621" lon="12.34977">
        <time>2025-02-14T13:48:00Z</time>
      </trkpt>
      <trkpt lat="62.9996" lon="12.34395">
        <time>2025-02-14T13:58:00Z</time>
      </trkpt>
      <trkpt lat="63.00318" lon="12.34157">
        <time>2025-02-14T14:08:00Z</time>
      </trkpt>
      <trkpt lat="63.00682" lon="12.33764">
        <time>2025-02-14T14:18:00Z</time>
      </trkpt>
      <trkpt lat="63.01021" lon="12.33339">
        <time>2025-02-14T14:28:00Z</time>
      </trkpt>
      <trkpt lat="63.0125" lon="12.32717">
        <time>2025-02-14T14:38:00Z</time>
      </trkpt>
      <trkpt lat="63.01437" lon="12.32071">
        <time>2025-02-14T14:48:00Z</time>
      </trkpt>
      <trkpt lat="63.01695" lon="12.31361">
        <time>2025-02-14T14:58:00Z</time>
      </trkpt>
      <trkpt lat="63.01896" lon="12.30908">
        <time>2025-02-14T15:08:00Z</time>
      </trkpt>
      <trkpt lat="63.02279" lon="12.30067">
        <time>2025-02-14T15:18:00Z</time>
      </trkpt>
      <trkpt lat="63.0255" lon="12.29292">
        <time>2025-02-14T15:28:00Z</time>
      </trkpt>
      <trkpt lat="63.02638" lon="12.28898">
        <time>2025-02-14T15:38:00Z</time>
      </trkpt>
      <trkpt lat="63.02765" lon="12.28273">
        <time>2025-02-14T15:48:00Z</time>
      </trkpt>
      <trkpt lat="63.02818" lon="12.27548">
        <time>2025-02-14T15:58:00Z</time>
      </trkpt>
      <trkpt lat="63.02939" lon="12.26093">
        <time>2025-02-14T16:08:00Z</time>
      </trkpt>
      <trkpt lat="63.03661" lon="12.26784">
        <time>2025-02-14T16:18:00Z</time>
      </trkpt>
      <trkpt lat="63.04145" lon="12.27336">
        <time>2025-02-14T16:28:00Z</time>
      </trkpt>
      <trkpt lat="63.04238" lon="12.27434">
        <time>2025-02-14T16:32:00Z</time>
      </trkpt>
      <trkpt lat="63.04238" lon="12.27473">
        <time>2025-02-14T16:32:00Z</time>
      </trkpt>
      <trkpt lat="63.04249" lon="12.27462">
        <time>2025-02-15T09:43:00Z</time>
      </trkpt>
      <trkpt lat="63.04249" lon="12.2746">
        <time>2025-02-15T09:44:00Z</time>
      </trkpt>
      <trkpt lat="63.04827" lon="12.27773">
        <time>2025-02-15T09:54:00Z</time>
      </trkpt>
      <trkpt lat="63.05566" lon="12.27956">
        <time>2025-02-15T10:04:00Z</time>
      </trkpt>
      <trkpt lat="63.06027" lon="12.27831">
        <time>2025-02-15T10:14:00Z</time>
      </trkpt>
      <trkpt lat="63.06539" lon="12.27928">
        <time>2025-02-15T10:24:00Z</time>
      </trkpt>
      <trkpt lat="63.07086" lon="12.28361">
        <time>2025-02-15T10:34:00Z</time>
      </trkpt>
      <trkpt lat="63.07324" lon="12.28599">
        <time>2025-02-15T10:44:00Z</time>
      </trkpt>
      <trkpt lat="63.07538" lon="12.2925">
        <time>2025-02-15T10:54:00Z</time>
      </trkpt>
      <trkpt lat="63.07852" lon="12.29977">
        <time>2025-02-15T11:04:00Z</time>
      </trkpt>
      <trkpt lat="63.0817" lon="12.30413">
        <time>2025-02-15T11:14:00Z</time>
      </trkpt>
      <trkpt lat="63.08667" lon="12.307">
        <time>2025-02-15T11:24:00Z</time>
      </trkpt>
      <trkpt lat="63.09152" lon="12.31009">
        <time>2025-02-15T11:34:00Z</time>
      </trkpt>
      <trkpt lat="63.09641" lon="12.31404">
        <time>2025-02-15T11:44:00Z</time>
      </trkpt>
      <trkpt lat="63.10217" lon="12.31889">
        <time>2025-02-15T11:54:00Z</time>
      </trkpt>
      <trkpt lat="63.10564" lon="12.32211">
        <time>2025-02-15T12:04:00Z</time>
      </trkpt>
      <trkpt lat="63.10564" lon="12.32213">
        <time>2025-02-15T12:14:00Z</time>
      </trkpt>
      <trkpt lat="63.11246" lon="12.32618">
        <time>2025-02-15T13:24:00Z</time>
      </trkpt>
      <trkpt lat="63.11747" lon="12.32754">
        <time>2025-02-15T13:34:00Z</time>
      </trkpt>
      <trkpt lat="63.12036" lon="12.32915">
        <time>2025-02-15T13:44:00Z</time>
      </trkpt>
      <trkpt lat="63.12436" lon="12.33264">
        <time>2025-02-15T13:54:00Z</time>
      </trkpt>
      <trkpt lat="63.12736" lon="12.33526">
        <time>2025-02-15T14:04:00Z</time>
      </trkpt>
      <trkpt lat="63.13467" lon="12.34017">
        <time>2025-02-15T14:14:00Z</time>
      </trkpt>
      <trkpt lat="63.14157" lon="12.34517">
        <time>2025-02-15T14:24:00Z</time>
      </trkpt>
      <trkpt lat="63.14992" lon="12.35082">
        <time>2025-02-15T14:34:00Z</time>
      </trkpt>
      <trkpt lat="63.15762" lon="12.3544">
        <time>2025-02-15T14:44:00Z</time>
      </trkpt>
      <trkpt lat="63.16353" lon="12.35481">
        <time>2025-02-15T14:54:00Z</time>
      </trkpt>
      <trkpt lat="63.16949" lon="12.3618">
        <time>2025-02-15T15:04:00Z</time>
      </trkpt>
      <trkpt lat="63.17015" lon="12.36279">
        <time>2025-02-15T15:14:00Z</time>
      </trkpt>
      <trkpt lat="63.17013" lon="12.36275">
        <time>2025-02-15T15:49:00Z</time>
      </trkpt>
      <trkpt lat="63.17013" lon="12.36275">
        <time>2025-02-15T15:50:00Z</time>
      </trkpt>
      <trkpt lat="63.16786" lon="12.35871">
        <time>2025-02-16T10:14:00Z</time>
      </trkpt>
      <trkpt lat="63.1678" lon="12.35899">
        <time>2025-02-16T10:15:00Z</time>
      </trkpt>
      <trkpt lat="63.16669" lon="12.35627">
        <time>2025-02-16T10:25:00Z</time>
      </trkpt>
      <trkpt lat="63.16589" lon="12.34698">
        <time>2025-02-16T10:35:00Z</time>
      </trkpt>
      <trkpt lat="63.16357" lon="12.33805">
        <time>2025-02-16T10:45:00Z</time>
      </trkpt>
      <trkpt lat="63.16169" lon="12.33131">
        <time>2025-02-16T10:55:00Z</time>
      </trkpt>
      <trkpt lat="63.15936" lon="12.32775">
        <time>2025-02-16T11:05:00Z</time>
      </trkpt>
      <trkpt lat="63.15874" lon="12.32642">
        <time>2025-02-16T11:15:00Z</time>
      </trkpt>
      <trkpt lat="63.15835" lon="12.31528">
        <time>2025-02-16T11:25:00Z</time>
      </trkpt>
      <trkpt lat="63.15821" lon="12.30365">
        <time>2025-02-16T11:35:00Z</time>
      </trkpt>
      <trkpt lat="63.15744" lon="12.29174">
        <time>2025-02-16T11:45:00Z</time>
      </trkpt>
      <trkpt lat="63.1571" lon="12.27932">
        <time>2025-02-16T11:55:00Z</time>
      </trkpt>
      <trkpt lat="63.15647" lon="12.26786">
        <time>2025-02-16T12:05:00Z</time>
      </trkpt>
      <trkpt lat="63.15839" lon="12.26205">
        <time>2025-02-16T12:15:00Z</time>
      </trkpt>
      <trkpt lat="63.16061" lon="12.26237">
        <time>2025-02-16T12:25:00Z</time>
      </trkpt>
      <trkpt lat="63.16061" lon="12.26235">
        <time>2025-02-16T12:35:00Z</time>
      </trkpt>
      <trkpt lat="63.16212" lon="12.26434">
        <time>2025-02-16T13:15:00Z</time>
      </trkpt>
      <trkpt lat="63.1652" lon="12.26046">
        <time>2025-02-16T13:25:00Z</time>
      </trkpt>
      <trkpt lat="63.16779" lon="12.25619">
        <time>2025-02-16T13:35:00Z</time>
      </trkpt>
      <trkpt lat="63.16924" lon="12.25276">
        <time>2025-02-16T13:45:00Z</time>
      </trkpt>
      <trkpt lat="63.1712" lon="12.24943">
        <time>2025-02-16T13:55:00Z</time>
      </trkpt>
      <trkpt lat="63.17307" lon="12.24559">
        <time>2025-02-16T14:05:00Z</time>
      </trkpt>
      <trkpt lat="63.17477" lon="12.24276">
        <time>2025-02-16T14:15:00Z</time>
      </trkpt>
      <trkpt lat="63.17609" lon="12.23804">
        <time>2025-02-16T14:25:00Z</time>
      </trkpt>
      <trkpt lat="63.17668" lon="12.23171">
        <time>2025-02-16T14:35:00Z</time>
      </trkpt>
      <trkpt lat="63.17724" lon="12.22535">
        <time>2025-02-16T14:45:00Z</time>
      </trkpt>
      <trkpt lat="63.17689" lon="12.21673">
        <time>2025-02-16T14:55:00Z</time>
      </trkpt>
      <trkpt lat="63.17822" lon="12.20527">
        <time>2025-02-16T15:05:00Z</time>
      </trkpt>
      <trkpt lat="63.18053" lon="12.19506">
        <time>2025-02-16T15:15:00Z</time>
      </trkpt>
      <trkpt lat="63.18259" lon="12.18731">
        <time>2025-02-16T15:25:00Z</time>
      </trkpt>
      <trkpt lat="63.1849" lon="12.18001">
        <time>2025-02-16T15:35:00Z</time>
      </trkpt>
      <trkpt lat="63.18554" lon="12.17424">
        <time>2025-02-16T15:45:00Z</time>
      </trkpt>
      <trkpt lat="63.18757" lon="12.17388">
        <time>2025-02-16T15:55:00Z</time>
      </trkpt>
      <trkpt lat="63.18781" lon="12.17441">
        <time>2025-02-16T15:55:00Z</time>
      </trkpt>
      <trkpt lat="63.18551" lon="12.17403">
        <time>2025-02-16T15:56:00Z</time>
      </trkpt>
      <trkpt lat="63.18564" lon="12.17392">
        <time>2025-02-16T16:01:00Z</time>
      </trkpt>
      <trkpt lat="63.18553" lon="12.17424">
        <time>2025-02-17T09:13:00Z</time>
      </trkpt>
      <trkpt lat="63.18552" lon="12.17422">
        <time>2025-02-17T09:13:00Z</time>
      </trkpt>
      <trkpt lat="63.18549" lon="12.17446">
        <time>2025-02-17T09:23:00Z</time>
      </trkpt>
      <trkpt lat="63.19171" lon="12.17272">
        <time>2025-02-17T09:33:00Z</time>
      </trkpt>
      <trkpt lat="63.19993" lon="12.16319">
        <time>2025-02-17T09:43:00Z</time>
      </trkpt>
      <trkpt lat="63.20477" lon="12.16317">
        <time>2025-02-17T09:53:00Z</time>
      </trkpt>
      <trkpt lat="63.20697" lon="12.16386">
        <time>2025-02-17T10:03:00Z</time>
      </trkpt>
      <trkpt lat="63.21089" lon="12.16156">
        <time>2025-02-17T10:13:00Z</time>
      </trkpt>
      <trkpt lat="63.22627" lon="12.15924">
        <time>2025-02-17T10:23:00Z</time>
      </trkpt>
      <trkpt lat="63.23262" lon="12.15918">
        <time>2025-02-17T10:33:00Z</time>
      </trkpt>
      <trkpt lat="63.23503" lon="12.15057">
        <time>2025-02-17T10:43:00Z</time>
      </trkpt>
      <trkpt lat="63.23596" lon="12.14652">
        <time>2025-02-17T10:53:00Z</time>
      </trkpt>
      <trkpt lat="63.23625" lon="12.14596">
        <time>2025-02-17T11:03:00Z</time>
      </trkpt>
      <trkpt lat="63.23872" lon="12.14315">
        <time>2025-02-17T11:13:00Z</time>
      </trkpt>
      <trkpt lat="63.24022" lon="12.14027">
        <time>2025-02-17T11:23:00Z</time>
      </trkpt>
      <trkpt lat="63.242" lon="12.13826">
        <time>2025-02-17T11:33:00Z</time>
      </trkpt>
      <trkpt lat="63.2443" lon="12.13482">
        <time>2025-02-17T11:43:00Z</time>
      </trkpt>
      <trkpt lat="63.2481" lon="12.12946">
        <time>2025-02-17T11:53:00Z</time>
      </trkpt>
      <trkpt lat="63.25367" lon="12.12631">
        <time>2025-02-17T12:03:00Z</time>
      </trkpt>
      <trkpt lat="63.25619" lon="12.1248">
        <time>2025-02-17T12:13:00Z</time>
      </trkpt>
      <trkpt lat="63.26012" lon="12.12199">
        <time>2025-02-17T12:23:00Z</time>
      </trkpt>
      <trkpt lat="63.26013" lon="12.12199">
        <time>2025-02-17T12:33:00Z</time>
      </trkpt>
      <trkpt lat="63.2644" lon="12.1221">
        <time>2025-02-17T12:53:00Z</time>
      </trkpt>
      <trkpt lat="63.27058" lon="12.12328">
        <time>2025-02-17T13:03:00Z</time>
      </trkpt>
      <trkpt lat="63.27669" lon="12.11802">
        <time>2025-02-17T13:13:00Z</time>
      </trkpt>
      <trkpt lat="63.28248" lon="12.11156">
        <time>2025-02-17T13:23:00Z</time>
      </trkpt>
      <trkpt lat="63.28656" lon="12.11171">
        <time>2025-02-17T13:33:00Z</time>
      </trkpt>
      <trkpt lat="63.28704" lon="12.10547">
        <time>2025-02-17T13:43:00Z</time>
      </trkpt>
      <trkpt lat="63.28821" lon="12.09798">
        <time>2025-02-17T13:53:00Z</time>
      </trkpt>
      <trkpt lat="63.29438" lon="12.09723">
        <time>2025-02-17T14:03:00Z</time>
      </trkpt>
      <trkpt lat="63.29718" lon="12.09262">
        <time>2025-02-17T14:13:00Z</time>
      </trkpt>
      <trkpt lat="63.30043" lon="12.09167">
        <time>2025-02-17T14:23:00Z</time>
      </trkpt>
      <trkpt lat="63.30403" lon="12.08704">
        <time>2025-02-17T14:33:00Z</time>
      </trkpt>
      <trkpt lat="63.30929" lon="12.08049">
        <time>2025-02-17T14:43:00Z</time>
      </trkpt>
      <trkpt lat="63.31608" lon="12.08502">
        <time>2025-02-17T14:53:00Z</time>
      </trkpt>
      <trkpt lat="63.31796" lon="12.08155">
        <time>2025-02-17T15:03:00Z</time>
      </trkpt>
      <trkpt lat="63.3183" lon="12.09575">
        <time>2025-02-17T15:13:00Z</time>
      </trkpt>
      <trkpt lat="63.31619" lon="12.1047">
        <time>2025-02-17T15:23:00Z</time>
      </trkpt>
      <trkpt lat="63.31572" lon="12.10626">
        <time>2025-02-17T15:29:00Z</time>
      </trkpt>
      <trkpt lat="63.31576" lon="12.10631">
        <time>2025-02-17T15:29:00Z</time>
      </trkpt>
      <trkpt lat="63.31571" lon="12.10629">
        <time>2025-02-18T09:51:00Z</time>
      </trkpt>
      <trkpt lat="63.31579" lon="12.10622">
        <time>2025-02-18T09:52:00Z</time>
      </trkpt>
      <trkpt lat="63.31708" lon="12.10931">
        <time>2025-02-18T10:02:00Z</time>
      </trkpt>
      <trkpt lat="63.31952" lon="12.11556">
        <time>2025-02-18T10:12:00Z</time>
      </trkpt>
      <trkpt lat="63.32163" lon="12.11837">
        <time>2025-02-18T10:22:00Z</time>
      </trkpt>
      <trkpt lat="63.32662" lon="12.12324">
        <time>2025-02-18T10:32:00Z</time>
      </trkpt>
      <trkpt lat="63.33333" lon="12.13206">
        <time>2025-02-18T10:42:00Z</time>
      </trkpt>
      <trkpt lat="63.33781" lon="12.13697">
        <time>2025-02-18T10:52:00Z</time>
      </trkpt>
      <trkpt lat="63.34342" lon="12.14208">
        <time>2025-02-18T11:02:00Z</time>
      </trkpt>
      <trkpt lat="63.34827" lon="12.14545">
        <time>2025-02-18T11:12:00Z</time>
      </trkpt>
      <trkpt lat="63.35007" lon="12.14364">
        <time>2025-02-18T11:22:00Z</time>
      </trkpt>
      <trkpt lat="63.35006" lon="12.14364">
        <time>2025-02-18T11:32:00Z</time>
      </trkpt>
      <trkpt lat="63.35041" lon="12.14716">
        <time>2025-02-18T11:42:00Z</time>
      </trkpt>
      <trkpt lat="63.3551" lon="12.16673">
        <time>2025-02-18T11:52:00Z</time>
      </trkpt>
      <trkpt lat="63.35687" lon="12.18443">
        <time>2025-02-18T12:02:00Z</time>
      </trkpt>
      <trkpt lat="63.35774" lon="12.19581">
        <time>2025-02-18T12:12:00Z</time>
      </trkpt>
      <trkpt lat="63.35353" lon="12.21613">
        <time>2025-02-18T12:22:00Z</time>
      </trkpt>
      <trkpt lat="63.35294" lon="12.23441">
        <time>2025-02-18T12:32:00Z</time>
      </trkpt>
      <trkpt lat="63.35481" lon="12.25173">
        <time>2025-02-18T12:42:00Z</time>
      </trkpt>
      <trkpt lat="63.35697" lon="12.27572">
        <time>2025-02-18T12:52:00Z</time>
      </trkpt>
      <trkpt lat="63.3599" lon="12.27934">
        <time>2025-02-18T13:02:00Z</time>
      </trkpt>
      <trkpt lat="63.35991" lon="12.27934">
        <time>2025-02-18T13:12:00Z</time>
      </trkpt>
      <trkpt lat="63.36648" lon="12.27885">
        <time>2025-02-18T13:42:00Z</time>
      </trkpt>
      <trkpt lat="63.37391" lon="12.27784">
        <time>2025-02-18T13:52:00Z</time>
      </trkpt>
      <trkpt lat="63.38087" lon="12.27293">
        <time>2025-02-18T14:02:00Z</time>
      </trkpt>
      <trkpt lat="63.38687" lon="12.26724">
        <time>2025-02-18T14:12:00Z</time>
      </trkpt>
      <trkpt lat="63.39215" lon="12.25825">
        <time>2025-02-18T14:22:00Z</time>
      </trkpt>
      <trkpt lat="63.39736" lon="12.24939">
        <time>2025-02-18T14:32:00Z</time>
      </trkpt>
      <trkpt lat="63.40243" lon="12.2407">
        <time>2025-02-18T14:42:00Z</time>
      </trkpt>
      <trkpt lat="63.40642" lon="12.23548">
        <time>2025-02-18T14:52:00Z</time>
      </trkpt>
      <trkpt lat="63.41183" lon="12.23166">
        <time>2025-02-18T15:02:00Z</time>
      </trkpt>
      <trkpt lat="63.413" lon="12.2308">
        <time>2025-02-18T15:12:00Z</time>
      </trkpt>
      <trkpt lat="63.41634" lon="12.2263">
        <time>2025-02-18T15:22:00Z</time>
      </trkpt>
      <trkpt lat="63.41954" lon="12.22308">
        <time>2025-02-18T15:32:00Z</time>
      </trkpt>
      <trkpt lat="63.42327" lon="12.21898">
        <time>2025-02-18T15:42:00Z</time>
      </trkpt>
      <trkpt lat="63.42637" lon="12.21465">
        <time>2025-02-18T15:52:00Z</time>
      </trkpt>
      <trkpt lat="63.42773" lon="12.21606">
        <time>2025-02-18T16:02:00Z</time>
      </trkpt>
      <trkpt lat="63.42877" lon="12.2199">
        <time>2025-02-18T16:12:00Z</time>
      </trkpt>
      <trkpt lat="63.43072" lon="12.22141">
        <time>2025-02-18T16:22:00Z</time>
      </trkpt>
      <trkpt lat="63.43167" lon="12.224">
        <time>2025-02-18T16:32:00Z</time>
      </trkpt>
      <trkpt lat="63.4317" lon="12.22424">
        <time>2025-02-18T16:33:00Z</time>
      </trkpt>
      <trkpt lat="63.4317" lon="12.22402">
        <time>2025-02-18T16:33:00Z</time>
      </trkpt>
      <trkpt lat="63.43189" lon="12.22454">
        <time>2025-02-19T08:36:00Z</time>
      </trkpt>
      <trkpt lat="63.43188" lon="12.22454">
        <time>2025-02-19T08:37:00Z</time>
      </trkpt>
      <trkpt lat="63.43424" lon="12.23186">
        <time>2025-02-19T08:46:00Z</time>
      </trkpt>
      <trkpt lat="63.43833" lon="12.23834">
        <time>2025-02-19T08:56:00Z</time>
      </trkpt>
      <trkpt lat="63.44525" lon="12.23956">
        <time>2025-02-19T09:06:00Z</time>
      </trkpt>
      <trkpt lat="63.45005" lon="12.2407">
        <time>2025-02-19T09:16:00Z</time>
      </trkpt>
      <trkpt lat="63.45866" lon="12.24173">
        <time>2025-02-19T09:26:00Z</time>
      </trkpt>
      <trkpt lat="63.46339" lon="12.24198">
        <time>2025-02-19T09:36:00Z</time>
      </trkpt>
      <trkpt lat="63.46937" lon="12.2434">
        <time>2025-02-19T09:46:00Z</time>
      </trkpt>
      <trkpt lat="63.48068" lon="12.24994">
        <time>2025-02-19T09:56:00Z</time>
      </trkpt>
      <trkpt lat="63.48496" lon="12.25007">
        <time>2025-02-19T10:06:00Z</time>
      </trkpt>
      <trkpt lat="63.49003" lon="12.24696">
        <time>2025-02-19T10:16:00Z</time>
      </trkpt>
      <trkpt lat="63.49692" lon="12.24123">
        <time>2025-02-19T10:26:00Z</time>
      </trkpt>
      <trkpt lat="63.50968" lon="12.23784">
        <time>2025-02-19T10:36:00Z</time>
      </trkpt>
      <trkpt lat="63.5166" lon="12.2416">
        <time>2025-02-19T10:46:00Z</time>
      </trkpt>
      <trkpt lat="63.52462" lon="12.24578">
        <time>2025-02-19T10:56:00Z</time>
      </trkpt>
      <trkpt lat="63.53072" lon="12.24842">
        <time>2025-02-19T11:06:00Z</time>
      </trkpt>
      <trkpt lat="63.53968" lon="12.257">
        <time>2025-02-19T11:16:00Z</time>
      </trkpt>
      <trkpt lat="63.54999" lon="12.26226">
        <time>2025-02-19T11:26:00Z</time>
      </trkpt>
      <trkpt lat="63.55549" lon="12.26529">
        <time>2025-02-19T11:36:00Z</time>
      </trkpt>
      <trkpt lat="63.55547" lon="12.26531">
        <time>2025-02-19T11:46:00Z</time>
      </trkpt>
      <trkpt lat="63.55923" lon="12.26823">
        <time>2025-02-19T12:46:00Z</time>
      </trkpt>
      <trkpt lat="63.56615" lon="12.26921">
        <time>2025-02-19T12:56:00Z</time>
      </trkpt>
      <trkpt lat="63.57416" lon="12.26505">
        <time>2025-02-19T13:06:00Z</time>
      </trkpt>
      <trkpt lat="63.5785" lon="12.27282">
        <time>2025-02-19T13:16:00Z</time>
      </trkpt>
      <trkpt lat="63.58486" lon="12.27202">
        <time>2025-02-19T13:26:00Z</time>
      </trkpt>
      <trkpt lat="63.58891" lon="12.27748">
        <time>2025-02-19T13:36:00Z</time>
      </trkpt>
      <trkpt lat="63.59" lon="12.28754">
        <time>2025-02-19T13:46:00Z</time>
      </trkpt>
      <trkpt lat="63.59082" lon="12.30052">
        <time>2025-02-19T13:56:00Z</time>
      </trkpt>
      <trkpt lat="63.59147" lon="12.30606">
        <time>2025-02-19T14:06:00Z</time>
      </trkpt>
      <trkpt lat="63.59245" lon="12.31432">
        <time>2025-02-19T14:16:00Z</time>
      </trkpt>
      <trkpt lat="63.5947" lon="12.32359">
        <time>2025-02-19T14:26:00Z</time>
      </trkpt>
      <trkpt lat="63.5973" lon="12.3306">
        <time>2025-02-19T14:36:00Z</time>
      </trkpt>
      <trkpt lat="63.59952" lon="12.33494">
        <time>2025-02-19T14:46:00Z</time>
      </trkpt>
      <trkpt lat="63.60134" lon="12.33925">
        <time>2025-02-19T14:56:00Z</time>
      </trkpt>
      <trkpt lat="63.60193" lon="12.34751">
        <time>2025-02-19T15:06:00Z</time>
      </trkpt>
      <trkpt lat="63.60562" lon="12.37584">
        <time>2025-02-19T15:16:00Z</time>
      </trkpt>
      <trkpt lat="63.6061" lon="12.37996">
        <time>2025-02-19T15:26:00Z</time>
      </trkpt>
      <trkpt lat="63.60617" lon="12.38549">
        <time>2025-02-19T15:36:00Z</time>
      </trkpt>
      <trkpt lat="63.61052" lon="12.39105">
        <time>2025-02-19T15:46:00Z</time>
      </trkpt>
      <trkpt lat="63.61552" lon="12.4009">
        <time>2025-02-19T15:56:00Z</time>
      </trkpt>
      <trkpt lat="63.61857" lon="12.41472">
        <time>2025-02-19T16:06:00Z</time>
      </trkpt>
      <trkpt lat="63.62205" lon="12.42729">
        <time>2025-02-19T16:16:00Z</time>
      </trkpt>
      <trkpt lat="63.62693" lon="12.4357">
        <time>2025-02-19T16:26:00Z</time>
      </trkpt>
      <trkpt lat="63.62659" lon="12.448">
        <time>2025-02-19T16:36:00Z</time>
      </trkpt>
      <trkpt lat="63.62545" lon="12.46658">
        <time>2025-02-19T16:46:00Z</time>
      </trkpt>
      <trkpt lat="63.62797" lon="12.47954">
        <time>2025-02-19T16:56:00Z</time>
      </trkpt>
      <trkpt lat="63.62815" lon="12.48154">
        <time>2025-02-19T16:58:00Z</time>
      </trkpt>
      <trkpt lat="63.62826" lon="12.48152">
        <time>2025-02-19T16:59:00Z</time>
      </trkpt>
      <trkpt lat="63.62817" lon="12.48158">
        <time>2025-02-19T17:11:00Z</time>
      </trkpt>
      <trkpt lat="63.6281" lon="12.48162">
        <time>2025-02-19T17:11:00Z</time>
      </trkpt>
      <trkpt lat="63.62816" lon="12.48158">
        <time>2025-02-19T17:21:00Z</time>
      </trkpt>
      <trkpt lat="63.62814" lon="12.48158">
        <time>2025-02-20T08:53:00Z</time>
      </trkpt>
      <trkpt lat="63.62813" lon="12.4816">
        <time>2025-02-20T08:54:00Z</time>
      </trkpt>
      <trkpt lat="63.62815" lon="12.4816">
        <time>2025-02-20T08:55:00Z</time>
      </trkpt>
      <trkpt lat="63.62813" lon="12.48164">
        <time>2025-02-20T08:55:00Z</time>
      </trkpt>
      <trkpt lat="63.62852" lon="12.49081">
        <time>2025-02-20T09:05:00Z</time>
      </trkpt>
      <trkpt lat="63.63113" lon="12.49774">
        <time>2025-02-20T09:15:00Z</time>
      </trkpt>
      <trkpt lat="63.63624" lon="12.50147">
        <time>2025-02-20T09:25:00Z</time>
      </trkpt>
      <trkpt lat="63.64459" lon="12.51186">
        <time>2025-02-20T09:35:00Z</time>
      </trkpt>
      <trkpt lat="63.65106" lon="12.51838">
        <time>2025-02-20T09:45:00Z</time>
      </trkpt>
      <trkpt lat="63.65727" lon="12.52415">
        <time>2025-02-20T09:55:00Z</time>
      </trkpt>
      <trkpt lat="63.6633" lon="12.52967">
        <time>2025-02-20T10:05:00Z</time>
      </trkpt>
      <trkpt lat="63.66491" lon="12.5308">
        <time>2025-02-20T10:15:00Z</time>
      </trkpt>
      <trkpt lat="63.6666" lon="12.53188">
        <time>2025-02-20T10:25:00Z</time>
      </trkpt>
      <trkpt lat="63.67125" lon="12.53776">
        <time>2025-02-20T10:35:00Z</time>
      </trkpt>
      <trkpt lat="63.6767" lon="12.54595">
        <time>2025-02-20T10:45:00Z</time>
      </trkpt>
      <trkpt lat="63.68064" lon="12.5369">
        <time>2025-02-20T10:55:00Z</time>
      </trkpt>
      <trkpt lat="63.6893" lon="12.52694">
        <time>2025-02-20T11:05:00Z</time>
      </trkpt>
      <trkpt lat="63.69358" lon="12.52295">
        <time>2025-02-20T11:15:00Z</time>
      </trkpt>
      <trkpt lat="63.69629" lon="12.52003">
        <time>2025-02-20T11:25:00Z</time>
      </trkpt>
      <trkpt lat="63.7064" lon="12.53409">
        <time>2025-02-20T11:35:00Z</time>
      </trkpt>
      <trkpt lat="63.70898" lon="12.53514">
        <time>2025-02-20T11:45:00Z</time>
      </trkpt>
      <trkpt lat="63.70948" lon="12.54134">
        <time>2025-02-20T11:55:00Z</time>
      </trkpt>
      <trkpt lat="63.70743" lon="12.55627">
        <time>2025-02-20T12:05:00Z</time>
      </trkpt>
      <trkpt lat="63.70557" lon="12.56977">
        <time>2025-02-20T12:15:00Z</time>
      </trkpt>
      <trkpt lat="63.70369" lon="12.58325">
        <time>2025-02-20T12:25:00Z</time>
      </trkpt>
      <trkpt lat="63.70203" lon="12.59679">
        <time>2025-02-20T12:35:00Z</time>
      </trkpt>
      <trkpt lat="63.70111" lon="12.61129">
        <time>2025-02-20T12:45:00Z</time>
      </trkpt>
      <trkpt lat="63.70479" lon="12.62247">
        <time>2025-02-20T12:55:00Z</time>
      </trkpt>
      <trkpt lat="63.70719" lon="12.62822">
        <time>2025-02-20T13:05:00Z</time>
      </trkpt>
      <trkpt lat="63.7072" lon="12.62822">
        <time>2025-02-20T13:15:00Z</time>
      </trkpt>
      <trkpt lat="63.70597" lon="12.63183">
        <time>2025-02-20T13:55:00Z</time>
      </trkpt>
      <trkpt lat="63.70423" lon="12.63698">
        <time>2025-02-20T14:05:00Z</time>
      </trkpt>
      <trkpt lat="63.70196" lon="12.65333">
        <time>2025-02-20T14:15:00Z</time>
      </trkpt>
      <trkpt lat="63.69975" lon="12.66968">
        <time>2025-02-20T14:25:00Z</time>
      </trkpt>
      <trkpt lat="63.69896" lon="12.67867">
        <time>2025-02-20T14:35:00Z</time>
      </trkpt>
      <trkpt lat="63.69848" lon="12.68978">
        <time>2025-02-20T14:45:00Z</time>
      </trkpt>
      <trkpt lat="63.69868" lon="12.70081">
        <time>2025-02-20T14:55:00Z</time>
      </trkpt>
      <trkpt lat="63.69879" lon="12.71159">
        <time>2025-02-20T15:05:00Z</time>
      </trkpt>
      <trkpt lat="63.70113" lon="12.73218">
        <time>2025-02-20T15:15:00Z</time>
      </trkpt>
      <trkpt lat="63.70048" lon="12.7521">
        <time>2025-02-20T15:25:00Z</time>
      </trkpt>
      <trkpt lat="63.70052" lon="12.75575">
        <time>2025-02-20T15:35:00Z</time>
      </trkpt>
      <trkpt lat="63.70155" lon="12.75924">
        <time>2025-02-20T15:45:00Z</time>
      </trkpt>
      <trkpt lat="63.70156" lon="12.76856">
        <time>2025-02-20T15:55:00Z</time>
      </trkpt>
      <trkpt lat="63.70237" lon="12.77604">
        <time>2025-02-20T16:05:00Z</time>
      </trkpt>
      <trkpt lat="63.70182" lon="12.78392">
        <time>2025-02-20T16:15:00Z</time>
      </trkpt>
      <trkpt lat="63.70449" lon="12.79014">
        <time>2025-02-20T16:25:00Z</time>
      </trkpt>
      <trkpt lat="63.70814" lon="12.79643">
        <time>2025-02-20T16:35:00Z</time>
      </trkpt>
      <trkpt lat="63.71013" lon="12.80218">
        <time>2025-02-20T16:45:00Z</time>
      </trkpt>
      <trkpt lat="63.71854" lon="12.82046">
        <time>2025-02-20T16:55:00Z</time>
      </trkpt>
      <trkpt lat="63.71883" lon="12.82149">
        <time>2025-02-20T16:56:00Z</time>
      </trkpt>
      <trkpt lat="63.71879" lon="12.82143">
        <time>2025-02-20T16:57:00Z</time>
      </trkpt>
      <trkpt lat="63.71883" lon="12.82153">
        <time>2025-02-21T08:52:00Z</time>
      </trkpt>
      <trkpt lat="63.71882" lon="12.82153">
        <time>2025-02-21T08:53:00Z</time>
      </trkpt>
      <trkpt lat="63.7192" lon="12.82297">
        <time>2025-02-21T09:02:00Z</time>
      </trkpt>
      <trkpt lat="63.72368" lon="12.8311">
        <time>2025-02-21T09:12:00Z</time>
      </trkpt>
      <trkpt lat="63.72612" lon="12.84402">
        <time>2025-02-21T09:22:00Z</time>
      </trkpt>
      <trkpt lat="63.72734" lon="12.85269">
        <time>2025-02-21T09:32:00Z</time>
      </trkpt>
      <trkpt lat="63.72477" lon="12.86458">
        <time>2025-02-21T09:42:00Z</time>
      </trkpt>
      <trkpt lat="63.72396" lon="12.87269">
        <time>2025-02-21T09:52:00Z</time>
      </trkpt>
      <trkpt lat="63.72378" lon="12.87537">
        <time>2025-02-21T10:02:00Z</time>
      </trkpt>
      <trkpt lat="63.72705" lon="12.87971">
        <time>2025-02-21T10:12:00Z</time>
      </trkpt>
      <trkpt lat="63.72969" lon="12.88123">
        <time>2025-02-21T10:22:00Z</time>
      </trkpt>
      <trkpt lat="63.7388" lon="12.8944">
        <time>2025-02-21T10:32:00Z</time>
      </trkpt>
      <trkpt lat="63.74561" lon="12.91554">
        <time>2025-02-21T10:42:00Z</time>
      </trkpt>
      <trkpt lat="63.74849" lon="12.93099">
        <time>2025-02-21T10:52:00Z</time>
      </trkpt>
      <trkpt lat="63.75154" lon="12.94344">
        <time>2025-02-21T11:02:00Z</time>
      </trkpt>
      <trkpt lat="63.7505" lon="12.95348">
        <time>2025-02-21T11:12:00Z</time>
      </trkpt>
      <trkpt lat="63.75287" lon="12.95573">
        <time>2025-02-21T11:22:00Z</time>
      </trkpt>
      <trkpt lat="63.75037" lon="12.96039">
        <time>2025-02-21T11:32:00Z</time>
      </trkpt>
      <trkpt lat="63.75076" lon="12.95996">
        <time>2025-02-21T11:34:00Z</time>
      </trkpt>
      <trkpt lat="63.75063" lon="12.9597">
        <time>2025-02-21T11:35:00Z</time>
      </trkpt>
      <trkpt lat="63.75063" lon="12.96026">
        <time>2025-02-23T08:23:00Z</time>
      </trkpt>
      <trkpt lat="63.75077" lon="12.96">
        <time>2025-02-23T08:24:00Z</time>
      </trkpt>
      <trkpt lat="63.74973" lon="12.96309">
        <time>2025-02-23T08:33:00Z</time>
      </trkpt>
      <trkpt lat="63.7457" lon="12.97498">
        <time>2025-02-23T08:43:00Z</time>
      </trkpt>
      <trkpt lat="63.74335" lon="12.9892">
        <time>2025-02-23T08:53:00Z</time>
      </trkpt>
      <trkpt lat="63.74132" lon="13.00309">
        <time>2025-02-23T09:03:00Z</time>
      </trkpt>
      <trkpt lat="63.73939" lon="13.01474">
        <time>2025-02-23T09:13:00Z</time>
      </trkpt>
      <trkpt lat="63.73663" lon="13.02058">
        <time>2025-02-23T09:23:00Z</time>
      </trkpt>
      <trkpt lat="63.73663" lon="13.02055">
        <time>2025-02-23T09:33:00Z</time>
      </trkpt>
      <trkpt lat="63.73336" lon="13.02877">
        <time>2025-02-23T09:43:00Z</time>
      </trkpt>
      <trkpt lat="63.73161" lon="13.02982">
        <time>2025-02-23T09:53:00Z</time>
      </trkpt>
      <trkpt lat="63.72952" lon="13.03467">
        <time>2025-02-23T10:03:00Z</time>
      </trkpt>
      <trkpt lat="63.7267" lon="13.04557">
        <time>2025-02-23T10:13:00Z</time>
      </trkpt>
      <trkpt lat="63.72259" lon="13.0592">
        <time>2025-02-23T10:23:00Z</time>
      </trkpt>
      <trkpt lat="63.7196" lon="13.07332">
        <time>2025-02-23T10:33:00Z</time>
      </trkpt>
      <trkpt lat="63.71765" lon="13.08795">
        <time>2025-02-23T10:43:00Z</time>
      </trkpt>
      <trkpt lat="63.71769" lon="13.10342">
        <time>2025-02-23T10:53:00Z</time>
      </trkpt>
      <trkpt lat="63.71783" lon="13.10673">
        <time>2025-02-23T11:03:00Z</time>
      </trkpt>
      <trkpt lat="63.71835" lon="13.12396">
        <time>2025-02-23T11:13:00Z</time>
      </trkpt>
      <trkpt lat="63.71877" lon="13.14016">
        <time>2025-02-23T11:23:00Z</time>
      </trkpt>
      <trkpt lat="63.71899" lon="13.15593">
        <time>2025-02-23T11:33:00Z</time>
      </trkpt>
      <trkpt lat="63.71907" lon="13.17138">
        <time>2025-02-23T11:43:00Z</time>
      </trkpt>
      <trkpt lat="63.71906" lon="13.18662">
        <time>2025-02-23T11:53:00Z</time>
      </trkpt>
      <trkpt lat="63.7183" lon="13.20103">
        <time>2025-02-23T12:03:00Z</time>
      </trkpt>
      <trkpt lat="63.71783" lon="13.20769">
        <time>2025-02-23T12:13:00Z</time>
      </trkpt>
      <trkpt lat="63.71783" lon="13.20773">
        <time>2025-02-23T12:23:00Z</time>
      </trkpt>
      <trkpt lat="63.71732" lon="13.21159">
        <time>2025-02-23T13:13:00Z</time>
      </trkpt>
      <trkpt lat="63.71427" lon="13.22711">
        <time>2025-02-23T13:23:00Z</time>
      </trkpt>
      <trkpt lat="63.70965" lon="13.24095">
        <time>2025-02-23T13:33:00Z</time>
      </trkpt>
      <trkpt lat="63.70581" lon="13.25556">
        <time>2025-02-23T13:43:00Z</time>
      </trkpt>
      <trkpt lat="63.70197" lon="13.26944">
        <time>2025-02-23T13:53:00Z</time>
      </trkpt>
      <trkpt lat="63.69794" lon="13.28242">
        <time>2025-02-23T14:03:00Z</time>
      </trkpt>
      <trkpt lat="63.69331" lon="13.29435">
        <time>2025-02-23T14:13:00Z</time>
      </trkpt>
      <trkpt lat="63.68726" lon="13.30367">
        <time>2025-02-23T14:23:00Z</time>
      </trkpt>
      <trkpt lat="63.68315" lon="13.31234">
        <time>2025-02-23T14:33:00Z</time>
      </trkpt>
      <trkpt lat="63.6807" lon="13.32534">
        <time>2025-02-23T14:43:00Z</time>
      </trkpt>
      <trkpt lat="63.68062" lon="13.32628">
        <time>2025-02-23T14:53:00Z</time>
      </trkpt>
      <trkpt lat="63.68205" lon="13.33309">
        <time>2025-02-23T15:03:00Z</time>
      </trkpt>
      <trkpt lat="63.68276" lon="13.33624">
        <time>2025-02-23T15:13:00Z</time>
      </trkpt>
      <trkpt lat="63.68361" lon="13.34512">
        <time>2025-02-23T15:23:00Z</time>
      </trkpt>
      <trkpt lat="63.68461" lon="13.35115">
        <time>2025-02-23T15:33:00Z</time>
      </trkpt>
      <trkpt lat="63.68541" lon="13.3625">
        <time>2025-02-23T15:43:00Z</time>
      </trkpt>
      <trkpt lat="63.68698" lon="13.37495">
        <time>2025-02-23T15:53:00Z</time>
      </trkpt>
      <trkpt lat="63.68784" lon="13.39355">
        <time>2025-02-23T16:03:00Z</time>
      </trkpt>
      <trkpt lat="63.68898" lon="13.40872">
        <time>2025-02-23T16:13:00Z</time>
      </trkpt>
      <trkpt lat="63.68879" lon="13.42574">
        <time>2025-02-23T16:23:00Z</time>
      </trkpt>
      <trkpt lat="63.68804" lon="13.43254">
        <time>2025-02-23T16:30:00Z</time>
      </trkpt>
      <trkpt lat="63.68797" lon="13.43297">
        <time>2025-02-23T16:31:00Z</time>
      </trkpt>
      <trkpt lat="63.68827" lon="13.43248">
        <time>2025-02-24T08:46:00Z</time>
      </trkpt>
      <trkpt lat="63.68824" lon="13.43252">
        <time>2025-02-24T08:47:00Z</time>
      </trkpt>
      <trkpt lat="63.68857" lon="13.4378">
        <time>2025-02-24T08:57:00Z</time>
      </trkpt>
      <trkpt lat="63.69378" lon="13.45288">
        <time>2025-02-24T09:07:00Z</time>
      </trkpt>
      <trkpt lat="63.6918" lon="13.46795">
        <time>2025-02-24T09:17:00Z</time>
      </trkpt>
      <trkpt lat="63.69048" lon="13.4835">
        <time>2025-02-24T09:27:00Z</time>
      </trkpt>
      <trkpt lat="63.69003" lon="13.50228">
        <time>2025-02-24T09:37:00Z</time>
      </trkpt>
      <trkpt lat="63.68887" lon="13.51159">
        <time>2025-02-24T09:47:00Z</time>
      </trkpt>
      <trkpt lat="63.68793" lon="13.51361">
        <time>2025-02-24T09:57:00Z</time>
      </trkpt>
      <trkpt lat="63.68969" lon="13.52166">
        <time>2025-02-24T10:07:00Z</time>
      </trkpt>
      <trkpt lat="63.69185" lon="13.53088">
        <time>2025-02-24T10:17:00Z</time>
      </trkpt>
      <trkpt lat="63.69357" lon="13.53942">
        <time>2025-02-24T10:27:00Z</time>
      </trkpt>
      <trkpt lat="63.69345" lon="13.55369">
        <time>2025-02-24T10:37:00Z</time>
      </trkpt>
      <trkpt lat="63.69273" lon="13.56888">
        <time>2025-02-24T10:47:00Z</time>
      </trkpt>
      <trkpt lat="63.69112" lon="13.57633">
        <time>2025-02-24T10:57:00Z</time>
      </trkpt>
      <trkpt lat="63.69075" lon="13.58901">
        <time>2025-02-24T11:07:00Z</time>
      </trkpt>
      <trkpt lat="63.69407" lon="13.59903">
        <time>2025-02-24T11:17:00Z</time>
      </trkpt>
      <trkpt lat="63.69533" lon="13.61371">
        <time>2025-02-24T11:27:00Z</time>
      </trkpt>
      <trkpt lat="63.69605" lon="13.62637">
        <time>2025-02-24T11:37:00Z</time>
      </trkpt>
      <trkpt lat="63.69633" lon="13.62583">
        <time>2025-02-24T11:47:00Z</time>
      </trkpt>
      <trkpt lat="63.69928" lon="13.62691">
        <time>2025-02-24T13:47:00Z</time>
      </trkpt>
    </trkseg>
  </trk>
  <trk>
    <name>Helags→Olden · Emil Johansson (storlien)</name>
    <trkseg>
      <trkpt lat="62.91672" lon="12.50613">
        <time>2025-02-20T14:52:00Z</time>
      </trkpt>
      <trkpt lat="62.91671" lon="12.50617">
        <time>2025-02-21T08:14:00Z</time>
      </trkpt>
      <trkpt lat="62.91921" lon="12.49823">
        <time>2025-02-21T08:24:00Z</time>
      </trkpt>
      <trkpt lat="62.92525" lon="12.48855">
        <time>2025-02-21T08:34:00Z</time>
      </trkpt>
      <trkpt lat="62.93262" lon="12.48012">
        <time>2025-02-21T08:44:00Z</time>
      </trkpt>
      <trkpt lat="62.93815" lon="12.4733">
        <time>2025-02-21T08:54:00Z</time>
      </trkpt>
      <trkpt lat="62.94402" lon="12.46396">
        <time>2025-02-21T09:04:00Z</time>
      </trkpt>
      <trkpt lat="62.94743" lon="12.45753">
        <time>2025-02-21T09:14:00Z</time>
      </trkpt>
      <trkpt lat="62.95133" lon="12.44377">
        <time>2025-02-21T09:24:00Z</time>
      </trkpt>
      <trkpt lat="62.95468" lon="12.4286">
        <time>2025-02-21T09:34:00Z</time>
      </trkpt>
      <trkpt lat="62.95794" lon="12.41319">
        <time>2025-02-21T09:44:00Z</time>
      </trkpt>
      <trkpt lat="62.9604" lon="12.4">
        <time>2025-02-21T09:54:00Z</time>
      </trkpt>
      <trkpt lat="62.96452" lon="12.38751">
        <time>2025-02-21T10:04:00Z</time>
      </trkpt>
      <trkpt lat="62.96803" lon="12.37536">
        <time>2025-02-21T10:14:00Z</time>
      </trkpt>
      <trkpt lat="62.9748" lon="12.36706">
        <time>2025-02-21T10:24:00Z</time>
      </trkpt>
      <trkpt lat="62.98244" lon="12.36249">
        <time>2025-02-21T10:34:00Z</time>
      </trkpt>
      <trkpt lat="62.98367" lon="12.36155">
        <time>2025-02-21T10:39:00Z</time>
      </trkpt>
      <trkpt lat="62.98369" lon="12.36178">
        <time>2025-02-21T11:14:00Z</time>
      </trkpt>
      <trkpt lat="62.98802" lon="12.35672">
        <time>2025-02-21T11:24:00Z</time>
      </trkpt>
      <trkpt lat="62.99466" lon="12.35161">
        <time>2025-02-21T11:34:00Z</time>
      </trkpt>
      <trkpt lat="62.99941" lon="12.34406">
        <time>2025-02-21T11:44:00Z</time>
      </trkpt>
      <trkpt lat="63.00362" lon="12.34097">
        <time>2025-02-21T11:54:00Z</time>
      </trkpt>
      <trkpt lat="63.00716" lon="12.33706">
        <time>2025-02-21T12:04:00Z</time>
      </trkpt>
      <trkpt lat="63.01158" lon="12.32985">
        <time>2025-02-21T12:14:00Z</time>
      </trkpt>
      <trkpt lat="63.01404" lon="12.32174">
        <time>2025-02-21T12:24:00Z</time>
      </trkpt>
      <trkpt lat="63.01809" lon="12.31112">
        <time>2025-02-21T12:34:00Z</time>
      </trkpt>
      <trkpt lat="63.02254" lon="12.30125">
        <time>2025-02-21T12:44:00Z</time>
      </trkpt>
      <trkpt lat="63.02254" lon="12.30125">
        <time>2025-02-21T12:46:00Z</time>
      </trkpt>
      <trkpt lat="63.02257" lon="12.30125">
        <time>2025-02-21T13:17:00Z</time>
      </trkpt>
      <trkpt lat="63.02484" lon="12.29479">
        <time>2025-02-21T13:27:00Z</time>
      </trkpt>
      <trkpt lat="63.02694" lon="12.28614">
        <time>2025-02-21T13:37:00Z</time>
      </trkpt>
      <trkpt lat="63.02802" lon="12.27578">
        <time>2025-02-21T13:47:00Z</time>
      </trkpt>
      <trkpt lat="63.02842" lon="12.26329">
        <time>2025-02-21T13:57:00Z</time>
      </trkpt>
      <trkpt lat="63.03486" lon="12.26559">
        <time>2025-02-21T14:07:00Z</time>
      </trkpt>
      <trkpt lat="63.03971" lon="12.27074">
        <time>2025-02-21T14:17:00Z</time>
      </trkpt>
      <trkpt lat="63.03972" lon="12.27074">
        <time>2025-02-21T14:24:00Z</time>
      </trkpt>
      <trkpt lat="63.04336" lon="12.27516">
        <time>2025-02-22T09:03:00Z</time>
      </trkpt>
      <trkpt lat="63.05099" lon="12.27956">
        <time>2025-02-22T09:13:00Z</time>
      </trkpt>
      <trkpt lat="63.05331" lon="12.28054">
        <time>2025-02-22T09:23:00Z</time>
      </trkpt>
      <trkpt lat="63.0628" lon="12.27724">
        <time>2025-02-22T09:33:00Z</time>
      </trkpt>
      <trkpt lat="63.06874" lon="12.28091">
        <time>2025-02-22T09:43:00Z</time>
      </trkpt>
      <trkpt lat="63.07471" lon="12.28215">
        <time>2025-02-22T09:53:00Z</time>
      </trkpt>
      <trkpt lat="63.07842" lon="12.27707">
        <time>2025-02-22T10:03:00Z</time>
      </trkpt>
      <trkpt lat="63.08218" lon="12.27241">
        <time>2025-02-22T10:13:00Z</time>
      </trkpt>
      <trkpt lat="63.08594" lon="12.26829">
        <time>2025-02-22T10:23:00Z</time>
      </trkpt>
      <trkpt lat="63.09045" lon="12.2673">
        <time>2025-02-22T10:33:00Z</time>
      </trkpt>
      <trkpt lat="63.09633" lon="12.26574">
        <time>2025-02-22T10:43:00Z</time>
      </trkpt>
      <trkpt lat="63.10196" lon="12.26278">
        <time>2025-02-22T10:53:00Z</time>
      </trkpt>
      <trkpt lat="63.11174" lon="12.25314">
        <time>2025-02-22T11:03:00Z</time>
      </trkpt>
      <trkpt lat="63.11882" lon="12.24557">
        <time>2025-02-22T11:13:00Z</time>
      </trkpt>
      <trkpt lat="63.12229" lon="12.24175">
        <time>2025-02-22T11:27:00Z</time>
      </trkpt>
      <trkpt lat="63.12204" lon="12.24196">
        <time>2025-02-22T11:49:00Z</time>
      </trkpt>
      <trkpt lat="63.12681" lon="12.23548">
        <time>2025-02-22T11:59:00Z</time>
      </trkpt>
      <trkpt lat="63.13251" lon="12.22718">
        <time>2025-02-22T12:09:00Z</time>
      </trkpt>
      <trkpt lat="63.13961" lon="12.21675">
        <time>2025-02-22T12:19:00Z</time>
      </trkpt>
      <trkpt lat="63.14381" lon="12.21267">
        <time>2025-02-22T12:29:00Z</time>
      </trkpt>
      <trkpt lat="63.14841" lon="12.20817">
        <time>2025-02-22T12:39:00Z</time>
      </trkpt>
      <trkpt lat="63.15378" lon="12.19986">
        <time>2025-02-22T12:49:00Z</time>
      </trkpt>
      <trkpt lat="63.15867" lon="12.1945">
        <time>2025-02-22T12:59:00Z</time>
      </trkpt>
      <trkpt lat="63.16299" lon="12.1901">
        <time>2025-02-22T13:09:00Z</time>
      </trkpt>
      <trkpt lat="63.16683" lon="12.18965">
        <time>2025-02-22T13:19:00Z</time>
      </trkpt>
      <trkpt lat="63.17001" lon="12.18843">
        <time>2025-02-22T13:29:00Z</time>
      </trkpt>
      <trkpt lat="63.17522" lon="12.18377">
        <time>2025-02-22T13:39:00Z</time>
      </trkpt>
      <trkpt lat="63.18038" lon="12.17918">
        <time>2025-02-22T13:49:00Z</time>
      </trkpt>
      <trkpt lat="63.18549" lon="12.17484">
        <time>2025-02-22T13:59:00Z</time>
      </trkpt>
      <trkpt lat="63.18565" lon="12.1748">
        <time>2025-02-22T14:03:00Z</time>
      </trkpt>
      <trkpt lat="63.18566" lon="12.1748">
        <time>2025-02-22T14:03:00Z</time>
      </trkpt>
      <trkpt lat="63.18561" lon="12.17493">
        <time>2025-02-23T08:07:00Z</time>
      </trkpt>
      <trkpt lat="63.18813" lon="12.17371">
        <time>2025-02-23T08:18:00Z</time>
      </trkpt>
      <trkpt lat="63.19393" lon="12.17225">
        <time>2025-02-23T08:28:00Z</time>
      </trkpt>
      <trkpt lat="63.19692" lon="12.16849">
        <time>2025-02-23T08:38:00Z</time>
      </trkpt>
      <trkpt lat="63.20156" lon="12.16296">
        <time>2025-02-23T08:48:00Z</time>
      </trkpt>
      <trkpt lat="63.20698" lon="12.16401">
        <time>2025-02-23T08:58:00Z</time>
      </trkpt>
      <trkpt lat="63.2106" lon="12.1619">
        <time>2025-02-23T09:08:00Z</time>
      </trkpt>
      <trkpt lat="63.21599" lon="12.1601">
        <time>2025-02-23T09:18:00Z</time>
      </trkpt>
      <trkpt lat="63.22193" lon="12.15999">
        <time>2025-02-23T09:28:00Z</time>
      </trkpt>
      <trkpt lat="63.22726" lon="12.15952">
        <time>2025-02-23T09:38:00Z</time>
      </trkpt>
      <trkpt lat="63.23138" lon="12.15847">
        <time>2025-02-23T09:48:00Z</time>
      </trkpt>
      <trkpt lat="63.2326" lon="12.16049">
        <time>2025-02-23T09:55:00Z</time>
      </trkpt>
      <trkpt lat="63.23256" lon="12.16053">
        <time>2025-02-23T10:14:00Z</time>
      </trkpt>
      <trkpt lat="63.23607" lon="12.17047">
        <time>2025-02-23T10:24:00Z</time>
      </trkpt>
      <trkpt lat="63.24229" lon="12.18019">
        <time>2025-02-23T10:34:00Z</time>
      </trkpt>
      <trkpt lat="63.24844" lon="12.17489">
        <time>2025-02-23T10:44:00Z</time>
      </trkpt>
      <trkpt lat="63.25299" lon="12.1775">
        <time>2025-02-23T10:54:00Z</time>
      </trkpt>
      <trkpt lat="63.25892" lon="12.16605">
        <time>2025-02-23T11:04:00Z</time>
      </trkpt>
      <trkpt lat="63.26316" lon="12.15225">
        <time>2025-02-23T11:14:00Z</time>
      </trkpt>
      <trkpt lat="63.26659" lon="12.1407">
        <time>2025-02-23T11:24:00Z</time>
      </trkpt>
      <trkpt lat="63.27178" lon="12.13322">
        <time>2025-02-23T11:34:00Z</time>
      </trkpt>
      <trkpt lat="63.27642" lon="12.13929">
        <time>2025-02-23T11:44:00Z</time>
      </trkpt>
      <trkpt lat="63.27674" lon="12.14195">
        <time>2025-02-23T11:54:00Z</time>
      </trkpt>
      <trkpt lat="63.27848" lon="12.14877">
        <time>2025-02-23T12:04:00Z</time>
      </trkpt>
      <trkpt lat="63.28152" lon="12.15278">
        <time>2025-02-23T12:14:00Z</time>
      </trkpt>
      <trkpt lat="63.2849" lon="12.15869">
        <time>2025-02-23T12:24:00Z</time>
      </trkpt>
      <trkpt lat="63.28846" lon="12.16826">
        <time>2025-02-23T12:34:00Z</time>
      </trkpt>
      <trkpt lat="63.29187" lon="12.16697">
        <time>2025-02-23T12:42:00Z</time>
      </trkpt>
      <trkpt lat="63.29173" lon="12.16695">
        <time>2025-02-23T13:09:00Z</time>
      </trkpt>
      <trkpt lat="63.29405" lon="12.16201">
        <time>2025-02-23T13:19:00Z</time>
      </trkpt>
      <trkpt lat="63.29737" lon="12.15386">
        <time>2025-02-23T13:29:00Z</time>
      </trkpt>
      <trkpt lat="63.30034" lon="12.14274">
        <time>2025-02-23T13:39:00Z</time>
      </trkpt>
      <trkpt lat="63.30488" lon="12.13291">
        <time>2025-02-23T13:49:00Z</time>
      </trkpt>
      <trkpt lat="63.30787" lon="12.12435">
        <time>2025-02-23T13:59:00Z</time>
      </trkpt>
      <trkpt lat="63.3107" lon="12.1174">
        <time>2025-02-23T14:09:00Z</time>
      </trkpt>
      <trkpt lat="63.31349" lon="12.11259">
        <time>2025-02-23T14:19:00Z</time>
      </trkpt>
      <trkpt lat="63.31572" lon="12.10639">
        <time>2025-02-23T14:29:00Z</time>
      </trkpt>
      <trkpt lat="63.31569" lon="12.10637">
        <time>2025-02-23T14:30:00Z</time>
      </trkpt>
      <trkpt lat="63.31622" lon="12.10468">
        <time>2025-02-25T08:44:00Z</time>
      </trkpt>
      <trkpt lat="63.31741" lon="12.10886">
        <time>2025-02-25T08:54:00Z</time>
      </trkpt>
      <trkpt lat="63.32028" lon="12.11244">
        <time>2025-02-25T09:04:00Z</time>
      </trkpt>
      <trkpt lat="63.32586" lon="12.1153">
        <time>2025-02-25T09:14:00Z</time>
      </trkpt>
      <trkpt lat="63.33222" lon="12.1203">
        <time>2025-02-25T09:24:00Z</time>
      </trkpt>
      <trkpt lat="63.33525" lon="12.1236">
        <time>2025-02-25T09:34:00Z</time>
      </trkpt>
      <trkpt lat="63.34015" lon="12.13068">
        <time>2025-02-25T09:44:00Z</time>
      </trkpt>
      <trkpt lat="63.34745" lon="12.14023">
        <time>2025-02-25T09:54:00Z</time>
      </trkpt>
      <trkpt lat="63.35003" lon="12.14364">
        <time>2025-02-25T10:04:00Z</time>
      </trkpt>
      <trkpt lat="63.35432" lon="12.15858">
        <time>2025-02-25T10:14:00Z</time>
      </trkpt>
      <trkpt lat="63.35658" lon="12.18278">
        <time>2025-02-25T10:24:00Z</time>
      </trkpt>
      <trkpt lat="63.35796" lon="12.19302">
        <time>2025-02-25T10:34:00Z</time>
      </trkpt>
      <trkpt lat="63.35403" lon="12.21306">
        <time>2025-02-25T10:44:00Z</time>
      </trkpt>
      <trkpt lat="63.35296" lon="12.2349">
        <time>2025-02-25T10:54:00Z</time>
      </trkpt>
      <trkpt lat="63.35451" lon="12.26306">
        <time>2025-02-25T11:04:00Z</time>
      </trkpt>
      <trkpt lat="63.35411" lon="12.26612">
        <time>2025-02-25T11:07:00Z</time>
      </trkpt>
      <trkpt lat="63.35409" lon="12.2661">
        <time>2025-02-25T11:24:00Z</time>
      </trkpt>
      <trkpt lat="63.36027" lon="12.28022">
        <time>2025-02-25T11:34:00Z</time>
      </trkpt>
      <trkpt lat="63.3673" lon="12.27769">
        <time>2025-02-25T11:44:00Z</time>
      </trkpt>
      <trkpt lat="63.37627" lon="12.27623">
        <time>2025-02-25T11:54:00Z</time>
      </trkpt>
      <trkpt lat="63.38321" lon="12.27145">
        <time>2025-02-25T12:04:00Z</time>
      </trkpt>
      <trkpt lat="63.39086" lon="12.27087">
        <time>2025-02-25T12:14:00Z</time>
      </trkpt>
      <trkpt lat="63.39269" lon="12.26977">
        <time>2025-02-25T12:18:00Z</time>
      </trkpt>
      <trkpt lat="63.39262" lon="12.26969">
        <time>2025-02-25T12:42:00Z</time>
      </trkpt>
      <trkpt lat="63.39863" lon="12.26061">
        <time>2025-02-25T12:52:00Z</time>
      </trkpt>
      <trkpt lat="63.40366" lon="12.24919">
        <time>2025-02-25T13:02:00Z</time>
      </trkpt>
      <trkpt lat="63.4092" lon="12.24035">
        <time>2025-02-25T13:12:00Z</time>
      </trkpt>
      <trkpt lat="63.414" lon="12.22982">
        <time>2025-02-25T13:22:00Z</time>
      </trkpt>
      <trkpt lat="63.41594" lon="12.22666">
        <time>2025-02-25T13:32:00Z</time>
      </trkpt>
      <trkpt lat="63.42138" lon="12.22081">
        <time>2025-02-25T13:42:00Z</time>
      </trkpt>
      <trkpt lat="63.42629" lon="12.21589">
        <time>2025-02-25T13:52:00Z</time>
      </trkpt>
      <trkpt lat="63.42909" lon="12.22031">
        <time>2025-02-25T14:02:00Z</time>
      </trkpt>
      <trkpt lat="63.4324" lon="12.22615">
        <time>2025-02-25T14:12:00Z</time>
      </trkpt>
      <trkpt lat="63.43631" lon="12.23737">
        <time>2025-02-25T14:22:00Z</time>
      </trkpt>
      <trkpt lat="63.43632" lon="12.23737">
        <time>2025-02-25T14:23:00Z</time>
      </trkpt>
      <trkpt lat="63.43635" lon="12.23735">
        <time>2025-02-25T14:40:00Z</time>
      </trkpt>
      <trkpt lat="63.44361" lon="12.23969">
        <time>2025-02-25T14:50:00Z</time>
      </trkpt>
      <trkpt lat="63.45023" lon="12.24072">
        <time>2025-02-25T15:00:00Z</time>
      </trkpt>
      <trkpt lat="63.45826" lon="12.24164">
        <time>2025-02-25T15:10:00Z</time>
      </trkpt>
      <trkpt lat="63.46483" lon="12.24218">
        <time>2025-02-25T15:20:00Z</time>
      </trkpt>
      <trkpt lat="63.47207" lon="12.24574">
        <time>2025-02-25T15:30:00Z</time>
      </trkpt>
      <trkpt lat="63.48073" lon="12.25097">
        <time>2025-02-25T15:40:00Z</time>
      </trkpt>
      <trkpt lat="63.48074" lon="12.25102">
        <time>2025-02-25T15:41:00Z</time>
      </trkpt>
      <trkpt lat="63.48074" lon="12.25102">
        <time>2025-02-25T15:41:00Z</time>
      </trkpt>
      <trkpt lat="63.48068" lon="12.25089">
        <time>2025-02-26T08:12:00Z</time>
      </trkpt>
      <trkpt lat="63.48624" lon="12.24967">
        <time>2025-02-26T08:22:00Z</time>
      </trkpt>
      <trkpt lat="63.49313" lon="12.24407">
        <time>2025-02-26T08:32:00Z</time>
      </trkpt>
      <trkpt lat="63.50079" lon="12.23525">
        <time>2025-02-26T08:42:00Z</time>
      </trkpt>
      <trkpt lat="63.51204" lon="12.2405">
        <time>2025-02-26T08:52:00Z</time>
      </trkpt>
      <trkpt lat="63.51959" lon="12.24312">
        <time>2025-02-26T09:02:00Z</time>
      </trkpt>
      <trkpt lat="63.52684" lon="12.24615">
        <time>2025-02-26T09:12:00Z</time>
      </trkpt>
      <trkpt lat="63.534" lon="12.25087">
        <time>2025-02-26T09:22:00Z</time>
      </trkpt>
      <trkpt lat="63.54463" lon="12.2605">
        <time>2025-02-26T09:32:00Z</time>
      </trkpt>
      <trkpt lat="63.55166" lon="12.26291">
        <time>2025-02-26T09:42:00Z</time>
      </trkpt>
      <trkpt lat="63.55557" lon="12.26533">
        <time>2025-02-26T09:49:00Z</time>
      </trkpt>
      <trkpt lat="63.55549" lon="12.26557">
        <time>2025-02-26T10:13:00Z</time>
      </trkpt>
      <trkpt lat="63.55991" lon="12.26767">
        <time>2025-02-26T10:23:00Z</time>
      </trkpt>
      <trkpt lat="63.56723" lon="12.26808">
        <time>2025-02-26T10:33:00Z</time>
      </trkpt>
      <trkpt lat="63.57496" lon="12.26621">
        <time>2025-02-26T10:43:00Z</time>
      </trkpt>
      <trkpt lat="63.57883" lon="12.27348">
        <time>2025-02-26T10:53:00Z</time>
      </trkpt>
      <trkpt lat="63.58393" lon="12.27181">
        <time>2025-02-26T11:03:00Z</time>
      </trkpt>
      <trkpt lat="63.58731" lon="12.27449">
        <time>2025-02-26T11:13:00Z</time>
      </trkpt>
      <trkpt lat="63.58989" lon="12.28516">
        <time>2025-02-26T11:23:00Z</time>
      </trkpt>
      <trkpt lat="63.59112" lon="12.30327">
        <time>2025-02-26T11:33:00Z</time>
      </trkpt>
      <trkpt lat="63.59295" lon="12.31842">
        <time>2025-02-26T11:43:00Z</time>
      </trkpt>
      <trkpt lat="63.59634" lon="12.32925">
        <time>2025-02-26T11:53:00Z</time>
      </trkpt>
      <trkpt lat="63.5963" lon="12.32921">
        <time>2025-02-26T12:37:00Z</time>
      </trkpt>
      <trkpt lat="63.59942" lon="12.33477">
        <time>2025-02-26T12:47:00Z</time>
      </trkpt>
      <trkpt lat="63.60165" lon="12.34324">
        <time>2025-02-26T12:57:00Z</time>
      </trkpt>
      <trkpt lat="63.60313" lon="12.35661">
        <time>2025-02-26T13:07:00Z</time>
      </trkpt>
      <trkpt lat="63.60588" lon="12.37768">
        <time>2025-02-26T13:17:00Z</time>
      </trkpt>
      <trkpt lat="63.60711" lon="12.38923">
        <time>2025-02-26T13:27:00Z</time>
      </trkpt>
      <trkpt lat="63.61405" lon="12.39753">
        <time>2025-02-26T13:37:00Z</time>
      </trkpt>
      <trkpt lat="63.62208" lon="12.40343">
        <time>2025-02-26T13:47:00Z</time>
      </trkpt>
      <trkpt lat="63.63138" lon="12.40641">
        <time>2025-02-26T13:57:00Z</time>
      </trkpt>
      <trkpt lat="63.63203" lon="12.41493">
        <time>2025-02-26T14:07:00Z</time>
      </trkpt>
      <trkpt lat="63.6365" lon="12.42564">
        <time>2025-02-26T14:17:00Z</time>
      </trkpt>
      <trkpt lat="63.6365" lon="12.42564">
        <time>2025-02-26T14:17:00Z</time>
      </trkpt>
      <trkpt lat="63.63648" lon="12.4256">
        <time>2025-02-27T08:09:00Z</time>
      </trkpt>
      <trkpt lat="63.6408" lon="12.43156">
        <time>2025-02-27T08:19:00Z</time>
      </trkpt>
      <trkpt lat="63.64659" lon="12.43985">
        <time>2025-02-27T08:29:00Z</time>
      </trkpt>
      <trkpt lat="63.65338" lon="12.44064">
        <time>2025-02-27T08:39:00Z</time>
      </trkpt>
      <trkpt lat="63.65877" lon="12.44914">
        <time>2025-02-27T08:49:00Z</time>
      </trkpt>
      <trkpt lat="63.65851" lon="12.45081">
        <time>2025-02-27T08:59:00Z</time>
      </trkpt>
      <trkpt lat="63.66181" lon="12.45259">
        <time>2025-02-27T09:09:00Z</time>
      </trkpt>
      <trkpt lat="63.66289" lon="12.46617">
        <time>2025-02-27T09:19:00Z</time>
      </trkpt>
      <trkpt lat="63.66513" lon="12.47969">
        <time>2025-02-27T09:29:00Z</time>
      </trkpt>
      <trkpt lat="63.66512" lon="12.47969">
        <time>2025-02-27T09:29:00Z</time>
      </trkpt>
      <trkpt lat="63.66512" lon="12.47969">
        <time>2025-02-27T09:49:00Z</time>
      </trkpt>
      <trkpt lat="63.66888" lon="12.48467">
        <time>2025-02-27T09:59:00Z</time>
      </trkpt>
      <trkpt lat="63.67132" lon="12.49355">
        <time>2025-02-27T10:09:00Z</time>
      </trkpt>
      <trkpt lat="63.67579" lon="12.4981">
        <time>2025-02-27T10:19:00Z</time>
      </trkpt>
      <trkpt lat="63.6783" lon="12.50014">
        <time>2025-02-27T10:29:00Z</time>
      </trkpt>
      <trkpt lat="63.68298" lon="12.50907">
        <time>2025-02-27T10:39:00Z</time>
      </trkpt>
      <trkpt lat="63.68476" lon="12.52267">
        <time>2025-02-27T10:49:00Z</time>
      </trkpt>
      <trkpt lat="63.68579" lon="12.52023">
        <time>2025-02-27T10:59:00Z</time>
      </trkpt>
      <trkpt lat="63.68904" lon="12.52628">
        <time>2025-02-27T11:09:00Z</time>
      </trkpt>
      <trkpt lat="63.69437" lon="12.52555">
        <time>2025-02-27T11:19:00Z</time>
      </trkpt>
      <trkpt lat="63.69691" lon="12.52497">
        <time>2025-02-27T11:29:00Z</time>
      </trkpt>
      <trkpt lat="63.70101" lon="12.52222">
        <time>2025-02-27T11:39:00Z</time>
      </trkpt>
      <trkpt lat="63.70515" lon="12.53235">
        <time>2025-02-27T11:49:00Z</time>
      </trkpt>
      <trkpt lat="63.70866" lon="12.53475">
        <time>2025-02-27T11:57:00Z</time>
      </trkpt>
      <trkpt lat="63.70867" lon="12.53467">
        <time>2025-02-27T12:25:00Z</time>
      </trkpt>
      <trkpt lat="63.70834" lon="12.54949">
        <time>2025-02-27T12:35:00Z</time>
      </trkpt>
      <trkpt lat="63.70576" lon="12.56793">
        <time>2025-02-27T12:45:00Z</time>
      </trkpt>
      <trkpt lat="63.70326" lon="12.58606">
        <time>2025-02-27T12:55:00Z</time>
      </trkpt>
      <trkpt lat="63.70151" lon="12.60282">
        <time>2025-02-27T13:05:00Z</time>
      </trkpt>
      <trkpt lat="63.70358" lon="12.6182">
        <time>2025-02-27T13:15:00Z</time>
      </trkpt>
      <trkpt lat="63.70863" lon="12.62902">
        <time>2025-02-27T13:25:00Z</time>
      </trkpt>
      <trkpt lat="63.71088" lon="12.63065">
        <time>2025-02-27T13:35:00Z</time>
      </trkpt>
      <trkpt lat="63.71083" lon="12.63054">
        <time>2025-02-27T13:36:00Z</time>
      </trkpt>
      <trkpt lat="63.70966" lon="12.62807">
        <time>2025-02-27T13:46:00Z</time>
      </trkpt>
      <trkpt lat="63.70965" lon="12.62803">
        <time>2025-02-27T13:55:00Z</time>
      </trkpt>
      <trkpt lat="63.70565" lon="12.63221">
        <time>2025-02-27T13:55:00Z</time>
      </trkpt>
      <trkpt lat="63.70554" lon="12.63226">
        <time>2025-02-28T08:12:00Z</time>
      </trkpt>
      <trkpt lat="63.70294" lon="12.64607">
        <time>2025-02-28T08:22:00Z</time>
      </trkpt>
      <trkpt lat="63.70034" lon="12.66453">
        <time>2025-02-28T08:32:00Z</time>
      </trkpt>
      <trkpt lat="63.6995" lon="12.67644">
        <time>2025-02-28T08:42:00Z</time>
      </trkpt>
      <trkpt lat="63.69829" lon="12.68781">
        <time>2025-02-28T08:52:00Z</time>
      </trkpt>
      <trkpt lat="63.69866" lon="12.70116">
        <time>2025-02-28T09:02:00Z</time>
      </trkpt>
      <trkpt lat="63.6989" lon="12.71435">
        <time>2025-02-28T09:12:00Z</time>
      </trkpt>
      <trkpt lat="63.69991" lon="12.73032">
        <time>2025-02-28T09:22:00Z</time>
      </trkpt>
      <trkpt lat="63.70094" lon="12.74645">
        <time>2025-02-28T09:32:00Z</time>
      </trkpt>
      <trkpt lat="63.7009" lon="12.75564">
        <time>2025-02-28T09:42:00Z</time>
      </trkpt>
      <trkpt lat="63.70082" lon="12.75557">
        <time>2025-02-28T10:08:00Z</time>
      </trkpt>
      <trkpt lat="63.70163" lon="12.76482">
        <time>2025-02-28T10:18:00Z</time>
      </trkpt>
      <trkpt lat="63.70215" lon="12.7734">
        <time>2025-02-28T10:28:00Z</time>
      </trkpt>
      <trkpt lat="63.70198" lon="12.78197">
        <time>2025-02-28T10:38:00Z</time>
      </trkpt>
      <trkpt lat="63.70466" lon="12.79068">
        <time>2025-02-28T10:48:00Z</time>
      </trkpt>
      <trkpt lat="63.70841" lon="12.79795">
        <time>2025-02-28T10:58:00Z</time>
      </trkpt>
      <trkpt lat="63.70918" lon="12.8004">
        <time>2025-02-28T11:08:00Z</time>
      </trkpt>
      <trkpt lat="63.71172" lon="12.80212">
        <time>2025-02-28T11:18:00Z</time>
      </trkpt>
      <trkpt lat="63.71796" lon="12.81763">
        <time>2025-02-28T11:28:00Z</time>
      </trkpt>
      <trkpt lat="63.72324" lon="12.83059">
        <time>2025-02-28T11:38:00Z</time>
      </trkpt>
      <trkpt lat="63.72646" lon="12.84552">
        <time>2025-02-28T11:48:00Z</time>
      </trkpt>
      <trkpt lat="63.72636" lon="12.85748">
        <time>2025-02-28T11:58:00Z</time>
      </trkpt>
      <trkpt lat="63.72508" lon="12.86923">
        <time>2025-02-28T12:08:00Z</time>
      </trkpt>
      <trkpt lat="63.72606" lon="12.87889">
        <time>2025-02-28T12:18:00Z</time>
      </trkpt>
      <trkpt lat="63.72621" lon="12.87896">
        <time>2025-02-28T12:19:00Z</time>
      </trkpt>
      <trkpt lat="63.72627" lon="12.87885">
        <time>2025-02-28T12:43:00Z</time>
      </trkpt>
      <trkpt lat="63.72994" lon="12.88144">
        <time>2025-02-28T12:53:00Z</time>
      </trkpt>
      <trkpt lat="63.73839" lon="12.8937">
        <time>2025-02-28T13:03:00Z</time>
      </trkpt>
      <trkpt lat="63.74475" lon="12.90996">
        <time>2025-02-28T13:13:00Z</time>
      </trkpt>
      <trkpt lat="63.74553" lon="12.91816">
        <time>2025-02-28T13:23:00Z</time>
      </trkpt>
      <trkpt lat="63.74759" lon="12.92676">
        <time>2025-02-28T13:33:00Z</time>
      </trkpt>
      <trkpt lat="63.75145" lon="12.94311">
        <time>2025-02-28T13:43:00Z</time>
      </trkpt>
      <trkpt lat="63.75157" lon="12.94397">
        <time>2025-02-28T13:53:00Z</time>
      </trkpt>
      <trkpt lat="63.75046" lon="12.95279">
        <time>2025-02-28T14:04:00Z</time>
      </trkpt>
      <trkpt lat="63.7508" lon="12.95891">
        <time>2025-02-28T14:14:00Z</time>
      </trkpt>
      <trkpt lat="63.7508" lon="12.95891">
        <time>2025-02-28T14:16:00Z</time>
      </trkpt>
      <trkpt lat="63.75053" lon="12.95983">
        <time>2025-02-28T14:16:00Z</time>
      </trkpt>
      <trkpt lat="63.75086" lon="12.95966">
        <time>2025-03-01T09:51:00Z</time>
      </trkpt>
      <trkpt lat="63.74664" lon="12.97105">
        <time>2025-03-01T10:01:00Z</time>
      </trkpt>
      <trkpt lat="63.74307" lon="12.99094">
        <time>2025-03-01T10:11:00Z</time>
      </trkpt>
      <trkpt lat="63.74009" lon="13.00834">
        <time>2025-03-01T10:21:00Z</time>
      </trkpt>
      <trkpt lat="63.73731" lon="13.02352">
        <time>2025-03-01T10:31:00Z</time>
      </trkpt>
      <trkpt lat="63.7394" lon="13.04025">
        <time>2025-03-01T10:41:00Z</time>
      </trkpt>
      <trkpt lat="63.73555" lon="13.05594">
        <time>2025-03-01T10:51:00Z</time>
      </trkpt>
      <trkpt lat="63.73605" lon="13.07031">
        <time>2025-03-01T11:01:00Z</time>
      </trkpt>
      <trkpt lat="63.7426" lon="13.07946">
        <time>2025-03-01T11:11:00Z</time>
      </trkpt>
      <trkpt lat="63.74414" lon="13.08778">
        <time>2025-03-01T11:21:00Z</time>
      </trkpt>
      <trkpt lat="63.73869" lon="13.10132">
        <time>2025-03-01T11:31:00Z</time>
      </trkpt>
      <trkpt lat="63.73783" lon="13.10347">
        <time>2025-03-01T11:35:00Z</time>
      </trkpt>
      <trkpt lat="63.73789" lon="13.10342">
        <time>2025-03-01T12:06:00Z</time>
      </trkpt>
      <trkpt lat="63.73539" lon="13.11362">
        <time>2025-03-01T12:16:00Z</time>
      </trkpt>
      <trkpt lat="63.73076" lon="13.13346">
        <time>2025-03-01T12:26:00Z</time>
      </trkpt>
      <trkpt lat="63.72944" lon="13.15241">
        <time>2025-03-01T12:36:00Z</time>
      </trkpt>
      <trkpt lat="63.73149" lon="13.17084">
        <time>2025-03-01T12:46:00Z</time>
      </trkpt>
      <trkpt lat="63.73099" lon="13.19176">
        <time>2025-03-01T12:56:00Z</time>
      </trkpt>
      <trkpt lat="63.72648" lon="13.20784">
        <time>2025-03-01T13:06:00Z</time>
      </trkpt>
      <trkpt lat="63.72436" lon="13.22318">
        <time>2025-03-01T13:16:00Z</time>
      </trkpt>
      <trkpt lat="63.73061" lon="13.22962">
        <time>2025-03-01T13:26:00Z</time>
      </trkpt>
      <trkpt lat="63.73209" lon="13.24193">
        <time>2025-03-01T13:36:00Z</time>
      </trkpt>
      <trkpt lat="63.72966" lon="13.25324">
        <time>2025-03-01T13:45:00Z</time>
      </trkpt>
      <trkpt lat="63.72957" lon="13.2532">
        <time>2025-03-01T14:12:00Z</time>
      </trkpt>
      <trkpt lat="63.72719" lon="13.27075">
        <time>2025-03-01T14:22:00Z</time>
      </trkpt>
      <trkpt lat="63.71954" lon="13.26764">
        <time>2025-03-01T14:32:00Z</time>
      </trkpt>
      <trkpt lat="63.71292" lon="13.27663">
        <time>2025-03-01T14:42:00Z</time>
      </trkpt>
      <trkpt lat="63.70772" lon="13.28515">
        <time>2025-03-01T14:52:00Z</time>
      </trkpt>
      <trkpt lat="63.70633" lon="13.2939">
        <time>2025-03-01T15:02:00Z</time>
      </trkpt>
      <trkpt lat="63.70634" lon="13.29388">
        <time>2025-03-01T15:07:00Z</time>
      </trkpt>
      <trkpt lat="63.70656" lon="13.29356">
        <time>2025-03-02T09:38:00Z</time>
      </trkpt>
      <trkpt lat="63.7059" lon="13.29858">
        <time>2025-03-02T09:48:00Z</time>
      </trkpt>
      <trkpt lat="63.7081" lon="13.31227">
        <time>2025-03-02T09:58:00Z</time>
      </trkpt>
      <trkpt lat="63.71331" lon="13.3213">
        <time>2025-03-02T10:08:00Z</time>
      </trkpt>
      <trkpt lat="63.71865" lon="13.32862">
        <time>2025-03-02T10:18:00Z</time>
      </trkpt>
      <trkpt lat="63.72295" lon="13.33218">
        <time>2025-03-02T10:28:00Z</time>
      </trkpt>
      <trkpt lat="63.72457" lon="13.34605">
        <time>2025-03-02T10:38:00Z</time>
      </trkpt>
      <trkpt lat="63.72264" lon="13.3589">
        <time>2025-03-02T10:48:00Z</time>
      </trkpt>
      <trkpt lat="63.72201" lon="13.36849">
        <time>2025-03-02T10:58:00Z</time>
      </trkpt>
      <trkpt lat="63.72161" lon="13.37778">
        <time>2025-03-02T11:08:00Z</time>
      </trkpt>
      <trkpt lat="63.72018" lon="13.38203">
        <time>2025-03-02T11:18:00Z</time>
      </trkpt>
      <trkpt lat="63.71936" lon="13.39673">
        <time>2025-03-02T11:28:00Z</time>
      </trkpt>
      <trkpt lat="63.71995" lon="13.39898">
        <time>2025-03-02T11:38:00Z</time>
      </trkpt>
      <trkpt lat="63.71992" lon="13.39894">
        <time>2025-03-02T11:56:00Z</time>
      </trkpt>
      <trkpt lat="63.72193" lon="13.4042">
        <time>2025-03-02T12:06:00Z</time>
      </trkpt>
      <trkpt lat="63.72797" lon="13.41892">
        <time>2025-03-02T12:16:00Z</time>
      </trkpt>
      <trkpt lat="63.72953" lon="13.43297">
        <time>2025-03-02T12:26:00Z</time>
      </trkpt>
      <trkpt lat="63.73032" lon="13.44992">
        <time>2025-03-02T12:36:00Z</time>
      </trkpt>
      <trkpt lat="63.72915" lon="13.46685">
        <time>2025-03-02T12:46:00Z</time>
      </trkpt>
      <trkpt lat="63.72213" lon="13.47511">
        <time>2025-03-02T12:56:00Z</time>
      </trkpt>
      <trkpt lat="63.71918" lon="13.48307">
        <time>2025-03-02T13:06:00Z</time>
      </trkpt>
      <trkpt lat="63.71493" lon="13.49475">
        <time>2025-03-02T13:16:00Z</time>
      </trkpt>
      <trkpt lat="63.71435" lon="13.51275">
        <time>2025-03-02T13:26:00Z</time>
      </trkpt>
      <trkpt lat="63.71522" lon="13.52715">
        <time>2025-03-02T13:36:00Z</time>
      </trkpt>
      <trkpt lat="63.71024" lon="13.54607">
        <time>2025-03-02T13:46:00Z</time>
      </trkpt>
      <trkpt lat="63.70892" lon="13.5518">
        <time>2025-03-02T13:51:00Z</time>
      </trkpt>
      <trkpt lat="63.70879" lon="13.5518">
        <time>2025-03-02T14:21:00Z</time>
      </trkpt>
      <trkpt lat="63.70635" lon="13.56631">
        <time>2025-03-02T14:31:00Z</time>
      </trkpt>
      <trkpt lat="63.70731" lon="13.5871">
        <time>2025-03-02T14:41:00Z</time>
      </trkpt>
      <trkpt lat="63.70206" lon="13.59809">
        <time>2025-03-02T14:51:00Z</time>
      </trkpt>
      <trkpt lat="63.69811" lon="13.613">
        <time>2025-03-02T15:01:00Z</time>
      </trkpt>
      <trkpt lat="63.69634" lon="13.62607">
        <time>2025-03-02T15:11:00Z</time>
      </trkpt>
    </trkseg>
  </trk>
  <trk>
    <name>Helags→Olden · Evelina Silokangas (storlien)</name>
    <trkseg>
      <trkpt lat="62.91756" lon="12.50542">
        <time>2020-02-17T14:31:00Z</time>
      </trkpt>
      <trkpt lat="62.92188" lon="12.49339">
        <time>2020-02-17T14:41:00Z</time>
      </trkpt>
      <trkpt lat="62.92692" lon="12.48628">
        <time>2020-02-17T14:50:00Z</time>
      </trkpt>
      <trkpt lat="62.93531" lon="12.47693">
        <time>2020-02-17T15:00:00Z</time>
      </trkpt>
      <trkpt lat="62.939" lon="12.47195">
        <time>2020-02-17T15:10:00Z</time>
      </trkpt>
      <trkpt lat="62.94511" lon="12.46191">
        <time>2020-02-17T15:20:00Z</time>
      </trkpt>
      <trkpt lat="62.9498" lon="12.45019">
        <time>2020-02-17T15:30:00Z</time>
      </trkpt>
      <trkpt lat="62.95161" lon="12.44292">
        <time>2020-02-17T15:41:00Z</time>
      </trkpt>
      <trkpt lat="62.95416" lon="12.43071">
        <time>2020-02-17T15:50:00Z</time>
      </trkpt>
      <trkpt lat="62.95545" lon="12.42425">
        <time>2020-02-17T16:00:00Z</time>
      </trkpt>
      <trkpt lat="62.95611" lon="12.42092">
        <time>2020-02-17T16:10:00Z</time>
      </trkpt>
      <trkpt lat="62.95879" lon="12.40762">
        <time>2020-02-17T16:20:00Z</time>
      </trkpt>
      <trkpt lat="62.95907" lon="12.40573">
        <time>2020-02-17T16:30:00Z</time>
      </trkpt>
      <trkpt lat="62.96288" lon="12.39165">
        <time>2020-02-17T16:40:00Z</time>
      </trkpt>
      <trkpt lat="62.96555" lon="12.38483">
        <time>2020-02-17T16:50:00Z</time>
      </trkpt>
      <trkpt lat="62.96954" lon="12.37267">
        <time>2020-02-17T17:00:00Z</time>
      </trkpt>
      <trkpt lat="62.97624" lon="12.36681">
        <time>2020-02-17T17:10:00Z</time>
      </trkpt>
      <trkpt lat="62.98374" lon="12.36181">
        <time>2020-02-17T17:28:00Z</time>
      </trkpt>
      <trkpt lat="62.98391" lon="12.36181">
        <time>2020-02-18T08:46:00Z</time>
      </trkpt>
      <trkpt lat="62.98391" lon="12.36181">
        <time>2020-02-18T08:46:00Z</time>
      </trkpt>
      <trkpt lat="62.98622" lon="12.35664">
        <time>2020-02-18T08:55:00Z</time>
      </trkpt>
      <trkpt lat="62.99257" lon="12.35423">
        <time>2020-02-18T09:05:00Z</time>
      </trkpt>
      <trkpt lat="62.9962" lon="12.34966">
        <time>2020-02-18T09:15:00Z</time>
      </trkpt>
      <trkpt lat="62.99868" lon="12.34565">
        <time>2020-02-18T09:25:00Z</time>
      </trkpt>
      <trkpt lat="63.00064" lon="12.34346">
        <time>2020-02-18T09:35:00Z</time>
      </trkpt>
      <trkpt lat="63.00493" lon="12.33966">
        <time>2020-02-18T09:46:00Z</time>
      </trkpt>
      <trkpt lat="63.00831" lon="12.3357">
        <time>2020-02-18T09:55:00Z</time>
      </trkpt>
      <trkpt lat="63.00968" lon="12.33398">
        <time>2020-02-18T10:05:00Z</time>
      </trkpt>
      <trkpt lat="63.01217" lon="12.32823">
        <time>2020-02-18T10:15:00Z</time>
      </trkpt>
      <trkpt lat="63.01376" lon="12.32284">
        <time>2020-02-18T10:25:00Z</time>
      </trkpt>
      <trkpt lat="63.01568" lon="12.31664">
        <time>2020-02-18T10:36:00Z</time>
      </trkpt>
      <trkpt lat="63.018" lon="12.3114">
        <time>2020-02-18T10:46:00Z</time>
      </trkpt>
      <trkpt lat="63.02112" lon="12.30409">
        <time>2020-02-18T10:55:00Z</time>
      </trkpt>
      <trkpt lat="63.02409" lon="12.29761">
        <time>2020-02-18T11:05:00Z</time>
      </trkpt>
      <trkpt lat="63.025" lon="12.29522">
        <time>2020-02-18T11:15:00Z</time>
      </trkpt>
      <trkpt lat="63.02616" lon="12.28973">
        <time>2020-02-18T11:25:00Z</time>
      </trkpt>
      <trkpt lat="63.02737" lon="12.28428">
        <time>2020-02-18T11:35:00Z</time>
      </trkpt>
      <trkpt lat="63.02778" lon="12.28134">
        <time>2020-02-18T11:45:00Z</time>
      </trkpt>
      <trkpt lat="63.0282" lon="12.27323">
        <time>2020-02-18T11:55:00Z</time>
      </trkpt>
      <trkpt lat="63.03172" lon="12.26195">
        <time>2020-02-18T12:05:00Z</time>
      </trkpt>
      <trkpt lat="63.03769" lon="12.26864">
        <time>2020-02-18T12:15:00Z</time>
      </trkpt>
      <trkpt lat="63.04206" lon="12.27375">
        <time>2020-02-18T12:25:00Z</time>
      </trkpt>
      <trkpt lat="63.04242" lon="12.27435">
        <time>2020-02-18T12:34:00Z</time>
      </trkpt>
      <trkpt lat="63.04245" lon="12.2743">
        <time>2020-02-18T12:44:00Z</time>
      </trkpt>
      <trkpt lat="63.04245" lon="12.2743">
        <time>2020-02-18T12:54:00Z</time>
      </trkpt>
      <trkpt lat="63.04245" lon="12.2743">
        <time>2020-02-18T13:04:00Z</time>
      </trkpt>
      <trkpt lat="63.04305" lon="12.27499">
        <time>2020-02-18T14:09:00Z</time>
      </trkpt>
      <trkpt lat="63.04993" lon="12.27878">
        <time>2020-02-18T14:19:00Z</time>
      </trkpt>
      <trkpt lat="63.05946" lon="12.27784">
        <time>2020-02-18T14:29:00Z</time>
      </trkpt>
      <trkpt lat="63.06365" lon="12.27744">
        <time>2020-02-18T14:38:00Z</time>
      </trkpt>
      <trkpt lat="63.06839" lon="12.28222">
        <time>2020-02-18T14:48:00Z</time>
      </trkpt>
      <trkpt lat="63.07372" lon="12.28804">
        <time>2020-02-18T14:58:00Z</time>
      </trkpt>
      <trkpt lat="63.07605" lon="12.29445">
        <time>2020-02-18T15:09:00Z</time>
      </trkpt>
      <trkpt lat="63.07861" lon="12.29984">
        <time>2020-02-18T15:18:00Z</time>
      </trkpt>
      <trkpt lat="63.0828" lon="12.3052">
        <time>2020-02-18T15:38:00Z</time>
      </trkpt>
      <trkpt lat="63.08799" lon="12.30752">
        <time>2020-02-18T15:48:00Z</time>
      </trkpt>
      <trkpt lat="63.09396" lon="12.31198">
        <time>2020-02-18T15:58:00Z</time>
      </trkpt>
      <trkpt lat="63.09915" lon="12.31619">
        <time>2020-02-18T16:09:00Z</time>
      </trkpt>
      <trkpt lat="63.10468" lon="12.3208">
        <time>2020-02-18T16:18:00Z</time>
      </trkpt>
      <trkpt lat="63.10985" lon="12.32583">
        <time>2020-02-18T16:28:00Z</time>
      </trkpt>
      <trkpt lat="63.11388" lon="12.3266">
        <time>2020-02-18T16:38:00Z</time>
      </trkpt>
      <trkpt lat="63.11791" lon="12.32765">
        <time>2020-02-18T16:48:00Z</time>
      </trkpt>
      <trkpt lat="63.12179" lon="12.33027">
        <time>2020-02-18T16:58:00Z</time>
      </trkpt>
      <trkpt lat="63.12444" lon="12.33281">
        <time>2020-02-18T17:08:00Z</time>
      </trkpt>
      <trkpt lat="63.1271" lon="12.33513">
        <time>2020-02-18T17:18:00Z</time>
      </trkpt>
      <trkpt lat="63.13427" lon="12.33994">
        <time>2020-02-18T17:28:00Z</time>
      </trkpt>
      <trkpt lat="63.14779" lon="12.35026">
        <time>2020-02-18T17:48:00Z</time>
      </trkpt>
      <trkpt lat="63.15376" lon="12.35241">
        <time>2020-02-18T17:58:00Z</time>
      </trkpt>
      <trkpt lat="63.15891" lon="12.3549">
        <time>2020-02-18T18:08:00Z</time>
      </trkpt>
      <trkpt lat="63.16447" lon="12.35601">
        <time>2020-02-18T18:17:00Z</time>
      </trkpt>
      <trkpt lat="63.16936" lon="12.36213">
        <time>2020-02-18T18:27:00Z</time>
      </trkpt>
      <trkpt lat="63.16935" lon="12.36211">
        <time>2020-02-18T18:37:00Z</time>
      </trkpt>
      <trkpt lat="63.16968" lon="12.36286">
        <time>2020-02-18T18:47:00Z</time>
      </trkpt>
      <trkpt lat="63.16979" lon="12.36299">
        <time>2020-02-18T18:49:00Z</time>
      </trkpt>
      <trkpt lat="63.16972" lon="12.36297">
        <time>2020-02-20T09:01:00Z</time>
      </trkpt>
      <trkpt lat="63.16972" lon="12.36297">
        <time>2020-02-20T09:01:00Z</time>
      </trkpt>
      <trkpt lat="63.16776" lon="12.36028">
        <time>2020-02-20T09:10:00Z</time>
      </trkpt>
      <trkpt lat="63.16724" lon="12.35722">
        <time>2020-02-20T09:20:00Z</time>
      </trkpt>
      <trkpt lat="63.16626" lon="12.3526">
        <time>2020-02-20T09:30:00Z</time>
      </trkpt>
      <trkpt lat="63.16565" lon="12.34481">
        <time>2020-02-20T09:40:00Z</time>
      </trkpt>
      <trkpt lat="63.16359" lon="12.337">
        <time>2020-02-20T09:50:00Z</time>
      </trkpt>
      <trkpt lat="63.16155" lon="12.33001">
        <time>2020-02-20T10:00:00Z</time>
      </trkpt>
      <trkpt lat="63.15908" lon="12.32752">
        <time>2020-02-20T10:10:00Z</time>
      </trkpt>
      <trkpt lat="63.15832" lon="12.31836">
        <time>2020-02-20T10:20:00Z</time>
      </trkpt>
      <trkpt lat="63.1584" lon="12.30604">
        <time>2020-02-20T10:29:00Z</time>
      </trkpt>
      <trkpt lat="63.15767" lon="12.29565">
        <time>2020-02-20T10:39:00Z</time>
      </trkpt>
      <trkpt lat="63.15732" lon="12.28771">
        <time>2020-02-20T10:49:00Z</time>
      </trkpt>
      <trkpt lat="63.15694" lon="12.27703">
        <time>2020-02-20T11:00:00Z</time>
      </trkpt>
      <trkpt lat="63.15653" lon="12.26868">
        <time>2020-02-20T11:09:00Z</time>
      </trkpt>
      <trkpt lat="63.15921" lon="12.26207">
        <time>2020-02-20T11:19:00Z</time>
      </trkpt>
      <trkpt lat="63.16055" lon="12.26239">
        <time>2020-02-20T11:29:00Z</time>
      </trkpt>
      <trkpt lat="63.16054" lon="12.26229">
        <time>2020-02-20T11:39:00Z</time>
      </trkpt>
      <trkpt lat="63.16055" lon="12.26231">
        <time>2020-02-20T11:50:00Z</time>
      </trkpt>
      <trkpt lat="63.16055" lon="12.26231">
        <time>2020-02-20T12:00:00Z</time>
      </trkpt>
      <trkpt lat="63.16053" lon="12.26231">
        <time>2020-02-20T12:09:00Z</time>
      </trkpt>
      <trkpt lat="63.16102" lon="12.2631">
        <time>2020-02-20T12:19:00Z</time>
      </trkpt>
      <trkpt lat="63.16412" lon="12.26647">
        <time>2020-02-20T12:29:00Z</time>
      </trkpt>
      <trkpt lat="63.167" lon="12.26759">
        <time>2020-02-20T12:39:00Z</time>
      </trkpt>
      <trkpt lat="63.16838" lon="12.26806">
        <time>2020-02-20T12:49:00Z</time>
      </trkpt>
      <trkpt lat="63.17197" lon="12.27048">
        <time>2020-02-20T13:00:00Z</time>
      </trkpt>
      <trkpt lat="63.17588" lon="12.27293">
        <time>2020-02-20T13:09:00Z</time>
      </trkpt>
      <trkpt lat="63.18106" lon="12.27534">
        <time>2020-02-20T13:19:00Z</time>
      </trkpt>
      <trkpt lat="63.18471" lon="12.27757">
        <time>2020-02-20T13:29:00Z</time>
      </trkpt>
      <trkpt lat="63.18603" lon="12.27879">
        <time>2020-02-20T13:39:00Z</time>
      </trkpt>
      <trkpt lat="63.19147" lon="12.27673">
        <time>2020-02-20T13:49:00Z</time>
      </trkpt>
      <trkpt lat="63.19871" lon="12.26868">
        <time>2020-02-20T13:59:00Z</time>
      </trkpt>
      <trkpt lat="63.20518" lon="12.26357">
        <time>2020-02-20T14:08:00Z</time>
      </trkpt>
      <trkpt lat="63.2091" lon="12.26064">
        <time>2020-02-20T14:18:00Z</time>
      </trkpt>
      <trkpt lat="63.21323" lon="12.25729">
        <time>2020-02-20T14:28:00Z</time>
      </trkpt>
      <trkpt lat="63.21799" lon="12.25274">
        <time>2020-02-20T14:38:00Z</time>
      </trkpt>
      <trkpt lat="63.2248" lon="12.24501">
        <time>2020-02-20T14:48:00Z</time>
      </trkpt>
      <trkpt lat="63.22986" lon="12.23169">
        <time>2020-02-20T14:58:00Z</time>
      </trkpt>
      <trkpt lat="63.23351" lon="12.22053">
        <time>2020-02-20T15:08:00Z</time>
      </trkpt>
      <trkpt lat="63.24095" lon="12.2036">
        <time>2020-02-20T15:18:00Z</time>
      </trkpt>
      <trkpt lat="63.24237" lon="12.20137">
        <time>2020-02-20T15:28:00Z</time>
      </trkpt>
      <trkpt lat="63.24241" lon="12.20137">
        <time>2020-02-20T15:38:00Z</time>
      </trkpt>
      <trkpt lat="63.24222" lon="12.19746">
        <time>2020-02-20T15:48:00Z</time>
      </trkpt>
      <trkpt lat="63.24218" lon="12.1974">
        <time>2020-02-20T15:58:00Z</time>
      </trkpt>
      <trkpt lat="63.24218" lon="12.1974">
        <time>2020-02-20T16:08:00Z</time>
      </trkpt>
      <trkpt lat="63.24222" lon="12.1972">
        <time>2020-02-20T16:17:00Z</time>
      </trkpt>
      <trkpt lat="63.24231" lon="12.19703">
        <time>2020-02-20T16:27:00Z</time>
      </trkpt>
      <trkpt lat="63.24241" lon="12.19695">
        <time>2020-02-20T16:37:00Z</time>
      </trkpt>
      <trkpt lat="63.24241" lon="12.19695">
        <time>2020-02-20T16:47:00Z</time>
      </trkpt>
      <trkpt lat="63.24297" lon="12.19575">
        <time>2020-02-20T16:58:00Z</time>
      </trkpt>
      <trkpt lat="63.24363" lon="12.19409">
        <time>2020-02-20T17:07:00Z</time>
      </trkpt>
      <trkpt lat="63.24632" lon="12.1883">
        <time>2020-02-20T17:17:00Z</time>
      </trkpt>
      <trkpt lat="63.24984" lon="12.18719">
        <time>2020-02-20T17:27:00Z</time>
      </trkpt>
      <trkpt lat="63.25167" lon="12.18094">
        <time>2020-02-20T17:37:00Z</time>
      </trkpt>
      <trkpt lat="63.25172" lon="12.18096">
        <time>2020-02-20T17:40:00Z</time>
      </trkpt>
      <trkpt lat="63.25172" lon="12.18062">
        <time>2020-02-21T09:19:00Z</time>
      </trkpt>
      <trkpt lat="63.25172" lon="12.18062">
        <time>2020-02-21T09:19:00Z</time>
      </trkpt>
      <trkpt lat="63.25519" lon="12.17307">
        <time>2020-02-21T09:28:00Z</time>
      </trkpt>
      <trkpt lat="63.25842" lon="12.16652">
        <time>2020-02-21T09:38:00Z</time>
      </trkpt>
      <trkpt lat="63.26242" lon="12.15624">
        <time>2020-02-21T09:48:00Z</time>
      </trkpt>
      <trkpt lat="63.26484" lon="12.14749">
        <time>2020-02-21T09:58:00Z</time>
      </trkpt>
      <trkpt lat="63.26737" lon="12.13942">
        <time>2020-02-21T10:08:00Z</time>
      </trkpt>
      <trkpt lat="63.27212" lon="12.13217">
        <time>2020-02-21T10:19:00Z</time>
      </trkpt>
      <trkpt lat="63.27353" lon="12.13397">
        <time>2020-02-21T10:28:00Z</time>
      </trkpt>
      <trkpt lat="63.27622" lon="12.14444">
        <time>2020-02-21T10:38:00Z</time>
      </trkpt>
      <trkpt lat="63.281" lon="12.15137">
        <time>2020-02-21T10:48:00Z</time>
      </trkpt>
      <trkpt lat="63.28465" lon="12.15721">
        <time>2020-02-21T10:58:00Z</time>
      </trkpt>
      <trkpt lat="63.28474" lon="12.15755">
        <time>2020-02-21T11:09:00Z</time>
      </trkpt>
      <trkpt lat="63.28689" lon="12.16382">
        <time>2020-02-21T11:19:00Z</time>
      </trkpt>
      <trkpt lat="63.28904" lon="12.168">
        <time>2020-02-21T11:28:00Z</time>
      </trkpt>
      <trkpt lat="63.29221" lon="12.1668">
        <time>2020-02-21T11:38:00Z</time>
      </trkpt>
      <trkpt lat="63.29544" lon="12.15916">
        <time>2020-02-21T11:48:00Z</time>
      </trkpt>
      <trkpt lat="63.29896" lon="12.14903">
        <time>2020-02-21T11:58:00Z</time>
      </trkpt>
      <trkpt lat="63.3013" lon="12.14365">
        <time>2020-02-21T12:08:00Z</time>
      </trkpt>
      <trkpt lat="63.30457" lon="12.13392">
        <time>2020-02-21T12:18:00Z</time>
      </trkpt>
      <trkpt lat="63.30783" lon="12.12431">
        <time>2020-02-21T12:28:00Z</time>
      </trkpt>
      <trkpt lat="63.31115" lon="12.12361">
        <time>2020-02-21T12:38:00Z</time>
      </trkpt>
      <trkpt lat="63.3118" lon="12.1308">
        <time>2020-02-21T12:48:00Z</time>
      </trkpt>
      <trkpt lat="63.3106" lon="12.13097">
        <time>2020-02-21T12:58:00Z</time>
      </trkpt>
      <trkpt lat="63.31056" lon="12.13097">
        <time>2020-02-21T13:08:00Z</time>
      </trkpt>
      <trkpt lat="63.31056" lon="12.1309">
        <time>2020-02-21T13:27:00Z</time>
      </trkpt>
      <trkpt lat="63.31057" lon="12.13092">
        <time>2020-02-21T13:37:00Z</time>
      </trkpt>
      <trkpt lat="63.31056" lon="12.13092">
        <time>2020-02-21T13:47:00Z</time>
      </trkpt>
      <trkpt lat="63.31055" lon="12.13092">
        <time>2020-02-21T13:57:00Z</time>
      </trkpt>
      <trkpt lat="63.31055" lon="12.13092">
        <time>2020-02-21T14:07:00Z</time>
      </trkpt>
      <trkpt lat="63.31056" lon="12.13092">
        <time>2020-02-21T14:17:00Z</time>
      </trkpt>
      <trkpt lat="63.31056" lon="12.13092">
        <time>2020-02-21T14:27:00Z</time>
      </trkpt>
      <trkpt lat="63.31056" lon="12.13097">
        <time>2020-02-21T14:38:00Z</time>
      </trkpt>
      <trkpt lat="63.31056" lon="12.13097">
        <time>2020-02-21T14:48:00Z</time>
      </trkpt>
      <trkpt lat="63.31323" lon="12.13386">
        <time>2020-02-21T14:58:00Z</time>
      </trkpt>
      <trkpt lat="63.31326" lon="12.13386">
        <time>2020-02-21T15:08:00Z</time>
      </trkpt>
      <trkpt lat="63.31331" lon="12.13382">
        <time>2020-02-21T15:18:00Z</time>
      </trkpt>
      <trkpt lat="63.31332" lon="12.13382">
        <time>2020-02-21T15:28:00Z</time>
      </trkpt>
      <trkpt lat="63.31336" lon="12.13373">
        <time>2020-02-21T16:05:00Z</time>
      </trkpt>
      <trkpt lat="63.31334" lon="12.13376">
        <time>2020-02-21T16:23:00Z</time>
      </trkpt>
      <trkpt lat="63.31336" lon="12.13378">
        <time>2020-02-21T18:22:00Z</time>
      </trkpt>
      <trkpt lat="63.31336" lon="12.13373">
        <time>2020-02-21T18:32:00Z</time>
      </trkpt>
      <trkpt lat="63.31336" lon="12.13371">
        <time>2020-02-23T08:31:00Z</time>
      </trkpt>
      <trkpt lat="63.31336" lon="12.13371">
        <time>2020-02-23T08:40:00Z</time>
      </trkpt>
      <trkpt lat="63.31293" lon="12.13391">
        <time>2020-02-23T08:40:00Z</time>
      </trkpt>
      <trkpt lat="63.31132" lon="12.12674">
        <time>2020-02-23T08:50:00Z</time>
      </trkpt>
      <trkpt lat="63.31138" lon="12.12219">
        <time>2020-02-23T09:00:00Z</time>
      </trkpt>
      <trkpt lat="63.3133" lon="12.12157">
        <time>2020-02-23T09:10:00Z</time>
      </trkpt>
      <trkpt lat="63.31498" lon="12.12071">
        <time>2020-02-23T09:20:00Z</time>
      </trkpt>
      <trkpt lat="63.31719" lon="12.11891">
        <time>2020-02-23T09:31:00Z</time>
      </trkpt>
      <trkpt lat="63.32016" lon="12.11809">
        <time>2020-02-23T09:40:00Z</time>
      </trkpt>
      <trkpt lat="63.32179" lon="12.11833">
        <time>2020-02-23T09:50:00Z</time>
      </trkpt>
      <trkpt lat="63.32285" lon="12.11891">
        <time>2020-02-23T10:00:00Z</time>
      </trkpt>
      <trkpt lat="63.32728" lon="12.12389">
        <time>2020-02-23T10:10:00Z</time>
      </trkpt>
      <trkpt lat="63.33231" lon="12.13054">
        <time>2020-02-23T10:20:00Z</time>
      </trkpt>
      <trkpt lat="63.33616" lon="12.1353">
        <time>2020-02-23T10:30:00Z</time>
      </trkpt>
      <trkpt lat="63.3382" lon="12.13721">
        <time>2020-02-23T10:40:00Z</time>
      </trkpt>
      <trkpt lat="63.34274" lon="12.14121">
        <time>2020-02-23T10:50:00Z</time>
      </trkpt>
      <trkpt lat="63.34549" lon="12.14378">
        <time>2020-02-23T11:00:00Z</time>
      </trkpt>
      <trkpt lat="63.34828" lon="12.14551">
        <time>2020-02-23T11:10:00Z</time>
      </trkpt>
      <trkpt lat="63.34998" lon="12.14382">
        <time>2020-02-23T11:19:00Z</time>
      </trkpt>
      <trkpt lat="63.34998" lon="12.1438">
        <time>2020-02-23T11:30:00Z</time>
      </trkpt>
      <trkpt lat="63.35002" lon="12.14384">
        <time>2020-02-23T11:39:00Z</time>
      </trkpt>
      <trkpt lat="63.35002" lon="12.14384">
        <time>2020-02-23T11:49:00Z</time>
      </trkpt>
      <trkpt lat="63.35002" lon="12.14384">
        <time>2020-02-23T11:59:00Z</time>
      </trkpt>
      <trkpt lat="63.35" lon="12.14382">
        <time>2020-02-23T12:09:00Z</time>
      </trkpt>
      <trkpt lat="63.35017" lon="12.14562">
        <time>2020-02-23T12:19:00Z</time>
      </trkpt>
      <trkpt lat="63.35428" lon="12.1583">
        <time>2020-02-23T12:29:00Z</time>
      </trkpt>
      <trkpt lat="63.35556" lon="12.1745">
        <time>2020-02-23T12:39:00Z</time>
      </trkpt>
      <trkpt lat="63.35679" lon="12.18341">
        <time>2020-02-23T12:49:00Z</time>
      </trkpt>
      <trkpt lat="63.35782" lon="12.19062">
        <time>2020-02-23T12:59:00Z</time>
      </trkpt>
      <trkpt lat="63.35614" lon="12.20377">
        <time>2020-02-23T13:09:00Z</time>
      </trkpt>
      <trkpt lat="63.35316" lon="12.21976">
        <time>2020-02-23T13:19:00Z</time>
      </trkpt>
      <trkpt lat="63.35289" lon="12.23392">
        <time>2020-02-23T13:29:00Z</time>
      </trkpt>
      <trkpt lat="63.35428" lon="12.24622">
        <time>2020-02-23T13:39:00Z</time>
      </trkpt>
      <trkpt lat="63.35476" lon="12.26059">
        <time>2020-02-23T13:49:00Z</time>
      </trkpt>
      <trkpt lat="63.35855" lon="12.27802">
        <time>2020-02-23T13:59:00Z</time>
      </trkpt>
      <trkpt lat="63.36131" lon="12.27847">
        <time>2020-02-23T14:08:00Z</time>
      </trkpt>
      <trkpt lat="63.36523" lon="12.27366">
        <time>2020-02-23T14:18:00Z</time>
      </trkpt>
      <trkpt lat="63.37015" lon="12.276">
        <time>2020-02-23T14:29:00Z</time>
      </trkpt>
      <trkpt lat="63.37463" lon="12.2772">
        <time>2020-02-23T14:38:00Z</time>
      </trkpt>
      <trkpt lat="63.37954" lon="12.27488">
        <time>2020-02-23T14:48:00Z</time>
      </trkpt>
      <trkpt lat="63.38339" lon="12.26922">
        <time>2020-02-23T14:58:00Z</time>
      </trkpt>
      <trkpt lat="63.38671" lon="12.26422">
        <time>2020-02-23T15:08:00Z</time>
      </trkpt>
      <trkpt lat="63.38975" lon="12.25926">
        <time>2020-02-23T15:18:00Z</time>
      </trkpt>
      <trkpt lat="63.39361" lon="12.25293">
        <time>2020-02-23T15:28:00Z</time>
      </trkpt>
      <trkpt lat="63.39514" lon="12.25038">
        <time>2020-02-23T15:38:00Z</time>
      </trkpt>
      <trkpt lat="63.39627" lon="12.24853">
        <time>2020-02-23T15:48:00Z</time>
      </trkpt>
      <trkpt lat="63.39931" lon="12.24349">
        <time>2020-02-23T15:58:00Z</time>
      </trkpt>
      <trkpt lat="63.40239" lon="12.23836">
        <time>2020-02-23T16:08:00Z</time>
      </trkpt>
      <trkpt lat="63.40441" lon="12.23506">
        <time>2020-02-23T16:18:00Z</time>
      </trkpt>
      <trkpt lat="63.40953" lon="12.23227">
        <time>2020-02-23T16:29:00Z</time>
      </trkpt>
      <trkpt lat="63.41257" lon="12.23124">
        <time>2020-02-23T16:38:00Z</time>
      </trkpt>
      <trkpt lat="63.41548" lon="12.22735">
        <time>2020-02-23T16:48:00Z</time>
      </trkpt>
      <trkpt lat="63.41809" lon="12.22495">
        <time>2020-02-23T16:58:00Z</time>
      </trkpt>
      <trkpt lat="63.41842" lon="12.22493">
        <time>2020-02-23T17:08:00Z</time>
      </trkpt>
      <trkpt lat="63.42159" lon="12.22051">
        <time>2020-02-23T17:18:00Z</time>
      </trkpt>
      <trkpt lat="63.42193" lon="12.21976">
        <time>2020-02-23T17:21:00Z</time>
      </trkpt>
      <trkpt lat="63.42193" lon="12.21974">
        <time>2020-02-23T17:28:00Z</time>
      </trkpt>
      <trkpt lat="63.42192" lon="12.21974">
        <time>2020-02-23T17:38:00Z</time>
      </trkpt>
      <trkpt lat="63.42192" lon="12.21972">
        <time>2020-02-23T17:48:00Z</time>
      </trkpt>
      <trkpt lat="63.42193" lon="12.21974">
        <time>2020-02-23T17:57:00Z</time>
      </trkpt>
      <trkpt lat="63.42194" lon="12.2198">
        <time>2020-02-23T18:15:00Z</time>
      </trkpt>
      <trkpt lat="63.42192" lon="12.21982">
        <time>2020-02-23T18:25:00Z</time>
      </trkpt>
      <trkpt lat="63.422" lon="12.21959">
        <time>2020-02-24T09:14:00Z</time>
      </trkpt>
      <trkpt lat="63.422" lon="12.21959">
        <time>2020-02-24T09:14:00Z</time>
      </trkpt>
      <trkpt lat="63.42381" lon="12.21847">
        <time>2020-02-24T09:24:00Z</time>
      </trkpt>
      <trkpt lat="63.42691" lon="12.21626">
        <time>2020-02-24T09:34:00Z</time>
      </trkpt>
      <trkpt lat="63.4285" lon="12.21926">
        <time>2020-02-24T09:44:00Z</time>
      </trkpt>
      <trkpt lat="63.43054" lon="12.221">
        <time>2020-02-24T09:54:00Z</time>
      </trkpt>
      <trkpt lat="63.43195" lon="12.22467">
        <time>2020-02-24T10:03:00Z</time>
      </trkpt>
      <trkpt lat="63.43308" lon="12.22815">
        <time>2020-02-24T10:13:00Z</time>
      </trkpt>
      <trkpt lat="63.43467" lon="12.23321">
        <time>2020-02-24T10:24:00Z</time>
      </trkpt>
      <trkpt lat="63.43872" lon="12.23847">
        <time>2020-02-24T10:33:00Z</time>
      </trkpt>
      <trkpt lat="63.44269" lon="12.23922">
        <time>2020-02-24T10:43:00Z</time>
      </trkpt>
      <trkpt lat="63.4465" lon="12.23984">
        <time>2020-02-24T10:53:00Z</time>
      </trkpt>
      <trkpt lat="63.44903" lon="12.24044">
        <time>2020-02-24T11:03:00Z</time>
      </trkpt>
      <trkpt lat="63.45434" lon="12.24122">
        <time>2020-02-24T11:13:00Z</time>
      </trkpt>
      <trkpt lat="63.45872" lon="12.24171">
        <time>2020-02-24T11:23:00Z</time>
      </trkpt>
      <trkpt lat="63.4625" lon="12.24207">
        <time>2020-02-24T11:33:00Z</time>
      </trkpt>
      <trkpt lat="63.46679" lon="12.2425">
        <time>2020-02-24T11:43:00Z</time>
      </trkpt>
      <trkpt lat="63.46835" lon="12.24295">
        <time>2020-02-24T11:53:00Z</time>
      </trkpt>
      <trkpt lat="63.46831" lon="12.24291">
        <time>2020-02-24T12:13:00Z</time>
      </trkpt>
      <trkpt lat="63.4694" lon="12.24353">
        <time>2020-02-24T12:22:00Z</time>
      </trkpt>
      <trkpt lat="63.47658" lon="12.24823">
        <time>2020-02-24T12:32:00Z</time>
      </trkpt>
      <trkpt lat="63.47928" lon="12.24939">
        <time>2020-02-24T12:42:00Z</time>
      </trkpt>
      <trkpt lat="63.48494" lon="12.24993">
        <time>2020-02-24T12:52:00Z</time>
      </trkpt>
      <trkpt lat="63.48806" lon="12.24817">
        <time>2020-02-24T13:02:00Z</time>
      </trkpt>
      <trkpt lat="63.49417" lon="12.24339">
        <time>2020-02-24T13:22:00Z</time>
      </trkpt>
      <trkpt lat="63.49949" lon="12.23716">
        <time>2020-02-24T13:32:00Z</time>
      </trkpt>
      <trkpt lat="63.50146" lon="12.23429">
        <time>2020-02-24T13:42:00Z</time>
      </trkpt>
      <trkpt lat="63.50516" lon="12.23549">
        <time>2020-02-24T13:52:00Z</time>
      </trkpt>
      <trkpt lat="63.51228" lon="12.24047">
        <time>2020-02-24T14:02:00Z</time>
      </trkpt>
      <trkpt lat="63.51564" lon="12.24144">
        <time>2020-02-24T14:12:00Z</time>
      </trkpt>
      <trkpt lat="63.52088" lon="12.24401">
        <time>2020-02-24T14:22:00Z</time>
      </trkpt>
      <trkpt lat="63.52585" lon="12.24602">
        <time>2020-02-24T14:31:00Z</time>
      </trkpt>
      <trkpt lat="63.52928" lon="12.24748">
        <time>2020-02-24T14:41:00Z</time>
      </trkpt>
      <trkpt lat="63.53293" lon="12.25012">
        <time>2020-02-24T14:51:00Z</time>
      </trkpt>
      <trkpt lat="63.53728" lon="12.25774">
        <time>2020-02-24T15:02:00Z</time>
      </trkpt>
      <trkpt lat="63.54397" lon="12.26006">
        <time>2020-02-24T15:12:00Z</time>
      </trkpt>
      <trkpt lat="63.54996" lon="12.26235">
        <time>2020-02-24T15:21:00Z</time>
      </trkpt>
      <trkpt lat="63.55096" lon="12.26293">
        <time>2020-02-24T15:31:00Z</time>
      </trkpt>
      <trkpt lat="63.55096" lon="12.26295">
        <time>2020-02-24T15:41:00Z</time>
      </trkpt>
      <trkpt lat="63.55105" lon="12.26295">
        <time>2020-02-24T15:51:00Z</time>
      </trkpt>
      <trkpt lat="63.55588" lon="12.26576">
        <time>2020-02-24T16:01:00Z</time>
      </trkpt>
      <trkpt lat="63.5592" lon="12.26812">
        <time>2020-02-24T16:12:00Z</time>
      </trkpt>
      <trkpt lat="63.56141" lon="12.26866">
        <time>2020-02-24T16:21:00Z</time>
      </trkpt>
      <trkpt lat="63.56543" lon="12.26903">
        <time>2020-02-24T16:31:00Z</time>
      </trkpt>
      <trkpt lat="63.57097" lon="12.27263">
        <time>2020-02-24T16:41:00Z</time>
      </trkpt>
      <trkpt lat="63.57499" lon="12.27508">
        <time>2020-02-24T16:51:00Z</time>
      </trkpt>
      <trkpt lat="63.57761" lon="12.2752">
        <time>2020-02-24T17:00:00Z</time>
      </trkpt>
      <trkpt lat="63.58163" lon="12.27257">
        <time>2020-02-24T17:11:00Z</time>
      </trkpt>
      <trkpt lat="63.58604" lon="12.27319">
        <time>2020-02-24T17:20:00Z</time>
      </trkpt>
      <trkpt lat="63.58844" lon="12.27671">
        <time>2020-02-24T17:30:00Z</time>
      </trkpt>
      <trkpt lat="63.58998" lon="12.28377">
        <time>2020-02-24T17:40:00Z</time>
      </trkpt>
      <trkpt lat="63.58964" lon="12.28864">
        <time>2020-02-24T17:50:00Z</time>
      </trkpt>
      <trkpt lat="63.58967" lon="12.28853">
        <time>2020-02-25T09:25:00Z</time>
      </trkpt>
      <trkpt lat="63.58967" lon="12.28853">
        <time>2020-02-25T09:25:00Z</time>
      </trkpt>
      <trkpt lat="63.59003" lon="12.29044">
        <time>2020-02-25T09:34:00Z</time>
      </trkpt>
      <trkpt lat="63.59123" lon="12.30398">
        <time>2020-02-25T09:44:00Z</time>
      </trkpt>
      <trkpt lat="63.5921" lon="12.31157">
        <time>2020-02-25T09:54:00Z</time>
      </trkpt>
      <trkpt lat="63.59298" lon="12.31836">
        <time>2020-02-25T10:04:00Z</time>
      </trkpt>
      <trkpt lat="63.59529" lon="12.32494">
        <time>2020-02-25T10:14:00Z</time>
      </trkpt>
      <trkpt lat="63.59835" lon="12.3328">
        <time>2020-02-25T10:25:00Z</time>
      </trkpt>
      <trkpt lat="63.60072" lon="12.33754">
        <time>2020-02-25T10:34:00Z</time>
      </trkpt>
      <trkpt lat="63.60091" lon="12.3381">
        <time>2020-02-25T10:44:00Z</time>
      </trkpt>
      <trkpt lat="63.60225" lon="12.3499">
        <time>2020-02-25T10:54:00Z</time>
      </trkpt>
      <trkpt lat="63.60467" lon="12.36614">
        <time>2020-02-25T11:04:00Z</time>
      </trkpt>
      <trkpt lat="63.60584" lon="12.37756">
        <time>2020-02-25T11:14:00Z</time>
      </trkpt>
      <trkpt lat="63.60623" lon="12.38799">
        <time>2020-02-25T11:24:00Z</time>
      </trkpt>
      <trkpt lat="63.60624" lon="12.38803">
        <time>2020-02-25T11:34:00Z</time>
      </trkpt>
      <trkpt lat="63.60891" lon="12.39015">
        <time>2020-02-25T11:47:00Z</time>
      </trkpt>
      <trkpt lat="63.61457" lon="12.3985">
        <time>2020-02-25T11:57:00Z</time>
      </trkpt>
      <trkpt lat="63.61591" lon="12.40286">
        <time>2020-02-25T12:07:00Z</time>
      </trkpt>
      <trkpt lat="63.61592" lon="12.40283">
        <time>2020-02-25T12:17:00Z</time>
      </trkpt>
      <trkpt lat="63.61591" lon="12.40283">
        <time>2020-02-25T12:27:00Z</time>
      </trkpt>
      <trkpt lat="63.61901" lon="12.41659">
        <time>2020-02-25T12:36:00Z</time>
      </trkpt>
      <trkpt lat="63.62379" lon="12.43122">
        <time>2020-02-25T12:46:00Z</time>
      </trkpt>
      <trkpt lat="63.62655" lon="12.44549">
        <time>2020-02-25T12:56:00Z</time>
      </trkpt>
      <trkpt lat="63.62543" lon="12.45963">
        <time>2020-02-25T13:06:00Z</time>
      </trkpt>
      <trkpt lat="63.6265" lon="12.47448">
        <time>2020-02-25T13:16:00Z</time>
      </trkpt>
      <trkpt lat="63.62853" lon="12.4862">
        <time>2020-02-25T13:27:00Z</time>
      </trkpt>
      <trkpt lat="63.63288" lon="12.49915">
        <time>2020-02-25T13:46:00Z</time>
      </trkpt>
      <trkpt lat="63.63845" lon="12.50392">
        <time>2020-02-25T13:56:00Z</time>
      </trkpt>
      <trkpt lat="63.64022" lon="12.50688">
        <time>2020-02-25T14:06:00Z</time>
      </trkpt>
      <trkpt lat="63.6435" lon="12.50377">
        <time>2020-02-25T14:16:00Z</time>
      </trkpt>
      <trkpt lat="63.64719" lon="12.50969">
        <time>2020-02-25T14:26:00Z</time>
      </trkpt>
      <trkpt lat="63.6523" lon="12.51439">
        <time>2020-02-25T14:36:00Z</time>
      </trkpt>
      <trkpt lat="63.65813" lon="12.51997">
        <time>2020-02-25T14:46:00Z</time>
      </trkpt>
      <trkpt lat="63.66322" lon="12.52939">
        <time>2020-02-25T14:56:00Z</time>
      </trkpt>
      <trkpt lat="63.66414" lon="12.5304">
        <time>2020-02-25T15:06:00Z</time>
      </trkpt>
      <trkpt lat="63.66734" lon="12.53289">
        <time>2020-02-25T15:16:00Z</time>
      </trkpt>
      <trkpt lat="63.67133" lon="12.53795">
        <time>2020-02-25T15:26:00Z</time>
      </trkpt>
      <trkpt lat="63.67596" lon="12.54497">
        <time>2020-02-25T15:36:00Z</time>
      </trkpt>
      <trkpt lat="63.67928" lon="12.54973">
        <time>2020-02-25T15:46:00Z</time>
      </trkpt>
      <trkpt lat="63.68237" lon="12.55564">
        <time>2020-02-25T15:56:00Z</time>
      </trkpt>
      <trkpt lat="63.6849" lon="12.5645">
        <time>2020-02-25T16:06:00Z</time>
      </trkpt>
      <trkpt lat="63.69056" lon="12.56104">
        <time>2020-02-25T16:16:00Z</time>
      </trkpt>
      <trkpt lat="63.69378" lon="12.56894">
        <time>2020-02-25T16:26:00Z</time>
      </trkpt>
      <trkpt lat="63.69709" lon="12.57479">
        <time>2020-02-25T16:35:00Z</time>
      </trkpt>
      <trkpt lat="63.69855" lon="12.58415">
        <time>2020-02-25T16:45:00Z</time>
      </trkpt>
      <trkpt lat="63.69867" lon="12.58505">
        <time>2020-02-25T16:55:00Z</time>
      </trkpt>
      <trkpt lat="63.69956" lon="12.59265">
        <time>2020-02-25T17:05:00Z</time>
      </trkpt>
      <trkpt lat="63.7007" lon="12.60443">
        <time>2020-02-25T17:15:00Z</time>
      </trkpt>
      <trkpt lat="63.70212" lon="12.61516">
        <time>2020-02-25T17:25:00Z</time>
      </trkpt>
      <trkpt lat="63.70491" lon="12.6226">
        <time>2020-02-25T17:35:00Z</time>
      </trkpt>
      <trkpt lat="63.70779" lon="12.6278">
        <time>2020-02-25T17:45:00Z</time>
      </trkpt>
      <trkpt lat="63.71117" lon="12.62756">
        <time>2020-02-25T17:55:00Z</time>
      </trkpt>
      <trkpt lat="63.71127" lon="12.62932">
        <time>2020-02-25T18:05:00Z</time>
      </trkpt>
      <trkpt lat="63.7114" lon="12.62949">
        <time>2020-02-25T18:15:00Z</time>
      </trkpt>
      <trkpt lat="63.71139" lon="12.62932">
        <time>2020-02-25T18:25:00Z</time>
      </trkpt>
      <trkpt lat="63.71133" lon="12.62928">
        <time>2020-02-25T18:30:00Z</time>
      </trkpt>
      <trkpt lat="63.7113" lon="12.62915">
        <time>2020-02-26T09:23:00Z</time>
      </trkpt>
      <trkpt lat="63.7113" lon="12.62915">
        <time>2020-02-26T09:23:00Z</time>
      </trkpt>
      <trkpt lat="63.71055" lon="12.63501">
        <time>2020-02-26T09:32:00Z</time>
      </trkpt>
      <trkpt lat="63.70656" lon="12.64891">
        <time>2020-02-26T09:42:00Z</time>
      </trkpt>
      <trkpt lat="63.70416" lon="12.66033">
        <time>2020-02-26T09:52:00Z</time>
      </trkpt>
      <trkpt lat="63.70333" lon="12.67086">
        <time>2020-02-26T10:02:00Z</time>
      </trkpt>
      <trkpt lat="63.70305" lon="12.67769">
        <time>2020-02-26T10:12:00Z</time>
      </trkpt>
      <trkpt lat="63.70305" lon="12.69134">
        <time>2020-02-26T10:22:00Z</time>
      </trkpt>
      <trkpt lat="63.70292" lon="12.70095">
        <time>2020-02-26T10:32:00Z</time>
      </trkpt>
      <trkpt lat="63.70265" lon="12.705">
        <time>2020-02-26T10:42:00Z</time>
      </trkpt>
      <trkpt lat="63.7035" lon="12.71412">
        <time>2020-02-26T10:52:00Z</time>
      </trkpt>
      <trkpt lat="63.70488" lon="12.72942">
        <time>2020-02-26T11:02:00Z</time>
      </trkpt>
      <trkpt lat="63.706" lon="12.74101">
        <time>2020-02-26T11:12:00Z</time>
      </trkpt>
      <trkpt lat="63.70454" lon="12.75277">
        <time>2020-02-26T11:22:00Z</time>
      </trkpt>
      <trkpt lat="63.70164" lon="12.76875">
        <time>2020-02-26T11:41:00Z</time>
      </trkpt>
      <trkpt lat="63.70164" lon="12.76884">
        <time>2020-02-26T11:51:00Z</time>
      </trkpt>
      <trkpt lat="63.70215" lon="12.76987">
        <time>2020-02-26T12:01:00Z</time>
      </trkpt>
      <trkpt lat="63.70219" lon="12.76991">
        <time>2020-02-26T12:11:00Z</time>
      </trkpt>
      <trkpt lat="63.70212" lon="12.76995">
        <time>2020-02-26T12:22:00Z</time>
      </trkpt>
      <trkpt lat="63.70222" lon="12.76993">
        <time>2020-02-26T12:31:00Z</time>
      </trkpt>
      <trkpt lat="63.70243" lon="12.77113">
        <time>2020-02-26T12:41:00Z</time>
      </trkpt>
      <trkpt lat="63.70224" lon="12.77543">
        <time>2020-02-26T12:51:00Z</time>
      </trkpt>
      <trkpt lat="63.70237" lon="12.77858">
        <time>2020-02-26T13:01:00Z</time>
      </trkpt>
      <trkpt lat="63.70235" lon="12.7853">
        <time>2020-02-26T13:21:00Z</time>
      </trkpt>
      <trkpt lat="63.70345" lon="12.78768">
        <time>2020-02-26T13:31:00Z</time>
      </trkpt>
      <trkpt lat="63.70621" lon="12.79346">
        <time>2020-02-26T13:50:00Z</time>
      </trkpt>
      <trkpt lat="63.70818" lon="12.79629">
        <time>2020-02-26T14:00:00Z</time>
      </trkpt>
      <trkpt lat="63.70882" lon="12.79972">
        <time>2020-02-26T14:10:00Z</time>
      </trkpt>
      <trkpt lat="63.71038" lon="12.80233">
        <time>2020-02-26T14:20:00Z</time>
      </trkpt>
      <trkpt lat="63.71484" lon="12.8104">
        <time>2020-02-26T14:30:00Z</time>
      </trkpt>
      <trkpt lat="63.71757" lon="12.81682">
        <time>2020-02-26T14:40:00Z</time>
      </trkpt>
      <trkpt lat="63.71933" lon="12.823">
        <time>2020-02-26T14:50:00Z</time>
      </trkpt>
      <trkpt lat="63.71905" lon="12.83027">
        <time>2020-02-26T15:00:00Z</time>
      </trkpt>
      <trkpt lat="63.71914" lon="12.83593">
        <time>2020-02-26T15:10:00Z</time>
      </trkpt>
      <trkpt lat="63.7206" lon="12.84117">
        <time>2020-02-26T15:20:00Z</time>
      </trkpt>
      <trkpt lat="63.72275" lon="12.84716">
        <time>2020-02-26T15:30:00Z</time>
      </trkpt>
      <trkpt lat="63.72365" lon="12.85368">
        <time>2020-02-26T15:40:00Z</time>
      </trkpt>
      <trkpt lat="63.72519" lon="12.85823">
        <time>2020-02-26T15:50:00Z</time>
      </trkpt>
      <trkpt lat="63.72532" lon="12.86143">
        <time>2020-02-26T16:00:00Z</time>
      </trkpt>
      <trkpt lat="63.72514" lon="12.86222">
        <time>2020-02-26T16:10:00Z</time>
      </trkpt>
      <trkpt lat="63.72509" lon="12.86224">
        <time>2020-02-26T16:20:00Z</time>
      </trkpt>
      <trkpt lat="63.72562" lon="12.87402">
        <time>2020-02-26T16:39:00Z</time>
      </trkpt>
      <trkpt lat="63.726" lon="12.87857">
        <time>2020-02-26T16:49:00Z</time>
      </trkpt>
      <trkpt lat="63.7285" lon="12.87934">
        <time>2020-02-26T16:59:00Z</time>
      </trkpt>
      <trkpt lat="63.72974" lon="12.8813">
        <time>2020-02-26T17:09:00Z</time>
      </trkpt>
      <trkpt lat="63.73279" lon="12.88355">
        <time>2020-02-26T17:19:00Z</time>
      </trkpt>
      <trkpt lat="63.73777" lon="12.89205">
        <time>2020-02-26T17:29:00Z</time>
      </trkpt>
      <trkpt lat="63.74472" lon="12.91147">
        <time>2020-02-26T17:39:00Z</time>
      </trkpt>
      <trkpt lat="63.74588" lon="12.91954">
        <time>2020-02-26T17:49:00Z</time>
      </trkpt>
      <trkpt lat="63.74864" lon="12.93099">
        <time>2020-02-26T17:59:00Z</time>
      </trkpt>
      <trkpt lat="63.75139" lon="12.94232">
        <time>2020-02-26T18:09:00Z</time>
      </trkpt>
      <trkpt lat="63.7507" lon="12.95181">
        <time>2020-02-26T18:19:00Z</time>
      </trkpt>
      <trkpt lat="63.75061" lon="12.95378">
        <time>2020-02-26T18:29:00Z</time>
      </trkpt>
      <trkpt lat="63.75267" lon="12.95567">
        <time>2020-02-26T18:39:00Z</time>
      </trkpt>
      <trkpt lat="63.75077" lon="12.95913">
        <time>2020-02-26T18:48:00Z</time>
      </trkpt>
      <trkpt lat="63.7506" lon="12.95994">
        <time>2020-02-26T19:05:00Z</time>
      </trkpt>
      <trkpt lat="63.75092" lon="12.96041">
        <time>2020-02-27T14:02:00Z</time>
      </trkpt>
      <trkpt lat="63.74926" lon="12.96262">
        <time>2020-02-27T14:11:00Z</time>
      </trkpt>
      <trkpt lat="63.7448" lon="12.97919">
        <time>2020-02-27T14:21:00Z</time>
      </trkpt>
      <trkpt lat="63.74308" lon="12.99112">
        <time>2020-02-27T14:31:00Z</time>
      </trkpt>
      <trkpt lat="63.74216" lon="12.99757">
        <time>2020-02-27T14:42:00Z</time>
      </trkpt>
      <trkpt lat="63.73976" lon="13.01099">
        <time>2020-02-27T14:51:00Z</time>
      </trkpt>
      <trkpt lat="63.73813" lon="13.01835">
        <time>2020-02-27T15:02:00Z</time>
      </trkpt>
      <trkpt lat="63.73827" lon="13.03167">
        <time>2020-02-27T15:11:00Z</time>
      </trkpt>
      <trkpt lat="63.73885" lon="13.04712">
        <time>2020-02-27T15:21:00Z</time>
      </trkpt>
      <trkpt lat="63.73437" lon="13.06032">
        <time>2020-02-27T15:31:00Z</time>
      </trkpt>
      <trkpt lat="63.73787" lon="13.07412">
        <time>2020-02-27T15:41:00Z</time>
      </trkpt>
      <trkpt lat="63.7417" lon="13.07875">
        <time>2020-02-27T15:51:00Z</time>
      </trkpt>
      <trkpt lat="63.74567" lon="13.08444">
        <time>2020-02-27T16:01:00Z</time>
      </trkpt>
      <trkpt lat="63.74187" lon="13.09502">
        <time>2020-02-27T16:11:00Z</time>
      </trkpt>
      <trkpt lat="63.73809" lon="13.103">
        <time>2020-02-27T16:21:00Z</time>
      </trkpt>
      <trkpt lat="63.73474" lon="13.1169">
        <time>2020-02-27T16:31:00Z</time>
      </trkpt>
      <trkpt lat="63.73021" lon="13.13529">
        <time>2020-02-27T16:41:00Z</time>
      </trkpt>
      <trkpt lat="63.72897" lon="13.14928">
        <time>2020-02-27T16:51:00Z</time>
      </trkpt>
      <trkpt lat="63.73024" lon="13.1573">
        <time>2020-02-27T17:01:00Z</time>
      </trkpt>
      <trkpt lat="63.73144" lon="13.17447">
        <time>2020-02-27T17:11:00Z</time>
      </trkpt>
      <trkpt lat="63.73094" lon="13.19147">
        <time>2020-02-27T17:21:00Z</time>
      </trkpt>
      <trkpt lat="63.72755" lon="13.20591">
        <time>2020-02-27T17:30:00Z</time>
      </trkpt>
      <trkpt lat="63.72512" lon="13.21134">
        <time>2020-02-27T17:46:00Z</time>
      </trkpt>
      <trkpt lat="63.72523" lon="13.21173">
        <time>2020-02-28T09:06:00Z</time>
      </trkpt>
      <trkpt lat="63.72477" lon="13.21496">
        <time>2020-02-28T09:16:00Z</time>
      </trkpt>
      <trkpt lat="63.72523" lon="13.21173">
        <time>2020-02-28T09:20:00Z</time>
      </trkpt>
      <trkpt lat="63.72723" lon="13.22872">
        <time>2020-02-28T09:26:00Z</time>
      </trkpt>
      <trkpt lat="63.73183" lon="13.23215">
        <time>2020-02-28T09:36:00Z</time>
      </trkpt>
      <trkpt lat="63.73216" lon="13.24074">
        <time>2020-02-28T09:46:00Z</time>
      </trkpt>
      <trkpt lat="63.73212" lon="13.24383">
        <time>2020-02-28T09:56:00Z</time>
      </trkpt>
      <trkpt lat="63.72914" lon="13.25881">
        <time>2020-02-28T10:06:00Z</time>
      </trkpt>
      <trkpt lat="63.72575" lon="13.27065">
        <time>2020-02-28T10:16:00Z</time>
      </trkpt>
      <trkpt lat="63.71995" lon="13.26775">
        <time>2020-02-28T10:26:00Z</time>
      </trkpt>
      <trkpt lat="63.71356" lon="13.27631">
        <time>2020-02-28T10:36:00Z</time>
      </trkpt>
      <trkpt lat="63.71038" lon="13.27882">
        <time>2020-02-28T10:46:00Z</time>
      </trkpt>
      <trkpt lat="63.7095" lon="13.28803">
        <time>2020-02-28T10:56:00Z</time>
      </trkpt>
      <trkpt lat="63.70572" lon="13.30223">
        <time>2020-02-28T11:06:00Z</time>
      </trkpt>
      <trkpt lat="63.70919" lon="13.31599">
        <time>2020-02-28T11:15:00Z</time>
      </trkpt>
      <trkpt lat="63.71538" lon="13.32643">
        <time>2020-02-28T11:25:00Z</time>
      </trkpt>
      <trkpt lat="63.7195" lon="13.32918">
        <time>2020-02-28T11:35:00Z</time>
      </trkpt>
      <trkpt lat="63.72429" lon="13.33657">
        <time>2020-02-28T11:45:00Z</time>
      </trkpt>
      <trkpt lat="63.72448" lon="13.34794">
        <time>2020-02-28T11:55:00Z</time>
      </trkpt>
      <trkpt lat="63.72444" lon="13.34794">
        <time>2020-02-28T12:05:00Z</time>
      </trkpt>
      <trkpt lat="63.72454" lon="13.34787">
        <time>2020-02-28T12:15:00Z</time>
      </trkpt>
      <trkpt lat="63.72463" lon="13.34762">
        <time>2020-02-28T12:33:00Z</time>
      </trkpt>
      <trkpt lat="63.72462" lon="13.34764">
        <time>2020-02-28T12:43:00Z</time>
      </trkpt>
      <trkpt lat="63.7229" lon="13.35682">
        <time>2020-02-28T12:53:00Z</time>
      </trkpt>
      <trkpt lat="63.7218" lon="13.3698">
        <time>2020-02-28T13:03:00Z</time>
      </trkpt>
      <trkpt lat="63.71964" lon="13.38755">
        <time>2020-02-28T13:13:00Z</time>
      </trkpt>
      <trkpt lat="63.71991" lon="13.39885">
        <time>2020-02-28T13:22:00Z</time>
      </trkpt>
      <trkpt lat="63.72446" lon="13.41044">
        <time>2020-02-28T13:32:00Z</time>
      </trkpt>
      <trkpt lat="63.73" lon="13.42426">
        <time>2020-02-28T13:42:00Z</time>
      </trkpt>
      <trkpt lat="63.73015" lon="13.45756">
        <time>2020-02-28T14:02:00Z</time>
      </trkpt>
      <trkpt lat="63.72843" lon="13.46855">
        <time>2020-02-28T14:12:00Z</time>
      </trkpt>
      <trkpt lat="63.72105" lon="13.47645">
        <time>2020-02-28T14:22:00Z</time>
      </trkpt>
      <trkpt lat="63.71572" lon="13.49125">
        <time>2020-02-28T14:32:00Z</time>
      </trkpt>
      <trkpt lat="63.71445" lon="13.49773">
        <time>2020-02-28T14:42:00Z</time>
      </trkpt>
      <trkpt lat="63.71427" lon="13.50209">
        <time>2020-02-28T14:52:00Z</time>
      </trkpt>
      <trkpt lat="63.71534" lon="13.52509">
        <time>2020-02-28T15:02:00Z</time>
      </trkpt>
      <trkpt lat="63.71513" lon="13.5243">
        <time>2020-02-28T15:12:00Z</time>
      </trkpt>
      <trkpt lat="63.71463" lon="13.52224">
        <time>2020-02-28T15:22:00Z</time>
      </trkpt>
      <trkpt lat="63.71123" lon="13.53621">
        <time>2020-02-28T15:32:00Z</time>
      </trkpt>
      <trkpt lat="63.70867" lon="13.54108">
        <time>2020-02-28T15:42:00Z</time>
      </trkpt>
      <trkpt lat="63.7076" lon="13.54649">
        <time>2020-02-28T15:52:00Z</time>
      </trkpt>
      <trkpt lat="63.7063" lon="13.55856">
        <time>2020-02-28T16:02:00Z</time>
      </trkpt>
      <trkpt lat="63.70544" lon="13.56842">
        <time>2020-02-28T16:12:00Z</time>
      </trkpt>
      <trkpt lat="63.70415" lon="13.57796">
        <time>2020-02-28T16:22:00Z</time>
      </trkpt>
      <trkpt lat="63.70516" lon="13.58792">
        <time>2020-02-28T16:32:00Z</time>
      </trkpt>
      <trkpt lat="63.70239" lon="13.59833">
        <time>2020-02-28T16:41:00Z</time>
      </trkpt>
      <trkpt lat="63.70786" lon="13.60657">
        <time>2020-02-28T17:04:00Z</time>
      </trkpt>
    </trkseg>
  </trk>
  <trk>
    <name>Helags→Olden · Silvana Glugla (storlien)</name>
    <trkseg>
      <trkpt lat="62.91691" lon="12.50596">
        <time>2025-02-19T14:14:00Z</time>
      </trkpt>
      <trkpt lat="62.91671" lon="12.50606">
        <time>2025-02-21T08:08:00Z</time>
      </trkpt>
      <trkpt lat="62.91847" lon="12.50048">
        <time>2025-02-21T08:28:00Z</time>
      </trkpt>
      <trkpt lat="62.9251" lon="12.48879">
        <time>2025-02-21T08:48:00Z</time>
      </trkpt>
      <trkpt lat="62.93083" lon="12.48231">
        <time>2025-02-21T09:08:00Z</time>
      </trkpt>
      <trkpt lat="62.94025" lon="12.46926">
        <time>2025-02-21T09:28:00Z</time>
      </trkpt>
      <trkpt lat="62.94754" lon="12.45572">
        <time>2025-02-21T09:48:00Z</time>
      </trkpt>
      <trkpt lat="62.9507" lon="12.44695">
        <time>2025-02-21T10:08:00Z</time>
      </trkpt>
      <trkpt lat="62.95439" lon="12.43053">
        <time>2025-02-21T10:28:00Z</time>
      </trkpt>
      <trkpt lat="62.95748" lon="12.41513">
        <time>2025-02-21T10:48:00Z</time>
      </trkpt>
      <trkpt lat="62.96143" lon="12.39626">
        <time>2025-02-21T11:08:00Z</time>
      </trkpt>
      <trkpt lat="62.96676" lon="12.3782">
        <time>2025-02-21T11:28:00Z</time>
      </trkpt>
      <trkpt lat="62.97506" lon="12.36697">
        <time>2025-02-21T11:48:00Z</time>
      </trkpt>
      <trkpt lat="62.98316" lon="12.36206">
        <time>2025-02-21T12:08:00Z</time>
      </trkpt>
      <trkpt lat="62.98371" lon="12.36178">
        <time>2025-02-21T12:30:00Z</time>
      </trkpt>
      <trkpt lat="62.98841" lon="12.3564">
        <time>2025-02-21T12:50:00Z</time>
      </trkpt>
      <trkpt lat="62.99677" lon="12.34861">
        <time>2025-02-21T13:10:00Z</time>
      </trkpt>
      <trkpt lat="63.00471" lon="12.33992">
        <time>2025-02-21T13:30:00Z</time>
      </trkpt>
      <trkpt lat="63.01151" lon="12.33005">
        <time>2025-02-21T13:50:00Z</time>
      </trkpt>
      <trkpt lat="63.01576" lon="12.31629">
        <time>2025-02-21T14:10:00Z</time>
      </trkpt>
      <trkpt lat="63.02178" lon="12.30275">
        <time>2025-02-21T14:30:00Z</time>
      </trkpt>
      <trkpt lat="63.02641" lon="12.28898">
        <time>2025-02-21T14:50:00Z</time>
      </trkpt>
      <trkpt lat="63.02813" lon="12.27366">
        <time>2025-02-21T15:10:00Z</time>
      </trkpt>
      <trkpt lat="63.03186" lon="12.26196">
        <time>2025-02-21T15:30:00Z</time>
      </trkpt>
      <trkpt lat="63.04037" lon="12.27142">
        <time>2025-02-21T15:50:00Z</time>
      </trkpt>
      <trkpt lat="63.04237" lon="12.27434">
        <time>2025-02-21T16:13:00Z</time>
      </trkpt>
      <trkpt lat="63.04223" lon="12.27473">
        <time>2025-02-22T09:28:00Z</time>
      </trkpt>
      <trkpt lat="63.05952" lon="12.27745">
        <time>2025-02-22T10:08:00Z</time>
      </trkpt>
      <trkpt lat="63.06826" lon="12.28228">
        <time>2025-02-22T10:28:00Z</time>
      </trkpt>
      <trkpt lat="63.07511" lon="12.28099">
        <time>2025-02-22T10:48:00Z</time>
      </trkpt>
      <trkpt lat="63.07692" lon="12.27921">
        <time>2025-02-22T11:08:00Z</time>
      </trkpt>
      <trkpt lat="63.08112" lon="12.27284">
        <time>2025-02-22T11:28:00Z</time>
      </trkpt>
      <trkpt lat="63.08644" lon="12.26818">
        <time>2025-02-22T11:48:00Z</time>
      </trkpt>
      <trkpt lat="63.09447" lon="12.26683">
        <time>2025-02-22T12:08:00Z</time>
      </trkpt>
      <trkpt lat="63.10154" lon="12.26329">
        <time>2025-02-22T12:28:00Z</time>
      </trkpt>
      <trkpt lat="63.11082" lon="12.25327">
        <time>2025-02-22T12:48:00Z</time>
      </trkpt>
      <trkpt lat="63.11649" lon="12.24945">
        <time>2025-02-22T13:08:00Z</time>
      </trkpt>
      <trkpt lat="63.12204" lon="12.24201">
        <time>2025-02-22T13:28:00Z</time>
      </trkpt>
      <trkpt lat="63.12202" lon="12.24196">
        <time>2025-02-22T13:55:00Z</time>
      </trkpt>
      <trkpt lat="63.12199" lon="12.24198">
        <time>2025-02-23T07:18:00Z</time>
      </trkpt>
      <trkpt lat="63.1257" lon="12.23653">
        <time>2025-02-23T07:38:00Z</time>
      </trkpt>
      <trkpt lat="63.1336" lon="12.22546">
        <time>2025-02-23T07:58:00Z</time>
      </trkpt>
      <trkpt lat="63.14171" lon="12.21478">
        <time>2025-02-23T08:18:00Z</time>
      </trkpt>
      <trkpt lat="63.14778" lon="12.2089">
        <time>2025-02-23T08:38:00Z</time>
      </trkpt>
      <trkpt lat="63.15416" lon="12.19875">
        <time>2025-02-23T08:58:00Z</time>
      </trkpt>
      <trkpt lat="63.1596" lon="12.19383">
        <time>2025-02-23T09:18:00Z</time>
      </trkpt>
      <trkpt lat="63.16339" lon="12.18993">
        <time>2025-02-23T09:38:00Z</time>
      </trkpt>
      <trkpt lat="63.17091" lon="12.18819">
        <time>2025-02-23T09:58:00Z</time>
      </trkpt>
      <trkpt lat="63.1783" lon="12.18004">
        <time>2025-02-23T10:18:00Z</time>
      </trkpt>
      <trkpt lat="63.18552" lon="12.17424">
        <time>2025-02-23T10:38:00Z</time>
      </trkpt>
      <trkpt lat="63.18927" lon="12.17321">
        <time>2025-02-23T10:58:00Z</time>
      </trkpt>
      <trkpt lat="63.19781" lon="12.16755">
        <time>2025-02-23T11:18:00Z</time>
      </trkpt>
      <trkpt lat="63.2024" lon="12.16278">
        <time>2025-02-23T11:38:00Z</time>
      </trkpt>
      <trkpt lat="63.21077" lon="12.16195">
        <time>2025-02-23T11:58:00Z</time>
      </trkpt>
      <trkpt lat="63.2209" lon="12.16034">
        <time>2025-02-23T12:19:00Z</time>
      </trkpt>
      <trkpt lat="63.22893" lon="12.1592">
        <time>2025-02-23T12:39:00Z</time>
      </trkpt>
      <trkpt lat="63.2319" lon="12.15931">
        <time>2025-02-23T12:59:00Z</time>
      </trkpt>
      <trkpt lat="63.23594" lon="12.17034">
        <time>2025-02-23T13:19:00Z</time>
      </trkpt>
      <trkpt lat="63.24351" lon="12.1775">
        <time>2025-02-23T13:39:00Z</time>
      </trkpt>
      <trkpt lat="63.25112" lon="12.17856">
        <time>2025-02-23T13:59:00Z</time>
      </trkpt>
      <trkpt lat="63.25608" lon="12.17014">
        <time>2025-02-23T14:19:00Z</time>
      </trkpt>
      <trkpt lat="63.26309" lon="12.1524">
        <time>2025-02-23T14:39:00Z</time>
      </trkpt>
      <trkpt lat="63.26929" lon="12.13665">
        <time>2025-02-23T14:59:00Z</time>
      </trkpt>
      <trkpt lat="63.27333" lon="12.12669">
        <time>2025-02-23T15:19:00Z</time>
      </trkpt>
      <trkpt lat="63.28013" lon="12.10959">
        <time>2025-02-23T15:40:00Z</time>
      </trkpt>
      <trkpt lat="63.28682" lon="12.11989">
        <time>2025-02-23T16:00:00Z</time>
      </trkpt>
      <trkpt lat="63.28678" lon="12.12045">
        <time>2025-02-23T16:09:00Z</time>
      </trkpt>
      <trkpt lat="63.28678" lon="12.12034">
        <time>2025-02-25T08:26:00Z</time>
      </trkpt>
      <trkpt lat="63.29244" lon="12.12137">
        <time>2025-02-25T08:46:00Z</time>
      </trkpt>
      <trkpt lat="63.29824" lon="12.12637">
        <time>2025-02-25T09:06:00Z</time>
      </trkpt>
      <trkpt lat="63.30623" lon="12.12768">
        <time>2025-02-25T09:26:00Z</time>
      </trkpt>
      <trkpt lat="63.31449" lon="12.12122">
        <time>2025-02-25T09:46:00Z</time>
      </trkpt>
      <trkpt lat="63.32109" lon="12.11826">
        <time>2025-02-25T10:06:00Z</time>
      </trkpt>
      <trkpt lat="63.3281" lon="12.12521">
        <time>2025-02-25T10:26:00Z</time>
      </trkpt>
      <trkpt lat="63.33591" lon="12.13525">
        <time>2025-02-25T10:46:00Z</time>
      </trkpt>
      <trkpt lat="63.34458" lon="12.14315">
        <time>2025-02-25T11:06:00Z</time>
      </trkpt>
      <trkpt lat="63.35275" lon="12.15411">
        <time>2025-02-25T11:26:00Z</time>
      </trkpt>
      <trkpt lat="63.35592" lon="12.17759">
        <time>2025-02-25T11:46:00Z</time>
      </trkpt>
      <trkpt lat="63.35614" lon="12.17922">
        <time>2025-02-25T12:06:00Z</time>
      </trkpt>
      <trkpt lat="63.35743" lon="12.19727">
        <time>2025-02-25T12:27:00Z</time>
      </trkpt>
      <trkpt lat="63.35302" lon="12.21993">
        <time>2025-02-25T12:47:00Z</time>
      </trkpt>
      <trkpt lat="63.35345" lon="12.23862">
        <time>2025-02-25T13:07:00Z</time>
      </trkpt>
      <trkpt lat="63.35461" lon="12.26235">
        <time>2025-02-25T13:27:00Z</time>
      </trkpt>
      <trkpt lat="63.36124" lon="12.27872">
        <time>2025-02-25T13:47:00Z</time>
      </trkpt>
      <trkpt lat="63.37047" lon="12.27617">
        <time>2025-02-25T14:07:00Z</time>
      </trkpt>
      <trkpt lat="63.37819" lon="12.27112">
        <time>2025-02-25T14:27:00Z</time>
      </trkpt>
      <trkpt lat="63.38462" lon="12.2617">
        <time>2025-02-25T14:47:00Z</time>
      </trkpt>
      <trkpt lat="63.39051" lon="12.25342">
        <time>2025-02-25T15:07:00Z</time>
      </trkpt>
      <trkpt lat="63.39526" lon="12.24089">
        <time>2025-02-25T15:27:00Z</time>
      </trkpt>
      <trkpt lat="63.40345" lon="12.23892">
        <time>2025-02-25T15:47:00Z</time>
      </trkpt>
      <trkpt lat="63.41156" lon="12.23205">
        <time>2025-02-25T16:07:00Z</time>
      </trkpt>
      <trkpt lat="63.41665" lon="12.22561">
        <time>2025-02-25T16:22:00Z</time>
      </trkpt>
      <trkpt lat="63.41662" lon="12.22559">
        <time>2025-02-26T07:24:00Z</time>
      </trkpt>
      <trkpt lat="63.42205" lon="12.21997">
        <time>2025-02-26T07:44:00Z</time>
      </trkpt>
      <trkpt lat="63.42631" lon="12.21587">
        <time>2025-02-26T08:04:00Z</time>
      </trkpt>
      <trkpt lat="63.4313" lon="12.22299">
        <time>2025-02-26T08:24:00Z</time>
      </trkpt>
      <trkpt lat="63.43581" lon="12.23696">
        <time>2025-02-26T08:44:00Z</time>
      </trkpt>
      <trkpt lat="63.44145" lon="12.24973">
        <time>2025-02-26T09:04:00Z</time>
      </trkpt>
      <trkpt lat="63.44678" lon="12.26136">
        <time>2025-02-26T09:24:00Z</time>
      </trkpt>
      <trkpt lat="63.45198" lon="12.27295">
        <time>2025-02-26T09:44:00Z</time>
      </trkpt>
      <trkpt lat="63.45763" lon="12.28421">
        <time>2025-02-26T10:04:00Z</time>
      </trkpt>
      <trkpt lat="63.4666" lon="12.30213">
        <time>2025-02-26T10:24:00Z</time>
      </trkpt>
      <trkpt lat="63.47418" lon="12.31672">
        <time>2025-02-26T10:44:00Z</time>
      </trkpt>
      <trkpt lat="63.48136" lon="12.3332">
        <time>2025-02-26T11:04:00Z</time>
      </trkpt>
      <trkpt lat="63.4828" lon="12.33687">
        <time>2025-02-26T11:24:00Z</time>
      </trkpt>
      <trkpt lat="63.48532" lon="12.34483">
        <time>2025-02-26T11:45:00Z</time>
      </trkpt>
      <trkpt lat="63.48787" lon="12.36082">
        <time>2025-02-26T12:05:00Z</time>
      </trkpt>
      <trkpt lat="63.49249" lon="12.37614">
        <time>2025-02-26T12:25:00Z</time>
      </trkpt>
      <trkpt lat="63.50347" lon="12.38485">
        <time>2025-02-26T12:45:00Z</time>
      </trkpt>
      <trkpt lat="63.50859" lon="12.38942">
        <time>2025-02-26T13:05:00Z</time>
      </trkpt>
      <trkpt lat="63.51213" lon="12.40457">
        <time>2025-02-26T13:25:00Z</time>
      </trkpt>
      <trkpt lat="63.51677" lon="12.40916">
        <time>2025-02-26T13:45:00Z</time>
      </trkpt>
      <trkpt lat="63.51923" lon="12.40873">
        <time>2025-02-26T13:54:00Z</time>
      </trkpt>
      <trkpt lat="63.51928" lon="12.40918">
        <time>2025-02-27T08:29:00Z</time>
      </trkpt>
      <trkpt lat="63.52688" lon="12.39796">
        <time>2025-02-27T08:49:00Z</time>
      </trkpt>
      <trkpt lat="63.53579" lon="12.38474">
        <time>2025-02-27T09:09:00Z</time>
      </trkpt>
      <trkpt lat="63.54371" lon="12.37966">
        <time>2025-02-27T09:29:00Z</time>
      </trkpt>
      <trkpt lat="63.55057" lon="12.37356">
        <time>2025-02-27T09:49:00Z</time>
      </trkpt>
      <trkpt lat="63.55814" lon="12.36961">
        <time>2025-02-27T10:09:00Z</time>
      </trkpt>
      <trkpt lat="63.56148" lon="12.35281">
        <time>2025-02-27T10:29:00Z</time>
      </trkpt>
      <trkpt lat="63.55759" lon="12.33447">
        <time>2025-02-27T10:49:00Z</time>
      </trkpt>
      <trkpt lat="63.55794" lon="12.31309">
        <time>2025-02-27T11:09:00Z</time>
      </trkpt>
      <trkpt lat="63.56214" lon="12.29183">
        <time>2025-02-27T11:29:00Z</time>
      </trkpt>
      <trkpt lat="63.57024" lon="12.2831">
        <time>2025-02-27T11:49:00Z</time>
      </trkpt>
      <trkpt lat="63.57834" lon="12.27464">
        <time>2025-02-27T12:09:00Z</time>
      </trkpt>
      <trkpt lat="63.57889" lon="12.27372">
        <time>2025-02-27T12:29:00Z</time>
      </trkpt>
      <trkpt lat="63.58091" lon="12.26833">
        <time>2025-02-27T12:49:00Z</time>
      </trkpt>
      <trkpt lat="63.59124" lon="12.2696">
        <time>2025-02-27T13:09:00Z</time>
      </trkpt>
      <trkpt lat="63.60095" lon="12.27823">
        <time>2025-02-27T13:29:00Z</time>
      </trkpt>
      <trkpt lat="63.61325" lon="12.27928">
        <time>2025-02-27T13:49:00Z</time>
      </trkpt>
      <trkpt lat="63.61973" lon="12.28953">
        <time>2025-02-27T14:09:00Z</time>
      </trkpt>
      <trkpt lat="63.63254" lon="12.28325">
        <time>2025-02-27T14:29:00Z</time>
      </trkpt>
      <trkpt lat="63.64198" lon="12.27273">
        <time>2025-02-27T14:49:00Z</time>
      </trkpt>
      <trkpt lat="63.64911" lon="12.26295">
        <time>2025-02-27T15:10:00Z</time>
      </trkpt>
      <trkpt lat="63.6551" lon="12.24791">
        <time>2025-02-27T15:30:00Z</time>
      </trkpt>
      <trkpt lat="63.66024" lon="12.25776">
        <time>2025-02-27T15:50:00Z</time>
      </trkpt>
      <trkpt lat="63.66619" lon="12.24969">
        <time>2025-02-27T16:10:00Z</time>
      </trkpt>
      <trkpt lat="63.6682" lon="12.25168">
        <time>2025-02-27T16:27:00Z</time>
      </trkpt>
      <trkpt lat="63.66819" lon="12.25155">
        <time>2025-02-28T07:15:00Z</time>
      </trkpt>
      <trkpt lat="63.67112" lon="12.25374">
        <time>2025-02-28T07:35:00Z</time>
      </trkpt>
      <trkpt lat="63.67651" lon="12.25879">
        <time>2025-02-28T07:55:00Z</time>
      </trkpt>
      <trkpt lat="63.68195" lon="12.26891">
        <time>2025-02-28T08:15:00Z</time>
      </trkpt>
      <trkpt lat="63.6846" lon="12.2843">
        <time>2025-02-28T08:35:00Z</time>
      </trkpt>
      <trkpt lat="63.68687" lon="12.30378">
        <time>2025-02-28T08:55:00Z</time>
      </trkpt>
      <trkpt lat="63.69281" lon="12.31494">
        <time>2025-02-28T09:15:00Z</time>
      </trkpt>
      <trkpt lat="63.69722" lon="12.33743">
        <time>2025-02-28T09:35:00Z</time>
      </trkpt>
      <trkpt lat="63.70385" lon="12.34921">
        <time>2025-02-28T09:55:00Z</time>
      </trkpt>
      <trkpt lat="63.70747" lon="12.36135">
        <time>2025-02-28T10:15:00Z</time>
      </trkpt>
      <trkpt lat="63.70992" lon="12.38084">
        <time>2025-02-28T10:35:00Z</time>
      </trkpt>
      <trkpt lat="63.71127" lon="12.40068">
        <time>2025-02-28T10:55:00Z</time>
      </trkpt>
      <trkpt lat="63.71175" lon="12.42545">
        <time>2025-02-28T11:15:00Z</time>
      </trkpt>
      <trkpt lat="63.71363" lon="12.44965">
        <time>2025-02-28T11:35:00Z</time>
      </trkpt>
      <trkpt lat="63.71247" lon="12.45791">
        <time>2025-02-28T11:58:00Z</time>
      </trkpt>
      <trkpt lat="63.71384" lon="12.46686">
        <time>2025-02-28T12:18:00Z</time>
      </trkpt>
      <trkpt lat="63.71893" lon="12.48152">
        <time>2025-02-28T12:38:00Z</time>
      </trkpt>
      <trkpt lat="63.72917" lon="12.47165">
        <time>2025-02-28T12:58:00Z</time>
      </trkpt>
      <trkpt lat="63.73939" lon="12.47315">
        <time>2025-02-28T13:18:00Z</time>
      </trkpt>
      <trkpt lat="63.73666" lon="12.49808">
        <time>2025-02-28T13:38:00Z</time>
      </trkpt>
      <trkpt lat="63.73408" lon="12.51003">
        <time>2025-02-28T13:58:00Z</time>
      </trkpt>
      <trkpt lat="63.72982" lon="12.53608">
        <time>2025-02-28T14:18:00Z</time>
      </trkpt>
      <trkpt lat="63.73104" lon="12.5629">
        <time>2025-02-28T14:38:00Z</time>
      </trkpt>
      <trkpt lat="63.72639" lon="12.58647">
        <time>2025-02-28T14:59:00Z</time>
      </trkpt>
      <trkpt lat="63.71987" lon="12.60801">
        <time>2025-02-28T15:19:00Z</time>
      </trkpt>
      <trkpt lat="63.71278" lon="12.62824">
        <time>2025-02-28T15:39:00Z</time>
      </trkpt>
      <trkpt lat="63.71088" lon="12.62726">
        <time>2025-02-28T15:59:00Z</time>
      </trkpt>
      <trkpt lat="63.70562" lon="12.6332">
        <time>2025-02-28T16:19:00Z</time>
      </trkpt>
      <trkpt lat="63.70578" lon="12.63354">
        <time>2025-02-28T16:21:00Z</time>
      </trkpt>
      <trkpt lat="63.70571" lon="12.63348">
        <time>2025-03-01T06:58:00Z</time>
      </trkpt>
      <trkpt lat="63.70152" lon="12.65661">
        <time>2025-03-01T07:18:00Z</time>
      </trkpt>
      <trkpt lat="63.69968" lon="12.67483">
        <time>2025-03-01T07:38:00Z</time>
      </trkpt>
      <trkpt lat="63.69861" lon="12.69126">
        <time>2025-03-01T07:58:00Z</time>
      </trkpt>
      <trkpt lat="63.6986" lon="12.70508">
        <time>2025-03-01T08:18:00Z</time>
      </trkpt>
      <trkpt lat="63.69918" lon="12.72369">
        <time>2025-03-01T08:38:00Z</time>
      </trkpt>
      <trkpt lat="63.70124" lon="12.74259">
        <time>2025-03-01T08:58:00Z</time>
      </trkpt>
      <trkpt lat="63.70089" lon="12.75699">
        <time>2025-03-01T09:19:00Z</time>
      </trkpt>
      <trkpt lat="63.70155" lon="12.76954">
        <time>2025-03-01T09:40:00Z</time>
      </trkpt>
      <trkpt lat="63.7021" lon="12.78083">
        <time>2025-03-01T10:00:00Z</time>
      </trkpt>
      <trkpt lat="63.70526" lon="12.79201">
        <time>2025-03-01T10:20:00Z</time>
      </trkpt>
      <trkpt lat="63.70844" lon="12.79819">
        <time>2025-03-01T10:40:00Z</time>
      </trkpt>
      <trkpt lat="63.71451" lon="12.8093">
        <time>2025-03-01T11:00:00Z</time>
      </trkpt>
      <trkpt lat="63.72058" lon="12.82495">
        <time>2025-03-01T11:20:00Z</time>
      </trkpt>
      <trkpt lat="63.72597" lon="12.84284">
        <time>2025-03-01T11:40:00Z</time>
      </trkpt>
      <trkpt lat="63.72647" lon="12.84537">
        <time>2025-03-01T12:00:00Z</time>
      </trkpt>
      <trkpt lat="63.72559" lon="12.86067">
        <time>2025-03-01T12:20:00Z</time>
      </trkpt>
      <trkpt lat="63.72543" lon="12.8761">
        <time>2025-03-01T12:40:00Z</time>
      </trkpt>
      <trkpt lat="63.72974" lon="12.88127">
        <time>2025-03-01T13:00:00Z</time>
      </trkpt>
      <trkpt lat="63.73947" lon="12.89312">
        <time>2025-03-01T13:21:00Z</time>
      </trkpt>
      <trkpt lat="63.74495" lon="12.91254">
        <time>2025-03-01T13:41:00Z</time>
      </trkpt>
      <trkpt lat="63.74963" lon="12.93474">
        <time>2025-03-01T14:01:00Z</time>
      </trkpt>
      <trkpt lat="63.75252" lon="12.9514">
        <time>2025-03-01T14:23:00Z</time>
      </trkpt>
      <trkpt lat="63.75095" lon="12.96002">
        <time>2025-03-01T14:46:00Z</time>
      </trkpt>
      <trkpt lat="63.75092" lon="12.95991">
        <time>2025-03-01T15:00:00Z</time>
      </trkpt>
      <trkpt lat="63.75094" lon="12.96032">
        <time>2025-03-04T07:48:00Z</time>
      </trkpt>
      <trkpt lat="63.74506" lon="12.97751">
        <time>2025-03-04T08:08:00Z</time>
      </trkpt>
      <trkpt lat="63.74055" lon="13.00644">
        <time>2025-03-04T08:28:00Z</time>
      </trkpt>
      <trkpt lat="63.7377" lon="13.02978">
        <time>2025-03-04T08:48:00Z</time>
      </trkpt>
      <trkpt lat="63.73446" lon="13.0592">
        <time>2025-03-04T09:11:00Z</time>
      </trkpt>
      <trkpt lat="63.74215" lon="13.07924">
        <time>2025-03-04T09:31:00Z</time>
      </trkpt>
      <trkpt lat="63.74377" lon="13.0881">
        <time>2025-03-04T09:51:00Z</time>
      </trkpt>
      <trkpt lat="63.73826" lon="13.10242">
        <time>2025-03-04T10:11:00Z</time>
      </trkpt>
      <trkpt lat="63.73414" lon="13.1192">
        <time>2025-03-04T10:31:00Z</time>
      </trkpt>
      <trkpt lat="63.72883" lon="13.14505">
        <time>2025-03-04T10:51:00Z</time>
      </trkpt>
      <trkpt lat="63.73158" lon="13.16913">
        <time>2025-03-04T11:12:00Z</time>
      </trkpt>
      <trkpt lat="63.73075" lon="13.19327">
        <time>2025-03-04T11:32:00Z</time>
      </trkpt>
      <trkpt lat="63.72434" lon="13.21739">
        <time>2025-03-04T11:52:00Z</time>
      </trkpt>
      <trkpt lat="63.73188" lon="13.23363">
        <time>2025-03-04T12:12:00Z</time>
      </trkpt>
      <trkpt lat="63.7288" lon="13.25918">
        <time>2025-03-04T12:32:00Z</time>
      </trkpt>
      <trkpt lat="63.72103" lon="13.2676">
        <time>2025-03-04T12:53:00Z</time>
      </trkpt>
      <trkpt lat="63.71031" lon="13.2789">
        <time>2025-03-04T13:13:00Z</time>
      </trkpt>
      <trkpt lat="63.70571" lon="13.30225">
        <time>2025-03-04T13:33:00Z</time>
      </trkpt>
      <trkpt lat="63.70598" lon="13.30322">
        <time>2025-03-04T13:48:00Z</time>
      </trkpt>
      <trkpt lat="63.70598" lon="13.30322">
        <time>2025-03-05T07:53:00Z</time>
      </trkpt>
      <trkpt lat="63.71103" lon="13.31924">
        <time>2025-03-05T08:14:00Z</time>
      </trkpt>
      <trkpt lat="63.722" lon="13.33145">
        <time>2025-03-05T08:34:00Z</time>
      </trkpt>
      <trkpt lat="63.72328" lon="13.35306">
        <time>2025-03-05T08:54:00Z</time>
      </trkpt>
      <trkpt lat="63.72178" lon="13.37546">
        <time>2025-03-05T09:14:00Z</time>
      </trkpt>
      <trkpt lat="63.7194" lon="13.39718">
        <time>2025-03-05T09:34:00Z</time>
      </trkpt>
      <trkpt lat="63.72495" lon="13.41166">
        <time>2025-03-05T09:54:00Z</time>
      </trkpt>
      <trkpt lat="63.72969" lon="13.4305">
        <time>2025-03-05T10:14:00Z</time>
      </trkpt>
      <trkpt lat="63.73017" lon="13.46157">
        <time>2025-03-05T10:34:00Z</time>
      </trkpt>
      <trkpt lat="63.71986" lon="13.47921">
        <time>2025-03-05T10:54:00Z</time>
      </trkpt>
      <trkpt lat="63.71423" lon="13.50118">
        <time>2025-03-05T11:15:00Z</time>
      </trkpt>
      <trkpt lat="63.71553" lon="13.5265">
        <time>2025-03-05T11:35:00Z</time>
      </trkpt>
      <trkpt lat="63.70941" lon="13.54888">
        <time>2025-03-05T11:55:00Z</time>
      </trkpt>
      <trkpt lat="63.70645" lon="13.57247">
        <time>2025-03-05T12:15:00Z</time>
      </trkpt>
      <trkpt lat="63.7038" lon="13.59489">
        <time>2025-03-05T12:35:00Z</time>
      </trkpt>
      <trkpt lat="63.69807" lon="13.61328">
        <time>2025-03-05T12:55:00Z</time>
      </trkpt>
      <trkpt lat="63.69604" lon="13.62549">
        <time>2025-03-05T14:34:00Z</time>
      </trkpt>
      <trkpt lat="63.69627" lon="13.62592">
        <time>2025-03-07T07:12:00Z</time>
      </trkpt>
    </trkseg>
  </trk>
  <trk>
    <name>Helags→Olden · Hannes Albertsson (storlien)</name>
    <trkseg>
      <trkpt lat="62.9309" lon="12.48298">
        <time>2026-02-19T17:18:00Z</time>
      </trkpt>
      <trkpt lat="62.93554" lon="12.47669">
        <time>2026-02-19T17:28:00Z</time>
      </trkpt>
      <trkpt lat="62.93875" lon="12.4731">
        <time>2026-02-19T17:38:00Z</time>
      </trkpt>
      <trkpt lat="62.94166" lon="12.4672">
        <time>2026-02-19T17:45:00Z</time>
      </trkpt>
      <trkpt lat="63.0424" lon="12.27415">
        <time>2026-02-20T13:40:00Z</time>
      </trkpt>
      <trkpt lat="63.04228" lon="12.2746">
        <time>2026-02-20T13:50:00Z</time>
      </trkpt>
      <trkpt lat="63.04219" lon="12.27458">
        <time>2026-02-20T14:15:00Z</time>
      </trkpt>
      <trkpt lat="63.18556" lon="12.17403">
        <time>2026-02-21T18:38:00Z</time>
      </trkpt>
      <trkpt lat="63.23272" lon="12.16098">
        <time>2026-02-22T10:34:00Z</time>
      </trkpt>
      <trkpt lat="63.24482" lon="12.17699">
        <time>2026-02-22T11:04:00Z</time>
      </trkpt>
      <trkpt lat="63.2584" lon="12.17587">
        <time>2026-02-22T11:34:00Z</time>
      </trkpt>
      <trkpt lat="63.26319" lon="12.16349">
        <time>2026-02-22T12:04:00Z</time>
      </trkpt>
      <trkpt lat="63.3123" lon="12.10914">
        <time>2026-02-22T14:41:00Z</time>
      </trkpt>
      <trkpt lat="63.3124" lon="12.10794">
        <time>2026-02-22T14:55:00Z</time>
      </trkpt>
      <trkpt lat="63.31157" lon="12.10852">
        <time>2026-02-22T16:23:00Z</time>
      </trkpt>
      <trkpt lat="63.3124" lon="12.10802">
        <time>2026-02-22T16:53:00Z</time>
      </trkpt>
      <trkpt lat="63.31967" lon="12.11772">
        <time>2026-02-22T17:23:00Z</time>
      </trkpt>
      <trkpt lat="63.33405" lon="12.13294">
        <time>2026-02-22T17:53:00Z</time>
      </trkpt>
      <trkpt lat="63.34557" lon="12.14388">
        <time>2026-02-22T18:23:00Z</time>
      </trkpt>
      <trkpt lat="63.34816" lon="12.1442">
        <time>2026-02-22T18:53:00Z</time>
      </trkpt>
      <trkpt lat="63.34813" lon="12.14431">
        <time>2026-02-22T19:23:00Z</time>
      </trkpt>
      <trkpt lat="63.34831" lon="12.14422">
        <time>2026-02-22T19:56:00Z</time>
      </trkpt>
      <trkpt lat="63.35502" lon="12.16463">
        <time>2026-02-23T08:59:00Z</time>
      </trkpt>
      <trkpt lat="63.35304" lon="12.22164">
        <time>2026-02-23T09:59:00Z</time>
      </trkpt>
      <trkpt lat="63.37092" lon="12.28224">
        <time>2026-02-23T10:59:00Z</time>
      </trkpt>
      <trkpt lat="63.38995" lon="12.26188">
        <time>2026-02-23T11:59:00Z</time>
      </trkpt>
      <trkpt lat="63.4055" lon="12.23435">
        <time>2026-02-23T12:59:00Z</time>
      </trkpt>
      <trkpt lat="63.41691" lon="12.22559">
        <time>2026-02-23T13:59:00Z</time>
      </trkpt>
      <trkpt lat="63.43218" lon="12.22503">
        <time>2026-02-23T14:59:00Z</time>
      </trkpt>
      <trkpt lat="63.45886" lon="12.24188">
        <time>2026-02-23T15:59:00Z</time>
      </trkpt>
      <trkpt lat="63.48043" lon="12.24977">
        <time>2026-02-23T16:59:00Z</time>
      </trkpt>
      <trkpt lat="63.48758" lon="12.24679">
        <time>2026-02-23T17:59:00Z</time>
      </trkpt>
      <trkpt lat="63.48777" lon="12.2469">
        <time>2026-02-23T18:55:00Z</time>
      </trkpt>
      <trkpt lat="63.48797" lon="12.24718">
        <time>2026-02-24T08:55:00Z</time>
      </trkpt>
      <trkpt lat="63.52777" lon="12.2463">
        <time>2026-02-24T09:55:00Z</time>
      </trkpt>
      <trkpt lat="63.55455" lon="12.26477">
        <time>2026-02-24T10:55:00Z</time>
      </trkpt>
      <trkpt lat="63.5749" lon="12.27589">
        <time>2026-02-24T11:58:00Z</time>
      </trkpt>
      <trkpt lat="63.59014" lon="12.29254">
        <time>2026-02-24T12:58:00Z</time>
      </trkpt>
      <trkpt lat="63.59297" lon="12.31779">
        <time>2026-02-24T13:58:00Z</time>
      </trkpt>
      <trkpt lat="63.60331" lon="12.35753">
        <time>2026-02-24T14:58:00Z</time>
      </trkpt>
      <trkpt lat="63.61889" lon="12.41633">
        <time>2026-02-24T15:58:00Z</time>
      </trkpt>
      <trkpt lat="63.62619" lon="12.47255">
        <time>2026-02-24T16:58:00Z</time>
      </trkpt>
      <trkpt lat="63.62846" lon="12.49377">
        <time>2026-02-24T17:58:00Z</time>
      </trkpt>
      <trkpt lat="63.62845" lon="12.49385">
        <time>2026-02-24T18:58:00Z</time>
      </trkpt>
      <trkpt lat="63.62838" lon="12.49383">
        <time>2026-02-24T20:08:00Z</time>
      </trkpt>
      <trkpt lat="63.62851" lon="12.49533">
        <time>2026-02-25T08:23:00Z</time>
      </trkpt>
      <trkpt lat="63.65475" lon="12.54145">
        <time>2026-02-25T09:23:00Z</time>
      </trkpt>
      <trkpt lat="63.67047" lon="12.57327">
        <time>2026-02-25T10:23:00Z</time>
      </trkpt>
      <trkpt lat="63.68473" lon="12.57612">
        <time>2026-02-25T11:23:00Z</time>
      </trkpt>
      <trkpt lat="63.69193" lon="12.56563">
        <time>2026-02-25T12:23:00Z</time>
      </trkpt>
      <trkpt lat="63.70167" lon="12.61464">
        <time>2026-02-25T13:23:00Z</time>
      </trkpt>
      <trkpt lat="63.71017" lon="12.63391">
        <time>2026-02-25T14:24:00Z</time>
      </trkpt>
      <trkpt lat="63.71031" lon="12.63382">
        <time>2026-02-25T15:24:00Z</time>
      </trkpt>
      <trkpt lat="63.70201" lon="12.65286">
        <time>2026-02-25T16:24:00Z</time>
      </trkpt>
      <trkpt lat="63.69891" lon="12.6935">
        <time>2026-02-25T17:24:00Z</time>
      </trkpt>
      <trkpt lat="63.69919" lon="12.72978">
        <time>2026-02-25T18:24:00Z</time>
      </trkpt>
      <trkpt lat="63.69916" lon="12.72952">
        <time>2026-02-25T19:24:00Z</time>
      </trkpt>
      <trkpt lat="63.69924" lon="12.72948">
        <time>2026-02-25T21:09:00Z</time>
      </trkpt>
      <trkpt lat="63.69925" lon="12.7295">
        <time>2026-02-26T08:33:00Z</time>
      </trkpt>
      <trkpt lat="63.70147" lon="12.76911">
        <time>2026-02-26T09:33:00Z</time>
      </trkpt>
      <trkpt lat="63.68275" lon="12.80922">
        <time>2026-02-26T10:33:00Z</time>
      </trkpt>
      <trkpt lat="63.67178" lon="12.85814">
        <time>2026-02-26T11:33:00Z</time>
      </trkpt>
      <trkpt lat="63.69317" lon="12.93032">
        <time>2026-02-26T12:33:00Z</time>
      </trkpt>
      <trkpt lat="63.70081" lon="12.94281">
        <time>2026-02-26T13:14:00Z</time>
      </trkpt>
      <trkpt lat="63.68969" lon="12.98223">
        <time>2026-02-26T15:07:00Z</time>
      </trkpt>
      <trkpt lat="63.67887" lon="13.04864">
        <time>2026-02-26T16:07:00Z</time>
      </trkpt>
      <trkpt lat="63.65512" lon="13.06662">
        <time>2026-02-26T17:07:00Z</time>
      </trkpt>
      <trkpt lat="63.63784" lon="13.09963">
        <time>2026-02-26T18:07:00Z</time>
      </trkpt>
      <trkpt lat="63.63785" lon="13.09939">
        <time>2026-02-26T19:07:00Z</time>
      </trkpt>
      <trkpt lat="63.63792" lon="13.09812">
        <time>2026-02-27T07:22:00Z</time>
      </trkpt>
      <trkpt lat="63.61953" lon="13.17627">
        <time>2026-02-27T08:22:00Z</time>
      </trkpt>
      <trkpt lat="63.62779" lon="13.22223">
        <time>2026-02-27T09:22:00Z</time>
      </trkpt>
      <trkpt lat="63.63976" lon="13.24356">
        <time>2026-02-27T10:22:00Z</time>
      </trkpt>
      <trkpt lat="63.6484" lon="13.28699">
        <time>2026-02-27T11:22:00Z</time>
      </trkpt>
      <trkpt lat="63.66247" lon="13.28719">
        <time>2026-02-27T12:22:00Z</time>
      </trkpt>
      <trkpt lat="63.67439" lon="13.32201">
        <time>2026-02-27T13:22:00Z</time>
      </trkpt>
      <trkpt lat="63.68115" lon="13.38424">
        <time>2026-02-27T14:22:00Z</time>
      </trkpt>
      <trkpt lat="63.68789" lon="13.43477">
        <time>2026-02-27T15:22:00Z</time>
      </trkpt>
      <trkpt lat="63.68951" lon="13.49041">
        <time>2026-02-27T16:22:00Z</time>
      </trkpt>
      <trkpt lat="63.69294" lon="13.54805">
        <time>2026-02-27T17:22:00Z</time>
      </trkpt>
      <trkpt lat="63.69917" lon="13.60525">
        <time>2026-02-27T18:22:00Z</time>
      </trkpt>
    </trkseg>
  </trk>
</gpx>
