<?xml version="1.0" encoding="UTF-8"?>
<gpx xmlns="http://www.topografix.com/GPX/1/1" version="1.1" creator="VitaBandet">
  <metadata>
    <name>Klimpfjäll → Hemavan · village</name>
    <desc>Hits Hemavan ICA corridor</desc>
  </metadata>
  <wpt lat="65.06206" lon="14.7944">
    <name>Klimpfjäll</name>
  </wpt>
  <wpt lat="65.83819" lon="15.08966">
    <name>Hemavan</name>
  </wpt>
  <trk>
    <name>Klimpf→Hemavan · Christian Kämmer (village)</name>
    <trkseg>
      <trkpt lat="65.06206" lon="14.7944">
        <time>2023-03-23T14:43:00Z</time>
      </trkpt>
      <trkpt lat="65.06206" lon="14.7944">
        <time>2023-03-23T14:43:00Z</time>
      </trkpt>
      <trkpt lat="65.06179" lon="14.79728">
        <time>2023-03-23T14:54:00Z</time>
      </trkpt>
      <trkpt lat="65.06179" lon="14.79728">
        <time>2023-03-23T14:54:00Z</time>
      </trkpt>
      <trkpt lat="65.06039" lon="14.79852">
        <time>2023-03-23T15:04:00Z</time>
      </trkpt>
      <trkpt lat="65.06039" lon="14.79852">
        <time>2023-03-23T15:04:00Z</time>
      </trkpt>
      <trkpt lat="65.05958" lon="14.79556">
        <time>2023-03-23T15:14:00Z</time>
      </trkpt>
      <trkpt lat="65.05958" lon="14.79556">
        <time>2023-03-23T15:14:00Z</time>
      </trkpt>
      <trkpt lat="65.06081" lon="14.79691">
        <time>2023-03-23T15:24:00Z</time>
      </trkpt>
      <trkpt lat="65.06081" lon="14.79691">
        <time>2023-03-23T15:24:00Z</time>
      </trkpt>
      <trkpt lat="65.06056" lon="14.79612">
        <time>2023-03-23T15:34:00Z</time>
      </trkpt>
      <trkpt lat="65.06056" lon="14.79612">
        <time>2023-03-23T15:34:00Z</time>
      </trkpt>
      <trkpt lat="65.06364" lon="14.80914">
        <time>2023-03-23T15:54:00Z</time>
      </trkpt>
      <trkpt lat="65.06364" lon="14.80914">
        <time>2023-03-23T15:54:00Z</time>
      </trkpt>
      <trkpt lat="65.06447" lon="14.83363">
        <time>2023-03-23T16:04:00Z</time>
      </trkpt>
      <trkpt lat="65.06447" lon="14.83363">
        <time>2023-03-23T16:04:00Z</time>
      </trkpt>
      <trkpt lat="65.06348" lon="14.85768">
        <time>2023-03-23T16:14:00Z</time>
      </trkpt>
      <trkpt lat="65.06348" lon="14.85768">
        <time>2023-03-23T16:14:00Z</time>
      </trkpt>
      <trkpt lat="65.06211" lon="14.88034">
        <time>2023-03-23T16:24:00Z</time>
      </trkpt>
      <trkpt lat="65.06211" lon="14.88034">
        <time>2023-03-23T16:24:00Z</time>
      </trkpt>
      <trkpt lat="65.05931" lon="14.90049">
        <time>2023-03-23T16:34:00Z</time>
      </trkpt>
      <trkpt lat="65.05931" lon="14.90049">
        <time>2023-03-23T16:34:00Z</time>
      </trkpt>
      <trkpt lat="65.05692" lon="14.92308">
        <time>2023-03-23T16:44:00Z</time>
      </trkpt>
      <trkpt lat="65.05692" lon="14.92308">
        <time>2023-03-23T16:44:00Z</time>
      </trkpt>
      <trkpt lat="65.05663" lon="14.94025">
        <time>2023-03-23T16:54:00Z</time>
      </trkpt>
      <trkpt lat="65.05663" lon="14.94025">
        <time>2023-03-23T16:54:00Z</time>
      </trkpt>
      <trkpt lat="65.05775" lon="14.95008">
        <time>2023-03-23T17:04:00Z</time>
      </trkpt>
      <trkpt lat="65.05775" lon="14.95008">
        <time>2023-03-23T17:04:00Z</time>
      </trkpt>
      <trkpt lat="65.06108" lon="14.97542">
        <time>2023-03-23T17:14:00Z</time>
      </trkpt>
      <trkpt lat="65.06108" lon="14.97542">
        <time>2023-03-23T17:14:00Z</time>
      </trkpt>
      <trkpt lat="65.06463" lon="14.99518">
        <time>2023-03-23T17:24:00Z</time>
      </trkpt>
      <trkpt lat="65.06463" lon="14.99518">
        <time>2023-03-23T17:24:00Z</time>
      </trkpt>
      <trkpt lat="65.06465" lon="15.01522">
        <time>2023-03-23T17:34:00Z</time>
      </trkpt>
      <trkpt lat="65.06465" lon="15.01522">
        <time>2023-03-23T17:34:00Z</time>
      </trkpt>
      <trkpt lat="65.06404" lon="15.03752">
        <time>2023-03-23T17:44:00Z</time>
      </trkpt>
      <trkpt lat="65.06404" lon="15.03752">
        <time>2023-03-23T17:44:00Z</time>
      </trkpt>
      <trkpt lat="65.06142" lon="15.05668">
        <time>2023-03-23T17:54:00Z</time>
      </trkpt>
      <trkpt lat="65.06142" lon="15.05668">
        <time>2023-03-23T17:54:00Z</time>
      </trkpt>
      <trkpt lat="65.06008" lon="15.05357">
        <time>2023-03-23T18:04:00Z</time>
      </trkpt>
      <trkpt lat="65.06008" lon="15.05357">
        <time>2023-03-23T18:04:00Z</time>
      </trkpt>
      <trkpt lat="65.06017" lon="15.05361">
        <time>2023-03-23T18:05:00Z</time>
      </trkpt>
      <trkpt lat="65.06017" lon="15.05361">
        <time>2023-03-23T18:05:00Z</time>
      </trkpt>
      <trkpt lat="65.05998" lon="15.05344">
        <time>2023-03-24T09:41:00Z</time>
      </trkpt>
      <trkpt lat="65.05998" lon="15.05344">
        <time>2023-03-24T09:41:00Z</time>
      </trkpt>
      <trkpt lat="65.0613" lon="15.05625">
        <time>2023-03-24T09:51:00Z</time>
      </trkpt>
      <trkpt lat="65.0613" lon="15.05625">
        <time>2023-03-24T09:51:00Z</time>
      </trkpt>
      <trkpt lat="65.06607" lon="15.0641">
        <time>2023-03-24T10:01:00Z</time>
      </trkpt>
      <trkpt lat="65.06607" lon="15.0641">
        <time>2023-03-24T10:01:00Z</time>
      </trkpt>
      <trkpt lat="65.06731" lon="15.07466">
        <time>2023-03-24T10:11:00Z</time>
      </trkpt>
      <trkpt lat="65.06731" lon="15.07466">
        <time>2023-03-24T10:11:00Z</time>
      </trkpt>
      <trkpt lat="65.07306" lon="15.07977">
        <time>2023-03-24T10:21:00Z</time>
      </trkpt>
      <trkpt lat="65.07306" lon="15.07977">
        <time>2023-03-24T10:21:00Z</time>
      </trkpt>
      <trkpt lat="65.07892" lon="15.08828">
        <time>2023-03-24T10:31:00Z</time>
      </trkpt>
      <trkpt lat="65.07892" lon="15.08828">
        <time>2023-03-24T10:31:00Z</time>
      </trkpt>
      <trkpt lat="65.08427" lon="15.08895">
        <time>2023-03-24T10:41:00Z</time>
      </trkpt>
      <trkpt lat="65.08427" lon="15.08895">
        <time>2023-03-24T10:41:00Z</time>
      </trkpt>
      <trkpt lat="65.09166" lon="15.09107">
        <time>2023-03-24T10:51:00Z</time>
      </trkpt>
      <trkpt lat="65.09166" lon="15.09107">
        <time>2023-03-24T10:51:00Z</time>
      </trkpt>
      <trkpt lat="65.0976" lon="15.08026">
        <time>2023-03-24T11:01:00Z</time>
      </trkpt>
      <trkpt lat="65.0976" lon="15.08026">
        <time>2023-03-24T11:01:00Z</time>
      </trkpt>
      <trkpt lat="65.10313" lon="15.08088">
        <time>2023-03-24T11:11:00Z</time>
      </trkpt>
      <trkpt lat="65.10313" lon="15.08088">
        <time>2023-03-24T11:11:00Z</time>
      </trkpt>
      <trkpt lat="65.10849" lon="15.07391">
        <time>2023-03-24T11:21:00Z</time>
      </trkpt>
      <trkpt lat="65.10849" lon="15.07391">
        <time>2023-03-24T11:21:00Z</time>
      </trkpt>
      <trkpt lat="65.11472" lon="15.06543">
        <time>2023-03-24T11:31:00Z</time>
      </trkpt>
      <trkpt lat="65.11472" lon="15.06543">
        <time>2023-03-24T11:31:00Z</time>
      </trkpt>
      <trkpt lat="65.11509" lon="15.0594">
        <time>2023-03-24T11:41:00Z</time>
      </trkpt>
      <trkpt lat="65.11509" lon="15.0594">
        <time>2023-03-24T11:41:00Z</time>
      </trkpt>
      <trkpt lat="65.11635" lon="15.05228">
        <time>2023-03-24T11:51:00Z</time>
      </trkpt>
      <trkpt lat="65.11635" lon="15.05228">
        <time>2023-03-24T11:51:00Z</time>
      </trkpt>
      <trkpt lat="65.11892" lon="15.04209">
        <time>2023-03-24T12:01:00Z</time>
      </trkpt>
      <trkpt lat="65.11892" lon="15.04209">
        <time>2023-03-24T12:01:00Z</time>
      </trkpt>
      <trkpt lat="65.12528" lon="15.03606">
        <time>2023-03-24T12:11:00Z</time>
      </trkpt>
      <trkpt lat="65.12528" lon="15.03606">
        <time>2023-03-24T12:11:00Z</time>
      </trkpt>
      <trkpt lat="65.12941" lon="15.03406">
        <time>2023-03-24T12:21:00Z</time>
      </trkpt>
      <trkpt lat="65.12941" lon="15.03406">
        <time>2023-03-24T12:21:00Z</time>
      </trkpt>
      <trkpt lat="65.13482" lon="15.03009">
        <time>2023-03-24T12:31:00Z</time>
      </trkpt>
      <trkpt lat="65.13482" lon="15.03009">
        <time>2023-03-24T12:31:00Z</time>
      </trkpt>
      <trkpt lat="65.14196" lon="15.03219">
        <time>2023-03-24T12:41:00Z</time>
      </trkpt>
      <trkpt lat="65.14196" lon="15.03219">
        <time>2023-03-24T12:41:00Z</time>
      </trkpt>
      <trkpt lat="65.14614" lon="15.04005">
        <time>2023-03-24T12:51:00Z</time>
      </trkpt>
      <trkpt lat="65.14614" lon="15.04005">
        <time>2023-03-24T12:51:00Z</time>
      </trkpt>
      <trkpt lat="65.15161" lon="15.04428">
        <time>2023-03-24T13:01:00Z</time>
      </trkpt>
      <trkpt lat="65.15161" lon="15.04428">
        <time>2023-03-24T13:01:00Z</time>
      </trkpt>
      <trkpt lat="65.15831" lon="15.05839">
        <time>2023-03-24T13:11:00Z</time>
      </trkpt>
      <trkpt lat="65.15831" lon="15.05839">
        <time>2023-03-24T13:11:00Z</time>
      </trkpt>
      <trkpt lat="65.16232" lon="15.05906">
        <time>2023-03-24T13:21:00Z</time>
      </trkpt>
      <trkpt lat="65.16232" lon="15.05906">
        <time>2023-03-24T13:21:00Z</time>
      </trkpt>
      <trkpt lat="65.16962" lon="15.06041">
        <time>2023-03-24T13:31:00Z</time>
      </trkpt>
      <trkpt lat="65.16962" lon="15.06041">
        <time>2023-03-24T13:31:00Z</time>
      </trkpt>
      <trkpt lat="65.17461" lon="15.06846">
        <time>2023-03-24T13:41:00Z</time>
      </trkpt>
      <trkpt lat="65.17461" lon="15.06846">
        <time>2023-03-24T13:41:00Z</time>
      </trkpt>
      <trkpt lat="65.17448" lon="15.07505">
        <time>2023-03-24T13:51:00Z</time>
      </trkpt>
      <trkpt lat="65.17448" lon="15.07505">
        <time>2023-03-24T13:51:00Z</time>
      </trkpt>
      <trkpt lat="65.17876" lon="15.08163">
        <time>2023-03-24T14:01:00Z</time>
      </trkpt>
      <trkpt lat="65.17876" lon="15.08163">
        <time>2023-03-24T14:01:00Z</time>
      </trkpt>
      <trkpt lat="65.18332" lon="15.07717">
        <time>2023-03-24T14:11:00Z</time>
      </trkpt>
      <trkpt lat="65.18332" lon="15.07717">
        <time>2023-03-24T14:11:00Z</time>
      </trkpt>
      <trkpt lat="65.19007" lon="15.0717">
        <time>2023-03-24T14:21:00Z</time>
      </trkpt>
      <trkpt lat="65.19007" lon="15.0717">
        <time>2023-03-24T14:21:00Z</time>
      </trkpt>
      <trkpt lat="65.19434" lon="15.06822">
        <time>2023-03-24T14:31:00Z</time>
      </trkpt>
      <trkpt lat="65.19434" lon="15.06822">
        <time>2023-03-24T14:31:00Z</time>
      </trkpt>
      <trkpt lat="65.20078" lon="15.06127">
        <time>2023-03-24T14:41:00Z</time>
      </trkpt>
      <trkpt lat="65.20078" lon="15.06127">
        <time>2023-03-24T14:41:00Z</time>
      </trkpt>
      <trkpt lat="65.20762" lon="15.05558">
        <time>2023-03-24T14:51:00Z</time>
      </trkpt>
      <trkpt lat="65.20762" lon="15.05558">
        <time>2023-03-24T14:51:00Z</time>
      </trkpt>
      <trkpt lat="65.21461" lon="15.04985">
        <time>2023-03-24T15:01:00Z</time>
      </trkpt>
      <trkpt lat="65.21461" lon="15.04985">
        <time>2023-03-24T15:01:00Z</time>
      </trkpt>
      <trkpt lat="65.22193" lon="15.0443">
        <time>2023-03-24T15:11:00Z</time>
      </trkpt>
      <trkpt lat="65.22193" lon="15.0443">
        <time>2023-03-24T15:11:00Z</time>
      </trkpt>
      <trkpt lat="65.23003" lon="15.03889">
        <time>2023-03-24T15:21:00Z</time>
      </trkpt>
      <trkpt lat="65.23003" lon="15.03889">
        <time>2023-03-24T15:21:00Z</time>
      </trkpt>
      <trkpt lat="65.23446" lon="15.03578">
        <time>2023-03-24T15:31:00Z</time>
      </trkpt>
      <trkpt lat="65.23446" lon="15.03578">
        <time>2023-03-24T15:31:00Z</time>
      </trkpt>
      <trkpt lat="65.23986" lon="15.03222">
        <time>2023-03-24T15:41:00Z</time>
      </trkpt>
      <trkpt lat="65.23986" lon="15.03222">
        <time>2023-03-24T15:41:00Z</time>
      </trkpt>
      <trkpt lat="65.247" lon="15.02556">
        <time>2023-03-24T15:51:00Z</time>
      </trkpt>
      <trkpt lat="65.247" lon="15.02556">
        <time>2023-03-24T15:51:00Z</time>
      </trkpt>
      <trkpt lat="65.25553" lon="15.01992">
        <time>2023-03-24T16:01:00Z</time>
      </trkpt>
      <trkpt lat="65.25553" lon="15.01992">
        <time>2023-03-24T16:01:00Z</time>
      </trkpt>
      <trkpt lat="65.26396" lon="15.01953">
        <time>2023-03-24T16:11:00Z</time>
      </trkpt>
      <trkpt lat="65.26396" lon="15.01953">
        <time>2023-03-24T16:11:00Z</time>
      </trkpt>
      <trkpt lat="65.27265" lon="15.01878">
        <time>2023-03-24T16:21:00Z</time>
      </trkpt>
      <trkpt lat="65.27265" lon="15.01878">
        <time>2023-03-24T16:21:00Z</time>
      </trkpt>
      <trkpt lat="65.27671" lon="15.02921">
        <time>2023-03-24T16:30:00Z</time>
      </trkpt>
      <trkpt lat="65.27671" lon="15.02921">
        <time>2023-03-24T16:30:00Z</time>
      </trkpt>
      <trkpt lat="65.27663" lon="15.0293">
        <time>2023-03-25T09:26:00Z</time>
      </trkpt>
      <trkpt lat="65.27663" lon="15.0293">
        <time>2023-03-25T09:26:00Z</time>
      </trkpt>
      <trkpt lat="65.27917" lon="15.03093">
        <time>2023-03-25T09:36:00Z</time>
      </trkpt>
      <trkpt lat="65.27917" lon="15.03093">
        <time>2023-03-25T09:36:00Z</time>
      </trkpt>
      <trkpt lat="65.28603" lon="15.03265">
        <time>2023-03-25T09:46:00Z</time>
      </trkpt>
      <trkpt lat="65.28603" lon="15.03265">
        <time>2023-03-25T09:46:00Z</time>
      </trkpt>
      <trkpt lat="65.29109" lon="15.03307">
        <time>2023-03-25T09:56:00Z</time>
      </trkpt>
      <trkpt lat="65.29109" lon="15.03307">
        <time>2023-03-25T09:56:00Z</time>
      </trkpt>
      <trkpt lat="65.29829" lon="15.02769">
        <time>2023-03-25T10:06:00Z</time>
      </trkpt>
      <trkpt lat="65.29829" lon="15.02769">
        <time>2023-03-25T10:06:00Z</time>
      </trkpt>
      <trkpt lat="65.30573" lon="15.02762">
        <time>2023-03-25T10:16:00Z</time>
      </trkpt>
      <trkpt lat="65.30573" lon="15.02762">
        <time>2023-03-25T10:16:00Z</time>
      </trkpt>
      <trkpt lat="65.30954" lon="15.03387">
        <time>2023-03-25T10:26:00Z</time>
      </trkpt>
      <trkpt lat="65.30954" lon="15.03387">
        <time>2023-03-25T10:26:00Z</time>
      </trkpt>
      <trkpt lat="65.31648" lon="15.04494">
        <time>2023-03-25T10:36:00Z</time>
      </trkpt>
      <trkpt lat="65.31648" lon="15.04494">
        <time>2023-03-25T10:36:00Z</time>
      </trkpt>
      <trkpt lat="65.32352" lon="15.0606">
        <time>2023-03-25T10:46:00Z</time>
      </trkpt>
      <trkpt lat="65.32352" lon="15.0606">
        <time>2023-03-25T10:46:00Z</time>
      </trkpt>
      <trkpt lat="65.32913" lon="15.06766">
        <time>2023-03-25T10:56:00Z</time>
      </trkpt>
      <trkpt lat="65.32913" lon="15.06766">
        <time>2023-03-25T10:56:00Z</time>
      </trkpt>
      <trkpt lat="65.33352" lon="15.08247">
        <time>2023-03-25T11:06:00Z</time>
      </trkpt>
      <trkpt lat="65.33352" lon="15.08247">
        <time>2023-03-25T11:06:00Z</time>
      </trkpt>
      <trkpt lat="65.33397" lon="15.09">
        <time>2023-03-25T11:16:00Z</time>
      </trkpt>
      <trkpt lat="65.33397" lon="15.09">
        <time>2023-03-25T11:16:00Z</time>
      </trkpt>
      <trkpt lat="65.3383" lon="15.09976">
        <time>2023-03-25T11:26:00Z</time>
      </trkpt>
      <trkpt lat="65.3383" lon="15.09976">
        <time>2023-03-25T11:26:00Z</time>
      </trkpt>
      <trkpt lat="65.34111" lon="15.10762">
        <time>2023-03-25T11:36:00Z</time>
      </trkpt>
      <trkpt lat="65.34111" lon="15.10762">
        <time>2023-03-25T11:36:00Z</time>
      </trkpt>
      <trkpt lat="65.34372" lon="15.1117">
        <time>2023-03-25T11:46:00Z</time>
      </trkpt>
      <trkpt lat="65.34372" lon="15.1117">
        <time>2023-03-25T11:46:00Z</time>
      </trkpt>
      <trkpt lat="65.34369" lon="15.11163">
        <time>2023-03-25T11:56:00Z</time>
      </trkpt>
      <trkpt lat="65.34369" lon="15.11163">
        <time>2023-03-25T11:56:00Z</time>
      </trkpt>
      <trkpt lat="65.34538" lon="15.11502">
        <time>2023-03-25T12:06:00Z</time>
      </trkpt>
      <trkpt lat="65.34538" lon="15.11502">
        <time>2023-03-25T12:06:00Z</time>
      </trkpt>
      <trkpt lat="65.34924" lon="15.11983">
        <time>2023-03-25T12:16:00Z</time>
      </trkpt>
      <trkpt lat="65.34924" lon="15.11983">
        <time>2023-03-25T12:16:00Z</time>
      </trkpt>
      <trkpt lat="65.35316" lon="15.12081">
        <time>2023-03-25T12:26:00Z</time>
      </trkpt>
      <trkpt lat="65.35316" lon="15.12081">
        <time>2023-03-25T12:26:00Z</time>
      </trkpt>
      <trkpt lat="65.35551" lon="15.11987">
        <time>2023-03-25T12:36:00Z</time>
      </trkpt>
      <trkpt lat="65.35551" lon="15.11987">
        <time>2023-03-25T12:36:00Z</time>
      </trkpt>
      <trkpt lat="65.35816" lon="15.11985">
        <time>2023-03-25T12:46:00Z</time>
      </trkpt>
      <trkpt lat="65.35816" lon="15.11985">
        <time>2023-03-25T12:46:00Z</time>
      </trkpt>
      <trkpt lat="65.36055" lon="15.12253">
        <time>2023-03-25T12:56:00Z</time>
      </trkpt>
      <trkpt lat="65.36055" lon="15.12253">
        <time>2023-03-25T12:56:00Z</time>
      </trkpt>
      <trkpt lat="65.36312" lon="15.1229">
        <time>2023-03-25T13:06:00Z</time>
      </trkpt>
      <trkpt lat="65.36312" lon="15.1229">
        <time>2023-03-25T13:06:00Z</time>
      </trkpt>
      <trkpt lat="65.36385" lon="15.12648">
        <time>2023-03-25T13:16:00Z</time>
      </trkpt>
      <trkpt lat="65.36385" lon="15.12648">
        <time>2023-03-25T13:16:00Z</time>
      </trkpt>
      <trkpt lat="65.36437" lon="15.13146">
        <time>2023-03-25T13:26:00Z</time>
      </trkpt>
      <trkpt lat="65.36437" lon="15.13146">
        <time>2023-03-25T13:26:00Z</time>
      </trkpt>
      <trkpt lat="65.36637" lon="15.14356">
        <time>2023-03-25T13:36:00Z</time>
      </trkpt>
      <trkpt lat="65.36637" lon="15.14356">
        <time>2023-03-25T13:36:00Z</time>
      </trkpt>
      <trkpt lat="65.36959" lon="15.14659">
        <time>2023-03-25T13:46:00Z</time>
      </trkpt>
      <trkpt lat="65.36959" lon="15.14659">
        <time>2023-03-25T13:46:00Z</time>
      </trkpt>
      <trkpt lat="65.36993" lon="15.14682">
        <time>2023-03-25T13:56:00Z</time>
      </trkpt>
      <trkpt lat="65.36993" lon="15.14682">
        <time>2023-03-25T13:56:00Z</time>
      </trkpt>
      <trkpt lat="65.37449" lon="15.14062">
        <time>2023-03-25T14:06:00Z</time>
      </trkpt>
      <trkpt lat="65.37449" lon="15.14062">
        <time>2023-03-25T14:06:00Z</time>
      </trkpt>
      <trkpt lat="65.38228" lon="15.13461">
        <time>2023-03-25T14:16:00Z</time>
      </trkpt>
      <trkpt lat="65.38228" lon="15.13461">
        <time>2023-03-25T14:16:00Z</time>
      </trkpt>
      <trkpt lat="65.38598" lon="15.1262">
        <time>2023-03-25T14:26:00Z</time>
      </trkpt>
      <trkpt lat="65.38598" lon="15.1262">
        <time>2023-03-25T14:26:00Z</time>
      </trkpt>
      <trkpt lat="65.39114" lon="15.1291">
        <time>2023-03-25T14:36:00Z</time>
      </trkpt>
      <trkpt lat="65.39114" lon="15.1291">
        <time>2023-03-25T14:36:00Z</time>
      </trkpt>
      <trkpt lat="65.39637" lon="15.1338">
        <time>2023-03-25T14:46:00Z</time>
      </trkpt>
      <trkpt lat="65.39637" lon="15.1338">
        <time>2023-03-25T14:46:00Z</time>
      </trkpt>
      <trkpt lat="65.39633" lon="15.13375">
        <time>2023-03-25T14:56:00Z</time>
      </trkpt>
      <trkpt lat="65.39633" lon="15.13375">
        <time>2023-03-25T14:56:00Z</time>
      </trkpt>
      <trkpt lat="65.39727" lon="15.1398">
        <time>2023-03-25T15:06:00Z</time>
      </trkpt>
      <trkpt lat="65.39727" lon="15.1398">
        <time>2023-03-25T15:06:00Z</time>
      </trkpt>
      <trkpt lat="65.40114" lon="15.15216">
        <time>2023-03-25T15:16:00Z</time>
      </trkpt>
      <trkpt lat="65.40114" lon="15.15216">
        <time>2023-03-25T15:16:00Z</time>
      </trkpt>
      <trkpt lat="65.40537" lon="15.16867">
        <time>2023-03-25T15:26:00Z</time>
      </trkpt>
      <trkpt lat="65.40537" lon="15.16867">
        <time>2023-03-25T15:26:00Z</time>
      </trkpt>
      <trkpt lat="65.41129" lon="15.18364">
        <time>2023-03-25T15:36:00Z</time>
      </trkpt>
      <trkpt lat="65.41129" lon="15.18364">
        <time>2023-03-25T15:36:00Z</time>
      </trkpt>
      <trkpt lat="65.4165" lon="15.1989">
        <time>2023-03-25T15:46:00Z</time>
      </trkpt>
      <trkpt lat="65.4165" lon="15.1989">
        <time>2023-03-25T15:46:00Z</time>
      </trkpt>
      <trkpt lat="65.41919" lon="15.2095">
        <time>2023-03-25T15:56:00Z</time>
      </trkpt>
      <trkpt lat="65.41919" lon="15.2095">
        <time>2023-03-25T15:56:00Z</time>
      </trkpt>
      <trkpt lat="65.42457" lon="15.21426">
        <time>2023-03-25T16:06:00Z</time>
      </trkpt>
      <trkpt lat="65.42457" lon="15.21426">
        <time>2023-03-25T16:06:00Z</time>
      </trkpt>
      <trkpt lat="65.42822" lon="15.22089">
        <time>2023-03-25T16:16:00Z</time>
      </trkpt>
      <trkpt lat="65.42822" lon="15.22089">
        <time>2023-03-25T16:16:00Z</time>
      </trkpt>
      <trkpt lat="65.43133" lon="15.23033">
        <time>2023-03-25T16:26:00Z</time>
      </trkpt>
      <trkpt lat="65.43133" lon="15.23033">
        <time>2023-03-25T16:26:00Z</time>
      </trkpt>
      <trkpt lat="65.43307" lon="15.23167">
        <time>2023-03-25T16:36:00Z</time>
      </trkpt>
      <trkpt lat="65.43307" lon="15.23167">
        <time>2023-03-25T16:36:00Z</time>
      </trkpt>
      <trkpt lat="65.43302" lon="15.23278">
        <time>2023-03-25T16:46:00Z</time>
      </trkpt>
      <trkpt lat="65.43302" lon="15.23278">
        <time>2023-03-25T16:46:00Z</time>
      </trkpt>
      <trkpt lat="65.43238" lon="15.23265">
        <time>2023-03-25T16:55:00Z</time>
      </trkpt>
      <trkpt lat="65.43238" lon="15.23265">
        <time>2023-03-25T16:55:00Z</time>
      </trkpt>
      <trkpt lat="65.43329" lon="15.23272">
        <time>2023-03-26T09:05:00Z</time>
      </trkpt>
      <trkpt lat="65.43329" lon="15.23272">
        <time>2023-03-26T09:05:00Z</time>
      </trkpt>
      <trkpt lat="65.44041" lon="15.23473">
        <time>2023-03-26T09:15:00Z</time>
      </trkpt>
      <trkpt lat="65.44041" lon="15.23473">
        <time>2023-03-26T09:15:00Z</time>
      </trkpt>
      <trkpt lat="65.45084" lon="15.24982">
        <time>2023-03-26T09:25:00Z</time>
      </trkpt>
      <trkpt lat="65.45084" lon="15.24982">
        <time>2023-03-26T09:25:00Z</time>
      </trkpt>
      <trkpt lat="65.46021" lon="15.25943">
        <time>2023-03-26T09:35:00Z</time>
      </trkpt>
      <trkpt lat="65.46021" lon="15.25943">
        <time>2023-03-26T09:35:00Z</time>
      </trkpt>
      <trkpt lat="65.46963" lon="15.28501">
        <time>2023-03-26T09:45:00Z</time>
      </trkpt>
      <trkpt lat="65.46963" lon="15.28501">
        <time>2023-03-26T09:45:00Z</time>
      </trkpt>
      <trkpt lat="65.47611" lon="15.30758">
        <time>2023-03-26T09:55:00Z</time>
      </trkpt>
      <trkpt lat="65.47611" lon="15.30758">
        <time>2023-03-26T09:55:00Z</time>
      </trkpt>
      <trkpt lat="65.49019" lon="15.35625">
        <time>2023-03-26T10:05:00Z</time>
      </trkpt>
      <trkpt lat="65.49019" lon="15.35625">
        <time>2023-03-26T10:05:00Z</time>
      </trkpt>
      <trkpt lat="65.49759" lon="15.34335">
        <time>2023-03-26T10:15:00Z</time>
      </trkpt>
      <trkpt lat="65.49759" lon="15.34335">
        <time>2023-03-26T10:15:00Z</time>
      </trkpt>
      <trkpt lat="65.50938" lon="15.33904">
        <time>2023-03-26T10:25:00Z</time>
      </trkpt>
      <trkpt lat="65.50938" lon="15.33904">
        <time>2023-03-26T10:25:00Z</time>
      </trkpt>
      <trkpt lat="65.51836" lon="15.32786">
        <time>2023-03-26T10:35:00Z</time>
      </trkpt>
      <trkpt lat="65.51836" lon="15.32786">
        <time>2023-03-26T10:35:00Z</time>
      </trkpt>
      <trkpt lat="65.52524" lon="15.32001">
        <time>2023-03-26T10:45:00Z</time>
      </trkpt>
      <trkpt lat="65.52524" lon="15.32001">
        <time>2023-03-26T10:45:00Z</time>
      </trkpt>
      <trkpt lat="65.53792" lon="15.322">
        <time>2023-03-26T10:55:00Z</time>
      </trkpt>
      <trkpt lat="65.53792" lon="15.322">
        <time>2023-03-26T10:55:00Z</time>
      </trkpt>
      <trkpt lat="65.54563" lon="15.30908">
        <time>2023-03-26T11:05:00Z</time>
      </trkpt>
      <trkpt lat="65.54563" lon="15.30908">
        <time>2023-03-26T11:05:00Z</time>
      </trkpt>
      <trkpt lat="65.54723" lon="15.30574">
        <time>2023-03-26T11:15:00Z</time>
      </trkpt>
      <trkpt lat="65.54723" lon="15.30574">
        <time>2023-03-26T11:15:00Z</time>
      </trkpt>
      <trkpt lat="65.54727" lon="15.30557">
        <time>2023-03-26T11:25:00Z</time>
      </trkpt>
      <trkpt lat="65.54727" lon="15.30557">
        <time>2023-03-26T11:25:00Z</time>
      </trkpt>
      <trkpt lat="65.55907" lon="15.30009">
        <time>2023-03-26T11:35:00Z</time>
      </trkpt>
      <trkpt lat="65.55907" lon="15.30009">
        <time>2023-03-26T11:35:00Z</time>
      </trkpt>
      <trkpt lat="65.57177" lon="15.30078">
        <time>2023-03-26T11:45:00Z</time>
      </trkpt>
      <trkpt lat="65.57177" lon="15.30078">
        <time>2023-03-26T11:45:00Z</time>
      </trkpt>
      <trkpt lat="65.57946" lon="15.30029">
        <time>2023-03-26T11:55:00Z</time>
      </trkpt>
      <trkpt lat="65.57946" lon="15.30029">
        <time>2023-03-26T11:55:00Z</time>
      </trkpt>
      <trkpt lat="65.58593" lon="15.2914">
        <time>2023-03-26T12:05:00Z</time>
      </trkpt>
      <trkpt lat="65.58593" lon="15.2914">
        <time>2023-03-26T12:05:00Z</time>
      </trkpt>
      <trkpt lat="65.59227" lon="15.2857">
        <time>2023-03-26T12:15:00Z</time>
      </trkpt>
      <trkpt lat="65.59227" lon="15.2857">
        <time>2023-03-26T12:15:00Z</time>
      </trkpt>
      <trkpt lat="65.60409" lon="15.27428">
        <time>2023-03-26T12:25:00Z</time>
      </trkpt>
      <trkpt lat="65.60409" lon="15.27428">
        <time>2023-03-26T12:25:00Z</time>
      </trkpt>
      <trkpt lat="65.61274" lon="15.26231">
        <time>2023-03-26T12:35:00Z</time>
      </trkpt>
      <trkpt lat="65.61274" lon="15.26231">
        <time>2023-03-26T12:35:00Z</time>
      </trkpt>
      <trkpt lat="65.62351" lon="15.2363">
        <time>2023-03-26T12:45:00Z</time>
      </trkpt>
      <trkpt lat="65.62351" lon="15.2363">
        <time>2023-03-26T12:45:00Z</time>
      </trkpt>
      <trkpt lat="65.63328" lon="15.2219">
        <time>2023-03-26T12:55:00Z</time>
      </trkpt>
      <trkpt lat="65.63328" lon="15.2219">
        <time>2023-03-26T12:55:00Z</time>
      </trkpt>
      <trkpt lat="65.64103" lon="15.20115">
        <time>2023-03-26T13:05:00Z</time>
      </trkpt>
      <trkpt lat="65.64103" lon="15.20115">
        <time>2023-03-26T13:05:00Z</time>
      </trkpt>
      <trkpt lat="65.64339" lon="15.19456">
        <time>2023-03-26T13:15:00Z</time>
      </trkpt>
      <trkpt lat="65.64339" lon="15.19456">
        <time>2023-03-26T13:15:00Z</time>
      </trkpt>
      <trkpt lat="65.64701" lon="15.18497">
        <time>2023-03-26T13:25:00Z</time>
      </trkpt>
      <trkpt lat="65.64701" lon="15.18497">
        <time>2023-03-26T13:25:00Z</time>
      </trkpt>
      <trkpt lat="65.65437" lon="15.16206">
        <time>2023-03-26T13:35:00Z</time>
      </trkpt>
      <trkpt lat="65.65437" lon="15.16206">
        <time>2023-03-26T13:35:00Z</time>
      </trkpt>
      <trkpt lat="65.65895" lon="15.13794">
        <time>2023-03-26T13:45:00Z</time>
      </trkpt>
      <trkpt lat="65.65895" lon="15.13794">
        <time>2023-03-26T13:45:00Z</time>
      </trkpt>
      <trkpt lat="65.66022" lon="15.1291">
        <time>2023-03-26T13:55:00Z</time>
      </trkpt>
      <trkpt lat="65.66022" lon="15.1291">
        <time>2023-03-26T13:55:00Z</time>
      </trkpt>
      <trkpt lat="65.66739" lon="15.12933">
        <time>2023-03-26T14:05:00Z</time>
      </trkpt>
      <trkpt lat="65.66739" lon="15.12933">
        <time>2023-03-26T14:05:00Z</time>
      </trkpt>
      <trkpt lat="65.67381" lon="15.12948">
        <time>2023-03-26T14:15:00Z</time>
      </trkpt>
      <trkpt lat="65.67381" lon="15.12948">
        <time>2023-03-26T14:15:00Z</time>
      </trkpt>
      <trkpt lat="65.68147" lon="15.12223">
        <time>2023-03-26T14:25:00Z</time>
      </trkpt>
      <trkpt lat="65.68147" lon="15.12223">
        <time>2023-03-26T14:25:00Z</time>
      </trkpt>
      <trkpt lat="65.69021" lon="15.11908">
        <time>2023-03-26T14:35:00Z</time>
      </trkpt>
      <trkpt lat="65.69021" lon="15.11908">
        <time>2023-03-26T14:35:00Z</time>
      </trkpt>
      <trkpt lat="65.69605" lon="15.11077">
        <time>2023-03-26T14:45:00Z</time>
      </trkpt>
      <trkpt lat="65.69605" lon="15.11077">
        <time>2023-03-26T14:45:00Z</time>
      </trkpt>
      <trkpt lat="65.70426" lon="15.10358">
        <time>2023-03-26T14:55:00Z</time>
      </trkpt>
      <trkpt lat="65.70426" lon="15.10358">
        <time>2023-03-26T14:55:00Z</time>
      </trkpt>
      <trkpt lat="65.71345" lon="15.0935">
        <time>2023-03-26T15:05:00Z</time>
      </trkpt>
      <trkpt lat="65.71345" lon="15.0935">
        <time>2023-03-26T15:05:00Z</time>
      </trkpt>
      <trkpt lat="65.7209" lon="15.0924">
        <time>2023-03-26T15:15:00Z</time>
      </trkpt>
      <trkpt lat="65.7209" lon="15.0924">
        <time>2023-03-26T15:15:00Z</time>
      </trkpt>
      <trkpt lat="65.72135" lon="15.10131">
        <time>2023-03-26T15:25:00Z</time>
      </trkpt>
      <trkpt lat="65.72135" lon="15.10131">
        <time>2023-03-26T15:25:00Z</time>
      </trkpt>
      <trkpt lat="65.72087" lon="15.10346">
        <time>2023-03-26T15:35:00Z</time>
      </trkpt>
      <trkpt lat="65.72087" lon="15.10346">
        <time>2023-03-26T15:35:00Z</time>
      </trkpt>
      <trkpt lat="65.72452" lon="15.11118">
        <time>2023-03-26T15:45:00Z</time>
      </trkpt>
      <trkpt lat="65.72452" lon="15.11118">
        <time>2023-03-26T15:45:00Z</time>
      </trkpt>
      <trkpt lat="65.73336" lon="15.11103">
        <time>2023-03-26T15:55:00Z</time>
      </trkpt>
      <trkpt lat="65.73336" lon="15.11103">
        <time>2023-03-26T15:55:00Z</time>
      </trkpt>
      <trkpt lat="65.73859" lon="15.12096">
        <time>2023-03-26T16:05:00Z</time>
      </trkpt>
      <trkpt lat="65.73859" lon="15.12096">
        <time>2023-03-26T16:05:00Z</time>
      </trkpt>
      <trkpt lat="65.74792" lon="15.12672">
        <time>2023-03-26T16:15:00Z</time>
      </trkpt>
      <trkpt lat="65.74792" lon="15.12672">
        <time>2023-03-26T16:15:00Z</time>
      </trkpt>
      <trkpt lat="65.75732" lon="15.13058">
        <time>2023-03-26T16:25:00Z</time>
      </trkpt>
      <trkpt lat="65.75732" lon="15.13058">
        <time>2023-03-26T16:25:00Z</time>
      </trkpt>
      <trkpt lat="65.76502" lon="15.11996">
        <time>2023-03-26T16:35:00Z</time>
      </trkpt>
      <trkpt lat="65.76502" lon="15.11996">
        <time>2023-03-26T16:35:00Z</time>
      </trkpt>
      <trkpt lat="65.76807" lon="15.11569">
        <time>2023-03-26T16:45:00Z</time>
      </trkpt>
      <trkpt lat="65.76807" lon="15.11569">
        <time>2023-03-26T16:45:00Z</time>
      </trkpt>
      <trkpt lat="65.77427" lon="15.10884">
        <time>2023-03-26T16:55:00Z</time>
      </trkpt>
      <trkpt lat="65.77427" lon="15.10884">
        <time>2023-03-26T16:55:00Z</time>
      </trkpt>
      <trkpt lat="65.77764" lon="15.11021">
        <time>2023-03-26T17:05:00Z</time>
      </trkpt>
      <trkpt lat="65.77764" lon="15.11021">
        <time>2023-03-26T17:05:00Z</time>
      </trkpt>
      <trkpt lat="65.78445" lon="15.108">
        <time>2023-03-26T17:15:00Z</time>
      </trkpt>
      <trkpt lat="65.78445" lon="15.108">
        <time>2023-03-26T17:15:00Z</time>
      </trkpt>
      <trkpt lat="65.7915" lon="15.10318">
        <time>2023-03-26T17:25:00Z</time>
      </trkpt>
      <trkpt lat="65.7915" lon="15.10318">
        <time>2023-03-26T17:25:00Z</time>
      </trkpt>
      <trkpt lat="65.79666" lon="15.09824">
        <time>2023-03-26T17:35:00Z</time>
      </trkpt>
      <trkpt lat="65.79666" lon="15.09824">
        <time>2023-03-26T17:35:00Z</time>
      </trkpt>
      <trkpt lat="65.8009" lon="15.09661">
        <time>2023-03-26T17:45:00Z</time>
      </trkpt>
      <trkpt lat="65.8009" lon="15.09661">
        <time>2023-03-26T17:45:00Z</time>
      </trkpt>
      <trkpt lat="65.80575" lon="15.09009">
        <time>2023-03-26T17:55:00Z</time>
      </trkpt>
      <trkpt lat="65.80575" lon="15.09009">
        <time>2023-03-26T17:55:00Z</time>
      </trkpt>
      <trkpt lat="65.81197" lon="15.08743">
        <time>2023-03-26T18:05:00Z</time>
      </trkpt>
      <trkpt lat="65.81197" lon="15.08743">
        <time>2023-03-26T18:05:00Z</time>
      </trkpt>
      <trkpt lat="65.81227" lon="15.0864">
        <time>2023-03-26T18:15:00Z</time>
      </trkpt>
      <trkpt lat="65.81227" lon="15.0864">
        <time>2023-03-26T18:15:00Z</time>
      </trkpt>
      <trkpt lat="65.81148" lon="15.08603">
        <time>2023-03-26T18:50:00Z</time>
      </trkpt>
      <trkpt lat="65.81148" lon="15.08603">
        <time>2023-03-26T18:50:00Z</time>
      </trkpt>
      <trkpt lat="65.81185" lon="15.08728">
        <time>2023-03-27T10:20:00Z</time>
      </trkpt>
      <trkpt lat="65.81185" lon="15.08728">
        <time>2023-03-27T10:20:00Z</time>
      </trkpt>
      <trkpt lat="65.81432" lon="15.09122">
        <time>2023-03-27T10:30:00Z</time>
      </trkpt>
      <trkpt lat="65.81432" lon="15.09122">
        <time>2023-03-27T10:30:00Z</time>
      </trkpt>
      <trkpt lat="65.81101" lon="15.10163">
        <time>2023-03-27T10:40:00Z</time>
      </trkpt>
      <trkpt lat="65.81101" lon="15.10163">
        <time>2023-03-27T10:40:00Z</time>
      </trkpt>
      <trkpt lat="65.81407" lon="15.10588">
        <time>2023-03-27T10:50:00Z</time>
      </trkpt>
      <trkpt lat="65.81407" lon="15.10588">
        <time>2023-03-27T10:50:00Z</time>
      </trkpt>
      <trkpt lat="65.8152" lon="15.10406">
        <time>2023-03-27T11:00:00Z</time>
      </trkpt>
      <trkpt lat="65.8152" lon="15.10406">
        <time>2023-03-27T11:00:00Z</time>
      </trkpt>
      <trkpt lat="65.81481" lon="15.11268">
        <time>2023-03-27T11:10:00Z</time>
      </trkpt>
      <trkpt lat="65.81481" lon="15.11268">
        <time>2023-03-27T11:10:00Z</time>
      </trkpt>
      <trkpt lat="65.81803" lon="15.11893">
        <time>2023-03-27T11:20:00Z</time>
      </trkpt>
      <trkpt lat="65.81803" lon="15.11893">
        <time>2023-03-27T11:20:00Z</time>
      </trkpt>
      <trkpt lat="65.82235" lon="15.10867">
        <time>2023-03-27T11:30:00Z</time>
      </trkpt>
      <trkpt lat="65.82235" lon="15.10867">
        <time>2023-03-27T11:30:00Z</time>
      </trkpt>
      <trkpt lat="65.82887" lon="15.10305">
        <time>2023-03-27T11:40:00Z</time>
      </trkpt>
      <trkpt lat="65.82887" lon="15.10305">
        <time>2023-03-27T11:40:00Z</time>
      </trkpt>
      <trkpt lat="65.83419" lon="15.10277">
        <time>2023-03-27T11:50:00Z</time>
      </trkpt>
      <trkpt lat="65.83419" lon="15.10277">
        <time>2023-03-27T11:50:00Z</time>
      </trkpt>
      <trkpt lat="65.83819" lon="15.08966">
        <time>2023-03-27T12:00:00Z</time>
      </trkpt>
    </trkseg>
  </trk>
  <trk>
    <name>Klimpf→Hemavan · Björn Rudberg (village)</name>
    <trkseg>
      <trkpt lat="65.06338" lon="14.80886">
        <time>2026-03-19T07:17:00Z</time>
      </trkpt>
      <trkpt lat="65.06244" lon="14.81796">
        <time>2026-03-19T07:27:00Z</time>
      </trkpt>
      <trkpt lat="65.06128" lon="14.83995">
        <time>2026-03-19T07:37:00Z</time>
      </trkpt>
      <trkpt lat="65.05923" lon="14.86407">
        <time>2026-03-19T07:47:00Z</time>
      </trkpt>
      <trkpt lat="65.05679" lon="14.88958">
        <time>2026-03-19T07:57:00Z</time>
      </trkpt>
      <trkpt lat="65.05471" lon="14.91531">
        <time>2026-03-19T08:07:00Z</time>
      </trkpt>
      <trkpt lat="65.05431" lon="14.94129">
        <time>2026-03-19T08:17:00Z</time>
      </trkpt>
      <trkpt lat="65.05573" lon="14.96127">
        <time>2026-03-19T08:27:00Z</time>
      </trkpt>
      <trkpt lat="65.05786" lon="14.98612">
        <time>2026-03-19T08:37:00Z</time>
      </trkpt>
      <trkpt lat="65.05985" lon="15.01123">
        <time>2026-03-19T08:47:00Z</time>
      </trkpt>
      <trkpt lat="65.0616" lon="15.03685">
        <time>2026-03-19T08:57:00Z</time>
      </trkpt>
      <trkpt lat="65.06096" lon="15.05508">
        <time>2026-03-19T09:07:00Z</time>
      </trkpt>
      <trkpt lat="65.06287" lon="15.0589">
        <time>2026-03-19T09:17:00Z</time>
      </trkpt>
      <trkpt lat="65.06287" lon="15.05897">
        <time>2026-03-19T09:27:00Z</time>
      </trkpt>
      <trkpt lat="65.06426" lon="15.06272">
        <time>2026-03-19T09:37:00Z</time>
      </trkpt>
      <trkpt lat="65.0666" lon="15.07201">
        <time>2026-03-19T09:48:00Z</time>
      </trkpt>
      <trkpt lat="65.07238" lon="15.07978">
        <time>2026-03-19T09:58:00Z</time>
      </trkpt>
      <trkpt lat="65.07805" lon="15.08886">
        <time>2026-03-19T10:08:00Z</time>
      </trkpt>
      <trkpt lat="65.08439" lon="15.08862">
        <time>2026-03-19T10:18:00Z</time>
      </trkpt>
      <trkpt lat="65.09172" lon="15.091">
        <time>2026-03-19T10:28:00Z</time>
      </trkpt>
      <trkpt lat="65.09781" lon="15.08">
        <time>2026-03-19T10:38:00Z</time>
      </trkpt>
      <trkpt lat="65.10235" lon="15.0806">
        <time>2026-03-19T10:48:00Z</time>
      </trkpt>
      <trkpt lat="65.10776" lon="15.06869">
        <time>2026-03-19T10:58:00Z</time>
      </trkpt>
      <trkpt lat="65.11358" lon="15.06425">
        <time>2026-03-19T11:08:00Z</time>
      </trkpt>
      <trkpt lat="65.11877" lon="15.05313">
        <time>2026-03-19T11:18:00Z</time>
      </trkpt>
      <trkpt lat="65.12354" lon="15.04021">
        <time>2026-03-19T11:28:00Z</time>
      </trkpt>
      <trkpt lat="65.13055" lon="15.03444">
        <time>2026-03-19T11:38:00Z</time>
      </trkpt>
      <trkpt lat="65.13247" lon="15.03176">
        <time>2026-03-19T11:48:00Z</time>
      </trkpt>
      <trkpt lat="65.13941" lon="15.02758">
        <time>2026-03-19T11:58:00Z</time>
      </trkpt>
      <trkpt lat="65.1414" lon="15.03086">
        <time>2026-03-19T12:08:00Z</time>
      </trkpt>
      <trkpt lat="65.14138" lon="15.03086">
        <time>2026-03-19T12:18:00Z</time>
      </trkpt>
      <trkpt lat="65.14358" lon="15.03702">
        <time>2026-03-19T12:38:00Z</time>
      </trkpt>
      <trkpt lat="65.1497" lon="15.04212">
        <time>2026-03-19T12:48:00Z</time>
      </trkpt>
      <trkpt lat="65.15485" lon="15.04925">
        <time>2026-03-19T12:58:00Z</time>
      </trkpt>
      <trkpt lat="65.16014" lon="15.05963">
        <time>2026-03-19T13:08:00Z</time>
      </trkpt>
      <trkpt lat="65.16674" lon="15.05918">
        <time>2026-03-19T13:18:00Z</time>
      </trkpt>
      <trkpt lat="65.17221" lon="15.06214">
        <time>2026-03-19T13:28:00Z</time>
      </trkpt>
      <trkpt lat="65.17699" lon="15.06993">
        <time>2026-03-19T13:38:00Z</time>
      </trkpt>
      <trkpt lat="65.17377" lon="15.07603">
        <time>2026-03-19T13:48:00Z</time>
      </trkpt>
      <trkpt lat="65.17708" lon="15.08313">
        <time>2026-03-19T13:58:00Z</time>
      </trkpt>
      <trkpt lat="65.17742" lon="15.08272">
        <time>2026-03-19T14:08:00Z</time>
      </trkpt>
      <trkpt lat="65.18275" lon="15.07367">
        <time>2026-03-19T14:18:00Z</time>
      </trkpt>
      <trkpt lat="65.18956" lon="15.06365">
        <time>2026-03-19T14:28:00Z</time>
      </trkpt>
      <trkpt lat="65.196" lon="15.0547">
        <time>2026-03-19T14:38:00Z</time>
      </trkpt>
      <trkpt lat="65.20268" lon="15.04579">
        <time>2026-03-19T14:48:00Z</time>
      </trkpt>
      <trkpt lat="65.20825" lon="15.03979">
        <time>2026-03-19T14:58:00Z</time>
      </trkpt>
      <trkpt lat="65.20959" lon="15.03783">
        <time>2026-03-19T15:08:00Z</time>
      </trkpt>
      <trkpt lat="65.21572" lon="15.02595">
        <time>2026-03-19T15:18:00Z</time>
      </trkpt>
      <trkpt lat="65.22143" lon="15.0135">
        <time>2026-03-19T15:28:00Z</time>
      </trkpt>
      <trkpt lat="65.22752" lon="15.00174">
        <time>2026-03-19T15:38:00Z</time>
      </trkpt>
      <trkpt lat="65.23364" lon="14.99211">
        <time>2026-03-19T15:48:00Z</time>
      </trkpt>
      <trkpt lat="65.23859" lon="14.97979">
        <time>2026-03-19T15:58:00Z</time>
      </trkpt>
      <trkpt lat="65.24261" lon="14.96743">
        <time>2026-03-19T16:08:00Z</time>
      </trkpt>
      <trkpt lat="65.24606" lon="14.95477">
        <time>2026-03-19T16:18:00Z</time>
      </trkpt>
      <trkpt lat="65.24894" lon="14.94578">
        <time>2026-03-19T16:28:00Z</time>
      </trkpt>
      <trkpt lat="65.25264" lon="14.94192">
        <time>2026-03-19T16:38:00Z</time>
      </trkpt>
      <trkpt lat="65.25343" lon="14.93179">
        <time>2026-03-19T16:48:00Z</time>
      </trkpt>
      <trkpt lat="65.25348" lon="14.93155">
        <time>2026-03-19T16:51:00Z</time>
      </trkpt>
      <trkpt lat="65.25336" lon="14.93192">
        <time>2026-03-20T07:28:00Z</time>
      </trkpt>
      <trkpt lat="65.25382" lon="14.9419">
        <time>2026-03-20T07:38:00Z</time>
      </trkpt>
      <trkpt lat="65.25559" lon="14.95616">
        <time>2026-03-20T07:48:00Z</time>
      </trkpt>
      <trkpt lat="65.25653" lon="14.97569">
        <time>2026-03-20T07:58:00Z</time>
      </trkpt>
      <trkpt lat="65.25683" lon="14.99312">
        <time>2026-03-20T08:08:00Z</time>
      </trkpt>
      <trkpt lat="65.2589" lon="15.00814">
        <time>2026-03-20T08:18:00Z</time>
      </trkpt>
      <trkpt lat="65.26529" lon="15.01513">
        <time>2026-03-20T08:28:00Z</time>
      </trkpt>
      <trkpt lat="65.27317" lon="15.01618">
        <time>2026-03-20T08:38:00Z</time>
      </trkpt>
      <trkpt lat="65.27947" lon="15.01756">
        <time>2026-03-20T08:48:00Z</time>
      </trkpt>
      <trkpt lat="65.28564" lon="15.01803">
        <time>2026-03-20T08:58:00Z</time>
      </trkpt>
      <trkpt lat="65.29098" lon="15.01833">
        <time>2026-03-20T09:08:00Z</time>
      </trkpt>
      <trkpt lat="65.29575" lon="15.02219">
        <time>2026-03-20T09:18:00Z</time>
      </trkpt>
      <trkpt lat="65.29932" lon="15.02599">
        <time>2026-03-20T09:28:00Z</time>
      </trkpt>
      <trkpt lat="65.3063" lon="15.0279">
        <time>2026-03-20T09:38:00Z</time>
      </trkpt>
      <trkpt lat="65.31146" lon="15.0373">
        <time>2026-03-20T09:48:00Z</time>
      </trkpt>
      <trkpt lat="65.31177" lon="15.03766">
        <time>2026-03-20T09:58:00Z</time>
      </trkpt>
      <trkpt lat="65.31286" lon="15.03946">
        <time>2026-03-20T10:13:00Z</time>
      </trkpt>
      <trkpt lat="65.31982" lon="15.05502">
        <time>2026-03-20T10:23:00Z</time>
      </trkpt>
      <trkpt lat="65.32474" lon="15.06227">
        <time>2026-03-20T10:33:00Z</time>
      </trkpt>
      <trkpt lat="65.33125" lon="15.07141">
        <time>2026-03-20T10:43:00Z</time>
      </trkpt>
      <trkpt lat="65.33368" lon="15.08326">
        <time>2026-03-20T10:53:00Z</time>
      </trkpt>
      <trkpt lat="65.33564" lon="15.0968">
        <time>2026-03-20T11:03:00Z</time>
      </trkpt>
      <trkpt lat="65.33962" lon="15.10309">
        <time>2026-03-20T11:13:00Z</time>
      </trkpt>
      <trkpt lat="65.3422" lon="15.11012">
        <time>2026-03-20T11:23:00Z</time>
      </trkpt>
      <trkpt lat="65.34469" lon="15.10965">
        <time>2026-03-20T11:33:00Z</time>
      </trkpt>
      <trkpt lat="65.3497" lon="15.10156">
        <time>2026-03-20T11:43:00Z</time>
      </trkpt>
      <trkpt lat="65.35532" lon="15.09712">
        <time>2026-03-20T11:53:00Z</time>
      </trkpt>
      <trkpt lat="65.35945" lon="15.09549">
        <time>2026-03-20T12:03:00Z</time>
      </trkpt>
      <trkpt lat="65.35862" lon="15.10626">
        <time>2026-03-20T12:13:00Z</time>
      </trkpt>
      <trkpt lat="65.35975" lon="15.12154">
        <time>2026-03-20T12:23:00Z</time>
      </trkpt>
      <trkpt lat="65.36115" lon="15.13585">
        <time>2026-03-20T12:33:00Z</time>
      </trkpt>
      <trkpt lat="65.36539" lon="15.14119">
        <time>2026-03-20T12:43:00Z</time>
      </trkpt>
      <trkpt lat="65.36942" lon="15.15158">
        <time>2026-03-20T12:53:00Z</time>
      </trkpt>
      <trkpt lat="65.37113" lon="15.14806">
        <time>2026-03-20T13:03:00Z</time>
      </trkpt>
      <trkpt lat="65.37116" lon="15.14806">
        <time>2026-03-20T13:13:00Z</time>
      </trkpt>
      <trkpt lat="65.3738" lon="15.14171">
        <time>2026-03-20T13:43:00Z</time>
      </trkpt>
      <trkpt lat="65.37991" lon="15.13338">
        <time>2026-03-20T13:53:00Z</time>
      </trkpt>
      <trkpt lat="65.38314" lon="15.13594">
        <time>2026-03-20T14:03:00Z</time>
      </trkpt>
      <trkpt lat="65.38604" lon="15.14744">
        <time>2026-03-20T14:13:00Z</time>
      </trkpt>
      <trkpt lat="65.39008" lon="15.15508">
        <time>2026-03-20T14:23:00Z</time>
      </trkpt>
      <trkpt lat="65.39347" lon="15.15993">
        <time>2026-03-20T14:33:00Z</time>
      </trkpt>
      <trkpt lat="65.39738" lon="15.16744">
        <time>2026-03-20T14:43:00Z</time>
      </trkpt>
      <trkpt lat="65.40198" lon="15.1699">
        <time>2026-03-20T14:53:00Z</time>
      </trkpt>
      <trkpt lat="65.40781" lon="15.17433">
        <time>2026-03-20T15:03:00Z</time>
      </trkpt>
      <trkpt lat="65.41368" lon="15.18327">
        <time>2026-03-20T15:13:00Z</time>
      </trkpt>
      <trkpt lat="65.41886" lon="15.19334">
        <time>2026-03-20T15:23:00Z</time>
      </trkpt>
      <trkpt lat="65.42178" lon="15.20177">
        <time>2026-03-20T15:33:00Z</time>
      </trkpt>
      <trkpt lat="65.42612" lon="15.21449">
        <time>2026-03-20T15:43:00Z</time>
      </trkpt>
      <trkpt lat="65.42958" lon="15.22651">
        <time>2026-03-20T15:53:00Z</time>
      </trkpt>
      <trkpt lat="65.43098" lon="15.23048">
        <time>2026-03-20T16:03:00Z</time>
      </trkpt>
      <trkpt lat="65.431" lon="15.2305">
        <time>2026-03-20T16:13:00Z</time>
      </trkpt>
      <trkpt lat="65.43262" lon="15.23061">
        <time>2026-03-20T16:28:00Z</time>
      </trkpt>
      <trkpt lat="65.43546" lon="15.23561">
        <time>2026-03-20T16:38:00Z</time>
      </trkpt>
      <trkpt lat="65.43747" lon="15.24318">
        <time>2026-03-20T16:48:00Z</time>
      </trkpt>
      <trkpt lat="65.43766" lon="15.24535">
        <time>2026-03-20T16:58:00Z</time>
      </trkpt>
      <trkpt lat="65.43614" lon="15.23595">
        <time>2026-03-20T17:08:00Z</time>
      </trkpt>
      <trkpt lat="65.4406" lon="15.23466">
        <time>2026-03-20T17:18:00Z</time>
      </trkpt>
      <trkpt lat="65.44685" lon="15.23941">
        <time>2026-03-20T17:28:00Z</time>
      </trkpt>
      <trkpt lat="65.44826" lon="15.24374">
        <time>2026-03-20T17:38:00Z</time>
      </trkpt>
      <trkpt lat="65.44827" lon="15.24376">
        <time>2026-03-20T17:48:00Z</time>
      </trkpt>
      <trkpt lat="65.44832" lon="15.24378">
        <time>2026-03-20T17:49:00Z</time>
      </trkpt>
      <trkpt lat="65.44832" lon="15.24378">
        <time>2026-03-20T17:49:00Z</time>
      </trkpt>
      <trkpt lat="65.44821" lon="15.24387">
        <time>2026-03-21T07:34:00Z</time>
      </trkpt>
      <trkpt lat="65.45309" lon="15.25016">
        <time>2026-03-21T07:44:00Z</time>
      </trkpt>
      <trkpt lat="65.45933" lon="15.25537">
        <time>2026-03-21T07:54:00Z</time>
      </trkpt>
      <trkpt lat="65.46357" lon="15.27056">
        <time>2026-03-21T08:04:00Z</time>
      </trkpt>
      <trkpt lat="65.46858" lon="15.28148">
        <time>2026-03-21T08:14:00Z</time>
      </trkpt>
      <trkpt lat="65.47083" lon="15.29208">
        <time>2026-03-21T08:24:00Z</time>
      </trkpt>
      <trkpt lat="65.47509" lon="15.30526">
        <time>2026-03-21T08:34:00Z</time>
      </trkpt>
      <trkpt lat="65.47978" lon="15.31642">
        <time>2026-03-21T08:44:00Z</time>
      </trkpt>
      <trkpt lat="65.48228" lon="15.32352">
        <time>2026-03-21T08:54:00Z</time>
      </trkpt>
      <trkpt lat="65.48361" lon="15.33212">
        <time>2026-03-21T09:04:00Z</time>
      </trkpt>
      <trkpt lat="65.48646" lon="15.34028">
        <time>2026-03-21T09:14:00Z</time>
      </trkpt>
      <trkpt lat="65.48847" lon="15.35242">
        <time>2026-03-21T09:24:00Z</time>
      </trkpt>
      <trkpt lat="65.49125" lon="15.35584">
        <time>2026-03-21T09:34:00Z</time>
      </trkpt>
      <trkpt lat="65.49232" lon="15.3494">
        <time>2026-03-21T09:44:00Z</time>
      </trkpt>
      <trkpt lat="65.4958" lon="15.34178">
        <time>2026-03-21T09:55:00Z</time>
      </trkpt>
      <trkpt lat="65.49697" lon="15.3444">
        <time>2026-03-21T10:05:00Z</time>
      </trkpt>
      <trkpt lat="65.50275" lon="15.34667">
        <time>2026-03-21T10:15:00Z</time>
      </trkpt>
      <trkpt lat="65.50865" lon="15.34554">
        <time>2026-03-21T10:25:00Z</time>
      </trkpt>
      <trkpt lat="65.51328" lon="15.34721">
        <time>2026-03-21T10:35:00Z</time>
      </trkpt>
      <trkpt lat="65.51971" lon="15.34039">
        <time>2026-03-21T10:45:00Z</time>
      </trkpt>
      <trkpt lat="65.52534" lon="15.33479">
        <time>2026-03-21T10:55:00Z</time>
      </trkpt>
      <trkpt lat="65.52555" lon="15.33433">
        <time>2026-03-21T11:05:00Z</time>
      </trkpt>
      <trkpt lat="65.527" lon="15.33189">
        <time>2026-03-21T11:30:00Z</time>
      </trkpt>
      <trkpt lat="65.53335" lon="15.3321">
        <time>2026-03-21T11:40:00Z</time>
      </trkpt>
      <trkpt lat="65.54067" lon="15.33281">
        <time>2026-03-21T11:50:00Z</time>
      </trkpt>
      <trkpt lat="65.54581" lon="15.33382">
        <time>2026-03-21T12:00:00Z</time>
      </trkpt>
      <trkpt lat="65.55257" lon="15.34131">
        <time>2026-03-21T12:10:00Z</time>
      </trkpt>
      <trkpt lat="65.55455" lon="15.34513">
        <time>2026-03-21T12:20:00Z</time>
      </trkpt>
      <trkpt lat="65.55724" lon="15.34946">
        <time>2026-03-21T12:30:00Z</time>
      </trkpt>
      <trkpt lat="65.56169" lon="15.35172">
        <time>2026-03-21T12:40:00Z</time>
      </trkpt>
      <trkpt lat="65.5647" lon="15.3588">
        <time>2026-03-21T12:50:00Z</time>
      </trkpt>
      <trkpt lat="65.56842" lon="15.36242">
        <time>2026-03-21T13:00:00Z</time>
      </trkpt>
      <trkpt lat="65.57269" lon="15.36122">
        <time>2026-03-21T13:10:00Z</time>
      </trkpt>
      <trkpt lat="65.57578" lon="15.36084">
        <time>2026-03-21T13:20:00Z</time>
      </trkpt>
      <trkpt lat="65.57657" lon="15.36077">
        <time>2026-03-21T13:30:00Z</time>
      </trkpt>
      <trkpt lat="65.57848" lon="15.36064">
        <time>2026-03-21T14:00:00Z</time>
      </trkpt>
      <trkpt lat="65.58362" lon="15.36564">
        <time>2026-03-21T14:10:00Z</time>
      </trkpt>
      <trkpt lat="65.58866" lon="15.36583">
        <time>2026-03-21T14:20:00Z</time>
      </trkpt>
      <trkpt lat="65.59453" lon="15.36751">
        <time>2026-03-21T14:30:00Z</time>
      </trkpt>
      <trkpt lat="65.60129" lon="15.37041">
        <time>2026-03-21T14:40:00Z</time>
      </trkpt>
      <trkpt lat="65.60445" lon="15.36165">
        <time>2026-03-21T14:50:00Z</time>
      </trkpt>
      <trkpt lat="65.60954" lon="15.35929">
        <time>2026-03-21T15:00:00Z</time>
      </trkpt>
      <trkpt lat="65.61729" lon="15.36328">
        <time>2026-03-21T15:10:00Z</time>
      </trkpt>
      <trkpt lat="65.62556" lon="15.36588">
        <time>2026-03-21T15:20:00Z</time>
      </trkpt>
      <trkpt lat="65.63056" lon="15.35315">
        <time>2026-03-21T15:30:00Z</time>
      </trkpt>
      <trkpt lat="65.63415" lon="15.33998">
        <time>2026-03-21T15:40:00Z</time>
      </trkpt>
      <trkpt lat="65.63514" lon="15.32015">
        <time>2026-03-21T15:50:00Z</time>
      </trkpt>
      <trkpt lat="65.63745" lon="15.31416">
        <time>2026-03-21T16:00:00Z</time>
      </trkpt>
      <trkpt lat="65.6387" lon="15.31391">
        <time>2026-03-21T16:10:00Z</time>
      </trkpt>
      <trkpt lat="65.63869" lon="15.31395">
        <time>2026-03-21T16:20:00Z</time>
      </trkpt>
      <trkpt lat="65.64382" lon="15.31816">
        <time>2026-03-21T16:30:00Z</time>
      </trkpt>
      <trkpt lat="65.64959" lon="15.30809">
        <time>2026-03-21T16:40:00Z</time>
      </trkpt>
      <trkpt lat="65.65412" lon="15.29623">
        <time>2026-03-21T16:50:00Z</time>
      </trkpt>
      <trkpt lat="65.65748" lon="15.28917">
        <time>2026-03-21T17:00:00Z</time>
      </trkpt>
      <trkpt lat="65.66112" lon="15.2893">
        <time>2026-03-21T17:10:00Z</time>
      </trkpt>
      <trkpt lat="65.66479" lon="15.2787">
        <time>2026-03-21T17:20:00Z</time>
      </trkpt>
      <trkpt lat="65.66777" lon="15.26747">
        <time>2026-03-21T17:30:00Z</time>
      </trkpt>
      <trkpt lat="65.66773" lon="15.26747">
        <time>2026-03-21T17:31:00Z</time>
      </trkpt>
      <trkpt lat="65.6677" lon="15.26752">
        <time>2026-03-21T17:38:00Z</time>
      </trkpt>
      <trkpt lat="65.66761" lon="15.26749">
        <time>2026-03-22T07:34:00Z</time>
      </trkpt>
      <trkpt lat="65.67036" lon="15.25777">
        <time>2026-03-22T07:45:00Z</time>
      </trkpt>
      <trkpt lat="65.67237" lon="15.24541">
        <time>2026-03-22T07:55:00Z</time>
      </trkpt>
      <trkpt lat="65.67458" lon="15.23627">
        <time>2026-03-22T08:05:00Z</time>
      </trkpt>
      <trkpt lat="65.67636" lon="15.22411">
        <time>2026-03-22T08:15:00Z</time>
      </trkpt>
      <trkpt lat="65.68001" lon="15.21237">
        <time>2026-03-22T08:25:00Z</time>
      </trkpt>
      <trkpt lat="65.68419" lon="15.19821">
        <time>2026-03-22T08:35:00Z</time>
      </trkpt>
      <trkpt lat="65.68957" lon="15.18988">
        <time>2026-03-22T08:45:00Z</time>
      </trkpt>
      <trkpt lat="65.69552" lon="15.18327">
        <time>2026-03-22T08:55:00Z</time>
      </trkpt>
      <trkpt lat="65.70119" lon="15.17278">
        <time>2026-03-22T09:05:00Z</time>
      </trkpt>
      <trkpt lat="65.70443" lon="15.15832">
        <time>2026-03-22T09:15:00Z</time>
      </trkpt>
      <trkpt lat="65.70849" lon="15.14808">
        <time>2026-03-22T09:25:00Z</time>
      </trkpt>
      <trkpt lat="65.71531" lon="15.14446">
        <time>2026-03-22T09:35:00Z</time>
      </trkpt>
      <trkpt lat="65.71884" lon="15.13735">
        <time>2026-03-22T09:45:00Z</time>
      </trkpt>
      <trkpt lat="65.71896" lon="15.13733">
        <time>2026-03-22T09:55:00Z</time>
      </trkpt>
      <trkpt lat="65.72123" lon="15.12952">
        <time>2026-03-22T10:15:00Z</time>
      </trkpt>
      <trkpt lat="65.72264" lon="15.11193">
        <time>2026-03-22T10:25:00Z</time>
      </trkpt>
      <trkpt lat="65.7281" lon="15.10862">
        <time>2026-03-22T10:35:00Z</time>
      </trkpt>
      <trkpt lat="65.73169" lon="15.1107">
        <time>2026-03-22T10:46:00Z</time>
      </trkpt>
      <trkpt lat="65.73446" lon="15.1124">
        <time>2026-03-22T10:56:00Z</time>
      </trkpt>
      <trkpt lat="65.73746" lon="15.11804">
        <time>2026-03-22T11:06:00Z</time>
      </trkpt>
      <trkpt lat="65.74165" lon="15.12233">
        <time>2026-03-22T11:16:00Z</time>
      </trkpt>
      <trkpt lat="65.74761" lon="15.12609">
        <time>2026-03-22T11:26:00Z</time>
      </trkpt>
      <trkpt lat="65.75317" lon="15.12914">
        <time>2026-03-22T11:36:00Z</time>
      </trkpt>
      <trkpt lat="65.75729" lon="15.1304">
        <time>2026-03-22T11:46:00Z</time>
      </trkpt>
      <trkpt lat="65.76248" lon="15.12435">
        <time>2026-03-22T11:56:00Z</time>
      </trkpt>
      <trkpt lat="65.76258" lon="15.1245">
        <time>2026-03-22T12:06:00Z</time>
      </trkpt>
      <trkpt lat="65.76415" lon="15.1215">
        <time>2026-03-22T12:41:00Z</time>
      </trkpt>
      <trkpt lat="65.76892" lon="15.11442">
        <time>2026-03-22T12:51:00Z</time>
      </trkpt>
      <trkpt lat="65.77336" lon="15.10918">
        <time>2026-03-22T13:01:00Z</time>
      </trkpt>
      <trkpt lat="65.77834" lon="15.10347">
        <time>2026-03-22T13:11:00Z</time>
      </trkpt>
      <trkpt lat="65.78499" lon="15.1003">
        <time>2026-03-22T13:21:00Z</time>
      </trkpt>
      <trkpt lat="65.79066" lon="15.09098">
        <time>2026-03-22T13:31:00Z</time>
      </trkpt>
      <trkpt lat="65.79353" lon="15.0789">
        <time>2026-03-22T13:41:00Z</time>
      </trkpt>
      <trkpt lat="65.79812" lon="15.07148">
        <time>2026-03-22T13:51:00Z</time>
      </trkpt>
      <trkpt lat="65.80334" lon="15.07641">
        <time>2026-03-22T14:01:00Z</time>
      </trkpt>
      <trkpt lat="65.81014" lon="15.07354">
        <time>2026-03-22T14:11:00Z</time>
      </trkpt>
      <trkpt lat="65.81436" lon="15.07961">
        <time>2026-03-22T14:21:00Z</time>
      </trkpt>
      <trkpt lat="65.81256" lon="15.08605">
        <time>2026-03-22T14:31:00Z</time>
      </trkpt>
      <trkpt lat="65.812" lon="15.08746">
        <time>2026-03-22T14:36:00Z</time>
      </trkpt>
      <trkpt lat="65.81221" lon="15.08761">
        <time>2026-03-24T08:36:00Z</time>
      </trkpt>
      <trkpt lat="65.8141" lon="15.08105">
        <time>2026-03-24T08:46:00Z</time>
      </trkpt>
      <trkpt lat="65.8194" lon="15.07571">
        <time>2026-03-24T08:56:00Z</time>
      </trkpt>
      <trkpt lat="65.82446" lon="15.06682">
        <time>2026-03-24T09:06:00Z</time>
      </trkpt>
    </trkseg>
  </trk>
  <trk>
    <name>Klimpf→Hemavan · Lisette Karlsson (village)</name>
    <trkseg>
      <trkpt lat="65.0727" lon="14.788">
        <time>2026-03-18T10:20:00Z</time>
      </trkpt>
      <trkpt lat="65.07703" lon="14.78487">
        <time>2026-03-18T10:30:00Z</time>
      </trkpt>
      <trkpt lat="65.08021" lon="14.77614">
        <time>2026-03-18T10:40:00Z</time>
      </trkpt>
      <trkpt lat="65.08428" lon="14.76489">
        <time>2026-03-18T10:50:00Z</time>
      </trkpt>
      <trkpt lat="65.08861" lon="14.7556">
        <time>2026-03-18T11:00:00Z</time>
      </trkpt>
      <trkpt lat="65.09365" lon="14.7506">
        <time>2026-03-18T11:10:00Z</time>
      </trkpt>
      <trkpt lat="65.09981" lon="14.74884">
        <time>2026-03-18T11:20:00Z</time>
      </trkpt>
      <trkpt lat="65.10549" lon="14.7473">
        <time>2026-03-18T11:30:00Z</time>
      </trkpt>
      <trkpt lat="65.11014" lon="14.74528">
        <time>2026-03-18T11:40:00Z</time>
      </trkpt>
      <trkpt lat="65.11271" lon="14.73491">
        <time>2026-03-18T11:50:00Z</time>
      </trkpt>
      <trkpt lat="65.11637" lon="14.72743">
        <time>2026-03-18T12:00:00Z</time>
      </trkpt>
      <trkpt lat="65.11911" lon="14.71807">
        <time>2026-03-18T12:10:00Z</time>
      </trkpt>
      <trkpt lat="65.12415" lon="14.71011">
        <time>2026-03-18T12:20:00Z</time>
      </trkpt>
      <trkpt lat="65.12881" lon="14.69927">
        <time>2026-03-18T12:30:00Z</time>
      </trkpt>
      <trkpt lat="65.13445" lon="14.69372">
        <time>2026-03-18T12:40:00Z</time>
      </trkpt>
      <trkpt lat="65.14234" lon="14.69696">
        <time>2026-03-18T12:50:00Z</time>
      </trkpt>
      <trkpt lat="65.14753" lon="14.68698">
        <time>2026-03-18T13:00:00Z</time>
      </trkpt>
      <trkpt lat="65.15169" lon="14.67509">
        <time>2026-03-18T13:10:00Z</time>
      </trkpt>
      <trkpt lat="65.15461" lon="14.66245">
        <time>2026-03-18T13:20:00Z</time>
      </trkpt>
      <trkpt lat="65.15625" lon="14.64863">
        <time>2026-03-18T13:30:00Z</time>
      </trkpt>
      <trkpt lat="65.15828" lon="14.63499">
        <time>2026-03-18T13:40:00Z</time>
      </trkpt>
      <trkpt lat="65.16053" lon="14.62231">
        <time>2026-03-18T13:50:00Z</time>
      </trkpt>
      <trkpt lat="65.1629" lon="14.61018">
        <time>2026-03-18T14:00:00Z</time>
      </trkpt>
      <trkpt lat="65.16491" lon="14.59626">
        <time>2026-03-18T14:10:00Z</time>
      </trkpt>
      <trkpt lat="65.16582" lon="14.58113">
        <time>2026-03-18T14:20:00Z</time>
      </trkpt>
      <trkpt lat="65.17154" lon="14.57712">
        <time>2026-03-18T14:30:00Z</time>
      </trkpt>
      <trkpt lat="65.17836" lon="14.57126">
        <time>2026-03-18T14:40:00Z</time>
      </trkpt>
      <trkpt lat="65.18249" lon="14.56722">
        <time>2026-03-18T14:48:00Z</time>
      </trkpt>
      <trkpt lat="65.18249" lon="14.56712">
        <time>2026-03-19T09:35:00Z</time>
      </trkpt>
      <trkpt lat="65.18463" lon="14.56716">
        <time>2026-03-19T09:45:00Z</time>
      </trkpt>
      <trkpt lat="65.1878" lon="14.57448">
        <time>2026-03-19T09:55:00Z</time>
      </trkpt>
      <trkpt lat="65.18879" lon="14.58726">
        <time>2026-03-19T10:05:00Z</time>
      </trkpt>
      <trkpt lat="65.19155" lon="14.59962">
        <time>2026-03-19T10:15:00Z</time>
      </trkpt>
      <trkpt lat="65.19207" lon="14.60563">
        <time>2026-03-19T10:25:00Z</time>
      </trkpt>
      <trkpt lat="65.19141" lon="14.61675">
        <time>2026-03-19T10:35:00Z</time>
      </trkpt>
      <trkpt lat="65.19287" lon="14.63072">
        <time>2026-03-19T10:45:00Z</time>
      </trkpt>
      <trkpt lat="65.19282" lon="14.64348">
        <time>2026-03-19T10:55:00Z</time>
      </trkpt>
      <trkpt lat="65.19349" lon="14.65106">
        <time>2026-03-19T11:05:00Z</time>
      </trkpt>
      <trkpt lat="65.19319" lon="14.662">
        <time>2026-03-19T11:15:00Z</time>
      </trkpt>
      <trkpt lat="65.19597" lon="14.67473">
        <time>2026-03-19T11:25:00Z</time>
      </trkpt>
      <trkpt lat="65.19758" lon="14.68168">
        <time>2026-03-19T11:35:00Z</time>
      </trkpt>
      <trkpt lat="65.19798" lon="14.68816">
        <time>2026-03-19T11:45:00Z</time>
      </trkpt>
      <trkpt lat="65.20163" lon="14.68882">
        <time>2026-03-19T11:55:00Z</time>
      </trkpt>
      <trkpt lat="65.20597" lon="14.69614">
        <time>2026-03-19T12:05:00Z</time>
      </trkpt>
      <trkpt lat="65.20812" lon="14.70644">
        <time>2026-03-19T12:15:00Z</time>
      </trkpt>
      <trkpt lat="65.21016" lon="14.71386">
        <time>2026-03-19T12:25:00Z</time>
      </trkpt>
      <trkpt lat="65.21096" lon="14.72153">
        <time>2026-03-19T12:35:00Z</time>
      </trkpt>
      <trkpt lat="65.21167" lon="14.72431">
        <time>2026-03-19T12:45:00Z</time>
      </trkpt>
      <trkpt lat="65.21349" lon="14.73431">
        <time>2026-03-19T12:55:00Z</time>
      </trkpt>
      <trkpt lat="65.21544" lon="14.74161">
        <time>2026-03-19T13:05:00Z</time>
      </trkpt>
      <trkpt lat="65.21716" lon="14.74927">
        <time>2026-03-19T13:15:00Z</time>
      </trkpt>
      <trkpt lat="65.2185" lon="14.75461">
        <time>2026-03-19T13:25:00Z</time>
      </trkpt>
      <trkpt lat="65.22112" lon="14.76204">
        <time>2026-03-19T13:35:00Z</time>
      </trkpt>
      <trkpt lat="65.22312" lon="14.76961">
        <time>2026-03-19T13:45:00Z</time>
      </trkpt>
      <trkpt lat="65.22505" lon="14.78043">
        <time>2026-03-19T13:55:00Z</time>
      </trkpt>
      <trkpt lat="65.22641" lon="14.78809">
        <time>2026-03-19T14:05:00Z</time>
      </trkpt>
      <trkpt lat="65.2275" lon="14.8013">
        <time>2026-03-19T14:15:00Z</time>
      </trkpt>
      <trkpt lat="65.22887" lon="14.81208">
        <time>2026-03-19T14:25:00Z</time>
      </trkpt>
      <trkpt lat="65.23" lon="14.81665">
        <time>2026-03-19T14:35:00Z</time>
      </trkpt>
      <trkpt lat="65.23074" lon="14.8248">
        <time>2026-03-19T14:45:00Z</time>
      </trkpt>
      <trkpt lat="65.23308" lon="14.83343">
        <time>2026-03-19T14:55:00Z</time>
      </trkpt>
      <trkpt lat="65.23475" lon="14.84126">
        <time>2026-03-19T15:05:00Z</time>
      </trkpt>
      <trkpt lat="65.23635" lon="14.8428">
        <time>2026-03-19T15:15:00Z</time>
      </trkpt>
      <trkpt lat="65.23693" lon="14.84302">
        <time>2026-03-19T15:25:00Z</time>
      </trkpt>
      <trkpt lat="65.23747" lon="14.84954">
        <time>2026-03-19T15:35:00Z</time>
      </trkpt>
      <trkpt lat="65.23727" lon="14.85242">
        <time>2026-03-19T15:45:00Z</time>
      </trkpt>
      <trkpt lat="65.23711" lon="14.85328">
        <time>2026-03-19T15:55:00Z</time>
      </trkpt>
      <trkpt lat="65.23703" lon="14.85542">
        <time>2026-03-19T16:05:00Z</time>
      </trkpt>
      <trkpt lat="65.23698" lon="14.85589">
        <time>2026-03-19T16:15:00Z</time>
      </trkpt>
      <trkpt lat="65.23698" lon="14.85821">
        <time>2026-03-19T16:25:00Z</time>
      </trkpt>
      <trkpt lat="65.23699" lon="14.85812">
        <time>2026-03-19T16:35:00Z</time>
      </trkpt>
      <trkpt lat="65.23831" lon="14.85988">
        <time>2026-03-19T16:55:00Z</time>
      </trkpt>
      <trkpt lat="65.23916" lon="14.8695">
        <time>2026-03-19T17:05:00Z</time>
      </trkpt>
      <trkpt lat="65.24079" lon="14.88093">
        <time>2026-03-19T17:15:00Z</time>
      </trkpt>
      <trkpt lat="65.24178" lon="14.8848">
        <time>2026-03-19T17:25:00Z</time>
      </trkpt>
      <trkpt lat="65.24312" lon="14.8895">
        <time>2026-03-19T17:35:00Z</time>
      </trkpt>
      <trkpt lat="65.24371" lon="14.89516">
        <time>2026-03-19T17:45:00Z</time>
      </trkpt>
      <trkpt lat="65.24444" lon="14.90387">
        <time>2026-03-19T17:55:00Z</time>
      </trkpt>
      <trkpt lat="65.24492" lon="14.90971">
        <time>2026-03-19T18:05:00Z</time>
      </trkpt>
      <trkpt lat="65.24612" lon="14.91342">
        <time>2026-03-19T18:15:00Z</time>
      </trkpt>
      <trkpt lat="65.24986" lon="14.9208">
        <time>2026-03-19T18:25:00Z</time>
      </trkpt>
      <trkpt lat="65.2525" lon="14.93018">
        <time>2026-03-19T18:35:00Z</time>
      </trkpt>
      <trkpt lat="65.25331" lon="14.93194">
        <time>2026-03-19T18:41:00Z</time>
      </trkpt>
      <trkpt lat="65.25335" lon="14.93198">
        <time>2026-03-20T07:27:00Z</time>
      </trkpt>
      <trkpt lat="65.2537" lon="14.94091">
        <time>2026-03-20T07:37:00Z</time>
      </trkpt>
      <trkpt lat="65.25551" lon="14.95516">
        <time>2026-03-20T07:47:00Z</time>
      </trkpt>
      <trkpt lat="65.25648" lon="14.97436">
        <time>2026-03-20T07:57:00Z</time>
      </trkpt>
      <trkpt lat="65.25684" lon="14.99224">
        <time>2026-03-20T08:07:00Z</time>
      </trkpt>
      <trkpt lat="65.25866" lon="15.00747">
        <time>2026-03-20T08:17:00Z</time>
      </trkpt>
      <trkpt lat="65.26477" lon="15.01502">
        <time>2026-03-20T08:27:00Z</time>
      </trkpt>
      <trkpt lat="65.2724" lon="15.01607">
        <time>2026-03-20T08:37:00Z</time>
      </trkpt>
      <trkpt lat="65.27941" lon="15.01796">
        <time>2026-03-20T08:47:00Z</time>
      </trkpt>
      <trkpt lat="65.28513" lon="15.01749">
        <time>2026-03-20T08:57:00Z</time>
      </trkpt>
      <trkpt lat="65.29043" lon="15.0182">
        <time>2026-03-20T09:07:00Z</time>
      </trkpt>
      <trkpt lat="65.29522" lon="15.02168">
        <time>2026-03-20T09:17:00Z</time>
      </trkpt>
      <trkpt lat="65.29928" lon="15.02607">
        <time>2026-03-20T09:27:00Z</time>
      </trkpt>
      <trkpt lat="65.30534" lon="15.02749">
        <time>2026-03-20T09:37:00Z</time>
      </trkpt>
      <trkpt lat="65.31082" lon="15.03609">
        <time>2026-03-20T09:47:00Z</time>
      </trkpt>
      <trkpt lat="65.31174" lon="15.03762">
        <time>2026-03-20T09:57:00Z</time>
      </trkpt>
      <trkpt lat="65.31177" lon="15.03768">
        <time>2026-03-20T10:07:00Z</time>
      </trkpt>
      <trkpt lat="65.31564" lon="15.04322">
        <time>2026-03-20T10:17:00Z</time>
      </trkpt>
      <trkpt lat="65.32172" lon="15.05792">
        <time>2026-03-20T10:27:00Z</time>
      </trkpt>
      <trkpt lat="65.32681" lon="15.06476">
        <time>2026-03-20T10:37:00Z</time>
      </trkpt>
      <trkpt lat="65.33221" lon="15.07678">
        <time>2026-03-20T10:47:00Z</time>
      </trkpt>
      <trkpt lat="65.33407" lon="15.0907">
        <time>2026-03-20T10:57:00Z</time>
      </trkpt>
      <trkpt lat="65.33768" lon="15.09779">
        <time>2026-03-20T11:07:00Z</time>
      </trkpt>
      <trkpt lat="65.34114" lon="15.10351">
        <time>2026-03-20T11:17:00Z</time>
      </trkpt>
      <trkpt lat="65.34368" lon="15.11148">
        <time>2026-03-20T11:27:00Z</time>
      </trkpt>
      <trkpt lat="65.34714" lon="15.10482">
        <time>2026-03-20T11:37:00Z</time>
      </trkpt>
      <trkpt lat="65.35195" lon="15.09944">
        <time>2026-03-20T11:47:00Z</time>
      </trkpt>
      <trkpt lat="65.35765" lon="15.09564">
        <time>2026-03-20T11:57:00Z</time>
      </trkpt>
      <trkpt lat="65.35772" lon="15.09708">
        <time>2026-03-20T12:07:00Z</time>
      </trkpt>
      <trkpt lat="65.35915" lon="15.11293">
        <time>2026-03-20T12:17:00Z</time>
      </trkpt>
      <trkpt lat="65.36035" lon="15.12708">
        <time>2026-03-20T12:27:00Z</time>
      </trkpt>
      <trkpt lat="65.36329" lon="15.13965">
        <time>2026-03-20T12:37:00Z</time>
      </trkpt>
      <trkpt lat="65.36746" lon="15.14574">
        <time>2026-03-20T12:47:00Z</time>
      </trkpt>
      <trkpt lat="65.37108" lon="15.1481">
        <time>2026-03-20T12:57:00Z</time>
      </trkpt>
      <trkpt lat="65.3712" lon="15.14808">
        <time>2026-03-20T13:07:00Z</time>
      </trkpt>
      <trkpt lat="65.3758" lon="15.13753">
        <time>2026-03-20T13:47:00Z</time>
      </trkpt>
      <trkpt lat="65.38088" lon="15.13272">
        <time>2026-03-20T13:57:00Z</time>
      </trkpt>
      <trkpt lat="65.38396" lon="15.13871">
        <time>2026-03-20T14:07:00Z</time>
      </trkpt>
      <trkpt lat="65.38885" lon="15.1487">
        <time>2026-03-20T14:17:00Z</time>
      </trkpt>
      <trkpt lat="65.39139" lon="15.15546">
        <time>2026-03-20T14:27:00Z</time>
      </trkpt>
      <trkpt lat="65.39566" lon="15.16529">
        <time>2026-03-20T14:37:00Z</time>
      </trkpt>
      <trkpt lat="65.39827" lon="15.16864">
        <time>2026-03-20T14:47:00Z</time>
      </trkpt>
      <trkpt lat="65.40483" lon="15.17151">
        <time>2026-03-20T14:57:00Z</time>
      </trkpt>
      <trkpt lat="65.41047" lon="15.1778">
        <time>2026-03-20T15:07:00Z</time>
      </trkpt>
      <trkpt lat="65.41611" lon="15.18729">
        <time>2026-03-20T15:17:00Z</time>
      </trkpt>
      <trkpt lat="65.41963" lon="15.19522">
        <time>2026-03-20T15:27:00Z</time>
      </trkpt>
      <trkpt lat="65.42357" lon="15.2075">
        <time>2026-03-20T15:37:00Z</time>
      </trkpt>
      <trkpt lat="65.4275" lon="15.21911">
        <time>2026-03-20T15:47:00Z</time>
      </trkpt>
      <trkpt lat="65.43101" lon="15.23054">
        <time>2026-03-20T15:57:00Z</time>
      </trkpt>
      <trkpt lat="65.43106" lon="15.23059">
        <time>2026-03-20T16:07:00Z</time>
      </trkpt>
      <trkpt lat="65.43246" lon="15.23024">
        <time>2026-03-20T16:27:00Z</time>
      </trkpt>
      <trkpt lat="65.4348" lon="15.23514">
        <time>2026-03-20T16:37:00Z</time>
      </trkpt>
      <trkpt lat="65.43742" lon="15.24185">
        <time>2026-03-20T16:47:00Z</time>
      </trkpt>
      <trkpt lat="65.43763" lon="15.24537">
        <time>2026-03-20T16:57:00Z</time>
      </trkpt>
      <trkpt lat="65.43616" lon="15.2361">
        <time>2026-03-20T17:07:00Z</time>
      </trkpt>
      <trkpt lat="65.43993" lon="15.23503">
        <time>2026-03-20T17:17:00Z</time>
      </trkpt>
      <trkpt lat="65.44636" lon="15.2381">
        <time>2026-03-20T17:27:00Z</time>
      </trkpt>
      <trkpt lat="65.44819" lon="15.24365">
        <time>2026-03-20T17:37:00Z</time>
      </trkpt>
      <trkpt lat="65.44826" lon="15.24363">
        <time>2026-03-20T17:47:00Z</time>
      </trkpt>
      <trkpt lat="65.44826" lon="15.24363">
        <time>2026-03-20T17:48:00Z</time>
      </trkpt>
      <trkpt lat="65.44817" lon="15.24363">
        <time>2026-03-21T07:33:00Z</time>
      </trkpt>
      <trkpt lat="65.45226" lon="15.25009">
        <time>2026-03-21T07:43:00Z</time>
      </trkpt>
      <trkpt lat="65.45893" lon="15.25353">
        <time>2026-03-21T07:53:00Z</time>
      </trkpt>
      <trkpt lat="65.46294" lon="15.26897">
        <time>2026-03-21T08:03:00Z</time>
      </trkpt>
      <trkpt lat="65.46808" lon="15.27968">
        <time>2026-03-21T08:13:00Z</time>
      </trkpt>
      <trkpt lat="65.47085" lon="15.29208">
        <time>2026-03-21T08:23:00Z</time>
      </trkpt>
      <trkpt lat="65.47463" lon="15.30406">
        <time>2026-03-21T08:33:00Z</time>
      </trkpt>
      <trkpt lat="65.47965" lon="15.31575">
        <time>2026-03-21T08:43:00Z</time>
      </trkpt>
      <trkpt lat="65.48233" lon="15.32341">
        <time>2026-03-21T08:53:00Z</time>
      </trkpt>
      <trkpt lat="65.48468" lon="15.33326">
        <time>2026-03-21T09:03:00Z</time>
      </trkpt>
      <trkpt lat="65.48644" lon="15.34041">
        <time>2026-03-21T09:13:00Z</time>
      </trkpt>
      <trkpt lat="65.48819" lon="15.35124">
        <time>2026-03-21T09:23:00Z</time>
      </trkpt>
      <trkpt lat="65.49151" lon="15.35596">
        <time>2026-03-21T09:33:00Z</time>
      </trkpt>
      <trkpt lat="65.49215" lon="15.35111">
        <time>2026-03-21T09:43:00Z</time>
      </trkpt>
      <trkpt lat="65.49433" lon="15.3418">
        <time>2026-03-21T09:53:00Z</time>
      </trkpt>
      <trkpt lat="65.49659" lon="15.34345">
        <time>2026-03-21T10:03:00Z</time>
      </trkpt>
      <trkpt lat="65.50102" lon="15.34695">
        <time>2026-03-21T10:13:00Z</time>
      </trkpt>
      <trkpt lat="65.50743" lon="15.34564">
        <time>2026-03-21T10:23:00Z</time>
      </trkpt>
      <trkpt lat="65.51264" lon="15.3476">
        <time>2026-03-21T10:33:00Z</time>
      </trkpt>
      <trkpt lat="65.51802" lon="15.34109">
        <time>2026-03-21T10:43:00Z</time>
      </trkpt>
      <trkpt lat="65.52391" lon="15.33567">
        <time>2026-03-21T10:53:00Z</time>
      </trkpt>
      <trkpt lat="65.52551" lon="15.33438">
        <time>2026-03-21T11:03:00Z</time>
      </trkpt>
      <trkpt lat="65.52554" lon="15.3344">
        <time>2026-03-21T11:13:00Z</time>
      </trkpt>
      <trkpt lat="65.52874" lon="15.33197">
        <time>2026-03-21T11:33:00Z</time>
      </trkpt>
      <trkpt lat="65.53545" lon="15.33258">
        <time>2026-03-21T11:43:00Z</time>
      </trkpt>
      <trkpt lat="65.54222" lon="15.33264">
        <time>2026-03-21T11:53:00Z</time>
      </trkpt>
      <trkpt lat="65.54767" lon="15.33506">
        <time>2026-03-21T12:03:00Z</time>
      </trkpt>
      <trkpt lat="65.55394" lon="15.34356">
        <time>2026-03-21T12:13:00Z</time>
      </trkpt>
      <trkpt lat="65.55582" lon="15.34509">
        <time>2026-03-21T12:23:00Z</time>
      </trkpt>
      <trkpt lat="65.55818" lon="15.34903">
        <time>2026-03-21T12:33:00Z</time>
      </trkpt>
      <trkpt lat="65.56257" lon="15.35354">
        <time>2026-03-21T12:43:00Z</time>
      </trkpt>
      <trkpt lat="65.56573" lon="15.36006">
        <time>2026-03-21T12:53:00Z</time>
      </trkpt>
      <trkpt lat="65.56943" lon="15.36202">
        <time>2026-03-21T13:03:00Z</time>
      </trkpt>
      <trkpt lat="65.57344" lon="15.3595">
        <time>2026-03-21T13:13:00Z</time>
      </trkpt>
      <trkpt lat="65.57657" lon="15.36092">
        <time>2026-03-21T13:23:00Z</time>
      </trkpt>
      <trkpt lat="65.57657" lon="15.36081">
        <time>2026-03-21T13:33:00Z</time>
      </trkpt>
      <trkpt lat="65.5799" lon="15.36028">
        <time>2026-03-21T14:03:00Z</time>
      </trkpt>
      <trkpt lat="65.58479" lon="15.36592">
        <time>2026-03-21T14:13:00Z</time>
      </trkpt>
      <trkpt lat="65.59004" lon="15.36541">
        <time>2026-03-21T14:23:00Z</time>
      </trkpt>
      <trkpt lat="65.59616" lon="15.36794">
        <time>2026-03-21T14:33:00Z</time>
      </trkpt>
      <trkpt lat="65.60289" lon="15.36839">
        <time>2026-03-21T14:43:00Z</time>
      </trkpt>
      <trkpt lat="65.60465" lon="15.36081">
        <time>2026-03-21T14:53:00Z</time>
      </trkpt>
      <trkpt lat="65.61175" lon="15.36062">
        <time>2026-03-21T15:03:00Z</time>
      </trkpt>
      <trkpt lat="65.61969" lon="15.36423">
        <time>2026-03-21T15:13:00Z</time>
      </trkpt>
      <trkpt lat="65.62752" lon="15.3636">
        <time>2026-03-21T15:23:00Z</time>
      </trkpt>
      <trkpt lat="65.63093" lon="15.34961">
        <time>2026-03-21T15:33:00Z</time>
      </trkpt>
      <trkpt lat="65.63567" lon="15.33588">
        <time>2026-03-21T15:43:00Z</time>
      </trkpt>
      <trkpt lat="65.63503" lon="15.32037">
        <time>2026-03-21T15:53:00Z</time>
      </trkpt>
      <trkpt lat="65.63871" lon="15.31386">
        <time>2026-03-21T16:03:00Z</time>
      </trkpt>
      <trkpt lat="65.63876" lon="15.31386">
        <time>2026-03-21T16:13:00Z</time>
      </trkpt>
      <trkpt lat="65.646" lon="15.31653">
        <time>2026-03-21T16:33:00Z</time>
      </trkpt>
      <trkpt lat="65.65088" lon="15.30477">
        <time>2026-03-21T16:43:00Z</time>
      </trkpt>
      <trkpt lat="65.65504" lon="15.29178">
        <time>2026-03-21T16:53:00Z</time>
      </trkpt>
      <trkpt lat="65.66003" lon="15.29136">
        <time>2026-03-21T17:03:00Z</time>
      </trkpt>
      <trkpt lat="65.66188" lon="15.28739">
        <time>2026-03-21T17:13:00Z</time>
      </trkpt>
      <trkpt lat="65.66591" lon="15.27357">
        <time>2026-03-21T17:23:00Z</time>
      </trkpt>
      <trkpt lat="65.66766" lon="15.26739">
        <time>2026-03-21T17:31:00Z</time>
      </trkpt>
      <trkpt lat="65.66761" lon="15.26762">
        <time>2026-03-22T07:31:00Z</time>
      </trkpt>
      <trkpt lat="65.66908" lon="15.26387">
        <time>2026-03-22T07:41:00Z</time>
      </trkpt>
      <trkpt lat="65.67158" lon="15.24973">
        <time>2026-03-22T07:51:00Z</time>
      </trkpt>
      <trkpt lat="65.67345" lon="15.2423">
        <time>2026-03-22T08:01:00Z</time>
      </trkpt>
      <trkpt lat="65.67495" lon="15.23112">
        <time>2026-03-22T08:11:00Z</time>
      </trkpt>
      <trkpt lat="65.67873" lon="15.217">
        <time>2026-03-22T08:21:00Z</time>
      </trkpt>
      <trkpt lat="65.68201" lon="15.20643">
        <time>2026-03-22T08:31:00Z</time>
      </trkpt>
      <trkpt lat="65.68617" lon="15.19321">
        <time>2026-03-22T08:41:00Z</time>
      </trkpt>
      <trkpt lat="65.69202" lon="15.18671">
        <time>2026-03-22T08:51:00Z</time>
      </trkpt>
      <trkpt lat="65.69848" lon="15.1792">
        <time>2026-03-22T09:01:00Z</time>
      </trkpt>
      <trkpt lat="65.70279" lon="15.1683">
        <time>2026-03-22T09:11:00Z</time>
      </trkpt>
      <trkpt lat="65.70554" lon="15.15246">
        <time>2026-03-22T09:21:00Z</time>
      </trkpt>
      <trkpt lat="65.71186" lon="15.14546">
        <time>2026-03-22T09:31:00Z</time>
      </trkpt>
      <trkpt lat="65.71801" lon="15.13916">
        <time>2026-03-22T09:41:00Z</time>
      </trkpt>
      <trkpt lat="65.71837" lon="15.13834">
        <time>2026-03-22T09:51:00Z</time>
      </trkpt>
      <trkpt lat="65.72136" lon="15.11965">
        <time>2026-03-22T10:21:00Z</time>
      </trkpt>
      <trkpt lat="65.72629" lon="15.10901">
        <time>2026-03-22T10:31:00Z</time>
      </trkpt>
      <trkpt lat="65.72997" lon="15.11205">
        <time>2026-03-22T10:41:00Z</time>
      </trkpt>
      <trkpt lat="65.73322" lon="15.1109">
        <time>2026-03-22T10:51:00Z</time>
      </trkpt>
      <trkpt lat="65.7368" lon="15.11482">
        <time>2026-03-22T11:01:00Z</time>
      </trkpt>
      <trkpt lat="65.73948" lon="15.1209">
        <time>2026-03-22T11:11:00Z</time>
      </trkpt>
      <trkpt lat="65.74489" lon="15.12435">
        <time>2026-03-22T11:21:00Z</time>
      </trkpt>
      <trkpt lat="65.75047" lon="15.12787">
        <time>2026-03-22T11:31:00Z</time>
      </trkpt>
      <trkpt lat="65.75587" lon="15.12991">
        <time>2026-03-22T11:41:00Z</time>
      </trkpt>
      <trkpt lat="65.7595" lon="15.12759">
        <time>2026-03-22T11:51:00Z</time>
      </trkpt>
      <trkpt lat="65.76266" lon="15.12433">
        <time>2026-03-22T12:01:00Z</time>
      </trkpt>
      <trkpt lat="65.7626" lon="15.12439">
        <time>2026-03-22T12:11:00Z</time>
      </trkpt>
      <trkpt lat="65.76443" lon="15.12117">
        <time>2026-03-22T12:41:00Z</time>
      </trkpt>
      <trkpt lat="65.76934" lon="15.1142">
        <time>2026-03-22T12:51:00Z</time>
      </trkpt>
      <trkpt lat="65.77367" lon="15.10894">
        <time>2026-03-22T13:01:00Z</time>
      </trkpt>
      <trkpt lat="65.77878" lon="15.10332">
        <time>2026-03-22T13:11:00Z</time>
      </trkpt>
      <trkpt lat="65.78493" lon="15.10049">
        <time>2026-03-22T13:21:00Z</time>
      </trkpt>
      <trkpt lat="65.79043" lon="15.09156">
        <time>2026-03-22T13:31:00Z</time>
      </trkpt>
      <trkpt lat="65.79355" lon="15.0789">
        <time>2026-03-22T13:41:00Z</time>
      </trkpt>
      <trkpt lat="65.79805" lon="15.07156">
        <time>2026-03-22T13:51:00Z</time>
      </trkpt>
      <trkpt lat="65.80335" lon="15.07644">
        <time>2026-03-22T14:01:00Z</time>
      </trkpt>
      <trkpt lat="65.80995" lon="15.07371">
        <time>2026-03-22T14:11:00Z</time>
      </trkpt>
      <trkpt lat="65.81435" lon="15.07963">
        <time>2026-03-22T14:21:00Z</time>
      </trkpt>
      <trkpt lat="65.81253" lon="15.08598">
        <time>2026-03-22T14:31:00Z</time>
      </trkpt>
      <trkpt lat="65.81248" lon="15.08667">
        <time>2026-03-22T14:41:00Z</time>
      </trkpt>
      <trkpt lat="65.8121" lon="15.0874">
        <time>2026-03-22T14:49:00Z</time>
      </trkpt>
      <trkpt lat="65.8123" lon="15.08766">
        <time>2026-03-24T08:37:00Z</time>
      </trkpt>
      <trkpt lat="65.81439" lon="15.0806">
        <time>2026-03-24T08:47:00Z</time>
      </trkpt>
      <trkpt lat="65.81966" lon="15.07528">
        <time>2026-03-24T08:57:00Z</time>
      </trkpt>
      <trkpt lat="65.82442" lon="15.06684">
        <time>2026-03-24T09:07:00Z</time>
      </trkpt>
    </trkseg>
  </trk>
  <trk>
    <name>Klimpf→Hemavan · Erik Hägglund (village)</name>
    <trkseg>
      <trkpt lat="65.05118" lon="14.77047">
        <time>2026-02-12T13:16:00Z</time>
      </trkpt>
      <trkpt lat="65.05213" lon="14.78287">
        <time>2026-02-12T13:26:00Z</time>
      </trkpt>
      <trkpt lat="65.0546" lon="14.79579">
        <time>2026-02-12T13:36:00Z</time>
      </trkpt>
      <trkpt lat="65.05802" lon="14.80495">
        <time>2026-02-12T13:46:00Z</time>
      </trkpt>
      <trkpt lat="65.06018" lon="14.80899">
        <time>2026-02-12T13:56:00Z</time>
      </trkpt>
      <trkpt lat="65.06332" lon="14.80933">
        <time>2026-02-12T14:06:00Z</time>
      </trkpt>
      <trkpt lat="65.06329" lon="14.80935">
        <time>2026-02-12T14:16:00Z</time>
      </trkpt>
      <trkpt lat="65.06342" lon="14.80959">
        <time>2026-02-12T14:35:00Z</time>
      </trkpt>
      <trkpt lat="65.06342" lon="14.80961">
        <time>2026-02-13T10:02:00Z</time>
      </trkpt>
      <trkpt lat="65.06333" lon="14.80937">
        <time>2026-02-13T10:12:00Z</time>
      </trkpt>
      <trkpt lat="65.06453" lon="14.81476">
        <time>2026-02-13T10:22:00Z</time>
      </trkpt>
      <trkpt lat="65.0646" lon="14.82557">
        <time>2026-02-13T10:32:00Z</time>
      </trkpt>
      <trkpt lat="65.06437" lon="14.83929">
        <time>2026-02-13T10:42:00Z</time>
      </trkpt>
      <trkpt lat="65.06394" lon="14.85231">
        <time>2026-02-13T10:52:00Z</time>
      </trkpt>
      <trkpt lat="65.06297" lon="14.86583">
        <time>2026-02-13T11:02:00Z</time>
      </trkpt>
      <trkpt lat="65.06245" lon="14.87664">
        <time>2026-02-13T11:12:00Z</time>
      </trkpt>
      <trkpt lat="65.06146" lon="14.88795">
        <time>2026-02-13T11:22:00Z</time>
      </trkpt>
      <trkpt lat="65.05919" lon="14.9014">
        <time>2026-02-13T11:32:00Z</time>
      </trkpt>
      <trkpt lat="65.0576" lon="14.9122">
        <time>2026-02-13T11:42:00Z</time>
      </trkpt>
      <trkpt lat="65.05672" lon="14.92563">
        <time>2026-02-13T11:52:00Z</time>
      </trkpt>
      <trkpt lat="65.05645" lon="14.93765">
        <time>2026-02-13T12:02:00Z</time>
      </trkpt>
      <trkpt lat="65.05793" lon="14.95097">
        <time>2026-02-13T12:12:00Z</time>
      </trkpt>
      <trkpt lat="65.06019" lon="14.96196">
        <time>2026-02-13T12:22:00Z</time>
      </trkpt>
      <trkpt lat="65.06152" lon="14.97784">
        <time>2026-02-13T12:32:00Z</time>
      </trkpt>
      <trkpt lat="65.06412" lon="14.98962">
        <time>2026-02-13T12:42:00Z</time>
      </trkpt>
      <trkpt lat="65.06496" lon="14.99987">
        <time>2026-02-13T12:52:00Z</time>
      </trkpt>
      <trkpt lat="65.06473" lon="15.01408">
        <time>2026-02-13T13:02:00Z</time>
      </trkpt>
      <trkpt lat="65.06405" lon="15.02676">
        <time>2026-02-13T13:12:00Z</time>
      </trkpt>
      <trkpt lat="65.06406" lon="15.04124">
        <time>2026-02-13T13:22:00Z</time>
      </trkpt>
      <trkpt lat="65.06306" lon="15.05324">
        <time>2026-02-13T13:32:00Z</time>
      </trkpt>
      <trkpt lat="65.06592" lon="15.05388">
        <time>2026-02-13T13:42:00Z</time>
      </trkpt>
      <trkpt lat="65.06873" lon="15.05562">
        <time>2026-02-13T13:52:00Z</time>
      </trkpt>
      <trkpt lat="65.07055" lon="15.06395">
        <time>2026-02-13T14:02:00Z</time>
      </trkpt>
      <trkpt lat="65.07543" lon="15.07107">
        <time>2026-02-13T14:12:00Z</time>
      </trkpt>
      <trkpt lat="65.0796" lon="15.07871">
        <time>2026-02-13T14:22:00Z</time>
      </trkpt>
      <trkpt lat="65.08383" lon="15.0862">
        <time>2026-02-13T14:32:00Z</time>
      </trkpt>
      <trkpt lat="65.08694" lon="15.08607">
        <time>2026-02-13T14:42:00Z</time>
      </trkpt>
      <trkpt lat="65.09323" lon="15.09055">
        <time>2026-02-13T14:52:00Z</time>
      </trkpt>
      <trkpt lat="65.09584" lon="15.08489">
        <time>2026-02-13T15:02:00Z</time>
      </trkpt>
      <trkpt lat="65.10032" lon="15.07817">
        <time>2026-02-13T15:12:00Z</time>
      </trkpt>
      <trkpt lat="65.10438" lon="15.07753">
        <time>2026-02-13T15:22:00Z</time>
      </trkpt>
      <trkpt lat="65.10785" lon="15.06852">
        <time>2026-02-13T15:32:00Z</time>
      </trkpt>
      <trkpt lat="65.11248" lon="15.06461">
        <time>2026-02-13T15:42:00Z</time>
      </trkpt>
      <trkpt lat="65.1133" lon="15.06026">
        <time>2026-02-13T15:52:00Z</time>
      </trkpt>
      <trkpt lat="65.11728" lon="15.04966">
        <time>2026-02-13T16:02:00Z</time>
      </trkpt>
      <trkpt lat="65.11878" lon="15.04262">
        <time>2026-02-13T16:12:00Z</time>
      </trkpt>
      <trkpt lat="65.12167" lon="15.03498">
        <time>2026-02-13T16:22:00Z</time>
      </trkpt>
      <trkpt lat="65.12791" lon="15.03472">
        <time>2026-02-13T16:32:00Z</time>
      </trkpt>
      <trkpt lat="65.1303" lon="15.03328">
        <time>2026-02-13T16:40:00Z</time>
      </trkpt>
      <trkpt lat="65.1303" lon="15.03333">
        <time>2026-02-14T09:23:00Z</time>
      </trkpt>
      <trkpt lat="65.13033" lon="15.03326">
        <time>2026-02-14T09:33:00Z</time>
      </trkpt>
      <trkpt lat="65.13532" lon="15.02957">
        <time>2026-02-14T09:43:00Z</time>
      </trkpt>
      <trkpt lat="65.13979" lon="15.02839">
        <time>2026-02-14T09:53:00Z</time>
      </trkpt>
      <trkpt lat="65.14139" lon="15.03088">
        <time>2026-02-14T10:03:00Z</time>
      </trkpt>
      <trkpt lat="65.14313" lon="15.03502">
        <time>2026-02-14T10:13:00Z</time>
      </trkpt>
      <trkpt lat="65.14626" lon="15.04004">
        <time>2026-02-14T10:23:00Z</time>
      </trkpt>
      <trkpt lat="65.14967" lon="15.04215">
        <time>2026-02-14T10:33:00Z</time>
      </trkpt>
      <trkpt lat="65.15216" lon="15.04485">
        <time>2026-02-14T10:43:00Z</time>
      </trkpt>
      <trkpt lat="65.15606" lon="15.05403">
        <time>2026-02-14T10:53:00Z</time>
      </trkpt>
      <trkpt lat="65.16086" lon="15.05944">
        <time>2026-02-14T11:03:00Z</time>
      </trkpt>
      <trkpt lat="65.16582" lon="15.05987">
        <time>2026-02-14T11:13:00Z</time>
      </trkpt>
      <trkpt lat="65.169" lon="15.06032">
        <time>2026-02-14T11:23:00Z</time>
      </trkpt>
      <trkpt lat="65.17313" lon="15.06403">
        <time>2026-02-14T11:33:00Z</time>
      </trkpt>
      <trkpt lat="65.17519" lon="15.06779">
        <time>2026-02-14T11:43:00Z</time>
      </trkpt>
      <trkpt lat="65.17926" lon="15.07225">
        <time>2026-02-14T11:53:00Z</time>
      </trkpt>
      <trkpt lat="65.18384" lon="15.07802">
        <time>2026-02-14T12:03:00Z</time>
      </trkpt>
      <trkpt lat="65.18892" lon="15.07742">
        <time>2026-02-14T12:13:00Z</time>
      </trkpt>
      <trkpt lat="65.19396" lon="15.07212">
        <time>2026-02-14T12:23:00Z</time>
      </trkpt>
      <trkpt lat="65.19791" lon="15.06684">
        <time>2026-02-14T12:33:00Z</time>
      </trkpt>
      <trkpt lat="65.20179" lon="15.06169">
        <time>2026-02-14T12:43:00Z</time>
      </trkpt>
      <trkpt lat="65.20646" lon="15.05729">
        <time>2026-02-14T12:53:00Z</time>
      </trkpt>
      <trkpt lat="65.21053" lon="15.0535">
        <time>2026-02-14T13:03:00Z</time>
      </trkpt>
      <trkpt lat="65.2157" lon="15.05054">
        <time>2026-02-14T13:13:00Z</time>
      </trkpt>
      <trkpt lat="65.22065" lon="15.04727">
        <time>2026-02-14T13:23:00Z</time>
      </trkpt>
      <trkpt lat="65.22439" lon="15.04373">
        <time>2026-02-14T13:33:00Z</time>
      </trkpt>
      <trkpt lat="65.22755" lon="15.04131">
        <time>2026-02-14T13:43:00Z</time>
      </trkpt>
      <trkpt lat="65.23292" lon="15.03824">
        <time>2026-02-14T13:53:00Z</time>
      </trkpt>
      <trkpt lat="65.23753" lon="15.0341">
        <time>2026-02-14T14:03:00Z</time>
      </trkpt>
      <trkpt lat="65.24229" lon="15.03125">
        <time>2026-02-14T14:13:00Z</time>
      </trkpt>
      <trkpt lat="65.24639" lon="15.02786">
        <time>2026-02-14T14:23:00Z</time>
      </trkpt>
      <trkpt lat="65.25101" lon="15.02586">
        <time>2026-02-14T14:33:00Z</time>
      </trkpt>
      <trkpt lat="65.25498" lon="15.02833">
        <time>2026-02-14T14:43:00Z</time>
      </trkpt>
      <trkpt lat="65.2593" lon="15.02843">
        <time>2026-02-14T14:53:00Z</time>
      </trkpt>
      <trkpt lat="65.26213" lon="15.03337">
        <time>2026-02-14T15:03:00Z</time>
      </trkpt>
      <trkpt lat="65.26542" lon="15.0341">
        <time>2026-02-14T15:13:00Z</time>
      </trkpt>
      <trkpt lat="65.26982" lon="15.03386">
        <time>2026-02-14T15:23:00Z</time>
      </trkpt>
      <trkpt lat="65.27388" lon="15.03208">
        <time>2026-02-14T15:33:00Z</time>
      </trkpt>
      <trkpt lat="65.27749" lon="15.03004">
        <time>2026-02-14T15:43:00Z</time>
      </trkpt>
      <trkpt lat="65.27911" lon="15.03077">
        <time>2026-02-14T15:48:00Z</time>
      </trkpt>
      <trkpt lat="65.27916" lon="15.03073">
        <time>2026-02-15T08:59:00Z</time>
      </trkpt>
      <trkpt lat="65.2813" lon="15.02946">
        <time>2026-02-15T09:09:00Z</time>
      </trkpt>
      <trkpt lat="65.28628" lon="15.0327">
        <time>2026-02-15T09:19:00Z</time>
      </trkpt>
      <trkpt lat="65.29056" lon="15.03307">
        <time>2026-02-15T09:29:00Z</time>
      </trkpt>
      <trkpt lat="65.29574" lon="15.02998">
        <time>2026-02-15T09:39:00Z</time>
      </trkpt>
      <trkpt lat="65.29961" lon="15.02627">
        <time>2026-02-15T09:49:00Z</time>
      </trkpt>
      <trkpt lat="65.30451" lon="15.0271">
        <time>2026-02-15T09:59:00Z</time>
      </trkpt>
      <trkpt lat="65.30799" lon="15.03037">
        <time>2026-02-15T10:09:00Z</time>
      </trkpt>
      <trkpt lat="65.3118" lon="15.03779">
        <time>2026-02-15T10:19:00Z</time>
      </trkpt>
      <trkpt lat="65.3167" lon="15.04575">
        <time>2026-02-15T10:29:00Z</time>
      </trkpt>
      <trkpt lat="65.32089" lon="15.05669">
        <time>2026-02-15T10:39:00Z</time>
      </trkpt>
      <trkpt lat="65.32474" lon="15.0624">
        <time>2026-02-15T10:49:00Z</time>
      </trkpt>
      <trkpt lat="65.32869" lon="15.06712">
        <time>2026-02-15T10:59:00Z</time>
      </trkpt>
      <trkpt lat="65.33228" lon="15.07749">
        <time>2026-02-15T11:09:00Z</time>
      </trkpt>
      <trkpt lat="65.33377" lon="15.08386">
        <time>2026-02-15T11:19:00Z</time>
      </trkpt>
      <trkpt lat="65.33538" lon="15.09598">
        <time>2026-02-15T11:29:00Z</time>
      </trkpt>
      <trkpt lat="65.33802" lon="15.09852">
        <time>2026-02-15T11:39:00Z</time>
      </trkpt>
      <trkpt lat="65.34008" lon="15.1027">
        <time>2026-02-15T11:49:00Z</time>
      </trkpt>
      <trkpt lat="65.34131" lon="15.10789">
        <time>2026-02-15T11:59:00Z</time>
      </trkpt>
      <trkpt lat="65.34442" lon="15.11231">
        <time>2026-02-15T12:09:00Z</time>
      </trkpt>
      <trkpt lat="65.34544" lon="15.12205">
        <time>2026-02-15T12:19:00Z</time>
      </trkpt>
      <trkpt lat="65.34492" lon="15.13227">
        <time>2026-02-15T12:29:00Z</time>
      </trkpt>
      <trkpt lat="65.34413" lon="15.14489">
        <time>2026-02-15T12:39:00Z</time>
      </trkpt>
      <trkpt lat="65.34468" lon="15.15677">
        <time>2026-02-15T12:49:00Z</time>
      </trkpt>
      <trkpt lat="65.34683" lon="15.1639">
        <time>2026-02-15T12:59:00Z</time>
      </trkpt>
      <trkpt lat="65.34859" lon="15.17512">
        <time>2026-02-15T13:09:00Z</time>
      </trkpt>
      <trkpt lat="65.34756" lon="15.18422">
        <time>2026-02-15T13:19:00Z</time>
      </trkpt>
      <trkpt lat="65.34707" lon="15.19696">
        <time>2026-02-15T13:29:00Z</time>
      </trkpt>
      <trkpt lat="65.34759" lon="15.2075">
        <time>2026-02-15T13:39:00Z</time>
      </trkpt>
      <trkpt lat="65.34707" lon="15.21859">
        <time>2026-02-15T13:49:00Z</time>
      </trkpt>
      <trkpt lat="65.34795" lon="15.232">
        <time>2026-02-15T13:59:00Z</time>
      </trkpt>
      <trkpt lat="65.34916" lon="15.24155">
        <time>2026-02-15T14:09:00Z</time>
      </trkpt>
      <trkpt lat="65.34886" lon="15.25307">
        <time>2026-02-15T14:19:00Z</time>
      </trkpt>
      <trkpt lat="65.34844" lon="15.26552">
        <time>2026-02-15T14:29:00Z</time>
      </trkpt>
      <trkpt lat="65.34624" lon="15.27925">
        <time>2026-02-15T14:39:00Z</time>
      </trkpt>
      <trkpt lat="65.34201" lon="15.28915">
        <time>2026-02-15T14:49:00Z</time>
      </trkpt>
      <trkpt lat="65.34066" lon="15.29769">
        <time>2026-02-15T14:59:00Z</time>
      </trkpt>
      <trkpt lat="65.34584" lon="15.3032">
        <time>2026-02-15T15:09:00Z</time>
      </trkpt>
      <trkpt lat="65.35059" lon="15.30522">
        <time>2026-02-15T15:19:00Z</time>
      </trkpt>
      <trkpt lat="65.35548" lon="15.30337">
        <time>2026-02-15T15:29:00Z</time>
      </trkpt>
      <trkpt lat="65.35899" lon="15.29781">
        <time>2026-02-15T15:39:00Z</time>
      </trkpt>
      <trkpt lat="65.36234" lon="15.29674">
        <time>2026-02-15T15:49:00Z</time>
      </trkpt>
      <trkpt lat="65.36809" lon="15.29326">
        <time>2026-02-15T15:59:00Z</time>
      </trkpt>
      <trkpt lat="65.37308" lon="15.2902">
        <time>2026-02-15T16:09:00Z</time>
      </trkpt>
      <trkpt lat="65.37755" lon="15.29221">
        <time>2026-02-15T16:19:00Z</time>
      </trkpt>
      <trkpt lat="65.3808" lon="15.29326">
        <time>2026-02-15T16:29:00Z</time>
      </trkpt>
      <trkpt lat="65.38437" lon="15.29548">
        <time>2026-02-15T16:39:00Z</time>
      </trkpt>
      <trkpt lat="65.38437" lon="15.29548">
        <time>2026-02-15T16:42:00Z</time>
      </trkpt>
      <trkpt lat="65.38437" lon="15.29543">
        <time>2026-02-16T09:04:00Z</time>
      </trkpt>
      <trkpt lat="65.38439" lon="15.29543">
        <time>2026-02-16T09:14:00Z</time>
      </trkpt>
      <trkpt lat="65.38905" lon="15.29867">
        <time>2026-02-16T09:24:00Z</time>
      </trkpt>
      <trkpt lat="65.3956" lon="15.30318">
        <time>2026-02-16T09:34:00Z</time>
      </trkpt>
      <trkpt lat="65.39892" lon="15.29893">
        <time>2026-02-16T09:44:00Z</time>
      </trkpt>
      <trkpt lat="65.4021" lon="15.29445">
        <time>2026-02-16T09:54:00Z</time>
      </trkpt>
      <trkpt lat="65.40589" lon="15.28485">
        <time>2026-02-16T10:04:00Z</time>
      </trkpt>
      <trkpt lat="65.4102" lon="15.27537">
        <time>2026-02-16T10:14:00Z</time>
      </trkpt>
      <trkpt lat="65.41442" lon="15.26582">
        <time>2026-02-16T10:24:00Z</time>
      </trkpt>
      <trkpt lat="65.41835" lon="15.25681">
        <time>2026-02-16T10:34:00Z</time>
      </trkpt>
      <trkpt lat="65.42137" lon="15.24983">
        <time>2026-02-16T10:44:00Z</time>
      </trkpt>
      <trkpt lat="65.42536" lon="15.24099">
        <time>2026-02-16T10:54:00Z</time>
      </trkpt>
      <trkpt lat="65.42975" lon="15.23213">
        <time>2026-02-16T11:04:00Z</time>
      </trkpt>
      <trkpt lat="65.4321" lon="15.22999">
        <time>2026-02-16T11:14:00Z</time>
      </trkpt>
      <trkpt lat="65.43378" lon="15.23329">
        <time>2026-02-16T11:24:00Z</time>
      </trkpt>
      <trkpt lat="65.43716" lon="15.23614">
        <time>2026-02-16T11:34:00Z</time>
      </trkpt>
      <trkpt lat="65.44242" lon="15.23499">
        <time>2026-02-16T11:44:00Z</time>
      </trkpt>
      <trkpt lat="65.44789" lon="15.2429">
        <time>2026-02-16T11:54:00Z</time>
      </trkpt>
      <trkpt lat="65.45036" lon="15.24919">
        <time>2026-02-16T12:04:00Z</time>
      </trkpt>
      <trkpt lat="65.45658" lon="15.25035">
        <time>2026-02-16T12:14:00Z</time>
      </trkpt>
      <trkpt lat="65.46006" lon="15.25859">
        <time>2026-02-16T12:24:00Z</time>
      </trkpt>
      <trkpt lat="65.46409" lon="15.27209">
        <time>2026-02-16T12:34:00Z</time>
      </trkpt>
      <trkpt lat="65.46901" lon="15.28282">
        <time>2026-02-16T12:44:00Z</time>
      </trkpt>
      <trkpt lat="65.47108" lon="15.29331">
        <time>2026-02-16T12:54:00Z</time>
      </trkpt>
      <trkpt lat="65.47626" lon="15.30783">
        <time>2026-02-16T13:04:00Z</time>
      </trkpt>
      <trkpt lat="65.4824" lon="15.32507">
        <time>2026-02-16T13:14:00Z</time>
      </trkpt>
      <trkpt lat="65.48721" lon="15.34903">
        <time>2026-02-16T13:24:00Z</time>
      </trkpt>
      <trkpt lat="65.49143" lon="15.35416">
        <time>2026-02-16T13:34:00Z</time>
      </trkpt>
      <trkpt lat="65.49436" lon="15.34187">
        <time>2026-02-16T13:44:00Z</time>
      </trkpt>
      <trkpt lat="65.50032" lon="15.34463">
        <time>2026-02-16T13:54:00Z</time>
      </trkpt>
      <trkpt lat="65.50617" lon="15.34034">
        <time>2026-02-16T14:04:00Z</time>
      </trkpt>
      <trkpt lat="65.51052" lon="15.33901">
        <time>2026-02-16T14:14:00Z</time>
      </trkpt>
      <trkpt lat="65.51516" lon="15.3344">
        <time>2026-02-16T14:24:00Z</time>
      </trkpt>
      <trkpt lat="65.51701" lon="15.33105">
        <time>2026-02-16T14:34:00Z</time>
      </trkpt>
      <trkpt lat="65.52257" lon="15.32436">
        <time>2026-02-16T14:44:00Z</time>
      </trkpt>
      <trkpt lat="65.52844" lon="15.31775">
        <time>2026-02-16T14:54:00Z</time>
      </trkpt>
      <trkpt lat="65.53311" lon="15.31841">
        <time>2026-02-16T15:04:00Z</time>
      </trkpt>
      <trkpt lat="65.53758" lon="15.32204">
        <time>2026-02-16T15:14:00Z</time>
      </trkpt>
      <trkpt lat="65.54283" lon="15.31951">
        <time>2026-02-16T15:24:00Z</time>
      </trkpt>
      <trkpt lat="65.54538" lon="15.30951">
        <time>2026-02-16T15:34:00Z</time>
      </trkpt>
      <trkpt lat="65.54902" lon="15.30329">
        <time>2026-02-16T15:44:00Z</time>
      </trkpt>
      <trkpt lat="65.55566" lon="15.29917">
        <time>2026-02-16T15:54:00Z</time>
      </trkpt>
      <trkpt lat="65.56234" lon="15.30232">
        <time>2026-02-16T16:04:00Z</time>
      </trkpt>
      <trkpt lat="65.56484" lon="15.30477">
        <time>2026-02-16T16:14:00Z</time>
      </trkpt>
      <trkpt lat="65.56787" lon="15.30391">
        <time>2026-02-16T16:24:00Z</time>
      </trkpt>
      <trkpt lat="65.57506" lon="15.29887">
        <time>2026-02-16T16:34:00Z</time>
      </trkpt>
      <trkpt lat="65.57879" lon="15.29994">
        <time>2026-02-16T16:44:00Z</time>
      </trkpt>
      <trkpt lat="65.5829" lon="15.29668">
        <time>2026-02-16T16:54:00Z</time>
      </trkpt>
      <trkpt lat="65.58723" lon="15.28912">
        <time>2026-02-16T17:04:00Z</time>
      </trkpt>
      <trkpt lat="65.59187" lon="15.2861">
        <time>2026-02-16T17:14:00Z</time>
      </trkpt>
      <trkpt lat="65.59859" lon="15.28024">
        <time>2026-02-16T17:24:00Z</time>
      </trkpt>
      <trkpt lat="65.60142" lon="15.27606">
        <time>2026-02-16T17:34:00Z</time>
      </trkpt>
      <trkpt lat="65.60216" lon="15.27556">
        <time>2026-02-16T17:44:00Z</time>
      </trkpt>
      <trkpt lat="65.60511" lon="15.27288">
        <time>2026-02-16T17:54:00Z</time>
      </trkpt>
      <trkpt lat="65.6051" lon="15.2729">
        <time>2026-02-16T18:00:00Z</time>
      </trkpt>
      <trkpt lat="65.60514" lon="15.27286">
        <time>2026-02-17T08:57:00Z</time>
      </trkpt>
      <trkpt lat="65.60731" lon="15.26867">
        <time>2026-02-17T09:07:00Z</time>
      </trkpt>
      <trkpt lat="65.61192" lon="15.26383">
        <time>2026-02-17T09:17:00Z</time>
      </trkpt>
      <trkpt lat="65.6168" lon="15.24921">
        <time>2026-02-17T09:27:00Z</time>
      </trkpt>
      <trkpt lat="65.6217" lon="15.23853">
        <time>2026-02-17T09:37:00Z</time>
      </trkpt>
      <trkpt lat="65.62631" lon="15.23245">
        <time>2026-02-17T09:47:00Z</time>
      </trkpt>
      <trkpt lat="65.6314" lon="15.22492">
        <time>2026-02-17T09:57:00Z</time>
      </trkpt>
      <trkpt lat="65.63487" lon="15.21784">
        <time>2026-02-17T10:07:00Z</time>
      </trkpt>
      <trkpt lat="65.63818" lon="15.20956">
        <time>2026-02-17T10:17:00Z</time>
      </trkpt>
      <trkpt lat="65.64052" lon="15.20286">
        <time>2026-02-17T10:27:00Z</time>
      </trkpt>
      <trkpt lat="65.64449" lon="15.19126">
        <time>2026-02-17T10:37:00Z</time>
      </trkpt>
      <trkpt lat="65.64883" lon="15.18038">
        <time>2026-02-17T10:47:00Z</time>
      </trkpt>
      <trkpt lat="65.65141" lon="15.17109">
        <time>2026-02-17T10:57:00Z</time>
      </trkpt>
      <trkpt lat="65.65505" lon="15.15883">
        <time>2026-02-17T11:07:00Z</time>
      </trkpt>
      <trkpt lat="65.65523" lon="15.15838">
        <time>2026-02-17T11:17:00Z</time>
      </trkpt>
      <trkpt lat="65.65819" lon="15.15061">
        <time>2026-02-17T11:27:00Z</time>
      </trkpt>
      <trkpt lat="65.65943" lon="15.13667">
        <time>2026-02-17T11:37:00Z</time>
      </trkpt>
      <trkpt lat="65.66109" lon="15.12965">
        <time>2026-02-17T11:47:00Z</time>
      </trkpt>
      <trkpt lat="65.66466" lon="15.12999">
        <time>2026-02-17T11:57:00Z</time>
      </trkpt>
      <trkpt lat="65.66824" lon="15.13008">
        <time>2026-02-17T12:07:00Z</time>
      </trkpt>
      <trkpt lat="65.67206" lon="15.13079">
        <time>2026-02-17T12:17:00Z</time>
      </trkpt>
      <trkpt lat="65.67642" lon="15.12712">
        <time>2026-02-17T12:27:00Z</time>
      </trkpt>
      <trkpt lat="65.68135" lon="15.12227">
        <time>2026-02-17T12:37:00Z</time>
      </trkpt>
      <trkpt lat="65.68615" lon="15.12259">
        <time>2026-02-17T12:47:00Z</time>
      </trkpt>
      <trkpt lat="65.69034" lon="15.11875">
        <time>2026-02-17T12:57:00Z</time>
      </trkpt>
      <trkpt lat="65.69416" lon="15.10984">
        <time>2026-02-17T13:07:00Z</time>
      </trkpt>
      <trkpt lat="65.69904" lon="15.11004">
        <time>2026-02-17T13:17:00Z</time>
      </trkpt>
      <trkpt lat="65.70348" lon="15.10454">
        <time>2026-02-17T13:27:00Z</time>
      </trkpt>
      <trkpt lat="65.70669" lon="15.0995">
        <time>2026-02-17T13:37:00Z</time>
      </trkpt>
      <trkpt lat="65.71225" lon="15.09487">
        <time>2026-02-17T13:47:00Z</time>
      </trkpt>
      <trkpt lat="65.71651" lon="15.09171">
        <time>2026-02-17T13:57:00Z</time>
      </trkpt>
      <trkpt lat="65.71933" lon="15.0901">
        <time>2026-02-17T14:07:00Z</time>
      </trkpt>
      <trkpt lat="65.72157" lon="15.09796">
        <time>2026-02-17T14:17:00Z</time>
      </trkpt>
      <trkpt lat="65.72094" lon="15.10933">
        <time>2026-02-17T14:27:00Z</time>
      </trkpt>
      <trkpt lat="65.72411" lon="15.11111">
        <time>2026-02-17T14:37:00Z</time>
      </trkpt>
      <trkpt lat="65.73178" lon="15.11055">
        <time>2026-02-17T14:47:00Z</time>
      </trkpt>
      <trkpt lat="65.73761" lon="15.1195">
        <time>2026-02-17T14:57:00Z</time>
      </trkpt>
      <trkpt lat="65.74232" lon="15.12285">
        <time>2026-02-17T15:07:00Z</time>
      </trkpt>
      <trkpt lat="65.7476" lon="15.12617">
        <time>2026-02-17T15:17:00Z</time>
      </trkpt>
      <trkpt lat="65.75209" lon="15.12868">
        <time>2026-02-17T15:27:00Z</time>
      </trkpt>
      <trkpt lat="65.75705" lon="15.13029">
        <time>2026-02-17T15:37:00Z</time>
      </trkpt>
      <trkpt lat="65.75937" lon="15.12832">
        <time>2026-02-17T15:47:00Z</time>
      </trkpt>
      <trkpt lat="65.76423" lon="15.12137">
        <time>2026-02-17T15:57:00Z</time>
      </trkpt>
      <trkpt lat="65.76673" lon="15.11729">
        <time>2026-02-17T16:07:00Z</time>
      </trkpt>
      <trkpt lat="65.77223" lon="15.11205">
        <time>2026-02-17T16:17:00Z</time>
      </trkpt>
      <trkpt lat="65.77761" lon="15.11221">
        <time>2026-02-17T16:27:00Z</time>
      </trkpt>
      <trkpt lat="65.78329" lon="15.10948">
        <time>2026-02-17T16:37:00Z</time>
      </trkpt>
      <trkpt lat="65.78901" lon="15.10463">
        <time>2026-02-17T16:47:00Z</time>
      </trkpt>
      <trkpt lat="65.79318" lon="15.10163">
        <time>2026-02-17T16:57:00Z</time>
      </trkpt>
      <trkpt lat="65.79895" lon="15.09736">
        <time>2026-02-17T17:07:00Z</time>
      </trkpt>
      <trkpt lat="65.8041" lon="15.09251">
        <time>2026-02-17T17:17:00Z</time>
      </trkpt>
      <trkpt lat="65.80985" lon="15.0883">
        <time>2026-02-17T17:27:00Z</time>
      </trkpt>
      <trkpt lat="65.81199" lon="15.08751">
        <time>2026-02-17T17:37:00Z</time>
      </trkpt>
      <trkpt lat="65.81364" lon="15.08781">
        <time>2026-02-17T17:47:00Z</time>
      </trkpt>
      <trkpt lat="65.81767" lon="15.08995">
        <time>2026-02-17T17:57:00Z</time>
      </trkpt>
      <trkpt lat="65.81739" lon="15.09064">
        <time>2026-02-17T18:01:00Z</time>
      </trkpt>
      <trkpt lat="65.81753" lon="15.09088">
        <time>2026-02-19T09:34:00Z</time>
      </trkpt>
      <trkpt lat="65.81768" lon="15.09124">
        <time>2026-02-19T09:44:00Z</time>
      </trkpt>
      <trkpt lat="65.81668" lon="15.09684">
        <time>2026-02-19T09:54:00Z</time>
      </trkpt>
      <trkpt lat="65.81492" lon="15.10512">
        <time>2026-02-19T10:04:00Z</time>
      </trkpt>
      <trkpt lat="65.81475" lon="15.11418">
        <time>2026-02-19T10:14:00Z</time>
      </trkpt>
      <trkpt lat="65.8165" lon="15.12079">
        <time>2026-02-19T10:24:00Z</time>
      </trkpt>
      <trkpt lat="65.81818" lon="15.11854">
        <time>2026-02-19T10:34:00Z</time>
      </trkpt>
      <trkpt lat="65.82095" lon="15.11208">
        <time>2026-02-19T10:44:00Z</time>
      </trkpt>
      <trkpt lat="65.82141" lon="15.11038">
        <time>2026-02-19T10:54:00Z</time>
      </trkpt>
      <trkpt lat="65.82602" lon="15.10654">
        <time>2026-02-19T11:04:00Z</time>
      </trkpt>
      <trkpt lat="65.82947" lon="15.10302">
        <time>2026-02-19T11:14:00Z</time>
      </trkpt>
      <trkpt lat="65.83296" lon="15.10399">
        <time>2026-02-19T11:24:00Z</time>
      </trkpt>
      <trkpt lat="65.83543" lon="15.09744">
        <time>2026-02-19T11:34:00Z</time>
      </trkpt>
    </trkseg>
  </trk>
  <trk>
    <name>Klimpf→Hemavan · Erik Nyholmer (village)</name>
    <trkseg>
      <trkpt lat="65.05202" lon="14.78036">
        <time>2025-03-08T15:15:00Z</time>
      </trkpt>
      <trkpt lat="65.05526" lon="14.79806">
        <time>2025-03-08T15:25:00Z</time>
      </trkpt>
      <trkpt lat="65.05793" lon="14.80463">
        <time>2025-03-08T15:35:00Z</time>
      </trkpt>
      <trkpt lat="65.06158" lon="14.81165">
        <time>2025-03-08T15:45:00Z</time>
      </trkpt>
      <trkpt lat="65.06328" lon="14.80912">
        <time>2025-03-08T15:55:00Z</time>
      </trkpt>
      <trkpt lat="65.06347" lon="14.80963">
        <time>2025-03-08T16:09:00Z</time>
      </trkpt>
      <trkpt lat="65.06306" lon="14.80888">
        <time>2025-03-08T16:21:00Z</time>
      </trkpt>
      <trkpt lat="65.06299" lon="14.80892">
        <time>2025-03-09T10:05:00Z</time>
      </trkpt>
      <trkpt lat="65.06299" lon="14.80873">
        <time>2025-03-09T10:15:00Z</time>
      </trkpt>
      <trkpt lat="65.06314" lon="14.80897">
        <time>2025-03-09T14:15:00Z</time>
      </trkpt>
      <trkpt lat="65.06309" lon="14.80897">
        <time>2025-03-09T18:15:00Z</time>
      </trkpt>
      <trkpt lat="65.06309" lon="14.80888">
        <time>2025-03-09T22:15:00Z</time>
      </trkpt>
      <trkpt lat="65.06264" lon="14.80929">
        <time>2025-03-10T02:15:00Z</time>
      </trkpt>
      <trkpt lat="65.06336" lon="14.80939">
        <time>2025-03-10T05:32:00Z</time>
      </trkpt>
      <trkpt lat="65.06306" lon="14.8089">
        <time>2025-03-10T05:42:00Z</time>
      </trkpt>
      <trkpt lat="65.06308" lon="14.80903">
        <time>2025-03-10T07:46:00Z</time>
      </trkpt>
      <trkpt lat="65.06277" lon="14.82278">
        <time>2025-03-10T08:02:00Z</time>
      </trkpt>
      <trkpt lat="65.06229" lon="14.84328">
        <time>2025-03-10T08:12:00Z</time>
      </trkpt>
      <trkpt lat="65.06083" lon="14.86021">
        <time>2025-03-10T08:22:00Z</time>
      </trkpt>
      <trkpt lat="65.05957" lon="14.87231">
        <time>2025-03-10T08:32:00Z</time>
      </trkpt>
      <trkpt lat="65.05744" lon="14.89046">
        <time>2025-03-10T08:42:00Z</time>
      </trkpt>
      <trkpt lat="65.05637" lon="14.90299">
        <time>2025-03-10T08:52:00Z</time>
      </trkpt>
      <trkpt lat="65.05634" lon="14.90297">
        <time>2025-03-10T09:02:00Z</time>
      </trkpt>
      <trkpt lat="65.05517" lon="14.9187">
        <time>2025-03-10T09:22:00Z</time>
      </trkpt>
      <trkpt lat="65.05486" lon="14.93977">
        <time>2025-03-10T09:32:00Z</time>
      </trkpt>
      <trkpt lat="65.05534" lon="14.95496">
        <time>2025-03-10T09:42:00Z</time>
      </trkpt>
      <trkpt lat="65.05539" lon="14.95505">
        <time>2025-03-10T09:52:00Z</time>
      </trkpt>
      <trkpt lat="65.05577" lon="14.95941">
        <time>2025-03-10T10:02:00Z</time>
      </trkpt>
      <trkpt lat="65.05757" lon="14.98058">
        <time>2025-03-10T10:12:00Z</time>
      </trkpt>
      <trkpt lat="65.0589" lon="14.99726">
        <time>2025-03-10T10:22:00Z</time>
      </trkpt>
      <trkpt lat="65.06009" lon="15.01687">
        <time>2025-03-10T10:32:00Z</time>
      </trkpt>
      <trkpt lat="65.06081" lon="15.03582">
        <time>2025-03-10T10:42:00Z</time>
      </trkpt>
      <trkpt lat="65.06115" lon="15.04884">
        <time>2025-03-10T10:52:00Z</time>
      </trkpt>
      <trkpt lat="65.06136" lon="15.05693">
        <time>2025-03-10T11:02:00Z</time>
      </trkpt>
      <trkpt lat="65.06581" lon="15.06337">
        <time>2025-03-10T11:12:00Z</time>
      </trkpt>
      <trkpt lat="65.06789" lon="15.07566">
        <time>2025-03-10T11:22:00Z</time>
      </trkpt>
      <trkpt lat="65.07311" lon="15.07974">
        <time>2025-03-10T11:32:00Z</time>
      </trkpt>
      <trkpt lat="65.0773" lon="15.08877">
        <time>2025-03-10T11:42:00Z</time>
      </trkpt>
      <trkpt lat="65.08291" lon="15.08942">
        <time>2025-03-10T11:52:00Z</time>
      </trkpt>
      <trkpt lat="65.08802" lon="15.08716">
        <time>2025-03-10T12:02:00Z</time>
      </trkpt>
      <trkpt lat="65.08792" lon="15.08693">
        <time>2025-03-10T12:12:00Z</time>
      </trkpt>
      <trkpt lat="65.09651" lon="15.08648">
        <time>2025-03-10T12:42:00Z</time>
      </trkpt>
      <trkpt lat="65.10359" lon="15.08912">
        <time>2025-03-10T12:52:00Z</time>
      </trkpt>
      <trkpt lat="65.10623" lon="15.08459">
        <time>2025-03-10T13:02:00Z</time>
      </trkpt>
      <trkpt lat="65.11262" lon="15.07476">
        <time>2025-03-10T13:12:00Z</time>
      </trkpt>
      <trkpt lat="65.11862" lon="15.06448">
        <time>2025-03-10T13:22:00Z</time>
      </trkpt>
      <trkpt lat="65.12391" lon="15.05358">
        <time>2025-03-10T13:32:00Z</time>
      </trkpt>
      <trkpt lat="65.12744" lon="15.0471">
        <time>2025-03-10T13:42:00Z</time>
      </trkpt>
      <trkpt lat="65.1298" lon="15.04438">
        <time>2025-03-10T13:52:00Z</time>
      </trkpt>
      <trkpt lat="65.13598" lon="15.04264">
        <time>2025-03-10T14:02:00Z</time>
      </trkpt>
      <trkpt lat="65.14068" lon="15.04303">
        <time>2025-03-10T14:12:00Z</time>
      </trkpt>
      <trkpt lat="65.14184" lon="15.04212">
        <time>2025-03-10T14:22:00Z</time>
      </trkpt>
      <trkpt lat="65.14319" lon="15.04474">
        <time>2025-03-10T14:32:00Z</time>
      </trkpt>
      <trkpt lat="65.1496" lon="15.04734">
        <time>2025-03-10T14:42:00Z</time>
      </trkpt>
      <trkpt lat="65.15579" lon="15.05955">
        <time>2025-03-10T14:52:00Z</time>
      </trkpt>
      <trkpt lat="65.16197" lon="15.06729">
        <time>2025-03-10T15:02:00Z</time>
      </trkpt>
      <trkpt lat="65.16938" lon="15.0718">
        <time>2025-03-10T15:12:00Z</time>
      </trkpt>
      <trkpt lat="65.17309" lon="15.0753">
        <time>2025-03-10T15:22:00Z</time>
      </trkpt>
      <trkpt lat="65.17317" lon="15.07549">
        <time>2025-03-10T15:32:00Z</time>
      </trkpt>
      <trkpt lat="65.17901" lon="15.07779">
        <time>2025-03-10T15:42:00Z</time>
      </trkpt>
      <trkpt lat="65.18623" lon="15.07403">
        <time>2025-03-10T15:52:00Z</time>
      </trkpt>
      <trkpt lat="65.19317" lon="15.06852">
        <time>2025-03-10T16:02:00Z</time>
      </trkpt>
      <trkpt lat="65.1992" lon="15.06335">
        <time>2025-03-10T16:12:00Z</time>
      </trkpt>
      <trkpt lat="65.20456" lon="15.05927">
        <time>2025-03-10T16:22:00Z</time>
      </trkpt>
      <trkpt lat="65.21079" lon="15.05397">
        <time>2025-03-10T16:32:00Z</time>
      </trkpt>
      <trkpt lat="65.21703" lon="15.0503">
        <time>2025-03-10T16:42:00Z</time>
      </trkpt>
      <trkpt lat="65.22142" lon="15.05075">
        <time>2025-03-10T16:52:00Z</time>
      </trkpt>
      <trkpt lat="65.22166" lon="15.05096">
        <time>2025-03-10T17:02:00Z</time>
      </trkpt>
      <trkpt lat="65.2217" lon="15.0509">
        <time>2025-03-10T17:02:00Z</time>
      </trkpt>
      <trkpt lat="65.22167" lon="15.05079">
        <time>2025-03-11T06:48:00Z</time>
      </trkpt>
      <trkpt lat="65.2217" lon="15.05086">
        <time>2025-03-11T06:58:00Z</time>
      </trkpt>
      <trkpt lat="65.22923" lon="15.04075">
        <time>2025-03-11T07:38:00Z</time>
      </trkpt>
      <trkpt lat="65.23482" lon="15.03655">
        <time>2025-03-11T07:48:00Z</time>
      </trkpt>
      <trkpt lat="65.24037" lon="15.03217">
        <time>2025-03-11T07:58:00Z</time>
      </trkpt>
      <trkpt lat="65.24757" lon="15.02552">
        <time>2025-03-11T08:08:00Z</time>
      </trkpt>
      <trkpt lat="65.25447" lon="15.02172">
        <time>2025-03-11T08:18:00Z</time>
      </trkpt>
      <trkpt lat="65.2597" lon="15.02301">
        <time>2025-03-11T08:28:00Z</time>
      </trkpt>
      <trkpt lat="65.26628" lon="15.02324">
        <time>2025-03-11T08:38:00Z</time>
      </trkpt>
      <trkpt lat="65.27335" lon="15.02007">
        <time>2025-03-11T08:48:00Z</time>
      </trkpt>
      <trkpt lat="65.27923" lon="15.02077">
        <time>2025-03-11T08:58:00Z</time>
      </trkpt>
      <trkpt lat="65.27962" lon="15.02116">
        <time>2025-03-11T09:08:00Z</time>
      </trkpt>
      <trkpt lat="65.286" lon="15.02322">
        <time>2025-03-11T09:18:00Z</time>
      </trkpt>
      <trkpt lat="65.29253" lon="15.02331">
        <time>2025-03-11T09:28:00Z</time>
      </trkpt>
      <trkpt lat="65.29742" lon="15.0241">
        <time>2025-03-11T09:38:00Z</time>
      </trkpt>
      <trkpt lat="65.30318" lon="15.0265">
        <time>2025-03-11T09:48:00Z</time>
      </trkpt>
      <trkpt lat="65.30991" lon="15.0344">
        <time>2025-03-11T09:58:00Z</time>
      </trkpt>
      <trkpt lat="65.31636" lon="15.04489">
        <time>2025-03-11T10:08:00Z</time>
      </trkpt>
      <trkpt lat="65.32319" lon="15.06038">
        <time>2025-03-11T10:18:00Z</time>
      </trkpt>
      <trkpt lat="65.32369" lon="15.06114">
        <time>2025-03-11T10:28:00Z</time>
      </trkpt>
      <trkpt lat="65.32682" lon="15.06474">
        <time>2025-03-11T10:38:00Z</time>
      </trkpt>
      <trkpt lat="65.33155" lon="15.06442">
        <time>2025-03-11T10:48:00Z</time>
      </trkpt>
      <trkpt lat="65.33407" lon="15.07691">
        <time>2025-03-11T10:58:00Z</time>
      </trkpt>
      <trkpt lat="65.33792" lon="15.09364">
        <time>2025-03-11T11:08:00Z</time>
      </trkpt>
      <trkpt lat="65.33994" lon="15.10259">
        <time>2025-03-11T11:18:00Z</time>
      </trkpt>
      <trkpt lat="65.33988" lon="15.10261">
        <time>2025-03-11T11:28:00Z</time>
      </trkpt>
      <trkpt lat="65.34115" lon="15.10002">
        <time>2025-03-11T12:08:00Z</time>
      </trkpt>
      <trkpt lat="65.34655" lon="15.09409">
        <time>2025-03-11T12:18:00Z</time>
      </trkpt>
      <trkpt lat="65.3482" lon="15.0936">
        <time>2025-03-11T12:28:00Z</time>
      </trkpt>
      <trkpt lat="65.35203" lon="15.09766">
        <time>2025-03-11T12:38:00Z</time>
      </trkpt>
      <trkpt lat="65.35736" lon="15.09918">
        <time>2025-03-11T12:48:00Z</time>
      </trkpt>
      <trkpt lat="65.36127" lon="15.09768">
        <time>2025-03-11T12:58:00Z</time>
      </trkpt>
      <trkpt lat="65.36322" lon="15.1039">
        <time>2025-03-11T13:08:00Z</time>
      </trkpt>
      <trkpt lat="65.36406" lon="15.11384">
        <time>2025-03-11T13:18:00Z</time>
      </trkpt>
      <trkpt lat="65.36574" lon="15.12195">
        <time>2025-03-11T13:28:00Z</time>
      </trkpt>
      <trkpt lat="65.36768" lon="15.13077">
        <time>2025-03-11T13:38:00Z</time>
      </trkpt>
      <trkpt lat="65.3693" lon="15.13783">
        <time>2025-03-11T13:48:00Z</time>
      </trkpt>
      <trkpt lat="65.37307" lon="15.14248">
        <time>2025-03-11T13:58:00Z</time>
      </trkpt>
      <trkpt lat="65.37445" lon="15.14401">
        <time>2025-03-11T14:08:00Z</time>
      </trkpt>
      <trkpt lat="65.37882" lon="15.14089">
        <time>2025-03-11T14:18:00Z</time>
      </trkpt>
      <trkpt lat="65.38278" lon="15.14098">
        <time>2025-03-11T14:28:00Z</time>
      </trkpt>
      <trkpt lat="65.38721" lon="15.14119">
        <time>2025-03-11T14:38:00Z</time>
      </trkpt>
      <trkpt lat="65.39089" lon="15.13707">
        <time>2025-03-11T14:48:00Z</time>
      </trkpt>
      <trkpt lat="65.39595" lon="15.13386">
        <time>2025-03-11T14:58:00Z</time>
      </trkpt>
      <trkpt lat="65.39821" lon="15.13778">
        <time>2025-03-11T15:08:00Z</time>
      </trkpt>
      <trkpt lat="65.40268" lon="15.14853">
        <time>2025-03-11T15:18:00Z</time>
      </trkpt>
      <trkpt lat="65.40675" lon="15.15922">
        <time>2025-03-11T15:28:00Z</time>
      </trkpt>
      <trkpt lat="65.41124" lon="15.17016">
        <time>2025-03-11T15:38:00Z</time>
      </trkpt>
      <trkpt lat="65.41506" lon="15.17917">
        <time>2025-03-11T15:48:00Z</time>
      </trkpt>
      <trkpt lat="65.41783" lon="15.18559">
        <time>2025-03-11T15:58:00Z</time>
      </trkpt>
      <trkpt lat="65.42265" lon="15.19711">
        <time>2025-03-11T16:08:00Z</time>
      </trkpt>
      <trkpt lat="65.42684" lon="15.2099">
        <time>2025-03-11T16:18:00Z</time>
      </trkpt>
      <trkpt lat="65.43158" lon="15.21939">
        <time>2025-03-11T16:28:00Z</time>
      </trkpt>
      <trkpt lat="65.43286" lon="15.22475">
        <time>2025-03-11T16:38:00Z</time>
      </trkpt>
      <trkpt lat="65.43539" lon="15.23567">
        <time>2025-03-11T16:48:00Z</time>
      </trkpt>
      <trkpt lat="65.43797" lon="15.23842">
        <time>2025-03-11T16:58:00Z</time>
      </trkpt>
      <trkpt lat="65.43799" lon="15.23835">
        <time>2025-03-11T16:59:00Z</time>
      </trkpt>
      <trkpt lat="65.43806" lon="15.23838">
        <time>2025-03-11T17:08:00Z</time>
      </trkpt>
      <trkpt lat="65.43806" lon="15.23851">
        <time>2025-03-12T06:33:00Z</time>
      </trkpt>
      <trkpt lat="65.43798" lon="15.23838">
        <time>2025-03-12T06:43:00Z</time>
      </trkpt>
      <trkpt lat="65.44649" lon="15.23848">
        <time>2025-03-12T07:43:00Z</time>
      </trkpt>
      <trkpt lat="65.45566" lon="15.25033">
        <time>2025-03-12T07:53:00Z</time>
      </trkpt>
      <trkpt lat="65.46099" lon="15.26267">
        <time>2025-03-12T08:03:00Z</time>
      </trkpt>
      <trkpt lat="65.47073" lon="15.29168">
        <time>2025-03-12T08:13:00Z</time>
      </trkpt>
      <trkpt lat="65.48253" lon="15.32867">
        <time>2025-03-12T08:23:00Z</time>
      </trkpt>
      <trkpt lat="65.49035" lon="15.35626">
        <time>2025-03-12T08:33:00Z</time>
      </trkpt>
      <trkpt lat="65.49614" lon="15.34204">
        <time>2025-03-12T08:43:00Z</time>
      </trkpt>
      <trkpt lat="65.49954" lon="15.345">
        <time>2025-03-12T08:53:00Z</time>
      </trkpt>
      <trkpt lat="65.50719" lon="15.33964">
        <time>2025-03-12T09:03:00Z</time>
      </trkpt>
      <trkpt lat="65.5173" lon="15.33041">
        <time>2025-03-12T09:13:00Z</time>
      </trkpt>
      <trkpt lat="65.52689" lon="15.31901">
        <time>2025-03-12T09:23:00Z</time>
      </trkpt>
      <trkpt lat="65.529" lon="15.31762">
        <time>2025-03-12T09:33:00Z</time>
      </trkpt>
      <trkpt lat="65.53918" lon="15.32198">
        <time>2025-03-12T09:43:00Z</time>
      </trkpt>
      <trkpt lat="65.54419" lon="15.31176">
        <time>2025-03-12T09:53:00Z</time>
      </trkpt>
      <trkpt lat="65.55362" lon="15.29972">
        <time>2025-03-12T10:03:00Z</time>
      </trkpt>
      <trkpt lat="65.55842" lon="15.29908">
        <time>2025-03-12T10:13:00Z</time>
      </trkpt>
      <trkpt lat="65.55851" lon="15.29846">
        <time>2025-03-12T10:23:00Z</time>
      </trkpt>
      <trkpt lat="65.55838" lon="15.28524">
        <time>2025-03-12T10:33:00Z</time>
      </trkpt>
      <trkpt lat="65.559" lon="15.2687">
        <time>2025-03-12T10:43:00Z</time>
      </trkpt>
      <trkpt lat="65.56083" lon="15.2429">
        <time>2025-03-12T10:53:00Z</time>
      </trkpt>
      <trkpt lat="65.55933" lon="15.22385">
        <time>2025-03-12T11:03:00Z</time>
      </trkpt>
      <trkpt lat="65.56727" lon="15.20765">
        <time>2025-03-12T11:13:00Z</time>
      </trkpt>
      <trkpt lat="65.57468" lon="15.19855">
        <time>2025-03-12T11:23:00Z</time>
      </trkpt>
      <trkpt lat="65.57586" lon="15.19486">
        <time>2025-03-12T11:33:00Z</time>
      </trkpt>
      <trkpt lat="65.57597" lon="15.19501">
        <time>2025-03-12T11:43:00Z</time>
      </trkpt>
      <trkpt lat="65.57688" lon="15.19042">
        <time>2025-03-12T12:03:00Z</time>
      </trkpt>
      <trkpt lat="65.57922" lon="15.1913">
        <time>2025-03-12T12:13:00Z</time>
      </trkpt>
      <trkpt lat="65.5836" lon="15.18823">
        <time>2025-03-12T12:23:00Z</time>
      </trkpt>
      <trkpt lat="65.59283" lon="15.20548">
        <time>2025-03-12T12:33:00Z</time>
      </trkpt>
      <trkpt lat="65.59564" lon="15.20213">
        <time>2025-03-12T12:43:00Z</time>
      </trkpt>
      <trkpt lat="65.60563" lon="15.17984">
        <time>2025-03-12T12:53:00Z</time>
      </trkpt>
      <trkpt lat="65.6153" lon="15.16782">
        <time>2025-03-12T13:03:00Z</time>
      </trkpt>
      <trkpt lat="65.62425" lon="15.16167">
        <time>2025-03-12T13:13:00Z</time>
      </trkpt>
      <trkpt lat="65.6345" lon="15.16036">
        <time>2025-03-12T13:23:00Z</time>
      </trkpt>
      <trkpt lat="65.63937" lon="15.15463">
        <time>2025-03-12T13:33:00Z</time>
      </trkpt>
      <trkpt lat="65.64105" lon="15.15216">
        <time>2025-03-12T13:43:00Z</time>
      </trkpt>
      <trkpt lat="65.64203" lon="15.14993">
        <time>2025-03-12T13:53:00Z</time>
      </trkpt>
      <trkpt lat="65.65055" lon="15.13405">
        <time>2025-03-12T14:03:00Z</time>
      </trkpt>
      <trkpt lat="65.65848" lon="15.12667">
        <time>2025-03-12T14:13:00Z</time>
      </trkpt>
      <trkpt lat="65.66077" lon="15.12933">
        <time>2025-03-12T14:23:00Z</time>
      </trkpt>
      <trkpt lat="65.66583" lon="15.12971">
        <time>2025-03-12T14:33:00Z</time>
      </trkpt>
      <trkpt lat="65.67113" lon="15.131">
        <time>2025-03-12T14:43:00Z</time>
      </trkpt>
      <trkpt lat="65.67569" lon="15.12789">
        <time>2025-03-12T14:53:00Z</time>
      </trkpt>
      <trkpt lat="65.6799" lon="15.12283">
        <time>2025-03-12T15:03:00Z</time>
      </trkpt>
      <trkpt lat="65.68548" lon="15.12283">
        <time>2025-03-12T15:13:00Z</time>
      </trkpt>
      <trkpt lat="65.69148" lon="15.11465">
        <time>2025-03-12T15:23:00Z</time>
      </trkpt>
      <trkpt lat="65.69743" lon="15.11079">
        <time>2025-03-12T15:33:00Z</time>
      </trkpt>
      <trkpt lat="65.70283" lon="15.10534">
        <time>2025-03-12T15:43:00Z</time>
      </trkpt>
      <trkpt lat="65.7028" lon="15.10525">
        <time>2025-03-12T15:53:00Z</time>
      </trkpt>
      <trkpt lat="65.70464" lon="15.10311">
        <time>2025-03-12T16:03:00Z</time>
      </trkpt>
      <trkpt lat="65.71097" lon="15.09781">
        <time>2025-03-12T16:13:00Z</time>
      </trkpt>
      <trkpt lat="65.71692" lon="15.09113">
        <time>2025-03-12T16:23:00Z</time>
      </trkpt>
      <trkpt lat="65.72115" lon="15.09352">
        <time>2025-03-12T16:33:00Z</time>
      </trkpt>
      <trkpt lat="65.72166" lon="15.09939">
        <time>2025-03-12T16:43:00Z</time>
      </trkpt>
      <trkpt lat="65.72191" lon="15.10036">
        <time>2025-03-12T16:53:00Z</time>
      </trkpt>
      <trkpt lat="65.72188" lon="15.10058">
        <time>2025-03-12T18:48:00Z</time>
      </trkpt>
      <trkpt lat="65.72191" lon="15.10034">
        <time>2025-03-13T06:50:00Z</time>
      </trkpt>
      <trkpt lat="65.7219" lon="15.1003">
        <time>2025-03-13T07:00:00Z</time>
      </trkpt>
      <trkpt lat="65.73219" lon="15.1212">
        <time>2025-03-13T07:28:00Z</time>
      </trkpt>
      <trkpt lat="65.72097" lon="15.10937">
        <time>2025-03-13T07:40:00Z</time>
      </trkpt>
      <trkpt lat="65.72409" lon="15.11111">
        <time>2025-03-13T07:50:00Z</time>
      </trkpt>
      <trkpt lat="65.72873" lon="15.10944">
        <time>2025-03-13T08:00:00Z</time>
      </trkpt>
      <trkpt lat="65.73403" lon="15.11083">
        <time>2025-03-13T08:10:00Z</time>
      </trkpt>
      <trkpt lat="65.73918" lon="15.12188">
        <time>2025-03-13T08:20:00Z</time>
      </trkpt>
      <trkpt lat="65.74433" lon="15.12489">
        <time>2025-03-13T08:30:00Z</time>
      </trkpt>
      <trkpt lat="65.75169" lon="15.12888">
        <time>2025-03-13T08:40:00Z</time>
      </trkpt>
      <trkpt lat="65.75772" lon="15.13029">
        <time>2025-03-13T08:50:00Z</time>
      </trkpt>
      <trkpt lat="65.75865" lon="15.12905">
        <time>2025-03-13T09:00:00Z</time>
      </trkpt>
      <trkpt lat="65.76471" lon="15.12042">
        <time>2025-03-13T09:10:00Z</time>
      </trkpt>
      <trkpt lat="65.77067" lon="15.11377">
        <time>2025-03-13T09:20:00Z</time>
      </trkpt>
      <trkpt lat="65.77615" lon="15.10794">
        <time>2025-03-13T09:30:00Z</time>
      </trkpt>
      <trkpt lat="65.78404" lon="15.10098">
        <time>2025-03-13T09:40:00Z</time>
      </trkpt>
      <trkpt lat="65.78553" lon="15.09972">
        <time>2025-03-13T09:50:00Z</time>
      </trkpt>
      <trkpt lat="65.78554" lon="15.09989">
        <time>2025-03-13T10:00:00Z</time>
      </trkpt>
      <trkpt lat="65.79118" lon="15.08976">
        <time>2025-03-13T10:20:00Z</time>
      </trkpt>
      <trkpt lat="65.79583" lon="15.0736">
        <time>2025-03-13T10:30:00Z</time>
      </trkpt>
      <trkpt lat="65.80118" lon="15.07369">
        <time>2025-03-13T10:40:00Z</time>
      </trkpt>
      <trkpt lat="65.80553" lon="15.07631">
        <time>2025-03-13T10:50:00Z</time>
      </trkpt>
      <trkpt lat="65.81112" lon="15.073">
        <time>2025-03-13T11:00:00Z</time>
      </trkpt>
      <trkpt lat="65.81454" lon="15.07762">
        <time>2025-03-13T11:10:00Z</time>
      </trkpt>
      <trkpt lat="65.81481" lon="15.08575">
        <time>2025-03-13T11:20:00Z</time>
      </trkpt>
      <trkpt lat="65.8173" lon="15.09113">
        <time>2025-03-13T11:30:00Z</time>
      </trkpt>
      <trkpt lat="65.81777" lon="15.09055">
        <time>2025-03-13T11:43:00Z</time>
      </trkpt>
      <trkpt lat="65.81751" lon="15.09116">
        <time>2025-03-13T11:52:00Z</time>
      </trkpt>
      <trkpt lat="65.81741" lon="15.09163">
        <time>2025-03-13T21:40:00Z</time>
      </trkpt>
      <trkpt lat="65.81751" lon="15.09137">
        <time>2025-03-13T21:50:00Z</time>
      </trkpt>
      <trkpt lat="65.81739" lon="15.09107">
        <time>2025-03-13T22:30:00Z</time>
      </trkpt>
      <trkpt lat="65.81748" lon="15.09146">
        <time>2025-03-13T22:40:00Z</time>
      </trkpt>
      <trkpt lat="65.81762" lon="15.09128">
        <time>2025-03-14T02:40:00Z</time>
      </trkpt>
      <trkpt lat="65.81738" lon="15.09055">
        <time>2025-03-14T06:38:00Z</time>
      </trkpt>
      <trkpt lat="65.81754" lon="15.0909">
        <time>2025-03-14T06:48:00Z</time>
      </trkpt>
      <trkpt lat="65.8175" lon="15.09118">
        <time>2025-03-14T09:23:00Z</time>
      </trkpt>
      <trkpt lat="65.81729" lon="15.09137">
        <time>2025-03-14T09:26:00Z</time>
      </trkpt>
      <trkpt lat="65.81752" lon="15.09382">
        <time>2025-03-14T09:33:00Z</time>
      </trkpt>
      <trkpt lat="65.81639" lon="15.09824">
        <time>2025-03-14T09:43:00Z</time>
      </trkpt>
      <trkpt lat="65.81516" lon="15.10422">
        <time>2025-03-14T09:53:00Z</time>
      </trkpt>
      <trkpt lat="65.81492" lon="15.11047">
        <time>2025-03-14T10:03:00Z</time>
      </trkpt>
      <trkpt lat="65.81444" lon="15.11718">
        <time>2025-03-14T10:13:00Z</time>
      </trkpt>
      <trkpt lat="65.81811" lon="15.11869">
        <time>2025-03-14T10:23:00Z</time>
      </trkpt>
      <trkpt lat="65.82149" lon="15.11019">
        <time>2025-03-14T10:33:00Z</time>
      </trkpt>
      <trkpt lat="65.82535" lon="15.10684">
        <time>2025-03-14T10:43:00Z</time>
      </trkpt>
      <trkpt lat="65.82848" lon="15.10317">
        <time>2025-03-14T10:53:00Z</time>
      </trkpt>
      <trkpt lat="65.83285" lon="15.10405">
        <time>2025-03-14T11:03:00Z</time>
      </trkpt>
      <trkpt lat="65.83537" lon="15.09836">
        <time>2025-03-14T11:13:00Z</time>
      </trkpt>
      <trkpt lat="65.83607" lon="15.09523">
        <time>2025-03-14T11:23:00Z</time>
      </trkpt>
      <trkpt lat="65.83688" lon="15.09107">
        <time>2025-03-14T11:33:00Z</time>
      </trkpt>
    </trkseg>
  </trk>
  <trk>
    <name>Klimpf→Hemavan · Mats Kall (village)</name>
    <trkseg>
      <trkpt lat="65.12148" lon="14.52411">
        <time>2025-03-10T11:25:00Z</time>
      </trkpt>
      <trkpt lat="65.12477" lon="14.52823">
        <time>2025-03-10T11:35:00Z</time>
      </trkpt>
      <trkpt lat="65.12952" lon="14.5309">
        <time>2025-03-10T11:45:00Z</time>
      </trkpt>
      <trkpt lat="65.13254" lon="14.53313">
        <time>2025-03-10T11:55:00Z</time>
      </trkpt>
      <trkpt lat="65.13815" lon="14.54096">
        <time>2025-03-10T12:05:00Z</time>
      </trkpt>
      <trkpt lat="65.14127" lon="14.55319">
        <time>2025-03-10T12:15:00Z</time>
      </trkpt>
      <trkpt lat="65.14174" lon="14.55463">
        <time>2025-03-10T12:25:00Z</time>
      </trkpt>
      <trkpt lat="65.14398" lon="14.55952">
        <time>2025-03-10T13:05:00Z</time>
      </trkpt>
      <trkpt lat="65.14816" lon="14.56467">
        <time>2025-03-10T13:15:00Z</time>
      </trkpt>
      <trkpt lat="65.15503" lon="14.57061">
        <time>2025-03-10T13:25:00Z</time>
      </trkpt>
      <trkpt lat="65.16112" lon="14.57596">
        <time>2025-03-10T13:35:00Z</time>
      </trkpt>
      <trkpt lat="65.16661" lon="14.57598">
        <time>2025-03-10T13:45:00Z</time>
      </trkpt>
      <trkpt lat="65.16866" lon="14.57647">
        <time>2025-03-10T13:55:00Z</time>
      </trkpt>
      <trkpt lat="65.17369" lon="14.5766">
        <time>2025-03-10T14:05:00Z</time>
      </trkpt>
      <trkpt lat="65.17894" lon="14.57106">
        <time>2025-03-10T14:15:00Z</time>
      </trkpt>
      <trkpt lat="65.18213" lon="14.56767">
        <time>2025-03-10T14:25:00Z</time>
      </trkpt>
      <trkpt lat="65.18219" lon="14.56727">
        <time>2025-03-10T14:35:00Z</time>
      </trkpt>
      <trkpt lat="65.18278" lon="14.56679">
        <time>2025-03-10T14:39:00Z</time>
      </trkpt>
      <trkpt lat="65.1828" lon="14.56667">
        <time>2025-03-10T14:40:00Z</time>
      </trkpt>
      <trkpt lat="65.18256" lon="14.56705">
        <time>2025-03-11T08:34:00Z</time>
      </trkpt>
      <trkpt lat="65.18255" lon="14.56709">
        <time>2025-03-11T08:34:00Z</time>
      </trkpt>
      <trkpt lat="65.18549" lon="14.56688">
        <time>2025-03-11T08:44:00Z</time>
      </trkpt>
      <trkpt lat="65.1873" lon="14.56707">
        <time>2025-03-11T08:54:00Z</time>
      </trkpt>
      <trkpt lat="65.18777" lon="14.56697">
        <time>2025-03-11T09:04:00Z</time>
      </trkpt>
      <trkpt lat="65.18962" lon="14.55986">
        <time>2025-03-11T10:04:00Z</time>
      </trkpt>
      <trkpt lat="65.19266" lon="14.55435">
        <time>2025-03-11T10:14:00Z</time>
      </trkpt>
      <trkpt lat="65.19606" lon="14.54759">
        <time>2025-03-11T10:24:00Z</time>
      </trkpt>
      <trkpt lat="65.19726" lon="14.54514">
        <time>2025-03-11T10:34:00Z</time>
      </trkpt>
      <trkpt lat="65.1987" lon="14.5454">
        <time>2025-03-11T10:44:00Z</time>
      </trkpt>
      <trkpt lat="65.20408" lon="14.53974">
        <time>2025-03-11T10:54:00Z</time>
      </trkpt>
      <trkpt lat="65.20902" lon="14.53338">
        <time>2025-03-11T11:04:00Z</time>
      </trkpt>
      <trkpt lat="65.21546" lon="14.52643">
        <time>2025-03-11T11:14:00Z</time>
      </trkpt>
      <trkpt lat="65.22112" lon="14.52302">
        <time>2025-03-11T11:24:00Z</time>
      </trkpt>
      <trkpt lat="65.2262" lon="14.51684">
        <time>2025-03-11T11:34:00Z</time>
      </trkpt>
      <trkpt lat="65.23278" lon="14.51195">
        <time>2025-03-11T11:44:00Z</time>
      </trkpt>
      <trkpt lat="65.23885" lon="14.50935">
        <time>2025-03-11T11:54:00Z</time>
      </trkpt>
      <trkpt lat="65.2425" lon="14.50598">
        <time>2025-03-11T12:04:00Z</time>
      </trkpt>
      <trkpt lat="65.24571" lon="14.50504">
        <time>2025-03-11T12:14:00Z</time>
      </trkpt>
      <trkpt lat="65.24976" lon="14.50276">
        <time>2025-03-11T12:24:00Z</time>
      </trkpt>
      <trkpt lat="65.25087" lon="14.50952">
        <time>2025-03-11T12:34:00Z</time>
      </trkpt>
      <trkpt lat="65.25137" lon="14.5151">
        <time>2025-03-11T12:44:00Z</time>
      </trkpt>
      <trkpt lat="65.25139" lon="14.51506">
        <time>2025-03-11T12:54:00Z</time>
      </trkpt>
      <trkpt lat="65.25106" lon="14.52227">
        <time>2025-03-11T13:34:00Z</time>
      </trkpt>
      <trkpt lat="65.25206" lon="14.52877">
        <time>2025-03-11T13:44:00Z</time>
      </trkpt>
      <trkpt lat="65.25285" lon="14.53326">
        <time>2025-03-11T13:54:00Z</time>
      </trkpt>
      <trkpt lat="65.25357" lon="14.53652">
        <time>2025-03-11T14:04:00Z</time>
      </trkpt>
      <trkpt lat="65.25405" lon="14.53888">
        <time>2025-03-11T14:14:00Z</time>
      </trkpt>
      <trkpt lat="65.25705" lon="14.54637">
        <time>2025-03-11T14:24:00Z</time>
      </trkpt>
      <trkpt lat="65.26344" lon="14.56049">
        <time>2025-03-11T14:34:00Z</time>
      </trkpt>
      <trkpt lat="65.27243" lon="14.5728">
        <time>2025-03-11T14:44:00Z</time>
      </trkpt>
      <trkpt lat="65.27989" lon="14.58184">
        <time>2025-03-11T14:54:00Z</time>
      </trkpt>
      <trkpt lat="65.28571" lon="14.58589">
        <time>2025-03-11T15:04:00Z</time>
      </trkpt>
      <trkpt lat="65.29285" lon="14.58881">
        <time>2025-03-11T15:14:00Z</time>
      </trkpt>
      <trkpt lat="65.29686" lon="14.59381">
        <time>2025-03-11T15:24:00Z</time>
      </trkpt>
      <trkpt lat="65.2998" lon="14.59866">
        <time>2025-03-11T15:34:00Z</time>
      </trkpt>
      <trkpt lat="65.30364" lon="14.60211">
        <time>2025-03-11T15:44:00Z</time>
      </trkpt>
      <trkpt lat="65.30592" lon="14.60711">
        <time>2025-03-11T15:54:00Z</time>
      </trkpt>
      <trkpt lat="65.30593" lon="14.60694">
        <time>2025-03-11T16:04:00Z</time>
      </trkpt>
      <trkpt lat="65.30502" lon="14.61728">
        <time>2025-03-11T16:14:00Z</time>
      </trkpt>
      <trkpt lat="65.3044" lon="14.62791">
        <time>2025-03-11T16:24:00Z</time>
      </trkpt>
      <trkpt lat="65.30613" lon="14.64694">
        <time>2025-03-11T16:34:00Z</time>
      </trkpt>
      <trkpt lat="65.30733" lon="14.66357">
        <time>2025-03-11T16:44:00Z</time>
      </trkpt>
      <trkpt lat="65.3055" lon="14.6732">
        <time>2025-03-11T16:54:00Z</time>
      </trkpt>
      <trkpt lat="65.3033" lon="14.68584">
        <time>2025-03-11T17:04:00Z</time>
      </trkpt>
      <trkpt lat="65.30336" lon="14.69033">
        <time>2025-03-11T17:14:00Z</time>
      </trkpt>
      <trkpt lat="65.30384" lon="14.70964">
        <time>2025-03-11T17:24:00Z</time>
      </trkpt>
      <trkpt lat="65.30391" lon="14.72371">
        <time>2025-03-11T17:34:00Z</time>
      </trkpt>
      <trkpt lat="65.30407" lon="14.72431">
        <time>2025-03-11T17:41:00Z</time>
      </trkpt>
      <trkpt lat="65.30414" lon="14.72431">
        <time>2025-03-11T17:42:00Z</time>
      </trkpt>
      <trkpt lat="65.30402" lon="14.72451">
        <time>2025-03-12T08:12:00Z</time>
      </trkpt>
      <trkpt lat="65.30808" lon="14.73627">
        <time>2025-03-12T08:22:00Z</time>
      </trkpt>
      <trkpt lat="65.31321" lon="14.74845">
        <time>2025-03-12T08:32:00Z</time>
      </trkpt>
      <trkpt lat="65.31537" lon="14.7589">
        <time>2025-03-12T08:42:00Z</time>
      </trkpt>
      <trkpt lat="65.32071" lon="14.77">
        <time>2025-03-12T08:52:00Z</time>
      </trkpt>
      <trkpt lat="65.32666" lon="14.77706">
        <time>2025-03-12T09:02:00Z</time>
      </trkpt>
      <trkpt lat="65.33002" lon="14.78459">
        <time>2025-03-12T09:12:00Z</time>
      </trkpt>
      <trkpt lat="65.33001" lon="14.78472">
        <time>2025-03-12T09:22:00Z</time>
      </trkpt>
      <trkpt lat="65.33213" lon="14.7907">
        <time>2025-03-12T09:32:00Z</time>
      </trkpt>
      <trkpt lat="65.33623" lon="14.78744">
        <time>2025-03-12T09:42:00Z</time>
      </trkpt>
      <trkpt lat="65.33858" lon="14.7854">
        <time>2025-03-12T09:52:00Z</time>
      </trkpt>
      <trkpt lat="65.33972" lon="14.78405">
        <time>2025-03-12T10:02:00Z</time>
      </trkpt>
      <trkpt lat="65.34146" lon="14.78352">
        <time>2025-03-12T10:12:00Z</time>
      </trkpt>
      <trkpt lat="65.34179" lon="14.78343">
        <time>2025-03-12T10:22:00Z</time>
      </trkpt>
      <trkpt lat="65.34287" lon="14.7838">
        <time>2025-03-12T10:32:00Z</time>
      </trkpt>
      <trkpt lat="65.34289" lon="14.78377">
        <time>2025-03-12T10:42:00Z</time>
      </trkpt>
      <trkpt lat="65.34341" lon="14.78122">
        <time>2025-03-12T11:42:00Z</time>
      </trkpt>
      <trkpt lat="65.34314" lon="14.7801">
        <time>2025-03-12T11:52:00Z</time>
      </trkpt>
      <trkpt lat="65.34441" lon="14.78071">
        <time>2025-03-12T12:52:00Z</time>
      </trkpt>
      <trkpt lat="65.34494" lon="14.78152">
        <time>2025-03-12T13:02:00Z</time>
      </trkpt>
      <trkpt lat="65.34736" lon="14.78307">
        <time>2025-03-12T13:22:00Z</time>
      </trkpt>
      <trkpt lat="65.3481" lon="14.78309">
        <time>2025-03-12T13:32:00Z</time>
      </trkpt>
      <trkpt lat="65.34906" lon="14.78337">
        <time>2025-03-12T13:42:00Z</time>
      </trkpt>
      <trkpt lat="65.34998" lon="14.78343">
        <time>2025-03-12T13:52:00Z</time>
      </trkpt>
      <trkpt lat="65.3514" lon="14.78259">
        <time>2025-03-12T14:02:00Z</time>
      </trkpt>
      <trkpt lat="65.35196" lon="14.78231">
        <time>2025-03-12T14:12:00Z</time>
      </trkpt>
      <trkpt lat="65.35376" lon="14.78071">
        <time>2025-03-12T14:22:00Z</time>
      </trkpt>
      <trkpt lat="65.35905" lon="14.78064">
        <time>2025-03-12T14:32:00Z</time>
      </trkpt>
      <trkpt lat="65.36675" lon="14.78165">
        <time>2025-03-12T14:42:00Z</time>
      </trkpt>
      <trkpt lat="65.36906" lon="14.78315">
        <time>2025-03-12T14:52:00Z</time>
      </trkpt>
      <trkpt lat="65.37202" lon="14.78774">
        <time>2025-03-12T15:02:00Z</time>
      </trkpt>
      <trkpt lat="65.37504" lon="14.79028">
        <time>2025-03-12T15:12:00Z</time>
      </trkpt>
      <trkpt lat="65.3809" lon="14.79283">
        <time>2025-03-12T15:22:00Z</time>
      </trkpt>
      <trkpt lat="65.40015" lon="14.79948">
        <time>2025-03-12T15:32:00Z</time>
      </trkpt>
      <trkpt lat="65.41095" lon="14.81019">
        <time>2025-03-12T15:42:00Z</time>
      </trkpt>
      <trkpt lat="65.41779" lon="14.80811">
        <time>2025-03-12T15:52:00Z</time>
      </trkpt>
      <trkpt lat="65.42106" lon="14.81484">
        <time>2025-03-12T16:02:00Z</time>
      </trkpt>
      <trkpt lat="65.42179" lon="14.81564">
        <time>2025-03-12T16:12:00Z</time>
      </trkpt>
      <trkpt lat="65.42304" lon="14.81201">
        <time>2025-03-12T16:22:00Z</time>
      </trkpt>
      <trkpt lat="65.42184" lon="14.81564">
        <time>2025-03-12T16:32:00Z</time>
      </trkpt>
      <trkpt lat="65.42129" lon="14.81605">
        <time>2025-03-12T16:33:00Z</time>
      </trkpt>
      <trkpt lat="65.4214" lon="14.81602">
        <time>2025-03-12T16:33:00Z</time>
      </trkpt>
      <trkpt lat="65.42167" lon="14.81611">
        <time>2025-03-13T09:01:00Z</time>
      </trkpt>
      <trkpt lat="65.42179" lon="14.816">
        <time>2025-03-13T09:01:00Z</time>
      </trkpt>
      <trkpt lat="65.42355" lon="14.82493">
        <time>2025-03-13T09:11:00Z</time>
      </trkpt>
      <trkpt lat="65.42379" lon="14.83802">
        <time>2025-03-13T09:21:00Z</time>
      </trkpt>
      <trkpt lat="65.42208" lon="14.8451">
        <time>2025-03-13T09:31:00Z</time>
      </trkpt>
      <trkpt lat="65.4231" lon="14.8587">
        <time>2025-03-13T09:41:00Z</time>
      </trkpt>
      <trkpt lat="65.42394" lon="14.86845">
        <time>2025-03-13T09:51:00Z</time>
      </trkpt>
      <trkpt lat="65.42578" lon="14.88164">
        <time>2025-03-13T10:01:00Z</time>
      </trkpt>
      <trkpt lat="65.42773" lon="14.89632">
        <time>2025-03-13T10:11:00Z</time>
      </trkpt>
      <trkpt lat="65.4308" lon="14.90979">
        <time>2025-03-13T10:21:00Z</time>
      </trkpt>
      <trkpt lat="65.43128" lon="14.9117">
        <time>2025-03-13T10:31:00Z</time>
      </trkpt>
      <trkpt lat="65.43202" lon="14.91327">
        <time>2025-03-13T10:41:00Z</time>
      </trkpt>
      <trkpt lat="65.43457" lon="14.91662">
        <time>2025-03-13T10:51:00Z</time>
      </trkpt>
      <trkpt lat="65.4368" lon="14.91883">
        <time>2025-03-13T11:01:00Z</time>
      </trkpt>
      <trkpt lat="65.43859" lon="14.92479">
        <time>2025-03-13T11:11:00Z</time>
      </trkpt>
      <trkpt lat="65.44229" lon="14.93593">
        <time>2025-03-13T11:21:00Z</time>
      </trkpt>
      <trkpt lat="65.44449" lon="14.94001">
        <time>2025-03-13T11:31:00Z</time>
      </trkpt>
      <trkpt lat="65.44876" lon="14.93387">
        <time>2025-03-13T11:41:00Z</time>
      </trkpt>
      <trkpt lat="65.45285" lon="14.92432">
        <time>2025-03-13T11:51:00Z</time>
      </trkpt>
      <trkpt lat="65.4577" lon="14.91587">
        <time>2025-03-13T12:01:00Z</time>
      </trkpt>
      <trkpt lat="65.4582" lon="14.91488">
        <time>2025-03-13T12:11:00Z</time>
      </trkpt>
      <trkpt lat="65.46188" lon="14.91078">
        <time>2025-03-13T13:01:00Z</time>
      </trkpt>
      <trkpt lat="65.46437" lon="14.90999">
        <time>2025-03-13T13:11:00Z</time>
      </trkpt>
      <trkpt lat="65.46786" lon="14.91203">
        <time>2025-03-13T13:21:00Z</time>
      </trkpt>
      <trkpt lat="65.47269" lon="14.91108">
        <time>2025-03-13T13:31:00Z</time>
      </trkpt>
      <trkpt lat="65.47576" lon="14.90909">
        <time>2025-03-13T13:41:00Z</time>
      </trkpt>
      <trkpt lat="65.48008" lon="14.90675">
        <time>2025-03-13T13:51:00Z</time>
      </trkpt>
      <trkpt lat="65.48142" lon="14.90516">
        <time>2025-03-13T14:01:00Z</time>
      </trkpt>
      <trkpt lat="65.48361" lon="14.89761">
        <time>2025-03-13T14:11:00Z</time>
      </trkpt>
      <trkpt lat="65.48801" lon="14.89001">
        <time>2025-03-13T14:21:00Z</time>
      </trkpt>
      <trkpt lat="65.49256" lon="14.89576">
        <time>2025-03-13T14:31:00Z</time>
      </trkpt>
      <trkpt lat="65.49805" lon="14.90402">
        <time>2025-03-13T14:41:00Z</time>
      </trkpt>
      <trkpt lat="65.4994" lon="14.9058">
        <time>2025-03-13T14:51:00Z</time>
      </trkpt>
      <trkpt lat="65.50227" lon="14.90844">
        <time>2025-03-13T15:01:00Z</time>
      </trkpt>
      <trkpt lat="65.50932" lon="14.91282">
        <time>2025-03-13T15:11:00Z</time>
      </trkpt>
      <trkpt lat="65.5159" lon="14.91788">
        <time>2025-03-13T15:21:00Z</time>
      </trkpt>
      <trkpt lat="65.52222" lon="14.92376">
        <time>2025-03-13T15:31:00Z</time>
      </trkpt>
      <trkpt lat="65.52379" lon="14.92582">
        <time>2025-03-13T15:41:00Z</time>
      </trkpt>
      <trkpt lat="65.52587" lon="14.93477">
        <time>2025-03-13T15:51:00Z</time>
      </trkpt>
      <trkpt lat="65.52828" lon="14.94475">
        <time>2025-03-13T16:01:00Z</time>
      </trkpt>
      <trkpt lat="65.53052" lon="14.95342">
        <time>2025-03-13T16:11:00Z</time>
      </trkpt>
      <trkpt lat="65.53314" lon="14.96247">
        <time>2025-03-13T16:21:00Z</time>
      </trkpt>
      <trkpt lat="65.53628" lon="14.97016">
        <time>2025-03-13T16:31:00Z</time>
      </trkpt>
      <trkpt lat="65.53864" lon="14.97548">
        <time>2025-03-13T16:41:00Z</time>
      </trkpt>
      <trkpt lat="65.54128" lon="14.98329">
        <time>2025-03-13T16:51:00Z</time>
      </trkpt>
      <trkpt lat="65.54128" lon="14.98335">
        <time>2025-03-13T17:01:00Z</time>
      </trkpt>
      <trkpt lat="65.54125" lon="14.98367">
        <time>2025-03-13T17:10:00Z</time>
      </trkpt>
      <trkpt lat="65.54225" lon="14.98595">
        <time>2025-03-14T07:45:00Z</time>
      </trkpt>
      <trkpt lat="65.54224" lon="14.98595">
        <time>2025-03-14T07:45:00Z</time>
      </trkpt>
      <trkpt lat="65.54517" lon="14.9958">
        <time>2025-03-14T07:55:00Z</time>
      </trkpt>
      <trkpt lat="65.55" lon="15.00796">
        <time>2025-03-14T08:05:00Z</time>
      </trkpt>
      <trkpt lat="65.55446" lon="15.02114">
        <time>2025-03-14T08:15:00Z</time>
      </trkpt>
      <trkpt lat="65.55952" lon="15.03597">
        <time>2025-03-14T08:25:00Z</time>
      </trkpt>
      <trkpt lat="65.5637" lon="15.0491">
        <time>2025-03-14T08:35:00Z</time>
      </trkpt>
      <trkpt lat="65.56669" lon="15.06347">
        <time>2025-03-14T08:45:00Z</time>
      </trkpt>
      <trkpt lat="65.56767" lon="15.07944">
        <time>2025-03-14T08:55:00Z</time>
      </trkpt>
      <trkpt lat="65.57172" lon="15.11461">
        <time>2025-03-14T09:05:00Z</time>
      </trkpt>
      <trkpt lat="65.57252" lon="15.11607">
        <time>2025-03-14T09:15:00Z</time>
      </trkpt>
      <trkpt lat="65.57449" lon="15.12358">
        <time>2025-03-14T09:25:00Z</time>
      </trkpt>
      <trkpt lat="65.57944" lon="15.14353">
        <time>2025-03-14T09:35:00Z</time>
      </trkpt>
      <trkpt lat="65.57764" lon="15.18525">
        <time>2025-03-14T09:45:00Z</time>
      </trkpt>
      <trkpt lat="65.5797" lon="15.19076">
        <time>2025-03-14T09:55:00Z</time>
      </trkpt>
      <trkpt lat="65.58473" lon="15.18965">
        <time>2025-03-14T10:05:00Z</time>
      </trkpt>
      <trkpt lat="65.59078" lon="15.20537">
        <time>2025-03-14T10:15:00Z</time>
      </trkpt>
      <trkpt lat="65.59679" lon="15.2113">
        <time>2025-03-14T10:25:00Z</time>
      </trkpt>
      <trkpt lat="65.60269" lon="15.21855">
        <time>2025-03-14T10:35:00Z</time>
      </trkpt>
      <trkpt lat="65.60643" lon="15.22445">
        <time>2025-03-14T10:45:00Z</time>
      </trkpt>
      <trkpt lat="65.61199" lon="15.23368">
        <time>2025-03-14T10:55:00Z</time>
      </trkpt>
      <trkpt lat="65.61752" lon="15.24099">
        <time>2025-03-14T11:05:00Z</time>
      </trkpt>
      <trkpt lat="65.62097" lon="15.23724">
        <time>2025-03-14T11:15:00Z</time>
      </trkpt>
      <trkpt lat="65.62669" lon="15.22844">
        <time>2025-03-14T11:25:00Z</time>
      </trkpt>
      <trkpt lat="65.63181" lon="15.21838">
        <time>2025-03-14T11:35:00Z</time>
      </trkpt>
      <trkpt lat="65.63284" lon="15.21591">
        <time>2025-03-14T11:45:00Z</time>
      </trkpt>
      <trkpt lat="65.63284" lon="15.21593">
        <time>2025-03-14T11:55:00Z</time>
      </trkpt>
      <trkpt lat="65.63751" lon="15.2055">
        <time>2025-03-14T12:35:00Z</time>
      </trkpt>
      <trkpt lat="65.64278" lon="15.19387">
        <time>2025-03-14T12:45:00Z</time>
      </trkpt>
      <trkpt lat="65.64701" lon="15.18248">
        <time>2025-03-14T12:55:00Z</time>
      </trkpt>
      <trkpt lat="65.65033" lon="15.17353">
        <time>2025-03-14T13:05:00Z</time>
      </trkpt>
      <trkpt lat="65.65313" lon="15.16621">
        <time>2025-03-14T13:15:00Z</time>
      </trkpt>
      <trkpt lat="65.65681" lon="15.15248">
        <time>2025-03-14T13:25:00Z</time>
      </trkpt>
      <trkpt lat="65.65891" lon="15.13849">
        <time>2025-03-14T13:35:00Z</time>
      </trkpt>
      <trkpt lat="65.66049" lon="15.12916">
        <time>2025-03-14T13:45:00Z</time>
      </trkpt>
      <trkpt lat="65.66152" lon="15.12989">
        <time>2025-03-14T13:55:00Z</time>
      </trkpt>
      <trkpt lat="65.66615" lon="15.12954">
        <time>2025-03-14T14:05:00Z</time>
      </trkpt>
      <trkpt lat="65.67061" lon="15.13107">
        <time>2025-03-14T14:15:00Z</time>
      </trkpt>
      <trkpt lat="65.67653" lon="15.12695">
        <time>2025-03-14T14:25:00Z</time>
      </trkpt>
      <trkpt lat="65.68193" lon="15.12216">
        <time>2025-03-14T14:35:00Z</time>
      </trkpt>
      <trkpt lat="65.68609" lon="15.12261">
        <time>2025-03-14T14:45:00Z</time>
      </trkpt>
      <trkpt lat="65.69147" lon="15.11454">
        <time>2025-03-14T14:55:00Z</time>
      </trkpt>
      <trkpt lat="65.6924" lon="15.11163">
        <time>2025-03-14T15:05:00Z</time>
      </trkpt>
      <trkpt lat="65.69874" lon="15.1103">
        <time>2025-03-14T15:15:00Z</time>
      </trkpt>
      <trkpt lat="65.70351" lon="15.10446">
        <time>2025-03-14T15:25:00Z</time>
      </trkpt>
      <trkpt lat="65.70772" lon="15.09899">
        <time>2025-03-14T15:35:00Z</time>
      </trkpt>
      <trkpt lat="65.708" lon="15.09736">
        <time>2025-03-14T15:45:00Z</time>
      </trkpt>
      <trkpt lat="65.70797" lon="15.09744">
        <time>2025-03-14T15:51:00Z</time>
      </trkpt>
      <trkpt lat="65.70799" lon="15.0974">
        <time>2025-03-14T15:52:00Z</time>
      </trkpt>
      <trkpt lat="65.70795" lon="15.09922">
        <time>2025-03-15T09:05:00Z</time>
      </trkpt>
      <trkpt lat="65.7079" lon="15.0992">
        <time>2025-03-15T09:05:00Z</time>
      </trkpt>
      <trkpt lat="65.71281" lon="15.09375">
        <time>2025-03-15T09:15:00Z</time>
      </trkpt>
      <trkpt lat="65.71505" lon="15.09467">
        <time>2025-03-15T09:25:00Z</time>
      </trkpt>
      <trkpt lat="65.71758" lon="15.09032">
        <time>2025-03-15T09:35:00Z</time>
      </trkpt>
      <trkpt lat="65.72172" lon="15.09622">
        <time>2025-03-15T09:45:00Z</time>
      </trkpt>
      <trkpt lat="65.72095" lon="15.11111">
        <time>2025-03-15T09:55:00Z</time>
      </trkpt>
      <trkpt lat="65.72583" lon="15.10903">
        <time>2025-03-15T10:05:00Z</time>
      </trkpt>
      <trkpt lat="65.73407" lon="15.111">
        <time>2025-03-15T10:15:00Z</time>
      </trkpt>
      <trkpt lat="65.73724" lon="15.11703">
        <time>2025-03-15T10:25:00Z</time>
      </trkpt>
      <trkpt lat="65.73768" lon="15.12002">
        <time>2025-03-15T10:35:00Z</time>
      </trkpt>
      <trkpt lat="65.74293" lon="15.12431">
        <time>2025-03-15T10:45:00Z</time>
      </trkpt>
      <trkpt lat="65.74894" lon="15.1277">
        <time>2025-03-15T10:55:00Z</time>
      </trkpt>
      <trkpt lat="65.75493" lon="15.12965">
        <time>2025-03-15T11:05:00Z</time>
      </trkpt>
      <trkpt lat="65.75986" lon="15.12763">
        <time>2025-03-15T11:15:00Z</time>
      </trkpt>
      <trkpt lat="65.76426" lon="15.12126">
        <time>2025-03-15T11:25:00Z</time>
      </trkpt>
      <trkpt lat="65.76528" lon="15.11933">
        <time>2025-03-15T11:35:00Z</time>
      </trkpt>
      <trkpt lat="65.77029" lon="15.1139">
        <time>2025-03-15T11:45:00Z</time>
      </trkpt>
      <trkpt lat="65.77461" lon="15.10836">
        <time>2025-03-15T11:55:00Z</time>
      </trkpt>
      <trkpt lat="65.77864" lon="15.10332">
        <time>2025-03-15T12:05:00Z</time>
      </trkpt>
      <trkpt lat="65.7843" lon="15.10092">
        <time>2025-03-15T12:15:00Z</time>
      </trkpt>
      <trkpt lat="65.78955" lon="15.0936">
        <time>2025-03-15T12:25:00Z</time>
      </trkpt>
      <trkpt lat="65.79168" lon="15.08545">
        <time>2025-03-15T12:35:00Z</time>
      </trkpt>
      <trkpt lat="65.79345" lon="15.07929">
        <time>2025-03-15T12:45:00Z</time>
      </trkpt>
      <trkpt lat="65.79782" lon="15.07165">
        <time>2025-03-15T12:55:00Z</time>
      </trkpt>
      <trkpt lat="65.80238" lon="15.07564">
        <time>2025-03-15T13:05:00Z</time>
      </trkpt>
      <trkpt lat="65.80834" lon="15.07581">
        <time>2025-03-15T13:15:00Z</time>
      </trkpt>
      <trkpt lat="65.81063" lon="15.07294">
        <time>2025-03-15T13:25:00Z</time>
      </trkpt>
      <trkpt lat="65.81298" lon="15.07586">
        <time>2025-03-15T13:35:00Z</time>
      </trkpt>
      <trkpt lat="65.8148" lon="15.08547">
        <time>2025-03-15T13:45:00Z</time>
      </trkpt>
      <trkpt lat="65.81775" lon="15.09036">
        <time>2025-03-15T13:55:00Z</time>
      </trkpt>
      <trkpt lat="65.81759" lon="15.0909">
        <time>2025-03-15T13:58:00Z</time>
      </trkpt>
      <trkpt lat="65.81748" lon="15.09088">
        <time>2025-03-15T13:58:00Z</time>
      </trkpt>
      <trkpt lat="65.81675" lon="15.09184">
        <time>2025-03-17T08:36:00Z</time>
      </trkpt>
      <trkpt lat="65.81685" lon="15.09176">
        <time>2025-03-17T08:36:00Z</time>
      </trkpt>
      <trkpt lat="65.81661" lon="15.09729">
        <time>2025-03-17T08:46:00Z</time>
      </trkpt>
      <trkpt lat="65.81495" lon="15.10495">
        <time>2025-03-17T08:56:00Z</time>
      </trkpt>
      <trkpt lat="65.8149" lon="15.11068">
        <time>2025-03-17T09:06:00Z</time>
      </trkpt>
      <trkpt lat="65.81473" lon="15.11806">
        <time>2025-03-17T09:16:00Z</time>
      </trkpt>
      <trkpt lat="65.81768" lon="15.11984">
        <time>2025-03-17T09:26:00Z</time>
      </trkpt>
      <trkpt lat="65.82077" lon="15.11386">
        <time>2025-03-17T09:36:00Z</time>
      </trkpt>
      <trkpt lat="65.82545" lon="15.10665">
        <time>2025-03-17T09:46:00Z</time>
      </trkpt>
      <trkpt lat="65.82899" lon="15.10289">
        <time>2025-03-17T09:56:00Z</time>
      </trkpt>
      <trkpt lat="65.83209" lon="15.10405">
        <time>2025-03-17T10:06:00Z</time>
      </trkpt>
      <trkpt lat="65.83413" lon="15.10287">
        <time>2025-03-17T10:16:00Z</time>
      </trkpt>
      <trkpt lat="65.83644" lon="15.09274">
        <time>2025-03-17T10:26:00Z</time>
      </trkpt>
    </trkseg>
  </trk>
  <trk>
    <name>Klimpf→Hemavan · Christian Kämmer (village)</name>
    <trkseg>
      <trkpt lat="65.05817" lon="14.79568">
        <time>2025-03-17T15:15:00Z</time>
      </trkpt>
      <trkpt lat="65.06339" lon="14.80948">
        <time>2025-03-17T15:25:00Z</time>
      </trkpt>
      <trkpt lat="65.06353" lon="14.80993">
        <time>2025-03-17T15:35:00Z</time>
      </trkpt>
      <trkpt lat="65.06303" lon="14.80886">
        <time>2025-03-17T15:57:00Z</time>
      </trkpt>
      <trkpt lat="65.06337" lon="14.81017">
        <time>2025-03-19T06:27:00Z</time>
      </trkpt>
      <trkpt lat="65.0643" lon="14.83772">
        <time>2025-03-19T06:37:00Z</time>
      </trkpt>
      <trkpt lat="65.06102" lon="14.85669">
        <time>2025-03-19T06:47:00Z</time>
      </trkpt>
      <trkpt lat="65.05628" lon="14.90091">
        <time>2025-03-19T06:57:00Z</time>
      </trkpt>
      <trkpt lat="65.05428" lon="14.94069">
        <time>2025-03-19T07:07:00Z</time>
      </trkpt>
      <trkpt lat="65.0566" lon="14.98335">
        <time>2025-03-19T07:17:00Z</time>
      </trkpt>
      <trkpt lat="65.05981" lon="15.02826">
        <time>2025-03-19T07:27:00Z</time>
      </trkpt>
      <trkpt lat="65.06135" lon="15.05792">
        <time>2025-03-19T07:37:00Z</time>
      </trkpt>
      <trkpt lat="65.06447" lon="15.06332">
        <time>2025-03-19T07:47:00Z</time>
      </trkpt>
      <trkpt lat="65.06909" lon="15.08038">
        <time>2025-03-19T07:57:00Z</time>
      </trkpt>
      <trkpt lat="65.07525" lon="15.08611">
        <time>2025-03-19T08:07:00Z</time>
      </trkpt>
      <trkpt lat="65.08326" lon="15.0904">
        <time>2025-03-19T08:17:00Z</time>
      </trkpt>
      <trkpt lat="65.08697" lon="15.08676">
        <time>2025-03-19T08:27:00Z</time>
      </trkpt>
      <trkpt lat="65.08991" lon="15.08967">
        <time>2025-03-19T08:37:00Z</time>
      </trkpt>
      <trkpt lat="65.09735" lon="15.08118">
        <time>2025-03-19T08:47:00Z</time>
      </trkpt>
      <trkpt lat="65.10394" lon="15.08056">
        <time>2025-03-19T08:57:00Z</time>
      </trkpt>
      <trkpt lat="65.1121" lon="15.07004">
        <time>2025-03-19T09:07:00Z</time>
      </trkpt>
      <trkpt lat="65.11958" lon="15.05302">
        <time>2025-03-19T09:17:00Z</time>
      </trkpt>
      <trkpt lat="65.12742" lon="15.03895">
        <time>2025-03-19T09:27:00Z</time>
      </trkpt>
      <trkpt lat="65.13727" lon="15.02964">
        <time>2025-03-19T09:37:00Z</time>
      </trkpt>
      <trkpt lat="65.14168" lon="15.03174">
        <time>2025-03-19T09:47:00Z</time>
      </trkpt>
      <trkpt lat="65.14211" lon="15.03159">
        <time>2025-03-19T09:57:00Z</time>
      </trkpt>
      <trkpt lat="65.14431" lon="15.0379">
        <time>2025-03-19T10:07:00Z</time>
      </trkpt>
      <trkpt lat="65.14968" lon="15.0423">
        <time>2025-03-19T10:17:00Z</time>
      </trkpt>
      <trkpt lat="65.15794" lon="15.05802">
        <time>2025-03-19T10:27:00Z</time>
      </trkpt>
      <trkpt lat="65.16562" lon="15.06019">
        <time>2025-03-19T10:37:00Z</time>
      </trkpt>
      <trkpt lat="65.17347" lon="15.06564">
        <time>2025-03-19T10:47:00Z</time>
      </trkpt>
      <trkpt lat="65.17901" lon="15.07392">
        <time>2025-03-19T10:57:00Z</time>
      </trkpt>
      <trkpt lat="65.18057" lon="15.07448">
        <time>2025-03-19T11:07:00Z</time>
      </trkpt>
      <trkpt lat="65.18875" lon="15.06813">
        <time>2025-03-19T11:17:00Z</time>
      </trkpt>
      <trkpt lat="65.19765" lon="15.06109">
        <time>2025-03-19T11:27:00Z</time>
      </trkpt>
      <trkpt lat="65.20679" lon="15.05401">
        <time>2025-03-19T11:37:00Z</time>
      </trkpt>
      <trkpt lat="65.21394" lon="15.04828">
        <time>2025-03-19T11:47:00Z</time>
      </trkpt>
      <trkpt lat="65.21976" lon="15.04378">
        <time>2025-03-19T11:57:00Z</time>
      </trkpt>
      <trkpt lat="65.22882" lon="15.03652">
        <time>2025-03-19T12:07:00Z</time>
      </trkpt>
      <trkpt lat="65.2384" lon="15.02989">
        <time>2025-03-19T12:17:00Z</time>
      </trkpt>
      <trkpt lat="65.2475" lon="15.02384">
        <time>2025-03-19T12:27:00Z</time>
      </trkpt>
      <trkpt lat="65.256" lon="15.0215">
        <time>2025-03-19T12:37:00Z</time>
      </trkpt>
      <trkpt lat="65.26584" lon="15.02045">
        <time>2025-03-19T12:47:00Z</time>
      </trkpt>
      <trkpt lat="65.27415" lon="15.02092">
        <time>2025-03-19T12:57:00Z</time>
      </trkpt>
      <trkpt lat="65.28176" lon="15.02116">
        <time>2025-03-19T13:07:00Z</time>
      </trkpt>
      <trkpt lat="65.28697" lon="15.02788">
        <time>2025-03-19T13:17:00Z</time>
      </trkpt>
      <trkpt lat="65.28746" lon="15.02753">
        <time>2025-03-19T13:27:00Z</time>
      </trkpt>
      <trkpt lat="65.29549" lon="15.02363">
        <time>2025-03-19T13:37:00Z</time>
      </trkpt>
      <trkpt lat="65.30542" lon="15.02775">
        <time>2025-03-19T13:47:00Z</time>
      </trkpt>
      <trkpt lat="65.31317" lon="15.04015">
        <time>2025-03-19T13:57:00Z</time>
      </trkpt>
      <trkpt lat="65.3236" lon="15.06114">
        <time>2025-03-19T14:07:00Z</time>
      </trkpt>
      <trkpt lat="65.33237" lon="15.07375">
        <time>2025-03-19T14:17:00Z</time>
      </trkpt>
      <trkpt lat="65.33242" lon="15.07789">
        <time>2025-03-19T14:27:00Z</time>
      </trkpt>
      <trkpt lat="65.3341" lon="15.09118">
        <time>2025-03-19T14:37:00Z</time>
      </trkpt>
      <trkpt lat="65.33874" lon="15.10169">
        <time>2025-03-19T14:47:00Z</time>
      </trkpt>
      <trkpt lat="65.34198" lon="15.11015">
        <time>2025-03-19T14:57:00Z</time>
      </trkpt>
      <trkpt lat="65.34784" lon="15.10332">
        <time>2025-03-19T15:07:00Z</time>
      </trkpt>
      <trkpt lat="65.35169" lon="15.11723">
        <time>2025-03-19T15:17:00Z</time>
      </trkpt>
      <trkpt lat="65.35516" lon="15.11946">
        <time>2025-03-19T15:27:00Z</time>
      </trkpt>
      <trkpt lat="65.35723" lon="15.11967">
        <time>2025-03-19T15:37:00Z</time>
      </trkpt>
      <trkpt lat="65.35978" lon="15.1216">
        <time>2025-03-19T15:47:00Z</time>
      </trkpt>
      <trkpt lat="65.36114" lon="15.13413">
        <time>2025-03-19T15:57:00Z</time>
      </trkpt>
      <trkpt lat="65.36421" lon="15.14049">
        <time>2025-03-19T16:07:00Z</time>
      </trkpt>
      <trkpt lat="65.36791" lon="15.1413">
        <time>2025-03-19T16:17:00Z</time>
      </trkpt>
      <trkpt lat="65.37023" lon="15.15394">
        <time>2025-03-19T16:27:00Z</time>
      </trkpt>
      <trkpt lat="65.37354" lon="15.14933">
        <time>2025-03-19T16:37:00Z</time>
      </trkpt>
      <trkpt lat="65.3778" lon="15.14201">
        <time>2025-03-19T16:47:00Z</time>
      </trkpt>
      <trkpt lat="65.38384" lon="15.14467">
        <time>2025-03-19T16:57:00Z</time>
      </trkpt>
      <trkpt lat="65.38804" lon="15.14428">
        <time>2025-03-19T17:07:00Z</time>
      </trkpt>
      <trkpt lat="65.3896" lon="15.14948">
        <time>2025-03-19T17:17:00Z</time>
      </trkpt>
      <trkpt lat="65.39294" lon="15.16038">
        <time>2025-03-19T17:27:00Z</time>
      </trkpt>
      <trkpt lat="65.39674" lon="15.16707">
        <time>2025-03-19T17:37:00Z</time>
      </trkpt>
      <trkpt lat="65.39748" lon="15.16834">
        <time>2025-03-19T17:47:00Z</time>
      </trkpt>
      <trkpt lat="65.4048" lon="15.17823">
        <time>2025-03-19T17:57:00Z</time>
      </trkpt>
      <trkpt lat="65.41127" lon="15.18932">
        <time>2025-03-19T18:07:00Z</time>
      </trkpt>
      <trkpt lat="65.41857" lon="15.20297">
        <time>2025-03-19T18:17:00Z</time>
      </trkpt>
      <trkpt lat="65.42729" lon="15.21544">
        <time>2025-03-19T18:27:00Z</time>
      </trkpt>
      <trkpt lat="65.43259" lon="15.22381">
        <time>2025-03-19T18:37:00Z</time>
      </trkpt>
      <trkpt lat="65.43296" lon="15.2328">
        <time>2025-03-19T18:47:00Z</time>
      </trkpt>
      <trkpt lat="65.43312" lon="15.23226">
        <time>2025-03-20T06:35:00Z</time>
      </trkpt>
      <trkpt lat="65.43875" lon="15.23582">
        <time>2025-03-20T06:45:00Z</time>
      </trkpt>
      <trkpt lat="65.44753" lon="15.24209">
        <time>2025-03-20T06:55:00Z</time>
      </trkpt>
      <trkpt lat="65.45585" lon="15.25035">
        <time>2025-03-20T07:05:00Z</time>
      </trkpt>
      <trkpt lat="65.46181" lon="15.26631">
        <time>2025-03-20T07:15:00Z</time>
      </trkpt>
      <trkpt lat="65.47065" lon="15.29191">
        <time>2025-03-20T07:25:00Z</time>
      </trkpt>
      <trkpt lat="65.48373" lon="15.33225">
        <time>2025-03-20T07:35:00Z</time>
      </trkpt>
      <trkpt lat="65.49203" lon="15.3515">
        <time>2025-03-20T07:45:00Z</time>
      </trkpt>
      <trkpt lat="65.49193" lon="15.35148">
        <time>2025-03-20T07:55:00Z</time>
      </trkpt>
      <trkpt lat="65.4997" lon="15.34498">
        <time>2025-03-20T08:05:00Z</time>
      </trkpt>
      <trkpt lat="65.51421" lon="15.33549">
        <time>2025-03-20T08:15:00Z</time>
      </trkpt>
      <trkpt lat="65.52635" lon="15.31916">
        <time>2025-03-20T08:25:00Z</time>
      </trkpt>
      <trkpt lat="65.53925" lon="15.32202">
        <time>2025-03-20T08:35:00Z</time>
      </trkpt>
      <trkpt lat="65.54625" lon="15.30762">
        <time>2025-03-20T08:45:00Z</time>
      </trkpt>
      <trkpt lat="65.55899" lon="15.30007">
        <time>2025-03-20T08:55:00Z</time>
      </trkpt>
      <trkpt lat="65.56677" lon="15.30472">
        <time>2025-03-20T09:05:00Z</time>
      </trkpt>
      <trkpt lat="65.57743" lon="15.29672">
        <time>2025-03-20T09:15:00Z</time>
      </trkpt>
      <trkpt lat="65.57824" lon="15.29741">
        <time>2025-03-20T09:25:00Z</time>
      </trkpt>
      <trkpt lat="65.58271" lon="15.28567">
        <time>2025-03-20T09:35:00Z</time>
      </trkpt>
      <trkpt lat="65.58492" lon="15.28022">
        <time>2025-03-20T09:45:00Z</time>
      </trkpt>
      <trkpt lat="65.58678" lon="15.27292">
        <time>2025-03-20T09:55:00Z</time>
      </trkpt>
      <trkpt lat="65.59239" lon="15.2555">
        <time>2025-03-20T10:05:00Z</time>
      </trkpt>
      <trkpt lat="65.59675" lon="15.24623">
        <time>2025-03-20T10:15:00Z</time>
      </trkpt>
      <trkpt lat="65.60272" lon="15.23419">
        <time>2025-03-20T10:25:00Z</time>
      </trkpt>
      <trkpt lat="65.60799" lon="15.22432">
        <time>2025-03-20T10:35:00Z</time>
      </trkpt>
      <trkpt lat="65.61049" lon="15.22009">
        <time>2025-03-20T10:45:00Z</time>
      </trkpt>
      <trkpt lat="65.61617" lon="15.20945">
        <time>2025-03-20T10:55:00Z</time>
      </trkpt>
      <trkpt lat="65.62152" lon="15.19943">
        <time>2025-03-20T11:05:00Z</time>
      </trkpt>
      <trkpt lat="65.6269" lon="15.1896">
        <time>2025-03-20T11:15:00Z</time>
      </trkpt>
      <trkpt lat="65.63197" lon="15.18074">
        <time>2025-03-20T11:25:00Z</time>
      </trkpt>
      <trkpt lat="65.6375" lon="15.17143">
        <time>2025-03-20T11:35:00Z</time>
      </trkpt>
      <trkpt lat="65.6433" lon="15.16317">
        <time>2025-03-20T11:45:00Z</time>
      </trkpt>
      <trkpt lat="65.64965" lon="15.15523">
        <time>2025-03-20T11:55:00Z</time>
      </trkpt>
      <trkpt lat="65.65597" lon="15.14765">
        <time>2025-03-20T12:05:00Z</time>
      </trkpt>
      <trkpt lat="65.65825" lon="15.14617">
        <time>2025-03-20T12:15:00Z</time>
      </trkpt>
      <trkpt lat="65.65825" lon="15.14624">
        <time>2025-03-20T12:25:00Z</time>
      </trkpt>
      <trkpt lat="65.6591" lon="15.13321">
        <time>2025-03-20T12:45:00Z</time>
      </trkpt>
      <trkpt lat="65.66275" lon="15.13021">
        <time>2025-03-20T12:55:00Z</time>
      </trkpt>
      <trkpt lat="65.66792" lon="15.12965">
        <time>2025-03-20T13:05:00Z</time>
      </trkpt>
      <trkpt lat="65.67368" lon="15.12952">
        <time>2025-03-20T13:15:00Z</time>
      </trkpt>
      <trkpt lat="65.67948" lon="15.12334">
        <time>2025-03-20T13:25:00Z</time>
      </trkpt>
      <trkpt lat="65.6847" lon="15.12298">
        <time>2025-03-20T13:35:00Z</time>
      </trkpt>
      <trkpt lat="65.69066" lon="15.11759">
        <time>2025-03-20T13:45:00Z</time>
      </trkpt>
      <trkpt lat="65.69517" lon="15.10997">
        <time>2025-03-20T13:55:00Z</time>
      </trkpt>
      <trkpt lat="65.70089" lon="15.10701">
        <time>2025-03-20T14:05:00Z</time>
      </trkpt>
      <trkpt lat="65.70486" lon="15.10285">
        <time>2025-03-20T14:15:00Z</time>
      </trkpt>
      <trkpt lat="65.71066" lon="15.09843">
        <time>2025-03-20T14:25:00Z</time>
      </trkpt>
      <trkpt lat="65.7106" lon="15.09794">
        <time>2025-03-20T14:35:00Z</time>
      </trkpt>
      <trkpt lat="65.71742" lon="15.09038">
        <time>2025-03-20T14:45:00Z</time>
      </trkpt>
      <trkpt lat="65.72098" lon="15.10321">
        <time>2025-03-20T14:55:00Z</time>
      </trkpt>
      <trkpt lat="65.72624" lon="15.10875">
        <time>2025-03-20T15:05:00Z</time>
      </trkpt>
      <trkpt lat="65.7348" lon="15.11236">
        <time>2025-03-20T15:15:00Z</time>
      </trkpt>
      <trkpt lat="65.74098" lon="15.12281">
        <time>2025-03-20T15:25:00Z</time>
      </trkpt>
      <trkpt lat="65.75161" lon="15.12931">
        <time>2025-03-20T15:35:00Z</time>
      </trkpt>
      <trkpt lat="65.75741" lon="15.13074">
        <time>2025-03-20T15:45:00Z</time>
      </trkpt>
      <trkpt lat="65.76391" lon="15.12233">
        <time>2025-03-20T15:55:00Z</time>
      </trkpt>
      <trkpt lat="65.77012" lon="15.11396">
        <time>2025-03-20T16:05:00Z</time>
      </trkpt>
      <trkpt lat="65.77763" lon="15.11216">
        <time>2025-03-20T16:15:00Z</time>
      </trkpt>
      <trkpt lat="65.78523" lon="15.10751">
        <time>2025-03-20T16:25:00Z</time>
      </trkpt>
      <trkpt lat="65.79242" lon="15.10272">
        <time>2025-03-20T16:35:00Z</time>
      </trkpt>
      <trkpt lat="65.79816" lon="15.09633">
        <time>2025-03-20T16:45:00Z</time>
      </trkpt>
      <trkpt lat="65.80473" lon="15.09163">
        <time>2025-03-20T16:55:00Z</time>
      </trkpt>
      <trkpt lat="65.81106" lon="15.08856">
        <time>2025-03-20T17:05:00Z</time>
      </trkpt>
      <trkpt lat="65.81745" lon="15.08729">
        <time>2025-03-20T17:15:00Z</time>
      </trkpt>
      <trkpt lat="65.81737" lon="15.09118">
        <time>2025-03-20T17:26:00Z</time>
      </trkpt>
      <trkpt lat="65.8176" lon="15.0904">
        <time>2025-03-20T17:32:00Z</time>
      </trkpt>
      <trkpt lat="65.8177" lon="15.09081">
        <time>2025-03-21T07:27:00Z</time>
      </trkpt>
      <trkpt lat="65.81696" lon="15.09671">
        <time>2025-03-21T07:37:00Z</time>
      </trkpt>
      <trkpt lat="65.81457" lon="15.10699">
        <time>2025-03-21T07:47:00Z</time>
      </trkpt>
      <trkpt lat="65.81442" lon="15.11755">
        <time>2025-03-21T07:57:00Z</time>
      </trkpt>
      <trkpt lat="65.81824" lon="15.11847">
        <time>2025-03-21T08:07:00Z</time>
      </trkpt>
      <trkpt lat="65.82256" lon="15.1083">
        <time>2025-03-21T08:17:00Z</time>
      </trkpt>
      <trkpt lat="65.82884" lon="15.10298">
        <time>2025-03-21T08:27:00Z</time>
      </trkpt>
      <trkpt lat="65.83131" lon="15.10369">
        <time>2025-03-21T08:37:00Z</time>
      </trkpt>
      <trkpt lat="65.83535" lon="15.09847">
        <time>2025-03-21T08:47:00Z</time>
      </trkpt>
    </trkseg>
  </trk>
</gpx>
