<?xml version="1.0" encoding="UTF-8"?>
<gpx xmlns="http://www.topografix.com/GPX/1/1" version="1.1" creator="VitaBandet section">
  <metadata>
    <name>Section 5 — Kvikkjokk → Abisko</name>
    <desc>Section 5 of Vita Bandet 2028 — Kvikkjokk → Abisko. Sources: 2028-plan-kvikkjokk-abisko.gpx, 2028-plan-kvikkjokk-abisko.gpx.</desc>
  </metadata>
  <trk>
    <name>Section 5</name>
    <trkseg>
      <name>§5  Kvikkjokk → Sälka (Padjelanta-west / Ritsem)</name>
      <trkpt lat="66.95184264" lon="17.72010153">
        <time>2028-03-29T13:29:16Z</time>
      </trkpt>
      <trkpt lat="66.95149991" lon="17.71992258">
        <time>2028-03-29T13:31:59Z</time>
      </trkpt>
      <trkpt lat="66.95146319" lon="17.71909461">
        <time>2028-03-29T13:34:32Z</time>
      </trkpt>
      <trkpt lat="66.9515932" lon="17.71847628">
        <time>2028-03-29T13:36:40Z</time>
      </trkpt>
      <trkpt lat="66.95128893" lon="17.71797102">
        <time>2028-03-29T13:39:29Z</time>
      </trkpt>
      <trkpt lat="66.95099146" lon="17.71733768">
        <time>2028-03-29T13:42:30Z</time>
      </trkpt>
      <trkpt lat="66.95079583" lon="17.71647762">
        <time>2028-03-29T13:45:32Z</time>
      </trkpt>
      <trkpt lat="66.95053691" lon="17.71562777">
        <time>2028-03-29T13:48:49Z</time>
      </trkpt>
      <trkpt lat="66.95036592" lon="17.71393253">
        <time>2028-03-29T13:54:09Z</time>
      </trkpt>
      <trkpt lat="66.95001958" lon="17.71253016">
        <time>2028-03-29T13:59:12Z</time>
      </trkpt>
      <trkpt lat="66.94959839" lon="17.71115444">
        <time>2028-03-29T14:04:31Z</time>
      </trkpt>
      <trkpt lat="66.94928289" lon="17.71002196">
        <time>2028-03-29T14:08:46Z</time>
      </trkpt>
      <trkpt lat="66.9489964" lon="17.70875688">
        <time>2028-03-29T14:13:13Z</time>
      </trkpt>
      <trkpt lat="66.94906035" lon="17.70695921">
        <time>2028-03-29T14:18:43Z</time>
      </trkpt>
      <trkpt lat="66.94927962" lon="17.70531141">
        <time>2028-03-29T14:24:01Z</time>
      </trkpt>
      <trkpt lat="66.94931475" lon="17.70517554">
        <time>2028-03-29T14:24:31Z</time>
      </trkpt>
      <trkpt lat="66.9493989" lon="17.7047479">
        <time>2028-03-29T14:25:58Z</time>
      </trkpt>
      <trkpt lat="66.94947224" lon="17.70421514">
        <time>2028-03-29T14:27:41Z</time>
      </trkpt>
      <trkpt lat="66.94956293" lon="17.70365062">
        <time>2028-03-29T14:29:33Z</time>
      </trkpt>
      <trkpt lat="66.94966846" lon="17.70312089">
        <time>2028-03-29T14:31:22Z</time>
      </trkpt>
      <trkpt lat="66.94981112" lon="17.70257028">
        <time>2028-03-29T14:33:22Z</time>
      </trkpt>
      <trkpt lat="66.94982579" lon="17.70250096">
        <time>2028-03-29T14:33:37Z</time>
      </trkpt>
      <trkpt lat="66.94981372" lon="17.70257422">
        <time>2028-03-29T14:33:51Z</time>
      </trkpt>
      <trkpt lat="66.94982604" lon="17.70250867">
        <time>2028-03-29T14:34:05Z</time>
      </trkpt>
      <trkpt lat="66.94984021" lon="17.70252275">
        <time>2028-03-29T14:34:12Z</time>
      </trkpt>
      <trkpt lat="66.94984767" lon="17.70250817">
        <time>2028-03-29T14:34:16Z</time>
      </trkpt>
      <trkpt lat="66.94994079" lon="17.70152933">
        <time>2028-03-29T14:37:20Z</time>
      </trkpt>
      <trkpt lat="66.94940787" lon="17.70040599">
        <time>2028-03-29T14:42:43Z</time>
      </trkpt>
      <trkpt lat="66.94877814" lon="17.69951566">
        <time>2028-03-29T14:48:19Z</time>
      </trkpt>
      <trkpt lat="66.94821185" lon="17.69890973">
        <time>2028-03-29T14:53:06Z</time>
      </trkpt>
      <trkpt lat="66.94767089" lon="17.69843322">
        <time>2028-03-29T14:57:33Z</time>
      </trkpt>
      <trkpt lat="66.94743142" lon="17.69807355">
        <time>2028-03-29T14:59:43Z</time>
      </trkpt>
      <trkpt lat="66.94690688" lon="17.69733888">
        <time>2028-03-29T15:04:22Z</time>
      </trkpt>
      <trkpt lat="66.94632693" lon="17.696267">
        <time>2028-03-29T15:09:56Z</time>
      </trkpt>
      <trkpt lat="66.94588889" lon="17.69513821">
        <time>2028-03-29T15:14:47Z</time>
      </trkpt>
      <trkpt lat="66.94538145" lon="17.69376517">
        <time>2028-03-29T15:20:32Z</time>
      </trkpt>
      <trkpt lat="66.94490075" lon="17.69221243">
        <time>2028-03-29T15:26:34Z</time>
      </trkpt>
      <trkpt lat="66.94457419" lon="17.69091574">
        <time>2028-03-29T15:31:16Z</time>
      </trkpt>
      <trkpt lat="66.94453203" lon="17.6907093">
        <time>2028-03-29T15:31:58Z</time>
      </trkpt>
      <trkpt lat="66.94452013" lon="17.69065222">
        <time>2028-03-29T15:32:10Z</time>
      </trkpt>
      <trkpt lat="66.94440094" lon="17.68999457">
        <time>2028-03-29T15:34:23Z</time>
      </trkpt>
      <trkpt lat="66.94430807" lon="17.68920902">
        <time>2028-03-29T15:36:53Z</time>
      </trkpt>
      <trkpt lat="66.94427546" lon="17.68848642">
        <time>2028-03-29T15:39:06Z</time>
      </trkpt>
      <trkpt lat="66.94427169" lon="17.68766876">
        <time>2028-03-29T15:41:35Z</time>
      </trkpt>
      <trkpt lat="66.9442727" lon="17.6876525">
        <time>2028-03-29T15:41:38Z</time>
      </trkpt>
      <trkpt lat="66.94427395" lon="17.6876748">
        <time>2028-03-29T15:41:42Z</time>
      </trkpt>
      <trkpt lat="66.94426658" lon="17.68764379">
        <time>2028-03-29T15:41:49Z</time>
      </trkpt>
      <trkpt lat="66.94426733" lon="17.68764102">
        <time>2028-03-29T15:41:50Z</time>
      </trkpt>
      <trkpt lat="66.94430388" lon="17.68691498">
        <time>2028-03-29T15:44:03Z</time>
      </trkpt>
      <trkpt lat="66.94431511" lon="17.68486124">
        <time>2028-03-29T15:50:19Z</time>
      </trkpt>
      <trkpt lat="66.94426582" lon="17.68297968">
        <time>2028-03-29T15:56:04Z</time>
      </trkpt>
      <trkpt lat="66.94418242" lon="17.68096668">
        <time>2028-03-29T16:02:14Z</time>
      </trkpt>
      <trkpt lat="66.94399685" lon="17.67916935">
        <time>2028-03-29T16:07:54Z</time>
      </trkpt>
      <trkpt lat="66.94385243" lon="17.67817626">
        <time>2028-03-29T16:11:08Z</time>
      </trkpt>
      <trkpt lat="66.94383399" lon="17.67805774">
        <time>2028-03-29T16:11:31Z</time>
      </trkpt>
      <trkpt lat="66.94372821" lon="17.67733069">
        <time>2028-03-29T16:13:53Z</time>
      </trkpt>
      <trkpt lat="66.94362109" lon="17.67662426">
        <time>2028-03-29T16:16:11Z</time>
      </trkpt>
      <trkpt lat="66.94350894" lon="17.67576554">
        <time>2028-03-29T16:18:57Z</time>
      </trkpt>
      <trkpt lat="66.94344523" lon="17.67485694">
        <time>2028-03-29T16:21:46Z</time>
      </trkpt>
      <trkpt lat="66.94344498" lon="17.67484487">
        <time>2028-03-29T16:21:48Z</time>
      </trkpt>
      <trkpt lat="66.94343836" lon="17.67487085">
        <time>2028-03-29T16:21:53Z</time>
      </trkpt>
      <trkpt lat="66.94343727" lon="17.67486876">
        <time>2028-03-29T16:21:54Z</time>
      </trkpt>
      <trkpt lat="66.94345898" lon="17.67494168">
        <time>2028-03-29T16:22:11Z</time>
      </trkpt>
      <trkpt lat="66.94345772" lon="17.67492718">
        <time>2028-03-29T16:22:14Z</time>
      </trkpt>
      <trkpt lat="66.94345429" lon="17.67348608">
        <time>2028-03-29T16:26:37Z</time>
      </trkpt>
      <trkpt lat="66.94350801" lon="17.67279063">
        <time>2028-03-29T16:28:47Z</time>
      </trkpt>
      <trkpt lat="66.94359544" lon="17.67213969">
        <time>2028-03-29T16:30:53Z</time>
      </trkpt>
      <trkpt lat="66.94371521" lon="17.67149747">
        <time>2028-03-29T16:33:03Z</time>
      </trkpt>
      <trkpt lat="66.94384614" lon="17.6708949">
        <time>2028-03-29T16:35:09Z</time>
      </trkpt>
      <trkpt lat="66.94397078" lon="17.67026056">
        <time>2028-03-29T16:37:18Z</time>
      </trkpt>
      <trkpt lat="66.94416708" lon="17.66853984">
        <time>2028-03-29T16:42:46Z</time>
      </trkpt>
      <trkpt lat="66.94394639" lon="17.66684325">
        <time>2028-03-29T16:48:13Z</time>
      </trkpt>
      <trkpt lat="66.94389425" lon="17.66474208">
        <time>2028-03-29T16:54:38Z</time>
      </trkpt>
      <trkpt lat="66.94392803" lon="17.66273721">
        <time>2028-03-29T17:00:45Z</time>
      </trkpt>
      <trkpt lat="66.94368286" lon="17.66119159">
        <time>2028-03-29T17:05:50Z</time>
      </trkpt>
      <trkpt lat="66.94340802" lon="17.65954966">
        <time>2028-03-29T17:11:17Z</time>
      </trkpt>
      <trkpt lat="66.94320451" lon="17.6576763">
        <time>2028-03-29T17:17:12Z</time>
      </trkpt>
      <trkpt lat="66.94319755" lon="17.65578291">
        <time>2028-03-29T17:22:58Z</time>
      </trkpt>
      <trkpt lat="66.94311851" lon="17.65380722">
        <time>2028-03-29T17:29:01Z</time>
      </trkpt>
      <trkpt lat="66.94306964" lon="17.65177796">
        <time>2028-03-29T17:35:13Z</time>
      </trkpt>
      <trkpt lat="66.94306545" lon="17.65158484">
        <time>2028-03-29T17:35:49Z</time>
      </trkpt>
      <trkpt lat="66.9430647" lon="17.65155332">
        <time>2028-03-29T17:35:54Z</time>
      </trkpt>
      <trkpt lat="66.94303779" lon="17.65079987">
        <time>2028-03-29T17:38:13Z</time>
      </trkpt>
      <trkpt lat="66.94300803" lon="17.65001818">
        <time>2028-03-29T17:40:36Z</time>
      </trkpt>
      <trkpt lat="66.94295598" lon="17.64934042">
        <time>2028-03-29T17:42:43Z</time>
      </trkpt>
      <trkpt lat="66.94293754" lon="17.6486536">
        <time>2028-03-29T17:44:49Z</time>
      </trkpt>
      <trkpt lat="66.94293905" lon="17.64864396">
        <time>2028-03-29T17:44:50Z</time>
      </trkpt>
      <trkpt lat="66.942945" lon="17.64866433">
        <time>2028-03-29T17:44:55Z</time>
      </trkpt>
      <trkpt lat="66.9429274" lon="17.64876835">
        <time>2028-03-29T17:45:16Z</time>
      </trkpt>
      <trkpt lat="66.94292891" lon="17.64874932">
        <time>2028-03-29T17:45:19Z</time>
      </trkpt>
      <trkpt lat="66.94293469" lon="17.64874119">
        <time>2028-03-29T17:45:22Z</time>
      </trkpt>
      <trkpt lat="66.94293872" lon="17.64872183">
        <time>2028-03-29T17:45:26Z</time>
      </trkpt>
      <trkpt lat="66.94287979" lon="17.64824985">
        <time>2028-03-29T17:46:57Z</time>
      </trkpt>
      <trkpt lat="66.9425508" lon="17.64637909">
        <time>2028-03-29T17:53:12Z</time>
      </trkpt>
      <trkpt lat="66.94225794" lon="17.64455091">
        <time>2028-03-29T17:59:13Z</time>
      </trkpt>
      <trkpt lat="66.94209868" lon="17.64357333">
        <time>2028-03-29T18:02:27Z</time>
      </trkpt>
      <trkpt lat="66.94198226" lon="17.64291158">
        <time>2028-03-29T18:04:40Z</time>
      </trkpt>
      <trkpt lat="66.94175628" lon="17.64133796">
        <time>2028-03-29T18:09:46Z</time>
      </trkpt>
      <trkpt lat="66.94194362" lon="17.63957684">
        <time>2028-03-29T18:15:20Z</time>
      </trkpt>
      <trkpt lat="66.94185007" lon="17.63767582">
        <time>2028-03-29T18:21:10Z</time>
      </trkpt>
      <trkpt lat="66.94190766" lon="17.63584589">
        <time>2028-03-29T18:26:46Z</time>
      </trkpt>
      <trkpt lat="66.94197102" lon="17.63397329">
        <time>2028-03-29T18:32:30Z</time>
      </trkpt>
      <trkpt lat="66.94213565" lon="17.63246588">
        <time>2028-03-29T18:37:16Z</time>
      </trkpt>
      <trkpt lat="66.94234067" lon="17.63063293">
        <time>2028-03-29T18:43:04Z</time>
      </trkpt>
      <trkpt lat="66.94267846" lon="17.6288962">
        <time>2028-03-29T18:48:59Z</time>
      </trkpt>
      <trkpt lat="66.94299412" lon="17.62724706">
        <time>2028-03-29T18:54:35Z</time>
      </trkpt>
      <trkpt lat="66.94302941" lon="17.627093">
        <time>2028-03-29T18:55:07Z</time>
      </trkpt>
      <trkpt lat="66.94306537" lon="17.62694288">
        <time>2028-03-29T18:55:40Z</time>
      </trkpt>
      <trkpt lat="66.94321792" lon="17.62627291">
        <time>2028-03-29T18:58:01Z</time>
      </trkpt>
      <trkpt lat="66.94337139" lon="17.62557412">
        <time>2028-03-29T19:00:28Z</time>
      </trkpt>
      <trkpt lat="66.94349678" lon="17.62498143">
        <time>2028-03-29T19:02:31Z</time>
      </trkpt>
      <trkpt lat="66.94363073" lon="17.6243149">
        <time>2028-03-29T19:04:48Z</time>
      </trkpt>
      <trkpt lat="66.94366325" lon="17.62425254">
        <time>2028-03-29T19:05:07Z</time>
      </trkpt>
      <trkpt lat="66.94367481" lon="17.62423511">
        <time>2028-03-29T19:05:13Z</time>
      </trkpt>
      <trkpt lat="66.9436759" lon="17.62423108">
        <time>2028-03-29T19:05:14Z</time>
      </trkpt>
      <trkpt lat="66.94367616" lon="17.62422932">
        <time>2028-03-29T19:05:14Z</time>
      </trkpt>
      <trkpt lat="66.94368294" lon="17.6242165">
        <time>2028-03-29T19:05:18Z</time>
      </trkpt>
      <trkpt lat="66.94368403" lon="17.62421591">
        <time>2028-03-29T19:05:19Z</time>
      </trkpt>
      <trkpt lat="66.94368839" lon="17.62421633">
        <time>2028-03-29T19:05:21Z</time>
      </trkpt>
      <trkpt lat="66.94369066" lon="17.62421692">
        <time>2028-03-29T19:05:22Z</time>
      </trkpt>
      <trkpt lat="66.9437764" lon="17.62394979">
        <time>2028-03-29T19:06:25Z</time>
      </trkpt>
      <trkpt lat="66.94388805" lon="17.62330078">
        <time>2028-03-29T19:08:35Z</time>
      </trkpt>
      <trkpt lat="66.94425778" lon="17.62177896">
        <time>2028-03-29T19:14:02Z</time>
      </trkpt>
      <trkpt lat="66.94462641" lon="17.62012261">
        <time>2028-03-29T19:19:51Z</time>
      </trkpt>
      <trkpt lat="66.9448715" lon="17.6186909">
        <time>2028-03-29T19:24:36Z</time>
      </trkpt>
      <trkpt lat="66.94509454" lon="17.61702709">
        <time>2028-03-29T19:29:58Z</time>
      </trkpt>
      <trkpt lat="66.94531138" lon="17.61541475">
        <time>2028-03-29T19:35:10Z</time>
      </trkpt>
      <trkpt lat="66.94543527" lon="17.61366695">
        <time>2028-03-29T19:40:34Z</time>
      </trkpt>
      <trkpt lat="66.94559125" lon="17.61215854">
        <time>2028-03-29T19:45:20Z</time>
      </trkpt>
      <trkpt lat="66.9456718" lon="17.6114921">
        <time>2028-03-29T19:47:27Z</time>
      </trkpt>
      <trkpt lat="66.94584095" lon="17.60992636">
        <time>2028-03-29T19:52:24Z</time>
      </trkpt>
      <trkpt lat="66.94584212" lon="17.60981111">
        <time>2028-03-29T19:52:45Z</time>
      </trkpt>
      <trkpt lat="66.94583642" lon="17.6097495">
        <time>2028-03-29T19:52:57Z</time>
      </trkpt>
      <trkpt lat="66.94584045" lon="17.60975738">
        <time>2028-03-29T19:52:59Z</time>
      </trkpt>
      <trkpt lat="66.94583994" lon="17.60976082">
        <time>2028-03-29T19:53:00Z</time>
      </trkpt>
      <trkpt lat="66.94587708" lon="17.60933518">
        <time>2028-03-29T19:54:20Z</time>
      </trkpt>
      <trkpt lat="66.94585838" lon="17.60889933">
        <time>2028-03-29T19:55:40Z</time>
      </trkpt>
      <trkpt lat="66.94582846" lon="17.6087482">
        <time>2028-03-29T19:56:11Z</time>
      </trkpt>
      <trkpt lat="66.94582117" lon="17.60874317">
        <time>2028-03-29T19:56:14Z</time>
      </trkpt>
      <trkpt lat="66.94582134" lon="17.6087145">
        <time>2028-03-29T19:56:20Z</time>
      </trkpt>
      <trkpt lat="66.94582377" lon="17.60870336">
        <time>2028-03-29T19:56:22Z</time>
      </trkpt>
      <trkpt lat="66.94582896" lon="17.60869531">
        <time>2028-03-29T19:56:25Z</time>
      </trkpt>
      <trkpt lat="66.94583575" lon="17.60869078">
        <time>2028-03-29T19:56:28Z</time>
      </trkpt>
      <trkpt lat="66.94581572" lon="17.60869011">
        <time>2028-03-29T19:56:37Z</time>
      </trkpt>
      <trkpt lat="66.94554079" lon="17.60715019">
        <time>2028-03-29T20:01:47Z</time>
      </trkpt>
      <trkpt lat="66.9450466" lon="17.60599449">
        <time>2028-03-29T20:07:00Z</time>
      </trkpt>
      <trkpt lat="66.94437445" lon="17.60603825">
        <time>2028-03-29T20:12:14Z</time>
      </trkpt>
      <trkpt lat="66.9438308" lon="17.605521">
        <time>2028-03-29T20:16:45Z</time>
      </trkpt>
      <trkpt lat="66.94326737" lon="17.60419909">
        <time>2028-03-29T20:22:42Z</time>
      </trkpt>
      <trkpt lat="66.94264133" lon="17.60303258">
        <time>2028-03-29T20:28:44Z</time>
      </trkpt>
      <trkpt lat="66.94232726" lon="17.60248549">
        <time>2028-03-29T20:31:41Z</time>
      </trkpt>
      <trkpt lat="66.9417888" lon="17.60132544">
        <time>2028-03-29T20:37:10Z</time>
      </trkpt>
      <trkpt lat="66.94128589" lon="17.59978191">
        <time>2028-03-29T20:43:17Z</time>
      </trkpt>
      <trkpt lat="66.94079052" lon="17.59826294">
        <time>2028-03-29T20:49:19Z</time>
      </trkpt>
      <trkpt lat="66.94040998" lon="17.59660374">
        <time>2028-03-29T20:55:10Z</time>
      </trkpt>
      <trkpt lat="66.9400913" lon="17.59472041">
        <time>2028-03-29T21:01:26Z</time>
      </trkpt>
      <trkpt lat="66.93979575" lon="17.59301704">
        <time>2028-03-29T21:07:06Z</time>
      </trkpt>
      <trkpt lat="66.93931731" lon="17.59078888">
        <time>2028-03-29T21:14:51Z</time>
      </trkpt>
      <trkpt lat="66.93927054" lon="17.58848176">
        <time>2028-03-29T21:21:54Z</time>
      </trkpt>
      <trkpt lat="66.93933366" lon="17.58616417">
        <time>2028-03-29T21:28:59Z</time>
      </trkpt>
      <trkpt lat="66.93914708" lon="17.58447203">
        <time>2028-03-29T21:34:20Z</time>
      </trkpt>
      <trkpt lat="66.93924179" lon="17.58357064">
        <time>2028-03-29T21:37:11Z</time>
      </trkpt>
      <trkpt lat="66.93904281" lon="17.58217338">
        <time>2028-03-29T21:41:43Z</time>
      </trkpt>
      <trkpt lat="66.93919251" lon="17.57985343">
        <time>2028-03-29T21:48:53Z</time>
      </trkpt>
      <trkpt lat="66.93962225" lon="17.57772217">
        <time>2028-03-29T21:56:11Z</time>
      </trkpt>
      <trkpt lat="66.94010152" lon="17.57632926">
        <time>2028-03-29T22:01:50Z</time>
      </trkpt>
      <trkpt lat="66.94015425" lon="17.57423303">
        <time>2028-03-29T22:08:14Z</time>
      </trkpt>
      <trkpt lat="66.94041903" lon="17.57255078">
        <time>2028-03-29T22:13:46Z</time>
      </trkpt>
      <trkpt lat="66.9407357" lon="17.57062546">
        <time>2028-03-29T22:20:08Z</time>
      </trkpt>
      <trkpt lat="66.94106477" lon="17.56812531">
        <time>2028-03-29T22:28:10Z</time>
      </trkpt>
      <trkpt lat="66.94153768" lon="17.564708">
        <time>2028-03-29T22:39:13Z</time>
      </trkpt>
      <trkpt lat="66.94192241" lon="17.56180359">
        <time>2028-03-29T22:48:34Z</time>
      </trkpt>
      <trkpt lat="66.94236707" lon="17.55964207">
        <time>2028-03-29T22:56:00Z</time>
      </trkpt>
      <trkpt lat="66.94284341" lon="17.55847178">
        <time>2028-03-29T23:01:09Z</time>
      </trkpt>
      <trkpt lat="66.94311021" lon="17.55717745">
        <time>2028-03-29T23:05:36Z</time>
      </trkpt>
      <trkpt lat="66.94344062" lon="17.55546243">
        <time>2028-03-29T23:11:26Z</time>
      </trkpt>
      <trkpt lat="66.94374103" lon="17.55321742">
        <time>2028-03-29T23:18:40Z</time>
      </trkpt>
      <trkpt lat="66.94386265" lon="17.55221453">
        <time>2028-03-29T23:21:52Z</time>
      </trkpt>
      <trkpt lat="66.94422542" lon="17.55064367">
        <time>2028-03-29T23:27:25Z</time>
      </trkpt>
      <trkpt lat="66.94483487" lon="17.54875456">
        <time>2028-03-29T23:34:53Z</time>
      </trkpt>
      <trkpt lat="66.94534474" lon="17.54718832">
        <time>2028-03-29T23:41:05Z</time>
      </trkpt>
      <trkpt lat="66.94570726" lon="17.54519803">
        <time>2028-03-29T23:47:47Z</time>
      </trkpt>
      <trkpt lat="66.9455786" lon="17.54310189">
        <time>2028-03-29T23:54:14Z</time>
      </trkpt>
      <trkpt lat="66.94567616" lon="17.54072838">
        <time>2028-03-30T00:01:31Z</time>
      </trkpt>
      <trkpt lat="66.94576576" lon="17.53823888">
        <time>2028-03-30T00:09:08Z</time>
      </trkpt>
      <trkpt lat="66.94598378" lon="17.53592907">
        <time>2028-03-30T00:16:22Z</time>
      </trkpt>
      <trkpt lat="66.94614714" lon="17.53374643">
        <time>2028-03-30T00:23:09Z</time>
      </trkpt>
      <trkpt lat="66.94630682" lon="17.53225772">
        <time>2028-03-30T00:27:51Z</time>
      </trkpt>
      <trkpt lat="66.94655308" lon="17.53165523">
        <time>2028-03-30T00:30:30Z</time>
      </trkpt>
      <trkpt lat="66.94660236" lon="17.5315119">
        <time>2028-03-30T00:31:05Z</time>
      </trkpt>
      <trkpt lat="66.94661896" lon="17.53146353">
        <time>2028-03-30T00:31:17Z</time>
      </trkpt>
      <trkpt lat="66.9467384" lon="17.53119405">
        <time>2028-03-30T00:32:31Z</time>
      </trkpt>
      <trkpt lat="66.9469342" lon="17.53061444">
        <time>2028-03-30T00:34:51Z</time>
      </trkpt>
      <trkpt lat="66.94694133" lon="17.53058603">
        <time>2028-03-30T00:34:57Z</time>
      </trkpt>
      <trkpt lat="66.94694283" lon="17.53058494">
        <time>2028-03-30T00:34:58Z</time>
      </trkpt>
      <trkpt lat="66.94703914" lon="17.53036676">
        <time>2028-03-30T00:35:58Z</time>
      </trkpt>
      <trkpt lat="66.94704275" lon="17.53035829">
        <time>2028-03-30T00:36:01Z</time>
      </trkpt>
      <trkpt lat="66.94704317" lon="17.53035888">
        <time>2028-03-30T00:36:01Z</time>
      </trkpt>
      <trkpt lat="66.94703612" lon="17.53036584">
        <time>2028-03-30T00:36:04Z</time>
      </trkpt>
      <trkpt lat="66.94703369" lon="17.53036215">
        <time>2028-03-30T00:36:06Z</time>
      </trkpt>
      <trkpt lat="66.94703059" lon="17.53036877">
        <time>2028-03-30T00:36:07Z</time>
      </trkpt>
      <trkpt lat="66.94702582" lon="17.53036609">
        <time>2028-03-30T00:36:10Z</time>
      </trkpt>
      <trkpt lat="66.94701903" lon="17.53035855">
        <time>2028-03-30T00:36:13Z</time>
      </trkpt>
      <trkpt lat="66.94700704" lon="17.53036475">
        <time>2028-03-30T00:36:19Z</time>
      </trkpt>
      <trkpt lat="66.94743016" lon="17.52900244">
        <time>2028-03-30T00:41:37Z</time>
      </trkpt>
      <trkpt lat="66.94796442" lon="17.52735296">
        <time>2028-03-30T00:48:08Z</time>
      </trkpt>
      <trkpt lat="66.94917418" lon="17.52289899">
        <time>2028-03-30T01:04:39Z</time>
      </trkpt>
      <trkpt lat="66.94985135" lon="17.52039456">
        <time>2028-03-30T01:13:56Z</time>
      </trkpt>
      <trkpt lat="66.95006149" lon="17.51820847">
        <time>2028-03-30T01:20:47Z</time>
      </trkpt>
      <trkpt lat="66.95027699" lon="17.51611417">
        <time>2028-03-30T01:27:23Z</time>
      </trkpt>
      <trkpt lat="66.95051822" lon="17.51377118">
        <time>2028-03-30T01:34:46Z</time>
      </trkpt>
      <trkpt lat="66.95055233" lon="17.51244114">
        <time>2028-03-30T01:38:50Z</time>
      </trkpt>
      <trkpt lat="66.95055963" lon="17.51059092">
        <time>2028-03-30T01:44:28Z</time>
      </trkpt>
      <trkpt lat="66.95062199" lon="17.50811406">
        <time>2028-03-30T01:52:02Z</time>
      </trkpt>
      <trkpt lat="66.95102541" lon="17.50616016">
        <time>2028-03-30T01:58:45Z</time>
      </trkpt>
      <trkpt lat="66.95131492" lon="17.50385011">
        <time>2028-03-30T02:06:09Z</time>
      </trkpt>
      <trkpt lat="66.95138499" lon="17.50286322">
        <time>2028-03-30T02:09:12Z</time>
      </trkpt>
      <trkpt lat="66.95145557" lon="17.5021744">
        <time>2028-03-30T02:11:22Z</time>
      </trkpt>
      <trkpt lat="66.95176494" lon="17.50172731">
        <time>2028-03-30T02:14:08Z</time>
      </trkpt>
      <trkpt lat="66.95205856" lon="17.50124685">
        <time>2028-03-30T02:16:51Z</time>
      </trkpt>
      <trkpt lat="66.95225352" lon="17.50076054">
        <time>2028-03-30T02:18:58Z</time>
      </trkpt>
      <trkpt lat="66.95275099" lon="17.49907695">
        <time>2028-03-30T02:25:24Z</time>
      </trkpt>
      <trkpt lat="66.95324167" lon="17.49756921">
        <time>2028-03-30T02:31:22Z</time>
      </trkpt>
      <trkpt lat="66.95351559" lon="17.49586475">
        <time>2028-03-30T02:36:59Z</time>
      </trkpt>
      <trkpt lat="66.95391105" lon="17.49335412">
        <time>2028-03-30T02:45:14Z</time>
      </trkpt>
      <trkpt lat="66.95412068" lon="17.49214687">
        <time>2028-03-30T02:49:15Z</time>
      </trkpt>
      <trkpt lat="66.95424909" lon="17.49152938">
        <time>2028-03-30T02:51:23Z</time>
      </trkpt>
      <trkpt lat="66.95458143" lon="17.49001251">
        <time>2028-03-30T02:56:41Z</time>
      </trkpt>
      <trkpt lat="66.9549219" lon="17.48816388">
        <time>2028-03-30T03:02:54Z</time>
      </trkpt>
      <trkpt lat="66.95531501" lon="17.48507163">
        <time>2028-03-30T03:12:48Z</time>
      </trkpt>
      <trkpt lat="66.95512089" lon="17.4836296">
        <time>2028-03-30T03:17:27Z</time>
      </trkpt>
      <trkpt lat="66.95514084" lon="17.48137026">
        <time>2028-03-30T03:24:20Z</time>
      </trkpt>
      <trkpt lat="66.95555742" lon="17.47956279">
        <time>2028-03-30T03:30:44Z</time>
      </trkpt>
      <trkpt lat="66.9558455" lon="17.47730026">
        <time>2028-03-30T03:37:58Z</time>
      </trkpt>
      <trkpt lat="66.95621758" lon="17.47515039">
        <time>2028-03-30T03:45:08Z</time>
      </trkpt>
      <trkpt lat="66.9565371" lon="17.47358087">
        <time>2028-03-30T03:50:31Z</time>
      </trkpt>
      <trkpt lat="66.95657984" lon="17.4721878">
        <time>2028-03-30T03:54:47Z</time>
      </trkpt>
      <trkpt lat="66.95622319" lon="17.47122489">
        <time>2028-03-30T03:58:49Z</time>
      </trkpt>
      <trkpt lat="66.95646744" lon="17.46926906">
        <time>2028-03-30T04:05:04Z</time>
      </trkpt>
      <trkpt lat="66.95663801" lon="17.46789233">
        <time>2028-03-30T04:09:28Z</time>
      </trkpt>
      <trkpt lat="66.95674321" lon="17.46723753">
        <time>2028-03-30T04:11:38Z</time>
      </trkpt>
      <trkpt lat="66.95674354" lon="17.46723837">
        <time>2028-03-30T04:11:38Z</time>
      </trkpt>
      <trkpt lat="66.95673709" lon="17.46722697">
        <time>2028-03-30T04:11:42Z</time>
      </trkpt>
      <trkpt lat="66.95673415" lon="17.46721675">
        <time>2028-03-30T04:11:44Z</time>
      </trkpt>
      <trkpt lat="66.95673281" lon="17.46721339">
        <time>2028-03-30T04:11:45Z</time>
      </trkpt>
      <trkpt lat="66.95673206" lon="17.46721247">
        <time>2028-03-30T04:11:45Z</time>
      </trkpt>
      <trkpt lat="66.95673013" lon="17.46721775">
        <time>2028-03-30T04:11:46Z</time>
      </trkpt>
      <trkpt lat="66.95674254" lon="17.4671015">
        <time>2028-03-30T04:12:08Z</time>
      </trkpt>
      <trkpt lat="66.95682133" lon="17.46652532">
        <time>2028-03-30T04:14:00Z</time>
      </trkpt>
      <trkpt lat="66.95689836" lon="17.46599215">
        <time>2028-03-30T04:15:44Z</time>
      </trkpt>
      <trkpt lat="66.95696692" lon="17.46556568">
        <time>2028-03-30T04:17:08Z</time>
      </trkpt>
      <trkpt lat="66.95706088" lon="17.46506796">
        <time>2028-03-30T04:18:49Z</time>
      </trkpt>
      <trkpt lat="66.95707052" lon="17.46504047">
        <time>2028-03-30T04:18:56Z</time>
      </trkpt>
      <trkpt lat="66.95716213" lon="17.46461978">
        <time>2028-03-30T04:20:24Z</time>
      </trkpt>
      <trkpt lat="66.95726054" lon="17.46404621">
        <time>2028-03-30T04:22:18Z</time>
      </trkpt>
      <trkpt lat="66.95738367" lon="17.46346643">
        <time>2028-03-30T04:24:19Z</time>
      </trkpt>
      <trkpt lat="66.95748014" lon="17.46289202">
        <time>2028-03-30T04:26:13Z</time>
      </trkpt>
      <trkpt lat="66.95758374" lon="17.46223731">
        <time>2028-03-30T04:28:22Z</time>
      </trkpt>
      <trkpt lat="66.9577409" lon="17.46156064">
        <time>2028-03-30T04:30:46Z</time>
      </trkpt>
      <trkpt lat="66.95789756" lon="17.460962">
        <time>2028-03-30T04:32:58Z</time>
      </trkpt>
      <trkpt lat="66.95803653" lon="17.46053746">
        <time>2028-03-30T04:34:39Z</time>
      </trkpt>
      <trkpt lat="66.95822462" lon="17.46006405">
        <time>2028-03-30T04:36:42Z</time>
      </trkpt>
      <trkpt lat="66.95841338" lon="17.45965996">
        <time>2028-03-30T04:38:37Z</time>
      </trkpt>
      <trkpt lat="66.95855009" lon="17.45928344">
        <time>2028-03-30T04:40:11Z</time>
      </trkpt>
      <trkpt lat="66.95866744" lon="17.45890475">
        <time>2028-03-30T04:41:39Z</time>
      </trkpt>
      <trkpt lat="66.95886073" lon="17.45852329">
        <time>2028-03-30T04:43:33Z</time>
      </trkpt>
      <trkpt lat="66.95890934" lon="17.45846026">
        <time>2028-03-30T04:43:59Z</time>
      </trkpt>
      <trkpt lat="66.95895645" lon="17.45833679">
        <time>2028-03-30T04:44:30Z</time>
      </trkpt>
      <trkpt lat="66.95911453" lon="17.45656796">
        <time>2028-03-30T04:50:02Z</time>
      </trkpt>
      <trkpt lat="66.95915577" lon="17.4549122">
        <time>2028-03-30T04:55:05Z</time>
      </trkpt>
      <trkpt lat="66.95889635" lon="17.45302342">
        <time>2028-03-30T05:01:11Z</time>
      </trkpt>
      <trkpt lat="66.95857499" lon="17.45114193">
        <time>2028-03-30T05:07:26Z</time>
      </trkpt>
      <trkpt lat="66.95867138" lon="17.44950889">
        <time>2028-03-30T05:12:28Z</time>
      </trkpt>
      <trkpt lat="66.95878001" lon="17.44824171">
        <time>2028-03-30T05:16:25Z</time>
      </trkpt>
      <trkpt lat="66.95875218" lon="17.44689927">
        <time>2028-03-30T05:20:30Z</time>
      </trkpt>
      <trkpt lat="66.95869317" lon="17.44621539">
        <time>2028-03-30T05:22:38Z</time>
      </trkpt>
      <trkpt lat="66.95864514" lon="17.44551692">
        <time>2028-03-30T05:24:48Z</time>
      </trkpt>
      <trkpt lat="66.95861522" lon="17.44481192">
        <time>2028-03-30T05:26:58Z</time>
      </trkpt>
      <trkpt lat="66.95860013" lon="17.44410306">
        <time>2028-03-30T05:29:07Z</time>
      </trkpt>
      <trkpt lat="66.95858287" lon="17.44339211">
        <time>2028-03-30T05:31:17Z</time>
      </trkpt>
      <trkpt lat="66.95851564" lon="17.44142538">
        <time>2028-03-30T05:37:18Z</time>
      </trkpt>
      <trkpt lat="66.95845345" lon="17.43936259">
        <time>2028-03-30T05:43:36Z</time>
      </trkpt>
      <trkpt lat="66.95838463" lon="17.43724717">
        <time>2028-03-30T05:50:04Z</time>
      </trkpt>
      <trkpt lat="66.9583159" lon="17.43585602">
        <time>2028-03-30T05:54:21Z</time>
      </trkpt>
      <trkpt lat="66.9583133" lon="17.43419322">
        <time>2028-03-30T05:59:24Z</time>
      </trkpt>
      <trkpt lat="66.95837868" lon="17.43214552">
        <time>2028-03-30T06:05:40Z</time>
      </trkpt>
      <trkpt lat="66.95874204" lon="17.43046336">
        <time>2028-03-30T06:11:31Z</time>
      </trkpt>
      <trkpt lat="66.95891957" lon="17.42981158">
        <time>2028-03-30T06:13:56Z</time>
      </trkpt>
      <trkpt lat="66.95949893" lon="17.42832924">
        <time>2028-03-30T06:20:19Z</time>
      </trkpt>
      <trkpt lat="66.95988148" lon="17.42675554">
        <time>2028-03-30T06:25:58Z</time>
      </trkpt>
      <trkpt lat="66.96042554" lon="17.42516365">
        <time>2028-03-30T06:32:24Z</time>
      </trkpt>
      <trkpt lat="66.96104472" lon="17.42396965">
        <time>2028-03-30T06:38:26Z</time>
      </trkpt>
      <trkpt lat="66.96120565" lon="17.42284966">
        <time>2028-03-30T06:42:04Z</time>
      </trkpt>
      <trkpt lat="66.96127195" lon="17.42118962">
        <time>2028-03-30T06:47:09Z</time>
      </trkpt>
      <trkpt lat="66.9612836" lon="17.41944677">
        <time>2028-03-30T06:52:27Z</time>
      </trkpt>
      <trkpt lat="66.96129994" lon="17.41749974">
        <time>2028-03-30T06:58:23Z</time>
      </trkpt>
      <trkpt lat="66.96127002" lon="17.41558582">
        <time>2028-03-30T07:04:13Z</time>
      </trkpt>
      <trkpt lat="66.96119844" lon="17.41359629">
        <time>2028-03-30T07:10:18Z</time>
      </trkpt>
      <trkpt lat="66.96068505" lon="17.41218947">
        <time>2028-03-30T07:16:10Z</time>
      </trkpt>
      <trkpt lat="66.96070785" lon="17.40967724">
        <time>2028-03-30T07:23:49Z</time>
      </trkpt>
      <trkpt lat="66.96057776" lon="17.4087751">
        <time>2028-03-30T07:26:45Z</time>
      </trkpt>
      <trkpt lat="66.96037073" lon="17.40798888">
        <time>2028-03-30T07:29:38Z</time>
      </trkpt>
      <trkpt lat="66.9601419" lon="17.40758127">
        <time>2028-03-30T07:31:48Z</time>
      </trkpt>
      <trkpt lat="66.95990201" lon="17.40711146">
        <time>2028-03-30T07:34:09Z</time>
      </trkpt>
      <trkpt lat="66.95978844" lon="17.40541982">
        <time>2028-03-30T07:39:23Z</time>
      </trkpt>
      <trkpt lat="66.95964762" lon="17.40376046">
        <time>2028-03-30T07:44:33Z</time>
      </trkpt>
      <trkpt lat="66.95942701" lon="17.40221802">
        <time>2028-03-30T07:49:33Z</time>
      </trkpt>
      <trkpt lat="66.95914932" lon="17.40109543">
        <time>2028-03-30T07:53:36Z</time>
      </trkpt>
      <trkpt lat="66.95907606" lon="17.40037249">
        <time>2028-03-30T07:55:52Z</time>
      </trkpt>
      <trkpt lat="66.95893742" lon="17.39961376">
        <time>2028-03-30T07:58:26Z</time>
      </trkpt>
      <trkpt lat="66.95875411" lon="17.39910398">
        <time>2028-03-30T08:00:32Z</time>
      </trkpt>
      <trkpt lat="66.95852042" lon="17.39866661">
        <time>2028-03-30T08:02:47Z</time>
      </trkpt>
      <trkpt lat="66.95833912" lon="17.39812849">
        <time>2028-03-30T08:04:57Z</time>
      </trkpt>
      <trkpt lat="66.95816419" lon="17.39759699">
        <time>2028-03-30T08:07:04Z</time>
      </trkpt>
      <trkpt lat="66.95754234" lon="17.39641062">
        <time>2028-03-30T08:13:06Z</time>
      </trkpt>
      <trkpt lat="66.95687966" lon="17.3944257">
        <time>2028-03-30T08:21:03Z</time>
      </trkpt>
      <trkpt lat="66.9564454" lon="17.39233182">
        <time>2028-03-30T08:28:16Z</time>
      </trkpt>
      <trkpt lat="66.95631246" lon="17.39085979">
        <time>2028-03-30T08:32:52Z</time>
      </trkpt>
      <trkpt lat="66.95631397" lon="17.38961994">
        <time>2028-03-30T08:36:39Z</time>
      </trkpt>
      <trkpt lat="66.95641363" lon="17.38894528">
        <time>2028-03-30T08:38:51Z</time>
      </trkpt>
      <trkpt lat="66.95650885" lon="17.38829367">
        <time>2028-03-30T08:40:58Z</time>
      </trkpt>
      <trkpt lat="66.95676668" lon="17.38806258">
        <time>2028-03-30T08:43:05Z</time>
      </trkpt>
      <trkpt lat="66.95708502" lon="17.38787541">
        <time>2028-03-30T08:45:38Z</time>
      </trkpt>
      <trkpt lat="66.95742751" lon="17.38852149">
        <time>2028-03-30T08:48:57Z</time>
      </trkpt>
      <trkpt lat="66.95751493" lon="17.38786929">
        <time>2028-03-30T08:51:03Z</time>
      </trkpt>
      <trkpt lat="66.95761308" lon="17.38718659">
        <time>2028-03-30T08:53:16Z</time>
      </trkpt>
      <trkpt lat="66.95763772" lon="17.38579125">
        <time>2028-03-30T08:57:31Z</time>
      </trkpt>
      <trkpt lat="66.95764267" lon="17.38427295">
        <time>2028-03-30T09:02:08Z</time>
      </trkpt>
      <trkpt lat="66.95714814" lon="17.38301005">
        <time>2028-03-30T09:07:35Z</time>
      </trkpt>
      <trkpt lat="66.95685452" lon="17.38206449">
        <time>2028-03-30T09:11:16Z</time>
      </trkpt>
      <trkpt lat="66.95681697" lon="17.38194739">
        <time>2028-03-30T09:11:43Z</time>
      </trkpt>
      <trkpt lat="66.95679325" lon="17.38185796">
        <time>2028-03-30T09:12:03Z</time>
      </trkpt>
      <trkpt lat="66.95675838" lon="17.38173458">
        <time>2028-03-30T09:12:31Z</time>
      </trkpt>
      <trkpt lat="66.95674019" lon="17.38166601">
        <time>2028-03-30T09:12:46Z</time>
      </trkpt>
      <trkpt lat="66.95667272" lon="17.38144222">
        <time>2028-03-30T09:13:38Z</time>
      </trkpt>
      <trkpt lat="66.95664204" lon="17.38138019">
        <time>2028-03-30T09:13:56Z</time>
      </trkpt>
      <trkpt lat="66.95669593" lon="17.38122823">
        <time>2028-03-30T09:14:33Z</time>
      </trkpt>
      <trkpt lat="66.95670968" lon="17.38117559">
        <time>2028-03-30T09:14:45Z</time>
      </trkpt>
      <trkpt lat="66.95674136" lon="17.3811403">
        <time>2028-03-30T09:15:01Z</time>
      </trkpt>
      <trkpt lat="66.95673977" lon="17.3812118">
        <time>2028-03-30T09:15:14Z</time>
      </trkpt>
      <trkpt lat="66.95674899" lon="17.38120836">
        <time>2028-03-30T09:15:18Z</time>
      </trkpt>
      <trkpt lat="66.95676022" lon="17.38120526">
        <time>2028-03-30T09:15:24Z</time>
      </trkpt>
      <trkpt lat="66.95676391" lon="17.38120903">
        <time>2028-03-30T09:15:26Z</time>
      </trkpt>
      <trkpt lat="66.95705116" lon="17.37997538">
        <time>2028-03-30T09:19:48Z</time>
      </trkpt>
      <trkpt lat="66.95727856" lon="17.37767472">
        <time>2028-03-30T09:27:02Z</time>
      </trkpt>
      <trkpt lat="66.95772154" lon="17.37623404">
        <time>2028-03-30T09:32:36Z</time>
      </trkpt>
      <trkpt lat="66.95805246" lon="17.3754733">
        <time>2028-03-30T09:36:04Z</time>
      </trkpt>
      <trkpt lat="66.95856208" lon="17.37511648">
        <time>2028-03-30T09:40:11Z</time>
      </trkpt>
      <trkpt lat="66.95913423" lon="17.37447526">
        <time>2028-03-30T09:45:03Z</time>
      </trkpt>
      <trkpt lat="66.95980009" lon="17.37367253">
        <time>2028-03-30T09:50:46Z</time>
      </trkpt>
      <trkpt lat="66.96039964" lon="17.37348586">
        <time>2028-03-30T09:55:28Z</time>
      </trkpt>
      <trkpt lat="66.96095293" lon="17.37173472">
        <time>2028-03-30T10:02:20Z</time>
      </trkpt>
      <trkpt lat="66.96159239" lon="17.37015238">
        <time>2028-03-30T10:09:15Z</time>
      </trkpt>
      <trkpt lat="66.96166665" lon="17.36948996">
        <time>2028-03-30T10:11:21Z</time>
      </trkpt>
      <trkpt lat="66.96218851" lon="17.36928192">
        <time>2028-03-30T10:15:28Z</time>
      </trkpt>
      <trkpt lat="66.96232782" lon="17.36996463">
        <time>2028-03-30T10:17:49Z</time>
      </trkpt>
      <trkpt lat="66.96257995" lon="17.369713">
        <time>2028-03-30T10:19:55Z</time>
      </trkpt>
      <trkpt lat="66.96300575" lon="17.37001039">
        <time>2028-03-30T10:23:21Z</time>
      </trkpt>
      <trkpt lat="66.96328009" lon="17.37004182">
        <time>2028-03-30T10:25:29Z</time>
      </trkpt>
      <trkpt lat="66.96353766" lon="17.36982901">
        <time>2028-03-30T10:27:36Z</time>
      </trkpt>
      <trkpt lat="66.96378878" lon="17.3695768">
        <time>2028-03-30T10:29:42Z</time>
      </trkpt>
      <trkpt lat="66.96466" lon="17.36846535">
        <time>2028-03-30T10:37:16Z</time>
      </trkpt>
      <trkpt lat="66.96540892" lon="17.36780679">
        <time>2028-03-30T10:43:26Z</time>
      </trkpt>
      <trkpt lat="66.96613588" lon="17.3669546">
        <time>2028-03-30T10:49:40Z</time>
      </trkpt>
      <trkpt lat="66.96685648" lon="17.36607743">
        <time>2028-03-30T10:55:52Z</time>
      </trkpt>
      <trkpt lat="66.96740365" lon="17.36504436">
        <time>2028-03-30T11:01:10Z</time>
      </trkpt>
      <trkpt lat="66.96781687" lon="17.36421389">
        <time>2028-03-30T11:05:15Z</time>
      </trkpt>
      <trkpt lat="66.96823882" lon="17.36342641">
        <time>2028-03-30T11:09:19Z</time>
      </trkpt>
      <trkpt lat="66.96829204" lon="17.36334108">
        <time>2028-03-30T11:09:49Z</time>
      </trkpt>
      <trkpt lat="66.96840185" lon="17.36319062">
        <time>2028-03-30T11:10:47Z</time>
      </trkpt>
      <trkpt lat="66.9685642" lon="17.3629618">
        <time>2028-03-30T11:12:13Z</time>
      </trkpt>
      <trkpt lat="66.96873201" lon="17.36272191">
        <time>2028-03-30T11:13:43Z</time>
      </trkpt>
      <trkpt lat="66.96891029" lon="17.3624707">
        <time>2028-03-30T11:15:18Z</time>
      </trkpt>
      <trkpt lat="66.9689284" lon="17.36244631">
        <time>2028-03-30T11:15:28Z</time>
      </trkpt>
      <trkpt lat="66.96907483" lon="17.36224397">
        <time>2028-03-30T11:16:45Z</time>
      </trkpt>
      <trkpt lat="66.96912663" lon="17.36215001">
        <time>2028-03-30T11:17:15Z</time>
      </trkpt>
      <trkpt lat="66.96915437" lon="17.36209276">
        <time>2028-03-30T11:17:32Z</time>
      </trkpt>
      <trkpt lat="66.9691439" lon="17.36210994">
        <time>2028-03-30T11:17:38Z</time>
      </trkpt>
      <trkpt lat="66.96914029" lon="17.36210282">
        <time>2028-03-30T11:17:40Z</time>
      </trkpt>
      <trkpt lat="66.96923057" lon="17.36206401">
        <time>2028-03-30T11:18:22Z</time>
      </trkpt>
      <trkpt lat="66.96977623" lon="17.36152623">
        <time>2028-03-30T11:22:56Z</time>
      </trkpt>
      <trkpt lat="66.97014118" lon="17.36062677">
        <time>2028-03-30T11:26:52Z</time>
      </trkpt>
      <trkpt lat="66.97035911" lon="17.36009024">
        <time>2028-03-30T11:29:14Z</time>
      </trkpt>
      <trkpt lat="66.97085096" lon="17.35881762">
        <time>2028-03-30T11:34:40Z</time>
      </trkpt>
      <trkpt lat="66.97143467" lon="17.35787792">
        <time>2028-03-30T11:40:02Z</time>
      </trkpt>
      <trkpt lat="66.97190565" lon="17.35700696">
        <time>2028-03-30T11:44:34Z</time>
      </trkpt>
      <trkpt lat="66.97244829" lon="17.3563727">
        <time>2028-03-30T11:49:12Z</time>
      </trkpt>
      <trkpt lat="66.97303838" lon="17.35645115">
        <time>2028-03-30T11:53:48Z</time>
      </trkpt>
      <trkpt lat="66.97367381" lon="17.35596182">
        <time>2028-03-30T11:58:58Z</time>
      </trkpt>
      <trkpt lat="66.97423599" lon="17.35522019">
        <time>2028-03-30T12:03:54Z</time>
      </trkpt>
      <trkpt lat="66.97472147" lon="17.35415091">
        <time>2028-03-30T12:08:53Z</time>
      </trkpt>
      <trkpt lat="66.97524911" lon="17.35303444">
        <time>2028-03-30T12:14:13Z</time>
      </trkpt>
      <trkpt lat="66.97551942" lon="17.3521157">
        <time>2028-03-30T12:17:43Z</time>
      </trkpt>
      <trkpt lat="66.97592393" lon="17.35086587">
        <time>2028-03-30T12:22:39Z</time>
      </trkpt>
      <trkpt lat="66.97639642" lon="17.34968025">
        <time>2028-03-30T12:27:48Z</time>
      </trkpt>
      <trkpt lat="66.9769192" lon="17.34846077">
        <time>2028-03-30T12:33:18Z</time>
      </trkpt>
      <trkpt lat="66.97712607" lon="17.34773942">
        <time>2028-03-30T12:36:02Z</time>
      </trkpt>
      <trkpt lat="66.97712615" lon="17.34773934">
        <time>2028-03-30T12:36:02Z</time>
      </trkpt>
      <trkpt lat="66.97711919" lon="17.34774051">
        <time>2028-03-30T12:36:05Z</time>
      </trkpt>
      <trkpt lat="66.97711492" lon="17.34773029">
        <time>2028-03-30T12:36:08Z</time>
      </trkpt>
      <trkpt lat="66.97710914" lon="17.34770103">
        <time>2028-03-30T12:36:14Z</time>
      </trkpt>
      <trkpt lat="66.97708441" lon="17.34785945">
        <time>2028-03-30T12:36:45Z</time>
      </trkpt>
      <trkpt lat="66.97708231" lon="17.3478908">
        <time>2028-03-30T12:36:51Z</time>
      </trkpt>
      <trkpt lat="66.97708257" lon="17.34774093">
        <time>2028-03-30T12:37:18Z</time>
      </trkpt>
      <trkpt lat="66.97742019" lon="17.3465989">
        <time>2028-03-30T12:41:39Z</time>
      </trkpt>
      <trkpt lat="66.97790558" lon="17.34529979">
        <time>2028-03-30T12:47:08Z</time>
      </trkpt>
      <trkpt lat="66.97825109" lon="17.34433888">
        <time>2028-03-30T12:51:06Z</time>
      </trkpt>
      <trkpt lat="66.97843172" lon="17.34381258">
        <time>2028-03-30T12:53:14Z</time>
      </trkpt>
      <trkpt lat="66.97879214" lon="17.34303307">
        <time>2028-03-30T12:56:54Z</time>
      </trkpt>
      <trkpt lat="66.97918684" lon="17.34203135">
        <time>2028-03-30T13:01:14Z</time>
      </trkpt>
      <trkpt lat="66.97957777" lon="17.34117161">
        <time>2028-03-30T13:05:15Z</time>
      </trkpt>
      <trkpt lat="66.98017792" lon="17.3399383">
        <time>2028-03-30T13:11:14Z</time>
      </trkpt>
      <trkpt lat="66.98069416" lon="17.33903482">
        <time>2028-03-30T13:16:06Z</time>
      </trkpt>
      <trkpt lat="66.98111116" lon="17.33823242">
        <time>2028-03-30T13:20:10Z</time>
      </trkpt>
      <trkpt lat="66.98143085" lon="17.33714269">
        <time>2028-03-30T13:24:19Z</time>
      </trkpt>
      <trkpt lat="66.98165615" lon="17.33568583">
        <time>2028-03-30T13:29:05Z</time>
      </trkpt>
      <trkpt lat="66.9819113" lon="17.33410978">
        <time>2028-03-30T13:34:16Z</time>
      </trkpt>
      <trkpt lat="66.98212981" lon="17.33236047">
        <time>2028-03-30T13:39:51Z</time>
      </trkpt>
      <trkpt lat="66.98228144" lon="17.33080739">
        <time>2028-03-30T13:44:44Z</time>
      </trkpt>
      <trkpt lat="66.98246685" lon="17.32907376">
        <time>2028-03-30T13:50:12Z</time>
      </trkpt>
      <trkpt lat="66.98264865" lon="17.32767055">
        <time>2028-03-30T13:54:42Z</time>
      </trkpt>
      <trkpt lat="66.98282082" lon="17.32601353">
        <time>2028-03-30T13:59:55Z</time>
      </trkpt>
      <trkpt lat="66.98300346" lon="17.32447612">
        <time>2028-03-30T14:04:48Z</time>
      </trkpt>
      <trkpt lat="66.98315492" lon="17.32349326">
        <time>2028-03-30T14:08:01Z</time>
      </trkpt>
      <trkpt lat="66.9833415" lon="17.32178411">
        <time>2028-03-30T14:13:25Z</time>
      </trkpt>
      <trkpt lat="66.98346362" lon="17.32020026">
        <time>2028-03-30T14:18:20Z</time>
      </trkpt>
      <trkpt lat="66.98359111" lon="17.31891397">
        <time>2028-03-30T14:22:22Z</time>
      </trkpt>
      <trkpt lat="66.9837352" lon="17.31719392">
        <time>2028-03-30T14:27:43Z</time>
      </trkpt>
      <trkpt lat="66.98386353" lon="17.31596153">
        <time>2028-03-30T14:31:36Z</time>
      </trkpt>
      <trkpt lat="66.9840351" lon="17.31417644">
        <time>2028-03-30T14:37:11Z</time>
      </trkpt>
      <trkpt lat="66.98424272" lon="17.31241029">
        <time>2028-03-30T14:42:48Z</time>
      </trkpt>
      <trkpt lat="66.9845433" lon="17.31068102">
        <time>2028-03-30T14:48:34Z</time>
      </trkpt>
      <trkpt lat="66.98482485" lon="17.30906775">
        <time>2028-03-30T14:53:56Z</time>
      </trkpt>
      <trkpt lat="66.98510245" lon="17.30736019">
        <time>2028-03-30T14:59:34Z</time>
      </trkpt>
      <trkpt lat="66.98541963" lon="17.30580526">
        <time>2028-03-30T15:04:54Z</time>
      </trkpt>
      <trkpt lat="66.98573336" lon="17.30419275">
        <time>2028-03-30T15:10:23Z</time>
      </trkpt>
      <trkpt lat="66.98611532" lon="17.30262525">
        <time>2028-03-30T15:16:00Z</time>
      </trkpt>
      <trkpt lat="66.98638204" lon="17.30104325">
        <time>2028-03-30T15:21:14Z</time>
      </trkpt>
      <trkpt lat="66.98669175" lon="17.29942957">
        <time>2028-03-30T15:26:42Z</time>
      </trkpt>
      <trkpt lat="66.98700255" lon="17.29787825">
        <time>2028-03-30T15:32:01Z</time>
      </trkpt>
      <trkpt lat="66.98737144" lon="17.29616079">
        <time>2028-03-30T15:37:58Z</time>
      </trkpt>
      <trkpt lat="66.98771275" lon="17.29456488">
        <time>2028-03-30T15:43:30Z</time>
      </trkpt>
      <trkpt lat="66.98804651" lon="17.29291541">
        <time>2028-03-30T15:49:09Z</time>
      </trkpt>
      <trkpt lat="66.98844532" lon="17.29183741">
        <time>2028-03-30T15:53:40Z</time>
      </trkpt>
      <trkpt lat="66.98862344" lon="17.29130625">
        <time>2028-03-30T15:55:48Z</time>
      </trkpt>
      <trkpt lat="66.98888596" lon="17.29098556">
        <time>2028-03-30T15:58:04Z</time>
      </trkpt>
      <trkpt lat="66.98888529" lon="17.29098539">
        <time>2028-03-30T15:58:04Z</time>
      </trkpt>
      <trkpt lat="66.98888546" lon="17.29098489">
        <time>2028-03-30T15:58:04Z</time>
      </trkpt>
      <trkpt lat="66.9889013" lon="17.29100391">
        <time>2028-03-30T15:58:13Z</time>
      </trkpt>
      <trkpt lat="66.98898017" lon="17.29102797">
        <time>2028-03-30T15:58:50Z</time>
      </trkpt>
      <trkpt lat="66.98923188" lon="17.29115906">
        <time>2028-03-30T16:00:50Z</time>
      </trkpt>
      <trkpt lat="66.98947496" lon="17.29129493">
        <time>2028-03-30T16:02:46Z</time>
      </trkpt>
      <trkpt lat="66.9897586" lon="17.29152795">
        <time>2028-03-30T16:05:05Z</time>
      </trkpt>
      <trkpt lat="66.98991006" lon="17.2915489">
        <time>2028-03-30T16:06:16Z</time>
      </trkpt>
      <trkpt lat="66.98994082" lon="17.29155938">
        <time>2028-03-30T16:06:30Z</time>
      </trkpt>
      <trkpt lat="66.99006052" lon="17.29155879">
        <time>2028-03-30T16:07:26Z</time>
      </trkpt>
      <trkpt lat="66.99008617" lon="17.29155217">
        <time>2028-03-30T16:07:38Z</time>
      </trkpt>
      <trkpt lat="66.99017233" lon="17.29153574">
        <time>2028-03-30T16:08:18Z</time>
      </trkpt>
      <trkpt lat="66.99016579" lon="17.29163331">
        <time>2028-03-30T16:08:36Z</time>
      </trkpt>
      <trkpt lat="66.99016638" lon="17.29164094">
        <time>2028-03-30T16:08:38Z</time>
      </trkpt>
      <trkpt lat="66.99015129" lon="17.29165879">
        <time>2028-03-30T16:08:46Z</time>
      </trkpt>
      <trkpt lat="66.99015129" lon="17.29165871">
        <time>2028-03-30T16:08:46Z</time>
      </trkpt>
      <trkpt lat="66.99018516" lon="17.29133986">
        <time>2028-03-30T16:09:46Z</time>
      </trkpt>
      <trkpt lat="66.99018055" lon="17.2913547">
        <time>2028-03-30T16:09:49Z</time>
      </trkpt>
      <trkpt lat="66.99017015" lon="17.29144715">
        <time>2028-03-30T16:10:07Z</time>
      </trkpt>
      <trkpt lat="66.99015993" lon="17.29142267">
        <time>2028-03-30T16:10:14Z</time>
      </trkpt>
      <trkpt lat="66.99017703" lon="17.29133491">
        <time>2028-03-30T16:10:31Z</time>
      </trkpt>
      <trkpt lat="66.99011743" lon="17.29139049">
        <time>2028-03-30T16:11:01Z</time>
      </trkpt>
      <trkpt lat="66.99029538" lon="17.2913262">
        <time>2028-03-30T16:12:25Z</time>
      </trkpt>
      <trkpt lat="66.99020536" lon="17.29142955">
        <time>2028-03-30T16:13:11Z</time>
      </trkpt>
      <trkpt lat="66.98997083" lon="17.2903715">
        <time>2028-03-30T16:16:53Z</time>
      </trkpt>
      <trkpt lat="66.98953195" lon="17.28939098">
        <time>2028-03-30T16:21:25Z</time>
      </trkpt>
      <trkpt lat="66.98941478" lon="17.28819053">
        <time>2028-03-30T16:25:11Z</time>
      </trkpt>
      <trkpt lat="66.98947596" lon="17.28661079">
        <time>2028-03-30T16:30:01Z</time>
      </trkpt>
      <trkpt lat="66.98953598" lon="17.28488906">
        <time>2028-03-30T16:35:16Z</time>
      </trkpt>
      <trkpt lat="66.98967285" lon="17.28317848">
        <time>2028-03-30T16:40:35Z</time>
      </trkpt>
      <trkpt lat="66.9898311" lon="17.28154468">
        <time>2028-03-30T16:45:42Z</time>
      </trkpt>
      <trkpt lat="66.98994996" lon="17.28021724">
        <time>2028-03-30T16:49:51Z</time>
      </trkpt>
      <trkpt lat="66.99002741" lon="17.27954158">
        <time>2028-03-30T16:51:59Z</time>
      </trkpt>
      <trkpt lat="66.99005079" lon="17.27939364">
        <time>2028-03-30T16:52:28Z</time>
      </trkpt>
      <trkpt lat="66.99007552" lon="17.27925659">
        <time>2028-03-30T16:52:56Z</time>
      </trkpt>
      <trkpt lat="66.99016227" lon="17.27876407">
        <time>2028-03-30T16:54:34Z</time>
      </trkpt>
      <trkpt lat="66.99029605" lon="17.27814549">
        <time>2028-03-30T16:56:43Z</time>
      </trkpt>
      <trkpt lat="66.99041633" lon="17.27764651">
        <time>2028-03-30T16:58:30Z</time>
      </trkpt>
      <trkpt lat="66.99056528" lon="17.27706129">
        <time>2028-03-30T17:00:38Z</time>
      </trkpt>
      <trkpt lat="66.9907247" lon="17.27651571">
        <time>2028-03-30T17:02:42Z</time>
      </trkpt>
      <trkpt lat="66.99092972" lon="17.27611547">
        <time>2028-03-30T17:04:43Z</time>
      </trkpt>
      <trkpt lat="66.99094397" lon="17.27609762">
        <time>2028-03-30T17:04:50Z</time>
      </trkpt>
      <trkpt lat="66.99094397" lon="17.27609921">
        <time>2028-03-30T17:04:50Z</time>
      </trkpt>
      <trkpt lat="66.99102393" lon="17.27603107">
        <time>2028-03-30T17:05:30Z</time>
      </trkpt>
      <trkpt lat="66.99157496" lon="17.27506137">
        <time>2028-03-30T17:10:42Z</time>
      </trkpt>
      <trkpt lat="66.99217318" lon="17.27407171">
        <time>2028-03-30T17:16:15Z</time>
      </trkpt>
      <trkpt lat="66.99241013" lon="17.27371322">
        <time>2028-03-30T17:18:23Z</time>
      </trkpt>
      <trkpt lat="66.99247501" lon="17.2736315">
        <time>2028-03-30T17:18:57Z</time>
      </trkpt>
      <trkpt lat="66.99266016" lon="17.27340443">
        <time>2028-03-30T17:20:33Z</time>
      </trkpt>
      <trkpt lat="66.99288748" lon="17.27313344">
        <time>2028-03-30T17:22:30Z</time>
      </trkpt>
      <trkpt lat="66.99311681" lon="17.272841">
        <time>2028-03-30T17:24:29Z</time>
      </trkpt>
      <trkpt lat="66.99335393" lon="17.27248795">
        <time>2028-03-30T17:26:38Z</time>
      </trkpt>
      <trkpt lat="66.99357647" lon="17.27211211">
        <time>2028-03-30T17:28:42Z</time>
      </trkpt>
      <trkpt lat="66.99357614" lon="17.27201966">
        <time>2028-03-30T17:28:59Z</time>
      </trkpt>
      <trkpt lat="66.99361713" lon="17.27204832">
        <time>2028-03-30T17:29:19Z</time>
      </trkpt>
      <trkpt lat="66.99372148" lon="17.27194388">
        <time>2028-03-30T17:30:11Z</time>
      </trkpt>
      <trkpt lat="66.99432054" lon="17.27098583">
        <time>2028-03-30T17:35:41Z</time>
      </trkpt>
      <trkpt lat="66.99485941" lon="17.27007958">
        <time>2028-03-30T17:40:42Z</time>
      </trkpt>
      <trkpt lat="66.99540641" lon="17.26914927">
        <time>2028-03-30T17:45:49Z</time>
      </trkpt>
      <trkpt lat="66.99603816" lon="17.2681535">
        <time>2028-03-30T17:51:35Z</time>
      </trkpt>
      <trkpt lat="66.99665079" lon="17.26703326">
        <time>2028-03-30T17:57:27Z</time>
      </trkpt>
      <trkpt lat="66.99719804" lon="17.26607881">
        <time>2028-03-30T18:02:36Z</time>
      </trkpt>
      <trkpt lat="66.9976878" lon="17.26490141">
        <time>2028-03-30T18:07:50Z</time>
      </trkpt>
      <trkpt lat="66.99815643" lon="17.26372526">
        <time>2028-03-30T18:12:56Z</time>
      </trkpt>
      <trkpt lat="66.99848123" lon="17.26273335">
        <time>2028-03-30T18:16:52Z</time>
      </trkpt>
      <trkpt lat="66.99865306" lon="17.26216212">
        <time>2028-03-30T18:19:04Z</time>
      </trkpt>
      <trkpt lat="66.99882019" lon="17.26162207">
        <time>2028-03-30T18:21:10Z</time>
      </trkpt>
      <trkpt lat="66.99882179" lon="17.26161671">
        <time>2028-03-30T18:21:11Z</time>
      </trkpt>
      <trkpt lat="66.99894014" lon="17.2612153">
        <time>2028-03-30T18:22:43Z</time>
      </trkpt>
      <trkpt lat="66.9990864" lon="17.2607491">
        <time>2028-03-30T18:24:32Z</time>
      </trkpt>
      <trkpt lat="66.99921238" lon="17.26034484">
        <time>2028-03-30T18:26:06Z</time>
      </trkpt>
      <trkpt lat="66.99937164" lon="17.25984234">
        <time>2028-03-30T18:28:04Z</time>
      </trkpt>
      <trkpt lat="66.99954196" lon="17.25928931">
        <time>2028-03-30T18:30:13Z</time>
      </trkpt>
      <trkpt lat="66.99956987" lon="17.25920104">
        <time>2028-03-30T18:30:33Z</time>
      </trkpt>
      <trkpt lat="66.99962544" lon="17.2590635">
        <time>2028-03-30T18:31:09Z</time>
      </trkpt>
      <trkpt lat="66.99964363" lon="17.25905654">
        <time>2028-03-30T18:31:18Z</time>
      </trkpt>
      <trkpt lat="66.99965763" lon="17.25905763">
        <time>2028-03-30T18:31:24Z</time>
      </trkpt>
      <trkpt lat="66.99965587" lon="17.25905604">
        <time>2028-03-30T18:31:25Z</time>
      </trkpt>
      <trkpt lat="66.99964313" lon="17.2590718">
        <time>2028-03-30T18:31:32Z</time>
      </trkpt>
      <trkpt lat="66.99965143" lon="17.25906459">
        <time>2028-03-30T18:31:36Z</time>
      </trkpt>
      <trkpt lat="66.99963072" lon="17.25904673">
        <time>2028-03-30T18:31:46Z</time>
      </trkpt>
      <trkpt lat="66.99962729" lon="17.25903818">
        <time>2028-03-30T18:31:48Z</time>
      </trkpt>
      <trkpt lat="66.99973835" lon="17.25873761">
        <time>2028-03-30T18:33:04Z</time>
      </trkpt>
      <trkpt lat="66.99991118" lon="17.25820519">
        <time>2028-03-30T18:35:10Z</time>
      </trkpt>
      <trkpt lat="67.0002069" lon="17.25740581">
        <time>2028-03-30T18:38:31Z</time>
      </trkpt>
      <trkpt lat="67.00067829" lon="17.25635597">
        <time>2028-03-30T18:43:23Z</time>
      </trkpt>
      <trkpt lat="67.00112346" lon="17.25541477">
        <time>2028-03-30T18:47:52Z</time>
      </trkpt>
      <trkpt lat="67.00156778" lon="17.25446049">
        <time>2028-03-30T18:52:23Z</time>
      </trkpt>
      <trkpt lat="67.0020681" lon="17.25348677">
        <time>2028-03-30T18:57:17Z</time>
      </trkpt>
      <trkpt lat="67.00249775" lon="17.25232637">
        <time>2028-03-30T19:02:08Z</time>
      </trkpt>
      <trkpt lat="67.00333762" lon="17.25009838">
        <time>2028-03-30T19:11:33Z</time>
      </trkpt>
      <trkpt lat="67.00351062" lon="17.24918123">
        <time>2028-03-30T19:14:39Z</time>
      </trkpt>
      <trkpt lat="67.00381681" lon="17.24788254">
        <time>2028-03-30T19:19:16Z</time>
      </trkpt>
      <trkpt lat="67.00410859" lon="17.24668217">
        <time>2028-03-30T19:23:34Z</time>
      </trkpt>
      <trkpt lat="67.00424647" lon="17.24608161">
        <time>2028-03-30T19:25:41Z</time>
      </trkpt>
      <trkpt lat="67.00440061" lon="17.24537828">
        <time>2028-03-30T19:28:08Z</time>
      </trkpt>
      <trkpt lat="67.00464863" lon="17.24422728">
        <time>2028-03-30T19:32:07Z</time>
      </trkpt>
      <trkpt lat="67.00474829" lon="17.24345329">
        <time>2028-03-30T19:34:36Z</time>
      </trkpt>
      <trkpt lat="67.00480051" lon="17.24277578">
        <time>2028-03-30T19:36:42Z</time>
      </trkpt>
      <trkpt lat="67.00491635" lon="17.24169058">
        <time>2028-03-30T19:40:07Z</time>
      </trkpt>
      <trkpt lat="67.00500143" lon="17.23999634">
        <time>2028-03-30T19:45:19Z</time>
      </trkpt>
      <trkpt lat="67.00531843" lon="17.2385482">
        <time>2028-03-30T19:50:22Z</time>
      </trkpt>
      <trkpt lat="67.00580592" lon="17.23751513">
        <time>2028-03-30T19:55:17Z</time>
      </trkpt>
      <trkpt lat="67.00628939" lon="17.23658835">
        <time>2028-03-30T19:59:59Z</time>
      </trkpt>
      <trkpt lat="67.00652643" lon="17.23622424">
        <time>2028-03-30T20:02:08Z</time>
      </trkpt>
      <trkpt lat="67.00674855" lon="17.23581947">
        <time>2028-03-30T20:04:16Z</time>
      </trkpt>
      <trkpt lat="67.00697495" lon="17.23541454">
        <time>2028-03-30T20:06:25Z</time>
      </trkpt>
      <trkpt lat="67.00721702" lon="17.23508463">
        <time>2028-03-30T20:08:33Z</time>
      </trkpt>
      <trkpt lat="67.00759831" lon="17.23443923">
        <time>2028-03-30T20:12:06Z</time>
      </trkpt>
      <trkpt lat="67.00818328" lon="17.23377756">
        <time>2028-03-30T20:17:05Z</time>
      </trkpt>
      <trkpt lat="67.00878133" lon="17.23328998">
        <time>2028-03-30T20:21:58Z</time>
      </trkpt>
      <trkpt lat="67.00937712" lon="17.23275916">
        <time>2028-03-30T20:26:52Z</time>
      </trkpt>
      <trkpt lat="67.00996268" lon="17.23229027">
        <time>2028-03-30T20:31:39Z</time>
      </trkpt>
      <trkpt lat="67.01049836" lon="17.23205835">
        <time>2028-03-30T20:35:52Z</time>
      </trkpt>
      <trkpt lat="67.01075192" lon="17.23190378">
        <time>2028-03-30T20:37:54Z</time>
      </trkpt>
      <trkpt lat="67.01075192" lon="17.2319037">
        <time>2028-03-30T20:37:54Z</time>
      </trkpt>
      <trkpt lat="67.01075133" lon="17.23190286">
        <time>2028-03-30T20:37:54Z</time>
      </trkpt>
      <trkpt lat="67.01075074" lon="17.23190395">
        <time>2028-03-30T20:37:55Z</time>
      </trkpt>
      <trkpt lat="67.01074999" lon="17.2319063">
        <time>2028-03-30T20:37:55Z</time>
      </trkpt>
      <trkpt lat="67.01076365" lon="17.23190948">
        <time>2028-03-30T20:38:02Z</time>
      </trkpt>
      <trkpt lat="67.01076323" lon="17.23190848">
        <time>2028-03-30T20:38:02Z</time>
      </trkpt>
      <trkpt lat="67.01074823" lon="17.23176884">
        <time>2028-03-30T20:38:28Z</time>
      </trkpt>
      <trkpt lat="67.01107353" lon="17.23161997">
        <time>2028-03-30T20:41:03Z</time>
      </trkpt>
      <trkpt lat="67.01155339" lon="17.23120222">
        <time>2028-03-30T20:44:59Z</time>
      </trkpt>
      <trkpt lat="67.01180452" lon="17.23089754">
        <time>2028-03-30T20:47:09Z</time>
      </trkpt>
      <trkpt lat="67.01211708" lon="17.23036177">
        <time>2028-03-30T20:50:05Z</time>
      </trkpt>
      <trkpt lat="67.01261739" lon="17.22935795">
        <time>2028-03-30T20:55:01Z</time>
      </trkpt>
      <trkpt lat="67.01306725" lon="17.22870022">
        <time>2028-03-30T20:59:03Z</time>
      </trkpt>
      <trkpt lat="67.01367259" lon="17.22789958">
        <time>2028-03-30T21:04:21Z</time>
      </trkpt>
      <trkpt lat="67.01417031" lon="17.22731377">
        <time>2028-03-30T21:08:37Z</time>
      </trkpt>
      <trkpt lat="67.0145868" lon="17.22633963">
        <time>2028-03-30T21:13:01Z</time>
      </trkpt>
      <trkpt lat="67.01515468" lon="17.22523321">
        <time>2028-03-30T21:18:34Z</time>
      </trkpt>
      <trkpt lat="67.0154203" lon="17.22459845">
        <time>2028-03-30T21:21:23Z</time>
      </trkpt>
      <trkpt lat="67.01585826" lon="17.22335894">
        <time>2028-03-30T21:26:28Z</time>
      </trkpt>
      <trkpt lat="67.01632999" lon="17.22237557">
        <time>2028-03-30T21:31:12Z</time>
      </trkpt>
      <trkpt lat="67.01666418" lon="17.22167409">
        <time>2028-03-30T21:34:34Z</time>
      </trkpt>
      <trkpt lat="67.0166941" lon="17.22155406">
        <time>2028-03-30T21:35:00Z</time>
      </trkpt>
      <trkpt lat="67.01680214" lon="17.22096708">
        <time>2028-03-30T21:36:58Z</time>
      </trkpt>
      <trkpt lat="67.01701202" lon="17.2204536">
        <time>2028-03-30T21:39:14Z</time>
      </trkpt>
      <trkpt lat="67.01725342" lon="17.22012662">
        <time>2028-03-30T21:41:21Z</time>
      </trkpt>
      <trkpt lat="67.01745501" lon="17.21986486">
        <time>2028-03-30T21:43:07Z</time>
      </trkpt>
      <trkpt lat="67.01771703" lon="17.21950167">
        <time>2028-03-30T21:45:26Z</time>
      </trkpt>
      <trkpt lat="67.01794937" lon="17.2191565">
        <time>2028-03-30T21:47:31Z</time>
      </trkpt>
      <trkpt lat="67.01795583" lon="17.21915147">
        <time>2028-03-30T21:47:34Z</time>
      </trkpt>
      <trkpt lat="67.01812439" lon="17.21880396">
        <time>2028-03-30T21:49:16Z</time>
      </trkpt>
      <trkpt lat="67.01828322" lon="17.21825486">
        <time>2028-03-30T21:51:20Z</time>
      </trkpt>
      <trkpt lat="67.01830342" lon="17.21816601">
        <time>2028-03-30T21:51:39Z</time>
      </trkpt>
      <trkpt lat="67.01831566" lon="17.21816241">
        <time>2028-03-30T21:51:45Z</time>
      </trkpt>
      <trkpt lat="67.01845874" lon="17.21752429">
        <time>2028-03-30T21:53:59Z</time>
      </trkpt>
      <trkpt lat="67.01869058" lon="17.21703286">
        <time>2028-03-30T21:56:19Z</time>
      </trkpt>
      <trkpt lat="67.01892402" lon="17.21670656">
        <time>2028-03-30T21:58:23Z</time>
      </trkpt>
      <trkpt lat="67.01905562" lon="17.21652467">
        <time>2028-03-30T21:59:33Z</time>
      </trkpt>
      <trkpt lat="67.01934974" lon="17.21612494">
        <time>2028-03-30T22:02:09Z</time>
      </trkpt>
      <trkpt lat="67.01953598" lon="17.21582662">
        <time>2028-03-30T22:03:51Z</time>
      </trkpt>
      <trkpt lat="67.01972256" lon="17.2154465">
        <time>2028-03-30T22:05:43Z</time>
      </trkpt>
      <trkpt lat="67.01988299" lon="17.21486765">
        <time>2028-03-30T22:07:52Z</time>
      </trkpt>
      <trkpt lat="67.02002783" lon="17.21428477">
        <time>2028-03-30T22:09:58Z</time>
      </trkpt>
      <trkpt lat="67.02021534" lon="17.21384414">
        <time>2028-03-30T22:11:57Z</time>
      </trkpt>
      <trkpt lat="67.02040192" lon="17.21332387">
        <time>2028-03-30T22:14:06Z</time>
      </trkpt>
      <trkpt lat="67.02058246" lon="17.21270981">
        <time>2028-03-30T22:16:26Z</time>
      </trkpt>
      <trkpt lat="67.02076896" lon="17.21199945">
        <time>2028-03-30T22:19:02Z</time>
      </trkpt>
      <trkpt lat="67.02077634" lon="17.21197732">
        <time>2028-03-30T22:19:07Z</time>
      </trkpt>
      <trkpt lat="67.02077676" lon="17.21196743">
        <time>2028-03-30T22:19:09Z</time>
      </trkpt>
      <trkpt lat="67.02077684" lon="17.21195896">
        <time>2028-03-30T22:19:10Z</time>
      </trkpt>
      <trkpt lat="67.0207786" lon="17.21195402">
        <time>2028-03-30T22:19:12Z</time>
      </trkpt>
      <trkpt lat="67.02077944" lon="17.21195066">
        <time>2028-03-30T22:19:12Z</time>
      </trkpt>
      <trkpt lat="67.02082034" lon="17.21179401">
        <time>2028-03-30T22:19:47Z</time>
      </trkpt>
      <trkpt lat="67.0212122" lon="17.21097736">
        <time>2028-03-30T22:23:43Z</time>
      </trkpt>
      <trkpt lat="67.02171276" lon="17.20970088">
        <time>2028-03-30T22:29:12Z</time>
      </trkpt>
      <trkpt lat="67.02208978" lon="17.20869337">
        <time>2028-03-30T22:33:27Z</time>
      </trkpt>
      <trkpt lat="67.02258649" lon="17.20749442">
        <time>2028-03-30T22:38:45Z</time>
      </trkpt>
      <trkpt lat="67.02301942" lon="17.20621258">
        <time>2028-03-30T22:43:54Z</time>
      </trkpt>
      <trkpt lat="67.0234339" lon="17.20485111">
        <time>2028-03-30T22:49:09Z</time>
      </trkpt>
      <trkpt lat="67.02370866" lon="17.20309837">
        <time>2028-03-30T22:54:53Z</time>
      </trkpt>
      <trkpt lat="67.02399256" lon="17.20161846">
        <time>2028-03-30T22:59:54Z</time>
      </trkpt>
      <trkpt lat="67.02424167" lon="17.19995985">
        <time>2028-03-30T23:05:18Z</time>
      </trkpt>
      <trkpt lat="67.02455448" lon="17.19843216">
        <time>2028-03-30T23:10:32Z</time>
      </trkpt>
      <trkpt lat="67.02500031" lon="17.19688654">
        <time>2028-03-30T23:16:22Z</time>
      </trkpt>
      <trkpt lat="67.02531757" lon="17.196492">
        <time>2028-03-30T23:19:07Z</time>
      </trkpt>
      <trkpt lat="67.02531572" lon="17.19648798">
        <time>2028-03-30T23:19:08Z</time>
      </trkpt>
      <trkpt lat="67.02529645" lon="17.19653173">
        <time>2028-03-30T23:19:20Z</time>
      </trkpt>
      <trkpt lat="67.03244168" lon="17.18639474">
        <time>2028-03-31T00:22:54Z</time>
      </trkpt>
      <trkpt lat="67.0330192" lon="17.18600448">
        <time>2028-03-31T00:27:33Z</time>
      </trkpt>
      <trkpt lat="67.03364985" lon="17.18570684">
        <time>2028-03-31T00:32:32Z</time>
      </trkpt>
      <trkpt lat="67.03425595" lon="17.18541875">
        <time>2028-03-31T00:37:20Z</time>
      </trkpt>
      <trkpt lat="67.03491258" lon="17.1852196">
        <time>2028-03-31T00:42:29Z</time>
      </trkpt>
      <trkpt lat="67.03524778" lon="17.18509429">
        <time>2028-03-31T00:45:07Z</time>
      </trkpt>
      <trkpt lat="67.03531173" lon="17.18506571">
        <time>2028-03-31T00:45:37Z</time>
      </trkpt>
      <trkpt lat="67.03543243" lon="17.18501341">
        <time>2028-03-31T00:46:34Z</time>
      </trkpt>
      <trkpt lat="67.03547132" lon="17.18499924">
        <time>2028-03-31T00:46:53Z</time>
      </trkpt>
      <trkpt lat="67.03552773" lon="17.18496244">
        <time>2028-03-31T00:47:20Z</time>
      </trkpt>
      <trkpt lat="67.03577634" lon="17.18484392">
        <time>2028-03-31T00:49:18Z</time>
      </trkpt>
      <trkpt lat="67.03601254" lon="17.1847109">
        <time>2028-03-31T00:51:11Z</time>
      </trkpt>
      <trkpt lat="67.03603551" lon="17.18470336">
        <time>2028-03-31T00:51:22Z</time>
      </trkpt>
      <trkpt lat="67.03602126" lon="17.18471467">
        <time>2028-03-31T00:51:29Z</time>
      </trkpt>
      <trkpt lat="67.03602168" lon="17.18471115">
        <time>2028-03-31T00:51:29Z</time>
      </trkpt>
      <trkpt lat="67.03602444" lon="17.18470747">
        <time>2028-03-31T00:51:31Z</time>
      </trkpt>
      <trkpt lat="67.03603199" lon="17.18475172">
        <time>2028-03-31T00:51:40Z</time>
      </trkpt>
      <trkpt lat="67.03603232" lon="17.18480235">
        <time>2028-03-31T00:51:49Z</time>
      </trkpt>
      <trkpt lat="67.0360262" lon="17.18481526">
        <time>2028-03-31T00:51:52Z</time>
      </trkpt>
      <trkpt lat="67.03629233" lon="17.1845125">
        <time>2028-03-31T00:54:08Z</time>
      </trkpt>
      <trkpt lat="67.03697613" lon="17.18405971">
        <time>2028-03-31T00:59:38Z</time>
      </trkpt>
      <trkpt lat="67.03764894" lon="17.18380717">
        <time>2028-03-31T01:04:56Z</time>
      </trkpt>
      <trkpt lat="67.03826987" lon="17.18336661">
        <time>2028-03-31T01:09:56Z</time>
      </trkpt>
      <trkpt lat="67.03887261" lon="17.18303704">
        <time>2028-03-31T01:14:44Z</time>
      </trkpt>
      <trkpt lat="67.03947108" lon="17.18298272">
        <time>2028-03-31T01:19:24Z</time>
      </trkpt>
      <trkpt lat="67.04009528" lon="17.18291206">
        <time>2028-03-31T01:24:16Z</time>
      </trkpt>
      <trkpt lat="67.04076374" lon="17.18297979">
        <time>2028-03-31T01:29:28Z</time>
      </trkpt>
      <trkpt lat="67.04131007" lon="17.18336628">
        <time>2028-03-31T01:33:53Z</time>
      </trkpt>
      <trkpt lat="67.04159539" lon="17.18366208">
        <time>2028-03-31T01:36:16Z</time>
      </trkpt>
      <trkpt lat="67.04183285" lon="17.1840266">
        <time>2028-03-31T01:38:26Z</time>
      </trkpt>
      <trkpt lat="67.04206604" lon="17.18439918">
        <time>2028-03-31T01:40:34Z</time>
      </trkpt>
      <trkpt lat="67.04229084" lon="17.18481417">
        <time>2028-03-31T01:42:43Z</time>
      </trkpt>
      <trkpt lat="67.0425262" lon="17.1851766">
        <time>2028-03-31T01:44:51Z</time>
      </trkpt>
      <trkpt lat="67.04275494" lon="17.18555287">
        <time>2028-03-31T01:46:58Z</time>
      </trkpt>
      <trkpt lat="67.04336062" lon="17.18623716">
        <time>2028-03-31T01:52:07Z</time>
      </trkpt>
      <trkpt lat="67.04390796" lon="17.18685064">
        <time>2028-03-31T01:56:46Z</time>
      </trkpt>
      <trkpt lat="67.04452059" lon="17.18754407">
        <time>2028-03-31T02:01:59Z</time>
      </trkpt>
      <trkpt lat="67.04502275" lon="17.18822535">
        <time>2028-03-31T02:06:24Z</time>
      </trkpt>
      <trkpt lat="67.04561284" lon="17.18841814">
        <time>2028-03-31T02:11:02Z</time>
      </trkpt>
      <trkpt lat="67.04626537" lon="17.18738356">
        <time>2028-03-31T02:17:00Z</time>
      </trkpt>
      <trkpt lat="67.04648523" lon="17.18624169">
        <time>2028-03-31T02:20:52Z</time>
      </trkpt>
      <trkpt lat="67.0469288" lon="17.18576585">
        <time>2028-03-31T02:24:37Z</time>
      </trkpt>
      <trkpt lat="67.04748896" lon="17.18505322">
        <time>2028-03-31T02:29:29Z</time>
      </trkpt>
      <trkpt lat="67.04794452" lon="17.18460965">
        <time>2028-03-31T02:33:16Z</time>
      </trkpt>
      <trkpt lat="67.04826747" lon="17.18418167">
        <time>2028-03-31T02:36:06Z</time>
      </trkpt>
      <trkpt lat="67.04840703" lon="17.18290251">
        <time>2028-03-31T02:40:08Z</time>
      </trkpt>
      <trkpt lat="67.04855849" lon="17.18161329">
        <time>2028-03-31T02:44:13Z</time>
      </trkpt>
      <trkpt lat="67.04878304" lon="17.18073914">
        <time>2028-03-31T02:47:23Z</time>
      </trkpt>
      <trkpt lat="67.04909116" lon="17.18005735">
        <time>2028-03-31T02:50:33Z</time>
      </trkpt>
      <trkpt lat="67.04943448" lon="17.17930617">
        <time>2028-03-31T02:54:04Z</time>
      </trkpt>
      <trkpt lat="67.0498229" lon="17.17844149">
        <time>2028-03-31T02:58:04Z</time>
      </trkpt>
      <trkpt lat="67.05009556" lon="17.17775602">
        <time>2028-03-31T03:01:03Z</time>
      </trkpt>
      <trkpt lat="67.05046671" lon="17.17701162">
        <time>2028-03-31T03:04:43Z</time>
      </trkpt>
      <trkpt lat="67.05088606" lon="17.1762637">
        <time>2028-03-31T03:08:41Z</time>
      </trkpt>
      <trkpt lat="67.05141094" lon="17.17521597">
        <time>2028-03-31T03:13:52Z</time>
      </trkpt>
      <trkpt lat="67.05196615" lon="17.17454433">
        <time>2028-03-31T03:18:38Z</time>
      </trkpt>
      <trkpt lat="67.05240838" lon="17.17410394">
        <time>2028-03-31T03:22:20Z</time>
      </trkpt>
      <trkpt lat="67.05277375" lon="17.17338008">
        <time>2028-03-31T03:25:55Z</time>
      </trkpt>
      <trkpt lat="67.05310877" lon="17.17301555">
        <time>2028-03-31T03:28:45Z</time>
      </trkpt>
      <trkpt lat="67.05356232" lon="17.17224156">
        <time>2028-03-31T03:33:00Z</time>
      </trkpt>
      <trkpt lat="67.05382627" lon="17.17206563">
        <time>2028-03-31T03:35:07Z</time>
      </trkpt>
      <trkpt lat="67.05418593" lon="17.17219446">
        <time>2028-03-31T03:37:57Z</time>
      </trkpt>
      <trkpt lat="67.05460553" lon="17.17222899">
        <time>2028-03-31T03:41:13Z</time>
      </trkpt>
      <trkpt lat="67.05497467" lon="17.17226118">
        <time>2028-03-31T03:44:05Z</time>
      </trkpt>
      <trkpt lat="67.05541975" lon="17.17221793">
        <time>2028-03-31T03:47:33Z</time>
      </trkpt>
      <trkpt lat="67.05590582" lon="17.17228632">
        <time>2028-03-31T03:51:20Z</time>
      </trkpt>
      <trkpt lat="67.05632986" lon="17.17231742">
        <time>2028-03-31T03:54:38Z</time>
      </trkpt>
      <trkpt lat="67.05682615" lon="17.17236537">
        <time>2028-03-31T03:58:30Z</time>
      </trkpt>
      <trkpt lat="67.05744834" lon="17.17241423">
        <time>2028-03-31T04:03:21Z</time>
      </trkpt>
      <trkpt lat="67.05792409" lon="17.17252479">
        <time>2028-03-31T04:07:04Z</time>
      </trkpt>
      <trkpt lat="67.05818418" lon="17.17211709">
        <time>2028-03-31T04:09:26Z</time>
      </trkpt>
      <trkpt lat="67.05837881" lon="17.17126884">
        <time>2028-03-31T04:12:25Z</time>
      </trkpt>
      <trkpt lat="67.05863203" lon="17.1704615">
        <time>2028-03-31T04:15:34Z</time>
      </trkpt>
      <trkpt lat="67.05903629" lon="17.16994635">
        <time>2028-03-31T04:19:05Z</time>
      </trkpt>
      <trkpt lat="67.05938682" lon="17.16924981">
        <time>2028-03-31T04:22:32Z</time>
      </trkpt>
      <trkpt lat="67.05975898" lon="17.1687956">
        <time>2028-03-31T04:25:44Z</time>
      </trkpt>
      <trkpt lat="67.06015259" lon="17.16822756">
        <time>2028-03-31T04:29:15Z</time>
      </trkpt>
      <trkpt lat="67.06042098" lon="17.16809403">
        <time>2028-03-31T04:31:23Z</time>
      </trkpt>
      <trkpt lat="67.06070035" lon="17.16803662">
        <time>2028-03-31T04:33:34Z</time>
      </trkpt>
      <trkpt lat="67.06091568" lon="17.16734301">
        <time>2028-03-31T04:36:15Z</time>
      </trkpt>
      <trkpt lat="67.06118231" lon="17.16721469">
        <time>2028-03-31T04:38:22Z</time>
      </trkpt>
      <trkpt lat="67.06141516" lon="17.16678352">
        <time>2028-03-31T04:40:36Z</time>
      </trkpt>
      <trkpt lat="67.0618314" lon="17.16557854">
        <time>2028-03-31T04:45:29Z</time>
      </trkpt>
      <trkpt lat="67.062208" lon="17.16426711">
        <time>2028-03-31T04:50:25Z</time>
      </trkpt>
      <trkpt lat="67.0626561" lon="17.16294092">
        <time>2028-03-31T04:55:45Z</time>
      </trkpt>
      <trkpt lat="67.06274419" lon="17.16132749">
        <time>2028-03-31T05:00:41Z</time>
      </trkpt>
      <trkpt lat="67.06314661" lon="17.16019174">
        <time>2028-03-31T05:05:20Z</time>
      </trkpt>
      <trkpt lat="67.06370786" lon="17.15926546">
        <time>2028-03-31T05:10:32Z</time>
      </trkpt>
      <trkpt lat="67.06421563" lon="17.15838636">
        <time>2028-03-31T05:15:18Z</time>
      </trkpt>
      <trkpt lat="67.06479273" lon="17.1571787">
        <time>2028-03-31T05:21:06Z</time>
      </trkpt>
      <trkpt lat="67.06500982" lon="17.15668081">
        <time>2028-03-31T05:23:22Z</time>
      </trkpt>
      <trkpt lat="67.06524024" lon="17.15631033">
        <time>2028-03-31T05:25:29Z</time>
      </trkpt>
      <trkpt lat="67.06573896" lon="17.15637043">
        <time>2028-03-31T05:29:22Z</time>
      </trkpt>
      <trkpt lat="67.0662526" lon="17.15673446">
        <time>2028-03-31T05:33:30Z</time>
      </trkpt>
      <trkpt lat="67.06686557" lon="17.1569943">
        <time>2028-03-31T05:38:21Z</time>
      </trkpt>
      <trkpt lat="67.06722524" lon="17.15706814">
        <time>2028-03-31T05:41:09Z</time>
      </trkpt>
      <trkpt lat="67.06729154" lon="17.15709144">
        <time>2028-03-31T05:41:40Z</time>
      </trkpt>
      <trkpt lat="67.06737821" lon="17.15713587">
        <time>2028-03-31T05:42:22Z</time>
      </trkpt>
      <trkpt lat="67.06758088" lon="17.15720736">
        <time>2028-03-31T05:43:57Z</time>
      </trkpt>
      <trkpt lat="67.06776671" lon="17.15729219">
        <time>2028-03-31T05:45:25Z</time>
      </trkpt>
      <trkpt lat="67.06784064" lon="17.15749822">
        <time>2028-03-31T05:46:16Z</time>
      </trkpt>
      <trkpt lat="67.06786486" lon="17.15760425">
        <time>2028-03-31T05:46:39Z</time>
      </trkpt>
      <trkpt lat="67.06787786" lon="17.15773635">
        <time>2028-03-31T05:47:03Z</time>
      </trkpt>
      <trkpt lat="67.0678538" lon="17.15780885">
        <time>2028-03-31T05:47:21Z</time>
      </trkpt>
      <trkpt lat="67.06785531" lon="17.15780717">
        <time>2028-03-31T05:47:21Z</time>
      </trkpt>
      <trkpt lat="67.0678859" lon="17.15782855">
        <time>2028-03-31T05:47:36Z</time>
      </trkpt>
      <trkpt lat="67.06790577" lon="17.15780692">
        <time>2028-03-31T05:47:46Z</time>
      </trkpt>
      <trkpt lat="67.06790074" lon="17.15779569">
        <time>2028-03-31T05:47:49Z</time>
      </trkpt>
      <trkpt lat="67.06790376" lon="17.15780374">
        <time>2028-03-31T05:47:51Z</time>
      </trkpt>
      <trkpt lat="67.06791272" lon="17.15784472">
        <time>2028-03-31T05:48:00Z</time>
      </trkpt>
      <trkpt lat="67.06792287" lon="17.15791882">
        <time>2028-03-31T05:48:14Z</time>
      </trkpt>
      <trkpt lat="67.0679253" lon="17.15791203">
        <time>2028-03-31T05:48:16Z</time>
      </trkpt>
      <trkpt lat="67.06793452" lon="17.15792569">
        <time>2028-03-31T05:48:21Z</time>
      </trkpt>
      <trkpt lat="67.06793611" lon="17.15792863">
        <time>2028-03-31T05:48:22Z</time>
      </trkpt>
      <trkpt lat="67.0679408" lon="17.15793139">
        <time>2028-03-31T05:48:24Z</time>
      </trkpt>
      <trkpt lat="67.06802554" lon="17.15774188">
        <time>2028-03-31T05:49:17Z</time>
      </trkpt>
      <trkpt lat="67.06792613" lon="17.15814991">
        <time>2028-03-31T05:50:44Z</time>
      </trkpt>
      <trkpt lat="67.06796176" lon="17.15813264">
        <time>2028-03-31T05:51:01Z</time>
      </trkpt>
      <trkpt lat="67.06789135" lon="17.15830288">
        <time>2028-03-31T05:51:46Z</time>
      </trkpt>
      <trkpt lat="67.06790862" lon="17.15829181">
        <time>2028-03-31T05:51:55Z</time>
      </trkpt>
      <trkpt lat="67.06792739" lon="17.15773643">
        <time>2028-03-31T05:53:36Z</time>
      </trkpt>
      <trkpt lat="67.06826468" lon="17.15641678">
        <time>2028-03-31T05:58:23Z</time>
      </trkpt>
      <trkpt lat="67.06866508" lon="17.15527928">
        <time>2028-03-31T06:03:02Z</time>
      </trkpt>
      <trkpt lat="67.06889341" lon="17.15463772">
        <time>2028-03-31T06:05:40Z</time>
      </trkpt>
      <trkpt lat="67.0690742" lon="17.15410782">
        <time>2028-03-31T06:07:48Z</time>
      </trkpt>
      <trkpt lat="67.06949146" lon="17.15285406">
        <time>2028-03-31T06:12:48Z</time>
      </trkpt>
      <trkpt lat="67.06969262" lon="17.15238408">
        <time>2028-03-31T06:14:55Z</time>
      </trkpt>
      <trkpt lat="67.06973629" lon="17.15224042">
        <time>2028-03-31T06:15:28Z</time>
      </trkpt>
      <trkpt lat="67.06978549" lon="17.15209994">
        <time>2028-03-31T06:16:03Z</time>
      </trkpt>
      <trkpt lat="67.06979999" lon="17.15205928">
        <time>2028-03-31T06:16:13Z</time>
      </trkpt>
      <trkpt lat="67.06980687" lon="17.15204176">
        <time>2028-03-31T06:16:17Z</time>
      </trkpt>
      <trkpt lat="67.06995699" lon="17.15162183">
        <time>2028-03-31T06:18:01Z</time>
      </trkpt>
      <trkpt lat="67.07011666" lon="17.15128547">
        <time>2028-03-31T06:19:37Z</time>
      </trkpt>
      <trkpt lat="67.07013862" lon="17.15122771">
        <time>2028-03-31T06:19:52Z</time>
      </trkpt>
      <trkpt lat="67.07029528" lon="17.15082329">
        <time>2028-03-31T06:21:36Z</time>
      </trkpt>
      <trkpt lat="67.07032973" lon="17.15071457">
        <time>2028-03-31T06:22:01Z</time>
      </trkpt>
      <trkpt lat="67.07041103" lon="17.15049815">
        <time>2028-03-31T06:22:56Z</time>
      </trkpt>
      <trkpt lat="67.07053567" lon="17.15021091">
        <time>2028-03-31T06:24:14Z</time>
      </trkpt>
      <trkpt lat="67.07056367" lon="17.15014134">
        <time>2028-03-31T06:24:32Z</time>
      </trkpt>
      <trkpt lat="67.07055839" lon="17.15013916">
        <time>2028-03-31T06:24:35Z</time>
      </trkpt>
      <trkpt lat="67.0705661" lon="17.15016665">
        <time>2028-03-31T06:24:41Z</time>
      </trkpt>
      <trkpt lat="67.0705697" lon="17.15032976">
        <time>2028-03-31T06:25:11Z</time>
      </trkpt>
      <trkpt lat="67.07057867" lon="17.15044032">
        <time>2028-03-31T06:25:31Z</time>
      </trkpt>
      <trkpt lat="67.07066651" lon="17.14992818">
        <time>2028-03-31T06:27:13Z</time>
      </trkpt>
      <trkpt lat="67.07103901" lon="17.14875765">
        <time>2028-03-31T06:31:48Z</time>
      </trkpt>
      <trkpt lat="67.07138007" lon="17.14710826">
        <time>2028-03-31T06:37:28Z</time>
      </trkpt>
      <trkpt lat="67.07175164" lon="17.14575651">
        <time>2028-03-31T06:42:29Z</time>
      </trkpt>
      <trkpt lat="67.07207442" lon="17.14444709">
        <time>2028-03-31T06:47:10Z</time>
      </trkpt>
      <trkpt lat="67.07216201" lon="17.1441637">
        <time>2028-03-31T06:48:16Z</time>
      </trkpt>
      <trkpt lat="67.07216151" lon="17.14415356">
        <time>2028-03-31T06:48:18Z</time>
      </trkpt>
      <trkpt lat="67.07216453" lon="17.14408726">
        <time>2028-03-31T06:48:30Z</time>
      </trkpt>
      <trkpt lat="67.07215841" lon="17.14400612">
        <time>2028-03-31T06:48:45Z</time>
      </trkpt>
      <trkpt lat="67.07221063" lon="17.14378685">
        <time>2028-03-31T06:49:32Z</time>
      </trkpt>
      <trkpt lat="67.0725392" lon="17.14267415">
        <time>2028-03-31T06:53:46Z</time>
      </trkpt>
      <trkpt lat="67.07272327" lon="17.14208658">
        <time>2028-03-31T06:56:03Z</time>
      </trkpt>
      <trkpt lat="67.0730691" lon="17.14147311">
        <time>2028-03-31T06:59:19Z</time>
      </trkpt>
      <trkpt lat="67.07356003" lon="17.14078462">
        <time>2028-03-31T07:03:41Z</time>
      </trkpt>
      <trkpt lat="67.07476225" lon="17.1397694">
        <time>2028-03-31T07:13:32Z</time>
      </trkpt>
      <trkpt lat="67.07552156" lon="17.14028698">
        <time>2028-03-31T07:19:38Z</time>
      </trkpt>
      <trkpt lat="67.07584184" lon="17.14057541">
        <time>2028-03-31T07:22:17Z</time>
      </trkpt>
      <trkpt lat="67.07627116" lon="17.14042545">
        <time>2028-03-31T07:25:39Z</time>
      </trkpt>
      <trkpt lat="67.07680777" lon="17.1410152">
        <time>2028-03-31T07:30:12Z</time>
      </trkpt>
      <trkpt lat="67.07708705" lon="17.14121545">
        <time>2028-03-31T07:32:27Z</time>
      </trkpt>
      <trkpt lat="67.07761813" lon="17.14134864">
        <time>2028-03-31T07:36:36Z</time>
      </trkpt>
      <trkpt lat="67.07858976" lon="17.14154083">
        <time>2028-03-31T07:44:11Z</time>
      </trkpt>
      <trkpt lat="67.0796271" lon="17.14187653">
        <time>2028-03-31T07:52:20Z</time>
      </trkpt>
      <trkpt lat="67.08018819" lon="17.14239042">
        <time>2028-03-31T07:56:58Z</time>
      </trkpt>
      <trkpt lat="67.08068649" lon="17.14276493">
        <time>2028-03-31T08:01:00Z</time>
      </trkpt>
      <trkpt lat="67.0809584" lon="17.14304958">
        <time>2028-03-31T08:03:17Z</time>
      </trkpt>
      <trkpt lat="67.08100618" lon="17.14310766">
        <time>2028-03-31T08:03:42Z</time>
      </trkpt>
      <trkpt lat="67.08101506" lon="17.14311697">
        <time>2028-03-31T08:03:46Z</time>
      </trkpt>
      <trkpt lat="67.0812081" lon="17.14330036">
        <time>2028-03-31T08:05:22Z</time>
      </trkpt>
      <trkpt lat="67.08143181" lon="17.14341025">
        <time>2028-03-31T08:07:09Z</time>
      </trkpt>
      <trkpt lat="67.08171143" lon="17.14354511">
        <time>2028-03-31T08:09:22Z</time>
      </trkpt>
      <trkpt lat="67.08176357" lon="17.14371962">
        <time>2028-03-31T08:10:02Z</time>
      </trkpt>
      <trkpt lat="67.08177078" lon="17.14376246">
        <time>2028-03-31T08:10:10Z</time>
      </trkpt>
      <trkpt lat="67.08178142" lon="17.14379607">
        <time>2028-03-31T08:10:18Z</time>
      </trkpt>
      <trkpt lat="67.08198099" lon="17.14367461">
        <time>2028-03-31T08:11:54Z</time>
      </trkpt>
      <trkpt lat="67.08201041" lon="17.14364578">
        <time>2028-03-31T08:12:09Z</time>
      </trkpt>
      <trkpt lat="67.08201729" lon="17.14364368">
        <time>2028-03-31T08:12:12Z</time>
      </trkpt>
      <trkpt lat="67.08201553" lon="17.1436498">
        <time>2028-03-31T08:12:13Z</time>
      </trkpt>
      <trkpt lat="67.0820157" lon="17.14364788">
        <time>2028-03-31T08:12:13Z</time>
      </trkpt>
      <trkpt lat="67.08201528" lon="17.14364788">
        <time>2028-03-31T08:12:14Z</time>
      </trkpt>
      <trkpt lat="67.08201586" lon="17.14364687">
        <time>2028-03-31T08:12:14Z</time>
      </trkpt>
      <trkpt lat="67.08209792" lon="17.14357571">
        <time>2028-03-31T08:12:54Z</time>
      </trkpt>
      <trkpt lat="67.08239179" lon="17.14359893">
        <time>2028-03-31T08:15:12Z</time>
      </trkpt>
      <trkpt lat="67.08287601" lon="17.1433665">
        <time>2028-03-31T08:19:02Z</time>
      </trkpt>
      <trkpt lat="67.08357959" lon="17.14330807">
        <time>2028-03-31T08:24:30Z</time>
      </trkpt>
      <trkpt lat="67.08414461" lon="17.14286651">
        <time>2028-03-31T08:29:06Z</time>
      </trkpt>
      <trkpt lat="67.08475767" lon="17.14275235">
        <time>2028-03-31T08:33:53Z</time>
      </trkpt>
      <trkpt lat="67.08516033" lon="17.14262218">
        <time>2028-03-31T08:37:03Z</time>
      </trkpt>
      <trkpt lat="67.08570373" lon="17.14262981">
        <time>2028-03-31T08:41:16Z</time>
      </trkpt>
      <trkpt lat="67.08632047" lon="17.14219797">
        <time>2028-03-31T08:46:15Z</time>
      </trkpt>
      <trkpt lat="67.08690939" lon="17.14181199">
        <time>2028-03-31T08:50:59Z</time>
      </trkpt>
      <trkpt lat="67.08743677" lon="17.14150764">
        <time>2028-03-31T08:55:11Z</time>
      </trkpt>
      <trkpt lat="67.08812702" lon="17.14089006">
        <time>2028-03-31T09:00:52Z</time>
      </trkpt>
      <trkpt lat="67.08847923" lon="17.14074078">
        <time>2028-03-31T09:03:39Z</time>
      </trkpt>
      <trkpt lat="67.0887814" lon="17.14088906">
        <time>2028-03-31T09:06:03Z</time>
      </trkpt>
      <trkpt lat="67.08905021" lon="17.1407904">
        <time>2028-03-31T09:08:09Z</time>
      </trkpt>
      <trkpt lat="67.08942236" lon="17.14091437">
        <time>2028-03-31T09:11:05Z</time>
      </trkpt>
      <trkpt lat="67.08965588" lon="17.1409821">
        <time>2028-03-31T09:12:54Z</time>
      </trkpt>
      <trkpt lat="67.08965287" lon="17.14098134">
        <time>2028-03-31T09:12:56Z</time>
      </trkpt>
      <trkpt lat="67.08965236" lon="17.14098126">
        <time>2028-03-31T09:12:56Z</time>
      </trkpt>
      <trkpt lat="67.08966376" lon="17.14104705">
        <time>2028-03-31T09:13:09Z</time>
      </trkpt>
      <trkpt lat="67.08966142" lon="17.14107078">
        <time>2028-03-31T09:13:14Z</time>
      </trkpt>
      <trkpt lat="67.08968262" lon="17.14105477">
        <time>2028-03-31T09:13:24Z</time>
      </trkpt>
      <trkpt lat="67.08968514" lon="17.14106767">
        <time>2028-03-31T09:13:27Z</time>
      </trkpt>
      <trkpt lat="67.08973434" lon="17.14115946">
        <time>2028-03-31T09:13:55Z</time>
      </trkpt>
      <trkpt lat="67.08973526" lon="17.14115753">
        <time>2028-03-31T09:13:56Z</time>
      </trkpt>
      <trkpt lat="67.08973685" lon="17.14115887">
        <time>2028-03-31T09:13:56Z</time>
      </trkpt>
      <trkpt lat="67.08973677" lon="17.14115879">
        <time>2028-03-31T09:13:56Z</time>
      </trkpt>
      <trkpt lat="67.08974951" lon="17.14121637">
        <time>2028-03-31T09:14:08Z</time>
      </trkpt>
      <trkpt lat="67.0897651" lon="17.14126943">
        <time>2028-03-31T09:14:20Z</time>
      </trkpt>
      <trkpt lat="67.08976476" lon="17.14126683">
        <time>2028-03-31T09:14:21Z</time>
      </trkpt>
      <trkpt lat="67.08975756" lon="17.14122869">
        <time>2028-03-31T09:14:29Z</time>
      </trkpt>
      <trkpt lat="67.08977675" lon="17.14112828">
        <time>2028-03-31T09:14:49Z</time>
      </trkpt>
      <trkpt lat="67.08978203" lon="17.14112006">
        <time>2028-03-31T09:14:52Z</time>
      </trkpt>
      <trkpt lat="67.08995311" lon="17.14096684">
        <time>2028-03-31T09:16:16Z</time>
      </trkpt>
      <trkpt lat="67.09026231" lon="17.1415726">
        <time>2028-03-31T09:19:18Z</time>
      </trkpt>
      <trkpt lat="67.09039894" lon="17.14258388">
        <time>2028-03-31T09:22:33Z</time>
      </trkpt>
      <trkpt lat="67.09066691" lon="17.14273165">
        <time>2028-03-31T09:24:41Z</time>
      </trkpt>
      <trkpt lat="67.09124174" lon="17.14276887">
        <time>2028-03-31T09:29:09Z</time>
      </trkpt>
      <trkpt lat="67.09149429" lon="17.14346758">
        <time>2028-03-31T09:32:02Z</time>
      </trkpt>
      <trkpt lat="67.09195931" lon="17.14386421">
        <time>2028-03-31T09:35:51Z</time>
      </trkpt>
      <trkpt lat="67.09231848" lon="17.14416713">
        <time>2028-03-31T09:38:48Z</time>
      </trkpt>
      <trkpt lat="67.09287118" lon="17.14446285">
        <time>2028-03-31T09:43:11Z</time>
      </trkpt>
      <trkpt lat="67.09366377" lon="17.14514849">
        <time>2028-03-31T09:49:42Z</time>
      </trkpt>
      <trkpt lat="67.09405663" lon="17.1453722">
        <time>2028-03-31T09:52:50Z</time>
      </trkpt>
      <trkpt lat="67.09427305" lon="17.14612297">
        <time>2028-03-31T09:55:39Z</time>
      </trkpt>
      <trkpt lat="67.09441303" lon="17.14723692">
        <time>2028-03-31T09:59:12Z</time>
      </trkpt>
      <trkpt lat="67.09466239" lon="17.14838248">
        <time>2028-03-31T10:03:11Z</time>
      </trkpt>
      <trkpt lat="67.09507168" lon="17.14918488">
        <time>2028-03-31T10:07:11Z</time>
      </trkpt>
      <trkpt lat="67.09531283" lon="17.14956114">
        <time>2028-03-31T10:09:23Z</time>
      </trkpt>
      <trkpt lat="67.09547427" lon="17.15034183">
        <time>2028-03-31T10:12:03Z</time>
      </trkpt>
      <trkpt lat="67.0957476" lon="17.15170909">
        <time>2028-03-31T10:16:43Z</time>
      </trkpt>
      <trkpt lat="67.09637716" lon="17.15279337">
        <time>2028-03-31T10:22:37Z</time>
      </trkpt>
      <trkpt lat="67.09673951" lon="17.15347909">
        <time>2028-03-31T10:26:07Z</time>
      </trkpt>
      <trkpt lat="67.09708468" lon="17.15428837">
        <time>2028-03-31T10:29:45Z</time>
      </trkpt>
      <trkpt lat="67.09740118" lon="17.15462959">
        <time>2028-03-31T10:32:25Z</time>
      </trkpt>
      <trkpt lat="67.09784081" lon="17.15503846">
        <time>2028-03-31T10:36:04Z</time>
      </trkpt>
      <trkpt lat="67.09830919" lon="17.15543258">
        <time>2028-03-31T10:39:54Z</time>
      </trkpt>
      <trkpt lat="67.09870758" lon="17.15603365">
        <time>2028-03-31T10:43:29Z</time>
      </trkpt>
      <trkpt lat="67.09924369" lon="17.15613867">
        <time>2028-03-31T10:47:40Z</time>
      </trkpt>
      <trkpt lat="67.09967167" lon="17.15645769">
        <time>2028-03-31T10:51:08Z</time>
      </trkpt>
      <trkpt lat="67.10021566" lon="17.15624873">
        <time>2028-03-31T10:55:25Z</time>
      </trkpt>
      <trkpt lat="67.10088017" lon="17.15630706">
        <time>2028-03-31T11:00:36Z</time>
      </trkpt>
      <trkpt lat="67.10133523" lon="17.15622542">
        <time>2028-03-31T11:04:09Z</time>
      </trkpt>
      <trkpt lat="67.10186957" lon="17.15582904">
        <time>2028-03-31T11:08:28Z</time>
      </trkpt>
      <trkpt lat="67.10238364" lon="17.15555554">
        <time>2028-03-31T11:12:34Z</time>
      </trkpt>
      <trkpt lat="67.10289787" lon="17.15510309">
        <time>2028-03-31T11:16:47Z</time>
      </trkpt>
      <trkpt lat="67.10347479" lon="17.15479589">
        <time>2028-03-31T11:21:22Z</time>
      </trkpt>
      <trkpt lat="67.10419262" lon="17.15392878">
        <time>2028-03-31T11:27:33Z</time>
      </trkpt>
      <trkpt lat="67.10460752" lon="17.15414043">
        <time>2028-03-31T11:30:50Z</time>
      </trkpt>
      <trkpt lat="67.10513491" lon="17.15369208">
        <time>2028-03-31T11:35:10Z</time>
      </trkpt>
      <trkpt lat="67.10568845" lon="17.15403414">
        <time>2028-03-31T11:39:35Z</time>
      </trkpt>
      <trkpt lat="67.1062772" lon="17.15431779">
        <time>2028-03-31T11:44:15Z</time>
      </trkpt>
      <trkpt lat="67.10681456" lon="17.15429775">
        <time>2028-03-31T11:48:26Z</time>
      </trkpt>
      <trkpt lat="67.10724179" lon="17.15407681">
        <time>2028-03-31T11:51:50Z</time>
      </trkpt>
      <trkpt lat="67.10779399" lon="17.15362452">
        <time>2028-03-31T11:56:20Z</time>
      </trkpt>
      <trkpt lat="67.10803857" lon="17.15332218">
        <time>2028-03-31T11:58:27Z</time>
      </trkpt>
      <trkpt lat="67.10827896" lon="17.15301189">
        <time>2028-03-31T12:00:33Z</time>
      </trkpt>
      <trkpt lat="67.10850209" lon="17.15260528">
        <time>2028-03-31T12:02:40Z</time>
      </trkpt>
      <trkpt lat="67.10958763" lon="17.15178913">
        <time>2028-03-31T12:11:28Z</time>
      </trkpt>
      <trkpt lat="67.10997756" lon="17.15164597">
        <time>2028-03-31T12:14:32Z</time>
      </trkpt>
      <trkpt lat="67.11049497" lon="17.15163784">
        <time>2028-03-31T12:18:34Z</time>
      </trkpt>
      <trkpt lat="67.11082891" lon="17.15047938">
        <time>2028-03-31T12:22:56Z</time>
      </trkpt>
      <trkpt lat="67.11122981" lon="17.15024024">
        <time>2028-03-31T12:26:08Z</time>
      </trkpt>
      <trkpt lat="67.11166852" lon="17.14965519">
        <time>2028-03-31T12:29:59Z</time>
      </trkpt>
      <trkpt lat="67.11190062" lon="17.14924053">
        <time>2028-03-31T12:32:11Z</time>
      </trkpt>
      <trkpt lat="67.11234243" lon="17.14870367">
        <time>2028-03-31T12:35:59Z</time>
      </trkpt>
      <trkpt lat="67.11266111" lon="17.14852631">
        <time>2028-03-31T12:38:31Z</time>
      </trkpt>
      <trkpt lat="67.11315438" lon="17.1483171">
        <time>2028-03-31T12:42:24Z</time>
      </trkpt>
      <trkpt lat="67.11355914" lon="17.1478535">
        <time>2028-03-31T12:45:51Z</time>
      </trkpt>
      <trkpt lat="67.11402224" lon="17.14762911">
        <time>2028-03-31T12:49:31Z</time>
      </trkpt>
      <trkpt lat="67.11460068" lon="17.14749022">
        <time>2028-03-31T12:54:03Z</time>
      </trkpt>
      <trkpt lat="67.11509127" lon="17.1470754">
        <time>2028-03-31T12:58:04Z</time>
      </trkpt>
      <trkpt lat="67.11566283" lon="17.14645623">
        <time>2028-03-31T13:02:53Z</time>
      </trkpt>
      <trkpt lat="67.11613976" lon="17.14562181">
        <time>2028-03-31T13:07:23Z</time>
      </trkpt>
      <trkpt lat="67.11676715" lon="17.1448796">
        <time>2028-03-31T13:12:45Z</time>
      </trkpt>
      <trkpt lat="67.11733569" lon="17.14429898">
        <time>2028-03-31T13:17:31Z</time>
      </trkpt>
      <trkpt lat="67.11788672" lon="17.14332961">
        <time>2028-03-31T13:22:43Z</time>
      </trkpt>
      <trkpt lat="67.11841579" lon="17.14266443">
        <time>2028-03-31T13:27:17Z</time>
      </trkpt>
      <trkpt lat="67.11891719" lon="17.14194568">
        <time>2028-03-31T13:31:46Z</time>
      </trkpt>
      <trkpt lat="67.11936395" lon="17.1412131">
        <time>2028-03-31T13:35:53Z</time>
      </trkpt>
      <trkpt lat="67.11989586" lon="17.14091789">
        <time>2028-03-31T13:40:07Z</time>
      </trkpt>
      <trkpt lat="67.12028294" lon="17.14001281">
        <time>2028-03-31T13:44:11Z</time>
      </trkpt>
      <trkpt lat="67.1205976" lon="17.13979513">
        <time>2028-03-31T13:46:43Z</time>
      </trkpt>
      <trkpt lat="67.12125314" lon="17.13909835">
        <time>2028-03-31T13:52:15Z</time>
      </trkpt>
      <trkpt lat="67.12178942" lon="17.13856953">
        <time>2028-03-31T13:56:43Z</time>
      </trkpt>
      <trkpt lat="67.12237548" lon="17.13769647">
        <time>2028-03-31T14:01:59Z</time>
      </trkpt>
      <trkpt lat="67.12292307" lon="17.13716732">
        <time>2028-03-31T14:06:32Z</time>
      </trkpt>
      <trkpt lat="67.12352271" lon="17.13706691">
        <time>2028-03-31T14:11:13Z</time>
      </trkpt>
      <trkpt lat="67.12407558" lon="17.13650591">
        <time>2028-03-31T14:15:50Z</time>
      </trkpt>
      <trkpt lat="67.12438848" lon="17.13617139">
        <time>2028-03-31T14:18:28Z</time>
      </trkpt>
      <trkpt lat="67.12464849" lon="17.13593661">
        <time>2028-03-31T14:20:37Z</time>
      </trkpt>
      <trkpt lat="67.12507177" lon="17.13561776">
        <time>2028-03-31T14:24:03Z</time>
      </trkpt>
      <trkpt lat="67.12533228" lon="17.13536815">
        <time>2028-03-31T14:26:13Z</time>
      </trkpt>
      <trkpt lat="67.12558164" lon="17.1350493">
        <time>2028-03-31T14:28:23Z</time>
      </trkpt>
      <trkpt lat="67.12583017" lon="17.13475895">
        <time>2028-03-31T14:30:30Z</time>
      </trkpt>
      <trkpt lat="67.12609235" lon="17.13453189">
        <time>2028-03-31T14:32:39Z</time>
      </trkpt>
      <trkpt lat="67.12635764" lon="17.13438294">
        <time>2028-03-31T14:34:46Z</time>
      </trkpt>
      <trkpt lat="67.12716951" lon="17.13377098">
        <time>2028-03-31T14:41:21Z</time>
      </trkpt>
      <trkpt lat="67.12779891" lon="17.13338859">
        <time>2028-03-31T14:46:23Z</time>
      </trkpt>
      <trkpt lat="67.12825857" lon="17.13290907">
        <time>2028-03-31T14:50:15Z</time>
      </trkpt>
      <trkpt lat="67.12852537" lon="17.13275987">
        <time>2028-03-31T14:52:22Z</time>
      </trkpt>
      <trkpt lat="67.12878495" lon="17.13255032">
        <time>2028-03-31T14:54:29Z</time>
      </trkpt>
      <trkpt lat="67.12905586" lon="17.13238562">
        <time>2028-03-31T14:56:39Z</time>
      </trkpt>
      <trkpt lat="67.12943388" lon="17.13234513">
        <time>2028-03-31T14:59:36Z</time>
      </trkpt>
      <trkpt lat="67.12998508" lon="17.13178438">
        <time>2028-03-31T15:04:13Z</time>
      </trkpt>
      <trkpt lat="67.13058773" lon="17.13126546">
        <time>2028-03-31T15:09:09Z</time>
      </trkpt>
      <trkpt lat="67.13131654" lon="17.13091367">
        <time>2028-03-31T15:14:56Z</time>
      </trkpt>
      <trkpt lat="67.13160614" lon="17.13064729">
        <time>2028-03-31T15:17:19Z</time>
      </trkpt>
      <trkpt lat="67.13212422" lon="17.13030573">
        <time>2028-03-31T15:21:29Z</time>
      </trkpt>
      <trkpt lat="67.13265865" lon="17.12991765">
        <time>2028-03-31T15:25:48Z</time>
      </trkpt>
      <trkpt lat="67.13312963" lon="17.12989812">
        <time>2028-03-31T15:29:28Z</time>
      </trkpt>
      <trkpt lat="67.1336307" lon="17.12971891">
        <time>2028-03-31T15:33:24Z</time>
      </trkpt>
      <trkpt lat="67.13418382" lon="17.12927107">
        <time>2028-03-31T15:37:55Z</time>
      </trkpt>
      <trkpt lat="67.13478833" lon="17.12924223">
        <time>2028-03-31T15:42:37Z</time>
      </trkpt>
      <trkpt lat="67.13549391" lon="17.1287394">
        <time>2028-03-31T15:48:19Z</time>
      </trkpt>
      <trkpt lat="67.13587915" lon="17.12838409">
        <time>2028-03-31T15:51:30Z</time>
      </trkpt>
      <trkpt lat="67.13645557" lon="17.12759209">
        <time>2028-03-31T15:56:35Z</time>
      </trkpt>
      <trkpt lat="67.13710777" lon="17.12697309">
        <time>2028-03-31T16:02:00Z</time>
      </trkpt>
      <trkpt lat="67.13759735" lon="17.12708716">
        <time>2028-03-31T16:05:50Z</time>
      </trkpt>
      <trkpt lat="67.13819515" lon="17.12685155">
        <time>2028-03-31T16:10:32Z</time>
      </trkpt>
      <trkpt lat="67.13873084" lon="17.12690176">
        <time>2028-03-31T16:14:42Z</time>
      </trkpt>
      <trkpt lat="67.13937465" lon="17.12668986">
        <time>2028-03-31T16:19:45Z</time>
      </trkpt>
      <trkpt lat="67.13993163" lon="17.12653765">
        <time>2028-03-31T16:24:07Z</time>
      </trkpt>
      <trkpt lat="67.14038014" lon="17.12620094">
        <time>2028-03-31T16:27:45Z</time>
      </trkpt>
      <trkpt lat="67.1410605" lon="17.12605862">
        <time>2028-03-31T16:33:04Z</time>
      </trkpt>
      <trkpt lat="67.14171647" lon="17.12601696">
        <time>2028-03-31T16:38:10Z</time>
      </trkpt>
      <trkpt lat="67.14216264" lon="17.12574882">
        <time>2028-03-31T16:41:44Z</time>
      </trkpt>
      <trkpt lat="67.14245483" lon="17.12571513">
        <time>2028-03-31T16:44:01Z</time>
      </trkpt>
      <trkpt lat="67.14318649" lon="17.12549284">
        <time>2028-03-31T16:49:45Z</time>
      </trkpt>
      <trkpt lat="67.14361724" lon="17.12544288">
        <time>2028-03-31T16:53:06Z</time>
      </trkpt>
      <trkpt lat="67.14444721" lon="17.12510032">
        <time>2028-03-31T16:59:38Z</time>
      </trkpt>
      <trkpt lat="67.14497619" lon="17.12501055">
        <time>2028-03-31T17:03:46Z</time>
      </trkpt>
      <trkpt lat="67.14547927" lon="17.12518699">
        <time>2028-03-31T17:07:43Z</time>
      </trkpt>
      <trkpt lat="67.1462546" lon="17.12501138">
        <time>2028-03-31T17:13:46Z</time>
      </trkpt>
      <trkpt lat="67.14669943" lon="17.1253309">
        <time>2028-03-31T17:17:22Z</time>
      </trkpt>
      <trkpt lat="67.14704937" lon="17.12605099">
        <time>2028-03-31T17:20:51Z</time>
      </trkpt>
      <trkpt lat="67.14759135" lon="17.12636213">
        <time>2028-03-31T17:25:11Z</time>
      </trkpt>
      <trkpt lat="67.1480469" lon="17.12631108">
        <time>2028-03-31T17:28:43Z</time>
      </trkpt>
      <trkpt lat="67.14842451" lon="17.12668676">
        <time>2028-03-31T17:31:52Z</time>
      </trkpt>
      <trkpt lat="67.14886707" lon="17.12623405">
        <time>2028-03-31T17:35:35Z</time>
      </trkpt>
      <trkpt lat="67.14946638" lon="17.1254832">
        <time>2028-03-31T17:40:46Z</time>
      </trkpt>
      <trkpt lat="67.15011061" lon="17.12499806">
        <time>2028-03-31T17:45:59Z</time>
      </trkpt>
      <trkpt lat="67.15067178" lon="17.12444929">
        <time>2028-03-31T17:50:40Z</time>
      </trkpt>
      <trkpt lat="67.15149195" lon="17.12363164">
        <time>2028-03-31T17:57:30Z</time>
      </trkpt>
      <trkpt lat="67.15174902" lon="17.12383876">
        <time>2028-03-31T17:59:36Z</time>
      </trkpt>
      <trkpt lat="67.15215043" lon="17.12320886">
        <time>2028-03-31T18:03:16Z</time>
      </trkpt>
      <trkpt lat="67.15270188" lon="17.12289076">
        <time>2028-03-31T18:07:39Z</time>
      </trkpt>
      <trkpt lat="67.15345181" lon="17.12326703">
        <time>2028-03-31T18:13:36Z</time>
      </trkpt>
      <trkpt lat="67.15387166" lon="17.12296595">
        <time>2028-03-31T18:17:00Z</time>
      </trkpt>
      <trkpt lat="67.15448932" lon="17.12245122">
        <time>2028-03-31T18:22:03Z</time>
      </trkpt>
      <trkpt lat="67.15503389" lon="17.12205148">
        <time>2028-03-31T18:26:27Z</time>
      </trkpt>
      <trkpt lat="67.15553571" lon="17.12197093">
        <time>2028-03-31T18:30:22Z</time>
      </trkpt>
      <trkpt lat="67.15616696" lon="17.12158562">
        <time>2028-03-31T18:35:25Z</time>
      </trkpt>
      <trkpt lat="67.15666878" lon="17.12104574">
        <time>2028-03-31T18:39:39Z</time>
      </trkpt>
      <trkpt lat="67.15706868" lon="17.12069035">
        <time>2028-03-31T18:42:56Z</time>
      </trkpt>
      <trkpt lat="67.15748811" lon="17.12058993">
        <time>2028-03-31T18:46:13Z</time>
      </trkpt>
      <trkpt lat="67.15786236" lon="17.12060736">
        <time>2028-03-31T18:49:08Z</time>
      </trkpt>
      <trkpt lat="67.15814508" lon="17.11986104">
        <time>2028-03-31T18:52:17Z</time>
      </trkpt>
      <trkpt lat="67.15869142" lon="17.11938377">
        <time>2028-03-31T18:56:46Z</time>
      </trkpt>
      <trkpt lat="67.15939273" lon="17.11878246">
        <time>2028-03-31T19:02:31Z</time>
      </trkpt>
      <trkpt lat="67.16017988" lon="17.11833654">
        <time>2028-03-31T19:08:48Z</time>
      </trkpt>
      <trkpt lat="67.16075236" lon="17.11806228">
        <time>2028-03-31T19:13:19Z</time>
      </trkpt>
      <trkpt lat="67.16163036" lon="17.1178457">
        <time>2028-03-31T19:20:11Z</time>
      </trkpt>
      <trkpt lat="67.16217116" lon="17.11704556">
        <time>2028-03-31T19:25:02Z</time>
      </trkpt>
      <trkpt lat="67.16275102" lon="17.11653988">
        <time>2028-03-31T19:29:48Z</time>
      </trkpt>
      <trkpt lat="67.16319585" lon="17.11621215">
        <time>2028-03-31T19:33:24Z</time>
      </trkpt>
      <trkpt lat="67.16346097" lon="17.11608726">
        <time>2028-03-31T19:35:30Z</time>
      </trkpt>
      <trkpt lat="67.16373238" lon="17.11595935">
        <time>2028-03-31T19:37:39Z</time>
      </trkpt>
      <trkpt lat="67.16400278" lon="17.11588307">
        <time>2028-03-31T19:39:46Z</time>
      </trkpt>
      <trkpt lat="67.16459345" lon="17.11576941">
        <time>2028-03-31T19:44:23Z</time>
      </trkpt>
      <trkpt lat="67.16516644" lon="17.11582021">
        <time>2028-03-31T19:48:50Z</time>
      </trkpt>
      <trkpt lat="67.16578695" lon="17.11621843">
        <time>2028-03-31T19:53:49Z</time>
      </trkpt>
      <trkpt lat="67.16649195" lon="17.11617258">
        <time>2028-03-31T19:59:18Z</time>
      </trkpt>
      <trkpt lat="67.16694332" lon="17.11619404">
        <time>2028-03-31T20:02:49Z</time>
      </trkpt>
      <trkpt lat="67.16742109" lon="17.11602657">
        <time>2028-03-31T20:06:34Z</time>
      </trkpt>
      <trkpt lat="67.16798427" lon="17.11587595">
        <time>2028-03-31T20:10:58Z</time>
      </trkpt>
      <trkpt lat="67.16851668" lon="17.11585675">
        <time>2028-03-31T20:15:07Z</time>
      </trkpt>
      <trkpt lat="67.16908783" lon="17.11581719">
        <time>2028-03-31T20:19:34Z</time>
      </trkpt>
      <trkpt lat="67.16947976" lon="17.11532283">
        <time>2028-03-31T20:22:58Z</time>
      </trkpt>
      <trkpt lat="67.17012282" lon="17.11498931">
        <time>2028-03-31T20:28:04Z</time>
      </trkpt>
      <trkpt lat="67.17081961" lon="17.1148298">
        <time>2028-03-31T20:33:31Z</time>
      </trkpt>
      <trkpt lat="67.17146032" lon="17.11478194">
        <time>2028-03-31T20:38:30Z</time>
      </trkpt>
      <trkpt lat="67.1722261" lon="17.11462637">
        <time>2028-03-31T20:44:28Z</time>
      </trkpt>
      <trkpt lat="67.1726907" lon="17.11467993">
        <time>2028-03-31T20:48:06Z</time>
      </trkpt>
      <trkpt lat="67.17325397" lon="17.11559859">
        <time>2028-03-31T20:53:17Z</time>
      </trkpt>
      <trkpt lat="67.17401387" lon="17.11559365">
        <time>2028-03-31T20:59:12Z</time>
      </trkpt>
      <trkpt lat="67.17435879" lon="17.1159684">
        <time>2028-03-31T21:02:06Z</time>
      </trkpt>
      <trkpt lat="67.17508089" lon="17.11621466">
        <time>2028-03-31T21:07:47Z</time>
      </trkpt>
      <trkpt lat="67.17557156" lon="17.11660911">
        <time>2028-03-31T21:11:47Z</time>
      </trkpt>
      <trkpt lat="67.17630305" lon="17.11705629">
        <time>2028-03-31T21:17:38Z</time>
      </trkpt>
      <trkpt lat="67.17656993" lon="17.1171728">
        <time>2028-03-31T21:19:44Z</time>
      </trkpt>
      <trkpt lat="67.17684293" lon="17.11725293">
        <time>2028-03-31T21:21:52Z</time>
      </trkpt>
      <trkpt lat="67.17711392" lon="17.11729056">
        <time>2028-03-31T21:23:59Z</time>
      </trkpt>
      <trkpt lat="67.17735926" lon="17.11745703">
        <time>2028-03-31T21:25:57Z</time>
      </trkpt>
      <trkpt lat="67.17787835" lon="17.11750899">
        <time>2028-03-31T21:30:00Z</time>
      </trkpt>
      <trkpt lat="67.17862098" lon="17.11768334">
        <time>2028-03-31T21:35:48Z</time>
      </trkpt>
      <trkpt lat="67.17925793" lon="17.11764512">
        <time>2028-03-31T21:40:46Z</time>
      </trkpt>
      <trkpt lat="67.17982253" lon="17.11803437">
        <time>2028-03-31T21:45:19Z</time>
      </trkpt>
      <trkpt lat="67.18051588" lon="17.1177519">
        <time>2028-03-31T21:50:46Z</time>
      </trkpt>
      <trkpt lat="67.18081268" lon="17.11780647">
        <time>2028-03-31T21:53:05Z</time>
      </trkpt>
      <trkpt lat="67.18143404" lon="17.11734714">
        <time>2028-03-31T21:58:07Z</time>
      </trkpt>
      <trkpt lat="67.18195145" lon="17.11751419">
        <time>2028-03-31T22:02:10Z</time>
      </trkpt>
      <trkpt lat="67.18266483" lon="17.11772776">
        <time>2028-03-31T22:07:46Z</time>
      </trkpt>
      <trkpt lat="67.18318577" lon="17.11802482">
        <time>2028-03-31T22:11:55Z</time>
      </trkpt>
      <trkpt lat="67.18376311" lon="17.11811375">
        <time>2028-03-31T22:16:25Z</time>
      </trkpt>
      <trkpt lat="67.18502124" lon="17.11833998">
        <time>2028-03-31T22:26:14Z</time>
      </trkpt>
      <trkpt lat="67.18558693" lon="17.11870383">
        <time>2028-03-31T22:30:46Z</time>
      </trkpt>
      <trkpt lat="67.18605615" lon="17.11874826">
        <time>2028-03-31T22:34:25Z</time>
      </trkpt>
      <trkpt lat="67.18651498" lon="17.11901296">
        <time>2028-03-31T22:38:05Z</time>
      </trkpt>
      <trkpt lat="67.18697447" lon="17.11920943">
        <time>2028-03-31T22:41:42Z</time>
      </trkpt>
      <trkpt lat="67.18753497" lon="17.1193256">
        <time>2028-03-31T22:46:05Z</time>
      </trkpt>
      <trkpt lat="67.18815188" lon="17.11956684">
        <time>2028-03-31T22:50:56Z</time>
      </trkpt>
      <trkpt lat="67.18857014" lon="17.11980538">
        <time>2028-03-31T22:54:16Z</time>
      </trkpt>
      <trkpt lat="67.18884381" lon="17.11991712">
        <time>2028-03-31T22:56:26Z</time>
      </trkpt>
      <trkpt lat="67.18910943" lon="17.12007394">
        <time>2028-03-31T22:58:33Z</time>
      </trkpt>
      <trkpt lat="67.18934035" lon="17.1204528">
        <time>2028-03-31T23:00:41Z</time>
      </trkpt>
      <trkpt lat="67.18958552" lon="17.12074433">
        <time>2028-03-31T23:02:47Z</time>
      </trkpt>
      <trkpt lat="67.18983999" lon="17.12098438">
        <time>2028-03-31T23:04:53Z</time>
      </trkpt>
      <trkpt lat="67.19022053" lon="17.12219406">
        <time>2028-03-31T23:09:35Z</time>
      </trkpt>
      <trkpt lat="67.19078246" lon="17.12307533">
        <time>2028-03-31T23:14:42Z</time>
      </trkpt>
      <trkpt lat="67.19133893" lon="17.12391009">
        <time>2028-03-31T23:19:43Z</time>
      </trkpt>
      <trkpt lat="67.19179532" lon="17.1243405">
        <time>2028-03-31T23:23:30Z</time>
      </trkpt>
      <trkpt lat="67.19247283" lon="17.12425115">
        <time>2028-03-31T23:28:46Z</time>
      </trkpt>
      <trkpt lat="67.19283141" lon="17.12328396">
        <time>2028-03-31T23:32:49Z</time>
      </trkpt>
      <trkpt lat="67.19283183" lon="17.12328387">
        <time>2028-03-31T23:32:49Z</time>
      </trkpt>
      <trkpt lat="67.19283166" lon="17.12328111">
        <time>2028-03-31T23:32:49Z</time>
      </trkpt>
      <trkpt lat="67.19284541" lon="17.12328899">
        <time>2028-03-31T23:32:56Z</time>
      </trkpt>
      <trkpt lat="67.19283141" lon="17.12325202">
        <time>2028-03-31T23:33:05Z</time>
      </trkpt>
      <trkpt lat="67.19282395" lon="17.12334624">
        <time>2028-03-31T23:33:23Z</time>
      </trkpt>
      <trkpt lat="67.19282445" lon="17.1233288">
        <time>2028-03-31T23:33:26Z</time>
      </trkpt>
      <trkpt lat="67.1928242" lon="17.12335546">
        <time>2028-03-31T23:33:31Z</time>
      </trkpt>
      <trkpt lat="67.19281842" lon="17.12330676">
        <time>2028-03-31T23:33:40Z</time>
      </trkpt>
      <trkpt lat="67.1928636" lon="17.1232889">
        <time>2028-03-31T23:34:01Z</time>
      </trkpt>
      <trkpt lat="67.19287156" lon="17.12334473">
        <time>2028-03-31T23:34:12Z</time>
      </trkpt>
      <trkpt lat="67.19284273" lon="17.12342276">
        <time>2028-03-31T23:34:32Z</time>
      </trkpt>
      <trkpt lat="67.19280845" lon="17.1234925">
        <time>2028-03-31T23:34:52Z</time>
      </trkpt>
      <trkpt lat="67.192817" lon="17.12341949">
        <time>2028-03-31T23:35:06Z</time>
      </trkpt>
      <trkpt lat="67.19279453" lon="17.1234977">
        <time>2028-03-31T23:35:23Z</time>
      </trkpt>
      <trkpt lat="67.19288003" lon="17.12353424">
        <time>2028-03-31T23:36:04Z</time>
      </trkpt>
      <trkpt lat="67.19288388" lon="17.12353189">
        <time>2028-03-31T23:36:06Z</time>
      </trkpt>
      <trkpt lat="67.19289009" lon="17.12352452">
        <time>2028-03-31T23:36:09Z</time>
      </trkpt>
      <trkpt lat="67.19298254" lon="17.12235114">
        <time>2028-03-31T23:39:46Z</time>
      </trkpt>
      <trkpt lat="67.20341222" lon="17.12070594">
        <time>2028-04-01T01:01:05Z</time>
      </trkpt>
      <trkpt lat="67.21279115" lon="17.10827029">
        <time>2028-04-01T02:23:08Z</time>
      </trkpt>
      <trkpt lat="67.21790378" lon="17.10204061">
        <time>2028-04-01T03:07:07Z</time>
      </trkpt>
      <trkpt lat="67.22187756" lon="17.08929593">
        <time>2028-04-01T03:56:26Z</time>
      </trkpt>
      <trkpt lat="67.23491946" lon="17.08020986">
        <time>2028-04-01T05:41:33Z</time>
      </trkpt>
      <trkpt lat="67.24545912" lon="17.06806825">
        <time>2028-04-01T07:11:21Z</time>
      </trkpt>
      <trkpt lat="67.24545912" lon="17.06804596">
        <time>2028-04-01T07:11:25Z</time>
      </trkpt>
      <trkpt lat="67.25157414" lon="17.05481295">
        <time>2028-04-01T08:13:28Z</time>
      </trkpt>
      <trkpt lat="67.26907195" lon="17.0347372">
        <time>2028-04-01T10:42:25Z</time>
      </trkpt>
      <trkpt lat="67.26960897" lon="17.03476419">
        <time>2028-04-01T10:46:36Z</time>
      </trkpt>
      <trkpt lat="67.2856174" lon="17.06325235">
        <time>2028-04-01T13:17:47Z</time>
      </trkpt>
      <trkpt lat="67.2856174" lon="17.06321815">
        <time>2028-04-01T13:17:53Z</time>
      </trkpt>
      <trkpt lat="67.2971887" lon="17.0775927">
        <time>2028-04-01T14:57:45Z</time>
      </trkpt>
      <trkpt lat="67.2972053" lon="17.07762815">
        <time>2028-04-01T14:57:55Z</time>
      </trkpt>
      <trkpt lat="67.30926334" lon="17.09810975">
        <time>2028-04-01T16:50:06Z</time>
      </trkpt>
      <trkpt lat="67.31774499" lon="17.13603644">
        <time>2028-04-01T19:01:42Z</time>
      </trkpt>
      <trkpt lat="67.31759378" lon="17.19317872">
        <time>2028-04-01T21:53:11Z</time>
      </trkpt>
      <trkpt lat="67.31759378" lon="17.19321292">
        <time>2028-04-01T21:53:17Z</time>
      </trkpt>
      <trkpt lat="67.32248143" lon="17.20522343">
        <time>2028-04-01T22:45:41Z</time>
      </trkpt>
      <trkpt lat="67.33679043" lon="17.20615139">
        <time>2028-04-02T00:37:04Z</time>
      </trkpt>
      <trkpt lat="67.33678741" lon="17.20799139">
        <time>2028-04-02T00:42:35Z</time>
      </trkpt>
      <trkpt lat="67.34113117" lon="17.20349919">
        <time>2028-04-02T01:18:58Z</time>
      </trkpt>
      <trkpt lat="67.34326302" lon="17.20115678">
        <time>2028-04-02T01:36:59Z</time>
      </trkpt>
      <trkpt lat="67.34545455" lon="17.19632998">
        <time>2028-04-02T01:59:21Z</time>
      </trkpt>
      <trkpt lat="67.34683438" lon="17.19183602">
        <time>2028-04-02T02:16:35Z</time>
      </trkpt>
      <trkpt lat="67.34810432" lon="17.18895508">
        <time>2028-04-02T02:29:42Z</time>
      </trkpt>
      <trkpt lat="67.34966638" lon="17.18601379">
        <time>2028-04-02T02:44:43Z</time>
      </trkpt>
      <trkpt lat="67.35206813" lon="17.18097039">
        <time>2028-04-02T03:08:45Z</time>
      </trkpt>
      <trkpt lat="67.35413963" lon="17.17705403">
        <time>2028-04-02T03:28:42Z</time>
      </trkpt>
      <trkpt lat="67.35574166" lon="17.17631986">
        <time>2028-04-02T03:41:21Z</time>
      </trkpt>
      <trkpt lat="67.35844022" lon="17.17583111">
        <time>2028-04-02T04:02:24Z</time>
      </trkpt>
      <trkpt lat="67.3605719" lon="17.17489628">
        <time>2028-04-02T04:19:14Z</time>
      </trkpt>
      <trkpt lat="67.36261885" lon="17.17312133">
        <time>2028-04-02T04:36:01Z</time>
      </trkpt>
      <trkpt lat="67.36431853" lon="17.17091873">
        <time>2028-04-02T04:50:48Z</time>
      </trkpt>
      <trkpt lat="67.36594881" lon="17.16920002">
        <time>2028-04-02T05:04:30Z</time>
      </trkpt>
      <trkpt lat="67.36785418" lon="17.16562849">
        <time>2028-04-02T05:22:47Z</time>
      </trkpt>
      <trkpt lat="67.37017614" lon="17.16064193">
        <time>2028-04-02T05:46:13Z</time>
      </trkpt>
      <trkpt lat="67.37185579" lon="17.15827161">
        <time>2028-04-02T06:01:06Z</time>
      </trkpt>
      <trkpt lat="67.37513487" lon="17.15410589">
        <time>2028-04-02T06:29:30Z</time>
      </trkpt>
      <trkpt lat="67.37775757" lon="17.14957807">
        <time>2028-04-02T06:54:00Z</time>
      </trkpt>
      <trkpt lat="67.37990736" lon="17.1458348">
        <time>2028-04-02T07:14:08Z</time>
      </trkpt>
      <trkpt lat="67.38219746" lon="17.14328301">
        <time>2028-04-02T07:33:31Z</time>
      </trkpt>
      <trkpt lat="67.38541092" lon="17.14307564">
        <time>2028-04-02T07:58:32Z</time>
      </trkpt>
      <trkpt lat="67.39089352" lon="17.14719208">
        <time>2028-04-02T08:42:57Z</time>
      </trkpt>
      <trkpt lat="67.39601444" lon="17.15058709">
        <time>2028-04-02T09:24:04Z</time>
      </trkpt>
      <trkpt lat="67.40136134" lon="17.1523291">
        <time>2028-04-02T10:06:00Z</time>
      </trkpt>
      <trkpt lat="67.40538667" lon="17.15362636">
        <time>2028-04-02T10:37:34Z</time>
      </trkpt>
      <trkpt lat="67.40672509" lon="17.15597388">
        <time>2028-04-02T10:50:08Z</time>
      </trkpt>
      <trkpt lat="67.41469301" lon="17.16018705">
        <time>2028-04-02T11:53:24Z</time>
      </trkpt>
      <trkpt lat="67.41996238" lon="17.16393376">
        <time>2028-04-02T12:35:55Z</time>
      </trkpt>
      <trkpt lat="67.42331707" lon="17.16685535">
        <time>2028-04-02T13:03:26Z</time>
      </trkpt>
      <trkpt lat="67.42585586" lon="17.16876609">
        <time>2028-04-02T13:24:00Z</time>
      </trkpt>
      <trkpt lat="67.42858225" lon="17.17024541">
        <time>2028-04-02T13:45:40Z</time>
      </trkpt>
      <trkpt lat="67.4306074" lon="17.17138527">
        <time>2028-04-02T14:01:48Z</time>
      </trkpt>
      <trkpt lat="67.43411581" lon="17.17390613">
        <time>2028-04-02T14:30:07Z</time>
      </trkpt>
      <trkpt lat="67.43642695" lon="17.17629187">
        <time>2028-04-02T14:49:28Z</time>
      </trkpt>
      <trkpt lat="67.43853081" lon="17.17864182">
        <time>2028-04-02T15:07:17Z</time>
      </trkpt>
      <trkpt lat="67.44079418" lon="17.18093125">
        <time>2028-04-02T15:26:10Z</time>
      </trkpt>
      <trkpt lat="67.44238892" lon="17.18386098">
        <time>2028-04-02T15:41:21Z</time>
      </trkpt>
      <trkpt lat="67.44390378" lon="17.1846581">
        <time>2028-04-02T15:53:23Z</time>
      </trkpt>
      <trkpt lat="67.44396823" lon="17.18456347">
        <time>2028-04-02T15:53:57Z</time>
      </trkpt>
      <trkpt lat="67.44520658" lon="17.18124197">
        <time>2028-04-02T16:07:47Z</time>
      </trkpt>
      <trkpt lat="67.44896452" lon="17.1737757">
        <time>2028-04-02T16:44:33Z</time>
      </trkpt>
      <trkpt lat="67.45192467" lon="17.17061103">
        <time>2028-04-02T17:09:27Z</time>
      </trkpt>
      <trkpt lat="67.45497569" lon="17.16914345">
        <time>2028-04-02T17:33:35Z</time>
      </trkpt>
      <trkpt lat="67.45727786" lon="17.16795556">
        <time>2028-04-02T17:51:51Z</time>
      </trkpt>
      <trkpt lat="67.46022041" lon="17.16550386">
        <time>2028-04-02T18:15:53Z</time>
      </trkpt>
      <trkpt lat="67.46252795" lon="17.16406284">
        <time>2028-04-02T18:34:21Z</time>
      </trkpt>
      <trkpt lat="67.46431095" lon="17.16246575">
        <time>2028-04-02T18:49:02Z</time>
      </trkpt>
      <trkpt lat="67.46594642" lon="17.15982428">
        <time>2028-04-02T19:04:00Z</time>
      </trkpt>
      <trkpt lat="67.46837122" lon="17.15679321">
        <time>2028-04-02T19:24:55Z</time>
      </trkpt>
      <trkpt lat="67.4705387" lon="17.15496009">
        <time>2028-04-02T19:42:39Z</time>
      </trkpt>
      <trkpt lat="67.4739332" lon="17.15594145">
        <time>2028-04-02T20:09:14Z</time>
      </trkpt>
      <trkpt lat="67.47533608" lon="17.16152446">
        <time>2028-04-02T20:29:08Z</time>
      </trkpt>
      <trkpt lat="67.47766935" lon="17.17225623">
        <time>2028-04-02T21:05:55Z</time>
      </trkpt>
      <trkpt lat="67.47969769" lon="17.18211612">
        <time>2028-04-02T21:39:17Z</time>
      </trkpt>
      <trkpt lat="67.48041283" lon="17.18682566">
        <time>2028-04-02T21:54:23Z</time>
      </trkpt>
      <trkpt lat="67.482024" lon="17.18826273">
        <time>2028-04-02T22:07:38Z</time>
      </trkpt>
      <trkpt lat="67.48446674" lon="17.18844202">
        <time>2028-04-02T22:26:39Z</time>
      </trkpt>
      <trkpt lat="67.48747417" lon="17.18844202">
        <time>2028-04-02T22:50:03Z</time>
      </trkpt>
      <trkpt lat="67.49028437" lon="17.18844202">
        <time>2028-04-02T23:11:55Z</time>
      </trkpt>
      <trkpt lat="67.49199671" lon="17.18844202">
        <time>2028-04-02T23:25:15Z</time>
      </trkpt>
      <trkpt lat="67.49378205" lon="17.1878169">
        <time>2028-04-02T23:39:16Z</time>
      </trkpt>
      <trkpt lat="67.49630735" lon="17.18765253">
        <time>2028-04-02T23:58:55Z</time>
      </trkpt>
      <trkpt lat="67.49842412" lon="17.18692599">
        <time>2028-04-03T00:15:32Z</time>
      </trkpt>
      <trkpt lat="67.5015064" lon="17.18254443">
        <time>2028-04-03T00:42:50Z</time>
      </trkpt>
      <trkpt lat="67.50467467" lon="17.18214151">
        <time>2028-04-03T01:07:31Z</time>
      </trkpt>
      <trkpt lat="67.50862992" lon="17.182413">
        <time>2028-04-03T01:38:19Z</time>
      </trkpt>
      <trkpt lat="67.51035861" lon="17.1836138">
        <time>2028-04-03T01:52:14Z</time>
      </trkpt>
      <trkpt lat="67.5122002" lon="17.18539922">
        <time>2028-04-03T02:07:31Z</time>
      </trkpt>
      <trkpt lat="67.51546201" lon="17.18778321">
        <time>2028-04-03T02:33:52Z</time>
      </trkpt>
      <trkpt lat="67.5169954" lon="17.19049618">
        <time>2028-04-03T02:48:17Z</time>
      </trkpt>
      <trkpt lat="67.51814548" lon="17.1966702">
        <time>2028-04-03T03:08:43Z</time>
      </trkpt>
      <trkpt lat="67.51851822" lon="17.20339735">
        <time>2028-04-03T03:28:57Z</time>
      </trkpt>
      <trkpt lat="67.51866482" lon="17.2076375">
        <time>2028-04-03T03:41:37Z</time>
      </trkpt>
      <trkpt lat="67.5193518" lon="17.21149846">
        <time>2028-04-03T03:54:17Z</time>
      </trkpt>
      <trkpt lat="67.52176294" lon="17.21551959">
        <time>2028-04-03T04:16:33Z</time>
      </trkpt>
      <trkpt lat="67.52375607" lon="17.21740058">
        <time>2028-04-03T04:33:02Z</time>
      </trkpt>
      <trkpt lat="67.52841608" lon="17.21993627">
        <time>2028-04-03T05:10:04Z</time>
      </trkpt>
      <trkpt lat="67.52939466" lon="17.22040708">
        <time>2028-04-03T05:17:49Z</time>
      </trkpt>
      <trkpt lat="67.53182508" lon="17.21985941">
        <time>2028-04-03T05:36:48Z</time>
      </trkpt>
      <trkpt lat="67.53491306" lon="17.21640875">
        <time>2028-04-03T06:02:56Z</time>
      </trkpt>
      <trkpt lat="67.53682572" lon="17.21476103">
        <time>2028-04-03T06:18:36Z</time>
      </trkpt>
      <trkpt lat="67.53872138" lon="17.21418603">
        <time>2028-04-03T06:33:27Z</time>
      </trkpt>
      <trkpt lat="67.54214622" lon="17.21418603">
        <time>2028-04-03T07:00:06Z</time>
      </trkpt>
      <trkpt lat="67.54529262" lon="17.21418603">
        <time>2028-04-03T07:24:35Z</time>
      </trkpt>
      <trkpt lat="67.54700529" lon="17.21418603">
        <time>2028-04-03T07:37:55Z</time>
      </trkpt>
      <trkpt lat="67.549557" lon="17.21225375">
        <time>2028-04-03T07:58:35Z</time>
      </trkpt>
      <trkpt lat="67.5524972" lon="17.20963106">
        <time>2028-04-03T08:22:46Z</time>
      </trkpt>
      <trkpt lat="67.55544512" lon="17.20634309">
        <time>2028-04-03T08:47:42Z</time>
      </trkpt>
      <trkpt lat="67.55781711" lon="17.2045274">
        <time>2028-04-03T09:06:55Z</time>
      </trkpt>
      <trkpt lat="67.55944152" lon="17.20378275">
        <time>2028-04-03T09:19:45Z</time>
      </trkpt>
      <trkpt lat="67.560674" lon="17.19930195">
        <time>2028-04-03T09:36:10Z</time>
      </trkpt>
      <trkpt lat="67.56071649" lon="17.19218329">
        <time>2028-04-03T09:57:19Z</time>
      </trkpt>
      <trkpt lat="67.56025071" lon="17.18046404">
        <time>2028-04-03T10:32:19Z</time>
      </trkpt>
      <trkpt lat="67.56022448" lon="17.17533398">
        <time>2028-04-03T10:47:33Z</time>
      </trkpt>
      <trkpt lat="67.56127473" lon="17.17028028">
        <time>2028-04-03T11:04:39Z</time>
      </trkpt>
      <trkpt lat="67.56278297" lon="17.16768835">
        <time>2028-04-03T11:18:41Z</time>
      </trkpt>
      <trkpt lat="67.56469396" lon="17.16590158">
        <time>2028-04-03T11:34:28Z</time>
      </trkpt>
      <trkpt lat="67.56726402" lon="17.16377593">
        <time>2028-04-03T11:55:27Z</time>
      </trkpt>
      <trkpt lat="67.57521962" lon="17.16122297">
        <time>2028-04-03T12:57:49Z</time>
      </trkpt>
      <trkpt lat="67.57781072" lon="17.16117863">
        <time>2028-04-03T13:17:59Z</time>
      </trkpt>
      <trkpt lat="67.5803454" lon="17.16393367">
        <time>2028-04-03T13:39:20Z</time>
      </trkpt>
      <trkpt lat="67.5804806" lon="17.16412093">
        <time>2028-04-03T13:40:31Z</time>
      </trkpt>
      <trkpt lat="67.58081554" lon="17.16427322">
        <time>2028-04-03T13:43:10Z</time>
      </trkpt>
      <trkpt lat="67.58222924" lon="17.16960562">
        <time>2028-04-03T14:02:27Z</time>
      </trkpt>
      <trkpt lat="67.5842911" lon="17.18073897">
        <time>2028-04-03T14:39:10Z</time>
      </trkpt>
      <trkpt lat="67.58556104" lon="17.19429905">
        <time>2028-04-03T15:20:36Z</time>
      </trkpt>
      <trkpt lat="67.5857902" lon="17.2062456">
        <time>2028-04-03T15:56:06Z</time>
      </trkpt>
      <trkpt lat="67.58628038" lon="17.21353166">
        <time>2028-04-03T16:18:03Z</time>
      </trkpt>
      <trkpt lat="67.5863642" lon="17.21788547">
        <time>2028-04-03T16:30:59Z</time>
      </trkpt>
      <trkpt lat="67.5862616" lon="17.22264455">
        <time>2028-04-03T16:45:08Z</time>
      </trkpt>
      <trkpt lat="67.5859192" lon="17.23337137">
        <time>2028-04-03T17:17:04Z</time>
      </trkpt>
      <trkpt lat="67.5859192" lon="17.24045115">
        <time>2028-04-03T17:38:05Z</time>
      </trkpt>
      <trkpt lat="67.59140834" lon="17.24564373">
        <time>2028-04-03T18:23:30Z</time>
      </trkpt>
      <trkpt lat="67.59660923" lon="17.25148869">
        <time>2028-04-03T19:07:31Z</time>
      </trkpt>
      <trkpt lat="67.59871921" lon="17.25620351">
        <time>2028-04-03T19:29:05Z</time>
      </trkpt>
      <trkpt lat="67.60148976" lon="17.2636142">
        <time>2028-04-03T19:59:53Z</time>
      </trkpt>
      <trkpt lat="67.60326874" lon="17.26754372">
        <time>2028-04-03T20:17:58Z</time>
      </trkpt>
      <trkpt lat="67.6095638" lon="17.28039033">
        <time>2028-04-03T21:20:01Z</time>
      </trkpt>
      <trkpt lat="67.61148602" lon="17.28413126">
        <time>2028-04-03T21:38:39Z</time>
      </trkpt>
      <trkpt lat="67.61378232" lon="17.28976482">
        <time>2028-04-03T22:03:06Z</time>
      </trkpt>
      <trkpt lat="67.61849119" lon="17.30325205">
        <time>2028-04-03T22:57:20Z</time>
      </trkpt>
      <trkpt lat="67.62379786" lon="17.31424022">
        <time>2028-04-03T23:49:55Z</time>
      </trkpt>
      <trkpt lat="67.62506118" lon="17.31775895">
        <time>2028-04-04T00:04:15Z</time>
      </trkpt>
      <trkpt lat="67.62556661" lon="17.32400288">
        <time>2028-04-04T00:23:09Z</time>
      </trkpt>
      <trkpt lat="67.6276874" lon="17.33049307">
        <time>2028-04-04T00:48:29Z</time>
      </trkpt>
      <trkpt lat="67.6293844" lon="17.33504595">
        <time>2028-04-04T01:07:22Z</time>
      </trkpt>
      <trkpt lat="67.63077487" lon="17.33751149">
        <time>2028-04-04T01:20:25Z</time>
      </trkpt>
      <trkpt lat="67.6315735" lon="17.3383195">
        <time>2028-04-04T01:27:05Z</time>
      </trkpt>
      <trkpt lat="67.63270883" lon="17.34363321">
        <time>2028-04-04T01:45:08Z</time>
      </trkpt>
      <trkpt lat="67.6336264" lon="17.34877358">
        <time>2028-04-04T02:01:56Z</time>
      </trkpt>
      <trkpt lat="67.6336264" lon="17.35670052">
        <time>2028-04-04T02:25:25Z</time>
      </trkpt>
      <trkpt lat="67.63440725" lon="17.36214238">
        <time>2028-04-04T02:42:38Z</time>
      </trkpt>
      <trkpt lat="67.63609311" lon="17.36930707">
        <time>2028-04-04T03:07:35Z</time>
      </trkpt>
      <trkpt lat="67.63724193" lon="17.37324245">
        <time>2028-04-04T03:22:16Z</time>
      </trkpt>
      <trkpt lat="67.64024366" lon="17.37328151">
        <time>2028-04-04T03:45:38Z</time>
      </trkpt>
      <trkpt lat="67.64471456" lon="17.37268992">
        <time>2028-04-04T04:20:28Z</time>
      </trkpt>
      <trkpt lat="67.64931816" lon="17.37228356">
        <time>2028-04-04T04:56:19Z</time>
      </trkpt>
      <trkpt lat="67.65187246" lon="17.3719715">
        <time>2028-04-04T05:16:12Z</time>
      </trkpt>
      <trkpt lat="67.65572604" lon="17.37356977">
        <time>2028-04-04T05:46:34Z</time>
      </trkpt>
      <trkpt lat="67.65777181" lon="17.37612004">
        <time>2028-04-04T06:04:11Z</time>
      </trkpt>
      <trkpt lat="67.65930276" lon="17.37889848">
        <time>2028-04-04T06:18:40Z</time>
      </trkpt>
      <trkpt lat="67.6629908" lon="17.38497494">
        <time>2028-04-04T06:52:31Z</time>
      </trkpt>
      <trkpt lat="67.67029613" lon="17.39384023">
        <time>2028-04-04T07:55:08Z</time>
      </trkpt>
      <trkpt lat="67.67409137" lon="17.39997896">
        <time>2028-04-04T08:29:47Z</time>
      </trkpt>
      <trkpt lat="67.67610286" lon="17.40381888">
        <time>2028-04-04T08:49:08Z</time>
      </trkpt>
      <trkpt lat="67.67852054" lon="17.40676613">
        <time>2028-04-04T09:09:52Z</time>
      </trkpt>
      <trkpt lat="67.68171438" lon="17.40984178">
        <time>2028-04-04T09:36:20Z</time>
      </trkpt>
      <trkpt lat="67.68324005" lon="17.41152453">
        <time>2028-04-04T09:49:12Z</time>
      </trkpt>
      <trkpt lat="67.68471912" lon="17.41346553">
        <time>2028-04-04T10:02:03Z</time>
      </trkpt>
      <trkpt lat="67.68620498" lon="17.41629459">
        <time>2028-04-04T10:16:20Z</time>
      </trkpt>
      <trkpt lat="67.68641973" lon="17.41682583">
        <time>2028-04-04T10:18:37Z</time>
      </trkpt>
      <trkpt lat="67.69110295" lon="17.41780174">
        <time>2028-04-04T10:55:11Z</time>
      </trkpt>
      <trkpt lat="67.696993" lon="17.41969286">
        <time>2028-04-04T11:41:21Z</time>
      </trkpt>
      <trkpt lat="67.7003906" lon="17.42031497">
        <time>2028-04-04T12:07:51Z</time>
      </trkpt>
      <trkpt lat="67.7028154" lon="17.42218656">
        <time>2028-04-04T12:27:31Z</time>
      </trkpt>
      <trkpt lat="67.70547791" lon="17.42442965">
        <time>2028-04-04T12:49:16Z</time>
      </trkpt>
      <trkpt lat="67.70798301" lon="17.42673567">
        <time>2028-04-04T13:09:55Z</time>
      </trkpt>
      <trkpt lat="67.70942906" lon="17.42883685">
        <time>2028-04-04T13:22:46Z</time>
      </trkpt>
      <trkpt lat="67.71122555" lon="17.43085002">
        <time>2028-04-04T13:37:58Z</time>
      </trkpt>
      <trkpt lat="67.71336671" lon="17.43308262">
        <time>2028-04-04T13:55:53Z</time>
      </trkpt>
      <trkpt lat="67.71522766" lon="17.43652515">
        <time>2028-04-04T14:13:34Z</time>
      </trkpt>
      <trkpt lat="67.71646164" lon="17.44020648">
        <time>2028-04-04T14:28:04Z</time>
      </trkpt>
      <trkpt lat="67.71789051" lon="17.44547132">
        <time>2028-04-04T14:47:10Z</time>
      </trkpt>
      <trkpt lat="67.71892861" lon="17.45259091">
        <time>2028-04-04T15:09:41Z</time>
      </trkpt>
      <trkpt lat="67.71943043" lon="17.45693156">
        <time>2028-04-04T15:23:04Z</time>
      </trkpt>
      <trkpt lat="67.72037348" lon="17.46039941">
        <time>2028-04-04T15:35:40Z</time>
      </trkpt>
      <trkpt lat="67.72168583" lon="17.46812375">
        <time>2028-04-04T16:00:38Z</time>
      </trkpt>
      <trkpt lat="67.72203301" lon="17.47195051">
        <time>2028-04-04T16:12:15Z</time>
      </trkpt>
      <trkpt lat="67.72233275" lon="17.46916009">
        <time>2028-04-04T16:20:48Z</time>
      </trkpt>
      <trkpt lat="67.72233124" lon="17.46913604">
        <time>2028-04-04T16:20:52Z</time>
      </trkpt>
      <trkpt lat="67.72238254" lon="17.46914073">
        <time>2028-04-04T16:21:16Z</time>
      </trkpt>
      <trkpt lat="67.72239486" lon="17.46921273">
        <time>2028-04-04T16:21:30Z</time>
      </trkpt>
      <trkpt lat="67.72237281" lon="17.4691466">
        <time>2028-04-04T16:21:46Z</time>
      </trkpt>
      <trkpt lat="67.72237566" lon="17.46912631">
        <time>2028-04-04T16:21:50Z</time>
      </trkpt>
      <trkpt lat="67.72240567" lon="17.46912983">
        <time>2028-04-04T16:22:04Z</time>
      </trkpt>
      <trkpt lat="67.72240542" lon="17.46916537">
        <time>2028-04-04T16:22:10Z</time>
      </trkpt>
      <trkpt lat="67.72239293" lon="17.46917224">
        <time>2028-04-04T16:22:16Z</time>
      </trkpt>
      <trkpt lat="67.72239335" lon="17.46917635">
        <time>2028-04-04T16:22:17Z</time>
      </trkpt>
      <trkpt lat="67.72242134" lon="17.46926688">
        <time>2028-04-04T16:22:37Z</time>
      </trkpt>
      <trkpt lat="67.72246929" lon="17.46933041">
        <time>2028-04-04T16:23:02Z</time>
      </trkpt>
      <trkpt lat="67.72249385" lon="17.46929026">
        <time>2028-04-04T16:23:16Z</time>
      </trkpt>
      <trkpt lat="67.72246845" lon="17.46917753">
        <time>2028-04-04T16:23:39Z</time>
      </trkpt>
      <trkpt lat="67.72243048" lon="17.4691419">
        <time>2028-04-04T16:23:58Z</time>
      </trkpt>
      <trkpt lat="67.72239964" lon="17.46917292">
        <time>2028-04-04T16:24:13Z</time>
      </trkpt>
      <trkpt lat="67.72240165" lon="17.46913184">
        <time>2028-04-04T16:24:21Z</time>
      </trkpt>
      <trkpt lat="67.72236653" lon="17.4690901">
        <time>2028-04-04T16:24:39Z</time>
      </trkpt>
      <trkpt lat="67.72237659" lon="17.46909597">
        <time>2028-04-04T16:24:44Z</time>
      </trkpt>
      <trkpt lat="67.72238061" lon="17.46913101">
        <time>2028-04-04T16:24:50Z</time>
      </trkpt>
      <trkpt lat="67.72238631" lon="17.46914567">
        <time>2028-04-04T16:24:54Z</time>
      </trkpt>
      <trkpt lat="67.72236368" lon="17.46911089">
        <time>2028-04-04T16:25:06Z</time>
      </trkpt>
      <trkpt lat="67.72240726" lon="17.46917149">
        <time>2028-04-04T16:25:29Z</time>
      </trkpt>
      <trkpt lat="67.72241154" lon="17.46921742">
        <time>2028-04-04T16:25:37Z</time>
      </trkpt>
      <trkpt lat="67.72237885" lon="17.46910712">
        <time>2028-04-04T16:26:02Z</time>
      </trkpt>
      <trkpt lat="67.72238857" lon="17.46913796">
        <time>2028-04-04T16:26:09Z</time>
      </trkpt>
      <trkpt lat="67.72239083" lon="17.46915674">
        <time>2028-04-04T16:26:13Z</time>
      </trkpt>
      <trkpt lat="67.72237969" lon="17.46913495">
        <time>2028-04-04T16:26:19Z</time>
      </trkpt>
      <trkpt lat="67.72238195" lon="17.46913327">
        <time>2028-04-04T16:26:20Z</time>
      </trkpt>
      <trkpt lat="67.72237164" lon="17.46911198">
        <time>2028-04-04T16:26:26Z</time>
      </trkpt>
      <trkpt lat="67.72237826" lon="17.46909664">
        <time>2028-04-04T16:26:31Z</time>
      </trkpt>
      <trkpt lat="67.72237625" lon="17.46910376">
        <time>2028-04-04T16:26:32Z</time>
      </trkpt>
      <trkpt lat="67.72236678" lon="17.46914433">
        <time>2028-04-04T16:26:41Z</time>
      </trkpt>
      <trkpt lat="67.72236971" lon="17.46921893">
        <time>2028-04-04T16:26:54Z</time>
      </trkpt>
      <trkpt lat="67.72237625" lon="17.46921784">
        <time>2028-04-04T16:26:57Z</time>
      </trkpt>
      <trkpt lat="67.72237835" lon="17.46918574">
        <time>2028-04-04T16:27:03Z</time>
      </trkpt>
      <trkpt lat="67.72239117" lon="17.4691968">
        <time>2028-04-04T16:27:09Z</time>
      </trkpt>
      <trkpt lat="67.72239729" lon="17.46917233">
        <time>2028-04-04T16:27:14Z</time>
      </trkpt>
      <trkpt lat="67.7223765" lon="17.46915112">
        <time>2028-04-04T16:27:25Z</time>
      </trkpt>
      <trkpt lat="67.72239042" lon="17.4691191">
        <time>2028-04-04T16:27:33Z</time>
      </trkpt>
      <trkpt lat="67.72238706" lon="17.46909203">
        <time>2028-04-04T16:27:38Z</time>
      </trkpt>
      <trkpt lat="67.72233794" lon="17.46890922">
        <time>2028-04-04T16:28:18Z</time>
      </trkpt>
      <trkpt lat="67.72232143" lon="17.46890252">
        <time>2028-04-04T16:28:26Z</time>
      </trkpt>
      <trkpt lat="67.7223382" lon="17.468914">
        <time>2028-04-04T16:28:34Z</time>
      </trkpt>
      <trkpt lat="67.72233442" lon="17.46890268">
        <time>2028-04-04T16:28:36Z</time>
      </trkpt>
      <trkpt lat="67.72231833" lon="17.46892188">
        <time>2028-04-04T16:28:45Z</time>
      </trkpt>
      <trkpt lat="67.72233292" lon="17.46891852">
        <time>2028-04-04T16:28:51Z</time>
      </trkpt>
      <trkpt lat="67.72233342" lon="17.46892137">
        <time>2028-04-04T16:28:52Z</time>
      </trkpt>
      <trkpt lat="67.72232755" lon="17.46892137">
        <time>2028-04-04T16:28:55Z</time>
      </trkpt>
      <trkpt lat="67.72233593" lon="17.46891567">
        <time>2028-04-04T16:28:59Z</time>
      </trkpt>
      <trkpt lat="67.72232554" lon="17.4689342">
        <time>2028-04-04T16:29:05Z</time>
      </trkpt>
      <trkpt lat="67.72232596" lon="17.46890788">
        <time>2028-04-04T16:29:09Z</time>
      </trkpt>
      <trkpt lat="67.72233333" lon="17.46897426">
        <time>2028-04-04T16:29:22Z</time>
      </trkpt>
      <trkpt lat="67.72238245" lon="17.46913126">
        <time>2028-04-04T16:29:58Z</time>
      </trkpt>
      <trkpt lat="67.72240458" lon="17.46916797">
        <time>2028-04-04T16:30:10Z</time>
      </trkpt>
      <trkpt lat="67.72240969" lon="17.46917845">
        <time>2028-04-04T16:30:13Z</time>
      </trkpt>
      <trkpt lat="67.72240575" lon="17.46917082">
        <time>2028-04-04T16:30:15Z</time>
      </trkpt>
      <trkpt lat="67.72239083" lon="17.46915448">
        <time>2028-04-04T16:30:23Z</time>
      </trkpt>
      <trkpt lat="67.72238824" lon="17.46917384">
        <time>2028-04-04T16:30:26Z</time>
      </trkpt>
      <trkpt lat="67.72238983" lon="17.46918247">
        <time>2028-04-04T16:30:28Z</time>
      </trkpt>
      <trkpt lat="67.72238715" lon="17.46919957">
        <time>2028-04-04T16:30:31Z</time>
      </trkpt>
      <trkpt lat="67.72238949" lon="17.46917426">
        <time>2028-04-04T16:30:36Z</time>
      </trkpt>
      <trkpt lat="67.72239628" lon="17.4691704">
        <time>2028-04-04T16:30:39Z</time>
      </trkpt>
      <trkpt lat="67.72238924" lon="17.46913687">
        <time>2028-04-04T16:30:46Z</time>
      </trkpt>
      <trkpt lat="67.72242319" lon="17.46913352">
        <time>2028-04-04T16:31:02Z</time>
      </trkpt>
      <trkpt lat="67.72237558" lon="17.4691554">
        <time>2028-04-04T16:31:24Z</time>
      </trkpt>
      <trkpt lat="67.72235546" lon="17.46912346">
        <time>2028-04-04T16:31:35Z</time>
      </trkpt>
      <trkpt lat="67.72237751" lon="17.46914509">
        <time>2028-04-04T16:31:46Z</time>
      </trkpt>
      <trkpt lat="67.72237063" lon="17.46912656">
        <time>2028-04-04T16:31:51Z</time>
      </trkpt>
      <trkpt lat="67.7224257" lon="17.46904744">
        <time>2028-04-04T16:32:20Z</time>
      </trkpt>
      <trkpt lat="67.72244548" lon="17.46898457">
        <time>2028-04-04T16:32:35Z</time>
      </trkpt>
      <trkpt lat="67.72253701" lon="17.46845727">
        <time>2028-04-04T16:34:17Z</time>
      </trkpt>
      <trkpt lat="67.7225226" lon="17.46781823">
        <time>2028-04-04T16:36:11Z</time>
      </trkpt>
      <trkpt lat="67.72247725" lon="17.46667251">
        <time>2028-04-04T16:39:34Z</time>
      </trkpt>
      <trkpt lat="67.7224102" lon="17.46567607">
        <time>2028-04-04T16:42:34Z</time>
      </trkpt>
      <trkpt lat="67.72235898" lon="17.46499697">
        <time>2028-04-04T16:44:36Z</time>
      </trkpt>
      <trkpt lat="67.72245605" lon="17.46465323">
        <time>2028-04-04T16:45:52Z</time>
      </trkpt>
      <trkpt lat="67.72255043" lon="17.4643291">
        <time>2028-04-04T16:47:04Z</time>
      </trkpt>
      <trkpt lat="67.72264363" lon="17.463996">
        <time>2028-04-04T16:48:18Z</time>
      </trkpt>
      <trkpt lat="67.72272502" lon="17.46367447">
        <time>2028-04-04T16:49:26Z</time>
      </trkpt>
      <trkpt lat="67.72280104" lon="17.46337951">
        <time>2028-04-04T16:50:29Z</time>
      </trkpt>
      <trkpt lat="67.72287137" lon="17.46309805">
        <time>2028-04-04T16:51:29Z</time>
      </trkpt>
      <trkpt lat="67.72294438" lon="17.46278767">
        <time>2028-04-04T16:52:34Z</time>
      </trkpt>
      <trkpt lat="67.72303163" lon="17.46243068">
        <time>2028-04-04T16:53:49Z</time>
      </trkpt>
      <trkpt lat="67.72312241" lon="17.46209448">
        <time>2028-04-04T16:55:02Z</time>
      </trkpt>
      <trkpt lat="67.72320472" lon="17.461767">
        <time>2028-04-04T16:56:11Z</time>
      </trkpt>
      <trkpt lat="67.72327529" lon="17.46144757">
        <time>2028-04-04T16:57:17Z</time>
      </trkpt>
      <trkpt lat="67.72337219" lon="17.4610791">
        <time>2028-04-04T16:58:36Z</time>
      </trkpt>
      <trkpt lat="67.72345835" lon="17.460703">
        <time>2028-04-04T16:59:54Z</time>
      </trkpt>
      <trkpt lat="67.72355751" lon="17.46035348">
        <time>2028-04-04T17:01:11Z</time>
      </trkpt>
      <trkpt lat="67.72365969" lon="17.46007151">
        <time>2028-04-04T17:02:20Z</time>
      </trkpt>
      <trkpt lat="67.72377494" lon="17.459839">
        <time>2028-04-04T17:03:28Z</time>
      </trkpt>
      <trkpt lat="67.72389723" lon="17.4596385">
        <time>2028-04-04T17:04:35Z</time>
      </trkpt>
      <trkpt lat="67.72403142" lon="17.45948276">
        <time>2028-04-04T17:05:44Z</time>
      </trkpt>
      <trkpt lat="67.72415506" lon="17.45935544">
        <time>2028-04-04T17:06:46Z</time>
      </trkpt>
      <trkpt lat="67.72428665" lon="17.45929132">
        <time>2028-04-04T17:07:48Z</time>
      </trkpt>
      <trkpt lat="67.72441649" lon="17.45927313">
        <time>2028-04-04T17:08:49Z</time>
      </trkpt>
      <trkpt lat="67.72454373" lon="17.4592764">
        <time>2028-04-04T17:09:48Z</time>
      </trkpt>
      <trkpt lat="67.72466887" lon="17.45934832">
        <time>2028-04-04T17:10:48Z</time>
      </trkpt>
      <trkpt lat="67.72477305" lon="17.45946256">
        <time>2028-04-04T17:11:41Z</time>
      </trkpt>
      <trkpt lat="67.72487531" lon="17.45965367">
        <time>2028-04-04T17:12:39Z</time>
      </trkpt>
      <trkpt lat="67.72496693" lon="17.45985358">
        <time>2028-04-04T17:13:35Z</time>
      </trkpt>
      <trkpt lat="67.72502979" lon="17.46009003">
        <time>2028-04-04T17:14:26Z</time>
      </trkpt>
      <trkpt lat="67.72508981" lon="17.46040117">
        <time>2028-04-04T17:15:28Z</time>
      </trkpt>
      <trkpt lat="67.72511085" lon="17.46073552">
        <time>2028-04-04T17:16:28Z</time>
      </trkpt>
      <trkpt lat="67.72513658" lon="17.46108262">
        <time>2028-04-04T17:17:30Z</time>
      </trkpt>
      <trkpt lat="67.72513708" lon="17.46152032">
        <time>2028-04-04T17:18:48Z</time>
      </trkpt>
      <trkpt lat="67.72510481" lon="17.46193003">
        <time>2028-04-04T17:20:02Z</time>
      </trkpt>
      <trkpt lat="67.72506516" lon="17.46252364">
        <time>2028-04-04T17:21:48Z</time>
      </trkpt>
      <trkpt lat="67.72503893" lon="17.46304373">
        <time>2028-04-04T17:23:21Z</time>
      </trkpt>
      <trkpt lat="67.72501705" lon="17.46349208">
        <time>2028-04-04T17:24:41Z</time>
      </trkpt>
      <trkpt lat="67.72499316" lon="17.4639499">
        <time>2028-04-04T17:26:03Z</time>
      </trkpt>
      <trkpt lat="67.72497187" lon="17.46424846">
        <time>2028-04-04T17:26:57Z</time>
      </trkpt>
      <trkpt lat="67.72494572" lon="17.46457293">
        <time>2028-04-04T17:27:56Z</time>
      </trkpt>
      <trkpt lat="67.72492007" lon="17.464873">
        <time>2028-04-04T17:28:50Z</time>
      </trkpt>
      <trkpt lat="67.72491043" lon="17.46519771">
        <time>2028-04-04T17:29:48Z</time>
      </trkpt>
      <trkpt lat="67.72488018" lon="17.46556518">
        <time>2028-04-04T17:30:54Z</time>
      </trkpt>
      <trkpt lat="67.72486148" lon="17.46588285">
        <time>2028-04-04T17:31:51Z</time>
      </trkpt>
      <trkpt lat="67.72484874" lon="17.46623917">
        <time>2028-04-04T17:32:55Z</time>
      </trkpt>
      <trkpt lat="67.72484304" lon="17.46663664">
        <time>2028-04-04T17:34:05Z</time>
      </trkpt>
      <trkpt lat="67.72484103" lon="17.46701877">
        <time>2028-04-04T17:35:13Z</time>
      </trkpt>
      <trkpt lat="67.72485084" lon="17.46740391">
        <time>2028-04-04T17:36:21Z</time>
      </trkpt>
      <trkpt lat="67.72487372" lon="17.46775922">
        <time>2028-04-04T17:37:25Z</time>
      </trkpt>
      <trkpt lat="67.72490566" lon="17.46807631">
        <time>2028-04-04T17:38:23Z</time>
      </trkpt>
      <trkpt lat="67.72494731" lon="17.46841896">
        <time>2028-04-04T17:39:26Z</time>
      </trkpt>
      <trkpt lat="67.72500297" lon="17.46881015">
        <time>2028-04-04T17:40:40Z</time>
      </trkpt>
      <trkpt lat="67.72504547" lon="17.46918113">
        <time>2028-04-04T17:41:49Z</time>
      </trkpt>
      <trkpt lat="67.72509282" lon="17.46953627">
        <time>2028-04-04T17:42:56Z</time>
      </trkpt>
      <trkpt lat="67.72514395" lon="17.46988588">
        <time>2028-04-04T17:44:02Z</time>
      </trkpt>
      <trkpt lat="67.72519659" lon="17.47034873">
        <time>2028-04-04T17:45:27Z</time>
      </trkpt>
      <trkpt lat="67.72524596" lon="17.47072315">
        <time>2028-04-04T17:46:38Z</time>
      </trkpt>
      <trkpt lat="67.72527195" lon="17.47095709">
        <time>2028-04-04T17:47:21Z</time>
      </trkpt>
      <trkpt lat="67.72532257" lon="17.47135011">
        <time>2028-04-04T17:48:34Z</time>
      </trkpt>
      <trkpt lat="67.72537638" lon="17.47177784">
        <time>2028-04-04T17:49:54Z</time>
      </trkpt>
      <trkpt lat="67.72541293" lon="17.47205545">
        <time>2028-04-04T17:50:46Z</time>
      </trkpt>
      <trkpt lat="67.72545626" lon="17.47234622">
        <time>2028-04-04T17:51:41Z</time>
      </trkpt>
      <trkpt lat="67.72548786" lon="17.47265543">
        <time>2028-04-04T17:52:38Z</time>
      </trkpt>
      <trkpt lat="67.72552692" lon="17.47291535">
        <time>2028-04-04T17:53:27Z</time>
      </trkpt>
      <trkpt lat="67.72555718" lon="17.47314233">
        <time>2028-04-04T17:54:10Z</time>
      </trkpt>
      <trkpt lat="67.72559708" lon="17.47338717">
        <time>2028-04-04T17:54:57Z</time>
      </trkpt>
      <trkpt lat="67.72565106" lon="17.47361851">
        <time>2028-04-04T17:55:45Z</time>
      </trkpt>
      <trkpt lat="67.72569439" lon="17.47385932">
        <time>2028-04-04T17:56:32Z</time>
      </trkpt>
      <trkpt lat="67.72574083" lon="17.47408831">
        <time>2028-04-04T17:57:18Z</time>
      </trkpt>
      <trkpt lat="67.72579431" lon="17.47432703">
        <time>2028-04-04T17:58:07Z</time>
      </trkpt>
      <trkpt lat="67.72584418" lon="17.47456918">
        <time>2028-04-04T17:58:56Z</time>
      </trkpt>
      <trkpt lat="67.72591199" lon="17.47477261">
        <time>2028-04-04T17:59:44Z</time>
      </trkpt>
      <trkpt lat="67.7259658" lon="17.47492231">
        <time>2028-04-04T18:00:21Z</time>
      </trkpt>
      <trkpt lat="67.72603478" lon="17.47510663">
        <time>2028-04-04T18:01:07Z</time>
      </trkpt>
      <trkpt lat="67.72610527" lon="17.47529665">
        <time>2028-04-04T18:01:54Z</time>
      </trkpt>
      <trkpt lat="67.72615992" lon="17.47538776">
        <time>2028-04-04T18:02:24Z</time>
      </trkpt>
      <trkpt lat="67.72626009" lon="17.47553444">
        <time>2028-04-04T18:03:17Z</time>
      </trkpt>
      <trkpt lat="67.72635749" lon="17.47566135">
        <time>2028-04-04T18:04:08Z</time>
      </trkpt>
      <trkpt lat="67.72647114" lon="17.47579185">
        <time>2028-04-04T18:05:06Z</time>
      </trkpt>
      <trkpt lat="67.72656779" lon="17.47588422">
        <time>2028-04-04T18:05:54Z</time>
      </trkpt>
      <trkpt lat="67.7266594" lon="17.47592756">
        <time>2028-04-04T18:06:37Z</time>
      </trkpt>
      <trkpt lat="67.72674984" lon="17.47598112">
        <time>2028-04-04T18:07:21Z</time>
      </trkpt>
      <trkpt lat="67.72688504" lon="17.47599511">
        <time>2028-04-04T18:08:24Z</time>
      </trkpt>
      <trkpt lat="67.72699828" lon="17.47597667">
        <time>2028-04-04T18:09:17Z</time>
      </trkpt>
      <trkpt lat="67.72712627" lon="17.47593066">
        <time>2028-04-04T18:10:17Z</time>
      </trkpt>
      <trkpt lat="67.72723541" lon="17.47586419">
        <time>2028-04-04T18:11:09Z</time>
      </trkpt>
      <trkpt lat="67.72734378" lon="17.47577509">
        <time>2028-04-04T18:12:02Z</time>
      </trkpt>
      <trkpt lat="67.72745074" lon="17.47567216">
        <time>2028-04-04T18:12:56Z</time>
      </trkpt>
      <trkpt lat="67.72754269" lon="17.47558214">
        <time>2028-04-04T18:13:41Z</time>
      </trkpt>
      <trkpt lat="67.72766456" lon="17.4754756">
        <time>2028-04-04T18:14:41Z</time>
      </trkpt>
      <trkpt lat="67.72779297" lon="17.47535407">
        <time>2028-04-04T18:15:45Z</time>
      </trkpt>
      <trkpt lat="67.72789942" lon="17.4752332">
        <time>2028-04-04T18:16:39Z</time>
      </trkpt>
      <trkpt lat="67.72801543" lon="17.47509129">
        <time>2028-04-04T18:17:39Z</time>
      </trkpt>
      <trkpt lat="67.72811676" lon="17.4749794">
        <time>2028-04-04T18:18:30Z</time>
      </trkpt>
      <trkpt lat="67.72825213" lon="17.47483766">
        <time>2028-04-04T18:19:38Z</time>
      </trkpt>
      <trkpt lat="67.72830494" lon="17.474739">
        <time>2028-04-04T18:20:08Z</time>
      </trkpt>
      <trkpt lat="67.72830008" lon="17.47468251">
        <time>2028-04-04T18:20:19Z</time>
      </trkpt>
      <trkpt lat="67.72831558" lon="17.474666">
        <time>2028-04-04T18:20:26Z</time>
      </trkpt>
      <trkpt lat="67.72829773" lon="17.47467069">
        <time>2028-04-04T18:20:35Z</time>
      </trkpt>
      <trkpt lat="67.7283269" lon="17.47459911">
        <time>2028-04-04T18:20:53Z</time>
      </trkpt>
      <trkpt lat="67.72829169" lon="17.47442887">
        <time>2028-04-04T18:21:28Z</time>
      </trkpt>
      <trkpt lat="67.72829454" lon="17.47441697">
        <time>2028-04-04T18:21:30Z</time>
      </trkpt>
      <trkpt lat="67.72827208" lon="17.47449241">
        <time>2028-04-04T18:21:47Z</time>
      </trkpt>
      <trkpt lat="67.72826948" lon="17.47445427">
        <time>2028-04-04T18:21:54Z</time>
      </trkpt>
      <trkpt lat="67.72826152" lon="17.47451001">
        <time>2028-04-04T18:22:05Z</time>
      </trkpt>
      <trkpt lat="67.72825171" lon="17.47454186">
        <time>2028-04-04T18:22:12Z</time>
      </trkpt>
      <trkpt lat="67.72819455" lon="17.47474437">
        <time>2028-04-04T18:22:56Z</time>
      </trkpt>
      <trkpt lat="67.72801786" lon="17.47503371">
        <time>2028-04-04T18:24:34Z</time>
      </trkpt>
      <trkpt lat="67.7273458" lon="17.47574408">
        <time>2028-04-04T18:30:12Z</time>
      </trkpt>
      <trkpt lat="67.72677273" lon="17.47591163">
        <time>2028-04-04T18:34:41Z</time>
      </trkpt>
      <trkpt lat="67.72669603" lon="17.47590886">
        <time>2028-04-04T18:35:17Z</time>
      </trkpt>
      <trkpt lat="67.72671179" lon="17.47593057">
        <time>2028-04-04T18:35:25Z</time>
      </trkpt>
      <trkpt lat="67.72671707" lon="17.47596745">
        <time>2028-04-04T18:35:32Z</time>
      </trkpt>
      <trkpt lat="67.72675755" lon="17.47597558">
        <time>2028-04-04T18:35:51Z</time>
      </trkpt>
      <trkpt lat="67.72687767" lon="17.47598472">
        <time>2028-04-04T18:36:47Z</time>
      </trkpt>
      <trkpt lat="67.72700407" lon="17.47594591">
        <time>2028-04-04T18:37:46Z</time>
      </trkpt>
      <trkpt lat="67.72713063" lon="17.47592211">
        <time>2028-04-04T18:38:46Z</time>
      </trkpt>
      <trkpt lat="67.72726508" lon="17.47584198">
        <time>2028-04-04T18:39:50Z</time>
      </trkpt>
      <trkpt lat="67.72738033" lon="17.47574978">
        <time>2028-04-04T18:40:46Z</time>
      </trkpt>
      <trkpt lat="67.72749156" lon="17.47564525">
        <time>2028-04-04T18:41:41Z</time>
      </trkpt>
      <trkpt lat="67.72760614" lon="17.47551885">
        <time>2028-04-04T18:42:39Z</time>
      </trkpt>
      <trkpt lat="67.7277141" lon="17.47539707">
        <time>2028-04-04T18:43:34Z</time>
      </trkpt>
      <trkpt lat="67.72783991" lon="17.47527997">
        <time>2028-04-04T18:44:36Z</time>
      </trkpt>
      <trkpt lat="67.72794359" lon="17.47518467">
        <time>2028-04-04T18:45:28Z</time>
      </trkpt>
      <trkpt lat="67.72804242" lon="17.47507704">
        <time>2028-04-04T18:46:18Z</time>
      </trkpt>
      <trkpt lat="67.72814007" lon="17.47494771">
        <time>2028-04-04T18:47:09Z</time>
      </trkpt>
      <trkpt lat="67.72824559" lon="17.47485677">
        <time>2028-04-04T18:48:01Z</time>
      </trkpt>
      <trkpt lat="67.72835489" lon="17.47472274">
        <time>2028-04-04T18:48:57Z</time>
      </trkpt>
      <trkpt lat="67.72843083" lon="17.47464278">
        <time>2028-04-04T18:49:35Z</time>
      </trkpt>
      <trkpt lat="67.72854206" lon="17.47452308">
        <time>2028-04-04T18:50:31Z</time>
      </trkpt>
      <trkpt lat="67.72866528" lon="17.47440515">
        <time>2028-04-04T18:51:32Z</time>
      </trkpt>
      <trkpt lat="67.72876821" lon="17.47428169">
        <time>2028-04-04T18:52:25Z</time>
      </trkpt>
      <trkpt lat="67.7288599" lon="17.47417415">
        <time>2028-04-04T18:53:12Z</time>
      </trkpt>
      <trkpt lat="67.72896451" lon="17.47406811">
        <time>2028-04-04T18:54:04Z</time>
      </trkpt>
      <trkpt lat="67.72907096" lon="17.47399787">
        <time>2028-04-04T18:54:55Z</time>
      </trkpt>
      <trkpt lat="67.72917464" lon="17.47389989">
        <time>2028-04-04T18:55:47Z</time>
      </trkpt>
      <trkpt lat="67.72928554" lon="17.47380568">
        <time>2028-04-04T18:56:41Z</time>
      </trkpt>
      <trkpt lat="67.72937816" lon="17.47374784">
        <time>2028-04-04T18:57:26Z</time>
      </trkpt>
      <trkpt lat="67.72948888" lon="17.47369772">
        <time>2028-04-04T18:58:18Z</time>
      </trkpt>
      <trkpt lat="67.72958645" lon="17.47367282">
        <time>2028-04-04T18:59:04Z</time>
      </trkpt>
      <trkpt lat="67.72968661" lon="17.47365103">
        <time>2028-04-04T18:59:51Z</time>
      </trkpt>
      <trkpt lat="67.72978535" lon="17.47365413">
        <time>2028-04-04T19:00:37Z</time>
      </trkpt>
      <trkpt lat="67.72989892" lon="17.47367064">
        <time>2028-04-04T19:01:30Z</time>
      </trkpt>
      <trkpt lat="67.72998626" lon="17.47371515">
        <time>2028-04-04T19:02:12Z</time>
      </trkpt>
      <trkpt lat="67.73009967" lon="17.47377835">
        <time>2028-04-04T19:03:06Z</time>
      </trkpt>
      <trkpt lat="67.73020579" lon="17.4738641">
        <time>2028-04-04T19:03:58Z</time>
      </trkpt>
      <trkpt lat="67.73031685" lon="17.47395596">
        <time>2028-04-04T19:04:52Z</time>
      </trkpt>
      <trkpt lat="67.7303958" lon="17.47402629">
        <time>2028-04-04T19:05:31Z</time>
      </trkpt>
      <trkpt lat="67.73049152" lon="17.47411748">
        <time>2028-04-04T19:06:18Z</time>
      </trkpt>
      <trkpt lat="67.73059848" lon="17.47421161">
        <time>2028-04-04T19:07:11Z</time>
      </trkpt>
      <trkpt lat="67.7307118" lon="17.47433558">
        <time>2028-04-04T19:08:08Z</time>
      </trkpt>
      <trkpt lat="67.73083745" lon="17.47446584">
        <time>2028-04-04T19:09:11Z</time>
      </trkpt>
      <trkpt lat="67.73095278" lon="17.47459902">
        <time>2028-04-04T19:10:10Z</time>
      </trkpt>
      <trkpt lat="67.73109108" lon="17.47471956">
        <time>2028-04-04T19:11:18Z</time>
      </trkpt>
      <trkpt lat="67.73123114" lon="17.47486029">
        <time>2028-04-04T19:12:28Z</time>
      </trkpt>
      <trkpt lat="67.73140054" lon="17.47500873">
        <time>2028-04-04T19:13:51Z</time>
      </trkpt>
      <trkpt lat="67.73154505" lon="17.47515382">
        <time>2028-04-04T19:15:04Z</time>
      </trkpt>
      <trkpt lat="67.73169743" lon="17.47529799">
        <time>2028-04-04T19:16:19Z</time>
      </trkpt>
      <trkpt lat="67.73180824" lon="17.47540184">
        <time>2028-04-04T19:17:14Z</time>
      </trkpt>
      <trkpt lat="67.73192818" lon="17.47552682">
        <time>2028-04-04T19:18:14Z</time>
      </trkpt>
      <trkpt lat="67.73204821" lon="17.47565447">
        <time>2028-04-04T19:19:15Z</time>
      </trkpt>
      <trkpt lat="67.7321617" lon="17.47575967">
        <time>2028-04-04T19:20:11Z</time>
      </trkpt>
      <trkpt lat="67.73227486" lon="17.4758812">
        <time>2028-04-04T19:21:08Z</time>
      </trkpt>
      <trkpt lat="67.73238508" lon="17.47600215">
        <time>2028-04-04T19:22:04Z</time>
      </trkpt>
      <trkpt lat="67.73247636" lon="17.4760817">
        <time>2028-04-04T19:22:49Z</time>
      </trkpt>
      <trkpt lat="67.73259941" lon="17.47620248">
        <time>2028-04-04T19:23:50Z</time>
      </trkpt>
      <trkpt lat="67.73272966" lon="17.47632377">
        <time>2028-04-04T19:24:54Z</time>
      </trkpt>
      <trkpt lat="67.73284013" lon="17.47645">
        <time>2028-04-04T19:25:51Z</time>
      </trkpt>
      <trkpt lat="67.73295119" lon="17.47656249">
        <time>2028-04-04T19:26:46Z</time>
      </trkpt>
      <trkpt lat="67.73305798" lon="17.47665963">
        <time>2028-04-04T19:27:39Z</time>
      </trkpt>
      <trkpt lat="67.73309352" lon="17.47674052">
        <time>2028-04-04T19:28:01Z</time>
      </trkpt>
      <trkpt lat="67.73308824" lon="17.47672811">
        <time>2028-04-04T19:28:04Z</time>
      </trkpt>
      <trkpt lat="67.7330962" lon="17.47673758">
        <time>2028-04-04T19:28:08Z</time>
      </trkpt>
      <trkpt lat="67.73309788" lon="17.47669945">
        <time>2028-04-04T19:28:15Z</time>
      </trkpt>
      <trkpt lat="67.73310458" lon="17.4766857">
        <time>2028-04-04T19:28:19Z</time>
      </trkpt>
      <trkpt lat="67.73310383" lon="17.47668897">
        <time>2028-04-04T19:28:20Z</time>
      </trkpt>
      <trkpt lat="67.73310056" lon="17.47669852">
        <time>2028-04-04T19:28:22Z</time>
      </trkpt>
      <trkpt lat="67.73309813" lon="17.47672501">
        <time>2028-04-04T19:28:27Z</time>
      </trkpt>
      <trkpt lat="67.73310542" lon="17.47672115">
        <time>2028-04-04T19:28:30Z</time>
      </trkpt>
      <trkpt lat="67.73309436" lon="17.47674219">
        <time>2028-04-04T19:28:37Z</time>
      </trkpt>
      <trkpt lat="67.73309612" lon="17.47668922">
        <time>2028-04-04T19:28:46Z</time>
      </trkpt>
      <trkpt lat="67.73312663" lon="17.47670389">
        <time>2028-04-04T19:29:00Z</time>
      </trkpt>
      <trkpt lat="67.73316971" lon="17.47672074">
        <time>2028-04-04T19:29:21Z</time>
      </trkpt>
      <trkpt lat="67.73327197" lon="17.47683297">
        <time>2028-04-04T19:30:12Z</time>
      </trkpt>
      <trkpt lat="67.73340315" lon="17.47687463">
        <time>2028-04-04T19:31:14Z</time>
      </trkpt>
      <trkpt lat="67.73353432" lon="17.47700497">
        <time>2028-04-04T19:32:20Z</time>
      </trkpt>
      <trkpt lat="67.73364832" lon="17.47717101">
        <time>2028-04-04T19:33:20Z</time>
      </trkpt>
      <trkpt lat="67.73378712" lon="17.47730965">
        <time>2028-04-04T19:34:30Z</time>
      </trkpt>
      <trkpt lat="67.73390774" lon="17.47744795">
        <time>2028-04-04T19:35:31Z</time>
      </trkpt>
      <trkpt lat="67.73402768" lon="17.47759723">
        <time>2028-04-04T19:36:33Z</time>
      </trkpt>
      <trkpt lat="67.73417302" lon="17.47776923">
        <time>2028-04-04T19:37:47Z</time>
      </trkpt>
      <trkpt lat="67.73430026" lon="17.47793863">
        <time>2028-04-04T19:38:54Z</time>
      </trkpt>
      <trkpt lat="67.73440504" lon="17.47801951">
        <time>2028-04-04T19:39:45Z</time>
      </trkpt>
      <trkpt lat="67.73453278" lon="17.47814289">
        <time>2028-04-04T19:40:48Z</time>
      </trkpt>
      <trkpt lat="67.73470335" lon="17.47825203">
        <time>2028-04-04T19:42:10Z</time>
      </trkpt>
      <trkpt lat="67.73472221" lon="17.47826594">
        <time>2028-04-04T19:42:20Z</time>
      </trkpt>
      <trkpt lat="67.73486763" lon="17.47833023">
        <time>2028-04-04T19:43:28Z</time>
      </trkpt>
      <trkpt lat="67.73501524" lon="17.47836057">
        <time>2028-04-04T19:44:37Z</time>
      </trkpt>
      <trkpt lat="67.73518925" lon="17.4783951">
        <time>2028-04-04T19:45:59Z</time>
      </trkpt>
      <trkpt lat="67.73531849" lon="17.47838396">
        <time>2028-04-04T19:46:59Z</time>
      </trkpt>
      <trkpt lat="67.73532763" lon="17.47834414">
        <time>2028-04-04T19:47:08Z</time>
      </trkpt>
      <trkpt lat="67.73533132" lon="17.47833224">
        <time>2028-04-04T19:47:10Z</time>
      </trkpt>
      <trkpt lat="67.73540609" lon="17.47834129">
        <time>2028-04-04T19:47:45Z</time>
      </trkpt>
      <trkpt lat="67.73555059" lon="17.47833266">
        <time>2028-04-04T19:48:53Z</time>
      </trkpt>
      <trkpt lat="67.73571379" lon="17.47825814">
        <time>2028-04-04T19:50:10Z</time>
      </trkpt>
      <trkpt lat="67.73586323" lon="17.47816167">
        <time>2028-04-04T19:51:22Z</time>
      </trkpt>
      <trkpt lat="67.73603573" lon="17.47801348">
        <time>2028-04-04T19:52:47Z</time>
      </trkpt>
      <trkpt lat="67.73620295" lon="17.47789068">
        <time>2028-04-04T19:54:08Z</time>
      </trkpt>
      <trkpt lat="67.73633949" lon="17.47775942">
        <time>2028-04-04T19:55:16Z</time>
      </trkpt>
      <trkpt lat="67.73647629" lon="17.47764995">
        <time>2028-04-04T19:56:22Z</time>
      </trkpt>
      <trkpt lat="67.73664258" lon="17.47754007">
        <time>2028-04-04T19:57:42Z</time>
      </trkpt>
      <trkpt lat="67.73676907" lon="17.47743454">
        <time>2028-04-04T19:58:44Z</time>
      </trkpt>
      <trkpt lat="67.73689949" lon="17.47733597">
        <time>2028-04-04T19:59:48Z</time>
      </trkpt>
      <trkpt lat="67.7370186" lon="17.47725793">
        <time>2028-04-04T20:00:45Z</time>
      </trkpt>
      <trkpt lat="67.73714391" lon="17.47717026">
        <time>2028-04-04T20:01:45Z</time>
      </trkpt>
      <trkpt lat="67.73725371" lon="17.47711586">
        <time>2028-04-04T20:02:38Z</time>
      </trkpt>
      <trkpt lat="67.73736125" lon="17.47705576">
        <time>2028-04-04T20:03:29Z</time>
      </trkpt>
      <trkpt lat="67.73748262" lon="17.4770545">
        <time>2028-04-04T20:04:26Z</time>
      </trkpt>
      <trkpt lat="67.73759452" lon="17.47705945">
        <time>2028-04-04T20:05:18Z</time>
      </trkpt>
      <trkpt lat="67.73769024" lon="17.47706096">
        <time>2028-04-04T20:06:03Z</time>
      </trkpt>
      <trkpt lat="67.73780733" lon="17.47713371">
        <time>2028-04-04T20:06:59Z</time>
      </trkpt>
      <trkpt lat="67.73791772" lon="17.47718744">
        <time>2028-04-04T20:07:51Z</time>
      </trkpt>
      <trkpt lat="67.73802325" lon="17.47728744">
        <time>2028-04-04T20:08:43Z</time>
      </trkpt>
      <trkpt lat="67.73806307" lon="17.47732415">
        <time>2028-04-04T20:09:03Z</time>
      </trkpt>
      <trkpt lat="67.73804789" lon="17.47728911">
        <time>2028-04-04T20:09:13Z</time>
      </trkpt>
      <trkpt lat="67.73810925" lon="17.47731702">
        <time>2028-04-04T20:09:42Z</time>
      </trkpt>
      <trkpt lat="67.73816071" lon="17.47738257">
        <time>2028-04-04T20:10:08Z</time>
      </trkpt>
      <trkpt lat="67.73822349" lon="17.47744904">
        <time>2028-04-04T20:10:40Z</time>
      </trkpt>
      <trkpt lat="67.73830941" lon="17.47758885">
        <time>2028-04-04T20:11:27Z</time>
      </trkpt>
      <trkpt lat="67.73837613" lon="17.47770318">
        <time>2028-04-04T20:12:04Z</time>
      </trkpt>
      <trkpt lat="67.73844712" lon="17.47787132">
        <time>2028-04-04T20:12:49Z</time>
      </trkpt>
      <trkpt lat="67.73851938" lon="17.47809679">
        <time>2028-04-04T20:13:41Z</time>
      </trkpt>
      <trkpt lat="67.73863086" lon="17.47840583">
        <time>2028-04-04T20:14:56Z</time>
      </trkpt>
      <trkpt lat="67.73873152" lon="17.47868587">
        <time>2028-04-04T20:16:05Z</time>
      </trkpt>
      <trkpt lat="67.73883378" lon="17.47899659">
        <time>2028-04-04T20:17:18Z</time>
      </trkpt>
      <trkpt lat="67.7388627" lon="17.47902324">
        <time>2028-04-04T20:17:32Z</time>
      </trkpt>
      <trkpt lat="67.73885197" lon="17.4790421">
        <time>2028-04-04T20:17:38Z</time>
      </trkpt>
      <trkpt lat="67.73886924" lon="17.47904713">
        <time>2028-04-04T20:17:46Z</time>
      </trkpt>
      <trkpt lat="67.73887971" lon="17.47927948">
        <time>2028-04-04T20:18:27Z</time>
      </trkpt>
      <trkpt lat="67.7388855" lon="17.4793094">
        <time>2028-04-04T20:18:33Z</time>
      </trkpt>
      <trkpt lat="67.7389083" lon="17.47932214">
        <time>2028-04-04T20:18:44Z</time>
      </trkpt>
      <trkpt lat="67.73891098" lon="17.47931049">
        <time>2028-04-04T20:18:47Z</time>
      </trkpt>
      <trkpt lat="67.73889891" lon="17.47930555">
        <time>2028-04-04T20:18:52Z</time>
      </trkpt>
      <trkpt lat="67.7389119" lon="17.47930337">
        <time>2028-04-04T20:18:58Z</time>
      </trkpt>
      <trkpt lat="67.73891794" lon="17.47932415">
        <time>2028-04-04T20:19:03Z</time>
      </trkpt>
      <trkpt lat="67.73891534" lon="17.47929096">
        <time>2028-04-04T20:19:09Z</time>
      </trkpt>
      <trkpt lat="67.73893151" lon="17.47930991">
        <time>2028-04-04T20:19:17Z</time>
      </trkpt>
      <trkpt lat="67.73892456" lon="17.47933405">
        <time>2028-04-04T20:19:23Z</time>
      </trkpt>
      <trkpt lat="67.73898038" lon="17.47954125">
        <time>2028-04-04T20:20:08Z</time>
      </trkpt>
      <trkpt lat="67.73904869" lon="17.47978273">
        <time>2028-04-04T20:21:01Z</time>
      </trkpt>
      <trkpt lat="67.73920426" lon="17.48029302">
        <time>2028-04-04T20:22:57Z</time>
      </trkpt>
      <trkpt lat="67.73938271" lon="17.48075855">
        <time>2028-04-04T20:24:54Z</time>
      </trkpt>
      <trkpt lat="67.73950526" lon="17.48108938">
        <time>2028-04-04T20:26:16Z</time>
      </trkpt>
      <trkpt lat="67.73964297" lon="17.48137068">
        <time>2028-04-04T20:27:37Z</time>
      </trkpt>
      <trkpt lat="67.73983114" lon="17.48172037">
        <time>2028-04-04T20:29:24Z</time>
      </trkpt>
      <trkpt lat="67.74003264" lon="17.48207317">
        <time>2028-04-04T20:31:17Z</time>
      </trkpt>
      <trkpt lat="67.74025275" lon="17.48243057">
        <time>2028-04-04T20:33:18Z</time>
      </trkpt>
      <trkpt lat="67.74042785" lon="17.48270072">
        <time>2028-04-04T20:34:53Z</time>
      </trkpt>
      <trkpt lat="67.74051226" lon="17.48280616">
        <time>2028-04-04T20:35:36Z</time>
      </trkpt>
      <trkpt lat="67.74064561" lon="17.48302334">
        <time>2028-04-04T20:36:50Z</time>
      </trkpt>
      <trkpt lat="67.74077" lon="17.48320246">
        <time>2028-04-04T20:37:56Z</time>
      </trkpt>
      <trkpt lat="67.74085709" lon="17.48336775">
        <time>2028-04-04T20:38:46Z</time>
      </trkpt>
      <trkpt lat="67.74093127" lon="17.48349541">
        <time>2028-04-04T20:39:27Z</time>
      </trkpt>
      <trkpt lat="67.74103294" lon="17.48368492">
        <time>2028-04-04T20:40:25Z</time>
      </trkpt>
      <trkpt lat="67.7411228" lon="17.48381828">
        <time>2028-04-04T20:41:13Z</time>
      </trkpt>
      <trkpt lat="67.74121818" lon="17.48395918">
        <time>2028-04-04T20:42:04Z</time>
      </trkpt>
      <trkpt lat="67.7413243" lon="17.48410553">
        <time>2028-04-04T20:43:00Z</time>
      </trkpt>
      <trkpt lat="67.74141868" lon="17.48425238">
        <time>2028-04-04T20:43:51Z</time>
      </trkpt>
      <trkpt lat="67.74150778" lon="17.4843906">
        <time>2028-04-04T20:44:40Z</time>
      </trkpt>
      <trkpt lat="67.7416154" lon="17.48457743">
        <time>2028-04-04T20:45:40Z</time>
      </trkpt>
      <trkpt lat="67.74171699" lon="17.48471682">
        <time>2028-04-04T20:46:33Z</time>
      </trkpt>
      <trkpt lat="67.741791" lon="17.48484397">
        <time>2028-04-04T20:47:15Z</time>
      </trkpt>
      <trkpt lat="67.74188018" lon="17.48498387">
        <time>2028-04-04T20:48:03Z</time>
      </trkpt>
      <trkpt lat="67.74198521" lon="17.48515259">
        <time>2028-04-04T20:49:00Z</time>
      </trkpt>
      <trkpt lat="67.74208697" lon="17.48531822">
        <time>2028-04-04T20:49:56Z</time>
      </trkpt>
      <trkpt lat="67.74216366" lon="17.48543817">
        <time>2028-04-04T20:50:38Z</time>
      </trkpt>
      <trkpt lat="67.74226307" lon="17.48562642">
        <time>2028-04-04T20:51:35Z</time>
      </trkpt>
      <trkpt lat="67.74237924" lon="17.48579917">
        <time>2028-04-04T20:52:37Z</time>
      </trkpt>
      <trkpt lat="67.74249391" lon="17.48595064">
        <time>2028-04-04T20:53:37Z</time>
      </trkpt>
      <trkpt lat="67.74259608" lon="17.48610528">
        <time>2028-04-04T20:54:32Z</time>
      </trkpt>
      <trkpt lat="67.74271318" lon="17.48626177">
        <time>2028-04-04T20:55:33Z</time>
      </trkpt>
      <trkpt lat="67.74281669" lon="17.48640527">
        <time>2028-04-04T20:56:28Z</time>
      </trkpt>
      <trkpt lat="67.74291342" lon="17.48657718">
        <time>2028-04-04T20:57:22Z</time>
      </trkpt>
      <trkpt lat="67.74303697" lon="17.48676494">
        <time>2028-04-04T20:58:29Z</time>
      </trkpt>
      <trkpt lat="67.74314225" lon="17.48695194">
        <time>2028-04-04T20:59:28Z</time>
      </trkpt>
      <trkpt lat="67.74324962" lon="17.487149">
        <time>2028-04-04T21:00:29Z</time>
      </trkpt>
      <trkpt lat="67.7433647" lon="17.48730213">
        <time>2028-04-04T21:01:29Z</time>
      </trkpt>
      <trkpt lat="67.74346612" lon="17.48746919">
        <time>2028-04-04T21:02:25Z</time>
      </trkpt>
      <trkpt lat="67.74357081" lon="17.48762853">
        <time>2028-04-04T21:03:22Z</time>
      </trkpt>
      <trkpt lat="67.74368296" lon="17.48779616">
        <time>2028-04-04T21:04:22Z</time>
      </trkpt>
      <trkpt lat="67.74378405" lon="17.48798903">
        <time>2028-04-04T21:05:20Z</time>
      </trkpt>
      <trkpt lat="67.74386619" lon="17.488127">
        <time>2028-04-04T21:06:05Z</time>
      </trkpt>
      <trkpt lat="67.74396929" lon="17.48829053">
        <time>2028-04-04T21:07:02Z</time>
      </trkpt>
      <trkpt lat="67.74408387" lon="17.48846931">
        <time>2028-04-04T21:08:04Z</time>
      </trkpt>
      <trkpt lat="67.74420784" lon="17.48863804">
        <time>2028-04-04T21:09:09Z</time>
      </trkpt>
      <trkpt lat="67.74432602" lon="17.48883619">
        <time>2028-04-04T21:10:14Z</time>
      </trkpt>
      <trkpt lat="67.74439165" lon="17.48895454">
        <time>2028-04-04T21:10:51Z</time>
      </trkpt>
      <trkpt lat="67.74437883" lon="17.48895588">
        <time>2028-04-04T21:10:57Z</time>
      </trkpt>
      <trkpt lat="67.74438361" lon="17.48894725">
        <time>2028-04-04T21:11:00Z</time>
      </trkpt>
      <trkpt lat="67.74438176" lon="17.48896183">
        <time>2028-04-04T21:11:03Z</time>
      </trkpt>
      <trkpt lat="67.74437598" lon="17.48894239">
        <time>2028-04-04T21:11:07Z</time>
      </trkpt>
      <trkpt lat="67.74437657" lon="17.48892244">
        <time>2028-04-04T21:11:11Z</time>
      </trkpt>
      <trkpt lat="67.74437447" lon="17.48893267">
        <time>2028-04-04T21:11:13Z</time>
      </trkpt>
      <trkpt lat="67.74438034" lon="17.48892663">
        <time>2028-04-04T21:11:16Z</time>
      </trkpt>
      <trkpt lat="67.74437631" lon="17.48891255">
        <time>2028-04-04T21:11:19Z</time>
      </trkpt>
      <trkpt lat="67.74438344" lon="17.48892101">
        <time>2028-04-04T21:11:22Z</time>
      </trkpt>
      <trkpt lat="67.74438587" lon="17.48893937">
        <time>2028-04-04T21:11:26Z</time>
      </trkpt>
      <trkpt lat="67.74438092" lon="17.48889344">
        <time>2028-04-04T21:11:34Z</time>
      </trkpt>
      <trkpt lat="67.74436248" lon="17.48894541">
        <time>2028-04-04T21:11:47Z</time>
      </trkpt>
      <trkpt lat="67.74437145" lon="17.48895672">
        <time>2028-04-04T21:11:52Z</time>
      </trkpt>
      <trkpt lat="67.74437514" lon="17.48896913">
        <time>2028-04-04T21:11:54Z</time>
      </trkpt>
      <trkpt lat="67.74442216" lon="17.4890682">
        <time>2028-04-04T21:12:22Z</time>
      </trkpt>
      <trkpt lat="67.74456298" lon="17.48926023">
        <time>2028-04-04T21:13:36Z</time>
      </trkpt>
      <trkpt lat="67.74472182" lon="17.48949224">
        <time>2028-04-04T21:15:01Z</time>
      </trkpt>
      <trkpt lat="67.74485031" lon="17.48971369">
        <time>2028-04-04T21:16:13Z</time>
      </trkpt>
      <trkpt lat="67.74497654" lon="17.48986666">
        <time>2028-04-04T21:17:18Z</time>
      </trkpt>
      <trkpt lat="67.74514678" lon="17.49013891">
        <time>2028-04-04T21:18:51Z</time>
      </trkpt>
      <trkpt lat="67.7453544" lon="17.49046773">
        <time>2028-04-04T21:20:44Z</time>
      </trkpt>
      <trkpt lat="67.74550494" lon="17.4907279">
        <time>2028-04-04T21:22:08Z</time>
      </trkpt>
      <trkpt lat="67.74564458" lon="17.4910045">
        <time>2028-04-04T21:23:29Z</time>
      </trkpt>
      <trkpt lat="67.74581926" lon="17.49125588">
        <time>2028-04-04T21:25:02Z</time>
      </trkpt>
      <trkpt lat="67.74601204" lon="17.49154991">
        <time>2028-04-04T21:26:46Z</time>
      </trkpt>
      <trkpt lat="67.7461951" lon="17.4918157">
        <time>2028-04-04T21:28:24Z</time>
      </trkpt>
      <trkpt lat="67.74637221" lon="17.49213254">
        <time>2028-04-04T21:30:04Z</time>
      </trkpt>
      <trkpt lat="67.7465427" lon="17.49242398">
        <time>2028-04-04T21:31:38Z</time>
      </trkpt>
      <trkpt lat="67.74670556" lon="17.49266915">
        <time>2028-04-04T21:33:06Z</time>
      </trkpt>
      <trkpt lat="67.74685141" lon="17.49293863">
        <time>2028-04-04T21:34:29Z</time>
      </trkpt>
      <trkpt lat="67.7470136" lon="17.49317533">
        <time>2028-04-04T21:35:56Z</time>
      </trkpt>
      <trkpt lat="67.7471933" lon="17.49347867">
        <time>2028-04-04T21:37:35Z</time>
      </trkpt>
      <trkpt lat="67.74731501" lon="17.49369258">
        <time>2028-04-04T21:38:43Z</time>
      </trkpt>
      <trkpt lat="67.74746505" lon="17.4939085">
        <time>2028-04-04T21:40:03Z</time>
      </trkpt>
      <trkpt lat="67.74761911" lon="17.49422274">
        <time>2028-04-04T21:41:34Z</time>
      </trkpt>
      <trkpt lat="67.74833878" lon="17.49569778">
        <time>2028-04-04T21:48:39Z</time>
      </trkpt>
      <trkpt lat="67.74854422" lon="17.49665022">
        <time>2028-04-04T21:51:53Z</time>
      </trkpt>
      <trkpt lat="67.74871588" lon="17.49774456">
        <time>2028-04-04T21:55:23Z</time>
      </trkpt>
      <trkpt lat="67.74878025" lon="17.49879599">
        <time>2028-04-04T21:58:31Z</time>
      </trkpt>
      <trkpt lat="67.74882317" lon="17.49984741">
        <time>2028-04-04T22:01:38Z</time>
      </trkpt>
      <trkpt lat="67.74878025" lon="17.50227213">
        <time>2028-04-04T22:08:47Z</time>
      </trkpt>
      <trkpt lat="67.7486515" lon="17.5052762">
        <time>2028-04-04T22:17:42Z</time>
      </trkpt>
      <trkpt lat="67.74869442" lon="17.50703573">
        <time>2028-04-04T22:22:53Z</time>
      </trkpt>
      <trkpt lat="67.74884462" lon="17.50845194">
        <time>2028-04-04T22:27:13Z</time>
      </trkpt>
      <trkpt lat="67.74876047" lon="17.50765842">
        <time>2028-04-04T22:29:39Z</time>
      </trkpt>
      <trkpt lat="67.74884462" lon="17.50845194">
        <time>2028-04-04T22:32:05Z</time>
      </trkpt>
      <trkpt lat="67.7492094" lon="17.50999689">
        <time>2028-04-04T22:37:27Z</time>
      </trkpt>
      <trkpt lat="67.74931669" lon="17.51034021">
        <time>2028-04-04T22:38:45Z</time>
      </trkpt>
      <trkpt lat="67.74998188" lon="17.51261473">
        <time>2028-04-04T22:47:14Z</time>
      </trkpt>
      <trkpt lat="67.75036812" lon="17.51381636">
        <time>2028-04-04T22:51:52Z</time>
      </trkpt>
      <trkpt lat="67.7507329" lon="17.5149107">
        <time>2028-04-04T22:56:10Z</time>
      </trkpt>
      <trkpt lat="67.75103331" lon="17.515769">
        <time>2028-04-04T22:59:37Z</time>
      </trkpt>
      <trkpt lat="67.75126934" lon="17.51643419">
        <time>2028-04-04T23:02:18Z</time>
      </trkpt>
      <trkpt lat="67.75238514" lon="17.51928806">
        <time>2028-04-04T23:14:23Z</time>
      </trkpt>
      <trkpt lat="67.75234315" lon="17.51918077">
        <time>2028-04-04T23:14:50Z</time>
      </trkpt>
      <trkpt lat="67.75238514" lon="17.51928806">
        <time>2028-04-04T23:15:18Z</time>
      </trkpt>
      <trkpt lat="67.75305033" lon="17.52113342">
        <time>2028-04-04T23:22:48Z</time>
      </trkpt>
      <trkpt lat="67.75347948" lon="17.52254963">
        <time>2028-04-04T23:28:09Z</time>
      </trkpt>
      <trkpt lat="67.75388718" lon="17.52456665">
        <time>2028-04-04T23:34:53Z</time>
      </trkpt>
      <trkpt lat="67.75405884" lon="17.52546787">
        <time>2028-04-04T23:37:51Z</time>
      </trkpt>
      <trkpt lat="67.75487423" lon="17.53003836">
        <time>2028-04-04T23:52:44Z</time>
      </trkpt>
      <trkpt lat="67.75513172" lon="17.53139019">
        <time>2028-04-04T23:57:12Z</time>
      </trkpt>
      <trkpt lat="67.75547504" lon="17.53276348">
        <time>2028-04-05T00:02:03Z</time>
      </trkpt>
      <trkpt lat="67.75601149" lon="17.53441572">
        <time>2028-04-05T00:08:28Z</time>
      </trkpt>
      <trkpt lat="67.75712729" lon="17.53737688">
        <time>2028-04-05T00:20:46Z</time>
      </trkpt>
      <trkpt lat="67.75918722" lon="17.54265547">
        <time>2028-04-05T00:43:06Z</time>
      </trkpt>
      <trkpt lat="67.76195526" lon="17.54982233">
        <time>2028-04-05T01:13:16Z</time>
      </trkpt>
      <trkpt lat="67.76279211" lon="17.55224705">
        <time>2028-04-05T01:22:55Z</time>
      </trkpt>
      <trkpt lat="67.76369333" lon="17.55587339">
        <time>2028-04-05T01:35:42Z</time>
      </trkpt>
      <trkpt lat="67.76427269" lon="17.55797625">
        <time>2028-04-05T01:43:22Z</time>
      </trkpt>
      <trkpt lat="67.76605368" lon="17.56349087">
        <time>2028-04-05T02:04:43Z</time>
      </trkpt>
      <trkpt lat="67.7669549" lon="17.56683826">
        <time>2028-04-05T02:16:48Z</time>
      </trkpt>
      <trkpt lat="67.76787758" lon="17.57091522">
        <time>2028-04-05T02:30:48Z</time>
      </trkpt>
      <trkpt lat="67.76886463" lon="17.57520676">
        <time>2028-04-05T02:45:35Z</time>
      </trkpt>
      <trkpt lat="67.76968002" lon="17.57799625">
        <time>2028-04-05T02:55:58Z</time>
      </trkpt>
      <trkpt lat="67.77068853" lon="17.58020639">
        <time>2028-04-05T03:06:09Z</time>
      </trkpt>
      <trkpt lat="67.76987432" lon="17.57842205">
        <time>2028-04-05T03:14:23Z</time>
      </trkpt>
      <trkpt lat="67.77068853" lon="17.58020639">
        <time>2028-04-05T03:22:37Z</time>
      </trkpt>
      <trkpt lat="67.77208328" lon="17.58275986">
        <time>2028-04-05T03:35:49Z</time>
      </trkpt>
      <trkpt lat="67.77362823" lon="17.58599997">
        <time>2028-04-05T03:51:10Z</time>
      </trkpt>
      <trkpt lat="67.77482986" lon="17.5884676">
        <time>2028-04-05T04:03:00Z</time>
      </trkpt>
      <trkpt lat="67.77564526" lon="17.58986235">
        <time>2028-04-05T04:10:34Z</time>
      </trkpt>
      <trkpt lat="67.77658939" lon="17.59112835">
        <time>2028-04-05T04:18:48Z</time>
      </trkpt>
      <trkpt lat="67.77736187" lon="17.59190083">
        <time>2028-04-05T04:25:14Z</time>
      </trkpt>
      <trkpt lat="67.77822018" lon="17.59248018">
        <time>2028-04-05T04:32:07Z</time>
      </trkpt>
      <trkpt lat="67.77929306" lon="17.59312391">
        <time>2028-04-05T04:40:41Z</time>
      </trkpt>
      <trkpt lat="67.7803874" lon="17.59389639">
        <time>2028-04-05T04:49:30Z</time>
      </trkpt>
      <trkpt lat="67.78115988" lon="17.5949049">
        <time>2028-04-05T04:56:12Z</time>
      </trkpt>
      <trkpt lat="67.78180361" lon="17.59636402">
        <time>2028-04-05T05:02:48Z</time>
      </trkpt>
      <trkpt lat="67.78125292" lon="17.5951157">
        <time>2028-04-05T05:08:27Z</time>
      </trkpt>
      <trkpt lat="67.78180361" lon="17.59636402">
        <time>2028-04-05T05:14:05Z</time>
      </trkpt>
      <trkpt lat="67.78234005" lon="17.59818792">
        <time>2028-04-05T05:20:53Z</time>
      </trkpt>
      <trkpt lat="67.78279066" lon="17.59973288">
        <time>2028-04-05T05:26:38Z</time>
      </trkpt>
      <trkpt lat="67.78345585" lon="17.60166407">
        <time>2028-04-05T05:34:19Z</time>
      </trkpt>
      <trkpt lat="67.78412104" lon="17.6030159">
        <time>2028-04-05T05:40:51Z</time>
      </trkpt>
      <trkpt lat="67.78461456" lon="17.603724">
        <time>2028-04-05T05:45:13Z</time>
      </trkpt>
      <trkpt lat="67.7850008" lon="17.60411024">
        <time>2028-04-05T05:48:26Z</time>
      </trkpt>
      <trkpt lat="67.78592348" lon="17.60499001">
        <time>2028-04-05T05:56:04Z</time>
      </trkpt>
      <trkpt lat="67.78641701" lon="17.60565519">
        <time>2028-04-05T06:00:22Z</time>
      </trkpt>
      <trkpt lat="67.78654575" lon="17.60589123">
        <time>2028-04-05T06:01:36Z</time>
      </trkpt>
      <trkpt lat="67.78701782" lon="17.60670662">
        <time>2028-04-05T06:05:59Z</time>
      </trkpt>
      <trkpt lat="67.7872324" lon="17.60694265">
        <time>2028-04-05T06:07:47Z</time>
      </trkpt>
      <trkpt lat="67.7877903" lon="17.60769367">
        <time>2028-04-05T06:12:40Z</time>
      </trkpt>
      <trkpt lat="67.78775845" lon="17.60765092">
        <time>2028-04-05T06:12:56Z</time>
      </trkpt>
      <trkpt lat="67.7877903" lon="17.60769367">
        <time>2028-04-05T06:13:13Z</time>
      </trkpt>
      <trkpt lat="67.78802633" lon="17.60788679">
        <time>2028-04-05T06:15:08Z</time>
      </trkpt>
      <trkpt lat="67.78862715" lon="17.60872364">
        <time>2028-04-05T06:20:25Z</time>
      </trkpt>
      <trkpt lat="67.78903484" lon="17.60932446">
        <time>2028-04-05T06:24:03Z</time>
      </trkpt>
      <trkpt lat="67.79006481" lon="17.61250019">
        <time>2028-04-05T06:36:22Z</time>
      </trkpt>
      <trkpt lat="67.7914381" lon="17.61419535">
        <time>2028-04-05T06:48:09Z</time>
      </trkpt>
      <trkpt lat="67.79287577" lon="17.61612654">
        <time>2028-04-05T07:00:42Z</time>
      </trkpt>
      <trkpt lat="67.79444218" lon="17.61803627">
        <time>2028-04-05T07:14:08Z</time>
      </trkpt>
      <trkpt lat="67.79572964" lon="17.61977434">
        <time>2028-04-05T07:25:22Z</time>
      </trkpt>
      <trkpt lat="67.79727459" lon="17.62170553">
        <time>2028-04-05T07:38:40Z</time>
      </trkpt>
      <trkpt lat="67.79956578" lon="17.62471665">
        <time>2028-04-05T07:58:35Z</time>
      </trkpt>
      <trkpt lat="67.79727459" lon="17.62170553">
        <time>2028-04-05T08:18:29Z</time>
      </trkpt>
      <trkpt lat="67.80027866" lon="17.62565374">
        <time>2028-04-05T08:44:35Z</time>
      </trkpt>
      <trkpt lat="67.80321836" lon="17.62874365">
        <time>2028-04-05T09:09:12Z</time>
      </trkpt>
      <trkpt lat="67.80444145" lon="17.62979507">
        <time>2028-04-05T09:19:13Z</time>
      </trkpt>
      <trkpt lat="67.81300306" lon="17.636168">
        <time>2028-04-05T10:28:25Z</time>
      </trkpt>
      <trkpt lat="67.81467676" lon="17.63751984">
        <time>2028-04-05T10:42:02Z</time>
      </trkpt>
      <trkpt lat="67.81614058" lon="17.63858048">
        <time>2028-04-05T10:53:51Z</time>
      </trkpt>
      <trkpt lat="67.81705856" lon="17.63908625">
        <time>2028-04-05T11:01:09Z</time>
      </trkpt>
      <trkpt lat="67.8180027" lon="17.63925791">
        <time>2028-04-05T11:08:31Z</time>
      </trkpt>
      <trkpt lat="67.81810999" lon="17.63990164">
        <time>2028-04-05T11:10:35Z</time>
      </trkpt>
      <trkpt lat="67.81830043" lon="17.64094024">
        <time>2028-04-05T11:13:58Z</time>
      </trkpt>
      <trkpt lat="67.81834602" lon="17.6411891">
        <time>2028-04-05T11:14:47Z</time>
      </trkpt>
      <trkpt lat="67.81879663" lon="17.64314175">
        <time>2028-04-05T11:21:30Z</time>
      </trkpt>
      <trkpt lat="67.81864031" lon="17.64246424">
        <time>2028-04-05T11:23:50Z</time>
      </trkpt>
      <trkpt lat="67.81879663" lon="17.64314175">
        <time>2028-04-05T11:26:10Z</time>
      </trkpt>
      <trkpt lat="67.81920433" lon="17.64393568">
        <time>2028-04-05T11:30:07Z</time>
      </trkpt>
      <trkpt lat="67.81956911" lon="17.644279">
        <time>2028-04-05T11:33:07Z</time>
      </trkpt>
      <trkpt lat="67.81943844" lon="17.64415604">
        <time>2028-04-05T11:34:12Z</time>
      </trkpt>
      <trkpt lat="67.81956911" lon="17.644279">
        <time>2028-04-05T11:35:17Z</time>
      </trkpt>
      <trkpt lat="67.82047033" lon="17.64445066">
        <time>2028-04-05T11:42:19Z</time>
      </trkpt>
      <trkpt lat="67.82173634" lon="17.64348507">
        <time>2028-04-05T11:52:34Z</time>
      </trkpt>
      <trkpt lat="67.82285213" lon="17.64251947">
        <time>2028-04-05T12:01:42Z</time>
      </trkpt>
      <trkpt lat="67.82371044" lon="17.64196157">
        <time>2028-04-05T12:08:35Z</time>
      </trkpt>
      <trkpt lat="67.82456875" lon="17.64202595">
        <time>2028-04-05T12:15:15Z</time>
      </trkpt>
      <trkpt lat="67.82589912" lon="17.64290571">
        <time>2028-04-05T12:25:56Z</time>
      </trkpt>
      <trkpt lat="67.82699347" lon="17.64314175">
        <time>2028-04-05T12:34:28Z</time>
      </trkpt>
      <trkpt lat="67.82877445" lon="17.64333487">
        <time>2028-04-05T12:48:21Z</time>
      </trkpt>
      <trkpt lat="67.82976151" lon="17.64387131">
        <time>2028-04-05T12:56:11Z</time>
      </trkpt>
      <trkpt lat="67.8307271" lon="17.64505148">
        <time>2028-04-05T13:04:28Z</time>
      </trkpt>
      <trkpt lat="67.83104897" lon="17.64554501">
        <time>2028-04-05T13:07:21Z</time>
      </trkpt>
      <trkpt lat="67.8322506" lon="17.64754057">
        <time>2028-04-05T13:18:23Z</time>
      </trkpt>
      <trkpt lat="67.83270121" lon="17.64786243">
        <time>2028-04-05T13:22:01Z</time>
      </trkpt>
      <trkpt lat="67.8335166" lon="17.64799118">
        <time>2028-04-05T13:28:23Z</time>
      </trkpt>
      <trkpt lat="67.83330663" lon="17.64795816">
        <time>2028-04-05T13:30:01Z</time>
      </trkpt>
      <trkpt lat="67.8335166" lon="17.64799118">
        <time>2028-04-05T13:31:39Z</time>
      </trkpt>
      <trkpt lat="67.8349328" lon="17.64676809">
        <time>2028-04-05T13:43:15Z</time>
      </trkpt>
      <trkpt lat="67.83791542" lon="17.64410734">
        <time>2028-04-05T14:07:44Z</time>
      </trkpt>
      <trkpt lat="67.84134865" lon="17.64202595">
        <time>2028-04-05T14:35:08Z</time>
      </trkpt>
      <trkpt lat="67.8424859" lon="17.64052391">
        <time>2028-04-05T14:45:02Z</time>
      </trkpt>
      <trkpt lat="67.84238867" lon="17.64065207">
        <time>2028-04-05T14:45:52Z</time>
      </trkpt>
      <trkpt lat="67.8424859" lon="17.64052391">
        <time>2028-04-05T14:46:43Z</time>
      </trkpt>
      <trkpt lat="67.84366608" lon="17.63818502">
        <time>2028-04-05T14:58:11Z</time>
      </trkpt>
      <trkpt lat="67.84480333" lon="17.63696194">
        <time>2028-04-05T15:07:44Z</time>
      </trkpt>
      <trkpt lat="67.84576893" lon="17.63659716">
        <time>2028-04-05T15:15:19Z</time>
      </trkpt>
      <trkpt lat="67.84682035" lon="17.63676882">
        <time>2028-04-05T15:23:31Z</time>
      </trkpt>
      <trkpt lat="67.84757137" lon="17.63739109">
        <time>2028-04-05T15:29:39Z</time>
      </trkpt>
      <trkpt lat="67.84825802" lon="17.63760567">
        <time>2028-04-05T15:35:02Z</time>
      </trkpt>
      <trkpt lat="67.84870863" lon="17.63739109">
        <time>2028-04-05T15:38:35Z</time>
      </trkpt>
      <trkpt lat="67.84922361" lon="17.63633966">
        <time>2028-04-05T15:43:39Z</time>
      </trkpt>
      <trkpt lat="67.8511548" lon="17.6277566">
        <time>2028-04-05T16:12:58Z</time>
      </trkpt>
      <trkpt lat="67.84922361" lon="17.63633966">
        <time>2028-04-05T16:42:18Z</time>
      </trkpt>
      <trkpt lat="67.8511548" lon="17.6277566">
        <time>2028-04-05T17:11:38Z</time>
      </trkpt>
      <trkpt lat="67.85173416" lon="17.6263833">
        <time>2028-04-05T17:17:40Z</time>
      </trkpt>
      <trkpt lat="67.85381556" lon="17.62282133">
        <time>2028-04-05T17:36:57Z</time>
      </trkpt>
      <trkpt lat="67.85405159" lon="17.62234926">
        <time>2028-04-05T17:39:15Z</time>
      </trkpt>
      <trkpt lat="67.85426617" lon="17.62181282">
        <time>2028-04-05T17:41:33Z</time>
      </trkpt>
      <trkpt lat="67.85445929" lon="17.62127638">
        <time>2028-04-05T17:43:43Z</time>
      </trkpt>
      <trkpt lat="67.85475969" lon="17.62007475">
        <time>2028-04-05T17:47:57Z</time>
      </trkpt>
      <trkpt lat="67.85548925" lon="17.6162982">
        <time>2028-04-05T18:00:24Z</time>
      </trkpt>
      <trkpt lat="67.85591841" lon="17.61522532">
        <time>2028-04-05T18:04:59Z</time>
      </trkpt>
      <trkpt lat="67.85671234" lon="17.61471033">
        <time>2028-04-05T18:11:21Z</time>
      </trkpt>
      <trkpt lat="67.85823584" lon="17.61466742">
        <time>2028-04-05T18:23:12Z</time>
      </trkpt>
      <trkpt lat="67.85857916" lon="17.61511803">
        <time>2028-04-05T18:26:11Z</time>
      </trkpt>
      <trkpt lat="67.85892248" lon="17.61593342">
        <time>2028-04-05T18:29:46Z</time>
      </trkpt>
      <trkpt lat="67.85905123" lon="17.61636257">
        <time>2028-04-05T18:31:23Z</time>
      </trkpt>
      <trkpt lat="67.8591156" lon="17.61692047">
        <time>2028-04-05T18:33:05Z</time>
      </trkpt>
      <trkpt lat="67.85917997" lon="17.61762857">
        <time>2028-04-05T18:35:14Z</time>
      </trkpt>
      <trkpt lat="67.85920143" lon="17.61831522">
        <time>2028-04-05T18:37:15Z</time>
      </trkpt>
      <trkpt lat="67.85915852" lon="17.61878729">
        <time>2028-04-05T18:38:40Z</time>
      </trkpt>
      <trkpt lat="67.8591156" lon="17.61915207">
        <time>2028-04-05T18:39:48Z</time>
      </trkpt>
      <trkpt lat="67.85898685" lon="17.61983871">
        <time>2028-04-05T18:42:03Z</time>
      </trkpt>
      <trkpt lat="67.85834312" lon="17.62187719">
        <time>2028-04-05T18:49:51Z</time>
      </trkpt>
      <trkpt lat="67.85821438" lon="17.62245655">
        <time>2028-04-05T18:51:49Z</time>
      </trkpt>
      <trkpt lat="67.85819879" lon="17.62255361">
        <time>2028-04-05T18:52:07Z</time>
      </trkpt>
      <trkpt lat="67.85819887" lon="17.62255336">
        <time>2028-04-05T18:52:08Z</time>
      </trkpt>
      <trkpt lat="67.8574994" lon="17.62469578">
        <time>2028-04-05T19:00:26Z</time>
      </trkpt>
      <trkpt lat="67.85770644" lon="17.62497925">
        <time>2028-04-05T19:02:15Z</time>
      </trkpt>
      <trkpt lat="67.85767567" lon="17.6250365">
        <time>2028-04-05T19:02:33Z</time>
      </trkpt>
      <trkpt lat="67.85756495" lon="17.62492561">
        <time>2028-04-05T19:03:28Z</time>
      </trkpt>
      <trkpt lat="67.8575999" lon="17.62493114">
        <time>2028-04-05T19:03:44Z</time>
      </trkpt>
      <trkpt lat="67.85756176" lon="17.6250645">
        <time>2028-04-05T19:04:14Z</time>
      </trkpt>
      <trkpt lat="67.85756386" lon="17.62506022">
        <time>2028-04-05T19:04:15Z</time>
      </trkpt>
      <trkpt lat="67.85759948" lon="17.62495922">
        <time>2028-04-05T19:04:39Z</time>
      </trkpt>
      <trkpt lat="67.85735012" lon="17.62471857">
        <time>2028-04-05T19:06:43Z</time>
      </trkpt>
      <trkpt lat="67.85759948" lon="17.62495922">
        <time>2028-04-05T19:08:47Z</time>
      </trkpt>
      <trkpt lat="67.85754215" lon="17.62483173">
        <time>2028-04-05T19:09:22Z</time>
      </trkpt>
      <trkpt lat="67.85749177" lon="17.62487909">
        <time>2028-04-05T19:09:47Z</time>
      </trkpt>
      <trkpt lat="67.85745062" lon="17.62472151">
        <time>2028-04-05T19:10:21Z</time>
      </trkpt>
      <trkpt lat="67.85746135" lon="17.62468019">
        <time>2028-04-05T19:10:30Z</time>
      </trkpt>
      <trkpt lat="67.8574647" lon="17.62467583">
        <time>2028-04-05T19:10:31Z</time>
      </trkpt>
      <trkpt lat="67.8574502" lon="17.62466133">
        <time>2028-04-05T19:10:39Z</time>
      </trkpt>
      <trkpt lat="67.85745003" lon="17.62468413">
        <time>2028-04-05T19:10:43Z</time>
      </trkpt>
      <trkpt lat="67.8574357" lon="17.6246547">
        <time>2028-04-05T19:10:51Z</time>
      </trkpt>
      <trkpt lat="67.85745657" lon="17.62464649">
        <time>2028-04-05T19:11:01Z</time>
      </trkpt>
      <trkpt lat="67.85748716" lon="17.62464155">
        <time>2028-04-05T19:11:15Z</time>
      </trkpt>
      <trkpt lat="67.85751902" lon="17.62462319">
        <time>2028-04-05T19:11:30Z</time>
      </trkpt>
      <trkpt lat="67.85749362" lon="17.62457868">
        <time>2028-04-05T19:11:45Z</time>
      </trkpt>
      <trkpt lat="67.85749035" lon="17.62460131">
        <time>2028-04-05T19:11:49Z</time>
      </trkpt>
      <trkpt lat="67.85748574" lon="17.62459058">
        <time>2028-04-05T19:11:52Z</time>
      </trkpt>
      <trkpt lat="67.85748105" lon="17.62464942">
        <time>2028-04-05T19:12:02Z</time>
      </trkpt>
      <trkpt lat="67.85750024" lon="17.6247065">
        <time>2028-04-05T19:12:16Z</time>
      </trkpt>
      <trkpt lat="67.85748691" lon="17.62469594">
        <time>2028-04-05T19:12:22Z</time>
      </trkpt>
      <trkpt lat="67.85746948" lon="17.62471086">
        <time>2028-04-05T19:12:31Z</time>
      </trkpt>
      <trkpt lat="67.85747099" lon="17.62463568">
        <time>2028-04-05T19:12:44Z</time>
      </trkpt>
      <trkpt lat="67.85751021" lon="17.62463777">
        <time>2028-04-05T19:13:02Z</time>
      </trkpt>
      <trkpt lat="67.85751902" lon="17.62460458">
        <time>2028-04-05T19:13:10Z</time>
      </trkpt>
      <trkpt lat="67.85751625" lon="17.62462704">
        <time>2028-04-05T19:13:14Z</time>
      </trkpt>
      <trkpt lat="67.85752027" lon="17.62474841">
        <time>2028-04-05T19:13:35Z</time>
      </trkpt>
      <trkpt lat="67.85751156" lon="17.62472771">
        <time>2028-04-05T19:13:41Z</time>
      </trkpt>
      <trkpt lat="67.85750083" lon="17.62471019">
        <time>2028-04-05T19:13:46Z</time>
      </trkpt>
      <trkpt lat="67.85749848" lon="17.62468278">
        <time>2028-04-05T19:13:51Z</time>
      </trkpt>
      <trkpt lat="67.85744961" lon="17.62465864">
        <time>2028-04-05T19:14:15Z</time>
      </trkpt>
      <trkpt lat="67.85749245" lon="17.6246164">
        <time>2028-04-05T19:14:36Z</time>
      </trkpt>
      <trkpt lat="67.85745305" lon="17.62461967">
        <time>2028-04-05T19:14:54Z</time>
      </trkpt>
      <trkpt lat="67.8574668" lon="17.62462872">
        <time>2028-04-05T19:15:01Z</time>
      </trkpt>
      <trkpt lat="67.85747761" lon="17.62467281">
        <time>2028-04-05T19:15:10Z</time>
      </trkpt>
      <trkpt lat="67.85753234" lon="17.62474825">
        <time>2028-04-05T19:15:39Z</time>
      </trkpt>
      <trkpt lat="67.85748272" lon="17.62468547">
        <time>2028-04-05T19:16:05Z</time>
      </trkpt>
      <trkpt lat="67.8575129" lon="17.62461397">
        <time>2028-04-05T19:16:24Z</time>
      </trkpt>
      <trkpt lat="67.85750493" lon="17.62463828">
        <time>2028-04-05T19:16:29Z</time>
      </trkpt>
      <trkpt lat="67.8574502" lon="17.62461741">
        <time>2028-04-05T19:16:55Z</time>
      </trkpt>
      <trkpt lat="67.85746185" lon="17.6246076">
        <time>2028-04-05T19:17:01Z</time>
      </trkpt>
      <trkpt lat="67.85748071" lon="17.62465999">
        <time>2028-04-05T19:17:14Z</time>
      </trkpt>
      <trkpt lat="67.85752086" lon="17.62470424">
        <time>2028-04-05T19:17:34Z</time>
      </trkpt>
      <trkpt lat="67.85750653" lon="17.62466342">
        <time>2028-04-05T19:17:44Z</time>
      </trkpt>
      <trkpt lat="67.85751089" lon="17.62458589">
        <time>2028-04-05T19:17:57Z</time>
      </trkpt>
      <trkpt lat="67.85750259" lon="17.62463735">
        <time>2028-04-05T19:18:07Z</time>
      </trkpt>
      <trkpt lat="67.8575072" lon="17.6245827">
        <time>2028-04-05T19:18:17Z</time>
      </trkpt>
      <trkpt lat="67.85750359" lon="17.6246159">
        <time>2028-04-05T19:18:23Z</time>
      </trkpt>
      <trkpt lat="67.8575108" lon="17.62464406">
        <time>2028-04-05T19:18:29Z</time>
      </trkpt>
      <trkpt lat="67.8575051" lon="17.62470634">
        <time>2028-04-05T19:18:41Z</time>
      </trkpt>
      <trkpt lat="67.85746906" lon="17.62458648">
        <time>2028-04-05T19:19:08Z</time>
      </trkpt>
      <trkpt lat="67.85750234" lon="17.62460316">
        <time>2028-04-05T19:19:23Z</time>
      </trkpt>
      <trkpt lat="67.85752639" lon="17.62463341">
        <time>2028-04-05T19:19:36Z</time>
      </trkpt>
      <trkpt lat="67.85752212" lon="17.62463836">
        <time>2028-04-05T19:19:38Z</time>
      </trkpt>
      <trkpt lat="67.85753" lon="17.6246345">
        <time>2028-04-05T19:19:42Z</time>
      </trkpt>
      <trkpt lat="67.85754098" lon="17.62465923">
        <time>2028-04-05T19:19:48Z</time>
      </trkpt>
      <trkpt lat="67.85754316" lon="17.62468698">
        <time>2028-04-05T19:19:53Z</time>
      </trkpt>
      <trkpt lat="67.85752002" lon="17.62463895">
        <time>2028-04-05T19:20:07Z</time>
      </trkpt>
      <trkpt lat="67.85751935" lon="17.62456292">
        <time>2028-04-05T19:20:20Z</time>
      </trkpt>
      <trkpt lat="67.8574999" lon="17.62460005">
        <time>2028-04-05T19:20:32Z</time>
      </trkpt>
      <trkpt lat="67.85748356" lon="17.62461665">
        <time>2028-04-05T19:20:40Z</time>
      </trkpt>
      <trkpt lat="67.85747384" lon="17.62464724">
        <time>2028-04-05T19:20:47Z</time>
      </trkpt>
      <trkpt lat="67.85746001" lon="17.62465588">
        <time>2028-04-05T19:20:54Z</time>
      </trkpt>
      <trkpt lat="67.85744056" lon="17.62461489">
        <time>2028-04-05T19:21:05Z</time>
      </trkpt>
      <trkpt lat="67.85743327" lon="17.62459553">
        <time>2028-04-05T19:21:10Z</time>
      </trkpt>
      <trkpt lat="67.85745054" lon="17.62464565">
        <time>2028-04-05T19:21:22Z</time>
      </trkpt>
      <trkpt lat="67.85747032" lon="17.624706">
        <time>2028-04-05T19:21:36Z</time>
      </trkpt>
      <trkpt lat="67.8574958" lon="17.62464632">
        <time>2028-04-05T19:21:52Z</time>
      </trkpt>
      <trkpt lat="67.85750736" lon="17.62465001">
        <time>2028-04-05T19:21:57Z</time>
      </trkpt>
      <trkpt lat="67.8574818" lon="17.62468312">
        <time>2028-04-05T19:22:11Z</time>
      </trkpt>
      <trkpt lat="67.85750862" lon="17.62458866">
        <time>2028-04-05T19:22:31Z</time>
      </trkpt>
      <trkpt lat="67.85746638" lon="17.62465546">
        <time>2028-04-05T19:22:54Z</time>
      </trkpt>
      <trkpt lat="67.85744945" lon="17.62460626">
        <time>2028-04-05T19:23:06Z</time>
      </trkpt>
      <trkpt lat="67.85742614" lon="17.62462336">
        <time>2028-04-05T19:23:17Z</time>
      </trkpt>
      <trkpt lat="67.85743067" lon="17.62462914">
        <time>2028-04-05T19:23:20Z</time>
      </trkpt>
      <trkpt lat="67.8574445" lon="17.62465957">
        <time>2028-04-05T19:23:28Z</time>
      </trkpt>
      <trkpt lat="67.85744618" lon="17.62471614">
        <time>2028-04-05T19:23:38Z</time>
      </trkpt>
      <trkpt lat="67.85745129" lon="17.62476803">
        <time>2028-04-05T19:23:48Z</time>
      </trkpt>
      <trkpt lat="67.8574305" lon="17.62475487">
        <time>2028-04-05T19:23:57Z</time>
      </trkpt>
      <trkpt lat="67.85743545" lon="17.62473157">
        <time>2028-04-05T19:24:02Z</time>
      </trkpt>
      <trkpt lat="67.85742732" lon="17.62471857">
        <time>2028-04-05T19:24:07Z</time>
      </trkpt>
      <trkpt lat="67.85743386" lon="17.62468454">
        <time>2028-04-05T19:24:13Z</time>
      </trkpt>
      <trkpt lat="67.85742413" lon="17.62466669">
        <time>2028-04-05T19:24:19Z</time>
      </trkpt>
      <trkpt lat="67.85745825" lon="17.62465705">
        <time>2028-04-05T19:24:35Z</time>
      </trkpt>
      <trkpt lat="67.85749454" lon="17.62465521">
        <time>2028-04-05T19:24:52Z</time>
      </trkpt>
      <trkpt lat="67.85748909" lon="17.62461489">
        <time>2028-04-05T19:24:59Z</time>
      </trkpt>
      <trkpt lat="67.85745238" lon="17.62463459">
        <time>2028-04-05T19:25:17Z</time>
      </trkpt>
      <trkpt lat="67.85748314" lon="17.62463224">
        <time>2028-04-05T19:25:31Z</time>
      </trkpt>
      <trkpt lat="67.85746981" lon="17.62461958">
        <time>2028-04-05T19:25:38Z</time>
      </trkpt>
      <trkpt lat="67.85742983" lon="17.62474774">
        <time>2028-04-05T19:26:07Z</time>
      </trkpt>
      <trkpt lat="67.85740167" lon="17.62479929">
        <time>2028-04-05T19:26:23Z</time>
      </trkpt>
      <trkpt lat="67.85748909" lon="17.62465169">
        <time>2028-04-05T19:27:11Z</time>
      </trkpt>
      <trkpt lat="67.85746688" lon="17.62465898">
        <time>2028-04-05T19:27:22Z</time>
      </trkpt>
      <trkpt lat="67.85747635" lon="17.6246397">
        <time>2028-04-05T19:27:28Z</time>
      </trkpt>
      <trkpt lat="67.85749421" lon="17.62462629">
        <time>2028-04-05T19:27:36Z</time>
      </trkpt>
      <trkpt lat="67.85751181" lon="17.62473869">
        <time>2028-04-05T19:27:58Z</time>
      </trkpt>
      <trkpt lat="67.85750686" lon="17.62462017">
        <time>2028-04-05T19:28:19Z</time>
      </trkpt>
      <trkpt lat="67.85747903" lon="17.6246231">
        <time>2028-04-05T19:28:32Z</time>
      </trkpt>
      <trkpt lat="67.85750242" lon="17.62454666">
        <time>2028-04-05T19:28:49Z</time>
      </trkpt>
      <trkpt lat="67.85747459" lon="17.62463492">
        <time>2028-04-05T19:29:09Z</time>
      </trkpt>
      <trkpt lat="67.85748574" lon="17.62462168">
        <time>2028-04-05T19:29:15Z</time>
      </trkpt>
      <trkpt lat="67.85749488" lon="17.62457826">
        <time>2028-04-05T19:29:24Z</time>
      </trkpt>
      <trkpt lat="67.85750812" lon="17.62452403">
        <time>2028-04-05T19:29:35Z</time>
      </trkpt>
      <trkpt lat="67.8574704" lon="17.6245501">
        <time>2028-04-05T19:29:53Z</time>
      </trkpt>
      <trkpt lat="67.85745213" lon="17.62452914">
        <time>2028-04-05T19:30:02Z</time>
      </trkpt>
      <trkpt lat="67.85745749" lon="17.62456904">
        <time>2028-04-05T19:30:10Z</time>
      </trkpt>
      <trkpt lat="67.85746864" lon="17.62462981">
        <time>2028-04-05T19:30:22Z</time>
      </trkpt>
      <trkpt lat="67.85752379" lon="17.62450383">
        <time>2028-04-05T19:30:56Z</time>
      </trkpt>
      <trkpt lat="67.85753779" lon="17.62452001">
        <time>2028-04-05T19:31:03Z</time>
      </trkpt>
      <trkpt lat="67.85752254" lon="17.62461774">
        <time>2028-04-05T19:31:22Z</time>
      </trkpt>
      <trkpt lat="67.85753787" lon="17.62483232">
        <time>2028-04-05T19:32:00Z</time>
      </trkpt>
      <trkpt lat="67.85764952" lon="17.6251059">
        <time>2028-04-05T19:33:11Z</time>
      </trkpt>
      <trkpt lat="67.85768439" lon="17.62527815">
        <time>2028-04-05T19:33:45Z</time>
      </trkpt>
      <trkpt lat="67.85773502" lon="17.62536331">
        <time>2028-04-05T19:34:13Z</time>
      </trkpt>
      <trkpt lat="67.85773384" lon="17.62545534">
        <time>2028-04-05T19:34:30Z</time>
      </trkpt>
      <trkpt lat="67.85765212" lon="17.62570672">
        <time>2028-04-05T19:35:28Z</time>
      </trkpt>
      <trkpt lat="67.85761348" lon="17.62584468">
        <time>2028-04-05T19:35:58Z</time>
      </trkpt>
      <trkpt lat="67.85756704" lon="17.62594158">
        <time>2028-04-05T19:36:26Z</time>
      </trkpt>
      <trkpt lat="67.85754877" lon="17.62586053">
        <time>2028-04-05T19:36:42Z</time>
      </trkpt>
      <trkpt lat="67.85752153" lon="17.62582272">
        <time>2028-04-05T19:36:57Z</time>
      </trkpt>
      <trkpt lat="67.8575191" lon="17.62586329">
        <time>2028-04-05T19:37:04Z</time>
      </trkpt>
      <trkpt lat="67.85753058" lon="17.62588031">
        <time>2028-04-05T19:37:10Z</time>
      </trkpt>
      <trkpt lat="67.85752187" lon="17.62588341">
        <time>2028-04-05T19:37:14Z</time>
      </trkpt>
      <trkpt lat="67.85751197" lon="17.62582021">
        <time>2028-04-05T19:37:26Z</time>
      </trkpt>
      <trkpt lat="67.85751516" lon="17.62579297">
        <time>2028-04-05T19:37:31Z</time>
      </trkpt>
      <trkpt lat="67.85754802" lon="17.62589883">
        <time>2028-04-05T19:37:55Z</time>
      </trkpt>
      <trkpt lat="67.8575937" lon="17.62596337">
        <time>2028-04-05T19:38:20Z</time>
      </trkpt>
      <trkpt lat="67.85761666" lon="17.62587268">
        <time>2028-04-05T19:38:39Z</time>
      </trkpt>
      <trkpt lat="67.85763678" lon="17.62565609">
        <time>2028-04-05T19:39:18Z</time>
      </trkpt>
      <trkpt lat="67.85765774" lon="17.62549994">
        <time>2028-04-05T19:39:47Z</time>
      </trkpt>
      <trkpt lat="67.85769872" lon="17.62533506">
        <time>2028-04-05T19:40:22Z</time>
      </trkpt>
      <trkpt lat="67.85770266" lon="17.62525887">
        <time>2028-04-05T19:40:36Z</time>
      </trkpt>
      <trkpt lat="67.85763192" lon="17.62500515">
        <time>2028-04-05T19:41:31Z</time>
      </trkpt>
      <trkpt lat="67.85759714" lon="17.62471807">
        <time>2028-04-05T19:42:24Z</time>
      </trkpt>
      <trkpt lat="67.85758917" lon="17.62459779">
        <time>2028-04-05T19:42:46Z</time>
      </trkpt>
      <trkpt lat="67.85754383" lon="17.62456938">
        <time>2028-04-05T19:43:07Z</time>
      </trkpt>
      <trkpt lat="67.85752396" lon="17.62459863">
        <time>2028-04-05T19:43:18Z</time>
      </trkpt>
      <trkpt lat="67.8575165" lon="17.62456326">
        <time>2028-04-05T19:43:25Z</time>
      </trkpt>
      <trkpt lat="67.85751491" lon="17.62459343">
        <time>2028-04-05T19:43:31Z</time>
      </trkpt>
      <trkpt lat="67.8575227" lon="17.62460316">
        <time>2028-04-05T19:43:35Z</time>
      </trkpt>
      <trkpt lat="67.85753075" lon="17.62462537">
        <time>2028-04-05T19:43:40Z</time>
      </trkpt>
      <trkpt lat="67.85756294" lon="17.62454465">
        <time>2028-04-05T19:44:01Z</time>
      </trkpt>
      <trkpt lat="67.8575771" lon="17.62455697">
        <time>2028-04-05T19:44:08Z</time>
      </trkpt>
      <trkpt lat="67.8575455" lon="17.62454817">
        <time>2028-04-05T19:44:22Z</time>
      </trkpt>
      <trkpt lat="67.85756436" lon="17.62453677">
        <time>2028-04-05T19:44:31Z</time>
      </trkpt>
      <trkpt lat="67.85755849" lon="17.62457206">
        <time>2028-04-05T19:44:38Z</time>
      </trkpt>
      <trkpt lat="67.85753251" lon="17.62458254">
        <time>2028-04-05T19:44:51Z</time>
      </trkpt>
      <trkpt lat="67.85750711" lon="17.6246045">
        <time>2028-04-05T19:45:03Z</time>
      </trkpt>
      <trkpt lat="67.85752874" lon="17.62455949">
        <time>2028-04-05T19:45:16Z</time>
      </trkpt>
      <trkpt lat="67.85753804" lon="17.62459117">
        <time>2028-04-05T19:45:23Z</time>
      </trkpt>
      <trkpt lat="67.85752547" lon="17.62458949">
        <time>2028-04-05T19:45:29Z</time>
      </trkpt>
      <trkpt lat="67.85753947" lon="17.62452294">
        <time>2028-04-05T19:45:42Z</time>
      </trkpt>
      <trkpt lat="67.85755497" lon="17.62450903">
        <time>2028-04-05T19:45:50Z</time>
      </trkpt>
      <trkpt lat="67.85753226" lon="17.62454356">
        <time>2028-04-05T19:46:02Z</time>
      </trkpt>
      <trkpt lat="67.85755254" lon="17.62457172">
        <time>2028-04-05T19:46:13Z</time>
      </trkpt>
      <trkpt lat="67.85755707" lon="17.6245967">
        <time>2028-04-05T19:46:18Z</time>
      </trkpt>
      <trkpt lat="67.85756227" lon="17.62455588">
        <time>2028-04-05T19:46:25Z</time>
      </trkpt>
      <trkpt lat="67.85754617" lon="17.62454163">
        <time>2028-04-05T19:46:33Z</time>
      </trkpt>
      <trkpt lat="67.85754483" lon="17.62454574">
        <time>2028-04-05T19:46:34Z</time>
      </trkpt>
      <trkpt lat="67.85755137" lon="17.6245568">
        <time>2028-04-05T19:46:38Z</time>
      </trkpt>
      <trkpt lat="67.85755288" lon="17.62455571">
        <time>2028-04-05T19:46:38Z</time>
      </trkpt>
      <trkpt lat="67.85755162" lon="17.62457499">
        <time>2028-04-05T19:46:42Z</time>
      </trkpt>
      <trkpt lat="67.85754483" lon="17.62454239">
        <time>2028-04-05T19:46:48Z</time>
      </trkpt>
      <trkpt lat="67.85755087" lon="17.62458405">
        <time>2028-04-05T19:46:56Z</time>
      </trkpt>
      <trkpt lat="67.85754844" lon="17.62456862">
        <time>2028-04-05T19:46:59Z</time>
      </trkpt>
      <trkpt lat="67.85755715" lon="17.62455228">
        <time>2028-04-05T19:47:04Z</time>
      </trkpt>
      <trkpt lat="67.85755598" lon="17.62452671">
        <time>2028-04-05T19:47:09Z</time>
      </trkpt>
      <trkpt lat="67.85754425" lon="17.62452311">
        <time>2028-04-05T19:47:14Z</time>
      </trkpt>
      <trkpt lat="67.85753243" lon="17.62453241">
        <time>2028-04-05T19:47:20Z</time>
      </trkpt>
      <trkpt lat="67.85751935" lon="17.62449453">
        <time>2028-04-05T19:47:29Z</time>
      </trkpt>
      <trkpt lat="67.8575274" lon="17.62450475">
        <time>2028-04-05T19:47:33Z</time>
      </trkpt>
      <trkpt lat="67.85750938" lon="17.62455915">
        <time>2028-04-05T19:47:46Z</time>
      </trkpt>
      <trkpt lat="67.8575108" lon="17.62457281">
        <time>2028-04-05T19:47:48Z</time>
      </trkpt>
      <trkpt lat="67.85753494" lon="17.62453333">
        <time>2028-04-05T19:48:02Z</time>
      </trkpt>
      <trkpt lat="67.85749186" lon="17.62454633">
        <time>2028-04-05T19:48:22Z</time>
      </trkpt>
      <trkpt lat="67.85752371" lon="17.62456535">
        <time>2028-04-05T19:48:37Z</time>
      </trkpt>
      <trkpt lat="67.85752136" lon="17.6245532">
        <time>2028-04-05T19:48:40Z</time>
      </trkpt>
      <trkpt lat="67.85751005" lon="17.62459855">
        <time>2028-04-05T19:48:49Z</time>
      </trkpt>
      <trkpt lat="67.85749446" lon="17.62458773">
        <time>2028-04-05T19:48:57Z</time>
      </trkpt>
      <trkpt lat="67.85748088" lon="17.62465781">
        <time>2028-04-05T19:49:11Z</time>
      </trkpt>
      <trkpt lat="67.85749144" lon="17.62464942">
        <time>2028-04-05T19:49:16Z</time>
      </trkpt>
      <trkpt lat="67.8574937" lon="17.62464163">
        <time>2028-04-05T19:49:17Z</time>
      </trkpt>
      <trkpt lat="67.85750686" lon="17.62457985">
        <time>2028-04-05T19:49:30Z</time>
      </trkpt>
      <trkpt lat="67.85750208" lon="17.62459846">
        <time>2028-04-05T19:49:34Z</time>
      </trkpt>
      <trkpt lat="67.85749773" lon="17.62456401">
        <time>2028-04-05T19:49:40Z</time>
      </trkpt>
      <trkpt lat="67.85750301" lon="17.62455521">
        <time>2028-04-05T19:49:43Z</time>
      </trkpt>
      <trkpt lat="67.85749035" lon="17.62457541">
        <time>2028-04-05T19:49:50Z</time>
      </trkpt>
      <trkpt lat="67.85753117" lon="17.62454038">
        <time>2028-04-05T19:50:10Z</time>
      </trkpt>
      <trkpt lat="67.85753192" lon="17.62448941">
        <time>2028-04-05T19:50:19Z</time>
      </trkpt>
      <trkpt lat="67.8575419" lon="17.62449143">
        <time>2028-04-05T19:50:24Z</time>
      </trkpt>
      <trkpt lat="67.85755799" lon="17.62453317">
        <time>2028-04-05T19:50:34Z</time>
      </trkpt>
      <trkpt lat="67.85756118" lon="17.62458086">
        <time>2028-04-05T19:50:43Z</time>
      </trkpt>
      <trkpt lat="67.85763343" lon="17.62510188">
        <time>2028-04-05T19:52:21Z</time>
      </trkpt>
      <trkpt lat="67.85774709" lon="17.62544135">
        <time>2028-04-05T19:53:40Z</time>
      </trkpt>
      <trkpt lat="67.85780777" lon="17.62559582">
        <time>2028-04-05T19:54:20Z</time>
      </trkpt>
      <trkpt lat="67.85793534" lon="17.62577972">
        <time>2028-04-05T19:55:28Z</time>
      </trkpt>
      <trkpt lat="67.85795764" lon="17.62582473">
        <time>2028-04-05T19:55:41Z</time>
      </trkpt>
      <trkpt lat="67.85799511" lon="17.62587343">
        <time>2028-04-05T19:56:00Z</time>
      </trkpt>
      <trkpt lat="67.8581195" lon="17.62647609">
        <time>2028-04-05T19:58:01Z</time>
      </trkpt>
      <trkpt lat="67.85815059" lon="17.62657634">
        <time>2028-04-05T19:58:24Z</time>
      </trkpt>
      <trkpt lat="67.85824103" lon="17.62688152">
        <time>2028-04-05T19:59:32Z</time>
      </trkpt>
      <trkpt lat="67.85824531" lon="17.62690323">
        <time>2028-04-05T19:59:36Z</time>
      </trkpt>
      <trkpt lat="67.85834053" lon="17.62714581">
        <time>2028-04-05T20:00:38Z</time>
      </trkpt>
      <trkpt lat="67.8584484" lon="17.62739634">
        <time>2028-04-05T20:01:45Z</time>
      </trkpt>
      <trkpt lat="67.85846374" lon="17.62758611">
        <time>2028-04-05T20:02:19Z</time>
      </trkpt>
      <trkpt lat="67.85850548" lon="17.62781762">
        <time>2028-04-05T20:03:04Z</time>
      </trkpt>
      <trkpt lat="67.858609" lon="17.62791568">
        <time>2028-04-05T20:03:56Z</time>
      </trkpt>
      <trkpt lat="67.85873372" lon="17.62809598">
        <time>2028-04-05T20:05:02Z</time>
      </trkpt>
      <trkpt lat="67.85885291" lon="17.62833419">
        <time>2028-04-05T20:06:12Z</time>
      </trkpt>
      <trkpt lat="67.85894033" lon="17.62859395">
        <time>2028-04-05T20:07:13Z</time>
      </trkpt>
      <trkpt lat="67.85900085" lon="17.62873812">
        <time>2028-04-05T20:07:51Z</time>
      </trkpt>
      <trkpt lat="67.85904779" lon="17.62890441">
        <time>2028-04-05T20:08:27Z</time>
      </trkpt>
      <trkpt lat="67.85912071" lon="17.62912737">
        <time>2028-04-05T20:09:19Z</time>
      </trkpt>
      <trkpt lat="67.85919556" lon="17.62939224">
        <time>2028-04-05T20:10:18Z</time>
      </trkpt>
      <trkpt lat="67.85927779" lon="17.62966549">
        <time>2028-04-05T20:11:19Z</time>
      </trkpt>
      <trkpt lat="67.85937108" lon="17.62995358">
        <time>2028-04-05T20:12:26Z</time>
      </trkpt>
      <trkpt lat="67.85945331" lon="17.63027033">
        <time>2028-04-05T20:13:34Z</time>
      </trkpt>
      <trkpt lat="67.85952447" lon="17.63050075">
        <time>2028-04-05T20:14:26Z</time>
      </trkpt>
      <trkpt lat="67.85959639" lon="17.63077484">
        <time>2028-04-05T20:15:25Z</time>
      </trkpt>
      <trkpt lat="67.85965087" lon="17.63103652">
        <time>2028-04-05T20:16:18Z</time>
      </trkpt>
      <trkpt lat="67.85969605" lon="17.63124271">
        <time>2028-04-05T20:17:00Z</time>
      </trkpt>
      <trkpt lat="67.85978138" lon="17.63158863">
        <time>2028-04-05T20:18:12Z</time>
      </trkpt>
      <trkpt lat="67.8598895" lon="17.63202508">
        <time>2028-04-05T20:19:44Z</time>
      </trkpt>
      <trkpt lat="67.85998447" lon="17.63240788">
        <time>2028-04-05T20:21:05Z</time>
      </trkpt>
      <trkpt lat="67.86005546" lon="17.63274089">
        <time>2028-04-05T20:22:12Z</time>
      </trkpt>
      <trkpt lat="67.86012855" lon="17.63306133">
        <time>2028-04-05T20:23:18Z</time>
      </trkpt>
      <trkpt lat="67.86022151" lon="17.63342695">
        <time>2028-04-05T20:24:36Z</time>
      </trkpt>
      <trkpt lat="67.86033383" lon="17.63389844">
        <time>2028-04-05T20:26:14Z</time>
      </trkpt>
      <trkpt lat="67.86045838" lon="17.63431996">
        <time>2028-04-05T20:27:48Z</time>
      </trkpt>
      <trkpt lat="67.86054103" lon="17.63463034">
        <time>2028-04-05T20:28:55Z</time>
      </trkpt>
      <trkpt lat="67.86063926" lon="17.6350403">
        <time>2028-04-05T20:30:20Z</time>
      </trkpt>
      <trkpt lat="67.86071076" lon="17.63534909">
        <time>2028-04-05T20:31:24Z</time>
      </trkpt>
      <trkpt lat="67.86077756" lon="17.63564531">
        <time>2028-04-05T20:32:25Z</time>
      </trkpt>
      <trkpt lat="67.86082559" lon="17.63593406">
        <time>2028-04-05T20:33:21Z</time>
      </trkpt>
      <trkpt lat="67.86091335" lon="17.63630186">
        <time>2028-04-05T20:34:37Z</time>
      </trkpt>
      <trkpt lat="67.86103732" lon="17.63674929">
        <time>2028-04-05T20:36:15Z</time>
      </trkpt>
      <trkpt lat="67.86114159" lon="17.63713134">
        <time>2028-04-05T20:37:38Z</time>
      </trkpt>
      <trkpt lat="67.86124854" lon="17.63752403">
        <time>2028-04-05T20:39:03Z</time>
      </trkpt>
      <trkpt lat="67.86135709" lon="17.63791068">
        <time>2028-04-05T20:40:28Z</time>
      </trkpt>
      <trkpt lat="67.86148273" lon="17.63833959">
        <time>2028-04-05T20:42:04Z</time>
      </trkpt>
      <trkpt lat="67.86157326" lon="17.63862675">
        <time>2028-04-05T20:43:09Z</time>
      </trkpt>
      <trkpt lat="67.86166823" lon="17.63884166">
        <time>2028-04-05T20:44:08Z</time>
      </trkpt>
      <trkpt lat="67.86179253" lon="17.63886061">
        <time>2028-04-05T20:45:06Z</time>
      </trkpt>
      <trkpt lat="67.86178079" lon="17.6388311">
        <time>2028-04-05T20:45:13Z</time>
      </trkpt>
      <trkpt lat="67.86179186" lon="17.63887712">
        <time>2028-04-05T20:45:23Z</time>
      </trkpt>
      <trkpt lat="67.8617937" lon="17.63886848">
        <time>2028-04-05T20:45:25Z</time>
      </trkpt>
      <trkpt lat="67.86184944" lon="17.63894468">
        <time>2028-04-05T20:45:54Z</time>
      </trkpt>
      <trkpt lat="67.86195698" lon="17.63900947">
        <time>2028-04-05T20:46:45Z</time>
      </trkpt>
      <trkpt lat="67.86206863" lon="17.63909765">
        <time>2028-04-05T20:47:40Z</time>
      </trkpt>
      <trkpt lat="67.86218061" lon="17.63919085">
        <time>2028-04-05T20:48:35Z</time>
      </trkpt>
      <trkpt lat="67.86229611" lon="17.6392704">
        <time>2028-04-05T20:49:30Z</time>
      </trkpt>
      <trkpt lat="67.86241011" lon="17.63937794">
        <time>2028-04-05T20:50:27Z</time>
      </trkpt>
      <trkpt lat="67.86250491" lon="17.63946729">
        <time>2028-04-05T20:51:14Z</time>
      </trkpt>
      <trkpt lat="67.8626355" lon="17.63952839">
        <time>2028-04-05T20:52:16Z</time>
      </trkpt>
      <trkpt lat="67.86265947" lon="17.63956192">
        <time>2028-04-05T20:52:28Z</time>
      </trkpt>
      <trkpt lat="67.86268185" lon="17.63956661">
        <time>2028-04-05T20:52:39Z</time>
      </trkpt>
      <trkpt lat="67.86276148" lon="17.63964599">
        <time>2028-04-05T20:53:19Z</time>
      </trkpt>
      <trkpt lat="67.86287966" lon="17.63976459">
        <time>2028-04-05T20:54:18Z</time>
      </trkpt>
      <trkpt lat="67.86302383" lon="17.63989083">
        <time>2028-04-05T20:55:28Z</time>
      </trkpt>
      <trkpt lat="67.8631566" lon="17.63997247">
        <time>2028-04-05T20:56:32Z</time>
      </trkpt>
      <trkpt lat="67.86329842" lon="17.64005444">
        <time>2028-04-05T20:57:40Z</time>
      </trkpt>
      <trkpt lat="67.86337503" lon="17.64012082">
        <time>2028-04-05T20:58:18Z</time>
      </trkpt>
      <trkpt lat="67.86351333" lon="17.64021621">
        <time>2028-04-05T20:59:24Z</time>
      </trkpt>
      <trkpt lat="67.86362272" lon="17.64032258">
        <time>2028-04-05T21:00:19Z</time>
      </trkpt>
      <trkpt lat="67.86377032" lon="17.64043313">
        <time>2028-04-05T21:01:30Z</time>
      </trkpt>
      <trkpt lat="67.86389899" lon="17.64055056">
        <time>2028-04-05T21:02:34Z</time>
      </trkpt>
      <trkpt lat="67.86402756" lon="17.6406421">
        <time>2028-04-05T21:03:36Z</time>
      </trkpt>
      <trkpt lat="67.86417416" lon="17.64077042">
        <time>2028-04-05T21:04:48Z</time>
      </trkpt>
      <trkpt lat="67.86430098" lon="17.64083957">
        <time>2028-04-05T21:05:48Z</time>
      </trkpt>
      <trkpt lat="67.86439821" lon="17.64085701">
        <time>2028-04-05T21:06:34Z</time>
      </trkpt>
      <trkpt lat="67.86451011" lon="17.6409052">
        <time>2028-04-05T21:07:27Z</time>
      </trkpt>
      <trkpt lat="67.86460784" lon="17.64092021">
        <time>2028-04-05T21:08:13Z</time>
      </trkpt>
      <trkpt lat="67.86469024" lon="17.64092113">
        <time>2028-04-05T21:08:51Z</time>
      </trkpt>
      <trkpt lat="67.86478931" lon="17.64095843">
        <time>2028-04-05T21:09:38Z</time>
      </trkpt>
      <trkpt lat="67.86489693" lon="17.64100906">
        <time>2028-04-05T21:10:29Z</time>
      </trkpt>
      <trkpt lat="67.86499056" lon="17.64108055">
        <time>2028-04-05T21:11:14Z</time>
      </trkpt>
      <trkpt lat="67.86508922" lon="17.64114685">
        <time>2028-04-05T21:12:02Z</time>
      </trkpt>
      <trkpt lat="67.86521117" lon="17.64122615">
        <time>2028-04-05T21:13:00Z</time>
      </trkpt>
      <trkpt lat="67.86533187" lon="17.6412963">
        <time>2028-04-05T21:13:58Z</time>
      </trkpt>
      <trkpt lat="67.86541695" lon="17.64136587">
        <time>2028-04-05T21:14:40Z</time>
      </trkpt>
      <trkpt lat="67.8655332" lon="17.64140158">
        <time>2028-04-05T21:15:34Z</time>
      </trkpt>
      <trkpt lat="67.86563613" lon="17.64145112">
        <time>2028-04-05T21:16:23Z</time>
      </trkpt>
      <trkpt lat="67.86574627" lon="17.64151423">
        <time>2028-04-05T21:17:16Z</time>
      </trkpt>
      <trkpt lat="67.8658508" lon="17.64157131">
        <time>2028-04-05T21:18:06Z</time>
      </trkpt>
      <trkpt lat="67.86596387" lon="17.64162655">
        <time>2028-04-05T21:18:59Z</time>
      </trkpt>
      <trkpt lat="67.86606956" lon="17.64165924">
        <time>2028-04-05T21:19:49Z</time>
      </trkpt>
      <trkpt lat="67.86618372" lon="17.64174163">
        <time>2028-04-05T21:20:44Z</time>
      </trkpt>
      <trkpt lat="67.86628498" lon="17.64185378">
        <time>2028-04-05T21:21:36Z</time>
      </trkpt>
      <trkpt lat="67.86639151" lon="17.64194364">
        <time>2028-04-05T21:22:28Z</time>
      </trkpt>
      <trkpt lat="67.86655127" lon="17.64204539">
        <time>2028-04-05T21:23:44Z</time>
      </trkpt>
      <trkpt lat="67.86670726" lon="17.64214723">
        <time>2028-04-05T21:24:59Z</time>
      </trkpt>
      <trkpt lat="67.86681086" lon="17.64216609">
        <time>2028-04-05T21:25:48Z</time>
      </trkpt>
      <trkpt lat="67.86692192" lon="17.64218898">
        <time>2028-04-05T21:26:40Z</time>
      </trkpt>
      <trkpt lat="67.86701881" lon="17.64223373">
        <time>2028-04-05T21:27:26Z</time>
      </trkpt>
      <trkpt lat="67.86710724" lon="17.64233273">
        <time>2028-04-05T21:28:11Z</time>
      </trkpt>
      <trkpt lat="67.86719534" lon="17.64238964">
        <time>2028-04-05T21:28:53Z</time>
      </trkpt>
      <trkpt lat="67.86725921" lon="17.64240741">
        <time>2028-04-05T21:29:23Z</time>
      </trkpt>
      <trkpt lat="67.86736121" lon="17.64253138">
        <time>2028-04-05T21:30:15Z</time>
      </trkpt>
      <trkpt lat="67.8674188" lon="17.64257974">
        <time>2028-04-05T21:30:44Z</time>
      </trkpt>
      <trkpt lat="67.86754696" lon="17.64273095">
        <time>2028-04-05T21:31:49Z</time>
      </trkpt>
      <trkpt lat="67.86764293" lon="17.64280203">
        <time>2028-04-05T21:32:36Z</time>
      </trkpt>
      <trkpt lat="67.86768132" lon="17.64282818">
        <time>2028-04-05T21:32:54Z</time>
      </trkpt>
      <trkpt lat="67.86775156" lon="17.64287679">
        <time>2028-04-05T21:33:28Z</time>
      </trkpt>
      <trkpt lat="67.86786832" lon="17.64297386">
        <time>2028-04-05T21:34:25Z</time>
      </trkpt>
      <trkpt lat="67.86797896" lon="17.64305516">
        <time>2028-04-05T21:35:19Z</time>
      </trkpt>
      <trkpt lat="67.86807351" lon="17.6431057">
        <time>2028-04-05T21:36:04Z</time>
      </trkpt>
      <trkpt lat="67.86808482" lon="17.6431104">
        <time>2028-04-05T21:36:09Z</time>
      </trkpt>
      <trkpt lat="67.86815892" lon="17.64315809">
        <time>2028-04-05T21:36:45Z</time>
      </trkpt>
      <trkpt lat="67.86818348" lon="17.64315734">
        <time>2028-04-05T21:36:56Z</time>
      </trkpt>
      <trkpt lat="67.86837157" lon="17.64324417">
        <time>2028-04-05T21:38:25Z</time>
      </trkpt>
      <trkpt lat="67.86843535" lon="17.64329606">
        <time>2028-04-05T21:38:56Z</time>
      </trkpt>
      <trkpt lat="67.86850107" lon="17.64332062">
        <time>2028-04-05T21:39:27Z</time>
      </trkpt>
      <trkpt lat="67.86867248" lon="17.64348423">
        <time>2028-04-05T21:40:52Z</time>
      </trkpt>
      <trkpt lat="67.86879997" lon="17.64357526">
        <time>2028-04-05T21:41:54Z</time>
      </trkpt>
      <trkpt lat="67.86893584" lon="17.64367626">
        <time>2028-04-05T21:43:00Z</time>
      </trkpt>
      <trkpt lat="67.86904145" lon="17.64374298">
        <time>2028-04-05T21:43:51Z</time>
      </trkpt>
      <trkpt lat="67.86913189" lon="17.64380735">
        <time>2028-04-05T21:44:34Z</time>
      </trkpt>
      <trkpt lat="67.86924706" lon="17.64387734">
        <time>2028-04-05T21:45:30Z</time>
      </trkpt>
      <trkpt lat="67.86935577" lon="17.64395278">
        <time>2028-04-05T21:46:22Z</time>
      </trkpt>
      <trkpt lat="67.86947915" lon="17.64404004">
        <time>2028-04-05T21:47:22Z</time>
      </trkpt>
      <trkpt lat="67.86958225" lon="17.64410852">
        <time>2028-04-05T21:48:11Z</time>
      </trkpt>
      <trkpt lat="67.86967982" lon="17.64418663">
        <time>2028-04-05T21:48:59Z</time>
      </trkpt>
      <trkpt lat="67.86978752" lon="17.64426727">
        <time>2028-04-05T21:49:51Z</time>
      </trkpt>
      <trkpt lat="67.86991283" lon="17.64434849">
        <time>2028-04-05T21:50:51Z</time>
      </trkpt>
      <trkpt lat="67.87003404" lon="17.64446651">
        <time>2028-04-05T21:51:52Z</time>
      </trkpt>
      <trkpt lat="67.87013118" lon="17.64454496">
        <time>2028-04-05T21:52:39Z</time>
      </trkpt>
      <trkpt lat="67.87023461" lon="17.64458897">
        <time>2028-04-05T21:53:28Z</time>
      </trkpt>
      <trkpt lat="67.87041659" lon="17.64467848">
        <time>2028-04-05T21:54:54Z</time>
      </trkpt>
      <trkpt lat="67.87054189" lon="17.6447323">
        <time>2028-04-05T21:55:54Z</time>
      </trkpt>
      <trkpt lat="67.87059437" lon="17.64475065">
        <time>2028-04-05T21:56:18Z</time>
      </trkpt>
      <trkpt lat="67.8707418" lon="17.6448452">
        <time>2028-04-05T21:57:29Z</time>
      </trkpt>
      <trkpt lat="67.87082856" lon="17.6448877">
        <time>2028-04-05T21:58:10Z</time>
      </trkpt>
      <trkpt lat="67.87095303" lon="17.64495978">
        <time>2028-04-05T21:59:10Z</time>
      </trkpt>
      <trkpt lat="67.87102528" lon="17.64498509">
        <time>2028-04-05T21:59:44Z</time>
      </trkpt>
      <trkpt lat="67.87111606" lon="17.6450716">
        <time>2028-04-05T22:00:29Z</time>
      </trkpt>
      <trkpt lat="67.87114078" lon="17.64509456">
        <time>2028-04-05T22:00:41Z</time>
      </trkpt>
      <trkpt lat="67.87115855" lon="17.64512071">
        <time>2028-04-05T22:00:51Z</time>
      </trkpt>
      <trkpt lat="67.87121873" lon="17.64516002">
        <time>2028-04-05T22:01:20Z</time>
      </trkpt>
      <trkpt lat="67.87134723" lon="17.64522213">
        <time>2028-04-05T22:02:21Z</time>
      </trkpt>
      <trkpt lat="67.87146742" lon="17.64529724">
        <time>2028-04-05T22:03:18Z</time>
      </trkpt>
      <trkpt lat="67.87161008" lon="17.64539178">
        <time>2028-04-05T22:04:27Z</time>
      </trkpt>
      <trkpt lat="67.87171997" lon="17.6454523">
        <time>2028-04-05T22:05:19Z</time>
      </trkpt>
      <trkpt lat="67.87183665" lon="17.64552455">
        <time>2028-04-05T22:06:15Z</time>
      </trkpt>
      <trkpt lat="67.87195953" lon="17.64560401">
        <time>2028-04-05T22:07:14Z</time>
      </trkpt>
      <trkpt lat="67.87204972" lon="17.64565573">
        <time>2028-04-05T22:07:57Z</time>
      </trkpt>
      <trkpt lat="67.87214359" lon="17.64572924">
        <time>2028-04-05T22:08:43Z</time>
      </trkpt>
      <trkpt lat="67.87218265" lon="17.64574181">
        <time>2028-04-05T22:09:01Z</time>
      </trkpt>
      <trkpt lat="67.87231249" lon="17.64582111">
        <time>2028-04-05T22:10:04Z</time>
      </trkpt>
      <trkpt lat="67.87241952" lon="17.64586846">
        <time>2028-04-05T22:10:54Z</time>
      </trkpt>
      <trkpt lat="67.87250913" lon="17.64593636">
        <time>2028-04-05T22:11:38Z</time>
      </trkpt>
      <trkpt lat="67.87262312" lon="17.64599687">
        <time>2028-04-05T22:12:32Z</time>
      </trkpt>
      <trkpt lat="67.8727175" lon="17.64603862">
        <time>2028-04-05T22:13:17Z</time>
      </trkpt>
      <trkpt lat="67.87280174" lon="17.64606611">
        <time>2028-04-05T22:13:56Z</time>
      </trkpt>
      <trkpt lat="67.87289863" lon="17.64615638">
        <time>2028-04-05T22:14:44Z</time>
      </trkpt>
      <trkpt lat="67.87302663" lon="17.6462314">
        <time>2028-04-05T22:15:46Z</time>
      </trkpt>
      <trkpt lat="67.87307147" lon="17.64625512">
        <time>2028-04-05T22:16:07Z</time>
      </trkpt>
      <trkpt lat="67.87314112" lon="17.64628773">
        <time>2028-04-05T22:16:40Z</time>
      </trkpt>
      <trkpt lat="67.87324531" lon="17.64635076">
        <time>2028-04-05T22:17:30Z</time>
      </trkpt>
      <trkpt lat="67.87335335" lon="17.64640231">
        <time>2028-04-05T22:18:21Z</time>
      </trkpt>
      <trkpt lat="67.87345796" lon="17.64641027">
        <time>2028-04-05T22:19:10Z</time>
      </trkpt>
      <trkpt lat="67.87353423" lon="17.64643231">
        <time>2028-04-05T22:19:46Z</time>
      </trkpt>
      <trkpt lat="67.8736152" lon="17.64648755">
        <time>2028-04-05T22:20:25Z</time>
      </trkpt>
      <trkpt lat="67.87369894" lon="17.6465645">
        <time>2028-04-05T22:21:06Z</time>
      </trkpt>
      <trkpt lat="67.87378946" lon="17.64663792">
        <time>2028-04-05T22:21:50Z</time>
      </trkpt>
      <trkpt lat="67.87385618" lon="17.64666215">
        <time>2028-04-05T22:22:22Z</time>
      </trkpt>
      <trkpt lat="67.87388435" lon="17.6466546">
        <time>2028-04-05T22:22:35Z</time>
      </trkpt>
      <trkpt lat="67.87400052" lon="17.64670531">
        <time>2028-04-05T22:23:30Z</time>
      </trkpt>
      <trkpt lat="67.87409691" lon="17.64676474">
        <time>2028-04-05T22:24:16Z</time>
      </trkpt>
      <trkpt lat="67.87423664" lon="17.6468525">
        <time>2028-04-05T22:25:23Z</time>
      </trkpt>
      <trkpt lat="67.87433554" lon="17.64687262">
        <time>2028-04-05T22:26:10Z</time>
      </trkpt>
      <trkpt lat="67.87442381" lon="17.64690237">
        <time>2028-04-05T22:26:51Z</time>
      </trkpt>
      <trkpt lat="67.87444627" lon="17.64690681">
        <time>2028-04-05T22:27:02Z</time>
      </trkpt>
      <trkpt lat="67.87453336" lon="17.64696582">
        <time>2028-04-05T22:27:44Z</time>
      </trkpt>
      <trkpt lat="67.87458189" lon="17.6469856">
        <time>2028-04-05T22:28:07Z</time>
      </trkpt>
      <trkpt lat="67.8746937" lon="17.64705534">
        <time>2028-04-05T22:29:00Z</time>
      </trkpt>
      <trkpt lat="67.87478423" lon="17.64706121">
        <time>2028-04-05T22:29:42Z</time>
      </trkpt>
      <trkpt lat="67.87492672" lon="17.64709172">
        <time>2028-04-05T22:30:49Z</time>
      </trkpt>
      <trkpt lat="67.87503367" lon="17.64711318">
        <time>2028-04-05T22:31:39Z</time>
      </trkpt>
      <trkpt lat="67.87514641" lon="17.64717428">
        <time>2028-04-05T22:32:33Z</time>
      </trkpt>
      <trkpt lat="67.8752475" lon="17.64720814">
        <time>2028-04-05T22:33:21Z</time>
      </trkpt>
      <trkpt lat="67.87527633" lon="17.64719767">
        <time>2028-04-05T22:33:34Z</time>
      </trkpt>
      <trkpt lat="67.87540792" lon="17.64726925">
        <time>2028-04-05T22:34:37Z</time>
      </trkpt>
      <trkpt lat="67.87551153" lon="17.6472177">
        <time>2028-04-05T22:35:26Z</time>
      </trkpt>
      <trkpt lat="67.87559861" lon="17.64724301">
        <time>2028-04-05T22:36:07Z</time>
      </trkpt>
      <trkpt lat="67.87574689" lon="17.64732365">
        <time>2028-04-05T22:37:18Z</time>
      </trkpt>
      <trkpt lat="67.87587119" lon="17.64737788">
        <time>2028-04-05T22:38:16Z</time>
      </trkpt>
      <trkpt lat="67.87599617" lon="17.64742389">
        <time>2028-04-05T22:39:15Z</time>
      </trkpt>
      <trkpt lat="67.87612273" lon="17.64746488">
        <time>2028-04-05T22:40:15Z</time>
      </trkpt>
      <trkpt lat="67.87622114" lon="17.64750076">
        <time>2028-04-05T22:41:01Z</time>
      </trkpt>
      <trkpt lat="67.87631753" lon="17.64753261">
        <time>2028-04-05T22:41:47Z</time>
      </trkpt>
      <trkpt lat="67.87641954" lon="17.64757569">
        <time>2028-04-05T22:42:35Z</time>
      </trkpt>
      <trkpt lat="67.87642356" lon="17.64756144">
        <time>2028-04-05T22:42:38Z</time>
      </trkpt>
      <trkpt lat="67.8765394" lon="17.64759371">
        <time>2028-04-05T22:43:32Z</time>
      </trkpt>
      <trkpt lat="67.87664878" lon="17.64760922">
        <time>2028-04-05T22:44:24Z</time>
      </trkpt>
      <trkpt lat="67.87677535" lon="17.64768189">
        <time>2028-04-05T22:45:24Z</time>
      </trkpt>
      <trkpt lat="67.87686881" lon="17.64769513">
        <time>2028-04-05T22:46:08Z</time>
      </trkpt>
      <trkpt lat="67.87700325" lon="17.647744">
        <time>2028-04-05T22:47:11Z</time>
      </trkpt>
      <trkpt lat="67.87712814" lon="17.64779588">
        <time>2028-04-05T22:48:10Z</time>
      </trkpt>
      <trkpt lat="67.87723032" lon="17.64784626">
        <time>2028-04-05T22:48:59Z</time>
      </trkpt>
      <trkpt lat="67.87733945" lon="17.64790518">
        <time>2028-04-05T22:49:51Z</time>
      </trkpt>
      <trkpt lat="67.87736108" lon="17.64791734">
        <time>2028-04-05T22:50:01Z</time>
      </trkpt>
      <trkpt lat="67.87745847" lon="17.64792781">
        <time>2028-04-05T22:50:46Z</time>
      </trkpt>
      <trkpt lat="67.87754321" lon="17.6479776">
        <time>2028-04-05T22:51:27Z</time>
      </trkpt>
      <trkpt lat="67.87766576" lon="17.64802823">
        <time>2028-04-05T22:52:25Z</time>
      </trkpt>
      <trkpt lat="67.87779341" lon="17.64806427">
        <time>2028-04-05T22:53:25Z</time>
      </trkpt>
      <trkpt lat="67.87791076" lon="17.64808279">
        <time>2028-04-05T22:54:20Z</time>
      </trkpt>
      <trkpt lat="67.87803045" lon="17.64813334">
        <time>2028-04-05T22:55:16Z</time>
      </trkpt>
      <trkpt lat="67.87803699" lon="17.64813694">
        <time>2028-04-05T22:55:19Z</time>
      </trkpt>
      <trkpt lat="67.87805703" lon="17.64812839">
        <time>2028-04-05T22:55:29Z</time>
      </trkpt>
      <trkpt lat="67.8781711" lon="17.64823384">
        <time>2028-04-05T22:56:25Z</time>
      </trkpt>
      <trkpt lat="67.87825886" lon="17.64836837">
        <time>2028-04-05T22:57:13Z</time>
      </trkpt>
      <trkpt lat="67.87834411" lon="17.64850868">
        <time>2028-04-05T22:57:59Z</time>
      </trkpt>
      <trkpt lat="67.87835835" lon="17.64853056">
        <time>2028-04-05T22:58:07Z</time>
      </trkpt>
      <trkpt lat="67.87845232" lon="17.64869601">
        <time>2028-04-05T22:59:00Z</time>
      </trkpt>
      <trkpt lat="67.87854183" lon="17.64883264">
        <time>2028-04-05T22:59:48Z</time>
      </trkpt>
      <trkpt lat="67.87862859" lon="17.64895745">
        <time>2028-04-05T23:00:34Z</time>
      </trkpt>
      <trkpt lat="67.87871978" lon="17.6491069">
        <time>2028-04-05T23:01:24Z</time>
      </trkpt>
      <trkpt lat="67.87880084" lon="17.64925567">
        <time>2028-04-05T23:02:10Z</time>
      </trkpt>
      <trkpt lat="67.87884744" lon="17.64931887">
        <time>2028-04-05T23:02:35Z</time>
      </trkpt>
      <trkpt lat="67.87894785" lon="17.64949162">
        <time>2028-04-05T23:03:30Z</time>
      </trkpt>
      <trkpt lat="67.87903712" lon="17.64962766">
        <time>2028-04-05T23:04:18Z</time>
      </trkpt>
      <trkpt lat="67.87912966" lon="17.64977493">
        <time>2028-04-05T23:05:09Z</time>
      </trkpt>
      <trkpt lat="67.87922831" lon="17.64994567">
        <time>2028-04-05T23:06:04Z</time>
      </trkpt>
      <trkpt lat="67.87931331" lon="17.65006461">
        <time>2028-04-05T23:06:49Z</time>
      </trkpt>
      <trkpt lat="67.8793993" lon="17.65023451">
        <time>2028-04-05T23:07:39Z</time>
      </trkpt>
      <trkpt lat="67.87948195" lon="17.6503646">
        <time>2028-04-05T23:08:24Z</time>
      </trkpt>
      <trkpt lat="67.87957608" lon="17.65051288">
        <time>2028-04-05T23:09:15Z</time>
      </trkpt>
      <trkpt lat="67.87966182" lon="17.65065193">
        <time>2028-04-05T23:10:02Z</time>
      </trkpt>
      <trkpt lat="67.87973609" lon="17.65078604">
        <time>2028-04-05T23:10:43Z</time>
      </trkpt>
      <trkpt lat="67.87979853" lon="17.65088813">
        <time>2028-04-05T23:11:18Z</time>
      </trkpt>
      <trkpt lat="67.87988319" lon="17.65099651">
        <time>2028-04-05T23:12:02Z</time>
      </trkpt>
      <trkpt lat="67.87997975" lon="17.65115459">
        <time>2028-04-05T23:12:55Z</time>
      </trkpt>
      <trkpt lat="67.88005988" lon="17.65128091">
        <time>2028-04-05T23:13:38Z</time>
      </trkpt>
      <trkpt lat="67.88013733" lon="17.65142173">
        <time>2028-04-05T23:14:22Z</time>
      </trkpt>
      <trkpt lat="67.8802271" lon="17.65155014">
        <time>2028-04-05T23:15:10Z</time>
      </trkpt>
      <trkpt lat="67.88031612" lon="17.65168592">
        <time>2028-04-05T23:15:57Z</time>
      </trkpt>
      <trkpt lat="67.8804177" lon="17.65183127">
        <time>2028-04-05T23:16:51Z</time>
      </trkpt>
      <trkpt lat="67.88050052" lon="17.65195314">
        <time>2028-04-05T23:17:36Z</time>
      </trkpt>
      <trkpt lat="67.88056908" lon="17.65208909">
        <time>2028-04-05T23:18:15Z</time>
      </trkpt>
      <trkpt lat="67.88063513" lon="17.6522087">
        <time>2028-04-05T23:18:53Z</time>
      </trkpt>
      <trkpt lat="67.88071417" lon="17.65233141">
        <time>2028-04-05T23:19:36Z</time>
      </trkpt>
      <trkpt lat="67.88078902" lon="17.65244205">
        <time>2028-04-05T23:20:16Z</time>
      </trkpt>
      <trkpt lat="67.88084342" lon="17.65253845">
        <time>2028-04-05T23:20:46Z</time>
      </trkpt>
      <trkpt lat="67.88088634" lon="17.65264272">
        <time>2028-04-05T23:21:13Z</time>
      </trkpt>
      <trkpt lat="67.88094811" lon="17.65270952">
        <time>2028-04-05T23:21:44Z</time>
      </trkpt>
      <trkpt lat="67.88104199" lon="17.65287079">
        <time>2028-04-05T23:22:37Z</time>
      </trkpt>
      <trkpt lat="67.88111114" lon="17.65295519">
        <time>2028-04-05T23:23:12Z</time>
      </trkpt>
      <trkpt lat="67.88120108" lon="17.65308964">
        <time>2028-04-05T23:24:00Z</time>
      </trkpt>
      <trkpt lat="67.88127325" lon="17.65320824">
        <time>2028-04-05T23:24:40Z</time>
      </trkpt>
      <trkpt lat="67.88136771" lon="17.65335535">
        <time>2028-04-05T23:25:31Z</time>
      </trkpt>
      <trkpt lat="67.88146494" lon="17.65352433">
        <time>2028-04-05T23:26:25Z</time>
      </trkpt>
      <trkpt lat="67.88155806" lon="17.65368015">
        <time>2028-04-05T23:27:17Z</time>
      </trkpt>
      <trkpt lat="67.88164238" lon="17.65385742">
        <time>2028-04-05T23:28:07Z</time>
      </trkpt>
      <trkpt lat="67.88171061" lon="17.65403621">
        <time>2028-04-05T23:28:52Z</time>
      </trkpt>
      <trkpt lat="67.88179049" lon="17.65424064">
        <time>2028-04-05T23:29:44Z</time>
      </trkpt>
      <trkpt lat="67.88185361" lon="17.65441138">
        <time>2028-04-05T23:30:26Z</time>
      </trkpt>
      <trkpt lat="67.88191287" lon="17.65461238">
        <time>2028-04-05T23:31:10Z</time>
      </trkpt>
      <trkpt lat="67.88197238" lon="17.65481137">
        <time>2028-04-05T23:31:55Z</time>
      </trkpt>
      <trkpt lat="67.88201563" lon="17.65503248">
        <time>2028-04-05T23:32:39Z</time>
      </trkpt>
      <trkpt lat="67.88205167" lon="17.65525628">
        <time>2028-04-05T23:33:22Z</time>
      </trkpt>
      <trkpt lat="67.88207581" lon="17.65550363">
        <time>2028-04-05T23:34:07Z</time>
      </trkpt>
      <trkpt lat="67.88210942" lon="17.65573287">
        <time>2028-04-05T23:34:50Z</time>
      </trkpt>
      <trkpt lat="67.8821391" lon="17.65595407">
        <time>2028-04-05T23:35:31Z</time>
      </trkpt>
      <trkpt lat="67.88217707" lon="17.65617116">
        <time>2028-04-05T23:36:13Z</time>
      </trkpt>
      <trkpt lat="67.8822064" lon="17.65641097">
        <time>2028-04-05T23:36:58Z</time>
      </trkpt>
      <trkpt lat="67.88222518" lon="17.65660426">
        <time>2028-04-05T23:37:33Z</time>
      </trkpt>
      <trkpt lat="67.88223783" lon="17.65679092">
        <time>2028-04-05T23:38:06Z</time>
      </trkpt>
      <trkpt lat="67.88225183" lon="17.65698002">
        <time>2028-04-05T23:38:40Z</time>
      </trkpt>
      <trkpt lat="67.88227513" lon="17.65718127">
        <time>2028-04-05T23:39:17Z</time>
      </trkpt>
      <trkpt lat="67.88228754" lon="17.6573396">
        <time>2028-04-05T23:39:45Z</time>
      </trkpt>
      <trkpt lat="67.88230849" lon="17.65744999">
        <time>2028-04-05T23:40:07Z</time>
      </trkpt>
      <trkpt lat="67.88235443" lon="17.65769776">
        <time>2028-04-05T23:40:56Z</time>
      </trkpt>
      <trkpt lat="67.88238016" lon="17.65789448">
        <time>2028-04-05T23:41:32Z</time>
      </trkpt>
      <trkpt lat="67.8823815" lon="17.65791007">
        <time>2028-04-05T23:41:35Z</time>
      </trkpt>
      <trkpt lat="67.8824038" lon="17.65813622">
        <time>2028-04-05T23:42:16Z</time>
      </trkpt>
      <trkpt lat="67.882439" lon="17.65843051">
        <time>2028-04-05T23:43:10Z</time>
      </trkpt>
      <trkpt lat="67.88247186" lon="17.65869286">
        <time>2028-04-05T23:43:59Z</time>
      </trkpt>
      <trkpt lat="67.88250849" lon="17.65899586">
        <time>2028-04-05T23:44:55Z</time>
      </trkpt>
      <trkpt lat="67.88254897" lon="17.65929661">
        <time>2028-04-05T23:45:51Z</time>
      </trkpt>
      <trkpt lat="67.8825711" lon="17.65958553">
        <time>2028-04-05T23:46:43Z</time>
      </trkpt>
      <trkpt lat="67.88259859" lon="17.65988158">
        <time>2028-04-05T23:47:37Z</time>
      </trkpt>
      <trkpt lat="67.88264318" lon="17.66020797">
        <time>2028-04-05T23:48:38Z</time>
      </trkpt>
      <trkpt lat="67.88268987" lon="17.66051433">
        <time>2028-04-05T23:49:36Z</time>
      </trkpt>
      <trkpt lat="67.88272357" lon="17.66078875">
        <time>2028-04-05T23:50:26Z</time>
      </trkpt>
      <trkpt lat="67.88275559" lon="17.66104633">
        <time>2028-04-05T23:51:14Z</time>
      </trkpt>
      <trkpt lat="67.8827928" lon="17.66135981">
        <time>2028-04-05T23:52:12Z</time>
      </trkpt>
      <trkpt lat="67.88282792" lon="17.66165494">
        <time>2028-04-05T23:53:06Z</time>
      </trkpt>
      <trkpt lat="67.88285189" lon="17.66193146">
        <time>2028-04-05T23:53:56Z</time>
      </trkpt>
      <trkpt lat="67.88289347" lon="17.662211">
        <time>2028-04-05T23:54:49Z</time>
      </trkpt>
      <trkpt lat="67.88292783" lon="17.66248383">
        <time>2028-04-05T23:55:40Z</time>
      </trkpt>
      <trkpt lat="67.88295751" lon="17.66273">
        <time>2028-04-05T23:56:25Z</time>
      </trkpt>
      <trkpt lat="67.88299539" lon="17.66300099">
        <time>2028-04-05T23:57:16Z</time>
      </trkpt>
      <trkpt lat="67.88299179" lon="17.66323862">
        <time>2028-04-05T23:57:58Z</time>
      </trkpt>
      <trkpt lat="67.88304049" lon="17.66355319">
        <time>2028-04-05T23:58:58Z</time>
      </trkpt>
      <trkpt lat="67.8830653" lon="17.66380574">
        <time>2028-04-05T23:59:43Z</time>
      </trkpt>
      <trkpt lat="67.88310612" lon="17.66407672">
        <time>2028-04-06T00:00:35Z</time>
      </trkpt>
      <trkpt lat="67.88313696" lon="17.66443882">
        <time>2028-04-06T00:01:40Z</time>
      </trkpt>
      <trkpt lat="67.8831782" lon="17.66478977">
        <time>2028-04-06T00:02:45Z</time>
      </trkpt>
      <trkpt lat="67.88320402" lon="17.66507149">
        <time>2028-04-06T00:03:36Z</time>
      </trkpt>
      <trkpt lat="67.88324819" lon="17.66539084">
        <time>2028-04-06T00:04:35Z</time>
      </trkpt>
      <trkpt lat="67.88326529" lon="17.66547801">
        <time>2028-04-06T00:04:53Z</time>
      </trkpt>
      <trkpt lat="67.88331709" lon="17.66581035">
        <time>2028-04-06T00:05:56Z</time>
      </trkpt>
      <trkpt lat="67.88334659" lon="17.66604572">
        <time>2028-04-06T00:06:39Z</time>
      </trkpt>
      <trkpt lat="67.88338616" lon="17.66632944">
        <time>2028-04-06T00:07:33Z</time>
      </trkpt>
      <trkpt lat="67.88338993" lon="17.66656389">
        <time>2028-04-06T00:08:14Z</time>
      </trkpt>
      <trkpt lat="67.88344248" lon="17.6668829">
        <time>2028-04-06T00:09:15Z</time>
      </trkpt>
      <trkpt lat="67.88348104" lon="17.66718079">
        <time>2028-04-06T00:10:11Z</time>
      </trkpt>
      <trkpt lat="67.88351591" lon="17.66745572">
        <time>2028-04-06T00:11:02Z</time>
      </trkpt>
      <trkpt lat="67.88354969" lon="17.66776962">
        <time>2028-04-06T00:11:59Z</time>
      </trkpt>
      <trkpt lat="67.88358648" lon="17.66811051">
        <time>2028-04-06T00:13:01Z</time>
      </trkpt>
      <trkpt lat="67.88362429" lon="17.6683965">
        <time>2028-04-06T00:13:55Z</time>
      </trkpt>
      <trkpt lat="67.88365806" lon="17.66874494">
        <time>2028-04-06T00:14:58Z</time>
      </trkpt>
      <trkpt lat="67.8836703" lon="17.66882038">
        <time>2028-04-06T00:15:12Z</time>
      </trkpt>
      <trkpt lat="67.88371766" lon="17.66920997">
        <time>2028-04-06T00:16:24Z</time>
      </trkpt>
      <trkpt lat="67.88373023" lon="17.66930552">
        <time>2028-04-06T00:16:42Z</time>
      </trkpt>
      <trkpt lat="67.88376544" lon="17.6697014">
        <time>2028-04-06T00:17:53Z</time>
      </trkpt>
      <trkpt lat="67.88380148" lon="17.66998798">
        <time>2028-04-06T00:18:47Z</time>
      </trkpt>
      <trkpt lat="67.88385537" lon="17.67041738">
        <time>2028-04-06T00:20:06Z</time>
      </trkpt>
      <trkpt lat="67.88389033" lon="17.67077319">
        <time>2028-04-06T00:21:11Z</time>
      </trkpt>
      <trkpt lat="67.88392536" lon="17.67106891">
        <time>2028-04-06T00:22:05Z</time>
      </trkpt>
      <trkpt lat="67.88395302" lon="17.67136521">
        <time>2028-04-06T00:22:59Z</time>
      </trkpt>
      <trkpt lat="67.88398781" lon="17.67161407">
        <time>2028-04-06T00:23:46Z</time>
      </trkpt>
      <trkpt lat="67.88403207" lon="17.67194557">
        <time>2028-04-06T00:24:47Z</time>
      </trkpt>
      <trkpt lat="67.88406685" lon="17.67224983">
        <time>2028-04-06T00:25:43Z</time>
      </trkpt>
      <trkpt lat="67.88410272" lon="17.67257136">
        <time>2028-04-06T00:26:42Z</time>
      </trkpt>
      <trkpt lat="67.88414447" lon="17.67290253">
        <time>2028-04-06T00:27:44Z</time>
      </trkpt>
      <trkpt lat="67.88418453" lon="17.67325985">
        <time>2028-04-06T00:28:49Z</time>
      </trkpt>
      <trkpt lat="67.88422728" lon="17.67359714">
        <time>2028-04-06T00:29:52Z</time>
      </trkpt>
      <trkpt lat="67.88426097" lon="17.67394021">
        <time>2028-04-06T00:30:54Z</time>
      </trkpt>
      <trkpt lat="67.88428981" lon="17.6741734">
        <time>2028-04-06T00:31:37Z</time>
      </trkpt>
      <trkpt lat="67.884338" lon="17.67450767">
        <time>2028-04-06T00:32:40Z</time>
      </trkpt>
      <trkpt lat="67.88436558" lon="17.67476331">
        <time>2028-04-06T00:33:27Z</time>
      </trkpt>
      <trkpt lat="67.88442224" lon="17.67516967">
        <time>2028-04-06T00:34:43Z</time>
      </trkpt>
      <trkpt lat="67.88446524" lon="17.67547184">
        <time>2028-04-06T00:35:40Z</time>
      </trkpt>
      <trkpt lat="67.88449768" lon="17.67575129">
        <time>2028-04-06T00:36:31Z</time>
      </trkpt>
      <trkpt lat="67.88451503" lon="17.67604935">
        <time>2028-04-06T00:37:24Z</time>
      </trkpt>
      <trkpt lat="67.88453624" lon="17.6763076">
        <time>2028-04-06T00:38:11Z</time>
      </trkpt>
      <trkpt lat="67.88454152" lon="17.67649032">
        <time>2028-04-06T00:38:43Z</time>
      </trkpt>
      <trkpt lat="67.88452836" lon="17.67648797">
        <time>2028-04-06T00:38:49Z</time>
      </trkpt>
      <trkpt lat="67.88454495" lon="17.67654967">
        <time>2028-04-06T00:39:02Z</time>
      </trkpt>
      <trkpt lat="67.88457714" lon="17.67687581">
        <time>2028-04-06T00:40:02Z</time>
      </trkpt>
      <trkpt lat="67.88459474" lon="17.67724578">
        <time>2028-04-06T00:41:07Z</time>
      </trkpt>
      <trkpt lat="67.88460321" lon="17.67750629">
        <time>2028-04-06T00:41:53Z</time>
      </trkpt>
      <trkpt lat="67.88462542" lon="17.67780645">
        <time>2028-04-06T00:42:47Z</time>
      </trkpt>
      <trkpt lat="67.8846426" lon="17.67798649">
        <time>2028-04-06T00:43:20Z</time>
      </trkpt>
      <trkpt lat="67.8846597" lon="17.67828933">
        <time>2028-04-06T00:44:14Z</time>
      </trkpt>
      <trkpt lat="67.88466875" lon="17.67862083">
        <time>2028-04-06T00:45:12Z</time>
      </trkpt>
      <trkpt lat="67.88468057" lon="17.67889911">
        <time>2028-04-06T00:46:01Z</time>
      </trkpt>
      <trkpt lat="67.88469331" lon="17.67917136">
        <time>2028-04-06T00:46:49Z</time>
      </trkpt>
      <trkpt lat="67.88470899" lon="17.67947596">
        <time>2028-04-06T00:47:43Z</time>
      </trkpt>
      <trkpt lat="67.88473472" lon="17.67974543">
        <time>2028-04-06T00:48:32Z</time>
      </trkpt>
      <trkpt lat="67.88475065" lon="17.68007912">
        <time>2028-04-06T00:49:31Z</time>
      </trkpt>
      <trkpt lat="67.88477185" lon="17.6804553">
        <time>2028-04-06T00:50:38Z</time>
      </trkpt>
      <trkpt lat="67.88478828" lon="17.68082787">
        <time>2028-04-06T00:51:44Z</time>
      </trkpt>
      <trkpt lat="67.88481552" lon="17.68117178">
        <time>2028-04-06T00:52:46Z</time>
      </trkpt>
      <trkpt lat="67.88482927" lon="17.68152667">
        <time>2028-04-06T00:53:49Z</time>
      </trkpt>
      <trkpt lat="67.8848498" lon="17.68190277">
        <time>2028-04-06T00:54:56Z</time>
      </trkpt>
      <trkpt lat="67.88487361" lon="17.68220913">
        <time>2028-04-06T00:55:51Z</time>
      </trkpt>
      <trkpt lat="67.88488501" lon="17.68248288">
        <time>2028-04-06T00:56:39Z</time>
      </trkpt>
      <trkpt lat="67.88489775" lon="17.682762">
        <time>2028-04-06T00:57:28Z</time>
      </trkpt>
      <trkpt lat="67.88492138" lon="17.68311211">
        <time>2028-04-06T00:58:31Z</time>
      </trkpt>
      <trkpt lat="67.88493471" lon="17.68334194">
        <time>2028-04-06T00:59:12Z</time>
      </trkpt>
      <trkpt lat="67.88495265" lon="17.68367277">
        <time>2028-04-06T01:00:11Z</time>
      </trkpt>
      <trkpt lat="67.88495692" lon="17.68389632">
        <time>2028-04-06T01:00:50Z</time>
      </trkpt>
      <trkpt lat="67.88494678" lon="17.68392825">
        <time>2028-04-06T01:00:57Z</time>
      </trkpt>
      <trkpt lat="67.8849648" lon="17.6839223">
        <time>2028-04-06T01:01:06Z</time>
      </trkpt>
      <trkpt lat="67.88493714" lon="17.6839161">
        <time>2028-04-06T01:01:19Z</time>
      </trkpt>
      <trkpt lat="67.88495441" lon="17.68389691">
        <time>2028-04-06T01:01:27Z</time>
      </trkpt>
      <trkpt lat="67.88496832" lon="17.68389288">
        <time>2028-04-06T01:01:34Z</time>
      </trkpt>
      <trkpt lat="67.88496707" lon="17.6839109">
        <time>2028-04-06T01:01:37Z</time>
      </trkpt>
      <trkpt lat="67.88495852" lon="17.6839311">
        <time>2028-04-06T01:01:42Z</time>
      </trkpt>
      <trkpt lat="67.88495818" lon="17.6839151">
        <time>2028-04-06T01:01:45Z</time>
      </trkpt>
      <trkpt lat="67.88495868" lon="17.68387939">
        <time>2028-04-06T01:01:52Z</time>
      </trkpt>
      <trkpt lat="67.88496832" lon="17.68388408">
        <time>2028-04-06T01:01:56Z</time>
      </trkpt>
      <trkpt lat="67.88497578" lon="17.6840938">
        <time>2028-04-06T01:02:33Z</time>
      </trkpt>
      <trkpt lat="67.88500386" lon="17.68466243">
        <time>2028-04-06T01:04:14Z</time>
      </trkpt>
      <trkpt lat="67.88501887" lon="17.68505503">
        <time>2028-04-06T01:05:23Z</time>
      </trkpt>
      <trkpt lat="67.88501987" lon="17.68522351">
        <time>2028-04-06T01:05:53Z</time>
      </trkpt>
      <trkpt lat="67.88504066" lon="17.68564914">
        <time>2028-04-06T01:07:08Z</time>
      </trkpt>
      <trkpt lat="67.88507209" lon="17.68606556">
        <time>2028-04-06T01:08:23Z</time>
      </trkpt>
      <trkpt lat="67.88509112" lon="17.68648239">
        <time>2028-04-06T01:09:37Z</time>
      </trkpt>
      <trkpt lat="67.88510889" lon="17.68688472">
        <time>2028-04-06T01:10:48Z</time>
      </trkpt>
      <trkpt lat="67.88513437" lon="17.68731203">
        <time>2028-04-06T01:12:04Z</time>
      </trkpt>
      <trkpt lat="67.88515147" lon="17.68767773">
        <time>2028-04-06T01:13:09Z</time>
      </trkpt>
      <trkpt lat="67.88517586" lon="17.6881073">
        <time>2028-04-06T01:14:25Z</time>
      </trkpt>
      <trkpt lat="67.88518801" lon="17.6884984">
        <time>2028-04-06T01:15:34Z</time>
      </trkpt>
      <trkpt lat="67.88520603" lon="17.68890744">
        <time>2028-04-06T01:16:47Z</time>
      </trkpt>
      <trkpt lat="67.88522406" lon="17.68928823">
        <time>2028-04-06T01:17:54Z</time>
      </trkpt>
      <trkpt lat="67.88525138" lon="17.68970657">
        <time>2028-04-06T01:19:09Z</time>
      </trkpt>
      <trkpt lat="67.88526806" lon="17.69004067">
        <time>2028-04-06T01:20:08Z</time>
      </trkpt>
      <trkpt lat="67.8852772" lon="17.69042088">
        <time>2028-04-06T01:21:15Z</time>
      </trkpt>
      <trkpt lat="67.88529371" lon="17.69075858">
        <time>2028-04-06T01:22:15Z</time>
      </trkpt>
      <trkpt lat="67.88531014" lon="17.69114918">
        <time>2028-04-06T01:23:24Z</time>
      </trkpt>
      <trkpt lat="67.88532774" lon="17.69152561">
        <time>2028-04-06T01:24:31Z</time>
      </trkpt>
      <trkpt lat="67.88534886" lon="17.69191621">
        <time>2028-04-06T01:25:40Z</time>
      </trkpt>
      <trkpt lat="67.88537099" lon="17.69227277">
        <time>2028-04-06T01:26:43Z</time>
      </trkpt>
      <trkpt lat="67.88538608" lon="17.69265667">
        <time>2028-04-06T01:27:51Z</time>
      </trkpt>
      <trkpt lat="67.88538591" lon="17.69307392">
        <time>2028-04-06T01:29:05Z</time>
      </trkpt>
      <trkpt lat="67.88538474" lon="17.6934413">
        <time>2028-04-06T01:30:09Z</time>
      </trkpt>
      <trkpt lat="67.88536655" lon="17.69382192">
        <time>2028-04-06T01:31:17Z</time>
      </trkpt>
      <trkpt lat="67.88533872" lon="17.69423263">
        <time>2028-04-06T01:32:30Z</time>
      </trkpt>
      <trkpt lat="67.8853212" lon="17.69462859">
        <time>2028-04-06T01:33:40Z</time>
      </trkpt>
      <trkpt lat="67.88530695" lon="17.69504668">
        <time>2028-04-06T01:34:54Z</time>
      </trkpt>
      <trkpt lat="67.88527644" lon="17.69547936">
        <time>2028-04-06T01:36:11Z</time>
      </trkpt>
      <trkpt lat="67.88524266" lon="17.69597322">
        <time>2028-04-06T01:37:40Z</time>
      </trkpt>
      <trkpt lat="67.88520779" lon="17.69639391">
        <time>2028-04-06T01:38:55Z</time>
      </trkpt>
      <trkpt lat="67.88517938" lon="17.69680311">
        <time>2028-04-06T01:40:08Z</time>
      </trkpt>
      <trkpt lat="67.885129" lon="17.69723394">
        <time>2028-04-06T01:41:28Z</time>
      </trkpt>
      <trkpt lat="67.88509833" lon="17.69757601">
        <time>2028-04-06T01:42:30Z</time>
      </trkpt>
      <trkpt lat="67.88506731" lon="17.69796987">
        <time>2028-04-06T01:43:40Z</time>
      </trkpt>
      <trkpt lat="67.88502364" lon="17.69854747">
        <time>2028-04-06T01:45:24Z</time>
      </trkpt>
      <trkpt lat="67.88494444" lon="17.69950309">
        <time>2028-04-06T01:48:16Z</time>
      </trkpt>
      <trkpt lat="67.88489766" lon="17.70012016">
        <time>2028-04-06T01:50:06Z</time>
      </trkpt>
      <trkpt lat="67.88484117" lon="17.70069525">
        <time>2028-04-06T01:51:51Z</time>
      </trkpt>
      <trkpt lat="67.88478652" lon="17.70118156">
        <time>2028-04-06T01:53:20Z</time>
      </trkpt>
      <trkpt lat="67.88474947" lon="17.70160066">
        <time>2028-04-06T01:54:36Z</time>
      </trkpt>
      <trkpt lat="67.88470337" lon="17.70206686">
        <time>2028-04-06T01:56:01Z</time>
      </trkpt>
      <trkpt lat="67.88467965" lon="17.70247724">
        <time>2028-04-06T01:57:14Z</time>
      </trkpt>
      <trkpt lat="67.88464017" lon="17.70285845">
        <time>2028-04-06T01:58:23Z</time>
      </trkpt>
      <trkpt lat="67.8846198" lon="17.7030856">
        <time>2028-04-06T01:59:04Z</time>
      </trkpt>
      <trkpt lat="67.8845478" lon="17.70378649">
        <time>2028-04-06T02:01:12Z</time>
      </trkpt>
      <trkpt lat="67.88442786" lon="17.70494982">
        <time>2028-04-06T02:04:44Z</time>
      </trkpt>
      <trkpt lat="67.88434152" lon="17.70589714">
        <time>2028-04-06T02:07:35Z</time>
      </trkpt>
      <trkpt lat="67.88432082" lon="17.70620761">
        <time>2028-04-06T02:08:31Z</time>
      </trkpt>
      <trkpt lat="67.88429777" lon="17.70652159">
        <time>2028-04-06T02:09:27Z</time>
      </trkpt>
      <trkpt lat="67.88427908" lon="17.70690448">
        <time>2028-04-06T02:10:35Z</time>
      </trkpt>
      <trkpt lat="67.88424094" lon="17.70722475">
        <time>2028-04-06T02:11:34Z</time>
      </trkpt>
      <trkpt lat="67.88421529" lon="17.70759758">
        <time>2028-04-06T02:12:40Z</time>
      </trkpt>
      <trkpt lat="67.88418964" lon="17.70793537">
        <time>2028-04-06T02:13:41Z</time>
      </trkpt>
      <trkpt lat="67.8841505" lon="17.70831431">
        <time>2028-04-06T02:14:50Z</time>
      </trkpt>
      <trkpt lat="67.884121" lon="17.70870231">
        <time>2028-04-06T02:16:00Z</time>
      </trkpt>
      <trkpt lat="67.88408521" lon="17.70916809">
        <time>2028-04-06T02:17:23Z</time>
      </trkpt>
      <trkpt lat="67.88406048" lon="17.70945727">
        <time>2028-04-06T02:18:15Z</time>
      </trkpt>
      <trkpt lat="67.88403089" lon="17.70976346">
        <time>2028-04-06T02:19:11Z</time>
      </trkpt>
      <trkpt lat="67.88400013" lon="17.71012489">
        <time>2028-04-06T02:20:16Z</time>
      </trkpt>
      <trkpt lat="67.88396442" lon="17.71053937">
        <time>2028-04-06T02:21:31Z</time>
      </trkpt>
      <trkpt lat="67.88393483" lon="17.71080843">
        <time>2028-04-06T02:22:20Z</time>
      </trkpt>
      <trkpt lat="67.88391036" lon="17.71098806">
        <time>2028-04-06T02:22:54Z</time>
      </trkpt>
      <trkpt lat="67.88389008" lon="17.71127757">
        <time>2028-04-06T02:23:45Z</time>
      </trkpt>
      <trkpt lat="67.88383911" lon="17.71179825">
        <time>2028-04-06T02:25:20Z</time>
      </trkpt>
      <trkpt lat="67.88382939" lon="17.71185827">
        <time>2028-04-06T02:25:31Z</time>
      </trkpt>
      <trkpt lat="67.88373652" lon="17.7126921">
        <time>2028-04-06T02:28:04Z</time>
      </trkpt>
      <trkpt lat="67.8837019" lon="17.71326886">
        <time>2028-04-06T02:29:47Z</time>
      </trkpt>
      <trkpt lat="67.88367986" lon="17.71368233">
        <time>2028-04-06T02:31:00Z</time>
      </trkpt>
      <trkpt lat="67.8836356" lon="17.71414317">
        <time>2028-04-06T02:32:24Z</time>
      </trkpt>
      <trkpt lat="67.88359218" lon="17.71455925">
        <time>2028-04-06T02:33:40Z</time>
      </trkpt>
      <trkpt lat="67.88355832" lon="17.71499067">
        <time>2028-04-06T02:34:57Z</time>
      </trkpt>
      <trkpt lat="67.88352236" lon="17.71542745">
        <time>2028-04-06T02:36:16Z</time>
      </trkpt>
      <trkpt lat="67.88347886" lon="17.71586532">
        <time>2028-04-06T02:37:36Z</time>
      </trkpt>
      <trkpt lat="67.8834403" lon="17.71627503">
        <time>2028-04-06T02:38:50Z</time>
      </trkpt>
      <trkpt lat="67.88341507" lon="17.7166077">
        <time>2028-04-06T02:39:49Z</time>
      </trkpt>
      <trkpt lat="67.8833818" lon="17.71697282">
        <time>2028-04-06T02:40:55Z</time>
      </trkpt>
      <trkpt lat="67.88335556" lon="17.71725889">
        <time>2028-04-06T02:41:47Z</time>
      </trkpt>
      <trkpt lat="67.88332681" lon="17.71759375">
        <time>2028-04-06T02:42:48Z</time>
      </trkpt>
      <trkpt lat="67.88329915" lon="17.7178965">
        <time>2028-04-06T02:43:42Z</time>
      </trkpt>
      <trkpt lat="67.88326269" lon="17.71827394">
        <time>2028-04-06T02:44:51Z</time>
      </trkpt>
      <trkpt lat="67.88324475" lon="17.7184047">
        <time>2028-04-06T02:45:15Z</time>
      </trkpt>
      <trkpt lat="67.88324048" lon="17.71841342">
        <time>2028-04-06T02:45:18Z</time>
      </trkpt>
      <trkpt lat="67.88324576" lon="17.71844476">
        <time>2028-04-06T02:45:24Z</time>
      </trkpt>
      <trkpt lat="67.88325691" lon="17.71841903">
        <time>2028-04-06T02:45:31Z</time>
      </trkpt>
      <trkpt lat="67.88325515" lon="17.71844468">
        <time>2028-04-06T02:45:35Z</time>
      </trkpt>
      <trkpt lat="67.88322623" lon="17.71868147">
        <time>2028-04-06T02:46:19Z</time>
      </trkpt>
      <trkpt lat="67.88315758" lon="17.71937247">
        <time>2028-04-06T02:48:25Z</time>
      </trkpt>
      <trkpt lat="67.88311081" lon="17.71993716">
        <time>2028-04-06T02:50:06Z</time>
      </trkpt>
      <trkpt lat="67.88305172" lon="17.72064577">
        <time>2028-04-06T02:52:14Z</time>
      </trkpt>
      <trkpt lat="67.88300344" lon="17.72123175">
        <time>2028-04-06T02:53:59Z</time>
      </trkpt>
      <trkpt lat="67.88292146" lon="17.72209089">
        <time>2028-04-06T02:56:35Z</time>
      </trkpt>
      <trkpt lat="67.88283614" lon="17.72303511">
        <time>2028-04-06T02:59:26Z</time>
      </trkpt>
      <trkpt lat="67.88277838" lon="17.72373064">
        <time>2028-04-06T03:01:31Z</time>
      </trkpt>
      <trkpt lat="67.88273874" lon="17.72413583">
        <time>2028-04-06T03:02:45Z</time>
      </trkpt>
      <trkpt lat="67.8827151" lon="17.72447395">
        <time>2028-04-06T03:03:45Z</time>
      </trkpt>
      <trkpt lat="67.88269867" lon="17.72462248">
        <time>2028-04-06T03:04:12Z</time>
      </trkpt>
      <trkpt lat="67.88270504" lon="17.72461871">
        <time>2028-04-06T03:04:15Z</time>
      </trkpt>
      <trkpt lat="67.88270286" lon="17.7246353">
        <time>2028-04-06T03:04:19Z</time>
      </trkpt>
      <trkpt lat="67.88269758" lon="17.72463681">
        <time>2028-04-06T03:04:21Z</time>
      </trkpt>
      <trkpt lat="67.88270295" lon="17.72463664">
        <time>2028-04-06T03:04:24Z</time>
      </trkpt>
      <trkpt lat="67.88269834" lon="17.7246151">
        <time>2028-04-06T03:04:28Z</time>
      </trkpt>
      <trkpt lat="67.88270261" lon="17.72461276">
        <time>2028-04-06T03:04:30Z</time>
      </trkpt>
      <trkpt lat="67.8827011" lon="17.7246089">
        <time>2028-04-06T03:04:31Z</time>
      </trkpt>
      <trkpt lat="67.88269926" lon="17.7246001">
        <time>2028-04-06T03:04:33Z</time>
      </trkpt>
      <trkpt lat="67.88269364" lon="17.72457906">
        <time>2028-04-06T03:04:37Z</time>
      </trkpt>
      <trkpt lat="67.88270244" lon="17.72461812">
        <time>2028-04-06T03:04:45Z</time>
      </trkpt>
      <trkpt lat="67.88270026" lon="17.72462323">
        <time>2028-04-06T03:04:47Z</time>
      </trkpt>
      <trkpt lat="67.88269926" lon="17.72464871">
        <time>2028-04-06T03:04:51Z</time>
      </trkpt>
      <trkpt lat="67.8826975" lon="17.72461661">
        <time>2028-04-06T03:04:57Z</time>
      </trkpt>
      <trkpt lat="67.88269431" lon="17.72463002">
        <time>2028-04-06T03:05:00Z</time>
      </trkpt>
      <trkpt lat="67.88269725" lon="17.72464092">
        <time>2028-04-06T03:05:02Z</time>
      </trkpt>
      <trkpt lat="67.88269037" lon="17.72465031">
        <time>2028-04-06T03:05:06Z</time>
      </trkpt>
      <trkpt lat="67.88268384" lon="17.72467478">
        <time>2028-04-06T03:05:11Z</time>
      </trkpt>
      <trkpt lat="67.88267369" lon="17.72484502">
        <time>2028-04-06T03:05:41Z</time>
      </trkpt>
      <trkpt lat="67.88264536" lon="17.72527342">
        <time>2028-04-06T03:06:58Z</time>
      </trkpt>
      <trkpt lat="67.88257789" lon="17.72600097">
        <time>2028-04-06T03:09:09Z</time>
      </trkpt>
      <trkpt lat="67.88251502" lon="17.72668929">
        <time>2028-04-06T03:11:14Z</time>
      </trkpt>
      <trkpt lat="67.8824504" lon="17.7274828">
        <time>2028-04-06T03:13:37Z</time>
      </trkpt>
      <trkpt lat="67.88239877" lon="17.72808295">
        <time>2028-04-06T03:15:25Z</time>
      </trkpt>
      <trkpt lat="67.88234093" lon="17.72869173">
        <time>2028-04-06T03:17:15Z</time>
      </trkpt>
      <trkpt lat="67.88229232" lon="17.72928366">
        <time>2028-04-06T03:19:02Z</time>
      </trkpt>
      <trkpt lat="67.88223105" lon="17.72992219">
        <time>2028-04-06T03:20:58Z</time>
      </trkpt>
      <trkpt lat="67.88219023" lon="17.73039518">
        <time>2028-04-06T03:22:23Z</time>
      </trkpt>
      <trkpt lat="67.88213457" lon="17.73105199">
        <time>2028-04-06T03:24:21Z</time>
      </trkpt>
      <trkpt lat="67.88207808" lon="17.73164526">
        <time>2028-04-06T03:26:09Z</time>
      </trkpt>
      <trkpt lat="67.88202887" lon="17.73221238">
        <time>2028-04-06T03:27:51Z</time>
      </trkpt>
      <trkpt lat="67.88198479" lon="17.73267522">
        <time>2028-04-06T03:29:15Z</time>
      </trkpt>
      <trkpt lat="67.88194497" lon="17.73317093">
        <time>2028-04-06T03:30:44Z</time>
      </trkpt>
      <trkpt lat="67.88189703" lon="17.73371307">
        <time>2028-04-06T03:32:22Z</time>
      </trkpt>
      <trkpt lat="67.88185487" lon="17.73415681">
        <time>2028-04-06T03:33:42Z</time>
      </trkpt>
      <trkpt lat="67.88180592" lon="17.73467565">
        <time>2028-04-06T03:35:17Z</time>
      </trkpt>
      <trkpt lat="67.88174431" lon="17.73529993">
        <time>2028-04-06T03:37:10Z</time>
      </trkpt>
      <trkpt lat="67.88169863" lon="17.7357829">
        <time>2028-04-06T03:38:38Z</time>
      </trkpt>
      <trkpt lat="67.88166493" lon="17.73636955">
        <time>2028-04-06T03:40:22Z</time>
      </trkpt>
      <trkpt lat="67.88165839" lon="17.7369536">
        <time>2028-04-06T03:42:05Z</time>
      </trkpt>
      <trkpt lat="67.88164716" lon="17.73746925">
        <time>2028-04-06T03:43:35Z</time>
      </trkpt>
      <trkpt lat="67.88163442" lon="17.73803386">
        <time>2028-04-06T03:45:15Z</time>
      </trkpt>
      <trkpt lat="67.88163015" lon="17.73847609">
        <time>2028-04-06T03:46:33Z</time>
      </trkpt>
      <trkpt lat="67.88162797" lon="17.73885663">
        <time>2028-04-06T03:47:40Z</time>
      </trkpt>
      <trkpt lat="67.88161539" lon="17.73925519">
        <time>2028-04-06T03:48:50Z</time>
      </trkpt>
      <trkpt lat="67.88160944" lon="17.73930028">
        <time>2028-04-06T03:48:58Z</time>
      </trkpt>
      <trkpt lat="67.88149855" lon="17.73980873">
        <time>2028-04-06T03:50:42Z</time>
      </trkpt>
      <trkpt lat="67.88147366" lon="17.73989456">
        <time>2028-04-06T03:51:01Z</time>
      </trkpt>
      <trkpt lat="67.88146821" lon="17.73990495">
        <time>2028-04-06T03:51:04Z</time>
      </trkpt>
      <trkpt lat="67.88148455" lon="17.73997025">
        <time>2028-04-06T03:51:17Z</time>
      </trkpt>
      <trkpt lat="67.88148707" lon="17.74000763">
        <time>2028-04-06T03:51:24Z</time>
      </trkpt>
      <trkpt lat="67.88148933" lon="17.74004417">
        <time>2028-04-06T03:51:31Z</time>
      </trkpt>
      <trkpt lat="67.881489" lon="17.74008122">
        <time>2028-04-06T03:51:37Z</time>
      </trkpt>
      <trkpt lat="67.88149009" lon="17.74011785">
        <time>2028-04-06T03:51:44Z</time>
      </trkpt>
      <trkpt lat="67.88149185" lon="17.74015808">
        <time>2028-04-06T03:51:51Z</time>
      </trkpt>
      <trkpt lat="67.88149444" lon="17.7401927">
        <time>2028-04-06T03:51:57Z</time>
      </trkpt>
      <trkpt lat="67.88149763" lon="17.74054558">
        <time>2028-04-06T03:52:59Z</time>
      </trkpt>
      <trkpt lat="67.88151448" lon="17.74102653">
        <time>2028-04-06T03:54:24Z</time>
      </trkpt>
      <trkpt lat="67.8815159" lon="17.74144789">
        <time>2028-04-06T03:55:38Z</time>
      </trkpt>
      <trkpt lat="67.88153552" lon="17.74180873">
        <time>2028-04-06T03:56:42Z</time>
      </trkpt>
      <trkpt lat="67.88153627" lon="17.74219757">
        <time>2028-04-06T03:57:50Z</time>
      </trkpt>
      <trkpt lat="67.88154172" lon="17.74268447">
        <time>2028-04-06T03:59:16Z</time>
      </trkpt>
      <trkpt lat="67.88153107" lon="17.7430651">
        <time>2028-04-06T04:00:23Z</time>
      </trkpt>
      <trkpt lat="67.88153862" lon="17.74342066">
        <time>2028-04-06T04:01:26Z</time>
      </trkpt>
      <trkpt lat="67.88153979" lon="17.74377764">
        <time>2028-04-06T04:02:29Z</time>
      </trkpt>
      <trkpt lat="67.88153702" lon="17.74421635">
        <time>2028-04-06T04:03:46Z</time>
      </trkpt>
      <trkpt lat="67.88152101" lon="17.74471357">
        <time>2028-04-06T04:05:13Z</time>
      </trkpt>
      <trkpt lat="67.88150568" lon="17.74509972">
        <time>2028-04-06T04:06:22Z</time>
      </trkpt>
      <trkpt lat="67.88149461" lon="17.7455303">
        <time>2028-04-06T04:07:38Z</time>
      </trkpt>
      <trkpt lat="67.88149009" lon="17.74590329">
        <time>2028-04-06T04:08:43Z</time>
      </trkpt>
      <trkpt lat="67.88148338" lon="17.74628308">
        <time>2028-04-06T04:09:50Z</time>
      </trkpt>
      <trkpt lat="67.8814729" lon="17.74660377">
        <time>2028-04-06T04:10:47Z</time>
      </trkpt>
      <trkpt lat="67.88147156" lon="17.74700191">
        <time>2028-04-06T04:11:57Z</time>
      </trkpt>
      <trkpt lat="67.88146041" lon="17.74733325">
        <time>2028-04-06T04:12:55Z</time>
      </trkpt>
      <trkpt lat="67.8814553" lon="17.74764556">
        <time>2028-04-06T04:13:50Z</time>
      </trkpt>
      <trkpt lat="67.88145513" lon="17.74791269">
        <time>2028-04-06T04:14:37Z</time>
      </trkpt>
      <trkpt lat="67.88144273" lon="17.74835022">
        <time>2028-04-06T04:15:54Z</time>
      </trkpt>
      <trkpt lat="67.8814325" lon="17.74870528">
        <time>2028-04-06T04:16:57Z</time>
      </trkpt>
      <trkpt lat="67.88142596" lon="17.74898113">
        <time>2028-04-06T04:17:45Z</time>
      </trkpt>
      <trkpt lat="67.88142253" lon="17.74936493">
        <time>2028-04-06T04:18:53Z</time>
      </trkpt>
      <trkpt lat="67.88141741" lon="17.74973106">
        <time>2028-04-06T04:19:57Z</time>
      </trkpt>
      <trkpt lat="67.88140945" lon="17.750139">
        <time>2028-04-06T04:21:09Z</time>
      </trkpt>
      <trkpt lat="67.88140233" lon="17.75044595">
        <time>2028-04-06T04:22:03Z</time>
      </trkpt>
      <trkpt lat="67.88138615" lon="17.75081098">
        <time>2028-04-06T04:23:08Z</time>
      </trkpt>
      <trkpt lat="67.88138146" lon="17.75117132">
        <time>2028-04-06T04:24:11Z</time>
      </trkpt>
      <trkpt lat="67.88137324" lon="17.75153711">
        <time>2028-04-06T04:25:16Z</time>
      </trkpt>
      <trkpt lat="67.88136989" lon="17.75180784">
        <time>2028-04-06T04:26:03Z</time>
      </trkpt>
      <trkpt lat="67.88135564" lon="17.75215577">
        <time>2028-04-06T04:27:05Z</time>
      </trkpt>
      <trkpt lat="67.88134416" lon="17.75247538">
        <time>2028-04-06T04:28:01Z</time>
      </trkpt>
      <trkpt lat="67.88135505" lon="17.75283957">
        <time>2028-04-06T04:29:05Z</time>
      </trkpt>
      <trkpt lat="67.88134743" lon="17.75318365">
        <time>2028-04-06T04:30:06Z</time>
      </trkpt>
      <trkpt lat="67.8813315" lon="17.75350593">
        <time>2028-04-06T04:31:03Z</time>
      </trkpt>
      <trkpt lat="67.88132991" lon="17.75376225">
        <time>2028-04-06T04:31:48Z</time>
      </trkpt>
      <trkpt lat="67.88131926" lon="17.7541013">
        <time>2028-04-06T04:32:48Z</time>
      </trkpt>
      <trkpt lat="67.88131918" lon="17.75445082">
        <time>2028-04-06T04:33:50Z</time>
      </trkpt>
      <trkpt lat="67.88131616" lon="17.75481376">
        <time>2028-04-06T04:34:53Z</time>
      </trkpt>
      <trkpt lat="67.88131842" lon="17.75515842">
        <time>2028-04-06T04:35:54Z</time>
      </trkpt>
      <trkpt lat="67.8813118" lon="17.7554704">
        <time>2028-04-06T04:36:49Z</time>
      </trkpt>
      <trkpt lat="67.88130602" lon="17.75574381">
        <time>2028-04-06T04:37:37Z</time>
      </trkpt>
      <trkpt lat="67.88130895" lon="17.75620507">
        <time>2028-04-06T04:38:58Z</time>
      </trkpt>
      <trkpt lat="67.88130971" lon="17.75660187">
        <time>2028-04-06T04:40:08Z</time>
      </trkpt>
      <trkpt lat="67.88132052" lon="17.75686825">
        <time>2028-04-06T04:40:55Z</time>
      </trkpt>
      <trkpt lat="67.88134214" lon="17.75713814">
        <time>2028-04-06T04:41:44Z</time>
      </trkpt>
      <trkpt lat="67.88136905" lon="17.75743847">
        <time>2028-04-06T04:42:38Z</time>
      </trkpt>
      <trkpt lat="67.88137056" lon="17.75782647">
        <time>2028-04-06T04:43:46Z</time>
      </trkpt>
      <trkpt lat="67.88141037" lon="17.75807918">
        <time>2028-04-06T04:44:34Z</time>
      </trkpt>
      <trkpt lat="67.88143577" lon="17.75840658">
        <time>2028-04-06T04:45:33Z</time>
      </trkpt>
      <trkpt lat="67.88146117" lon="17.75871629">
        <time>2028-04-06T04:46:29Z</time>
      </trkpt>
      <trkpt lat="67.88148791" lon="17.75903841">
        <time>2028-04-06T04:47:27Z</time>
      </trkpt>
      <trkpt lat="67.88151423" lon="17.7593627">
        <time>2028-04-06T04:48:25Z</time>
      </trkpt>
      <trkpt lat="67.88154859" lon="17.75968029">
        <time>2028-04-06T04:49:23Z</time>
      </trkpt>
      <trkpt lat="67.88157768" lon="17.76006259">
        <time>2028-04-06T04:50:32Z</time>
      </trkpt>
      <trkpt lat="67.88160634" lon="17.76035269">
        <time>2028-04-06T04:51:24Z</time>
      </trkpt>
      <trkpt lat="67.88162897" lon="17.76060733">
        <time>2028-04-06T04:52:10Z</time>
      </trkpt>
      <trkpt lat="67.88166426" lon="17.76091042">
        <time>2028-04-06T04:53:06Z</time>
      </trkpt>
      <trkpt lat="67.88166703" lon="17.76101955">
        <time>2028-04-06T04:53:25Z</time>
      </trkpt>
      <trkpt lat="67.88170827" lon="17.76132951">
        <time>2028-04-06T04:54:23Z</time>
      </trkpt>
      <trkpt lat="67.88173031" lon="17.76159656">
        <time>2028-04-06T04:55:11Z</time>
      </trkpt>
      <trkpt lat="67.88176317" lon="17.7619284">
        <time>2028-04-06T04:56:12Z</time>
      </trkpt>
      <trkpt lat="67.88179058" lon="17.76225471">
        <time>2028-04-06T04:57:10Z</time>
      </trkpt>
      <trkpt lat="67.88181455" lon="17.76251681">
        <time>2028-04-06T04:57:58Z</time>
      </trkpt>
      <trkpt lat="67.88183684" lon="17.7627759">
        <time>2028-04-06T04:58:44Z</time>
      </trkpt>
      <trkpt lat="67.88185051" lon="17.76307002">
        <time>2028-04-06T04:59:37Z</time>
      </trkpt>
      <trkpt lat="67.88187423" lon="17.76342868">
        <time>2028-04-06T05:00:41Z</time>
      </trkpt>
      <trkpt lat="67.88189921" lon="17.76377955">
        <time>2028-04-06T05:01:43Z</time>
      </trkpt>
      <trkpt lat="67.88190893" lon="17.76402639">
        <time>2028-04-06T05:02:27Z</time>
      </trkpt>
      <trkpt lat="67.88194271" lon="17.76434415">
        <time>2028-04-06T05:03:25Z</time>
      </trkpt>
      <trkpt lat="67.88197917" lon="17.76464305">
        <time>2028-04-06T05:04:20Z</time>
      </trkpt>
      <trkpt lat="67.88201395" lon="17.76488822">
        <time>2028-04-06T05:05:06Z</time>
      </trkpt>
      <trkpt lat="67.88204463" lon="17.76518829">
        <time>2028-04-06T05:06:01Z</time>
      </trkpt>
      <trkpt lat="67.88206198" lon="17.76547613">
        <time>2028-04-06T05:06:52Z</time>
      </trkpt>
      <trkpt lat="67.88208746" lon="17.76579841">
        <time>2028-04-06T05:07:50Z</time>
      </trkpt>
      <trkpt lat="67.88211378" lon="17.76609505">
        <time>2028-04-06T05:08:44Z</time>
      </trkpt>
      <trkpt lat="67.88212946" lon="17.76630778">
        <time>2028-04-06T05:09:22Z</time>
      </trkpt>
      <trkpt lat="67.88214932" lon="17.76658321">
        <time>2028-04-06T05:10:11Z</time>
      </trkpt>
      <trkpt lat="67.88217681" lon="17.76687725">
        <time>2028-04-06T05:11:04Z</time>
      </trkpt>
      <trkpt lat="67.88220339" lon="17.76714706">
        <time>2028-04-06T05:11:53Z</time>
      </trkpt>
      <trkpt lat="67.88222149" lon="17.76737622">
        <time>2028-04-06T05:12:35Z</time>
      </trkpt>
      <trkpt lat="67.88223574" lon="17.76757965">
        <time>2028-04-06T05:13:11Z</time>
      </trkpt>
      <trkpt lat="67.88224462" lon="17.76780319">
        <time>2028-04-06T05:13:50Z</time>
      </trkpt>
      <trkpt lat="67.88226726" lon="17.7680751">
        <time>2028-04-06T05:14:39Z</time>
      </trkpt>
      <trkpt lat="67.88231185" lon="17.76833922">
        <time>2028-04-06T05:15:30Z</time>
      </trkpt>
      <trkpt lat="67.88232593" lon="17.76861372">
        <time>2028-04-06T05:16:19Z</time>
      </trkpt>
      <trkpt lat="67.88234185" lon="17.76884775">
        <time>2028-04-06T05:17:01Z</time>
      </trkpt>
      <trkpt lat="67.88236239" lon="17.76910608">
        <time>2028-04-06T05:17:47Z</time>
      </trkpt>
      <trkpt lat="67.88239575" lon="17.76941746">
        <time>2028-04-06T05:18:44Z</time>
      </trkpt>
      <trkpt lat="67.88241771" lon="17.76975132">
        <time>2028-04-06T05:19:44Z</time>
      </trkpt>
      <trkpt lat="67.88243473" lon="17.76999045">
        <time>2028-04-06T05:20:27Z</time>
      </trkpt>
      <trkpt lat="67.88244897" lon="17.77023101">
        <time>2028-04-06T05:21:09Z</time>
      </trkpt>
      <trkpt lat="67.88246725" lon="17.77043511">
        <time>2028-04-06T05:21:46Z</time>
      </trkpt>
      <trkpt lat="67.88247236" lon="17.77065497">
        <time>2028-04-06T05:22:25Z</time>
      </trkpt>
      <trkpt lat="67.88250706" lon="17.77094917">
        <time>2028-04-06T05:23:19Z</time>
      </trkpt>
      <trkpt lat="67.88253154" lon="17.77125335">
        <time>2028-04-06T05:24:14Z</time>
      </trkpt>
      <trkpt lat="67.88255962" lon="17.77157949">
        <time>2028-04-06T05:25:13Z</time>
      </trkpt>
      <trkpt lat="67.88259063" lon="17.77185853">
        <time>2028-04-06T05:26:04Z</time>
      </trkpt>
      <trkpt lat="67.88263782" lon="17.77225851">
        <time>2028-04-06T05:27:17Z</time>
      </trkpt>
      <trkpt lat="67.88267654" lon="17.77263469">
        <time>2028-04-06T05:28:26Z</time>
      </trkpt>
      <trkpt lat="67.88270094" lon="17.77299947">
        <time>2028-04-06T05:29:31Z</time>
      </trkpt>
      <trkpt lat="67.88272114" lon="17.77329158">
        <time>2028-04-06T05:30:23Z</time>
      </trkpt>
      <trkpt lat="67.88273932" lon="17.77354228">
        <time>2028-04-06T05:31:08Z</time>
      </trkpt>
      <trkpt lat="67.88276757" lon="17.7738789">
        <time>2028-04-06T05:32:09Z</time>
      </trkpt>
      <trkpt lat="67.8827871" lon="17.7741327">
        <time>2028-04-06T05:32:54Z</time>
      </trkpt>
      <trkpt lat="67.88280512" lon="17.7743855">
        <time>2028-04-06T05:33:40Z</time>
      </trkpt>
      <trkpt lat="67.88282348" lon="17.77463419">
        <time>2028-04-06T05:34:24Z</time>
      </trkpt>
      <trkpt lat="67.8828581" lon="17.77490627">
        <time>2028-04-06T05:35:15Z</time>
      </trkpt>
      <trkpt lat="67.88287704" lon="17.7751475">
        <time>2028-04-06T05:35:58Z</time>
      </trkpt>
      <trkpt lat="67.88290738" lon="17.7753625">
        <time>2028-04-06T05:36:38Z</time>
      </trkpt>
      <trkpt lat="67.88294761" lon="17.77564195">
        <time>2028-04-06T05:37:31Z</time>
      </trkpt>
      <trkpt lat="67.88299346" lon="17.77593305">
        <time>2028-04-06T05:38:26Z</time>
      </trkpt>
      <trkpt lat="67.88301207" lon="17.77623706">
        <time>2028-04-06T05:39:21Z</time>
      </trkpt>
      <trkpt lat="67.8830259" lon="17.7765648">
        <time>2028-04-06T05:40:19Z</time>
      </trkpt>
      <trkpt lat="67.88307116" lon="17.77695715">
        <time>2028-04-06T05:41:31Z</time>
      </trkpt>
      <trkpt lat="67.88309556" lon="17.77730869">
        <time>2028-04-06T05:42:34Z</time>
      </trkpt>
      <trkpt lat="67.88311861" lon="17.77757649">
        <time>2028-04-06T05:43:22Z</time>
      </trkpt>
      <trkpt lat="67.88314249" lon="17.77787154">
        <time>2028-04-06T05:44:15Z</time>
      </trkpt>
      <trkpt lat="67.88316244" lon="17.77814261">
        <time>2028-04-06T05:45:03Z</time>
      </trkpt>
      <trkpt lat="67.88319178" lon="17.77844268">
        <time>2028-04-06T05:45:58Z</time>
      </trkpt>
      <trkpt lat="67.88321408" lon="17.77874501">
        <time>2028-04-06T05:46:52Z</time>
      </trkpt>
      <trkpt lat="67.88324031" lon="17.77902589">
        <time>2028-04-06T05:47:43Z</time>
      </trkpt>
      <trkpt lat="67.88326822" lon="17.77935614">
        <time>2028-04-06T05:48:42Z</time>
      </trkpt>
      <trkpt lat="67.88329789" lon="17.77958698">
        <time>2028-04-06T05:49:25Z</time>
      </trkpt>
      <trkpt lat="67.8833082" lon="17.77983659">
        <time>2028-04-06T05:50:10Z</time>
      </trkpt>
      <trkpt lat="67.88332296" lon="17.78007925">
        <time>2028-04-06T05:50:53Z</time>
      </trkpt>
      <trkpt lat="67.88333989" lon="17.78028024">
        <time>2028-04-06T05:51:29Z</time>
      </trkpt>
      <trkpt lat="67.88336453" lon="17.78052743">
        <time>2028-04-06T05:52:14Z</time>
      </trkpt>
      <trkpt lat="67.883388" lon="17.78080679">
        <time>2028-04-06T05:53:04Z</time>
      </trkpt>
      <trkpt lat="67.88341532" lon="17.78107166">
        <time>2028-04-06T05:53:52Z</time>
      </trkpt>
      <trkpt lat="67.88343444" lon="17.78134282">
        <time>2028-04-06T05:54:41Z</time>
      </trkpt>
      <trkpt lat="67.88346134" lon="17.78162026">
        <time>2028-04-06T05:55:31Z</time>
      </trkpt>
      <trkpt lat="67.88348816" lon="17.7818811">
        <time>2028-04-06T05:56:19Z</time>
      </trkpt>
      <trkpt lat="67.88350644" lon="17.78213792">
        <time>2028-04-06T05:57:05Z</time>
      </trkpt>
      <trkpt lat="67.88352806" lon="17.78238142">
        <time>2028-04-06T05:57:49Z</time>
      </trkpt>
      <trkpt lat="67.88354466" lon="17.78263128">
        <time>2028-04-06T05:58:33Z</time>
      </trkpt>
      <trkpt lat="67.88357181" lon="17.78290051">
        <time>2028-04-06T05:59:22Z</time>
      </trkpt>
      <trkpt lat="67.88359168" lon="17.7831813">
        <time>2028-04-06T06:00:13Z</time>
      </trkpt>
      <trkpt lat="67.88360249" lon="17.78345036">
        <time>2028-04-06T06:01:00Z</time>
      </trkpt>
      <trkpt lat="67.88362814" lon="17.78376686">
        <time>2028-04-06T06:01:57Z</time>
      </trkpt>
      <trkpt lat="67.88364449" lon="17.78402712">
        <time>2028-04-06T06:02:43Z</time>
      </trkpt>
      <trkpt lat="67.88366511" lon="17.7843059">
        <time>2028-04-06T06:03:33Z</time>
      </trkpt>
      <trkpt lat="67.88368346" lon="17.78459768">
        <time>2028-04-06T06:04:25Z</time>
      </trkpt>
      <trkpt lat="67.8836983" lon="17.78489465">
        <time>2028-04-06T06:05:18Z</time>
      </trkpt>
      <trkpt lat="67.88371867" lon="17.78524828">
        <time>2028-04-06T06:06:21Z</time>
      </trkpt>
      <trkpt lat="67.88373224" lon="17.78555833">
        <time>2028-04-06T06:07:16Z</time>
      </trkpt>
      <trkpt lat="67.88375789" lon="17.78586712">
        <time>2028-04-06T06:08:11Z</time>
      </trkpt>
      <trkpt lat="67.88377617" lon="17.78616677">
        <time>2028-04-06T06:09:05Z</time>
      </trkpt>
      <trkpt lat="67.8837879" lon="17.78632896">
        <time>2028-04-06T06:09:34Z</time>
      </trkpt>
      <trkpt lat="67.88379276" lon="17.78632829">
        <time>2028-04-06T06:09:36Z</time>
      </trkpt>
      <trkpt lat="67.88382243" lon="17.78663415">
        <time>2028-04-06T06:10:32Z</time>
      </trkpt>
      <trkpt lat="67.88385487" lon="17.78695769">
        <time>2028-04-06T06:11:30Z</time>
      </trkpt>
      <trkpt lat="67.88387683" lon="17.78725885">
        <time>2028-04-06T06:12:24Z</time>
      </trkpt>
      <trkpt lat="67.88390667" lon="17.78757543">
        <time>2028-04-06T06:13:22Z</time>
      </trkpt>
      <trkpt lat="67.88393039" lon="17.78791037">
        <time>2028-04-06T06:14:22Z</time>
      </trkpt>
      <trkpt lat="67.88395009" lon="17.7882376">
        <time>2028-04-06T06:15:20Z</time>
      </trkpt>
      <trkpt lat="67.8839775" lon="17.7885619">
        <time>2028-04-06T06:16:18Z</time>
      </trkpt>
      <trkpt lat="67.88399686" lon="17.7889017">
        <time>2028-04-06T06:17:19Z</time>
      </trkpt>
      <trkpt lat="67.88402444" lon="17.78919146">
        <time>2028-04-06T06:18:11Z</time>
      </trkpt>
      <trkpt lat="67.88404531" lon="17.78955214">
        <time>2028-04-06T06:19:15Z</time>
      </trkpt>
      <trkpt lat="67.884064" lon="17.78974685">
        <time>2028-04-06T06:19:51Z</time>
      </trkpt>
      <trkpt lat="67.88409485" lon="17.79008757">
        <time>2028-04-06T06:20:52Z</time>
      </trkpt>
      <trkpt lat="67.88411438" lon="17.79035412">
        <time>2028-04-06T06:21:40Z</time>
      </trkpt>
      <trkpt lat="67.88414547" lon="17.7906536">
        <time>2028-04-06T06:22:35Z</time>
      </trkpt>
      <trkpt lat="67.88416978" lon="17.79095007">
        <time>2028-04-06T06:23:28Z</time>
      </trkpt>
      <trkpt lat="67.88419803" lon="17.79120035">
        <time>2028-04-06T06:24:14Z</time>
      </trkpt>
      <trkpt lat="67.88421747" lon="17.7915104">
        <time>2028-04-06T06:25:09Z</time>
      </trkpt>
      <trkpt lat="67.88423181" lon="17.79174769">
        <time>2028-04-06T06:25:52Z</time>
      </trkpt>
      <trkpt lat="67.88425653" lon="17.79200602">
        <time>2028-04-06T06:26:38Z</time>
      </trkpt>
      <trkpt lat="67.88428905" lon="17.79227165">
        <time>2028-04-06T06:27:27Z</time>
      </trkpt>
      <trkpt lat="67.88431772" lon="17.79257172">
        <time>2028-04-06T06:28:22Z</time>
      </trkpt>
      <trkpt lat="67.88432853" lon="17.79281496">
        <time>2028-04-06T06:29:05Z</time>
      </trkpt>
      <trkpt lat="67.88434664" lon="17.79307958">
        <time>2028-04-06T06:29:52Z</time>
      </trkpt>
      <trkpt lat="67.8843639" lon="17.79335459">
        <time>2028-04-06T06:30:41Z</time>
      </trkpt>
      <trkpt lat="67.88438712" lon="17.793642">
        <time>2028-04-06T06:31:33Z</time>
      </trkpt>
      <trkpt lat="67.88441503" lon="17.79390427">
        <time>2028-04-06T06:32:21Z</time>
      </trkpt>
      <trkpt lat="67.88444085" lon="17.79418272">
        <time>2028-04-06T06:33:11Z</time>
      </trkpt>
      <trkpt lat="67.88446432" lon="17.79445605">
        <time>2028-04-06T06:34:01Z</time>
      </trkpt>
      <trkpt lat="67.88449986" lon="17.7947438">
        <time>2028-04-06T06:34:54Z</time>
      </trkpt>
      <trkpt lat="67.88452987" lon="17.79502502">
        <time>2028-04-06T06:35:45Z</time>
      </trkpt>
      <trkpt lat="67.88455795" lon="17.79529131">
        <time>2028-04-06T06:36:34Z</time>
      </trkpt>
      <trkpt lat="67.88458041" lon="17.795554">
        <time>2028-04-06T06:37:21Z</time>
      </trkpt>
      <trkpt lat="67.88460354" lon="17.79586907">
        <time>2028-04-06T06:38:18Z</time>
      </trkpt>
      <trkpt lat="67.88462366" lon="17.79615029">
        <time>2028-04-06T06:39:08Z</time>
      </trkpt>
      <trkpt lat="67.88465157" lon="17.79643016">
        <time>2028-04-06T06:39:59Z</time>
      </trkpt>
      <trkpt lat="67.88467018" lon="17.79673115">
        <time>2028-04-06T06:40:52Z</time>
      </trkpt>
      <trkpt lat="67.88469373" lon="17.79701991">
        <time>2028-04-06T06:41:44Z</time>
      </trkpt>
      <trkpt lat="67.88471075" lon="17.79729517">
        <time>2028-04-06T06:42:33Z</time>
      </trkpt>
      <trkpt lat="67.88473631" lon="17.79755627">
        <time>2028-04-06T06:43:21Z</time>
      </trkpt>
      <trkpt lat="67.88474838" lon="17.79750003">
        <time>2028-04-06T06:43:32Z</time>
      </trkpt>
      <trkpt lat="67.88473824" lon="17.79748695">
        <time>2028-04-06T06:43:37Z</time>
      </trkpt>
      <trkpt lat="67.88474788" lon="17.79747765">
        <time>2028-04-06T06:43:42Z</time>
      </trkpt>
      <trkpt lat="67.88475366" lon="17.79747932">
        <time>2028-04-06T06:43:45Z</time>
      </trkpt>
      <trkpt lat="67.88474126" lon="17.79747547">
        <time>2028-04-06T06:43:51Z</time>
      </trkpt>
      <trkpt lat="67.88473547" lon="17.79748905">
        <time>2028-04-06T06:43:54Z</time>
      </trkpt>
      <trkpt lat="67.88474486" lon="17.79745007">
        <time>2028-04-06T06:44:02Z</time>
      </trkpt>
      <trkpt lat="67.88474319" lon="17.79745233">
        <time>2028-04-06T06:44:03Z</time>
      </trkpt>
      <trkpt lat="67.88473438" lon="17.79744722">
        <time>2028-04-06T06:44:08Z</time>
      </trkpt>
      <trkpt lat="67.88471125" lon="17.79747362">
        <time>2028-04-06T06:44:19Z</time>
      </trkpt>
      <trkpt lat="67.88472441" lon="17.79747563">
        <time>2028-04-06T06:44:25Z</time>
      </trkpt>
      <trkpt lat="67.88471921" lon="17.79749894">
        <time>2028-04-06T06:44:30Z</time>
      </trkpt>
      <trkpt lat="67.88472877" lon="17.79752148">
        <time>2028-04-06T06:44:36Z</time>
      </trkpt>
      <trkpt lat="67.88474637" lon="17.79760388">
        <time>2028-04-06T06:44:53Z</time>
      </trkpt>
      <trkpt lat="67.88477411" lon="17.79793907">
        <time>2028-04-06T06:45:53Z</time>
      </trkpt>
      <trkpt lat="67.88480974" lon="17.79824803">
        <time>2028-04-06T06:46:50Z</time>
      </trkpt>
      <trkpt lat="67.88483832" lon="17.79856235">
        <time>2028-04-06T06:47:47Z</time>
      </trkpt>
      <trkpt lat="67.88486036" lon="17.79885932">
        <time>2028-04-06T06:48:40Z</time>
      </trkpt>
      <trkpt lat="67.88488199" lon="17.79916668">
        <time>2028-04-06T06:49:35Z</time>
      </trkpt>
      <trkpt lat="67.88491082" lon="17.79948997">
        <time>2028-04-06T06:50:33Z</time>
      </trkpt>
      <trkpt lat="67.88493538" lon="17.79975484">
        <time>2028-04-06T06:51:21Z</time>
      </trkpt>
      <trkpt lat="67.88495801" lon="17.80008584">
        <time>2028-04-06T06:52:20Z</time>
      </trkpt>
      <trkpt lat="67.88498274" lon="17.8003601">
        <time>2028-04-06T06:53:10Z</time>
      </trkpt>
      <trkpt lat="67.88500118" lon="17.80068875">
        <time>2028-04-06T06:54:08Z</time>
      </trkpt>
      <trkpt lat="67.88502775" lon="17.80098296">
        <time>2028-04-06T06:55:02Z</time>
      </trkpt>
      <trkpt lat="67.88505097" lon="17.80128588">
        <time>2028-04-06T06:55:56Z</time>
      </trkpt>
      <trkpt lat="67.88507209" lon="17.80159961">
        <time>2028-04-06T06:56:52Z</time>
      </trkpt>
      <trkpt lat="67.88508944" lon="17.80192181">
        <time>2028-04-06T06:57:49Z</time>
      </trkpt>
      <trkpt lat="67.88511341" lon="17.80223262">
        <time>2028-04-06T06:58:45Z</time>
      </trkpt>
      <trkpt lat="67.8851363" lon="17.8025238">
        <time>2028-04-06T06:59:37Z</time>
      </trkpt>
      <trkpt lat="67.88516538" lon="17.8028362">
        <time>2028-04-06T07:00:34Z</time>
      </trkpt>
      <trkpt lat="67.88518969" lon="17.80314121">
        <time>2028-04-06T07:01:29Z</time>
      </trkpt>
      <trkpt lat="67.88521157" lon="17.80344933">
        <time>2028-04-06T07:02:24Z</time>
      </trkpt>
      <trkpt lat="67.88524216" lon="17.80379659">
        <time>2028-04-06T07:03:26Z</time>
      </trkpt>
      <trkpt lat="67.88527904" lon="17.80406347">
        <time>2028-04-06T07:04:16Z</time>
      </trkpt>
      <trkpt lat="67.88530477" lon="17.80441803">
        <time>2028-04-06T07:05:20Z</time>
      </trkpt>
      <trkpt lat="67.88534769" lon="17.8047373">
        <time>2028-04-06T07:06:19Z</time>
      </trkpt>
      <trkpt lat="67.8853756" lon="17.80504139">
        <time>2028-04-06T07:07:15Z</time>
      </trkpt>
      <trkpt lat="67.88540536" lon="17.80536049">
        <time>2028-04-06T07:08:12Z</time>
      </trkpt>
      <trkpt lat="67.8854279" lon="17.8056894">
        <time>2028-04-06T07:09:11Z</time>
      </trkpt>
      <trkpt lat="67.88544777" lon="17.80598268">
        <time>2028-04-06T07:10:03Z</time>
      </trkpt>
      <trkpt lat="67.88547283" lon="17.80628879">
        <time>2028-04-06T07:10:58Z</time>
      </trkpt>
      <trkpt lat="67.8854901" lon="17.80662683">
        <time>2028-04-06T07:11:58Z</time>
      </trkpt>
      <trkpt lat="67.88552798" lon="17.80692841">
        <time>2028-04-06T07:12:54Z</time>
      </trkpt>
      <trkpt lat="67.8855445" lon="17.80720392">
        <time>2028-04-06T07:13:43Z</time>
      </trkpt>
      <trkpt lat="67.88557065" lon="17.807477">
        <time>2028-04-06T07:14:33Z</time>
      </trkpt>
      <trkpt lat="67.88560451" lon="17.80779409">
        <time>2028-04-06T07:15:31Z</time>
      </trkpt>
      <trkpt lat="67.88562329" lon="17.80813565">
        <time>2028-04-06T07:16:32Z</time>
      </trkpt>
      <trkpt lat="67.88564575" lon="17.80837697">
        <time>2028-04-06T07:17:15Z</time>
      </trkpt>
      <trkpt lat="67.88566729" lon="17.80869288">
        <time>2028-04-06T07:18:12Z</time>
      </trkpt>
      <trkpt lat="67.88569512" lon="17.80896513">
        <time>2028-04-06T07:19:01Z</time>
      </trkpt>
      <trkpt lat="67.88571532" lon="17.80930107">
        <time>2028-04-06T07:20:01Z</time>
      </trkpt>
      <trkpt lat="67.88574625" lon="17.80955806">
        <time>2028-04-06T07:20:48Z</time>
      </trkpt>
      <trkpt lat="67.88577089" lon="17.80983525">
        <time>2028-04-06T07:21:39Z</time>
      </trkpt>
      <trkpt lat="67.88579713" lon="17.810123">
        <time>2028-04-06T07:22:31Z</time>
      </trkpt>
      <trkpt lat="67.8858221" lon="17.81044822">
        <time>2028-04-06T07:23:29Z</time>
      </trkpt>
      <trkpt lat="67.88585144" lon="17.81075894">
        <time>2028-04-06T07:24:25Z</time>
      </trkpt>
      <trkpt lat="67.88588497" lon="17.81109187">
        <time>2028-04-06T07:25:26Z</time>
      </trkpt>
      <trkpt lat="67.88591187" lon="17.81136269">
        <time>2028-04-06T07:26:15Z</time>
      </trkpt>
      <trkpt lat="67.88593853" lon="17.81168137">
        <time>2028-04-06T07:27:12Z</time>
      </trkpt>
      <trkpt lat="67.88596451" lon="17.8119749">
        <time>2028-04-06T07:28:05Z</time>
      </trkpt>
      <trkpt lat="67.88598849" lon="17.81226248">
        <time>2028-04-06T07:28:57Z</time>
      </trkpt>
      <trkpt lat="67.88601841" lon="17.81256909">
        <time>2028-04-06T07:29:53Z</time>
      </trkpt>
      <trkpt lat="67.88603777" lon="17.81287738">
        <time>2028-04-06T07:30:48Z</time>
      </trkpt>
      <trkpt lat="67.88606761" lon="17.81319447">
        <time>2028-04-06T07:31:45Z</time>
      </trkpt>
      <trkpt lat="67.8860967" lon="17.81353226">
        <time>2028-04-06T07:32:46Z</time>
      </trkpt>
      <trkpt lat="67.8861169" lon="17.81380442">
        <time>2028-04-06T07:33:35Z</time>
      </trkpt>
      <trkpt lat="67.88613609" lon="17.81410826">
        <time>2028-04-06T07:34:29Z</time>
      </trkpt>
      <trkpt lat="67.88615897" lon="17.81441563">
        <time>2028-04-06T07:35:24Z</time>
      </trkpt>
      <trkpt lat="67.8861811" lon="17.81471545">
        <time>2028-04-06T07:36:18Z</time>
      </trkpt>
      <trkpt lat="67.88622284" lon="17.81503446">
        <time>2028-04-06T07:37:17Z</time>
      </trkpt>
      <trkpt lat="67.88628621" lon="17.8153715">
        <time>2028-04-06T07:38:23Z</time>
      </trkpt>
      <trkpt lat="67.88632527" lon="17.81569337">
        <time>2028-04-06T07:39:23Z</time>
      </trkpt>
      <trkpt lat="67.88638445" lon="17.81596997">
        <time>2028-04-06T07:40:19Z</time>
      </trkpt>
      <trkpt lat="67.88644278" lon="17.8162433">
        <time>2028-04-06T07:41:14Z</time>
      </trkpt>
      <trkpt lat="67.88649316" lon="17.8165355">
        <time>2028-04-06T07:42:11Z</time>
      </trkpt>
      <trkpt lat="67.88654731" lon="17.81685736">
        <time>2028-04-06T07:43:12Z</time>
      </trkpt>
      <trkpt lat="67.88659818" lon="17.81716716">
        <time>2028-04-06T07:44:12Z</time>
      </trkpt>
      <trkpt lat="67.88665049" lon="17.81746002">
        <time>2028-04-06T07:45:09Z</time>
      </trkpt>
      <trkpt lat="67.88670707" lon="17.81774576">
        <time>2028-04-06T07:46:06Z</time>
      </trkpt>
      <trkpt lat="67.88676012" lon="17.81800878">
        <time>2028-04-06T07:46:58Z</time>
      </trkpt>
      <trkpt lat="67.88682575" lon="17.8183397">
        <time>2028-04-06T07:48:04Z</time>
      </trkpt>
      <trkpt lat="67.88688535" lon="17.81864078">
        <time>2028-04-06T07:49:04Z</time>
      </trkpt>
      <trkpt lat="67.88696598" lon="17.81904269">
        <time>2028-04-06T07:50:24Z</time>
      </trkpt>
      <trkpt lat="67.88702273" lon="17.81935148">
        <time>2028-04-06T07:51:24Z</time>
      </trkpt>
      <trkpt lat="67.88709464" lon="17.8197">
        <time>2028-04-06T07:52:34Z</time>
      </trkpt>
      <trkpt lat="67.88708811" lon="17.81969514">
        <time>2028-04-06T07:52:37Z</time>
      </trkpt>
      <trkpt lat="67.88708434" lon="17.81968458">
        <time>2028-04-06T07:52:40Z</time>
      </trkpt>
      <trkpt lat="67.88708107" lon="17.81966689">
        <time>2028-04-06T07:52:43Z</time>
      </trkpt>
      <trkpt lat="67.88707595" lon="17.81968382">
        <time>2028-04-06T07:52:47Z</time>
      </trkpt>
      <trkpt lat="67.88707419" lon="17.81968164">
        <time>2028-04-06T07:52:48Z</time>
      </trkpt>
      <trkpt lat="67.88708635" lon="17.81968256">
        <time>2028-04-06T07:52:53Z</time>
      </trkpt>
      <trkpt lat="67.88708693" lon="17.81966756">
        <time>2028-04-06T07:52:56Z</time>
      </trkpt>
      <trkpt lat="67.88708174" lon="17.81968583">
        <time>2028-04-06T07:53:00Z</time>
      </trkpt>
      <trkpt lat="67.8870845" lon="17.81968189">
        <time>2028-04-06T07:53:02Z</time>
      </trkpt>
      <trkpt lat="67.88707931" lon="17.81968617">
        <time>2028-04-06T07:53:04Z</time>
      </trkpt>
      <trkpt lat="67.88708249" lon="17.81967251">
        <time>2028-04-06T07:53:07Z</time>
      </trkpt>
      <trkpt lat="67.88710739" lon="17.81984869">
        <time>2028-04-06T07:53:40Z</time>
      </trkpt>
      <trkpt lat="67.88717327" lon="17.82012748">
        <time>2028-04-06T07:54:38Z</time>
      </trkpt>
      <trkpt lat="67.88722691" lon="17.82046627">
        <time>2028-04-06T07:55:43Z</time>
      </trkpt>
      <trkpt lat="67.88728106" lon="17.82076123">
        <time>2028-04-06T07:56:40Z</time>
      </trkpt>
      <trkpt lat="67.88734526" lon="17.8210898">
        <time>2028-04-06T07:57:45Z</time>
      </trkpt>
      <trkpt lat="67.88741224" lon="17.82139038">
        <time>2028-04-06T07:58:47Z</time>
      </trkpt>
      <trkpt lat="67.88746018" lon="17.82168299">
        <time>2028-04-06T07:59:43Z</time>
      </trkpt>
      <trkpt lat="67.88750301" lon="17.8219212">
        <time>2028-04-06T08:00:29Z</time>
      </trkpt>
      <trkpt lat="67.88755691" lon="17.82220116">
        <time>2028-04-06T08:01:24Z</time>
      </trkpt>
      <trkpt lat="67.88760846" lon="17.82249218">
        <time>2028-04-06T08:02:21Z</time>
      </trkpt>
      <trkpt lat="67.88766017" lon="17.82275168">
        <time>2028-04-06T08:03:13Z</time>
      </trkpt>
      <trkpt lat="67.88771239" lon="17.82302158">
        <time>2028-04-06T08:04:06Z</time>
      </trkpt>
      <trkpt lat="67.88776159" lon="17.82330019">
        <time>2028-04-06T08:05:00Z</time>
      </trkpt>
      <trkpt lat="67.88780526" lon="17.82356707">
        <time>2028-04-06T08:05:51Z</time>
      </trkpt>
      <trkpt lat="67.88785824" lon="17.82383974">
        <time>2028-04-06T08:06:45Z</time>
      </trkpt>
      <trkpt lat="67.88790886" lon="17.82411768">
        <time>2028-04-06T08:07:39Z</time>
      </trkpt>
      <trkpt lat="67.88796108" lon="17.82435522">
        <time>2028-04-06T08:08:28Z</time>
      </trkpt>
      <trkpt lat="67.88801833" lon="17.8246268">
        <time>2028-04-06T08:09:22Z</time>
      </trkpt>
      <trkpt lat="67.88805613" lon="17.82487021">
        <time>2028-04-06T08:10:09Z</time>
      </trkpt>
      <trkpt lat="67.88810408" lon="17.82513591">
        <time>2028-04-06T08:11:00Z</time>
      </trkpt>
      <trkpt lat="67.88816074" lon="17.82541931">
        <time>2028-04-06T08:11:57Z</time>
      </trkpt>
      <trkpt lat="67.88821002" lon="17.82571343">
        <time>2028-04-06T08:12:53Z</time>
      </trkpt>
      <trkpt lat="67.88825847" lon="17.82597134">
        <time>2028-04-06T08:13:44Z</time>
      </trkpt>
      <trkpt lat="67.88830834" lon="17.82623906">
        <time>2028-04-06T08:14:37Z</time>
      </trkpt>
      <trkpt lat="67.88837389" lon="17.8265921">
        <time>2028-04-06T08:15:46Z</time>
      </trkpt>
      <trkpt lat="67.88842821" lon="17.82690517">
        <time>2028-04-06T08:16:46Z</time>
      </trkpt>
      <trkpt lat="67.88848688" lon="17.82718646">
        <time>2028-04-06T08:17:43Z</time>
      </trkpt>
      <trkpt lat="67.88854714" lon="17.82751579">
        <time>2028-04-06T08:18:47Z</time>
      </trkpt>
      <trkpt lat="67.88860012" lon="17.82779365">
        <time>2028-04-06T08:19:42Z</time>
      </trkpt>
      <trkpt lat="67.88865544" lon="17.82814896">
        <time>2028-04-06T08:20:50Z</time>
      </trkpt>
      <trkpt lat="67.88871126" lon="17.82839924">
        <time>2028-04-06T08:21:41Z</time>
      </trkpt>
      <trkpt lat="67.88875183" lon="17.82863469">
        <time>2028-04-06T08:22:26Z</time>
      </trkpt>
      <trkpt lat="67.88881394" lon="17.82900777">
        <time>2028-04-06T08:23:38Z</time>
      </trkpt>
      <trkpt lat="67.88887496" lon="17.82936601">
        <time>2028-04-06T08:24:47Z</time>
      </trkpt>
      <trkpt lat="67.88892995" lon="17.8297095">
        <time>2028-04-06T08:25:53Z</time>
      </trkpt>
      <trkpt lat="67.88899365" lon="17.83000052">
        <time>2028-04-06T08:26:52Z</time>
      </trkpt>
      <trkpt lat="67.88906724" lon="17.8303622">
        <time>2028-04-06T08:28:04Z</time>
      </trkpt>
      <trkpt lat="67.88912483" lon="17.83069496">
        <time>2028-04-06T08:29:08Z</time>
      </trkpt>
      <trkpt lat="67.88919339" lon="17.83103677">
        <time>2028-04-06T08:30:17Z</time>
      </trkpt>
      <trkpt lat="67.88924997" lon="17.83135797">
        <time>2028-04-06T08:31:19Z</time>
      </trkpt>
      <trkpt lat="67.88932356" lon="17.83175192">
        <time>2028-04-06T08:32:36Z</time>
      </trkpt>
      <trkpt lat="67.88937762" lon="17.83205786">
        <time>2028-04-06T08:33:36Z</time>
      </trkpt>
      <trkpt lat="67.88944543" lon="17.83243437">
        <time>2028-04-06T08:34:49Z</time>
      </trkpt>
      <trkpt lat="67.88951106" lon="17.8327585">
        <time>2028-04-06T08:35:54Z</time>
      </trkpt>
      <trkpt lat="67.88958147" lon="17.83308187">
        <time>2028-04-06T08:36:59Z</time>
      </trkpt>
      <trkpt lat="67.8896383" lon="17.83343249">
        <time>2028-04-06T08:38:06Z</time>
      </trkpt>
      <trkpt lat="67.88972229" lon="17.83383273">
        <time>2028-04-06T08:39:27Z</time>
      </trkpt>
      <trkpt lat="67.88977434" lon="17.83417094">
        <time>2028-04-06T08:40:31Z</time>
      </trkpt>
      <trkpt lat="67.88984668" lon="17.83452013">
        <time>2028-04-06T08:41:41Z</time>
      </trkpt>
      <trkpt lat="67.88990937" lon="17.83488147">
        <time>2028-04-06T08:42:51Z</time>
      </trkpt>
      <trkpt lat="67.88998858" lon="17.83531146">
        <time>2028-04-06T08:44:15Z</time>
      </trkpt>
      <trkpt lat="67.89006603" lon="17.83572326">
        <time>2028-04-06T08:45:36Z</time>
      </trkpt>
      <trkpt lat="67.89013283" lon="17.83606835">
        <time>2028-04-06T08:46:44Z</time>
      </trkpt>
      <trkpt lat="67.89020131" lon="17.83638753">
        <time>2028-04-06T08:47:49Z</time>
      </trkpt>
      <trkpt lat="67.89025856" lon="17.83668341">
        <time>2028-04-06T08:48:47Z</time>
      </trkpt>
      <trkpt lat="67.89031841" lon="17.83699254">
        <time>2028-04-06T08:49:48Z</time>
      </trkpt>
      <trkpt lat="67.89036619" lon="17.8372973">
        <time>2028-04-06T08:50:46Z</time>
      </trkpt>
      <trkpt lat="67.89038756" lon="17.83738104">
        <time>2028-04-06T08:51:04Z</time>
      </trkpt>
      <trkpt lat="67.8904583" lon="17.83776183">
        <time>2028-04-06T08:52:19Z</time>
      </trkpt>
      <trkpt lat="67.89051245" lon="17.83808654">
        <time>2028-04-06T08:53:21Z</time>
      </trkpt>
      <trkpt lat="67.89053005" lon="17.83820255">
        <time>2028-04-06T08:53:43Z</time>
      </trkpt>
      <trkpt lat="67.89059627" lon="17.83853833">
        <time>2028-04-06T08:54:50Z</time>
      </trkpt>
      <trkpt lat="67.89067816" lon="17.83891451">
        <time>2028-04-06T08:56:06Z</time>
      </trkpt>
      <trkpt lat="67.89073868" lon="17.83924425">
        <time>2028-04-06T08:57:11Z</time>
      </trkpt>
      <trkpt lat="67.89078637" lon="17.83950903">
        <time>2028-04-06T08:58:02Z</time>
      </trkpt>
      <trkpt lat="67.89083909" lon="17.83977005">
        <time>2028-04-06T08:58:54Z</time>
      </trkpt>
      <trkpt lat="67.89090095" lon="17.84016358">
        <time>2028-04-06T09:00:09Z</time>
      </trkpt>
      <trkpt lat="67.89097379" lon="17.84052987">
        <time>2028-04-06T09:01:22Z</time>
      </trkpt>
      <trkpt lat="67.89102794" lon="17.84080018">
        <time>2028-04-06T09:02:16Z</time>
      </trkpt>
      <trkpt lat="67.89109684" lon="17.84116488">
        <time>2028-04-06T09:03:28Z</time>
      </trkpt>
      <trkpt lat="67.89115123" lon="17.84144584">
        <time>2028-04-06T09:04:23Z</time>
      </trkpt>
      <trkpt lat="67.89120748" lon="17.84173217">
        <time>2028-04-06T09:05:20Z</time>
      </trkpt>
      <trkpt lat="67.89126699" lon="17.84204171">
        <time>2028-04-06T09:06:21Z</time>
      </trkpt>
      <trkpt lat="67.89131518" lon="17.84231974">
        <time>2028-04-06T09:07:15Z</time>
      </trkpt>
      <trkpt lat="67.89137813" lon="17.8426468">
        <time>2028-04-06T09:08:19Z</time>
      </trkpt>
      <trkpt lat="67.89143907" lon="17.84295341">
        <time>2028-04-06T09:09:20Z</time>
      </trkpt>
      <trkpt lat="67.8914964" lon="17.84324979">
        <time>2028-04-06T09:10:19Z</time>
      </trkpt>
      <trkpt lat="67.89155499" lon="17.84355221">
        <time>2028-04-06T09:11:19Z</time>
      </trkpt>
      <trkpt lat="67.89161048" lon="17.84386301">
        <time>2028-04-06T09:12:19Z</time>
      </trkpt>
      <trkpt lat="67.89164895" lon="17.84413241">
        <time>2028-04-06T09:13:10Z</time>
      </trkpt>
      <trkpt lat="67.89169053" lon="17.84447925">
        <time>2028-04-06T09:14:14Z</time>
      </trkpt>
      <trkpt lat="67.89173663" lon="17.84478997">
        <time>2028-04-06T09:15:12Z</time>
      </trkpt>
      <trkpt lat="67.89177929" lon="17.84510479">
        <time>2028-04-06T09:16:11Z</time>
      </trkpt>
      <trkpt lat="67.89183847" lon="17.8454114">
        <time>2028-04-06T09:17:12Z</time>
      </trkpt>
      <trkpt lat="67.89187954" lon="17.84575162">
        <time>2028-04-06T09:18:14Z</time>
      </trkpt>
      <trkpt lat="67.89192162" lon="17.84605966">
        <time>2028-04-06T09:19:12Z</time>
      </trkpt>
      <trkpt lat="67.89197233" lon="17.84642184">
        <time>2028-04-06T09:20:20Z</time>
      </trkpt>
      <trkpt lat="67.8920305" lon="17.84680062">
        <time>2028-04-06T09:21:32Z</time>
      </trkpt>
      <trkpt lat="67.89207291" lon="17.84709466">
        <time>2028-04-06T09:22:27Z</time>
      </trkpt>
      <trkpt lat="67.89212077" lon="17.84743169">
        <time>2028-04-06T09:23:30Z</time>
      </trkpt>
      <trkpt lat="67.89216444" lon="17.84775641">
        <time>2028-04-06T09:24:31Z</time>
      </trkpt>
      <trkpt lat="67.89221305" lon="17.84804475">
        <time>2028-04-06T09:25:27Z</time>
      </trkpt>
      <trkpt lat="67.89226385" lon="17.84842579">
        <time>2028-04-06T09:26:38Z</time>
      </trkpt>
      <trkpt lat="67.89230458" lon="17.84872075">
        <time>2028-04-06T09:27:33Z</time>
      </trkpt>
      <trkpt lat="67.89234465" lon="17.84901906">
        <time>2028-04-06T09:28:29Z</time>
      </trkpt>
      <trkpt lat="67.89239595" lon="17.84928233">
        <time>2028-04-06T09:29:21Z</time>
      </trkpt>
      <trkpt lat="67.89243149" lon="17.84951502">
        <time>2028-04-06T09:30:05Z</time>
      </trkpt>
      <trkpt lat="67.89247809" lon="17.84975289">
        <time>2028-04-06T09:30:52Z</time>
      </trkpt>
      <trkpt lat="67.89251413" lon="17.84998138">
        <time>2028-04-06T09:31:35Z</time>
      </trkpt>
      <trkpt lat="67.89256057" lon="17.850217">
        <time>2028-04-06T09:32:22Z</time>
      </trkpt>
      <trkpt lat="67.89258814" lon="17.85050894">
        <time>2028-04-06T09:33:15Z</time>
      </trkpt>
      <trkpt lat="67.89264179" lon="17.85088571">
        <time>2028-04-06T09:34:26Z</time>
      </trkpt>
      <trkpt lat="67.89265143" lon="17.85089543">
        <time>2028-04-06T09:34:31Z</time>
      </trkpt>
      <trkpt lat="67.89264246" lon="17.85089577">
        <time>2028-04-06T09:34:35Z</time>
      </trkpt>
      <trkpt lat="67.89264212" lon="17.85091102">
        <time>2028-04-06T09:34:37Z</time>
      </trkpt>
      <trkpt lat="67.89264497" lon="17.85103122">
        <time>2028-04-06T09:34:59Z</time>
      </trkpt>
      <trkpt lat="67.89268982" lon="17.85132408">
        <time>2028-04-06T09:35:54Z</time>
      </trkpt>
      <trkpt lat="67.8927381" lon="17.85165282">
        <time>2028-04-06T09:36:56Z</time>
      </trkpt>
      <trkpt lat="67.89278713" lon="17.85203763">
        <time>2028-04-06T09:38:08Z</time>
      </trkpt>
      <trkpt lat="67.89286785" lon="17.85251205">
        <time>2028-04-06T09:39:39Z</time>
      </trkpt>
      <trkpt lat="67.89291244" lon="17.85282863">
        <time>2028-04-06T09:40:39Z</time>
      </trkpt>
      <trkpt lat="67.89298209" lon="17.85333456">
        <time>2028-04-06T09:42:13Z</time>
      </trkpt>
      <trkpt lat="67.89303825" lon="17.8537296">
        <time>2028-04-06T09:43:27Z</time>
      </trkpt>
      <trkpt lat="67.89309986" lon="17.85417762">
        <time>2028-04-06T09:44:51Z</time>
      </trkpt>
      <trkpt lat="67.89314814" lon="17.85458397">
        <time>2028-04-06T09:46:06Z</time>
      </trkpt>
      <trkpt lat="67.89319022" lon="17.85494431">
        <time>2028-04-06T09:47:12Z</time>
      </trkpt>
      <trkpt lat="67.89325425" lon="17.85535636">
        <time>2028-04-06T09:48:31Z</time>
      </trkpt>
      <trkpt lat="67.89334763" lon="17.85596925">
        <time>2028-04-06T09:50:27Z</time>
      </trkpt>
      <trkpt lat="67.89347604" lon="17.85676964">
        <time>2028-04-06T09:53:00Z</time>
      </trkpt>
      <trkpt lat="67.89353656" lon="17.85724187">
        <time>2028-04-06T09:54:27Z</time>
      </trkpt>
      <trkpt lat="67.89362314" lon="17.85779349">
        <time>2028-04-06T09:56:12Z</time>
      </trkpt>
      <trkpt lat="67.89371744" lon="17.85842707">
        <time>2028-04-06T09:58:12Z</time>
      </trkpt>
      <trkpt lat="67.89383956" lon="17.85919402">
        <time>2028-04-06T10:00:39Z</time>
      </trkpt>
      <trkpt lat="67.89392816" lon="17.85972518">
        <time>2028-04-06T10:02:21Z</time>
      </trkpt>
      <trkpt lat="67.89401927" lon="17.86028258">
        <time>2028-04-06T10:04:07Z</time>
      </trkpt>
      <trkpt lat="67.89407828" lon="17.86066982">
        <time>2028-04-06T10:05:21Z</time>
      </trkpt>
      <trkpt lat="67.89413561" lon="17.86105991">
        <time>2028-04-06T10:06:34Z</time>
      </trkpt>
      <trkpt lat="67.89419672" lon="17.86144221">
        <time>2028-04-06T10:07:47Z</time>
      </trkpt>
      <trkpt lat="67.89425447" lon="17.86184806">
        <time>2028-04-06T10:09:04Z</time>
      </trkpt>
      <trkpt lat="67.89437626" lon="17.86248308">
        <time>2028-04-06T10:11:09Z</time>
      </trkpt>
      <trkpt lat="67.89444272" lon="17.86298155">
        <time>2028-04-06T10:12:42Z</time>
      </trkpt>
      <trkpt lat="67.89455018" lon="17.86363064">
        <time>2028-04-06T10:14:46Z</time>
      </trkpt>
      <trkpt lat="67.89463073" lon="17.86418729">
        <time>2028-04-06T10:16:31Z</time>
      </trkpt>
      <trkpt lat="67.89469703" lon="17.8646379">
        <time>2028-04-06T10:17:56Z</time>
      </trkpt>
      <trkpt lat="67.89477792" lon="17.86508088">
        <time>2028-04-06T10:19:23Z</time>
      </trkpt>
      <trkpt lat="67.89488847" lon="17.86586685">
        <time>2028-04-06T10:21:50Z</time>
      </trkpt>
      <trkpt lat="67.89499777" lon="17.86653631">
        <time>2028-04-06T10:23:58Z</time>
      </trkpt>
      <trkpt lat="67.89509182" lon="17.86713394">
        <time>2028-04-06T10:25:52Z</time>
      </trkpt>
      <trkpt lat="67.89521948" lon="17.86782662">
        <time>2028-04-06T10:28:08Z</time>
      </trkpt>
      <trkpt lat="67.89533875" lon="17.86855878">
        <time>2028-04-06T10:30:28Z</time>
      </trkpt>
      <trkpt lat="67.89541771" lon="17.86908634">
        <time>2028-04-06T10:32:08Z</time>
      </trkpt>
      <trkpt lat="67.89549868" lon="17.86960476">
        <time>2028-04-06T10:33:46Z</time>
      </trkpt>
      <trkpt lat="67.89557445" lon="17.87002654">
        <time>2028-04-06T10:35:08Z</time>
      </trkpt>
      <trkpt lat="67.89564041" lon="17.87046122">
        <time>2028-04-06T10:36:31Z</time>
      </trkpt>
      <trkpt lat="67.89572071" lon="17.87097235">
        <time>2028-04-06T10:38:08Z</time>
      </trkpt>
      <trkpt lat="67.89579196" lon="17.87152782">
        <time>2028-04-06T10:39:51Z</time>
      </trkpt>
      <trkpt lat="67.89589137" lon="17.87214339">
        <time>2028-04-06T10:41:49Z</time>
      </trkpt>
      <trkpt lat="67.89595893" lon="17.87251186">
        <time>2028-04-06T10:43:01Z</time>
      </trkpt>
      <trkpt lat="67.89603453" lon="17.8729364">
        <time>2028-04-06T10:44:23Z</time>
      </trkpt>
      <trkpt lat="67.89609547" lon="17.87333211">
        <time>2028-04-06T10:45:38Z</time>
      </trkpt>
      <trkpt lat="67.89613687" lon="17.87353839">
        <time>2028-04-06T10:46:20Z</time>
      </trkpt>
      <trkpt lat="67.89612841" lon="17.87351584">
        <time>2028-04-06T10:46:25Z</time>
      </trkpt>
      <trkpt lat="67.89613931" lon="17.87354845">
        <time>2028-04-06T10:46:33Z</time>
      </trkpt>
      <trkpt lat="67.89613134" lon="17.8735368">
        <time>2028-04-06T10:46:37Z</time>
      </trkpt>
      <trkpt lat="67.89611684" lon="17.87350184">
        <time>2028-04-06T10:46:46Z</time>
      </trkpt>
      <trkpt lat="67.89612673" lon="17.87355322">
        <time>2028-04-06T10:46:56Z</time>
      </trkpt>
      <trkpt lat="67.89614291" lon="17.87355859">
        <time>2028-04-06T10:47:04Z</time>
      </trkpt>
      <trkpt lat="67.89614341" lon="17.87356412">
        <time>2028-04-06T10:47:05Z</time>
      </trkpt>
      <trkpt lat="67.89614827" lon="17.8735487">
        <time>2028-04-06T10:47:08Z</time>
      </trkpt>
      <trkpt lat="67.89613956" lon="17.87357854">
        <time>2028-04-06T10:47:15Z</time>
      </trkpt>
      <trkpt lat="67.89613964" lon="17.87356622">
        <time>2028-04-06T10:47:17Z</time>
      </trkpt>
      <trkpt lat="67.89614249" lon="17.87354945">
        <time>2028-04-06T10:47:21Z</time>
      </trkpt>
      <trkpt lat="67.89614375" lon="17.87354124">
        <time>2028-04-06T10:47:22Z</time>
      </trkpt>
      <trkpt lat="67.89613989" lon="17.8735461">
        <time>2028-04-06T10:47:24Z</time>
      </trkpt>
      <trkpt lat="67.89614199" lon="17.87355716">
        <time>2028-04-06T10:47:26Z</time>
      </trkpt>
      <trkpt lat="67.89614224" lon="17.87354819">
        <time>2028-04-06T10:47:28Z</time>
      </trkpt>
      <trkpt lat="67.89614559" lon="17.87354669">
        <time>2028-04-06T10:47:29Z</time>
      </trkpt>
      <trkpt lat="67.8961471" lon="17.87354744">
        <time>2028-04-06T10:47:30Z</time>
      </trkpt>
      <trkpt lat="67.89615029" lon="17.87354182">
        <time>2028-04-06T10:47:32Z</time>
      </trkpt>
      <trkpt lat="67.89615967" lon="17.87354115">
        <time>2028-04-06T10:47:36Z</time>
      </trkpt>
      <trkpt lat="67.89614492" lon="17.87354928">
        <time>2028-04-06T10:47:43Z</time>
      </trkpt>
      <trkpt lat="67.89614727" lon="17.87354224">
        <time>2028-04-06T10:47:45Z</time>
      </trkpt>
      <trkpt lat="67.89613956" lon="17.8735492">
        <time>2028-04-06T10:47:49Z</time>
      </trkpt>
      <trkpt lat="67.89614056" lon="17.87356211">
        <time>2028-04-06T10:47:51Z</time>
      </trkpt>
      <trkpt lat="67.89614081" lon="17.87356622">
        <time>2028-04-06T10:47:52Z</time>
      </trkpt>
      <trkpt lat="67.89614584" lon="17.8735487">
        <time>2028-04-06T10:47:56Z</time>
      </trkpt>
      <trkpt lat="67.89614526" lon="17.87355809">
        <time>2028-04-06T10:47:57Z</time>
      </trkpt>
      <trkpt lat="67.89614174" lon="17.87354727">
        <time>2028-04-06T10:48:00Z</time>
      </trkpt>
      <trkpt lat="67.89614081" lon="17.87356202">
        <time>2028-04-06T10:48:03Z</time>
      </trkpt>
      <trkpt lat="67.89613604" lon="17.87355138">
        <time>2028-04-06T10:48:05Z</time>
      </trkpt>
      <trkpt lat="67.89613444" lon="17.87353118">
        <time>2028-04-06T10:48:09Z</time>
      </trkpt>
      <trkpt lat="67.89613754" lon="17.87354375">
        <time>2028-04-06T10:48:12Z</time>
      </trkpt>
      <trkpt lat="67.89613285" lon="17.87356379">
        <time>2028-04-06T10:48:16Z</time>
      </trkpt>
      <trkpt lat="67.89613687" lon="17.87357041">
        <time>2028-04-06T10:48:18Z</time>
      </trkpt>
      <trkpt lat="67.89614584" lon="17.87356018">
        <time>2028-04-06T10:48:23Z</time>
      </trkpt>
      <trkpt lat="67.89614676" lon="17.87354945">
        <time>2028-04-06T10:48:25Z</time>
      </trkpt>
      <trkpt lat="67.89614635" lon="17.8735466">
        <time>2028-04-06T10:48:25Z</time>
      </trkpt>
      <trkpt lat="67.8961445" lon="17.8735399">
        <time>2028-04-06T10:48:27Z</time>
      </trkpt>
      <trkpt lat="67.89614006" lon="17.87352858">
        <time>2028-04-06T10:48:29Z</time>
      </trkpt>
      <trkpt lat="67.89614224" lon="17.87352866">
        <time>2028-04-06T10:48:30Z</time>
      </trkpt>
      <trkpt lat="67.89614484" lon="17.8735456">
        <time>2028-04-06T10:48:34Z</time>
      </trkpt>
      <trkpt lat="67.89614157" lon="17.87354635">
        <time>2028-04-06T10:48:35Z</time>
      </trkpt>
      <trkpt lat="67.8961476" lon="17.87354467">
        <time>2028-04-06T10:48:38Z</time>
      </trkpt>
      <trkpt lat="67.89614643" lon="17.87355901">
        <time>2028-04-06T10:48:41Z</time>
      </trkpt>
      <trkpt lat="67.89614132" lon="17.87355524">
        <time>2028-04-06T10:48:43Z</time>
      </trkpt>
      <trkpt lat="67.896145" lon="17.87353084">
        <time>2028-04-06T10:48:48Z</time>
      </trkpt>
      <trkpt lat="67.89614148" lon="17.87353872">
        <time>2028-04-06T10:48:50Z</time>
      </trkpt>
      <trkpt lat="67.89613302" lon="17.8735378">
        <time>2028-04-06T10:48:54Z</time>
      </trkpt>
      <trkpt lat="67.89613822" lon="17.87357611">
        <time>2028-04-06T10:49:01Z</time>
      </trkpt>
      <trkpt lat="67.89613361" lon="17.87355666">
        <time>2028-04-06T10:49:05Z</time>
      </trkpt>
      <trkpt lat="67.89614031" lon="17.8735352">
        <time>2028-04-06T10:49:10Z</time>
      </trkpt>
      <trkpt lat="67.89613805" lon="17.87353797">
        <time>2028-04-06T10:49:11Z</time>
      </trkpt>
      <trkpt lat="67.89614199" lon="17.87354602">
        <time>2028-04-06T10:49:13Z</time>
      </trkpt>
      <trkpt lat="67.89612288" lon="17.87354241">
        <time>2028-04-06T10:49:22Z</time>
      </trkpt>
      <trkpt lat="67.89613067" lon="17.87354484">
        <time>2028-04-06T10:49:26Z</time>
      </trkpt>
      <trkpt lat="67.89614014" lon="17.87354073">
        <time>2028-04-06T10:49:30Z</time>
      </trkpt>
      <trkpt lat="67.89614065" lon="17.87354861">
        <time>2028-04-06T10:49:32Z</time>
      </trkpt>
      <trkpt lat="67.89614182" lon="17.8735585">
        <time>2028-04-06T10:49:34Z</time>
      </trkpt>
      <trkpt lat="67.89614199" lon="17.87357049">
        <time>2028-04-06T10:49:36Z</time>
      </trkpt>
      <trkpt lat="67.89614324" lon="17.87356806">
        <time>2028-04-06T10:49:37Z</time>
      </trkpt>
      <trkpt lat="67.8961378" lon="17.87355649">
        <time>2028-04-06T10:49:40Z</time>
      </trkpt>
      <trkpt lat="67.89613729" lon="17.87355809">
        <time>2028-04-06T10:49:40Z</time>
      </trkpt>
      <trkpt lat="67.89617241" lon="17.8736844">
        <time>2028-04-06T10:50:08Z</time>
      </trkpt>
      <trkpt lat="67.89620091" lon="17.8739108">
        <time>2028-04-06T10:50:50Z</time>
      </trkpt>
      <trkpt lat="67.89627031" lon="17.87436342">
        <time>2028-04-06T10:52:16Z</time>
      </trkpt>
      <trkpt lat="67.89633058" lon="17.8746997">
        <time>2028-04-06T10:53:21Z</time>
      </trkpt>
      <trkpt lat="67.89640677" lon="17.8751628">
        <time>2028-04-06T10:54:50Z</time>
      </trkpt>
      <trkpt lat="67.89647324" lon="17.87556899">
        <time>2028-04-06T10:56:08Z</time>
      </trkpt>
      <trkpt lat="67.89653325" lon="17.87593737">
        <time>2028-04-06T10:57:18Z</time>
      </trkpt>
      <trkpt lat="67.89659117" lon="17.87633392">
        <time>2028-04-06T10:58:33Z</time>
      </trkpt>
      <trkpt lat="67.89666544" lon="17.87681596">
        <time>2028-04-06T11:00:04Z</time>
      </trkpt>
      <trkpt lat="67.89672302" lon="17.87721033">
        <time>2028-04-06T11:01:19Z</time>
      </trkpt>
      <trkpt lat="67.89678463" lon="17.87756036">
        <time>2028-04-06T11:02:27Z</time>
      </trkpt>
      <trkpt lat="67.89684179" lon="17.87790611">
        <time>2028-04-06T11:03:33Z</time>
      </trkpt>
      <trkpt lat="67.89689418" lon="17.87823318">
        <time>2028-04-06T11:04:35Z</time>
      </trkpt>
      <trkpt lat="67.89696316" lon="17.87864456">
        <time>2028-04-06T11:05:55Z</time>
      </trkpt>
      <trkpt lat="67.89704296" lon="17.87916667">
        <time>2028-04-06T11:07:34Z</time>
      </trkpt>
      <trkpt lat="67.89715033" lon="17.8798171">
        <time>2028-04-06T11:09:38Z</time>
      </trkpt>
      <trkpt lat="67.89722309" lon="17.88023955">
        <time>2028-04-06T11:11:00Z</time>
      </trkpt>
      <trkpt lat="67.8972955" lon="17.88069854">
        <time>2028-04-06T11:12:27Z</time>
      </trkpt>
      <trkpt lat="67.89740531" lon="17.88129953">
        <time>2028-04-06T11:14:25Z</time>
      </trkpt>
      <trkpt lat="67.89750455" lon="17.88194703">
        <time>2028-04-06T11:16:28Z</time>
      </trkpt>
      <trkpt lat="67.89769884" lon="17.88313173">
        <time>2028-04-06T11:20:15Z</time>
      </trkpt>
      <trkpt lat="67.89774955" lon="17.88348377">
        <time>2028-04-06T11:21:21Z</time>
      </trkpt>
      <trkpt lat="67.89781828" lon="17.88385794">
        <time>2028-04-06T11:22:34Z</time>
      </trkpt>
      <trkpt lat="67.89787679" lon="17.88428642">
        <time>2028-04-06T11:23:54Z</time>
      </trkpt>
      <trkpt lat="67.89793957" lon="17.88467836">
        <time>2028-04-06T11:25:09Z</time>
      </trkpt>
      <trkpt lat="67.89800243" lon="17.88504548">
        <time>2028-04-06T11:26:20Z</time>
      </trkpt>
      <trkpt lat="67.89807234" lon="17.88540264">
        <time>2028-04-06T11:27:31Z</time>
      </trkpt>
      <trkpt lat="67.89812104" lon="17.8857033">
        <time>2028-04-06T11:28:28Z</time>
      </trkpt>
      <trkpt lat="67.89819404" lon="17.88612105">
        <time>2028-04-06T11:29:49Z</time>
      </trkpt>
      <trkpt lat="67.89825356" lon="17.88648139">
        <time>2028-04-06T11:30:58Z</time>
      </trkpt>
      <trkpt lat="67.89833" lon="17.88689939">
        <time>2028-04-06T11:32:20Z</time>
      </trkpt>
      <trkpt lat="67.89840376" lon="17.88733148">
        <time>2028-04-06T11:33:43Z</time>
      </trkpt>
      <trkpt lat="67.89846445" lon="17.88769115">
        <time>2028-04-06T11:34:52Z</time>
      </trkpt>
      <trkpt lat="67.89851314" lon="17.88802307">
        <time>2028-04-06T11:35:55Z</time>
      </trkpt>
      <trkpt lat="67.89852697" lon="17.8881146">
        <time>2028-04-06T11:36:12Z</time>
      </trkpt>
      <trkpt lat="67.89858263" lon="17.88843806">
        <time>2028-04-06T11:37:15Z</time>
      </trkpt>
      <trkpt lat="67.89862605" lon="17.88878121">
        <time>2028-04-06T11:38:18Z</time>
      </trkpt>
      <trkpt lat="67.89868405" lon="17.88909302">
        <time>2028-04-06T11:39:19Z</time>
      </trkpt>
      <trkpt lat="67.89874314" lon="17.8894775">
        <time>2028-04-06T11:40:32Z</time>
      </trkpt>
      <trkpt lat="67.89879696" lon="17.88980548">
        <time>2028-04-06T11:41:35Z</time>
      </trkpt>
      <trkpt lat="67.89883258" lon="17.89006214">
        <time>2028-04-06T11:42:23Z</time>
      </trkpt>
      <trkpt lat="67.89887256" lon="17.89039272">
        <time>2028-04-06T11:43:24Z</time>
      </trkpt>
      <trkpt lat="67.89890005" lon="17.89059212">
        <time>2028-04-06T11:44:02Z</time>
      </trkpt>
      <trkpt lat="67.8989148" lon="17.89063387">
        <time>2028-04-06T11:44:12Z</time>
      </trkpt>
      <trkpt lat="67.89896141" lon="17.8909124">
        <time>2028-04-06T11:45:05Z</time>
      </trkpt>
      <trkpt lat="67.89901656" lon="17.89126779">
        <time>2028-04-06T11:46:13Z</time>
      </trkpt>
      <trkpt lat="67.89906216" lon="17.89155361">
        <time>2028-04-06T11:47:07Z</time>
      </trkpt>
      <trkpt lat="67.89911153" lon="17.89181102">
        <time>2028-04-06T11:47:58Z</time>
      </trkpt>
      <trkpt lat="67.89915201" lon="17.89205418">
        <time>2028-04-06T11:48:45Z</time>
      </trkpt>
      <trkpt lat="67.89919669" lon="17.89233439">
        <time>2028-04-06T11:49:38Z</time>
      </trkpt>
      <trkpt lat="67.89924195" lon="17.8926767">
        <time>2028-04-06T11:50:42Z</time>
      </trkpt>
      <trkpt lat="67.89928445" lon="17.89297845">
        <time>2028-04-06T11:51:39Z</time>
      </trkpt>
      <trkpt lat="67.89932468" lon="17.89323871">
        <time>2028-04-06T11:52:28Z</time>
      </trkpt>
      <trkpt lat="67.89936852" lon="17.89351657">
        <time>2028-04-06T11:53:21Z</time>
      </trkpt>
      <trkpt lat="67.89942753" lon="17.89383517">
        <time>2028-04-06T11:54:23Z</time>
      </trkpt>
      <trkpt lat="67.89947539" lon="17.89411747">
        <time>2028-04-06T11:55:18Z</time>
      </trkpt>
      <trkpt lat="67.89952082" lon="17.89441226">
        <time>2028-04-06T11:56:14Z</time>
      </trkpt>
      <trkpt lat="67.89955971" lon="17.89469121">
        <time>2028-04-06T11:57:06Z</time>
      </trkpt>
      <trkpt lat="67.89961645" lon="17.89496521">
        <time>2028-04-06T11:58:01Z</time>
      </trkpt>
      <trkpt lat="67.89963238" lon="17.89502104">
        <time>2028-04-06T11:58:13Z</time>
      </trkpt>
      <trkpt lat="67.89967429" lon="17.89532689">
        <time>2028-04-06T11:59:10Z</time>
      </trkpt>
      <trkpt lat="67.89972299" lon="17.89560316">
        <time>2028-04-06T12:00:04Z</time>
      </trkpt>
      <trkpt lat="67.89977177" lon="17.89588999">
        <time>2028-04-06T12:00:59Z</time>
      </trkpt>
      <trkpt lat="67.89981578" lon="17.89618537">
        <time>2028-04-06T12:01:55Z</time>
      </trkpt>
      <trkpt lat="67.89987621" lon="17.89645577">
        <time>2028-04-06T12:02:50Z</time>
      </trkpt>
      <trkpt lat="67.89991485" lon="17.89669625">
        <time>2028-04-06T12:03:36Z</time>
      </trkpt>
      <trkpt lat="67.89992373" lon="17.89675475">
        <time>2028-04-06T12:03:47Z</time>
      </trkpt>
      <trkpt lat="67.89992675" lon="17.89680387">
        <time>2028-04-06T12:03:56Z</time>
      </trkpt>
      <trkpt lat="67.8999752" lon="17.8970741">
        <time>2028-04-06T12:04:49Z</time>
      </trkpt>
      <trkpt lat="67.90001275" lon="17.89736261">
        <time>2028-04-06T12:05:42Z</time>
      </trkpt>
      <trkpt lat="67.90005064" lon="17.89758481">
        <time>2028-04-06T12:06:25Z</time>
      </trkpt>
      <trkpt lat="67.90009632" lon="17.89780039">
        <time>2028-04-06T12:07:09Z</time>
      </trkpt>
      <trkpt lat="67.900128" lon="17.89801422">
        <time>2028-04-06T12:07:49Z</time>
      </trkpt>
      <trkpt lat="67.90016488" lon="17.89823223">
        <time>2028-04-06T12:08:31Z</time>
      </trkpt>
      <trkpt lat="67.90021433" lon="17.89847656">
        <time>2028-04-06T12:09:20Z</time>
      </trkpt>
      <trkpt lat="67.90022615" lon="17.89859089">
        <time>2028-04-06T12:09:41Z</time>
      </trkpt>
      <trkpt lat="67.9002767" lon="17.89886456">
        <time>2028-04-06T12:10:34Z</time>
      </trkpt>
      <trkpt lat="67.90032598" lon="17.89913697">
        <time>2028-04-06T12:11:27Z</time>
      </trkpt>
      <trkpt lat="67.90034811" lon="17.89924359">
        <time>2028-04-06T12:11:49Z</time>
      </trkpt>
      <trkpt lat="67.90038113" lon="17.89948231">
        <time>2028-04-06T12:12:33Z</time>
      </trkpt>
      <trkpt lat="67.90041558" lon="17.89971851">
        <time>2028-04-06T12:13:18Z</time>
      </trkpt>
      <trkpt lat="67.90046529" lon="17.89994289">
        <time>2028-04-06T12:14:04Z</time>
      </trkpt>
      <trkpt lat="67.90051541" lon="17.9001822">
        <time>2028-04-06T12:14:52Z</time>
      </trkpt>
      <trkpt lat="67.90053385" lon="17.90035243">
        <time>2028-04-06T12:15:23Z</time>
      </trkpt>
      <trkpt lat="67.90053234" lon="17.90039903">
        <time>2028-04-06T12:15:31Z</time>
      </trkpt>
      <trkpt lat="67.90055389" lon="17.90057757">
        <time>2028-04-06T12:16:04Z</time>
      </trkpt>
      <trkpt lat="67.90058431" lon="17.90076951">
        <time>2028-04-06T12:16:41Z</time>
      </trkpt>
      <trkpt lat="67.90061843" lon="17.90092089">
        <time>2028-04-06T12:17:12Z</time>
      </trkpt>
      <trkpt lat="67.90065304" lon="17.90114737">
        <time>2028-04-06T12:17:54Z</time>
      </trkpt>
      <trkpt lat="67.90070007" lon="17.9014896">
        <time>2028-04-06T12:18:58Z</time>
      </trkpt>
      <trkpt lat="67.90072261" lon="17.90162589">
        <time>2028-04-06T12:19:25Z</time>
      </trkpt>
      <trkpt lat="67.90073896" lon="17.90171499">
        <time>2028-04-06T12:19:42Z</time>
      </trkpt>
      <trkpt lat="67.90075706" lon="17.90186101">
        <time>2028-04-06T12:20:09Z</time>
      </trkpt>
      <trkpt lat="67.90077073" lon="17.90192504">
        <time>2028-04-06T12:20:22Z</time>
      </trkpt>
      <trkpt lat="67.90079243" lon="17.90200777">
        <time>2028-04-06T12:20:40Z</time>
      </trkpt>
      <trkpt lat="67.90081867" lon="17.902134">
        <time>2028-04-06T12:21:05Z</time>
      </trkpt>
      <trkpt lat="67.90083904" lon="17.90222076">
        <time>2028-04-06T12:21:23Z</time>
      </trkpt>
      <trkpt lat="67.90084499" lon="17.90228337">
        <time>2028-04-06T12:21:34Z</time>
      </trkpt>
      <trkpt lat="67.90090173" lon="17.90261362">
        <time>2028-04-06T12:22:38Z</time>
      </trkpt>
      <trkpt lat="67.90093401" lon="17.90280674">
        <time>2028-04-06T12:23:15Z</time>
      </trkpt>
      <trkpt lat="67.90097726" lon="17.9030571">
        <time>2028-04-06T12:24:04Z</time>
      </trkpt>
      <trkpt lat="67.90103174" lon="17.90340026">
        <time>2028-04-06T12:25:09Z</time>
      </trkpt>
      <trkpt lat="67.90106837" lon="17.90357418">
        <time>2028-04-06T12:25:44Z</time>
      </trkpt>
      <trkpt lat="67.9010775" lon="17.90369354">
        <time>2028-04-06T12:26:05Z</time>
      </trkpt>
      <trkpt lat="67.90112863" lon="17.90397149">
        <time>2028-04-06T12:27:00Z</time>
      </trkpt>
      <trkpt lat="67.90117071" lon="17.90423585">
        <time>2028-04-06T12:27:50Z</time>
      </trkpt>
      <trkpt lat="67.90121807" lon="17.90447842">
        <time>2028-04-06T12:28:38Z</time>
      </trkpt>
      <trkpt lat="67.9012557" lon="17.90473692">
        <time>2028-04-06T12:29:27Z</time>
      </trkpt>
      <trkpt lat="67.90130993" lon="17.90503205">
        <time>2028-04-06T12:30:25Z</time>
      </trkpt>
      <trkpt lat="67.90132209" lon="17.90513565">
        <time>2028-04-06T12:30:44Z</time>
      </trkpt>
      <trkpt lat="67.90134631" lon="17.90527102">
        <time>2028-04-06T12:31:10Z</time>
      </trkpt>
      <trkpt lat="67.9013925" lon="17.90560964">
        <time>2028-04-06T12:32:13Z</time>
      </trkpt>
      <trkpt lat="67.90143709" lon="17.90585356">
        <time>2028-04-06T12:33:01Z</time>
      </trkpt>
      <trkpt lat="67.90148512" lon="17.90616629">
        <time>2028-04-06T12:34:00Z</time>
      </trkpt>
      <trkpt lat="67.90154731" lon="17.9064501">
        <time>2028-04-06T12:34:58Z</time>
      </trkpt>
      <trkpt lat="67.90159425" lon="17.90674514">
        <time>2028-04-06T12:35:54Z</time>
      </trkpt>
      <trkpt lat="67.90160774" lon="17.90684723">
        <time>2028-04-06T12:36:13Z</time>
      </trkpt>
      <trkpt lat="67.90161403" lon="17.90689828">
        <time>2028-04-06T12:36:23Z</time>
      </trkpt>
      <trkpt lat="67.901667" lon="17.90718427">
        <time>2028-04-06T12:37:19Z</time>
      </trkpt>
      <trkpt lat="67.90170573" lon="17.90749666">
        <time>2028-04-06T12:38:16Z</time>
      </trkpt>
      <trkpt lat="67.90171109" lon="17.90754285">
        <time>2028-04-06T12:38:25Z</time>
      </trkpt>
      <trkpt lat="67.90175241" lon="17.90772096">
        <time>2028-04-06T12:39:02Z</time>
      </trkpt>
      <trkpt lat="67.90177873" lon="17.90783663">
        <time>2028-04-06T12:39:25Z</time>
      </trkpt>
      <trkpt lat="67.90182944" lon="17.90813847">
        <time>2028-04-06T12:40:24Z</time>
      </trkpt>
      <trkpt lat="67.9018742" lon="17.90841289">
        <time>2028-04-06T12:41:16Z</time>
      </trkpt>
      <trkpt lat="67.90192961" lon="17.90873299">
        <time>2028-04-06T12:42:18Z</time>
      </trkpt>
      <trkpt lat="67.90198459" lon="17.90907187">
        <time>2028-04-06T12:43:23Z</time>
      </trkpt>
      <trkpt lat="67.90200219" lon="17.90918956">
        <time>2028-04-06T12:43:45Z</time>
      </trkpt>
      <trkpt lat="67.90207688" lon="17.90952743">
        <time>2028-04-06T12:44:54Z</time>
      </trkpt>
      <trkpt lat="67.90210923" lon="17.90969532">
        <time>2028-04-06T12:45:27Z</time>
      </trkpt>
      <trkpt lat="67.90216061" lon="17.91009639">
        <time>2028-04-06T12:46:41Z</time>
      </trkpt>
      <trkpt lat="67.90217235" lon="17.91015079">
        <time>2028-04-06T12:46:52Z</time>
      </trkpt>
      <trkpt lat="67.90222373" lon="17.91045397">
        <time>2028-04-06T12:47:51Z</time>
      </trkpt>
      <trkpt lat="67.90223823" lon="17.91050325">
        <time>2028-04-06T12:48:02Z</time>
      </trkpt>
      <trkpt lat="67.90228693" lon="17.91087809">
        <time>2028-04-06T12:49:11Z</time>
      </trkpt>
      <trkpt lat="67.90229565" lon="17.91093123">
        <time>2028-04-06T12:49:22Z</time>
      </trkpt>
      <trkpt lat="67.90233965" lon="17.91131252">
        <time>2028-04-06T12:50:32Z</time>
      </trkpt>
      <trkpt lat="67.90238801" lon="17.91164688">
        <time>2028-04-06T12:51:35Z</time>
      </trkpt>
      <trkpt lat="67.90241702" lon="17.91180429">
        <time>2028-04-06T12:52:05Z</time>
      </trkpt>
      <trkpt lat="67.90249011" lon="17.91218936">
        <time>2028-04-06T12:53:21Z</time>
      </trkpt>
      <trkpt lat="67.90253654" lon="17.91252128">
        <time>2028-04-06T12:54:23Z</time>
      </trkpt>
      <trkpt lat="67.90261609" lon="17.91297935">
        <time>2028-04-06T12:55:52Z</time>
      </trkpt>
      <trkpt lat="67.90267199" lon="17.91333156">
        <time>2028-04-06T12:56:59Z</time>
      </trkpt>
      <trkpt lat="67.90274391" lon="17.9137618">
        <time>2028-04-06T12:58:22Z</time>
      </trkpt>
      <trkpt lat="67.90280627" lon="17.91409339">
        <time>2028-04-06T12:59:27Z</time>
      </trkpt>
      <trkpt lat="67.9029025" lon="17.91450921">
        <time>2028-04-06T13:00:53Z</time>
      </trkpt>
      <trkpt lat="67.90296192" lon="17.91479646">
        <time>2028-04-06T13:01:50Z</time>
      </trkpt>
      <trkpt lat="67.90297626" lon="17.91485413">
        <time>2028-04-06T13:02:02Z</time>
      </trkpt>
      <trkpt lat="67.90301205" lon="17.91515948">
        <time>2028-04-06T13:02:59Z</time>
      </trkpt>
      <trkpt lat="67.90305253" lon="17.91545017">
        <time>2028-04-06T13:03:53Z</time>
      </trkpt>
      <trkpt lat="67.90309545" lon="17.91572543">
        <time>2028-04-06T13:04:45Z</time>
      </trkpt>
      <trkpt lat="67.90311598" lon="17.91579609">
        <time>2028-04-06T13:05:01Z</time>
      </trkpt>
      <trkpt lat="67.90317046" lon="17.91613472">
        <time>2028-04-06T13:06:06Z</time>
      </trkpt>
      <trkpt lat="67.90320936" lon="17.91634083">
        <time>2028-04-06T13:06:46Z</time>
      </trkpt>
      <trkpt lat="67.90323903" lon="17.91656395">
        <time>2028-04-06T13:07:28Z</time>
      </trkpt>
      <trkpt lat="67.90329603" lon="17.91697609">
        <time>2028-04-06T13:08:45Z</time>
      </trkpt>
      <trkpt lat="67.90333676" lon="17.91722788">
        <time>2028-04-06T13:09:33Z</time>
      </trkpt>
      <trkpt lat="67.90338194" lon="17.91746241">
        <time>2028-04-06T13:10:19Z</time>
      </trkpt>
      <trkpt lat="67.90338823" lon="17.91750759">
        <time>2028-04-06T13:10:28Z</time>
      </trkpt>
      <trkpt lat="67.90345486" lon="17.91787346">
        <time>2028-04-06T13:11:39Z</time>
      </trkpt>
      <trkpt lat="67.90349845" lon="17.91815886">
        <time>2028-04-06T13:12:33Z</time>
      </trkpt>
      <trkpt lat="67.90354036" lon="17.91837252">
        <time>2028-04-06T13:13:16Z</time>
      </trkpt>
      <trkpt lat="67.90354614" lon="17.91839699">
        <time>2028-04-06T13:13:21Z</time>
      </trkpt>
      <trkpt lat="67.90355285" lon="17.91846656">
        <time>2028-04-06T13:13:33Z</time>
      </trkpt>
      <trkpt lat="67.9036028" lon="17.91871307">
        <time>2028-04-06T13:14:23Z</time>
      </trkpt>
      <trkpt lat="67.90364907" lon="17.91897258">
        <time>2028-04-06T13:15:13Z</time>
      </trkpt>
      <trkpt lat="67.90365234" lon="17.91898683">
        <time>2028-04-06T13:15:16Z</time>
      </trkpt>
      <trkpt lat="67.90368922" lon="17.91908816">
        <time>2028-04-06T13:15:41Z</time>
      </trkpt>
      <trkpt lat="67.90368075" lon="17.91909554">
        <time>2028-04-06T13:15:45Z</time>
      </trkpt>
      <trkpt lat="67.90370028" lon="17.91912303">
        <time>2028-04-06T13:15:55Z</time>
      </trkpt>
      <trkpt lat="67.90369442" lon="17.91909101">
        <time>2028-04-06T13:16:01Z</time>
      </trkpt>
      <trkpt lat="67.90368193" lon="17.91908741">
        <time>2028-04-06T13:16:07Z</time>
      </trkpt>
      <trkpt lat="67.90367019" lon="17.91909504">
        <time>2028-04-06T13:16:13Z</time>
      </trkpt>
      <trkpt lat="67.90369769" lon="17.91921792">
        <time>2028-04-06T13:16:38Z</time>
      </trkpt>
      <trkpt lat="67.90374798" lon="17.91945378">
        <time>2028-04-06T13:17:26Z</time>
      </trkpt>
      <trkpt lat="67.90379156" lon="17.91965612">
        <time>2028-04-06T13:18:07Z</time>
      </trkpt>
      <trkpt lat="67.90383683" lon="17.91987355">
        <time>2028-04-06T13:18:50Z</time>
      </trkpt>
      <trkpt lat="67.90387404" lon="17.92012249">
        <time>2028-04-06T13:19:37Z</time>
      </trkpt>
      <trkpt lat="67.90390933" lon="17.92034998">
        <time>2028-04-06T13:20:21Z</time>
      </trkpt>
      <trkpt lat="67.90395442" lon="17.92057402">
        <time>2028-04-06T13:21:05Z</time>
      </trkpt>
      <trkpt lat="67.90398326" lon="17.92073948">
        <time>2028-04-06T13:21:37Z</time>
      </trkpt>
      <trkpt lat="67.90401192" lon="17.9209756">
        <time>2028-04-06T13:22:21Z</time>
      </trkpt>
      <trkpt lat="67.90404545" lon="17.92122647">
        <time>2028-04-06T13:23:08Z</time>
      </trkpt>
      <trkpt lat="67.90407781" lon="17.92142026">
        <time>2028-04-06T13:23:45Z</time>
      </trkpt>
      <trkpt lat="67.90411234" lon="17.92164448">
        <time>2028-04-06T13:24:27Z</time>
      </trkpt>
      <trkpt lat="67.90416104" lon="17.92180256">
        <time>2028-04-06T13:25:03Z</time>
      </trkpt>
      <trkpt lat="67.90420312" lon="17.92204262">
        <time>2028-04-06T13:25:50Z</time>
      </trkpt>
      <trkpt lat="67.90424209" lon="17.92221981">
        <time>2028-04-06T13:26:26Z</time>
      </trkpt>
      <trkpt lat="67.90427394" lon="17.92239374">
        <time>2028-04-06T13:27:00Z</time>
      </trkpt>
      <trkpt lat="67.90430378" lon="17.92261527">
        <time>2028-04-06T13:27:41Z</time>
      </trkpt>
      <trkpt lat="67.90434619" lon="17.92283211">
        <time>2028-04-06T13:28:24Z</time>
      </trkpt>
      <trkpt lat="67.90439053" lon="17.92303713">
        <time>2028-04-06T13:29:06Z</time>
      </trkpt>
      <trkpt lat="67.90443328" lon="17.92323478">
        <time>2028-04-06T13:29:46Z</time>
      </trkpt>
      <trkpt lat="67.90446111" lon="17.92345706">
        <time>2028-04-06T13:30:27Z</time>
      </trkpt>
      <trkpt lat="67.90449263" lon="17.92368136">
        <time>2028-04-06T13:31:09Z</time>
      </trkpt>
      <trkpt lat="67.90452104" lon="17.92393953">
        <time>2028-04-06T13:31:56Z</time>
      </trkpt>
      <trkpt lat="67.90454401" lon="17.92418252">
        <time>2028-04-06T13:32:40Z</time>
      </trkpt>
      <trkpt lat="67.90457041" lon="17.92441327">
        <time>2028-04-06T13:33:22Z</time>
      </trkpt>
      <trkpt lat="67.90458818" lon="17.924481">
        <time>2028-04-06T13:33:37Z</time>
      </trkpt>
      <trkpt lat="67.90462833" lon="17.92477839">
        <time>2028-04-06T13:34:32Z</time>
      </trkpt>
      <trkpt lat="67.9046839" lon="17.92500118">
        <time>2028-04-06T13:35:19Z</time>
      </trkpt>
      <trkpt lat="67.90472338" lon="17.92525163">
        <time>2028-04-06T13:36:07Z</time>
      </trkpt>
      <trkpt lat="67.90475431" lon="17.92549144">
        <time>2028-04-06T13:36:52Z</time>
      </trkpt>
      <trkpt lat="67.90477443" lon="17.9256258">
        <time>2028-04-06T13:37:17Z</time>
      </trkpt>
      <trkpt lat="67.90478884" lon="17.92569763">
        <time>2028-04-06T13:37:31Z</time>
      </trkpt>
      <trkpt lat="67.90483645" lon="17.92594875">
        <time>2028-04-06T13:38:21Z</time>
      </trkpt>
      <trkpt lat="67.90484869" lon="17.92601162">
        <time>2028-04-06T13:38:33Z</time>
      </trkpt>
      <trkpt lat="67.90486344" lon="17.92605344">
        <time>2028-04-06T13:38:43Z</time>
      </trkpt>
      <trkpt lat="67.90489471" lon="17.92636123">
        <time>2028-04-06T13:39:39Z</time>
      </trkpt>
      <trkpt lat="67.90493594" lon="17.92663129">
        <time>2028-04-06T13:40:30Z</time>
      </trkpt>
      <trkpt lat="67.90498163" lon="17.92689105">
        <time>2028-04-06T13:41:21Z</time>
      </trkpt>
      <trkpt lat="67.90503175" lon="17.92715977">
        <time>2028-04-06T13:42:13Z</time>
      </trkpt>
      <trkpt lat="67.90508523" lon="17.92743746">
        <time>2028-04-06T13:43:08Z</time>
      </trkpt>
      <trkpt lat="67.90513502" lon="17.92761574">
        <time>2028-04-06T13:43:47Z</time>
      </trkpt>
      <trkpt lat="67.90516838" lon="17.92777374">
        <time>2028-04-06T13:44:19Z</time>
      </trkpt>
      <trkpt lat="67.90519402" lon="17.92794054">
        <time>2028-04-06T13:44:51Z</time>
      </trkpt>
      <trkpt lat="67.90525345" lon="17.92818856">
        <time>2028-04-06T13:45:42Z</time>
      </trkpt>
      <trkpt lat="67.90531036" lon="17.92840716">
        <time>2028-04-06T13:46:29Z</time>
      </trkpt>
      <trkpt lat="67.90536862" lon="17.92864203">
        <time>2028-04-06T13:47:18Z</time>
      </trkpt>
      <trkpt lat="67.90539821" lon="17.92880866">
        <time>2028-04-06T13:47:51Z</time>
      </trkpt>
      <trkpt lat="67.90543861" lon="17.92913212">
        <time>2028-04-06T13:48:51Z</time>
      </trkpt>
      <trkpt lat="67.90548831" lon="17.9293886">
        <time>2028-04-06T13:49:41Z</time>
      </trkpt>
      <trkpt lat="67.90554078" lon="17.92970024">
        <time>2028-04-06T13:50:41Z</time>
      </trkpt>
      <trkpt lat="67.90556367" lon="17.92987291">
        <time>2028-04-06T13:51:13Z</time>
      </trkpt>
      <trkpt lat="67.90561069" lon="17.93015144">
        <time>2028-04-06T13:52:07Z</time>
      </trkpt>
      <trkpt lat="67.90564095" lon="17.93045771">
        <time>2028-04-06T13:53:03Z</time>
      </trkpt>
      <trkpt lat="67.90567313" lon="17.93071277">
        <time>2028-04-06T13:53:50Z</time>
      </trkpt>
      <trkpt lat="67.90569719" lon="17.93104428">
        <time>2028-04-06T13:54:49Z</time>
      </trkpt>
      <trkpt lat="67.90571705" lon="17.93129674">
        <time>2028-04-06T13:55:34Z</time>
      </trkpt>
      <trkpt lat="67.90575192" lon="17.931601">
        <time>2028-04-06T13:56:30Z</time>
      </trkpt>
      <trkpt lat="67.9057795" lon="17.93188943">
        <time>2028-04-06T13:57:23Z</time>
      </trkpt>
      <trkpt lat="67.90579635" lon="17.93216678">
        <time>2028-04-06T13:58:12Z</time>
      </trkpt>
      <trkpt lat="67.90583189" lon="17.9324428">
        <time>2028-04-06T13:59:03Z</time>
      </trkpt>
      <trkpt lat="67.90583859" lon="17.93274941">
        <time>2028-04-06T13:59:57Z</time>
      </trkpt>
      <trkpt lat="67.90585376" lon="17.93302149">
        <time>2028-04-06T14:00:45Z</time>
      </trkpt>
      <trkpt lat="67.90585904" lon="17.93312266">
        <time>2028-04-06T14:01:03Z</time>
      </trkpt>
      <trkpt lat="67.90586147" lon="17.93317152">
        <time>2028-04-06T14:01:12Z</time>
      </trkpt>
      <trkpt lat="67.90590439" lon="17.93351853">
        <time>2028-04-06T14:02:16Z</time>
      </trkpt>
      <trkpt lat="67.90595116" lon="17.93374996">
        <time>2028-04-06T14:03:02Z</time>
      </trkpt>
      <trkpt lat="67.90599274" lon="17.93409722">
        <time>2028-04-06T14:04:06Z</time>
      </trkpt>
      <trkpt lat="67.90605661" lon="17.93439796">
        <time>2028-04-06T14:05:07Z</time>
      </trkpt>
      <trkpt lat="67.9061457" lon="17.93481421">
        <time>2028-04-06T14:06:31Z</time>
      </trkpt>
      <trkpt lat="67.90625014" lon="17.93520489">
        <time>2028-04-06T14:07:55Z</time>
      </trkpt>
      <trkpt lat="67.90638509" lon="17.93555299">
        <time>2028-04-06T14:09:23Z</time>
      </trkpt>
      <trkpt lat="67.90652976" lon="17.93594115">
        <time>2028-04-06T14:10:59Z</time>
      </trkpt>
      <trkpt lat="67.90668676" lon="17.93631339">
        <time>2028-04-06T14:12:37Z</time>
      </trkpt>
      <trkpt lat="67.9068005" lon="17.93657994">
        <time>2028-04-06T14:13:48Z</time>
      </trkpt>
      <trkpt lat="67.90691977" lon="17.93679996">
        <time>2028-04-06T14:14:56Z</time>
      </trkpt>
      <trkpt lat="67.90702597" lon="17.93697481">
        <time>2028-04-06T14:15:54Z</time>
      </trkpt>
      <trkpt lat="67.90712069" lon="17.9373292">
        <time>2028-04-06T14:17:10Z</time>
      </trkpt>
      <trkpt lat="67.90726016" lon="17.93789908">
        <time>2028-04-06T14:19:10Z</time>
      </trkpt>
      <trkpt lat="67.90745839" lon="17.93858673">
        <time>2028-04-06T14:21:42Z</time>
      </trkpt>
      <trkpt lat="67.90763274" lon="17.93926978">
        <time>2028-04-06T14:24:07Z</time>
      </trkpt>
      <trkpt lat="67.90767834" lon="17.9395587">
        <time>2028-04-06T14:25:02Z</time>
      </trkpt>
      <trkpt lat="67.90764288" lon="17.94009078">
        <time>2028-04-06T14:26:37Z</time>
      </trkpt>
      <trkpt lat="67.90757247" lon="17.9404331">
        <time>2028-04-06T14:27:45Z</time>
      </trkpt>
      <trkpt lat="67.90765788" lon="17.94072454">
        <time>2028-04-06T14:28:50Z</time>
      </trkpt>
      <trkpt lat="67.9078733" lon="17.94064927">
        <time>2028-04-06T14:30:32Z</time>
      </trkpt>
      <trkpt lat="67.90803348" lon="17.94097876">
        <time>2028-04-06T14:32:06Z</time>
      </trkpt>
      <trkpt lat="67.90851879" lon="17.941538">
        <time>2028-04-06T14:36:13Z</time>
      </trkpt>
      <trkpt lat="67.90876103" lon="17.94212423">
        <time>2028-04-06T14:38:46Z</time>
      </trkpt>
      <trkpt lat="67.90892171" lon="17.94257057">
        <time>2028-04-06T14:40:35Z</time>
      </trkpt>
      <trkpt lat="67.90910359" lon="17.94305462">
        <time>2028-04-06T14:42:35Z</time>
      </trkpt>
      <trkpt lat="67.90929101" lon="17.94346861">
        <time>2028-04-06T14:44:29Z</time>
      </trkpt>
      <trkpt lat="67.90936008" lon="17.94353097">
        <time>2028-04-06T14:45:03Z</time>
      </trkpt>
      <trkpt lat="67.9097091" lon="17.9438877">
        <time>2028-04-06T14:47:57Z</time>
      </trkpt>
      <trkpt lat="67.91029299" lon="17.94419599">
        <time>2028-04-06T14:52:35Z</time>
      </trkpt>
      <trkpt lat="67.91057437" lon="17.94463109">
        <time>2028-04-06T14:55:07Z</time>
      </trkpt>
      <trkpt lat="67.91083437" lon="17.94514935">
        <time>2028-04-06T14:57:39Z</time>
      </trkpt>
      <trkpt lat="67.91097569" lon="17.94560851">
        <time>2028-04-06T14:59:23Z</time>
      </trkpt>
      <trkpt lat="67.91095901" lon="17.94561379">
        <time>2028-04-06T14:59:31Z</time>
      </trkpt>
      <trkpt lat="67.91097712" lon="17.9455925">
        <time>2028-04-06T14:59:40Z</time>
      </trkpt>
      <trkpt lat="67.91107317" lon="17.94573549">
        <time>2028-04-06T15:00:32Z</time>
      </trkpt>
      <trkpt lat="67.9111818" lon="17.94594579">
        <time>2028-04-06T15:01:34Z</time>
      </trkpt>
      <trkpt lat="67.91139127" lon="17.9462871">
        <time>2028-04-06T15:03:29Z</time>
      </trkpt>
      <trkpt lat="67.91159134" lon="17.94658902">
        <time>2028-04-06T15:05:16Z</time>
      </trkpt>
      <trkpt lat="67.9118687" lon="17.94701247">
        <time>2028-04-06T15:07:46Z</time>
      </trkpt>
      <trkpt lat="67.91224999" lon="17.9475728">
        <time>2028-04-06T15:11:09Z</time>
      </trkpt>
      <trkpt lat="67.91241285" lon="17.94774698">
        <time>2028-04-06T15:12:31Z</time>
      </trkpt>
      <trkpt lat="67.9125364" lon="17.94791319">
        <time>2028-04-06T15:13:36Z</time>
      </trkpt>
      <trkpt lat="67.91267982" lon="17.94810288">
        <time>2028-04-06T15:14:51Z</time>
      </trkpt>
      <trkpt lat="67.91285441" lon="17.94833774">
        <time>2028-04-06T15:16:22Z</time>
      </trkpt>
      <trkpt lat="67.91316714" lon="17.94885582">
        <time>2028-04-06T15:19:14Z</time>
      </trkpt>
      <trkpt lat="67.9135771" lon="17.94946904">
        <time>2028-04-06T15:22:54Z</time>
      </trkpt>
      <trkpt lat="67.91366855" lon="17.94958195">
        <time>2028-04-06T15:23:41Z</time>
      </trkpt>
      <trkpt lat="67.91364625" lon="17.94958044">
        <time>2028-04-06T15:23:51Z</time>
      </trkpt>
      <trkpt lat="67.91384272" lon="17.94982871">
        <time>2028-04-06T15:25:33Z</time>
      </trkpt>
      <trkpt lat="67.91398798" lon="17.95004278">
        <time>2028-04-06T15:26:50Z</time>
      </trkpt>
      <trkpt lat="67.91412218" lon="17.95023825">
        <time>2028-04-06T15:28:02Z</time>
      </trkpt>
      <trkpt lat="67.91427489" lon="17.95042802">
        <time>2028-04-06T15:29:20Z</time>
      </trkpt>
      <trkpt lat="67.91443641" lon="17.95063748">
        <time>2028-04-06T15:30:44Z</time>
      </trkpt>
      <trkpt lat="67.91457019" lon="17.95081476">
        <time>2028-04-06T15:31:54Z</time>
      </trkpt>
      <trkpt lat="67.91471905" lon="17.95100134">
        <time>2028-04-06T15:33:11Z</time>
      </trkpt>
      <trkpt lat="67.91488334" lon="17.95124785">
        <time>2028-04-06T15:34:39Z</time>
      </trkpt>
      <trkpt lat="67.91500135" lon="17.95141297">
        <time>2028-04-06T15:35:41Z</time>
      </trkpt>
      <trkpt lat="67.91516815" lon="17.95165228">
        <time>2028-04-06T15:37:10Z</time>
      </trkpt>
      <trkpt lat="67.91531207" lon="17.95189057">
        <time>2028-04-06T15:38:29Z</time>
      </trkpt>
      <trkpt lat="67.91545775" lon="17.95212418">
        <time>2028-04-06T15:39:48Z</time>
      </trkpt>
      <trkpt lat="67.91558775" lon="17.95228478">
        <time>2028-04-06T15:40:55Z</time>
      </trkpt>
      <trkpt lat="67.91574634" lon="17.95253489">
        <time>2028-04-06T15:42:21Z</time>
      </trkpt>
      <trkpt lat="67.9158983" lon="17.9527514">
        <time>2028-04-06T15:43:42Z</time>
      </trkpt>
      <trkpt lat="67.91603325" lon="17.95292633">
        <time>2028-04-06T15:44:52Z</time>
      </trkpt>
      <trkpt lat="67.91619971" lon="17.95316865">
        <time>2028-04-06T15:46:20Z</time>
      </trkpt>
      <trkpt lat="67.91638252" lon="17.95340401">
        <time>2028-04-06T15:47:55Z</time>
      </trkpt>
      <trkpt lat="67.91650238" lon="17.95359311">
        <time>2028-04-06T15:49:00Z</time>
      </trkpt>
      <trkpt lat="67.91662836" lon="17.95379796">
        <time>2028-04-06T15:50:09Z</time>
      </trkpt>
      <trkpt lat="67.91678175" lon="17.95399846">
        <time>2028-04-06T15:51:29Z</time>
      </trkpt>
      <trkpt lat="67.91692718" lon="17.95418914">
        <time>2028-04-06T15:52:45Z</time>
      </trkpt>
      <trkpt lat="67.91704897" lon="17.9543484">
        <time>2028-04-06T15:53:48Z</time>
      </trkpt>
      <trkpt lat="67.91708174" lon="17.95438017">
        <time>2028-04-06T15:54:05Z</time>
      </trkpt>
      <trkpt lat="67.91717755" lon="17.95453381">
        <time>2028-04-06T15:54:57Z</time>
      </trkpt>
      <trkpt lat="67.91728836" lon="17.95470287">
        <time>2028-04-06T15:55:56Z</time>
      </trkpt>
      <trkpt lat="67.91741601" lon="17.95485022">
        <time>2028-04-06T15:57:01Z</time>
      </trkpt>
      <trkpt lat="67.9175295" lon="17.95501803">
        <time>2028-04-06T15:58:02Z</time>
      </trkpt>
      <trkpt lat="67.91766982" lon="17.95522205">
        <time>2028-04-06T15:59:17Z</time>
      </trkpt>
      <trkpt lat="67.91780158" lon="17.95528768">
        <time>2028-04-06T16:00:19Z</time>
      </trkpt>
      <trkpt lat="67.91782614" lon="17.95529287">
        <time>2028-04-06T16:00:31Z</time>
      </trkpt>
      <trkpt lat="67.91801381" lon="17.95533587">
        <time>2028-04-06T16:01:59Z</time>
      </trkpt>
      <trkpt lat="67.9181822" lon="17.95542011">
        <time>2028-04-06T16:03:19Z</time>
      </trkpt>
      <trkpt lat="67.9183407" lon="17.95543134">
        <time>2028-04-06T16:04:33Z</time>
      </trkpt>
      <trkpt lat="67.91852619" lon="17.95544844">
        <time>2028-04-06T16:05:59Z</time>
      </trkpt>
      <trkpt lat="67.91866248" lon="17.95549798">
        <time>2028-04-06T16:07:04Z</time>
      </trkpt>
      <trkpt lat="67.91882769" lon="17.95553016">
        <time>2028-04-06T16:08:21Z</time>
      </trkpt>
      <trkpt lat="67.91900262" lon="17.95554492">
        <time>2028-04-06T16:09:43Z</time>
      </trkpt>
      <trkpt lat="67.91915266" lon="17.95558683">
        <time>2028-04-06T16:10:53Z</time>
      </trkpt>
      <trkpt lat="67.91928509" lon="17.9556217">
        <time>2028-04-06T16:11:55Z</time>
      </trkpt>
      <trkpt lat="67.91945064" lon="17.95564969">
        <time>2028-04-06T16:13:13Z</time>
      </trkpt>
      <trkpt lat="67.91958525" lon="17.95568272">
        <time>2028-04-06T16:14:16Z</time>
      </trkpt>
      <trkpt lat="67.91974761" lon="17.95573795">
        <time>2028-04-06T16:15:32Z</time>
      </trkpt>
      <trkpt lat="67.91988725" lon="17.9557714">
        <time>2028-04-06T16:16:38Z</time>
      </trkpt>
      <trkpt lat="67.92005028" lon="17.95577592">
        <time>2028-04-06T16:17:54Z</time>
      </trkpt>
      <trkpt lat="67.92014499" lon="17.95578363">
        <time>2028-04-06T16:18:38Z</time>
      </trkpt>
      <trkpt lat="67.92029176" lon="17.95586737">
        <time>2028-04-06T16:19:48Z</time>
      </trkpt>
      <trkpt lat="67.92042771" lon="17.95588556">
        <time>2028-04-06T16:20:52Z</time>
      </trkpt>
      <trkpt lat="67.92057146" lon="17.95590425">
        <time>2028-04-06T16:21:59Z</time>
      </trkpt>
      <trkpt lat="67.92074044" lon="17.95593468">
        <time>2028-04-06T16:23:18Z</time>
      </trkpt>
      <trkpt lat="67.92086047" lon="17.95600936">
        <time>2028-04-06T16:24:16Z</time>
      </trkpt>
      <trkpt lat="67.92090448" lon="17.95601925">
        <time>2028-04-06T16:24:36Z</time>
      </trkpt>
      <trkpt lat="67.92103532" lon="17.95601137">
        <time>2028-04-06T16:25:37Z</time>
      </trkpt>
      <trkpt lat="67.92116566" lon="17.95602922">
        <time>2028-04-06T16:26:38Z</time>
      </trkpt>
      <trkpt lat="67.92131066" lon="17.95607884">
        <time>2028-04-06T16:27:47Z</time>
      </trkpt>
      <trkpt lat="67.92149423" lon="17.9561174">
        <time>2028-04-06T16:29:13Z</time>
      </trkpt>
      <trkpt lat="67.92166648" lon="17.95613836">
        <time>2028-04-06T16:30:33Z</time>
      </trkpt>
      <trkpt lat="67.92181131" lon="17.95612914">
        <time>2028-04-06T16:31:41Z</time>
      </trkpt>
      <trkpt lat="67.92184752" lon="17.95612411">
        <time>2028-04-06T16:31:58Z</time>
      </trkpt>
      <trkpt lat="67.92200929" lon="17.95614691">
        <time>2028-04-06T16:33:13Z</time>
      </trkpt>
      <trkpt lat="67.9221864" lon="17.95617532">
        <time>2028-04-06T16:34:36Z</time>
      </trkpt>
      <trkpt lat="67.92233753" lon="17.95619267">
        <time>2028-04-06T16:35:47Z</time>
      </trkpt>
      <trkpt lat="67.92249721" lon="17.95624246">
        <time>2028-04-06T16:37:02Z</time>
      </trkpt>
      <trkpt lat="67.92264347" lon="17.95628319">
        <time>2028-04-06T16:38:10Z</time>
      </trkpt>
      <trkpt lat="67.92279677" lon="17.95629225">
        <time>2028-04-06T16:39:22Z</time>
      </trkpt>
      <trkpt lat="67.92292493" lon="17.95627104">
        <time>2028-04-06T16:40:22Z</time>
      </trkpt>
      <trkpt lat="67.92301093" lon="17.95620918">
        <time>2028-04-06T16:41:04Z</time>
      </trkpt>
      <trkpt lat="67.9231023" lon="17.95614758">
        <time>2028-04-06T16:41:48Z</time>
      </trkpt>
      <trkpt lat="67.92318402" lon="17.95611966">
        <time>2028-04-06T16:42:26Z</time>
      </trkpt>
      <trkpt lat="67.923239" lon="17.95626174">
        <time>2028-04-06T16:43:02Z</time>
      </trkpt>
      <trkpt lat="67.92329835" lon="17.95643424">
        <time>2028-04-06T16:43:43Z</time>
      </trkpt>
      <trkpt lat="67.92340287" lon="17.95678795">
        <time>2028-04-06T16:45:02Z</time>
      </trkpt>
      <trkpt lat="67.92349683" lon="17.9570845">
        <time>2028-04-06T16:46:10Z</time>
      </trkpt>
      <trkpt lat="67.92361753" lon="17.95747745">
        <time>2028-04-06T16:47:39Z</time>
      </trkpt>
      <trkpt lat="67.92362105" lon="17.9575119">
        <time>2028-04-06T16:47:45Z</time>
      </trkpt>
      <trkpt lat="67.92360965" lon="17.95750829">
        <time>2028-04-06T16:47:51Z</time>
      </trkpt>
      <trkpt lat="67.92362063" lon="17.95749312">
        <time>2028-04-06T16:47:56Z</time>
      </trkpt>
      <trkpt lat="67.92363245" lon="17.95748348">
        <time>2028-04-06T16:48:02Z</time>
      </trkpt>
      <trkpt lat="67.92361644" lon="17.95747133">
        <time>2028-04-06T16:48:10Z</time>
      </trkpt>
      <trkpt lat="67.92363832" lon="17.95752338">
        <time>2028-04-06T16:48:24Z</time>
      </trkpt>
      <trkpt lat="67.92362985" lon="17.95753914">
        <time>2028-04-06T16:48:28Z</time>
      </trkpt>
      <trkpt lat="67.92363547" lon="17.95752975">
        <time>2028-04-06T16:48:32Z</time>
      </trkpt>
      <trkpt lat="67.92362893" lon="17.95753411">
        <time>2028-04-06T16:48:35Z</time>
      </trkpt>
      <trkpt lat="67.92362809" lon="17.95753193">
        <time>2028-04-06T16:48:35Z</time>
      </trkpt>
      <trkpt lat="67.9236431" lon="17.9575233">
        <time>2028-04-06T16:48:42Z</time>
      </trkpt>
      <trkpt lat="67.92370336" lon="17.95763235">
        <time>2028-04-06T16:49:16Z</time>
      </trkpt>
      <trkpt lat="67.92376212" lon="17.95775162">
        <time>2028-04-06T16:49:51Z</time>
      </trkpt>
      <trkpt lat="67.92385457" lon="17.95788791">
        <time>2028-04-06T16:50:40Z</time>
      </trkpt>
      <trkpt lat="67.92396781" lon="17.95805924">
        <time>2028-04-06T16:51:41Z</time>
      </trkpt>
      <trkpt lat="67.92408507" lon="17.95821631">
        <time>2028-04-06T16:52:42Z</time>
      </trkpt>
      <trkpt lat="67.92422405" lon="17.9583894">
        <time>2028-04-06T16:53:54Z</time>
      </trkpt>
      <trkpt lat="67.92435816" lon="17.95857129">
        <time>2028-04-06T16:55:04Z</time>
      </trkpt>
      <trkpt lat="67.92449679" lon="17.95871722">
        <time>2028-04-06T16:56:14Z</time>
      </trkpt>
      <trkpt lat="67.92461674" lon="17.95888184">
        <time>2028-04-06T16:57:17Z</time>
      </trkpt>
      <trkpt lat="67.92475646" lon="17.95903908">
        <time>2028-04-06T16:58:28Z</time>
      </trkpt>
      <trkpt lat="67.92486878" lon="17.95917319">
        <time>2028-04-06T16:59:25Z</time>
      </trkpt>
      <trkpt lat="67.92494833" lon="17.95926757">
        <time>2028-04-06T17:00:06Z</time>
      </trkpt>
      <trkpt lat="67.92504111" lon="17.95937176">
        <time>2028-04-06T17:00:53Z</time>
      </trkpt>
      <trkpt lat="67.92512191" lon="17.95939213">
        <time>2028-04-06T17:01:31Z</time>
      </trkpt>
      <trkpt lat="67.92519601" lon="17.959471">
        <time>2028-04-06T17:02:08Z</time>
      </trkpt>
      <trkpt lat="67.92531277" lon="17.95959095">
        <time>2028-04-06T17:03:07Z</time>
      </trkpt>
      <trkpt lat="67.92540229" lon="17.95968952">
        <time>2028-04-06T17:03:52Z</time>
      </trkpt>
      <trkpt lat="67.92551528" lon="17.95982162">
        <time>2028-04-06T17:04:49Z</time>
      </trkpt>
      <trkpt lat="67.92561402" lon="17.95994793">
        <time>2028-04-06T17:05:41Z</time>
      </trkpt>
      <trkpt lat="67.92571384" lon="17.96007978">
        <time>2028-04-06T17:06:33Z</time>
      </trkpt>
      <trkpt lat="67.92582373" lon="17.96019687">
        <time>2028-04-06T17:07:28Z</time>
      </trkpt>
      <trkpt lat="67.92591275" lon="17.96030835">
        <time>2028-04-06T17:08:14Z</time>
      </trkpt>
      <trkpt lat="67.92598978" lon="17.96043207">
        <time>2028-04-06T17:08:56Z</time>
      </trkpt>
      <trkpt lat="67.92605356" lon="17.96053927">
        <time>2028-04-06T17:09:31Z</time>
      </trkpt>
      <trkpt lat="67.92616186" lon="17.96068445">
        <time>2028-04-06T17:10:28Z</time>
      </trkpt>
      <trkpt lat="67.92629396" lon="17.96082753">
        <time>2028-04-06T17:11:34Z</time>
      </trkpt>
      <trkpt lat="67.92639865" lon="17.96095468">
        <time>2028-04-06T17:12:28Z</time>
      </trkpt>
      <trkpt lat="67.92652681" lon="17.96113992">
        <time>2028-04-06T17:13:36Z</time>
      </trkpt>
      <trkpt lat="67.92663996" lon="17.96128962">
        <time>2028-04-06T17:14:35Z</time>
      </trkpt>
      <trkpt lat="67.92679612" lon="17.96146464">
        <time>2028-04-06T17:15:54Z</time>
      </trkpt>
      <trkpt lat="67.9270086" lon="17.96165918">
        <time>2028-04-06T17:17:39Z</time>
      </trkpt>
      <trkpt lat="67.92719434" lon="17.96186504">
        <time>2028-04-06T17:19:13Z</time>
      </trkpt>
      <trkpt lat="67.92726316" lon="17.96192958">
        <time>2028-04-06T17:19:47Z</time>
      </trkpt>
      <trkpt lat="67.92733708" lon="17.96201248">
        <time>2028-04-06T17:20:25Z</time>
      </trkpt>
      <trkpt lat="67.92756842" lon="17.96224675">
        <time>2028-04-06T17:22:20Z</time>
      </trkpt>
      <trkpt lat="67.92772869" lon="17.96238287">
        <time>2028-04-06T17:23:39Z</time>
      </trkpt>
      <trkpt lat="67.92789532" lon="17.9625521">
        <time>2028-04-06T17:25:02Z</time>
      </trkpt>
      <trkpt lat="67.92802197" lon="17.96270717">
        <time>2028-04-06T17:26:07Z</time>
      </trkpt>
      <trkpt lat="67.92817226" lon="17.96288772">
        <time>2028-04-06T17:27:24Z</time>
      </trkpt>
      <trkpt lat="67.92832967" lon="17.96303608">
        <time>2028-04-06T17:28:42Z</time>
      </trkpt>
      <trkpt lat="67.92847568" lon="17.96318703">
        <time>2028-04-06T17:29:55Z</time>
      </trkpt>
      <trkpt lat="67.92864131" lon="17.96338812">
        <time>2028-04-06T17:31:20Z</time>
      </trkpt>
      <trkpt lat="67.92880534" lon="17.96356221">
        <time>2028-04-06T17:32:43Z</time>
      </trkpt>
      <trkpt lat="67.92894733" lon="17.96372976">
        <time>2028-04-06T17:33:55Z</time>
      </trkpt>
      <trkpt lat="67.92895563" lon="17.96373974">
        <time>2028-04-06T17:34:00Z</time>
      </trkpt>
      <trkpt lat="67.92909469" lon="17.96391643">
        <time>2028-04-06T17:35:11Z</time>
      </trkpt>
      <trkpt lat="67.92923181" lon="17.96403763">
        <time>2028-04-06T17:36:19Z</time>
      </trkpt>
      <trkpt lat="67.92929292" lon="17.96409982">
        <time>2028-04-06T17:36:49Z</time>
      </trkpt>
      <trkpt lat="67.92947338" lon="17.9643351">
        <time>2028-04-06T17:38:23Z</time>
      </trkpt>
      <trkpt lat="67.92949593" lon="17.96437098">
        <time>2028-04-06T17:38:36Z</time>
      </trkpt>
      <trkpt lat="67.92966407" lon="17.96453283">
        <time>2028-04-06T17:39:59Z</time>
      </trkpt>
      <trkpt lat="67.92984755" lon="17.9647288">
        <time>2028-04-06T17:41:31Z</time>
      </trkpt>
      <trkpt lat="67.92993966" lon="17.96483349">
        <time>2028-04-06T17:42:18Z</time>
      </trkpt>
      <trkpt lat="67.93003203" lon="17.96495821">
        <time>2028-04-06T17:43:06Z</time>
      </trkpt>
      <trkpt lat="67.93009934" lon="17.96507841">
        <time>2028-04-06T17:43:44Z</time>
      </trkpt>
      <trkpt lat="67.93018743" lon="17.96515636">
        <time>2028-04-06T17:44:28Z</time>
      </trkpt>
      <trkpt lat="67.93028852" lon="17.96524789">
        <time>2028-04-06T17:45:18Z</time>
      </trkpt>
      <trkpt lat="67.93041894" lon="17.96535878">
        <time>2028-04-06T17:46:21Z</time>
      </trkpt>
      <trkpt lat="67.93053579" lon="17.96547563">
        <time>2028-04-06T17:47:20Z</time>
      </trkpt>
      <trkpt lat="67.93064978" lon="17.96559859">
        <time>2028-04-06T17:48:17Z</time>
      </trkpt>
      <trkpt lat="67.93077534" lon="17.96569507">
        <time>2028-04-06T17:49:18Z</time>
      </trkpt>
      <trkpt lat="67.93090048" lon="17.96583781">
        <time>2028-04-06T17:50:22Z</time>
      </trkpt>
      <trkpt lat="67.93100618" lon="17.96597075">
        <time>2028-04-06T17:51:16Z</time>
      </trkpt>
      <trkpt lat="67.93112445" lon="17.96613704">
        <time>2028-04-06T17:52:19Z</time>
      </trkpt>
      <trkpt lat="67.93126367" lon="17.96626763">
        <time>2028-04-06T17:53:28Z</time>
      </trkpt>
      <trkpt lat="67.93140566" lon="17.9664206">
        <time>2028-04-06T17:54:39Z</time>
      </trkpt>
      <trkpt lat="67.93158813" lon="17.96663887">
        <time>2028-04-06T17:56:13Z</time>
      </trkpt>
      <trkpt lat="67.93174488" lon="17.96677633">
        <time>2028-04-06T17:57:30Z</time>
      </trkpt>
      <trkpt lat="67.93186331" lon="17.96693525">
        <time>2028-04-06T17:58:32Z</time>
      </trkpt>
      <trkpt lat="67.93200849" lon="17.96707397">
        <time>2028-04-06T17:59:44Z</time>
      </trkpt>
      <trkpt lat="67.93215576" lon="17.96725217">
        <time>2028-04-06T18:00:59Z</time>
      </trkpt>
      <trkpt lat="67.93232532" lon="17.96745401">
        <time>2028-04-06T18:02:26Z</time>
      </trkpt>
      <trkpt lat="67.93245642" lon="17.9675991">
        <time>2028-04-06T18:03:32Z</time>
      </trkpt>
      <trkpt lat="67.93258432" lon="17.96772801">
        <time>2028-04-06T18:04:36Z</time>
      </trkpt>
      <trkpt lat="67.93275431" lon="17.96785424">
        <time>2028-04-06T18:05:59Z</time>
      </trkpt>
      <trkpt lat="67.9329051" lon="17.96788677">
        <time>2028-04-06T18:07:09Z</time>
      </trkpt>
      <trkpt lat="67.9330377" lon="17.96789674">
        <time>2028-04-06T18:08:11Z</time>
      </trkpt>
      <trkpt lat="67.93319897" lon="17.96791485">
        <time>2028-04-06T18:09:26Z</time>
      </trkpt>
      <trkpt lat="67.93334397" lon="17.96791744">
        <time>2028-04-06T18:10:34Z</time>
      </trkpt>
      <trkpt lat="67.93347507" lon="17.96790387">
        <time>2028-04-06T18:11:35Z</time>
      </trkpt>
      <trkpt lat="67.93360901" lon="17.96791376">
        <time>2028-04-06T18:12:38Z</time>
      </trkpt>
      <trkpt lat="67.93367288" lon="17.96798131">
        <time>2028-04-06T18:13:10Z</time>
      </trkpt>
      <trkpt lat="67.93367087" lon="17.96803077">
        <time>2028-04-06T18:13:19Z</time>
      </trkpt>
      <trkpt lat="67.93368386" lon="17.96799397">
        <time>2028-04-06T18:13:28Z</time>
      </trkpt>
      <trkpt lat="67.93367347" lon="17.96800453">
        <time>2028-04-06T18:13:33Z</time>
      </trkpt>
      <trkpt lat="67.93369249" lon="17.96796396">
        <time>2028-04-06T18:13:44Z</time>
      </trkpt>
      <trkpt lat="67.93376139" lon="17.9680798">
        <time>2028-04-06T18:14:22Z</time>
      </trkpt>
      <trkpt lat="67.93393498" lon="17.96833168">
        <time>2028-04-06T18:15:55Z</time>
      </trkpt>
      <trkpt lat="67.93408259" lon="17.96857148">
        <time>2028-04-06T18:17:15Z</time>
      </trkpt>
      <trkpt lat="67.9342193" lon="17.96870853">
        <time>2028-04-06T18:18:24Z</time>
      </trkpt>
      <trkpt lat="67.93435626" lon="17.96876209">
        <time>2028-04-06T18:19:28Z</time>
      </trkpt>
      <trkpt lat="67.93446355" lon="17.96875446">
        <time>2028-04-06T18:20:18Z</time>
      </trkpt>
      <trkpt lat="67.93460595" lon="17.96877684">
        <time>2028-04-06T18:21:25Z</time>
      </trkpt>
      <trkpt lat="67.93472322" lon="17.96876729">
        <time>2028-04-06T18:22:20Z</time>
      </trkpt>
      <trkpt lat="67.93484132" lon="17.96871549">
        <time>2028-04-06T18:23:16Z</time>
      </trkpt>
      <trkpt lat="67.93490116" lon="17.96864516">
        <time>2028-04-06T18:23:46Z</time>
      </trkpt>
      <trkpt lat="67.93495883" lon="17.96845414">
        <time>2028-04-06T18:24:29Z</time>
      </trkpt>
      <trkpt lat="67.93501491" lon="17.96820184">
        <time>2028-04-06T18:25:21Z</time>
      </trkpt>
      <trkpt lat="67.93507953" lon="17.96796891">
        <time>2028-04-06T18:26:11Z</time>
      </trkpt>
      <trkpt lat="67.93513644" lon="17.96774092">
        <time>2028-04-06T18:26:59Z</time>
      </trkpt>
      <trkpt lat="67.93520107" lon="17.96751553">
        <time>2028-04-06T18:27:49Z</time>
      </trkpt>
      <trkpt lat="67.93521783" lon="17.96727304">
        <time>2028-04-06T18:28:32Z</time>
      </trkpt>
      <trkpt lat="67.93525765" lon="17.96722912">
        <time>2028-04-06T18:28:52Z</time>
      </trkpt>
      <trkpt lat="67.93531129" lon="17.96735167">
        <time>2028-04-06T18:29:25Z</time>
      </trkpt>
      <trkpt lat="67.9353724" lon="17.96725661">
        <time>2028-04-06T18:29:58Z</time>
      </trkpt>
      <trkpt lat="67.93535932" lon="17.96725209">
        <time>2028-04-06T18:30:05Z</time>
      </trkpt>
      <trkpt lat="67.93537097" lon="17.96725418">
        <time>2028-04-06T18:30:10Z</time>
      </trkpt>
      <trkpt lat="67.93534457" lon="17.96727438">
        <time>2028-04-06T18:30:23Z</time>
      </trkpt>
      <trkpt lat="67.93533074" lon="17.96727045">
        <time>2028-04-06T18:30:29Z</time>
      </trkpt>
      <trkpt lat="67.93533711" lon="17.96726894">
        <time>2028-04-06T18:30:32Z</time>
      </trkpt>
      <trkpt lat="67.93533141" lon="17.96729668">
        <time>2028-04-06T18:30:38Z</time>
      </trkpt>
      <trkpt lat="67.93534666" lon="17.96750723">
        <time>2028-04-06T18:31:16Z</time>
      </trkpt>
      <trkpt lat="67.93535396" lon="17.96752618">
        <time>2028-04-06T18:31:20Z</time>
      </trkpt>
      <trkpt lat="67.93544683" lon="17.96778467">
        <time>2028-04-06T18:32:23Z</time>
      </trkpt>
      <trkpt lat="67.93551832" lon="17.96787914">
        <time>2028-04-06T18:33:00Z</time>
      </trkpt>
      <trkpt lat="67.93560298" lon="17.96780756">
        <time>2028-04-06T18:33:42Z</time>
      </trkpt>
      <trkpt lat="67.93561723" lon="17.9677146">
        <time>2028-04-06T18:33:59Z</time>
      </trkpt>
      <trkpt lat="67.93560432" lon="17.96770714">
        <time>2028-04-06T18:34:06Z</time>
      </trkpt>
      <trkpt lat="67.9356065" lon="17.96765895">
        <time>2028-04-06T18:34:14Z</time>
      </trkpt>
      <trkpt lat="67.93561346" lon="17.96772986">
        <time>2028-04-06T18:34:27Z</time>
      </trkpt>
      <trkpt lat="67.93559276" lon="17.96767822">
        <time>2028-04-06T18:34:40Z</time>
      </trkpt>
      <trkpt lat="67.93560022" lon="17.96770371">
        <time>2028-04-06T18:34:46Z</time>
      </trkpt>
      <trkpt lat="67.93557867" lon="17.96770396">
        <time>2028-04-06T18:34:56Z</time>
      </trkpt>
      <trkpt lat="67.93558773" lon="17.9678234">
        <time>2028-04-06T18:35:17Z</time>
      </trkpt>
      <trkpt lat="67.93557859" lon="17.96782482">
        <time>2028-04-06T18:35:22Z</time>
      </trkpt>
      <trkpt lat="67.93551547" lon="17.96787704">
        <time>2028-04-06T18:35:52Z</time>
      </trkpt>
      <trkpt lat="67.93552394" lon="17.96787445">
        <time>2028-04-06T18:35:56Z</time>
      </trkpt>
      <trkpt lat="67.93558538" lon="17.96780077">
        <time>2028-04-06T18:36:28Z</time>
      </trkpt>
      <trkpt lat="67.93565009" lon="17.96754537">
        <time>2028-04-06T18:37:22Z</time>
      </trkpt>
      <trkpt lat="67.93564196" lon="17.9674188">
        <time>2028-04-06T18:37:44Z</time>
      </trkpt>
      <trkpt lat="67.9356329" lon="17.96730255">
        <time>2028-04-06T18:38:05Z</time>
      </trkpt>
      <trkpt lat="67.9355573" lon="17.96715285">
        <time>2028-04-06T18:38:49Z</time>
      </trkpt>
      <trkpt lat="67.93553794" lon="17.96709836">
        <time>2028-04-06T18:39:02Z</time>
      </trkpt>
      <trkpt lat="67.93551765" lon="17.9670588">
        <time>2028-04-06T18:39:14Z</time>
      </trkpt>
      <trkpt lat="67.93541724" lon="17.96684104">
        <time>2028-04-06T18:40:15Z</time>
      </trkpt>
      <trkpt lat="67.93535605" lon="17.96683894">
        <time>2028-04-06T18:40:43Z</time>
      </trkpt>
      <trkpt lat="67.93531322" lon="17.96680156">
        <time>2028-04-06T18:41:04Z</time>
      </trkpt>
      <trkpt lat="67.93532168" lon="17.96676569">
        <time>2028-04-06T18:41:12Z</time>
      </trkpt>
      <trkpt lat="67.93531582" lon="17.96688563">
        <time>2028-04-06T18:41:33Z</time>
      </trkpt>
      <trkpt lat="67.93526963" lon="17.9671189">
        <time>2028-04-06T18:42:19Z</time>
      </trkpt>
      <trkpt lat="67.93520425" lon="17.96724346">
        <time>2028-04-06T18:42:57Z</time>
      </trkpt>
      <trkpt lat="67.93522521" lon="17.96723591">
        <time>2028-04-06T18:43:07Z</time>
      </trkpt>
      <trkpt lat="67.93522202" lon="17.967236">
        <time>2028-04-06T18:43:08Z</time>
      </trkpt>
      <trkpt lat="67.93521415" lon="17.96724983">
        <time>2028-04-06T18:43:12Z</time>
      </trkpt>
      <trkpt lat="67.93525496" lon="17.96734815">
        <time>2028-04-06T18:43:38Z</time>
      </trkpt>
      <trkpt lat="67.9353501" lon="17.96739559">
        <time>2028-04-06T18:44:23Z</time>
      </trkpt>
      <trkpt lat="67.93536519" lon="17.96729551">
        <time>2028-04-06T18:44:42Z</time>
      </trkpt>
      <trkpt lat="67.93535437" lon="17.96718135">
        <time>2028-04-06T18:45:03Z</time>
      </trkpt>
      <trkpt lat="67.93536728" lon="17.96723398">
        <time>2028-04-06T18:45:14Z</time>
      </trkpt>
      <trkpt lat="67.93532956" lon="17.967424">
        <time>2028-04-06T18:45:52Z</time>
      </trkpt>
      <trkpt lat="67.93538941" lon="17.9676856">
        <time>2028-04-06T18:46:45Z</time>
      </trkpt>
      <trkpt lat="67.93542948" lon="17.96783321">
        <time>2028-04-06T18:47:17Z</time>
      </trkpt>
      <trkpt lat="67.93545269" lon="17.9678757">
        <time>2028-04-06T18:47:30Z</time>
      </trkpt>
      <trkpt lat="67.93556233" lon="17.96783228">
        <time>2028-04-06T18:48:22Z</time>
      </trkpt>
      <trkpt lat="67.93557465" lon="17.96780907">
        <time>2028-04-06T18:48:29Z</time>
      </trkpt>
      <trkpt lat="67.93557926" lon="17.96767378">
        <time>2028-04-06T18:48:53Z</time>
      </trkpt>
      <trkpt lat="67.9355998" lon="17.96772206">
        <time>2028-04-06T18:49:06Z</time>
      </trkpt>
      <trkpt lat="67.93557549" lon="17.96775676">
        <time>2028-04-06T18:49:19Z</time>
      </trkpt>
      <trkpt lat="67.93560055" lon="17.96778635">
        <time>2028-04-06T18:49:32Z</time>
      </trkpt>
      <trkpt lat="67.93560114" lon="17.96778543">
        <time>2028-04-06T18:49:32Z</time>
      </trkpt>
      <trkpt lat="67.93559887" lon="17.96774184">
        <time>2028-04-06T18:49:40Z</time>
      </trkpt>
      <trkpt lat="67.93558664" lon="17.96770438">
        <time>2028-04-06T18:49:48Z</time>
      </trkpt>
      <trkpt lat="67.93557893" lon="17.96764612">
        <time>2028-04-06T18:49:59Z</time>
      </trkpt>
      <trkpt lat="67.9356661" lon="17.96790722">
        <time>2028-04-06T18:51:00Z</time>
      </trkpt>
      <trkpt lat="67.93559133" lon="17.96767973">
        <time>2028-04-06T18:51:53Z</time>
      </trkpt>
      <trkpt lat="67.93557599" lon="17.96753942">
        <time>2028-04-06T18:52:19Z</time>
      </trkpt>
      <trkpt lat="67.9355796" lon="17.96758611">
        <time>2028-04-06T18:52:27Z</time>
      </trkpt>
      <trkpt lat="67.93557733" lon="17.96760815">
        <time>2028-04-06T18:52:31Z</time>
      </trkpt>
      <trkpt lat="67.93561178" lon="17.96775056">
        <time>2028-04-06T18:53:01Z</time>
      </trkpt>
      <trkpt lat="67.93562855" lon="17.96774712">
        <time>2028-04-06T18:53:09Z</time>
      </trkpt>
      <trkpt lat="67.93554456" lon="17.96757454">
        <time>2028-04-06T18:53:59Z</time>
      </trkpt>
      <trkpt lat="67.93559133" lon="17.96767881">
        <time>2028-04-06T18:54:27Z</time>
      </trkpt>
      <trkpt lat="67.93556744" lon="17.96757823">
        <time>2028-04-06T18:54:48Z</time>
      </trkpt>
      <trkpt lat="67.93556258" lon="17.96750371">
        <time>2028-04-06T18:55:01Z</time>
      </trkpt>
      <trkpt lat="67.93554096" lon="17.96758695">
        <time>2028-04-06T18:55:19Z</time>
      </trkpt>
      <trkpt lat="67.93552444" lon="17.96746708">
        <time>2028-04-06T18:55:41Z</time>
      </trkpt>
      <trkpt lat="67.93553819" lon="17.96759734">
        <time>2028-04-06T18:56:05Z</time>
      </trkpt>
      <trkpt lat="67.93556945" lon="17.96756188">
        <time>2028-04-06T18:56:21Z</time>
      </trkpt>
      <trkpt lat="67.93564489" lon="17.96764143">
        <time>2028-04-06T18:56:59Z</time>
      </trkpt>
      <trkpt lat="67.93565202" lon="17.96773614">
        <time>2028-04-06T18:57:16Z</time>
      </trkpt>
      <trkpt lat="67.93561799" lon="17.96768476">
        <time>2028-04-06T18:57:34Z</time>
      </trkpt>
      <trkpt lat="67.9356055" lon="17.96762575">
        <time>2028-04-06T18:57:46Z</time>
      </trkpt>
      <trkpt lat="67.93558261" lon="17.96750698">
        <time>2028-04-06T18:58:09Z</time>
      </trkpt>
      <trkpt lat="67.93559049" lon="17.96751478">
        <time>2028-04-06T18:58:13Z</time>
      </trkpt>
      <trkpt lat="67.93556644" lon="17.96753087">
        <time>2028-04-06T18:58:25Z</time>
      </trkpt>
      <trkpt lat="67.93565671" lon="17.96761427">
        <time>2028-04-06T18:59:09Z</time>
      </trkpt>
      <trkpt lat="67.93561966" lon="17.967582">
        <time>2028-04-06T18:59:28Z</time>
      </trkpt>
      <trkpt lat="67.93560818" lon="17.96761511">
        <time>2028-04-06T18:59:35Z</time>
      </trkpt>
      <trkpt lat="67.93559787" lon="17.9676271">
        <time>2028-04-06T18:59:41Z</time>
      </trkpt>
      <trkpt lat="67.93559846" lon="17.96758217">
        <time>2028-04-06T18:59:49Z</time>
      </trkpt>
      <trkpt lat="67.93561832" lon="17.96757471">
        <time>2028-04-06T18:59:58Z</time>
      </trkpt>
      <trkpt lat="67.93563852" lon="17.96753707">
        <time>2028-04-06T19:00:10Z</time>
      </trkpt>
      <trkpt lat="67.93563182" lon="17.9675597">
        <time>2028-04-06T19:00:15Z</time>
      </trkpt>
      <trkpt lat="67.93566057" lon="17.96760681">
        <time>2028-04-06T19:00:30Z</time>
      </trkpt>
      <trkpt lat="67.93559284" lon="17.96764914">
        <time>2028-04-06T19:01:03Z</time>
      </trkpt>
      <trkpt lat="67.93560793" lon="17.96756725">
        <time>2028-04-06T19:01:19Z</time>
      </trkpt>
      <trkpt lat="67.93567381" lon="17.96743398">
        <time>2028-04-06T19:01:57Z</time>
      </trkpt>
      <trkpt lat="67.93556811" lon="17.96758032">
        <time>2028-04-06T19:02:53Z</time>
      </trkpt>
      <trkpt lat="67.93549544" lon="17.96773086">
        <time>2028-04-06T19:03:36Z</time>
      </trkpt>
      <trkpt lat="67.93561983" lon="17.96764554">
        <time>2028-04-06T19:04:36Z</time>
      </trkpt>
      <trkpt lat="67.93561455" lon="17.96756205">
        <time>2028-04-06T19:04:51Z</time>
      </trkpt>
      <trkpt lat="67.93561606" lon="17.96758686">
        <time>2028-04-06T19:04:55Z</time>
      </trkpt>
      <trkpt lat="67.93560684" lon="17.96761729">
        <time>2028-04-06T19:05:02Z</time>
      </trkpt>
      <trkpt lat="67.93557675" lon="17.9676136">
        <time>2028-04-06T19:05:16Z</time>
      </trkpt>
      <trkpt lat="67.9356008" lon="17.96762802">
        <time>2028-04-06T19:05:28Z</time>
      </trkpt>
      <trkpt lat="67.93558119" lon="17.96754923">
        <time>2028-04-06T19:05:44Z</time>
      </trkpt>
      <trkpt lat="67.93557105" lon="17.96757672">
        <time>2028-04-06T19:05:51Z</time>
      </trkpt>
      <trkpt lat="67.93558848" lon="17.96761117">
        <time>2028-04-06T19:06:01Z</time>
      </trkpt>
      <trkpt lat="67.93562511" lon="17.96747547">
        <time>2028-04-06T19:06:31Z</time>
      </trkpt>
      <trkpt lat="67.93562997" lon="17.96751469">
        <time>2028-04-06T19:06:38Z</time>
      </trkpt>
      <trkpt lat="67.93564724" lon="17.96748871">
        <time>2028-04-06T19:06:47Z</time>
      </trkpt>
      <trkpt lat="67.93557314" lon="17.96737991">
        <time>2028-04-06T19:07:27Z</time>
      </trkpt>
      <trkpt lat="67.93559032" lon="17.96730766">
        <time>2028-04-06T19:07:42Z</time>
      </trkpt>
      <trkpt lat="67.93554137" lon="17.9673375">
        <time>2028-04-06T19:08:05Z</time>
      </trkpt>
      <trkpt lat="67.93563492" lon="17.96755157">
        <time>2028-04-06T19:09:03Z</time>
      </trkpt>
      <trkpt lat="67.93579862" lon="17.96783488">
        <time>2028-04-06T19:10:34Z</time>
      </trkpt>
      <trkpt lat="67.93570407" lon="17.96768694">
        <time>2028-04-06T19:11:25Z</time>
      </trkpt>
      <trkpt lat="67.9356371" lon="17.96758032">
        <time>2028-04-06T19:12:01Z</time>
      </trkpt>
      <trkpt lat="67.93564363" lon="17.96760195">
        <time>2028-04-06T19:12:06Z</time>
      </trkpt>
      <trkpt lat="67.93564456" lon="17.9676908">
        <time>2028-04-06T19:12:22Z</time>
      </trkpt>
      <trkpt lat="67.93564573" lon="17.96763062">
        <time>2028-04-06T19:12:32Z</time>
      </trkpt>
      <trkpt lat="67.93556375" lon="17.96757965">
        <time>2028-04-06T19:13:12Z</time>
      </trkpt>
      <trkpt lat="67.93556468" lon="17.96768292">
        <time>2028-04-06T19:13:30Z</time>
      </trkpt>
      <trkpt lat="67.9355335" lon="17.96766791">
        <time>2028-04-06T19:13:45Z</time>
      </trkpt>
      <trkpt lat="67.93552461" lon="17.96784033">
        <time>2028-04-06T19:14:15Z</time>
      </trkpt>
      <trkpt lat="67.93550977" lon="17.9677752">
        <time>2028-04-06T19:14:29Z</time>
      </trkpt>
      <trkpt lat="67.93559049" lon="17.96762751">
        <time>2028-04-06T19:15:14Z</time>
      </trkpt>
      <trkpt lat="67.93569351" lon="17.96744663">
        <time>2028-04-06T19:16:12Z</time>
      </trkpt>
      <trkpt lat="67.9356148" lon="17.96755476">
        <time>2028-04-06T19:16:53Z</time>
      </trkpt>
      <trkpt lat="67.93550273" lon="17.96765174">
        <time>2028-04-06T19:17:48Z</time>
      </trkpt>
      <trkpt lat="67.93555931" lon="17.96762701">
        <time>2028-04-06T19:18:15Z</time>
      </trkpt>
      <trkpt lat="67.93562586" lon="17.96751268">
        <time>2028-04-06T19:18:52Z</time>
      </trkpt>
      <trkpt lat="67.9356723" lon="17.9673463">
        <time>2028-04-06T19:19:28Z</time>
      </trkpt>
      <trkpt lat="67.93555604" lon="17.96767361">
        <time>2028-04-06T19:20:47Z</time>
      </trkpt>
      <trkpt lat="67.93558697" lon="17.96766875">
        <time>2028-04-06T19:21:02Z</time>
      </trkpt>
      <trkpt lat="67.93555437" lon="17.96765249">
        <time>2028-04-06T19:21:17Z</time>
      </trkpt>
      <trkpt lat="67.93550483" lon="17.96767755">
        <time>2028-04-06T19:21:41Z</time>
      </trkpt>
      <trkpt lat="67.93531347" lon="17.96786967">
        <time>2028-04-06T19:23:16Z</time>
      </trkpt>
      <trkpt lat="67.93540349" lon="17.96774411">
        <time>2028-04-06T19:24:04Z</time>
      </trkpt>
      <trkpt lat="67.93549276" lon="17.96771812">
        <time>2028-04-06T19:24:46Z</time>
      </trkpt>
      <trkpt lat="67.9355143" lon="17.96766289">
        <time>2028-04-06T19:25:00Z</time>
      </trkpt>
      <trkpt lat="67.93551145" lon="17.96766498">
        <time>2028-04-06T19:25:01Z</time>
      </trkpt>
      <trkpt lat="67.93549494" lon="17.96773514">
        <time>2028-04-06T19:25:16Z</time>
      </trkpt>
      <trkpt lat="67.9355573" lon="17.96769063">
        <time>2028-04-06T19:25:46Z</time>
      </trkpt>
      <trkpt lat="67.93557951" lon="17.96763271">
        <time>2028-04-06T19:26:00Z</time>
      </trkpt>
      <trkpt lat="67.93558991" lon="17.96766087">
        <time>2028-04-06T19:26:07Z</time>
      </trkpt>
      <trkpt lat="67.93556543" lon="17.96756297">
        <time>2028-04-06T19:26:28Z</time>
      </trkpt>
      <trkpt lat="67.93555512" lon="17.9676224">
        <time>2028-04-06T19:26:39Z</time>
      </trkpt>
      <trkpt lat="67.93559217" lon="17.96762492">
        <time>2028-04-06T19:26:57Z</time>
      </trkpt>
      <trkpt lat="67.93557834" lon="17.96768879">
        <time>2028-04-06T19:27:10Z</time>
      </trkpt>
      <trkpt lat="67.93556786" lon="17.96770421">
        <time>2028-04-06T19:27:15Z</time>
      </trkpt>
      <trkpt lat="67.93555856" lon="17.96767781">
        <time>2028-04-06T19:27:21Z</time>
      </trkpt>
      <trkpt lat="67.9357469" lon="17.96784209">
        <time>2028-04-06T19:28:54Z</time>
      </trkpt>
      <trkpt lat="67.93557934" lon="17.96760379">
        <time>2028-04-06T19:30:23Z</time>
      </trkpt>
      <trkpt lat="67.93553744" lon="17.96743523">
        <time>2028-04-06T19:30:58Z</time>
      </trkpt>
      <trkpt lat="67.93553593" lon="17.96761637">
        <time>2028-04-06T19:31:30Z</time>
      </trkpt>
      <trkpt lat="67.93556342" lon="17.96757001">
        <time>2028-04-06T19:31:45Z</time>
      </trkpt>
      <trkpt lat="67.93557918" lon="17.96754856">
        <time>2028-04-06T19:31:53Z</time>
      </trkpt>
      <trkpt lat="67.93555588" lon="17.96755878">
        <time>2028-04-06T19:32:04Z</time>
      </trkpt>
      <trkpt lat="67.93557482" lon="17.96761201">
        <time>2028-04-06T19:32:17Z</time>
      </trkpt>
      <trkpt lat="67.93554917" lon="17.96766615">
        <time>2028-04-06T19:32:33Z</time>
      </trkpt>
      <trkpt lat="67.93558152" lon="17.96772977">
        <time>2028-04-06T19:32:51Z</time>
      </trkpt>
      <trkpt lat="67.93559024" lon="17.96777981">
        <time>2028-04-06T19:33:01Z</time>
      </trkpt>
      <trkpt lat="67.93556577" lon="17.96782927">
        <time>2028-04-06T19:33:15Z</time>
      </trkpt>
      <trkpt lat="67.93549779" lon="17.96784234">
        <time>2028-04-06T19:33:47Z</time>
      </trkpt>
      <trkpt lat="67.93543073" lon="17.96772114">
        <time>2028-04-06T19:34:25Z</time>
      </trkpt>
      <trkpt lat="67.93539142" lon="17.96759709">
        <time>2028-04-06T19:34:54Z</time>
      </trkpt>
      <trkpt lat="67.93534624" lon="17.96741227">
        <time>2028-04-06T19:35:32Z</time>
      </trkpt>
      <trkpt lat="67.93531925" lon="17.96736399">
        <time>2028-04-06T19:35:47Z</time>
      </trkpt>
      <trkpt lat="67.93535806" lon="17.96714656">
        <time>2028-04-06T19:36:30Z</time>
      </trkpt>
      <trkpt lat="67.93532562" lon="17.96711144">
        <time>2028-04-06T19:36:46Z</time>
      </trkpt>
      <trkpt lat="67.93534775" lon="17.96714195">
        <time>2028-04-06T19:36:58Z</time>
      </trkpt>
      <trkpt lat="67.93532127" lon="17.96722233">
        <time>2028-04-06T19:37:16Z</time>
      </trkpt>
      <trkpt lat="67.93529545" lon="17.96718889">
        <time>2028-04-06T19:37:30Z</time>
      </trkpt>
      <trkpt lat="67.93535756" lon="17.96709518">
        <time>2028-04-06T19:38:03Z</time>
      </trkpt>
      <trkpt lat="67.93537625" lon="17.96696157">
        <time>2028-04-06T19:38:28Z</time>
      </trkpt>
      <trkpt lat="67.93549326" lon="17.96650778">
        <time>2028-04-06T19:40:05Z</time>
      </trkpt>
      <trkpt lat="67.93542101" lon="17.96678371">
        <time>2028-04-06T19:41:04Z</time>
      </trkpt>
      <trkpt lat="67.93534968" lon="17.96705671">
        <time>2028-04-06T19:42:02Z</time>
      </trkpt>
      <trkpt lat="67.93538832" lon="17.96695554">
        <time>2028-04-06T19:42:27Z</time>
      </trkpt>
      <trkpt lat="67.93533895" lon="17.96707246">
        <time>2028-04-06T19:42:58Z</time>
      </trkpt>
      <trkpt lat="67.93537952" lon="17.96698202">
        <time>2028-04-06T19:43:23Z</time>
      </trkpt>
      <trkpt lat="67.93538849" lon="17.96703039">
        <time>2028-04-06T19:43:32Z</time>
      </trkpt>
      <trkpt lat="67.9353724" lon="17.96697096">
        <time>2028-04-06T19:43:45Z</time>
      </trkpt>
      <trkpt lat="67.93534088" lon="17.96707607">
        <time>2028-04-06T19:44:09Z</time>
      </trkpt>
      <trkpt lat="67.93536041" lon="17.96711957">
        <time>2028-04-06T19:44:21Z</time>
      </trkpt>
      <trkpt lat="67.93535965" lon="17.96703667">
        <time>2028-04-06T19:44:35Z</time>
      </trkpt>
      <trkpt lat="67.9353278" lon="17.96694288">
        <time>2028-04-06T19:44:57Z</time>
      </trkpt>
      <trkpt lat="67.93533409" lon="17.9670935">
        <time>2028-04-06T19:45:24Z</time>
      </trkpt>
      <trkpt lat="67.93538673" lon="17.96695746">
        <time>2028-04-06T19:45:58Z</time>
      </trkpt>
      <trkpt lat="67.93543467" lon="17.96685051">
        <time>2028-04-06T19:46:27Z</time>
      </trkpt>
      <trkpt lat="67.9354242" lon="17.96693483">
        <time>2028-04-06T19:46:43Z</time>
      </trkpt>
      <trkpt lat="67.93540358" lon="17.96689125">
        <time>2028-04-06T19:46:55Z</time>
      </trkpt>
      <trkpt lat="67.93535002" lon="17.96704832">
        <time>2028-04-06T19:47:32Z</time>
      </trkpt>
      <trkpt lat="67.93526812" lon="17.96722518">
        <time>2028-04-06T19:48:22Z</time>
      </trkpt>
      <trkpt lat="67.93535253" lon="17.96709702">
        <time>2028-04-06T19:49:07Z</time>
      </trkpt>
      <trkpt lat="67.93534197" lon="17.96712468">
        <time>2028-04-06T19:49:14Z</time>
      </trkpt>
      <trkpt lat="67.93526083" lon="17.96722921">
        <time>2028-04-06T19:49:56Z</time>
      </trkpt>
      <trkpt lat="67.93533124" lon="17.96711722">
        <time>2028-04-06T19:50:34Z</time>
      </trkpt>
      <trkpt lat="67.93534272" lon="17.96714623">
        <time>2028-04-06T19:50:42Z</time>
      </trkpt>
      <trkpt lat="67.93535144" lon="17.96713273">
        <time>2028-04-06T19:50:46Z</time>
      </trkpt>
      <trkpt lat="67.93536644" lon="17.96713122">
        <time>2028-04-06T19:50:54Z</time>
      </trkpt>
      <trkpt lat="67.935276" lon="17.96725427">
        <time>2028-04-06T19:51:41Z</time>
      </trkpt>
      <trkpt lat="67.93533308" lon="17.96712619">
        <time>2028-04-06T19:52:16Z</time>
      </trkpt>
      <trkpt lat="67.93536603" lon="17.96721772">
        <time>2028-04-06T19:52:38Z</time>
      </trkpt>
      <trkpt lat="67.93537499" lon="17.96722284">
        <time>2028-04-06T19:52:42Z</time>
      </trkpt>
      <trkpt lat="67.93537307" lon="17.96723876">
        <time>2028-04-06T19:52:45Z</time>
      </trkpt>
      <trkpt lat="67.93534582" lon="17.96733038">
        <time>2028-04-06T19:53:06Z</time>
      </trkpt>
      <trkpt lat="67.93534582" lon="17.96735703">
        <time>2028-04-06T19:53:10Z</time>
      </trkpt>
      <trkpt lat="67.93539042" lon="17.96750656">
        <time>2028-04-06T19:53:44Z</time>
      </trkpt>
      <trkpt lat="67.93544574" lon="17.96778794">
        <time>2028-04-06T19:54:40Z</time>
      </trkpt>
      <trkpt lat="67.93550827" lon="17.96787864">
        <time>2028-04-06T19:55:13Z</time>
      </trkpt>
      <trkpt lat="67.93557876" lon="17.96784393">
        <time>2028-04-06T19:55:46Z</time>
      </trkpt>
      <trkpt lat="67.93561907" lon="17.96772558">
        <time>2028-04-06T19:56:14Z</time>
      </trkpt>
      <trkpt lat="67.93558664" lon="17.96769247">
        <time>2028-04-06T19:56:31Z</time>
      </trkpt>
      <trkpt lat="67.93557331" lon="17.96763053">
        <time>2028-04-06T19:56:43Z</time>
      </trkpt>
      <trkpt lat="67.93552528" lon="17.96757706">
        <time>2028-04-06T19:57:07Z</time>
      </trkpt>
      <trkpt lat="67.93557356" lon="17.96768216">
        <time>2028-04-06T19:57:37Z</time>
      </trkpt>
      <trkpt lat="67.93555319" lon="17.96764101">
        <time>2028-04-06T19:57:48Z</time>
      </trkpt>
      <trkpt lat="67.93556375" lon="17.96764151">
        <time>2028-04-06T19:57:53Z</time>
      </trkpt>
      <trkpt lat="67.93555194" lon="17.96754587">
        <time>2028-04-06T19:58:11Z</time>
      </trkpt>
      <trkpt lat="67.93555403" lon="17.96762357">
        <time>2028-04-06T19:58:25Z</time>
      </trkpt>
      <trkpt lat="67.93561455" lon="17.96760019">
        <time>2028-04-06T19:58:53Z</time>
      </trkpt>
      <trkpt lat="67.93560541" lon="17.96756834">
        <time>2028-04-06T19:59:00Z</time>
      </trkpt>
      <trkpt lat="67.93553643" lon="17.96757471">
        <time>2028-04-06T19:59:33Z</time>
      </trkpt>
      <trkpt lat="67.93555537" lon="17.96758594">
        <time>2028-04-06T19:59:42Z</time>
      </trkpt>
      <trkpt lat="67.93556878" lon="17.96755342">
        <time>2028-04-06T19:59:50Z</time>
      </trkpt>
      <trkpt lat="67.9355568" lon="17.96765752">
        <time>2028-04-06T20:00:09Z</time>
      </trkpt>
      <trkpt lat="67.93554833" lon="17.96768409">
        <time>2028-04-06T20:00:15Z</time>
      </trkpt>
      <trkpt lat="67.93557406" lon="17.96770739">
        <time>2028-04-06T20:00:28Z</time>
      </trkpt>
      <trkpt lat="67.93560172" lon="17.96754227">
        <time>2028-04-06T20:01:00Z</time>
      </trkpt>
      <trkpt lat="67.93558245" lon="17.96759457">
        <time>2028-04-06T20:01:13Z</time>
      </trkpt>
      <trkpt lat="67.9355749" lon="17.96760706">
        <time>2028-04-06T20:01:17Z</time>
      </trkpt>
      <trkpt lat="67.93556535" lon="17.96765568">
        <time>2028-04-06T20:01:26Z</time>
      </trkpt>
      <trkpt lat="67.93555906" lon="17.96766372">
        <time>2028-04-06T20:01:30Z</time>
      </trkpt>
      <trkpt lat="67.93556694" lon="17.96761528">
        <time>2028-04-06T20:01:39Z</time>
      </trkpt>
      <trkpt lat="67.93553475" lon="17.96767076">
        <time>2028-04-06T20:01:57Z</time>
      </trkpt>
      <trkpt lat="67.93553442" lon="17.96765082">
        <time>2028-04-06T20:02:00Z</time>
      </trkpt>
      <trkpt lat="67.93556317" lon="17.96747521">
        <time>2028-04-06T20:02:34Z</time>
      </trkpt>
      <trkpt lat="67.93554976" lon="17.96763196">
        <time>2028-04-06T20:03:02Z</time>
      </trkpt>
      <trkpt lat="67.93560131" lon="17.96759139">
        <time>2028-04-06T20:03:27Z</time>
      </trkpt>
      <trkpt lat="67.93564925" lon="17.9675064">
        <time>2028-04-06T20:03:54Z</time>
      </trkpt>
      <trkpt lat="67.93558949" lon="17.96753372">
        <time>2028-04-06T20:04:22Z</time>
      </trkpt>
      <trkpt lat="67.935549" lon="17.96765023">
        <time>2028-04-06T20:04:50Z</time>
      </trkpt>
      <trkpt lat="67.93557432" lon="17.96759524">
        <time>2028-04-06T20:05:05Z</time>
      </trkpt>
      <trkpt lat="67.935505" lon="17.96772491">
        <time>2028-04-06T20:05:45Z</time>
      </trkpt>
      <trkpt lat="67.93559418" lon="17.96757798">
        <time>2028-04-06T20:06:34Z</time>
      </trkpt>
      <trkpt lat="67.9355516" lon="17.96761754">
        <time>2028-04-06T20:06:55Z</time>
      </trkpt>
      <trkpt lat="67.9355293" lon="17.96768024">
        <time>2028-04-06T20:07:10Z</time>
      </trkpt>
      <trkpt lat="67.93528698" lon="17.96835339">
        <time>2028-04-06T20:09:54Z</time>
      </trkpt>
      <trkpt lat="67.9352864" lon="17.96821961">
        <time>2028-04-06T20:10:17Z</time>
      </trkpt>
      <trkpt lat="67.93538514" lon="17.96800403">
        <time>2028-04-06T20:11:17Z</time>
      </trkpt>
      <trkpt lat="67.93554565" lon="17.96765761">
        <time>2028-04-06T20:12:53Z</time>
      </trkpt>
      <trkpt lat="67.93551489" lon="17.96770597">
        <time>2028-04-06T20:13:10Z</time>
      </trkpt>
      <trkpt lat="67.93555504" lon="17.96762299">
        <time>2028-04-06T20:13:34Z</time>
      </trkpt>
      <trkpt lat="67.93555252" lon="17.96757865">
        <time>2028-04-06T20:13:42Z</time>
      </trkpt>
      <trkpt lat="67.93558924" lon="17.96757555">
        <time>2028-04-06T20:13:59Z</time>
      </trkpt>
      <trkpt lat="67.93559871" lon="17.96747287">
        <time>2028-04-06T20:14:17Z</time>
      </trkpt>
      <trkpt lat="67.93559913" lon="17.96749072">
        <time>2028-04-06T20:14:20Z</time>
      </trkpt>
      <trkpt lat="67.93559493" lon="17.96754135">
        <time>2028-04-06T20:14:29Z</time>
      </trkpt>
      <trkpt lat="67.93560181" lon="17.96758317">
        <time>2028-04-06T20:14:37Z</time>
      </trkpt>
      <trkpt lat="67.93558622" lon="17.96750799">
        <time>2028-04-06T20:14:53Z</time>
      </trkpt>
      <trkpt lat="67.93556526" lon="17.96747815">
        <time>2028-04-06T20:15:04Z</time>
      </trkpt>
      <trkpt lat="67.93560809" lon="17.96754973">
        <time>2028-04-06T20:15:27Z</time>
      </trkpt>
      <trkpt lat="67.93557926" lon="17.96756666">
        <time>2028-04-06T20:15:41Z</time>
      </trkpt>
      <trkpt lat="67.93555277" lon="17.96751285">
        <time>2028-04-06T20:15:57Z</time>
      </trkpt>
      <trkpt lat="67.93556593" lon="17.96749491">
        <time>2028-04-06T20:16:03Z</time>
      </trkpt>
      <trkpt lat="67.93560759" lon="17.9675561">
        <time>2028-04-06T20:16:26Z</time>
      </trkpt>
      <trkpt lat="67.93556057" lon="17.96761335">
        <time>2028-04-06T20:16:50Z</time>
      </trkpt>
      <trkpt lat="67.93554682" lon="17.9676633">
        <time>2028-04-06T20:17:01Z</time>
      </trkpt>
      <trkpt lat="67.93554758" lon="17.96772064">
        <time>2028-04-06T20:17:11Z</time>
      </trkpt>
      <trkpt lat="67.93554875" lon="17.96762341">
        <time>2028-04-06T20:17:28Z</time>
      </trkpt>
      <trkpt lat="67.93557021" lon="17.96783656">
        <time>2028-04-06T20:18:07Z</time>
      </trkpt>
      <trkpt lat="67.9355723" lon="17.96784813">
        <time>2028-04-06T20:18:09Z</time>
      </trkpt>
      <trkpt lat="67.93558622" lon="17.9677581">
        <time>2028-04-06T20:18:26Z</time>
      </trkpt>
      <trkpt lat="67.93557675" lon="17.96755149">
        <time>2028-04-06T20:19:02Z</time>
      </trkpt>
      <trkpt lat="67.9355796" lon="17.96744596">
        <time>2028-04-06T20:19:21Z</time>
      </trkpt>
      <trkpt lat="67.93558077" lon="17.96756197">
        <time>2028-04-06T20:19:41Z</time>
      </trkpt>
      <trkpt lat="67.93552193" lon="17.96742895">
        <time>2028-04-06T20:20:17Z</time>
      </trkpt>
      <trkpt lat="67.93550743" lon="17.96738712">
        <time>2028-04-06T20:20:27Z</time>
      </trkpt>
      <trkpt lat="67.93554573" lon="17.96758661">
        <time>2028-04-06T20:21:07Z</time>
      </trkpt>
      <trkpt lat="67.93556903" lon="17.96761989">
        <time>2028-04-06T20:21:19Z</time>
      </trkpt>
      <trkpt lat="67.93555747" lon="17.96778283">
        <time>2028-04-06T20:21:48Z</time>
      </trkpt>
      <trkpt lat="67.93554355" lon="17.96763925">
        <time>2028-04-06T20:22:14Z</time>
      </trkpt>
      <trkpt lat="67.93553341" lon="17.96761058">
        <time>2028-04-06T20:22:21Z</time>
      </trkpt>
      <trkpt lat="67.93555001" lon="17.96761855">
        <time>2028-04-06T20:22:29Z</time>
      </trkpt>
      <trkpt lat="67.93556174" lon="17.96757379">
        <time>2028-04-06T20:22:38Z</time>
      </trkpt>
      <trkpt lat="67.93556669" lon="17.9676167">
        <time>2028-04-06T20:22:46Z</time>
      </trkpt>
      <trkpt lat="67.93555428" lon="17.96757714">
        <time>2028-04-06T20:22:55Z</time>
      </trkpt>
      <trkpt lat="67.9355547" lon="17.96762852">
        <time>2028-04-06T20:23:04Z</time>
      </trkpt>
      <trkpt lat="67.93556065" lon="17.96759399">
        <time>2028-04-06T20:23:11Z</time>
      </trkpt>
      <trkpt lat="67.93556099" lon="17.96766976">
        <time>2028-04-06T20:23:24Z</time>
      </trkpt>
      <trkpt lat="67.93556174" lon="17.96761737">
        <time>2028-04-06T20:23:33Z</time>
      </trkpt>
      <trkpt lat="67.93553174" lon="17.96757312">
        <time>2028-04-06T20:23:49Z</time>
      </trkpt>
      <trkpt lat="67.93550734" lon="17.96743766">
        <time>2028-04-06T20:24:16Z</time>
      </trkpt>
      <trkpt lat="67.9355537" lon="17.96761846">
        <time>2028-04-06T20:24:54Z</time>
      </trkpt>
      <trkpt lat="67.93554163" lon="17.96770949">
        <time>2028-04-06T20:25:11Z</time>
      </trkpt>
      <trkpt lat="67.93556241" lon="17.96755501">
        <time>2028-04-06T20:25:40Z</time>
      </trkpt>
      <trkpt lat="67.93557063" lon="17.96760874">
        <time>2028-04-06T20:25:50Z</time>
      </trkpt>
      <trkpt lat="67.93558035" lon="17.96748712">
        <time>2028-04-06T20:26:12Z</time>
      </trkpt>
      <trkpt lat="67.93558002" lon="17.96766791">
        <time>2028-04-06T20:26:44Z</time>
      </trkpt>
      <trkpt lat="67.93561136" lon="17.96743683">
        <time>2028-04-06T20:27:27Z</time>
      </trkpt>
      <trkpt lat="67.93560348" lon="17.96727606">
        <time>2028-04-06T20:27:55Z</time>
      </trkpt>
      <trkpt lat="67.93560768" lon="17.967179">
        <time>2028-04-06T20:28:12Z</time>
      </trkpt>
      <trkpt lat="67.93561681" lon="17.96736801">
        <time>2028-04-06T20:28:46Z</time>
      </trkpt>
      <trkpt lat="67.93556669" lon="17.96752735">
        <time>2028-04-06T20:29:22Z</time>
      </trkpt>
      <trkpt lat="67.93558303" lon="17.96762425">
        <time>2028-04-06T20:29:41Z</time>
      </trkpt>
      <trkpt lat="67.93559477" lon="17.96750891">
        <time>2028-04-06T20:30:02Z</time>
      </trkpt>
      <trkpt lat="67.93561446" lon="17.96742719">
        <time>2028-04-06T20:30:19Z</time>
      </trkpt>
      <trkpt lat="67.9355293" lon="17.96746843">
        <time>2028-04-06T20:30:59Z</time>
      </trkpt>
      <trkpt lat="67.93547591" lon="17.96773086">
        <time>2028-04-06T20:31:52Z</time>
      </trkpt>
      <trkpt lat="67.93551824" lon="17.9676861">
        <time>2028-04-06T20:32:13Z</time>
      </trkpt>
      <trkpt lat="67.93559435" lon="17.96740355">
        <time>2028-04-06T20:33:14Z</time>
      </trkpt>
      <trkpt lat="67.93563114" lon="17.96742333">
        <time>2028-04-06T20:33:31Z</time>
      </trkpt>
      <trkpt lat="67.93565042" lon="17.96746725">
        <time>2028-04-06T20:33:43Z</time>
      </trkpt>
      <trkpt lat="67.93565227" lon="17.96748737">
        <time>2028-04-06T20:33:47Z</time>
      </trkpt>
      <trkpt lat="67.93568362" lon="17.96744328">
        <time>2028-04-06T20:34:03Z</time>
      </trkpt>
      <trkpt lat="67.93575528" lon="17.96731755">
        <time>2028-04-06T20:34:43Z</time>
      </trkpt>
      <trkpt lat="67.93562528" lon="17.96754269">
        <time>2028-04-06T20:35:56Z</time>
      </trkpt>
      <trkpt lat="67.93563307" lon="17.96755132">
        <time>2028-04-06T20:36:00Z</time>
      </trkpt>
      <trkpt lat="67.93562201" lon="17.96769247">
        <time>2028-04-06T20:36:25Z</time>
      </trkpt>
      <trkpt lat="67.93560985" lon="17.96745258">
        <time>2028-04-06T20:37:08Z</time>
      </trkpt>
      <trkpt lat="67.93557842" lon="17.96714891">
        <time>2028-04-06T20:38:03Z</time>
      </trkpt>
      <trkpt lat="67.93563265" lon="17.96724438">
        <time>2028-04-06T20:38:33Z</time>
      </trkpt>
      <trkpt lat="67.93557557" lon="17.9672997">
        <time>2028-04-06T20:39:02Z</time>
      </trkpt>
      <trkpt lat="67.93557867" lon="17.96755945">
        <time>2028-04-06T20:39:47Z</time>
      </trkpt>
      <trkpt lat="67.9355573" lon="17.96760337">
        <time>2028-04-06T20:40:00Z</time>
      </trkpt>
      <trkpt lat="67.93554448" lon="17.96762693">
        <time>2028-04-06T20:40:07Z</time>
      </trkpt>
      <trkpt lat="67.93554196" lon="17.96763397">
        <time>2028-04-06T20:40:09Z</time>
      </trkpt>
      <trkpt lat="67.93554573" lon="17.96762123">
        <time>2028-04-06T20:40:12Z</time>
      </trkpt>
      <trkpt lat="67.93552738" lon="17.96764478">
        <time>2028-04-06T20:40:21Z</time>
      </trkpt>
      <trkpt lat="67.93559267" lon="17.96752274">
        <time>2028-04-06T20:40:58Z</time>
      </trkpt>
      <trkpt lat="67.93558027" lon="17.96759231">
        <time>2028-04-06T20:41:12Z</time>
      </trkpt>
      <trkpt lat="67.9356096" lon="17.9675654">
        <time>2028-04-06T20:41:26Z</time>
      </trkpt>
      <trkpt lat="67.93557348" lon="17.96762827">
        <time>2028-04-06T20:41:46Z</time>
      </trkpt>
      <trkpt lat="67.93562947" lon="17.96758971">
        <time>2028-04-06T20:42:13Z</time>
      </trkpt>
      <trkpt lat="67.93559301" lon="17.96759868">
        <time>2028-04-06T20:42:31Z</time>
      </trkpt>
      <trkpt lat="67.93559032" lon="17.96752601">
        <time>2028-04-06T20:42:43Z</time>
      </trkpt>
      <trkpt lat="67.93554154" lon="17.96758485">
        <time>2028-04-06T20:43:08Z</time>
      </trkpt>
      <trkpt lat="67.93548991" lon="17.96752014">
        <time>2028-04-06T20:43:35Z</time>
      </trkpt>
      <trkpt lat="67.9355003" lon="17.96748251">
        <time>2028-04-06T20:43:43Z</time>
      </trkpt>
      <trkpt lat="67.93549427" lon="17.96751821">
        <time>2028-04-06T20:43:50Z</time>
      </trkpt>
      <trkpt lat="67.93550567" lon="17.96770957">
        <time>2028-04-06T20:44:24Z</time>
      </trkpt>
      <trkpt lat="67.93551941" lon="17.96765174">
        <time>2028-04-06T20:44:36Z</time>
      </trkpt>
      <trkpt lat="67.93559351" lon="17.96745275">
        <time>2028-04-06T20:45:25Z</time>
      </trkpt>
      <trkpt lat="67.93554959" lon="17.96747614">
        <time>2028-04-06T20:45:46Z</time>
      </trkpt>
      <trkpt lat="67.93549209" lon="17.96764621">
        <time>2028-04-06T20:46:26Z</time>
      </trkpt>
      <trkpt lat="67.93557314" lon="17.96764319">
        <time>2028-04-06T20:47:04Z</time>
      </trkpt>
      <trkpt lat="67.9355656" lon="17.96760681">
        <time>2028-04-06T20:47:11Z</time>
      </trkpt>
      <trkpt lat="67.93559896" lon="17.96761829">
        <time>2028-04-06T20:47:27Z</time>
      </trkpt>
      <trkpt lat="67.93554397" lon="17.96758703">
        <time>2028-04-06T20:47:53Z</time>
      </trkpt>
      <trkpt lat="67.93556325" lon="17.96760539">
        <time>2028-04-06T20:48:03Z</time>
      </trkpt>
      <trkpt lat="67.93555085" lon="17.9676017">
        <time>2028-04-06T20:48:09Z</time>
      </trkpt>
      <trkpt lat="67.93553123" lon="17.96759516">
        <time>2028-04-06T20:48:18Z</time>
      </trkpt>
      <trkpt lat="67.93556409" lon="17.96758384">
        <time>2028-04-06T20:48:33Z</time>
      </trkpt>
      <trkpt lat="67.93556057" lon="17.96757638">
        <time>2028-04-06T20:48:36Z</time>
      </trkpt>
      <trkpt lat="67.93556015" lon="17.96763313">
        <time>2028-04-06T20:48:46Z</time>
      </trkpt>
      <trkpt lat="67.93556468" lon="17.96756809">
        <time>2028-04-06T20:48:57Z</time>
      </trkpt>
      <trkpt lat="67.93557985" lon="17.96755585">
        <time>2028-04-06T20:49:05Z</time>
      </trkpt>
      <trkpt lat="67.93558463" lon="17.96759491">
        <time>2028-04-06T20:49:12Z</time>
      </trkpt>
      <trkpt lat="67.93552637" lon="17.96775215">
        <time>2028-04-06T20:49:50Z</time>
      </trkpt>
      <trkpt lat="67.93552109" lon="17.96758602">
        <time>2028-04-06T20:50:20Z</time>
      </trkpt>
      <trkpt lat="67.93559963" lon="17.96732367">
        <time>2028-04-06T20:51:19Z</time>
      </trkpt>
      <trkpt lat="67.93587875" lon="17.96774126">
        <time>2028-04-06T20:53:48Z</time>
      </trkpt>
      <trkpt lat="67.93566878" lon="17.96753758">
        <time>2028-04-06T20:55:32Z</time>
      </trkpt>
      <trkpt lat="67.93557239" lon="17.96754948">
        <time>2028-04-06T20:56:17Z</time>
      </trkpt>
      <trkpt lat="67.93555898" lon="17.96757462">
        <time>2028-04-06T20:56:25Z</time>
      </trkpt>
      <trkpt lat="67.93558571" lon="17.96753825">
        <time>2028-04-06T20:56:39Z</time>
      </trkpt>
      <trkpt lat="67.93555713" lon="17.96754051">
        <time>2028-04-06T20:56:52Z</time>
      </trkpt>
      <trkpt lat="67.93557742" lon="17.96751771">
        <time>2028-04-06T20:57:03Z</time>
      </trkpt>
      <trkpt lat="67.9355744" lon="17.96747857">
        <time>2028-04-06T20:57:10Z</time>
      </trkpt>
      <trkpt lat="67.93555143" lon="17.96758644">
        <time>2028-04-06T20:57:32Z</time>
      </trkpt>
      <trkpt lat="67.93555303" lon="17.9675582">
        <time>2028-04-06T20:57:37Z</time>
      </trkpt>
      <trkpt lat="67.93554288" lon="17.9676483">
        <time>2028-04-06T20:57:53Z</time>
      </trkpt>
      <trkpt lat="67.93552402" lon="17.96774427">
        <time>2028-04-06T20:58:12Z</time>
      </trkpt>
      <trkpt lat="67.93537776" lon="17.96778099">
        <time>2028-04-06T20:59:21Z</time>
      </trkpt>
      <trkpt lat="67.9354589" lon="17.96761385">
        <time>2028-04-06T21:00:09Z</time>
      </trkpt>
      <trkpt lat="67.93551447" lon="17.96773287">
        <time>2028-04-06T21:00:42Z</time>
      </trkpt>
      <trkpt lat="67.93787766" lon="17.97494299">
        <time>2028-04-06T21:28:40Z</time>
      </trkpt>
      <trkpt lat="67.93787766" lon="17.9782732">
        <time>2028-04-06T21:38:24Z</time>
      </trkpt>
      <trkpt lat="67.93786618" lon="17.98480924">
        <time>2028-04-06T21:57:31Z</time>
      </trkpt>
      <trkpt lat="67.93752227" lon="17.98903967">
        <time>2028-04-06T22:10:10Z</time>
      </trkpt>
      <trkpt lat="67.93732974" lon="17.99227651">
        <time>2028-04-06T22:19:44Z</time>
      </trkpt>
      <trkpt lat="67.93735547" lon="17.9955934">
        <time>2028-04-06T22:29:26Z</time>
      </trkpt>
      <trkpt lat="67.93772997" lon="17.99833395">
        <time>2028-04-06T22:37:58Z</time>
      </trkpt>
      <trkpt lat="67.9394175" lon="18.00138186">
        <time>2028-04-06T22:53:50Z</time>
      </trkpt>
      <trkpt lat="67.94046004" lon="18.00282899">
        <time>2028-04-06T23:02:59Z</time>
      </trkpt>
      <trkpt lat="67.94191757" lon="18.00498096">
        <time>2028-04-06T23:15:57Z</time>
      </trkpt>
      <trkpt lat="67.943041" lon="18.00730191">
        <time>2028-04-06T23:27:01Z</time>
      </trkpt>
      <trkpt lat="67.94409636" lon="18.01056859">
        <time>2028-04-06T23:39:37Z</time>
      </trkpt>
      <trkpt lat="67.94499373" lon="18.01620022">
        <time>2028-04-06T23:57:29Z</time>
      </trkpt>
      <trkpt lat="67.94607542" lon="18.02468657">
        <time>2028-04-07T00:23:40Z</time>
      </trkpt>
      <trkpt lat="67.94648982" lon="18.03032432">
        <time>2028-04-07T00:40:28Z</time>
      </trkpt>
      <trkpt lat="67.94668017" lon="18.03331062">
        <time>2028-04-07T00:49:19Z</time>
      </trkpt>
      <trkpt lat="67.94702458" lon="18.03671292">
        <time>2028-04-07T00:59:36Z</time>
      </trkpt>
      <trkpt lat="67.9472348" lon="18.0396496">
        <time>2028-04-07T01:08:20Z</time>
      </trkpt>
      <trkpt lat="67.94706037" lon="18.04341794">
        <time>2028-04-07T01:19:26Z</time>
      </trkpt>
      <trkpt lat="67.94555431" lon="18.04717119">
        <time>2028-04-07T01:35:29Z</time>
      </trkpt>
      <trkpt lat="67.94336605" lon="18.05193546">
        <time>2028-04-07T01:57:29Z</time>
      </trkpt>
      <trkpt lat="67.94228545" lon="18.05481439">
        <time>2028-04-07T02:09:23Z</time>
      </trkpt>
      <trkpt lat="67.94157852" lon="18.05778335">
        <time>2028-04-07T02:19:39Z</time>
      </trkpt>
      <trkpt lat="67.94050514" lon="18.06199911">
        <time>2028-04-07T02:34:32Z</time>
      </trkpt>
      <trkpt lat="67.93927249" lon="18.06624941">
        <time>2028-04-07T02:50:14Z</time>
      </trkpt>
      <trkpt lat="67.93790708" lon="18.07195304">
        <time>2028-04-07T03:10:00Z</time>
      </trkpt>
      <trkpt lat="67.93669657" lon="18.07495024">
        <time>2028-04-07T03:22:52Z</time>
      </trkpt>
      <trkpt lat="67.93523099" lon="18.07811298">
        <time>2028-04-07T03:37:33Z</time>
      </trkpt>
      <trkpt lat="67.93302781" lon="18.08307717">
        <time>2028-04-07T04:00:01Z</time>
      </trkpt>
      <trkpt lat="67.93105219" lon="18.08612298">
        <time>2028-04-07T04:17:47Z</time>
      </trkpt>
      <trkpt lat="67.92937732" lon="18.08818602">
        <time>2028-04-07T04:32:08Z</time>
      </trkpt>
      <trkpt lat="67.92732485" lon="18.0914646">
        <time>2028-04-07T04:50:46Z</time>
      </trkpt>
      <trkpt lat="67.92620938" lon="18.09445878">
        <time>2028-04-07T05:03:06Z</time>
      </trkpt>
      <trkpt lat="67.92438959" lon="18.09762019">
        <time>2028-04-07T05:20:01Z</time>
      </trkpt>
      <trkpt lat="67.92303842" lon="18.09901997">
        <time>2028-04-07T05:31:18Z</time>
      </trkpt>
      <trkpt lat="67.92100506" lon="18.10100514">
        <time>2028-04-07T05:48:09Z</time>
      </trkpt>
      <trkpt lat="67.91987694" lon="18.10258001">
        <time>2028-04-07T05:58:04Z</time>
      </trkpt>
      <trkpt lat="67.91900463" lon="18.10509249">
        <time>2028-04-07T06:08:04Z</time>
      </trkpt>
      <trkpt lat="67.91808237" lon="18.10847475">
        <time>2028-04-07T06:20:18Z</time>
      </trkpt>
      <trkpt lat="67.91736924" lon="18.11206296">
        <time>2028-04-07T06:32:10Z</time>
      </trkpt>
      <trkpt lat="67.91655175" lon="18.11581789">
        <time>2028-04-07T06:44:52Z</time>
      </trkpt>
      <trkpt lat="67.91633634" lon="18.11712471">
        <time>2028-04-07T06:49:02Z</time>
      </trkpt>
      <trkpt lat="67.90793692" lon="18.1536253">
        <time>2028-04-07T08:54:16Z</time>
      </trkpt>
      <trkpt lat="67.90591512" lon="18.17770215">
        <time>2028-04-07T10:06:28Z</time>
      </trkpt>
      <trkpt lat="67.90571286" lon="18.18127912">
        <time>2028-04-07T10:17:03Z</time>
      </trkpt>
      <trkpt lat="67.90571286" lon="18.18608598">
        <time>2028-04-07T10:31:08Z</time>
      </trkpt>
      <trkpt lat="67.90571286" lon="18.19127161">
        <time>2028-04-07T10:46:18Z</time>
      </trkpt>
      <trkpt lat="67.90571286" lon="18.19485471">
        <time>2028-04-07T10:56:48Z</time>
      </trkpt>
      <trkpt lat="67.90656136" lon="18.20015819">
        <time>2028-04-07T11:13:40Z</time>
      </trkpt>
      <trkpt lat="67.90686102" lon="18.20423422">
        <time>2028-04-07T11:25:49Z</time>
      </trkpt>
      <trkpt lat="67.90677669" lon="18.20750962">
        <time>2028-04-07T11:35:26Z</time>
      </trkpt>
      <trkpt lat="67.90628526" lon="18.21133395">
        <time>2028-04-07T11:47:15Z</time>
      </trkpt>
      <trkpt lat="67.90559401" lon="18.2167412">
        <time>2028-04-07T12:03:58Z</time>
      </trkpt>
      <trkpt lat="67.90544523" lon="18.21971862">
        <time>2028-04-07T12:12:46Z</time>
      </trkpt>
      <trkpt lat="67.90542411" lon="18.22539425">
        <time>2028-04-07T12:29:23Z</time>
      </trkpt>
      <trkpt lat="67.90521137" lon="18.22980062">
        <time>2028-04-07T12:42:23Z</time>
      </trkpt>
      <trkpt lat="67.90512286" lon="18.23271467">
        <time>2028-04-07T12:50:56Z</time>
      </trkpt>
      <trkpt lat="67.90562049" lon="18.23766603">
        <time>2028-04-07T13:05:57Z</time>
      </trkpt>
      <trkpt lat="67.9061509" lon="18.24169303">
        <time>2028-04-07T13:18:26Z</time>
      </trkpt>
      <trkpt lat="67.90654158" lon="18.24547168">
        <time>2028-04-07T13:29:54Z</time>
      </trkpt>
      <trkpt lat="67.90752151" lon="18.24908981">
        <time>2028-04-07T13:42:57Z</time>
      </trkpt>
      <trkpt lat="67.90828183" lon="18.25436991">
        <time>2028-04-07T13:59:30Z</time>
      </trkpt>
      <trkpt lat="67.908555" lon="18.25914734">
        <time>2028-04-07T14:13:39Z</time>
      </trkpt>
      <trkpt lat="67.90879933" lon="18.26532581">
        <time>2028-04-07T14:31:49Z</time>
      </trkpt>
      <trkpt lat="67.90890377" lon="18.26801078">
        <time>2028-04-07T14:39:43Z</time>
      </trkpt>
      <trkpt lat="67.90899706" lon="18.26801213">
        <time>2028-04-07T14:40:27Z</time>
      </trkpt>
      <trkpt lat="67.91108273" lon="18.28814026">
        <time>2028-04-07T15:41:33Z</time>
      </trkpt>
      <trkpt lat="67.92291714" lon="18.29228855">
        <time>2028-04-07T17:14:27Z</time>
      </trkpt>
      <trkpt lat="67.94586662" lon="18.28233646">
        <time>2028-04-07T20:15:24Z</time>
      </trkpt>
      <trkpt lat="67.94649987" lon="18.28240628">
        <time>2028-04-07T20:20:19Z</time>
      </trkpt>
      <trkpt lat="67.94649929" lon="18.28240251">
        <time>2028-04-07T20:20:20Z</time>
      </trkpt>
      <trkpt lat="67.94650381" lon="18.28236211">
        <time>2028-04-07T20:20:28Z</time>
      </trkpt>
      <trkpt lat="67.94651882" lon="18.28234233">
        <time>2028-04-07T20:20:35Z</time>
      </trkpt>
      <trkpt lat="67.94652569" lon="18.28237041">
        <time>2028-04-07T20:20:41Z</time>
      </trkpt>
      <trkpt lat="67.94652955" lon="18.28237913">
        <time>2028-04-07T20:20:44Z</time>
      </trkpt>
      <trkpt lat="67.94653047" lon="18.28237125">
        <time>2028-04-07T20:20:45Z</time>
      </trkpt>
      <trkpt lat="67.94653114" lon="18.28235876">
        <time>2028-04-07T20:20:47Z</time>
      </trkpt>
      <trkpt lat="67.94652636" lon="18.28234459">
        <time>2028-04-07T20:20:51Z</time>
      </trkpt>
      <trkpt lat="67.94651136" lon="18.28231702">
        <time>2028-04-07T20:20:59Z</time>
      </trkpt>
      <trkpt lat="67.94650147" lon="18.28227963">
        <time>2028-04-07T20:21:07Z</time>
      </trkpt>
      <trkpt lat="67.94654405" lon="18.28232431">
        <time>2028-04-07T20:21:29Z</time>
      </trkpt>
      <trkpt lat="67.94654782" lon="18.28241425">
        <time>2028-04-07T20:21:44Z</time>
      </trkpt>
      <trkpt lat="67.94655176" lon="18.28234971">
        <time>2028-04-07T20:21:56Z</time>
      </trkpt>
      <trkpt lat="67.94654489" lon="18.28233579">
        <time>2028-04-07T20:22:00Z</time>
      </trkpt>
      <trkpt lat="67.94653919" lon="18.28230855">
        <time>2028-04-07T20:22:05Z</time>
      </trkpt>
      <trkpt lat="67.94648722" lon="18.28230453">
        <time>2028-04-07T20:22:30Z</time>
      </trkpt>
      <trkpt lat="67.94630173" lon="18.28243436">
        <time>2028-04-07T20:23:59Z</time>
      </trkpt>
      <trkpt lat="67.94626476" lon="18.28245289">
        <time>2028-04-07T20:24:17Z</time>
      </trkpt>
      <trkpt lat="67.94613216" lon="18.28232163">
        <time>2028-04-07T20:25:23Z</time>
      </trkpt>
      <trkpt lat="67.94614063" lon="18.28219975">
        <time>2028-04-07T20:25:45Z</time>
      </trkpt>
      <trkpt lat="67.94618287" lon="18.28221207">
        <time>2028-04-07T20:26:04Z</time>
      </trkpt>
      <trkpt lat="67.94616929" lon="18.28224879">
        <time>2028-04-07T20:26:13Z</time>
      </trkpt>
      <trkpt lat="67.94616426" lon="18.28209909">
        <time>2028-04-07T20:26:40Z</time>
      </trkpt>
      <trkpt lat="67.94616359" lon="18.2821068">
        <time>2028-04-07T20:26:41Z</time>
      </trkpt>
      <trkpt lat="67.94622369" lon="18.28205198">
        <time>2028-04-07T20:27:11Z</time>
      </trkpt>
      <trkpt lat="67.94619075" lon="18.281911">
        <time>2028-04-07T20:27:40Z</time>
      </trkpt>
      <trkpt lat="67.9462081" lon="18.28215072">
        <time>2028-04-07T20:28:23Z</time>
      </trkpt>
      <trkpt lat="67.94620961" lon="18.28209909">
        <time>2028-04-07T20:28:32Z</time>
      </trkpt>
      <trkpt lat="67.94616736" lon="18.2823461">
        <time>2028-04-07T20:29:19Z</time>
      </trkpt>
      <trkpt lat="67.94617625" lon="18.28219489">
        <time>2028-04-07T20:29:46Z</time>
      </trkpt>
      <trkpt lat="67.94615119" lon="18.28196833">
        <time>2028-04-07T20:30:28Z</time>
      </trkpt>
      <trkpt lat="67.94624708" lon="18.28187303">
        <time>2028-04-07T20:31:15Z</time>
      </trkpt>
      <trkpt lat="67.94623744" lon="18.28169659">
        <time>2028-04-07T20:31:47Z</time>
      </trkpt>
      <trkpt lat="67.94620324" lon="18.28170422">
        <time>2028-04-07T20:32:03Z</time>
      </trkpt>
      <trkpt lat="67.94623249" lon="18.28184696">
        <time>2028-04-07T20:32:31Z</time>
      </trkpt>
      <trkpt lat="67.94616896" lon="18.2817618">
        <time>2028-04-07T20:33:04Z</time>
      </trkpt>
      <trkpt lat="67.94623693" lon="18.28191619">
        <time>2028-04-07T20:33:46Z</time>
      </trkpt>
      <trkpt lat="67.94623937" lon="18.28187638">
        <time>2028-04-07T20:33:53Z</time>
      </trkpt>
      <trkpt lat="67.94612797" lon="18.28204796">
        <time>2028-04-07T20:34:53Z</time>
      </trkpt>
      <trkpt lat="67.94619679" lon="18.28204712">
        <time>2028-04-07T20:35:25Z</time>
      </trkpt>
      <trkpt lat="67.9461972" lon="18.28204527">
        <time>2028-04-07T20:35:26Z</time>
      </trkpt>
      <trkpt lat="67.94614381" lon="18.28215298">
        <time>2028-04-07T20:35:57Z</time>
      </trkpt>
      <trkpt lat="67.94607055" lon="18.28213421">
        <time>2028-04-07T20:36:31Z</time>
      </trkpt>
      <trkpt lat="67.94609436" lon="18.28206363">
        <time>2028-04-07T20:36:48Z</time>
      </trkpt>
      <trkpt lat="67.94620223" lon="18.28223697">
        <time>2028-04-07T20:37:47Z</time>
      </trkpt>
      <trkpt lat="67.94620592" lon="18.28219405">
        <time>2028-04-07T20:37:55Z</time>
      </trkpt>
      <trkpt lat="67.94618589" lon="18.28223705">
        <time>2028-04-07T20:38:07Z</time>
      </trkpt>
      <trkpt lat="67.94622193" lon="18.28193933">
        <time>2028-04-07T20:39:01Z</time>
      </trkpt>
      <trkpt lat="67.94626024" lon="18.28195659">
        <time>2028-04-07T20:39:20Z</time>
      </trkpt>
      <trkpt lat="67.9463257" lon="18.28200663">
        <time>2028-04-07T20:39:51Z</time>
      </trkpt>
    </trkseg>
    <trkseg>
      <name>§5b Sälka → Abisko (Kungsleden)</name>
      <trkpt lat="67.9463257" lon="18.28200663">
        <time>2028-04-07T20:39:51Z</time>
      </trkpt>
      <trkpt lat="67.94629544" lon="18.28214661">
        <time>2028-04-07T20:40:20Z</time>
      </trkpt>
      <trkpt lat="67.94631924" lon="18.28205927">
        <time>2028-04-07T20:40:39Z</time>
      </trkpt>
      <trkpt lat="67.94629678" lon="18.28207495">
        <time>2028-04-07T20:40:50Z</time>
      </trkpt>
      <trkpt lat="67.94630927" lon="18.28233554">
        <time>2028-04-07T20:41:36Z</time>
      </trkpt>
      <trkpt lat="67.94629846" lon="18.28236245">
        <time>2028-04-07T20:41:42Z</time>
      </trkpt>
      <trkpt lat="67.94626686" lon="18.2821151">
        <time>2028-04-07T20:42:28Z</time>
      </trkpt>
      <trkpt lat="67.94620944" lon="18.2821441">
        <time>2028-04-07T20:42:56Z</time>
      </trkpt>
      <trkpt lat="67.94617658" lon="18.28226119">
        <time>2028-04-07T20:43:21Z</time>
      </trkpt>
      <trkpt lat="67.94618455" lon="18.28229061">
        <time>2028-04-07T20:43:28Z</time>
      </trkpt>
      <trkpt lat="67.94627826" lon="18.28250938">
        <time>2028-04-07T20:44:26Z</time>
      </trkpt>
      <trkpt lat="67.94641379" lon="18.28238885">
        <time>2028-04-07T20:45:32Z</time>
      </trkpt>
      <trkpt lat="67.94643349" lon="18.282386">
        <time>2028-04-07T20:45:42Z</time>
      </trkpt>
      <trkpt lat="67.94646291" lon="18.28237326">
        <time>2028-04-07T20:45:56Z</time>
      </trkpt>
      <trkpt lat="67.9464982" lon="18.28235541">
        <time>2028-04-07T20:46:12Z</time>
      </trkpt>
      <trkpt lat="67.94649954" lon="18.2823145">
        <time>2028-04-07T20:46:20Z</time>
      </trkpt>
      <trkpt lat="67.94650038" lon="18.28235339">
        <time>2028-04-07T20:46:26Z</time>
      </trkpt>
      <trkpt lat="67.94650918" lon="18.28233982">
        <time>2028-04-07T20:46:31Z</time>
      </trkpt>
      <trkpt lat="67.94650884" lon="18.28233252">
        <time>2028-04-07T20:46:32Z</time>
      </trkpt>
      <trkpt lat="67.94650784" lon="18.28233026">
        <time>2028-04-07T20:46:33Z</time>
      </trkpt>
      <trkpt lat="67.9465106" lon="18.28233738">
        <time>2028-04-07T20:46:35Z</time>
      </trkpt>
      <trkpt lat="67.94651429" lon="18.28233018">
        <time>2028-04-07T20:46:37Z</time>
      </trkpt>
      <trkpt lat="67.94662544" lon="18.28230268">
        <time>2028-04-07T20:47:29Z</time>
      </trkpt>
      <trkpt lat="67.94670825" lon="18.28224678">
        <time>2028-04-07T20:48:09Z</time>
      </trkpt>
      <trkpt lat="67.94687983" lon="18.28221568">
        <time>2028-04-07T20:49:29Z</time>
      </trkpt>
      <trkpt lat="67.94708359" lon="18.2821192">
        <time>2028-04-07T20:51:06Z</time>
      </trkpt>
      <trkpt lat="67.94727478" lon="18.28202122">
        <time>2028-04-07T20:52:37Z</time>
      </trkpt>
      <trkpt lat="67.94751769" lon="18.28191519">
        <time>2028-04-07T20:54:32Z</time>
      </trkpt>
      <trkpt lat="67.9476694" lon="18.28186062">
        <time>2028-04-07T20:55:43Z</time>
      </trkpt>
      <trkpt lat="67.94790904" lon="18.28177052">
        <time>2028-04-07T20:57:36Z</time>
      </trkpt>
      <trkpt lat="67.94810409" lon="18.28170665">
        <time>2028-04-07T20:59:08Z</time>
      </trkpt>
      <trkpt lat="67.94836745" lon="18.28161176">
        <time>2028-04-07T21:01:12Z</time>
      </trkpt>
      <trkpt lat="67.94867791" lon="18.28152794">
        <time>2028-04-07T21:03:38Z</time>
      </trkpt>
      <trkpt lat="67.94890406" lon="18.28140205">
        <time>2028-04-07T21:05:26Z</time>
      </trkpt>
      <trkpt lat="67.94899265" lon="18.2813479">
        <time>2028-04-07T21:06:08Z</time>
      </trkpt>
      <trkpt lat="67.94908997" lon="18.28130197">
        <time>2028-04-07T21:06:54Z</time>
      </trkpt>
      <trkpt lat="67.9492017" lon="18.28122024">
        <time>2028-04-07T21:07:48Z</time>
      </trkpt>
      <trkpt lat="67.94958366" lon="18.28106459">
        <time>2028-04-07T21:10:49Z</time>
      </trkpt>
      <trkpt lat="67.94985012" lon="18.28122108">
        <time>2028-04-07T21:12:56Z</time>
      </trkpt>
      <trkpt lat="67.9498694" lon="18.28123634">
        <time>2028-04-07T21:13:06Z</time>
      </trkpt>
      <trkpt lat="67.9499207" lon="18.28126576">
        <time>2028-04-07T21:13:30Z</time>
      </trkpt>
      <trkpt lat="67.94998826" lon="18.28126006">
        <time>2028-04-07T21:14:02Z</time>
      </trkpt>
      <trkpt lat="67.95007258" lon="18.28126618">
        <time>2028-04-07T21:14:41Z</time>
      </trkpt>
      <trkpt lat="67.9502263" lon="18.28112167">
        <time>2028-04-07T21:15:57Z</time>
      </trkpt>
      <trkpt lat="67.95025136" lon="18.28107951">
        <time>2028-04-07T21:16:11Z</time>
      </trkpt>
      <trkpt lat="67.95024843" lon="18.28107658">
        <time>2028-04-07T21:16:12Z</time>
      </trkpt>
      <trkpt lat="67.95024835" lon="18.28107809">
        <time>2028-04-07T21:16:13Z</time>
      </trkpt>
      <trkpt lat="67.95051849" lon="18.28106744">
        <time>2028-04-07T21:18:19Z</time>
      </trkpt>
      <trkpt lat="67.95086266" lon="18.28085471">
        <time>2028-04-07T21:21:04Z</time>
      </trkpt>
      <trkpt lat="67.9511603" lon="18.28072689">
        <time>2028-04-07T21:23:25Z</time>
      </trkpt>
      <trkpt lat="67.95141377" lon="18.28059244">
        <time>2028-04-07T21:25:25Z</time>
      </trkpt>
      <trkpt lat="67.95172222" lon="18.2804828">
        <time>2028-04-07T21:27:51Z</time>
      </trkpt>
      <trkpt lat="67.95206915" lon="18.28034853">
        <time>2028-04-07T21:30:34Z</time>
      </trkpt>
      <trkpt lat="67.95240954" lon="18.280214">
        <time>2028-04-07T21:33:15Z</time>
      </trkpt>
      <trkpt lat="67.95268698" lon="18.28012775">
        <time>2028-04-07T21:35:25Z</time>
      </trkpt>
      <trkpt lat="67.95272319" lon="18.28011341">
        <time>2028-04-07T21:35:42Z</time>
      </trkpt>
      <trkpt lat="67.95272361" lon="18.28011216">
        <time>2028-04-07T21:35:43Z</time>
      </trkpt>
      <trkpt lat="67.9528024" lon="18.28007385">
        <time>2028-04-07T21:36:20Z</time>
      </trkpt>
      <trkpt lat="67.9531396" lon="18.27995097">
        <time>2028-04-07T21:38:59Z</time>
      </trkpt>
      <trkpt lat="67.953568" lon="18.27972357">
        <time>2028-04-07T21:42:23Z</time>
      </trkpt>
      <trkpt lat="67.9537835" lon="18.27956381">
        <time>2028-04-07T21:44:07Z</time>
      </trkpt>
      <trkpt lat="67.95398382" lon="18.27942023">
        <time>2028-04-07T21:45:44Z</time>
      </trkpt>
      <trkpt lat="67.95420075" lon="18.27929626">
        <time>2028-04-07T21:47:28Z</time>
      </trkpt>
      <trkpt lat="67.9544315" lon="18.27916358">
        <time>2028-04-07T21:49:18Z</time>
      </trkpt>
      <trkpt lat="67.954632" lon="18.27904531">
        <time>2028-04-07T21:50:54Z</time>
      </trkpt>
      <trkpt lat="67.95473459" lon="18.27898865">
        <time>2028-04-07T21:51:43Z</time>
      </trkpt>
      <trkpt lat="67.95482076" lon="18.27892603">
        <time>2028-04-07T21:52:25Z</time>
      </trkpt>
      <trkpt lat="67.95500415" lon="18.27883224">
        <time>2028-04-07T21:53:52Z</time>
      </trkpt>
      <trkpt lat="67.9551997" lon="18.27874146">
        <time>2028-04-07T21:55:25Z</time>
      </trkpt>
      <trkpt lat="67.95540255" lon="18.2786268">
        <time>2028-04-07T21:57:01Z</time>
      </trkpt>
      <trkpt lat="67.95561394" lon="18.27846981">
        <time>2028-04-07T21:58:44Z</time>
      </trkpt>
      <trkpt lat="67.95580236" lon="18.27834793">
        <time>2028-04-07T22:00:14Z</time>
      </trkpt>
      <trkpt lat="67.95601317" lon="18.27820184">
        <time>2028-04-07T22:01:56Z</time>
      </trkpt>
      <trkpt lat="67.95622079" lon="18.27805499">
        <time>2028-04-07T22:03:36Z</time>
      </trkpt>
      <trkpt lat="67.95641533" lon="18.27791761">
        <time>2028-04-07T22:05:10Z</time>
      </trkpt>
      <trkpt lat="67.95659973" lon="18.27777587">
        <time>2028-04-07T22:06:40Z</time>
      </trkpt>
      <trkpt lat="67.95677726" lon="18.27768082">
        <time>2028-04-07T22:08:04Z</time>
      </trkpt>
      <trkpt lat="67.95699628" lon="18.27752382">
        <time>2028-04-07T22:09:50Z</time>
      </trkpt>
      <trkpt lat="67.95716442" lon="18.27742366">
        <time>2028-04-07T22:11:11Z</time>
      </trkpt>
      <trkpt lat="67.95732636" lon="18.27731646">
        <time>2028-04-07T22:12:29Z</time>
      </trkpt>
      <trkpt lat="67.95750657" lon="18.27721219">
        <time>2028-04-07T22:13:55Z</time>
      </trkpt>
      <trkpt lat="67.95767019" lon="18.27713214">
        <time>2028-04-07T22:15:13Z</time>
      </trkpt>
      <trkpt lat="67.95786565" lon="18.27701035">
        <time>2028-04-07T22:16:46Z</time>
      </trkpt>
      <trkpt lat="67.95804452" lon="18.2768987">
        <time>2028-04-07T22:18:12Z</time>
      </trkpt>
      <trkpt lat="67.95819766" lon="18.27679343">
        <time>2028-04-07T22:19:26Z</time>
      </trkpt>
      <trkpt lat="67.95840335" lon="18.27664247">
        <time>2028-04-07T22:21:06Z</time>
      </trkpt>
      <trkpt lat="67.95853905" lon="18.27655337">
        <time>2028-04-07T22:22:11Z</time>
      </trkpt>
      <trkpt lat="67.9587253" lon="18.27640945">
        <time>2028-04-07T22:23:41Z</time>
      </trkpt>
      <trkpt lat="67.95888254" lon="18.27628909">
        <time>2028-04-07T22:24:58Z</time>
      </trkpt>
      <trkpt lat="67.95908572" lon="18.27616537">
        <time>2028-04-07T22:26:35Z</time>
      </trkpt>
      <trkpt lat="67.95927641" lon="18.27602003">
        <time>2028-04-07T22:28:08Z</time>
      </trkpt>
      <trkpt lat="67.95946609" lon="18.27586865">
        <time>2028-04-07T22:29:40Z</time>
      </trkpt>
      <trkpt lat="67.95961772" lon="18.27575977">
        <time>2028-04-07T22:30:53Z</time>
      </trkpt>
      <trkpt lat="67.95976172" lon="18.27566371">
        <time>2028-04-07T22:32:03Z</time>
      </trkpt>
      <trkpt lat="67.95992509" lon="18.27555416">
        <time>2028-04-07T22:33:21Z</time>
      </trkpt>
      <trkpt lat="67.96009683" lon="18.27542567">
        <time>2028-04-07T22:34:45Z</time>
      </trkpt>
      <trkpt lat="67.96025248" lon="18.27532366">
        <time>2028-04-07T22:36:00Z</time>
      </trkpt>
      <trkpt lat="67.96040503" lon="18.27522559">
        <time>2028-04-07T22:37:13Z</time>
      </trkpt>
      <trkpt lat="67.96056136" lon="18.27507715">
        <time>2028-04-07T22:38:30Z</time>
      </trkpt>
      <trkpt lat="67.96073679" lon="18.27497288">
        <time>2028-04-07T22:39:54Z</time>
      </trkpt>
      <trkpt lat="67.9607968" lon="18.274936">
        <time>2028-04-07T22:40:23Z</time>
      </trkpt>
      <trkpt lat="67.96079135" lon="18.27494899">
        <time>2028-04-07T22:40:26Z</time>
      </trkpt>
      <trkpt lat="67.9608942" lon="18.274893">
        <time>2028-04-07T22:41:15Z</time>
      </trkpt>
      <trkpt lat="67.96104147" lon="18.27476006">
        <time>2028-04-07T22:42:28Z</time>
      </trkpt>
      <trkpt lat="67.96120148" lon="18.2746754">
        <time>2028-04-07T22:43:44Z</time>
      </trkpt>
      <trkpt lat="67.9612713" lon="18.2746371">
        <time>2028-04-07T22:44:17Z</time>
      </trkpt>
      <trkpt lat="67.9614552" lon="18.274505">
        <time>2028-04-07T22:45:46Z</time>
      </trkpt>
      <trkpt lat="67.96160851" lon="18.27440199">
        <time>2028-04-07T22:47:00Z</time>
      </trkpt>
      <trkpt lat="67.96176625" lon="18.27430082">
        <time>2028-04-07T22:48:16Z</time>
      </trkpt>
      <trkpt lat="67.96195091" lon="18.27419152">
        <time>2028-04-07T22:49:44Z</time>
      </trkpt>
      <trkpt lat="67.96213363" lon="18.27409202">
        <time>2028-04-07T22:51:11Z</time>
      </trkpt>
      <trkpt lat="67.96229959" lon="18.27395825">
        <time>2028-04-07T22:52:32Z</time>
      </trkpt>
      <trkpt lat="67.96246715" lon="18.27383931">
        <time>2028-04-07T22:53:53Z</time>
      </trkpt>
      <trkpt lat="67.96262515" lon="18.27374325">
        <time>2028-04-07T22:55:09Z</time>
      </trkpt>
      <trkpt lat="67.96278943" lon="18.27365851">
        <time>2028-04-07T22:56:27Z</time>
      </trkpt>
      <trkpt lat="67.96295925" lon="18.27352993">
        <time>2028-04-07T22:57:49Z</time>
      </trkpt>
      <trkpt lat="67.96311415" lon="18.27342331">
        <time>2028-04-07T22:59:04Z</time>
      </trkpt>
      <trkpt lat="67.96327332" lon="18.27331443">
        <time>2028-04-07T23:00:21Z</time>
      </trkpt>
      <trkpt lat="67.96346409" lon="18.27317295">
        <time>2028-04-07T23:01:53Z</time>
      </trkpt>
      <trkpt lat="67.96365109" lon="18.2730411">
        <time>2028-04-07T23:03:24Z</time>
      </trkpt>
      <trkpt lat="67.96381831" lon="18.27294085">
        <time>2028-04-07T23:04:44Z</time>
      </trkpt>
      <trkpt lat="67.96395988" lon="18.27288955">
        <time>2028-04-07T23:05:50Z</time>
      </trkpt>
      <trkpt lat="67.96410045" lon="18.27277841">
        <time>2028-04-07T23:06:59Z</time>
      </trkpt>
      <trkpt lat="67.96424755" lon="18.272665">
        <time>2028-04-07T23:08:10Z</time>
      </trkpt>
      <trkpt lat="67.9643317" lon="18.27260373">
        <time>2028-04-07T23:08:51Z</time>
      </trkpt>
      <trkpt lat="67.9643794" lon="18.27253827">
        <time>2028-04-07T23:09:16Z</time>
      </trkpt>
      <trkpt lat="67.96451175" lon="18.27247985">
        <time>2028-04-07T23:10:19Z</time>
      </trkpt>
      <trkpt lat="67.96466363" lon="18.27240131">
        <time>2028-04-07T23:11:31Z</time>
      </trkpt>
      <trkpt lat="67.9648316" lon="18.27232797">
        <time>2028-04-07T23:12:51Z</time>
      </trkpt>
      <trkpt lat="67.96493738" lon="18.27228346">
        <time>2028-04-07T23:13:41Z</time>
      </trkpt>
      <trkpt lat="67.9650818" lon="18.27219461">
        <time>2028-04-07T23:14:50Z</time>
      </trkpt>
      <trkpt lat="67.96524927" lon="18.27208514">
        <time>2028-04-07T23:16:10Z</time>
      </trkpt>
      <trkpt lat="67.96539201" lon="18.27196092">
        <time>2028-04-07T23:17:20Z</time>
      </trkpt>
      <trkpt lat="67.96551238" lon="18.27184215">
        <time>2028-04-07T23:18:20Z</time>
      </trkpt>
      <trkpt lat="67.96565479" lon="18.27174802">
        <time>2028-04-07T23:19:29Z</time>
      </trkpt>
      <trkpt lat="67.96582771" lon="18.27165658">
        <time>2028-04-07T23:20:51Z</time>
      </trkpt>
      <trkpt lat="67.96596039" lon="18.27158592">
        <time>2028-04-07T23:21:54Z</time>
      </trkpt>
      <trkpt lat="67.96611269" lon="18.27149346">
        <time>2028-04-07T23:23:07Z</time>
      </trkpt>
      <trkpt lat="67.96631821" lon="18.27139925">
        <time>2028-04-07T23:24:45Z</time>
      </trkpt>
      <trkpt lat="67.966525" lon="18.27126472">
        <time>2028-04-07T23:26:24Z</time>
      </trkpt>
      <trkpt lat="67.96669423" lon="18.27117294">
        <time>2028-04-07T23:27:45Z</time>
      </trkpt>
      <trkpt lat="67.9667907" lon="18.27105861">
        <time>2028-04-07T23:28:34Z</time>
      </trkpt>
      <trkpt lat="67.9669777" lon="18.27095568">
        <time>2028-04-07T23:30:03Z</time>
      </trkpt>
      <trkpt lat="67.96702816" lon="18.27093112">
        <time>2028-04-07T23:30:27Z</time>
      </trkpt>
      <trkpt lat="67.9672082" lon="18.27083808">
        <time>2028-04-07T23:31:53Z</time>
      </trkpt>
      <trkpt lat="67.9673678" lon="18.27072258">
        <time>2028-04-07T23:33:10Z</time>
      </trkpt>
      <trkpt lat="67.96753636" lon="18.27060238">
        <time>2028-04-07T23:34:31Z</time>
      </trkpt>
      <trkpt lat="67.96772713" lon="18.27044648">
        <time>2028-04-07T23:36:05Z</time>
      </trkpt>
      <trkpt lat="67.96775923" lon="18.27041899">
        <time>2028-04-07T23:36:20Z</time>
      </trkpt>
      <trkpt lat="67.9678682" lon="18.27034757">
        <time>2028-04-07T23:37:13Z</time>
      </trkpt>
      <trkpt lat="67.96794531" lon="18.27029619">
        <time>2028-04-07T23:37:50Z</time>
      </trkpt>
      <trkpt lat="67.96811588" lon="18.27019578">
        <time>2028-04-07T23:39:11Z</time>
      </trkpt>
      <trkpt lat="67.96827765" lon="18.270119">
        <time>2028-04-07T23:40:28Z</time>
      </trkpt>
      <trkpt lat="67.9684416" lon="18.27002403">
        <time>2028-04-07T23:41:46Z</time>
      </trkpt>
      <trkpt lat="67.96862299" lon="18.2699056">
        <time>2028-04-07T23:43:14Z</time>
      </trkpt>
      <trkpt lat="67.9688073" lon="18.26975732">
        <time>2028-04-07T23:44:43Z</time>
      </trkpt>
      <trkpt lat="67.96886455" lon="18.2697243">
        <time>2028-04-07T23:45:11Z</time>
      </trkpt>
      <trkpt lat="67.96902289" lon="18.2696564">
        <time>2028-04-07T23:46:26Z</time>
      </trkpt>
      <trkpt lat="67.96918172" lon="18.26954593">
        <time>2028-04-07T23:47:42Z</time>
      </trkpt>
      <trkpt lat="67.96920184" lon="18.26949262">
        <time>2028-04-07T23:47:56Z</time>
      </trkpt>
      <trkpt lat="67.96924207" lon="18.26942498">
        <time>2028-04-07T23:48:18Z</time>
      </trkpt>
      <trkpt lat="67.96940745" lon="18.26931308">
        <time>2028-04-07T23:49:37Z</time>
      </trkpt>
      <trkpt lat="67.96957559" lon="18.2691327">
        <time>2028-04-07T23:51:02Z</time>
      </trkpt>
      <trkpt lat="67.96969579" lon="18.26903447">
        <time>2028-04-07T23:52:01Z</time>
      </trkpt>
      <trkpt lat="67.96989997" lon="18.26882718">
        <time>2028-04-07T23:53:43Z</time>
      </trkpt>
      <trkpt lat="67.97008253" lon="18.26862241">
        <time>2028-04-07T23:55:15Z</time>
      </trkpt>
      <trkpt lat="67.97025234" lon="18.26850599">
        <time>2028-04-07T23:56:37Z</time>
      </trkpt>
      <trkpt lat="67.97040104" lon="18.26835084">
        <time>2028-04-07T23:57:52Z</time>
      </trkpt>
      <trkpt lat="67.97053616" lon="18.26827322">
        <time>2028-04-07T23:58:56Z</time>
      </trkpt>
      <trkpt lat="67.97054554" lon="18.26826517">
        <time>2028-04-07T23:59:01Z</time>
      </trkpt>
      <trkpt lat="67.97070857" lon="18.26816702">
        <time>2028-04-08T00:00:19Z</time>
      </trkpt>
      <trkpt lat="67.9708654" lon="18.26807449">
        <time>2028-04-08T00:01:34Z</time>
      </trkpt>
      <trkpt lat="67.97104234" lon="18.26792588">
        <time>2028-04-08T00:03:01Z</time>
      </trkpt>
      <trkpt lat="67.97121903" lon="18.26778925">
        <time>2028-04-08T00:04:26Z</time>
      </trkpt>
      <trkpt lat="67.97132607" lon="18.26769697">
        <time>2028-04-08T00:05:19Z</time>
      </trkpt>
      <trkpt lat="67.97132473" lon="18.26769797">
        <time>2028-04-08T00:05:20Z</time>
      </trkpt>
      <trkpt lat="67.9713435" lon="18.26768783">
        <time>2028-04-08T00:05:29Z</time>
      </trkpt>
      <trkpt lat="67.97133964" lon="18.26768297">
        <time>2028-04-08T00:05:31Z</time>
      </trkpt>
      <trkpt lat="67.97134006" lon="18.26768238">
        <time>2028-04-08T00:05:31Z</time>
      </trkpt>
      <trkpt lat="67.97133939" lon="18.26768431">
        <time>2028-04-08T00:05:31Z</time>
      </trkpt>
      <trkpt lat="67.97133763" lon="18.26769328">
        <time>2028-04-08T00:05:33Z</time>
      </trkpt>
      <trkpt lat="67.97133897" lon="18.26770107">
        <time>2028-04-08T00:05:34Z</time>
      </trkpt>
      <trkpt lat="67.97134258" lon="18.26769143">
        <time>2028-04-08T00:05:37Z</time>
      </trkpt>
      <trkpt lat="67.97134585" lon="18.26768473">
        <time>2028-04-08T00:05:39Z</time>
      </trkpt>
      <trkpt lat="67.97134828" lon="18.26769856">
        <time>2028-04-08T00:05:41Z</time>
      </trkpt>
      <trkpt lat="67.9713518" lon="18.26770401">
        <time>2028-04-08T00:05:43Z</time>
      </trkpt>
      <trkpt lat="67.97135565" lon="18.26770761">
        <time>2028-04-08T00:05:45Z</time>
      </trkpt>
      <trkpt lat="67.97135557" lon="18.26770845">
        <time>2028-04-08T00:05:45Z</time>
      </trkpt>
      <trkpt lat="67.97135205" lon="18.26771121">
        <time>2028-04-08T00:05:47Z</time>
      </trkpt>
      <trkpt lat="67.9713207" lon="18.26772002">
        <time>2028-04-08T00:06:02Z</time>
      </trkpt>
      <trkpt lat="67.971329" lon="18.26776997">
        <time>2028-04-08T00:06:11Z</time>
      </trkpt>
      <trkpt lat="67.97139312" lon="18.26763142">
        <time>2028-04-08T00:06:50Z</time>
      </trkpt>
      <trkpt lat="67.97155146" lon="18.26748063">
        <time>2028-04-08T00:08:08Z</time>
      </trkpt>
      <trkpt lat="67.9716802" lon="18.2673689">
        <time>2028-04-08T00:09:12Z</time>
      </trkpt>
      <trkpt lat="67.97183527" lon="18.26722062">
        <time>2028-04-08T00:10:29Z</time>
      </trkpt>
      <trkpt lat="67.97197675" lon="18.2670679">
        <time>2028-04-08T00:11:40Z</time>
      </trkpt>
      <trkpt lat="67.97213165" lon="18.26692005">
        <time>2028-04-08T00:12:57Z</time>
      </trkpt>
      <trkpt lat="67.97228529" lon="18.26670539">
        <time>2028-04-08T00:14:18Z</time>
      </trkpt>
      <trkpt lat="67.97229309" lon="18.26669851">
        <time>2028-04-08T00:14:22Z</time>
      </trkpt>
      <trkpt lat="67.97238847" lon="18.26657815">
        <time>2028-04-08T00:15:11Z</time>
      </trkpt>
      <trkpt lat="67.97253122" lon="18.26640682">
        <time>2028-04-08T00:16:24Z</time>
      </trkpt>
      <trkpt lat="67.97272232" lon="18.26625377">
        <time>2028-04-08T00:17:57Z</time>
      </trkpt>
      <trkpt lat="67.97274915" lon="18.26622603">
        <time>2028-04-08T00:18:11Z</time>
      </trkpt>
      <trkpt lat="67.97289616" lon="18.26611354">
        <time>2028-04-08T00:19:22Z</time>
      </trkpt>
      <trkpt lat="67.97294486" lon="18.26608152">
        <time>2028-04-08T00:19:45Z</time>
      </trkpt>
      <trkpt lat="67.97306062" lon="18.266034">
        <time>2028-04-08T00:20:40Z</time>
      </trkpt>
      <trkpt lat="67.97324393" lon="18.26590843">
        <time>2028-04-08T00:22:08Z</time>
      </trkpt>
      <trkpt lat="67.97340436" lon="18.26582772">
        <time>2028-04-08T00:23:25Z</time>
      </trkpt>
      <trkpt lat="67.97355917" lon="18.26574356">
        <time>2028-04-08T00:24:38Z</time>
      </trkpt>
      <trkpt lat="67.97368683" lon="18.26572496">
        <time>2028-04-08T00:25:38Z</time>
      </trkpt>
      <trkpt lat="67.97382798" lon="18.26568657">
        <time>2028-04-08T00:26:44Z</time>
      </trkpt>
      <trkpt lat="67.97397458" lon="18.26562605">
        <time>2028-04-08T00:27:54Z</time>
      </trkpt>
      <trkpt lat="67.97411858" lon="18.2655802">
        <time>2028-04-08T00:29:01Z</time>
      </trkpt>
      <trkpt lat="67.97426158" lon="18.2655341">
        <time>2028-04-08T00:30:09Z</time>
      </trkpt>
      <trkpt lat="67.97445394" lon="18.26547325">
        <time>2028-04-08T00:31:39Z</time>
      </trkpt>
      <trkpt lat="67.97464396" lon="18.26535255">
        <time>2028-04-08T00:33:10Z</time>
      </trkpt>
      <trkpt lat="67.97479911" lon="18.2652549">
        <time>2028-04-08T00:34:25Z</time>
      </trkpt>
      <trkpt lat="67.97498837" lon="18.26514702">
        <time>2028-04-08T00:35:55Z</time>
      </trkpt>
      <trkpt lat="67.97512399" lon="18.2650503">
        <time>2028-04-08T00:37:01Z</time>
      </trkpt>
      <trkpt lat="67.97512491" lon="18.265057">
        <time>2028-04-08T00:37:02Z</time>
      </trkpt>
      <trkpt lat="67.97512986" lon="18.26506278">
        <time>2028-04-08T00:37:04Z</time>
      </trkpt>
      <trkpt lat="67.9752182" lon="18.26499598">
        <time>2028-04-08T00:37:47Z</time>
      </trkpt>
      <trkpt lat="67.9753985" lon="18.26492038">
        <time>2028-04-08T00:39:12Z</time>
      </trkpt>
      <trkpt lat="67.97555205" lon="18.26485902">
        <time>2028-04-08T00:40:25Z</time>
      </trkpt>
      <trkpt lat="67.9757554" lon="18.26474679">
        <time>2028-04-08T00:42:02Z</time>
      </trkpt>
      <trkpt lat="67.97594533" lon="18.26468141">
        <time>2028-04-08T00:43:31Z</time>
      </trkpt>
      <trkpt lat="67.97613393" lon="18.26465358">
        <time>2028-04-08T00:45:00Z</time>
      </trkpt>
      <trkpt lat="67.97633509" lon="18.26453229">
        <time>2028-04-08T00:46:36Z</time>
      </trkpt>
      <trkpt lat="67.97651807" lon="18.26446516">
        <time>2028-04-08T00:48:02Z</time>
      </trkpt>
      <trkpt lat="67.97671865" lon="18.26428302">
        <time>2028-04-08T00:49:41Z</time>
      </trkpt>
      <trkpt lat="67.97688251" lon="18.26410859">
        <time>2028-04-08T00:51:03Z</time>
      </trkpt>
      <trkpt lat="67.97706465" lon="18.26396668">
        <time>2028-04-08T00:52:32Z</time>
      </trkpt>
      <trkpt lat="67.9772146" lon="18.26386426">
        <time>2028-04-08T00:53:44Z</time>
      </trkpt>
      <trkpt lat="67.97735844" lon="18.26376325">
        <time>2028-04-08T00:54:54Z</time>
      </trkpt>
      <trkpt lat="67.97740982" lon="18.26373777">
        <time>2028-04-08T00:55:18Z</time>
      </trkpt>
      <trkpt lat="67.97750068" lon="18.26365731">
        <time>2028-04-08T00:56:03Z</time>
      </trkpt>
      <trkpt lat="67.97769606" lon="18.26356946">
        <time>2028-04-08T00:57:35Z</time>
      </trkpt>
      <trkpt lat="67.97786915" lon="18.2634745">
        <time>2028-04-08T00:58:58Z</time>
      </trkpt>
      <trkpt lat="67.97803117" lon="18.26331901">
        <time>2028-04-08T01:00:18Z</time>
      </trkpt>
      <trkpt lat="67.97820107" lon="18.26316135">
        <time>2028-04-08T01:01:42Z</time>
      </trkpt>
      <trkpt lat="67.97839394" lon="18.26296932">
        <time>2028-04-08T01:03:18Z</time>
      </trkpt>
      <trkpt lat="67.97855336" lon="18.26287754">
        <time>2028-04-08T01:04:35Z</time>
      </trkpt>
      <trkpt lat="67.97864456" lon="18.26278525">
        <time>2028-04-08T01:05:20Z</time>
      </trkpt>
      <trkpt lat="67.97874556" lon="18.26267637">
        <time>2028-04-08T01:06:11Z</time>
      </trkpt>
      <trkpt lat="67.97887422" lon="18.26254386">
        <time>2028-04-08T01:07:15Z</time>
      </trkpt>
      <trkpt lat="67.97897866" lon="18.26246196">
        <time>2028-04-08T01:08:06Z</time>
      </trkpt>
      <trkpt lat="67.97908578" lon="18.26237923">
        <time>2028-04-08T01:08:58Z</time>
      </trkpt>
      <trkpt lat="67.97928636" lon="18.26231109">
        <time>2028-04-08T01:10:33Z</time>
      </trkpt>
      <trkpt lat="67.97949649" lon="18.26210716">
        <time>2028-04-08T01:12:17Z</time>
      </trkpt>
      <trkpt lat="67.97965894" lon="18.26194866">
        <time>2028-04-08T01:13:38Z</time>
      </trkpt>
      <trkpt lat="67.97983051" lon="18.2618184">
        <time>2028-04-08T01:15:01Z</time>
      </trkpt>
      <trkpt lat="67.97996219" lon="18.26166426">
        <time>2028-04-08T01:16:08Z</time>
      </trkpt>
      <trkpt lat="67.98010544" lon="18.26159251">
        <time>2028-04-08T01:17:16Z</time>
      </trkpt>
      <trkpt lat="67.98025816" lon="18.26154306">
        <time>2028-04-08T01:18:28Z</time>
      </trkpt>
      <trkpt lat="67.98043317" lon="18.26146494">
        <time>2028-04-08T01:19:51Z</time>
      </trkpt>
      <trkpt lat="67.98060659" lon="18.26139227">
        <time>2028-04-08T01:21:13Z</time>
      </trkpt>
      <trkpt lat="67.98076283" lon="18.26130082">
        <time>2028-04-08T01:22:28Z</time>
      </trkpt>
      <trkpt lat="67.98091312" lon="18.26123787">
        <time>2028-04-08T01:23:39Z</time>
      </trkpt>
      <trkpt lat="67.98106575" lon="18.26113561">
        <time>2028-04-08T01:24:52Z</time>
      </trkpt>
      <trkpt lat="67.98122845" lon="18.26105582">
        <time>2028-04-08T01:26:09Z</time>
      </trkpt>
      <trkpt lat="67.98139835" lon="18.26096621">
        <time>2028-04-08T01:27:30Z</time>
      </trkpt>
      <trkpt lat="67.98155727" lon="18.2609067">
        <time>2028-04-08T01:28:45Z</time>
      </trkpt>
      <trkpt lat="67.98175508" lon="18.26090452">
        <time>2028-04-08T01:30:18Z</time>
      </trkpt>
      <trkpt lat="67.98177511" lon="18.2609088">
        <time>2028-04-08T01:30:27Z</time>
      </trkpt>
      <trkpt lat="67.98180722" lon="18.26092581">
        <time>2028-04-08T01:30:42Z</time>
      </trkpt>
      <trkpt lat="67.98198558" lon="18.26095339">
        <time>2028-04-08T01:32:06Z</time>
      </trkpt>
      <trkpt lat="67.98217317" lon="18.26097351">
        <time>2028-04-08T01:33:33Z</time>
      </trkpt>
      <trkpt lat="67.98234466" lon="18.2610305">
        <time>2028-04-08T01:34:54Z</time>
      </trkpt>
      <trkpt lat="67.98247542" lon="18.26109077">
        <time>2028-04-08T01:35:56Z</time>
      </trkpt>
      <trkpt lat="67.98266008" lon="18.26115036">
        <time>2028-04-08T01:37:23Z</time>
      </trkpt>
      <trkpt lat="67.98276359" lon="18.26114148">
        <time>2028-04-08T01:38:11Z</time>
      </trkpt>
      <trkpt lat="67.98292151" lon="18.2611704">
        <time>2028-04-08T01:39:25Z</time>
      </trkpt>
      <trkpt lat="67.98308328" lon="18.26121734">
        <time>2028-04-08T01:40:41Z</time>
      </trkpt>
      <trkpt lat="67.98321714" lon="18.26111994">
        <time>2028-04-08T01:41:46Z</time>
      </trkpt>
      <trkpt lat="67.98335116" lon="18.26115858">
        <time>2028-04-08T01:42:49Z</time>
      </trkpt>
      <trkpt lat="67.98346935" lon="18.26118456">
        <time>2028-04-08T01:43:44Z</time>
      </trkpt>
      <trkpt lat="67.98367739" lon="18.26120074">
        <time>2028-04-08T01:45:21Z</time>
      </trkpt>
      <trkpt lat="67.9838602" lon="18.26116771">
        <time>2028-04-08T01:46:47Z</time>
      </trkpt>
      <trkpt lat="67.98401023" lon="18.26115095">
        <time>2028-04-08T01:47:57Z</time>
      </trkpt>
      <trkpt lat="67.98419137" lon="18.26117249">
        <time>2028-04-08T01:49:22Z</time>
      </trkpt>
      <trkpt lat="67.98436688" lon="18.26123829">
        <time>2028-04-08T01:50:44Z</time>
      </trkpt>
      <trkpt lat="67.98455967" lon="18.26116294">
        <time>2028-04-08T01:52:15Z</time>
      </trkpt>
      <trkpt lat="67.98472404" lon="18.26113268">
        <time>2028-04-08T01:53:32Z</time>
      </trkpt>
      <trkpt lat="67.98480869" lon="18.26111038">
        <time>2028-04-08T01:54:12Z</time>
      </trkpt>
      <trkpt lat="67.98500651" lon="18.26108758">
        <time>2028-04-08T01:55:45Z</time>
      </trkpt>
      <trkpt lat="67.98518898" lon="18.26108993">
        <time>2028-04-08T01:57:10Z</time>
      </trkpt>
      <trkpt lat="67.98540046" lon="18.26107057">
        <time>2028-04-08T01:58:49Z</time>
      </trkpt>
      <trkpt lat="67.9854225" lon="18.26107199">
        <time>2028-04-08T01:58:59Z</time>
      </trkpt>
      <trkpt lat="67.98543717" lon="18.2610471">
        <time>2028-04-08T01:59:07Z</time>
      </trkpt>
      <trkpt lat="67.98557874" lon="18.26096613">
        <time>2028-04-08T02:00:15Z</time>
      </trkpt>
      <trkpt lat="67.98568787" lon="18.26088835">
        <time>2028-04-08T02:01:07Z</time>
      </trkpt>
      <trkpt lat="67.98584964" lon="18.26093604">
        <time>2028-04-08T02:02:23Z</time>
      </trkpt>
      <trkpt lat="67.98595483" lon="18.26095255">
        <time>2028-04-08T02:03:12Z</time>
      </trkpt>
      <trkpt lat="67.98604745" lon="18.26090762">
        <time>2028-04-08T02:03:56Z</time>
      </trkpt>
      <trkpt lat="67.98616279" lon="18.26093403">
        <time>2028-04-08T02:04:50Z</time>
      </trkpt>
      <trkpt lat="67.98628374" lon="18.26102237">
        <time>2028-04-08T02:05:49Z</time>
      </trkpt>
      <trkpt lat="67.98643059" lon="18.26103075">
        <time>2028-04-08T02:06:58Z</time>
      </trkpt>
      <trkpt lat="67.98661239" lon="18.26103302">
        <time>2028-04-08T02:08:22Z</time>
      </trkpt>
      <trkpt lat="67.98674189" lon="18.26099521">
        <time>2028-04-08T02:09:23Z</time>
      </trkpt>
      <trkpt lat="67.98686637" lon="18.26097133">
        <time>2028-04-08T02:10:22Z</time>
      </trkpt>
      <trkpt lat="67.98703359" lon="18.26090385">
        <time>2028-04-08T02:11:41Z</time>
      </trkpt>
      <trkpt lat="67.98715286" lon="18.26090025">
        <time>2028-04-08T02:12:36Z</time>
      </trkpt>
      <trkpt lat="67.98731329" lon="18.26089639">
        <time>2028-04-08T02:13:51Z</time>
      </trkpt>
      <trkpt lat="67.98747975" lon="18.2608663">
        <time>2028-04-08T02:15:09Z</time>
      </trkpt>
      <trkpt lat="67.98760582" lon="18.26086747">
        <time>2028-04-08T02:16:08Z</time>
      </trkpt>
      <trkpt lat="67.98778184" lon="18.26086982">
        <time>2028-04-08T02:17:30Z</time>
      </trkpt>
      <trkpt lat="67.98797471" lon="18.26090511">
        <time>2028-04-08T02:19:00Z</time>
      </trkpt>
      <trkpt lat="67.98812189" lon="18.26099974">
        <time>2028-04-08T02:20:11Z</time>
      </trkpt>
      <trkpt lat="67.98817629" lon="18.26103084">
        <time>2028-04-08T02:20:37Z</time>
      </trkpt>
      <trkpt lat="67.98835164" lon="18.26104676">
        <time>2028-04-08T02:21:59Z</time>
      </trkpt>
      <trkpt lat="67.98850042" lon="18.26098541">
        <time>2028-04-08T02:23:09Z</time>
      </trkpt>
      <trkpt lat="67.98862011" lon="18.26094232">
        <time>2028-04-08T02:24:06Z</time>
      </trkpt>
      <trkpt lat="67.98878691" lon="18.26096781">
        <time>2028-04-08T02:25:24Z</time>
      </trkpt>
      <trkpt lat="67.98895036" lon="18.26094023">
        <time>2028-04-08T02:26:40Z</time>
      </trkpt>
      <trkpt lat="67.98906318" lon="18.26095121">
        <time>2028-04-08T02:27:33Z</time>
      </trkpt>
      <trkpt lat="67.98908757" lon="18.26086161">
        <time>2028-04-08T02:27:52Z</time>
      </trkpt>
      <trkpt lat="67.98908371" lon="18.26087602">
        <time>2028-04-08T02:27:55Z</time>
      </trkpt>
      <trkpt lat="67.98908053" lon="18.2608834">
        <time>2028-04-08T02:27:57Z</time>
      </trkpt>
      <trkpt lat="67.98911531" lon="18.26073471">
        <time>2028-04-08T02:28:28Z</time>
      </trkpt>
      <trkpt lat="67.989148" lon="18.26073546">
        <time>2028-04-08T02:28:43Z</time>
      </trkpt>
      <trkpt lat="67.98917022" lon="18.26076027">
        <time>2028-04-08T02:28:54Z</time>
      </trkpt>
      <trkpt lat="67.98930357" lon="18.26070135">
        <time>2028-04-08T02:29:58Z</time>
      </trkpt>
      <trkpt lat="67.98965586" lon="18.26036355">
        <time>2028-04-08T02:32:52Z</time>
      </trkpt>
      <trkpt lat="67.99003397" lon="18.26015007">
        <time>2028-04-08T02:35:53Z</time>
      </trkpt>
      <trkpt lat="67.9904296" lon="18.25967146">
        <time>2028-04-08T02:39:16Z</time>
      </trkpt>
      <trkpt lat="67.99069011" lon="18.2594625">
        <time>2028-04-08T02:41:23Z</time>
      </trkpt>
      <trkpt lat="67.99088775" lon="18.25895162">
        <time>2028-04-08T02:43:31Z</time>
      </trkpt>
      <trkpt lat="67.99124029" lon="18.25865884">
        <time>2028-04-08T02:46:24Z</time>
      </trkpt>
      <trkpt lat="67.99153115" lon="18.258441">
        <time>2028-04-08T02:48:45Z</time>
      </trkpt>
      <trkpt lat="67.9920261" lon="18.25773767">
        <time>2028-04-08T02:53:06Z</time>
      </trkpt>
      <trkpt lat="67.99236917" lon="18.25733677">
        <time>2028-04-08T02:56:01Z</time>
      </trkpt>
      <trkpt lat="67.99277418" lon="18.2567823">
        <time>2028-04-08T02:59:34Z</time>
      </trkpt>
      <trkpt lat="67.99316478" lon="18.2563389">
        <time>2028-04-08T03:02:52Z</time>
      </trkpt>
      <trkpt lat="67.99352621" lon="18.25591628">
        <time>2028-04-08T03:05:56Z</time>
      </trkpt>
      <trkpt lat="67.993763" lon="18.2555562">
        <time>2028-04-08T03:08:04Z</time>
      </trkpt>
      <trkpt lat="67.99401068" lon="18.2552402">
        <time>2028-04-08T03:10:12Z</time>
      </trkpt>
      <trkpt lat="67.99427127" lon="18.25499981">
        <time>2028-04-08T03:12:20Z</time>
      </trkpt>
      <trkpt lat="67.99450982" lon="18.25465539">
        <time>2028-04-08T03:14:27Z</time>
      </trkpt>
      <trkpt lat="67.99479506" lon="18.25426052">
        <time>2028-04-08T03:16:57Z</time>
      </trkpt>
      <trkpt lat="67.9951409" lon="18.25366063">
        <time>2028-04-08T03:20:10Z</time>
      </trkpt>
      <trkpt lat="67.99545086" lon="18.25347279">
        <time>2028-04-08T03:22:38Z</time>
      </trkpt>
      <trkpt lat="67.99587599" lon="18.25297264">
        <time>2028-04-08T03:26:15Z</time>
      </trkpt>
      <trkpt lat="67.99631579" lon="18.25261524">
        <time>2028-04-08T03:29:50Z</time>
      </trkpt>
      <trkpt lat="67.99673597" lon="18.25215474">
        <time>2028-04-08T03:33:22Z</time>
      </trkpt>
      <trkpt lat="67.99718072" lon="18.25197696">
        <time>2028-04-08T03:36:52Z</time>
      </trkpt>
      <trkpt lat="67.99761808" lon="18.25168979">
        <time>2028-04-08T03:40:22Z</time>
      </trkpt>
      <trkpt lat="67.99830213" lon="18.25105227">
        <time>2028-04-08T03:46:00Z</time>
      </trkpt>
      <trkpt lat="67.99874662" lon="18.25060777">
        <time>2028-04-08T03:49:42Z</time>
      </trkpt>
      <trkpt lat="67.99901652" lon="18.25052203">
        <time>2028-04-08T03:51:49Z</time>
      </trkpt>
      <trkpt lat="67.99930092" lon="18.24979565">
        <time>2028-04-08T03:54:53Z</time>
      </trkpt>
      <trkpt lat="67.9998418" lon="18.24969314">
        <time>2028-04-08T03:59:06Z</time>
      </trkpt>
      <trkpt lat="68.00031622" lon="18.24952735">
        <time>2028-04-08T04:02:49Z</time>
      </trkpt>
      <trkpt lat="68.00076138" lon="18.24898755">
        <time>2028-04-08T04:06:38Z</time>
      </trkpt>
      <trkpt lat="68.00126245" lon="18.24867449">
        <time>2028-04-08T04:10:38Z</time>
      </trkpt>
      <trkpt lat="68.00179252" lon="18.24851448">
        <time>2028-04-08T04:14:47Z</time>
      </trkpt>
      <trkpt lat="68.0021744" lon="18.24789195">
        <time>2028-04-08T04:18:16Z</time>
      </trkpt>
      <trkpt lat="68.00260305" lon="18.24737806">
        <time>2028-04-08T04:21:55Z</time>
      </trkpt>
      <trkpt lat="68.00286633" lon="18.24714068">
        <time>2028-04-08T04:24:05Z</time>
      </trkpt>
      <trkpt lat="68.00286524" lon="18.24714295">
        <time>2028-04-08T04:24:06Z</time>
      </trkpt>
      <trkpt lat="68.00286516" lon="18.24714571">
        <time>2028-04-08T04:24:06Z</time>
      </trkpt>
      <trkpt lat="68.00286566" lon="18.24714202">
        <time>2028-04-08T04:24:07Z</time>
      </trkpt>
      <trkpt lat="68.00286541" lon="18.24714353">
        <time>2028-04-08T04:24:07Z</time>
      </trkpt>
      <trkpt lat="68.00286993" lon="18.24714177">
        <time>2028-04-08T04:24:09Z</time>
      </trkpt>
      <trkpt lat="68.00286625" lon="18.2471401">
        <time>2028-04-08T04:24:11Z</time>
      </trkpt>
      <trkpt lat="68.00286977" lon="18.24715242">
        <time>2028-04-08T04:24:14Z</time>
      </trkpt>
      <trkpt lat="68.00286692" lon="18.24716256">
        <time>2028-04-08T04:24:16Z</time>
      </trkpt>
      <trkpt lat="68.00298032" lon="18.24708243">
        <time>2028-04-08T04:25:11Z</time>
      </trkpt>
      <trkpt lat="68.00317093" lon="18.24687288">
        <time>2028-04-08T04:26:47Z</time>
      </trkpt>
      <trkpt lat="68.00337763" lon="18.24669284">
        <time>2028-04-08T04:28:29Z</time>
      </trkpt>
      <trkpt lat="68.0035751" lon="18.24651296">
        <time>2028-04-08T04:30:06Z</time>
      </trkpt>
      <trkpt lat="68.00383318" lon="18.24633166">
        <time>2028-04-08T04:32:11Z</time>
      </trkpt>
      <trkpt lat="68.00388163" lon="18.24636821">
        <time>2028-04-08T04:32:34Z</time>
      </trkpt>
      <trkpt lat="68.00389705" lon="18.24631934">
        <time>2028-04-08T04:32:45Z</time>
      </trkpt>
      <trkpt lat="68.0041408" lon="18.24607987">
        <time>2028-04-08T04:34:47Z</time>
      </trkpt>
      <trkpt lat="68.00439485" lon="18.24599639">
        <time>2028-04-08T04:36:46Z</time>
      </trkpt>
      <trkpt lat="68.00458596" lon="18.24579204">
        <time>2028-04-08T04:38:22Z</time>
      </trkpt>
      <trkpt lat="68.00476911" lon="18.2456052">
        <time>2028-04-08T04:39:54Z</time>
      </trkpt>
      <trkpt lat="68.00503758" lon="18.2454301">
        <time>2028-04-08T04:42:03Z</time>
      </trkpt>
      <trkpt lat="68.00516046" lon="18.2453747">
        <time>2028-04-08T04:43:01Z</time>
      </trkpt>
      <trkpt lat="68.00516129" lon="18.24537177">
        <time>2028-04-08T04:43:02Z</time>
      </trkpt>
      <trkpt lat="68.00516129" lon="18.24537881">
        <time>2028-04-08T04:43:03Z</time>
      </trkpt>
      <trkpt lat="68.0051768" lon="18.24526984">
        <time>2028-04-08T04:43:23Z</time>
      </trkpt>
      <trkpt lat="68.00519264" lon="18.24524989">
        <time>2028-04-08T04:43:31Z</time>
      </trkpt>
      <trkpt lat="68.00534151" lon="18.24509433">
        <time>2028-04-08T04:44:46Z</time>
      </trkpt>
      <trkpt lat="68.00556815" lon="18.24498695">
        <time>2028-04-08T04:46:34Z</time>
      </trkpt>
      <trkpt lat="68.0057803" lon="18.24485737">
        <time>2028-04-08T04:48:15Z</time>
      </trkpt>
      <trkpt lat="68.00592832" lon="18.24471471">
        <time>2028-04-08T04:49:29Z</time>
      </trkpt>
      <trkpt lat="68.00615556" lon="18.24448982">
        <time>2028-04-08T04:51:22Z</time>
      </trkpt>
      <trkpt lat="68.00624499" lon="18.24442738">
        <time>2028-04-08T04:52:05Z</time>
      </trkpt>
      <trkpt lat="68.00649628" lon="18.244262">
        <time>2028-04-08T04:54:06Z</time>
      </trkpt>
      <trkpt lat="68.00655361" lon="18.24422445">
        <time>2028-04-08T04:54:33Z</time>
      </trkpt>
      <trkpt lat="68.0066081" lon="18.2441869">
        <time>2028-04-08T04:55:00Z</time>
      </trkpt>
      <trkpt lat="68.00662184" lon="18.24416913">
        <time>2028-04-08T04:55:07Z</time>
      </trkpt>
      <trkpt lat="68.00669225" lon="18.24407215">
        <time>2028-04-08T04:55:44Z</time>
      </trkpt>
      <trkpt lat="68.00691244" lon="18.2439574">
        <time>2028-04-08T04:57:28Z</time>
      </trkpt>
      <trkpt lat="68.00710958" lon="18.24383696">
        <time>2028-04-08T04:59:03Z</time>
      </trkpt>
      <trkpt lat="68.00716264" lon="18.24382036">
        <time>2028-04-08T04:59:28Z</time>
      </trkpt>
      <trkpt lat="68.00718209" lon="18.24380653">
        <time>2028-04-08T04:59:37Z</time>
      </trkpt>
      <trkpt lat="68.00718502" lon="18.24381097">
        <time>2028-04-08T04:59:39Z</time>
      </trkpt>
      <trkpt lat="68.00718661" lon="18.24382086">
        <time>2028-04-08T04:59:41Z</time>
      </trkpt>
      <trkpt lat="68.00718628" lon="18.24382346">
        <time>2028-04-08T04:59:41Z</time>
      </trkpt>
      <trkpt lat="68.00718578" lon="18.24382665">
        <time>2028-04-08T04:59:42Z</time>
      </trkpt>
      <trkpt lat="68.00718594" lon="18.24382866">
        <time>2028-04-08T04:59:42Z</time>
      </trkpt>
      <trkpt lat="68.00718787" lon="18.24384098">
        <time>2028-04-08T04:59:44Z</time>
      </trkpt>
      <trkpt lat="68.00718737" lon="18.24383888">
        <time>2028-04-08T04:59:45Z</time>
      </trkpt>
      <trkpt lat="68.00717186" lon="18.24380829">
        <time>2028-04-08T04:59:54Z</time>
      </trkpt>
      <trkpt lat="68.0071613" lon="18.24379538">
        <time>2028-04-08T04:59:59Z</time>
      </trkpt>
      <trkpt lat="68.00716097" lon="18.24382765">
        <time>2028-04-08T05:00:05Z</time>
      </trkpt>
      <trkpt lat="68.00716113" lon="18.24385146">
        <time>2028-04-08T05:00:09Z</time>
      </trkpt>
      <trkpt lat="68.0071613" lon="18.24385162">
        <time>2028-04-08T05:00:09Z</time>
      </trkpt>
      <trkpt lat="68.00716172" lon="18.24385481">
        <time>2028-04-08T05:00:10Z</time>
      </trkpt>
      <trkpt lat="68.0071634" lon="18.24384643">
        <time>2028-04-08T05:00:11Z</time>
      </trkpt>
      <trkpt lat="68.0071649" lon="18.24383545">
        <time>2028-04-08T05:00:14Z</time>
      </trkpt>
      <trkpt lat="68.00716398" lon="18.24383117">
        <time>2028-04-08T05:00:14Z</time>
      </trkpt>
      <trkpt lat="68.00716356" lon="18.24382941">
        <time>2028-04-08T05:00:15Z</time>
      </trkpt>
      <trkpt lat="68.00716206" lon="18.24381793">
        <time>2028-04-08T05:00:17Z</time>
      </trkpt>
      <trkpt lat="68.00716465" lon="18.2438191">
        <time>2028-04-08T05:00:18Z</time>
      </trkpt>
      <trkpt lat="68.00716398" lon="18.24380821">
        <time>2028-04-08T05:00:20Z</time>
      </trkpt>
      <trkpt lat="68.00715795" lon="18.24380117">
        <time>2028-04-08T05:00:23Z</time>
      </trkpt>
      <trkpt lat="68.00715636" lon="18.24379605">
        <time>2028-04-08T05:00:24Z</time>
      </trkpt>
      <trkpt lat="68.00715652" lon="18.24378784">
        <time>2028-04-08T05:00:26Z</time>
      </trkpt>
      <trkpt lat="68.00715309" lon="18.24377694">
        <time>2028-04-08T05:00:28Z</time>
      </trkpt>
      <trkpt lat="68.00715325" lon="18.2437834">
        <time>2028-04-08T05:00:29Z</time>
      </trkpt>
      <trkpt lat="68.00715426" lon="18.24379069">
        <time>2028-04-08T05:00:31Z</time>
      </trkpt>
      <trkpt lat="68.0071577" lon="18.24380435">
        <time>2028-04-08T05:00:34Z</time>
      </trkpt>
      <trkpt lat="68.0071701" lon="18.24378993">
        <time>2028-04-08T05:00:40Z</time>
      </trkpt>
      <trkpt lat="68.0071701" lon="18.2437725">
        <time>2028-04-08T05:00:43Z</time>
      </trkpt>
      <trkpt lat="68.00717019" lon="18.2437699">
        <time>2028-04-08T05:00:43Z</time>
      </trkpt>
      <trkpt lat="68.00716993" lon="18.24376688">
        <time>2028-04-08T05:00:44Z</time>
      </trkpt>
      <trkpt lat="68.00716717" lon="18.24376605">
        <time>2028-04-08T05:00:45Z</time>
      </trkpt>
      <trkpt lat="68.00716004" lon="18.24376613">
        <time>2028-04-08T05:00:49Z</time>
      </trkpt>
      <trkpt lat="68.00715795" lon="18.24376621">
        <time>2028-04-08T05:00:50Z</time>
      </trkpt>
      <trkpt lat="68.00715166" lon="18.24376781">
        <time>2028-04-08T05:00:52Z</time>
      </trkpt>
      <trkpt lat="68.00714839" lon="18.24375959">
        <time>2028-04-08T05:00:55Z</time>
      </trkpt>
      <trkpt lat="68.00714982" lon="18.24374962">
        <time>2028-04-08T05:00:56Z</time>
      </trkpt>
      <trkpt lat="68.00714747" lon="18.24374953">
        <time>2028-04-08T05:00:58Z</time>
      </trkpt>
      <trkpt lat="68.00716457" lon="18.24377426">
        <time>2028-04-08T05:01:07Z</time>
      </trkpt>
      <trkpt lat="68.00720313" lon="18.2436813">
        <time>2028-04-08T05:01:31Z</time>
      </trkpt>
      <trkpt lat="68.00720598" lon="18.2436772">
        <time>2028-04-08T05:01:32Z</time>
      </trkpt>
      <trkpt lat="68.00720489" lon="18.24367611">
        <time>2028-04-08T05:01:33Z</time>
      </trkpt>
      <trkpt lat="68.00719785" lon="18.24369262">
        <time>2028-04-08T05:01:37Z</time>
      </trkpt>
      <trkpt lat="68.00719433" lon="18.24370519">
        <time>2028-04-08T05:01:40Z</time>
      </trkpt>
      <trkpt lat="68.00719282" lon="18.24370184">
        <time>2028-04-08T05:01:41Z</time>
      </trkpt>
      <trkpt lat="68.00719114" lon="18.24371106">
        <time>2028-04-08T05:01:43Z</time>
      </trkpt>
      <trkpt lat="68.00718997" lon="18.24372011">
        <time>2028-04-08T05:01:44Z</time>
      </trkpt>
      <trkpt lat="68.00717689" lon="18.24375171">
        <time>2028-04-08T05:01:53Z</time>
      </trkpt>
      <trkpt lat="68.00717672" lon="18.24375171">
        <time>2028-04-08T05:01:53Z</time>
      </trkpt>
      <trkpt lat="68.00717656" lon="18.24368734">
        <time>2028-04-08T05:02:04Z</time>
      </trkpt>
      <trkpt lat="68.00718904" lon="18.24367359">
        <time>2028-04-08T05:02:10Z</time>
      </trkpt>
      <trkpt lat="68.00722559" lon="18.24376085">
        <time>2028-04-08T05:02:33Z</time>
      </trkpt>
      <trkpt lat="68.00724579" lon="18.24378373">
        <time>2028-04-08T05:02:43Z</time>
      </trkpt>
      <trkpt lat="68.00725308" lon="18.24372338">
        <time>2028-04-08T05:02:55Z</time>
      </trkpt>
      <trkpt lat="68.00727672" lon="18.2436259">
        <time>2028-04-08T05:03:15Z</time>
      </trkpt>
      <trkpt lat="68.00732357" lon="18.24339925">
        <time>2028-04-08T05:04:00Z</time>
      </trkpt>
      <trkpt lat="68.00734445" lon="18.24333563">
        <time>2028-04-08T05:04:15Z</time>
      </trkpt>
      <trkpt lat="68.00735526" lon="18.24333563">
        <time>2028-04-08T05:04:20Z</time>
      </trkpt>
      <trkpt lat="68.00743631" lon="18.24355306">
        <time>2028-04-08T05:05:14Z</time>
      </trkpt>
      <trkpt lat="68.00745333" lon="18.24354493">
        <time>2028-04-08T05:05:22Z</time>
      </trkpt>
      <trkpt lat="68.00754067" lon="18.24346866">
        <time>2028-04-08T05:06:05Z</time>
      </trkpt>
      <trkpt lat="68.00754075" lon="18.24345927">
        <time>2028-04-08T05:06:06Z</time>
      </trkpt>
      <trkpt lat="68.00754167" lon="18.24345424">
        <time>2028-04-08T05:06:07Z</time>
      </trkpt>
      <trkpt lat="68.007541" lon="18.24345055">
        <time>2028-04-08T05:06:08Z</time>
      </trkpt>
      <trkpt lat="68.00760143" lon="18.24340118">
        <time>2028-04-08T05:06:37Z</time>
      </trkpt>
      <trkpt lat="68.00767536" lon="18.24336438">
        <time>2028-04-08T05:07:13Z</time>
      </trkpt>
      <trkpt lat="68.00778064" lon="18.24323807">
        <time>2028-04-08T05:08:06Z</time>
      </trkpt>
      <trkpt lat="68.00785113" lon="18.2431908">
        <time>2028-04-08T05:08:40Z</time>
      </trkpt>
      <trkpt lat="68.00788407" lon="18.24318057">
        <time>2028-04-08T05:08:56Z</time>
      </trkpt>
      <trkpt lat="68.00813897" lon="18.24292827">
        <time>2028-04-08T05:11:03Z</time>
      </trkpt>
      <trkpt lat="68.00831675" lon="18.24268855">
        <time>2028-04-08T05:12:36Z</time>
      </trkpt>
      <trkpt lat="68.00838028" lon="18.24262192">
        <time>2028-04-08T05:13:08Z</time>
      </trkpt>
      <trkpt lat="68.00837969" lon="18.24261772">
        <time>2028-04-08T05:13:08Z</time>
      </trkpt>
      <trkpt lat="68.00838095" lon="18.24261982">
        <time>2028-04-08T05:13:09Z</time>
      </trkpt>
      <trkpt lat="68.00837852" lon="18.24261454">
        <time>2028-04-08T05:13:11Z</time>
      </trkpt>
      <trkpt lat="68.00838271" lon="18.24261714">
        <time>2028-04-08T05:13:13Z</time>
      </trkpt>
      <trkpt lat="68.00839713" lon="18.24257766">
        <time>2028-04-08T05:13:22Z</time>
      </trkpt>
      <trkpt lat="68.00839948" lon="18.24257992">
        <time>2028-04-08T05:13:23Z</time>
      </trkpt>
      <trkpt lat="68.00839738" lon="18.24259124">
        <time>2028-04-08T05:13:26Z</time>
      </trkpt>
      <trkpt lat="68.00839738" lon="18.24259836">
        <time>2028-04-08T05:13:27Z</time>
      </trkpt>
      <trkpt lat="68.00839478" lon="18.24260415">
        <time>2028-04-08T05:13:28Z</time>
      </trkpt>
      <trkpt lat="68.00839394" lon="18.2426158">
        <time>2028-04-08T05:13:31Z</time>
      </trkpt>
      <trkpt lat="68.00839243" lon="18.24260792">
        <time>2028-04-08T05:13:32Z</time>
      </trkpt>
      <trkpt lat="68.0083786" lon="18.24264027">
        <time>2028-04-08T05:13:41Z</time>
      </trkpt>
      <trkpt lat="68.0083771" lon="18.24265687">
        <time>2028-04-08T05:13:44Z</time>
      </trkpt>
      <trkpt lat="68.00848925" lon="18.24252318">
        <time>2028-04-08T05:14:41Z</time>
      </trkpt>
      <trkpt lat="68.00864129" lon="18.24243433">
        <time>2028-04-08T05:15:54Z</time>
      </trkpt>
      <trkpt lat="68.00869226" lon="18.24234959">
        <time>2028-04-08T05:16:22Z</time>
      </trkpt>
      <trkpt lat="68.00878379" lon="18.24225923">
        <time>2028-04-08T05:17:07Z</time>
      </trkpt>
      <trkpt lat="68.00894061" lon="18.242134">
        <time>2028-04-08T05:18:24Z</time>
      </trkpt>
      <trkpt lat="68.00911495" lon="18.24194885">
        <time>2028-04-08T05:19:51Z</time>
      </trkpt>
      <trkpt lat="68.00918243" lon="18.24188112">
        <time>2028-04-08T05:20:25Z</time>
      </trkpt>
      <trkpt lat="68.00928377" lon="18.24177149">
        <time>2028-04-08T05:21:16Z</time>
      </trkpt>
      <trkpt lat="68.00944042" lon="18.24162631">
        <time>2028-04-08T05:22:33Z</time>
      </trkpt>
      <trkpt lat="68.00964243" lon="18.24139011">
        <time>2028-04-08T05:24:16Z</time>
      </trkpt>
      <trkpt lat="68.00971292" lon="18.24128584">
        <time>2028-04-08T05:24:54Z</time>
      </trkpt>
      <trkpt lat="68.00975139" lon="18.24124284">
        <time>2028-04-08T05:25:13Z</time>
      </trkpt>
      <trkpt lat="68.00993068" lon="18.24156194">
        <time>2028-04-08T05:26:54Z</time>
      </trkpt>
      <trkpt lat="68.00995423" lon="18.2415616">
        <time>2028-04-08T05:27:05Z</time>
      </trkpt>
      <trkpt lat="68.01000436" lon="18.24154065">
        <time>2028-04-08T05:27:29Z</time>
      </trkpt>
      <trkpt lat="68.01015213" lon="18.24111493">
        <time>2028-04-08T05:29:10Z</time>
      </trkpt>
      <trkpt lat="68.01019731" lon="18.24101276">
        <time>2028-04-08T05:29:38Z</time>
      </trkpt>
      <trkpt lat="68.01021759" lon="18.24097278">
        <time>2028-04-08T05:29:50Z</time>
      </trkpt>
      <trkpt lat="68.01034626" lon="18.24118123">
        <time>2028-04-08T05:31:00Z</time>
      </trkpt>
      <trkpt lat="68.01043603" lon="18.241083">
        <time>2028-04-08T05:31:45Z</time>
      </trkpt>
      <trkpt lat="68.01052228" lon="18.24089734">
        <time>2028-04-08T05:32:37Z</time>
      </trkpt>
      <trkpt lat="68.01059939" lon="18.24069668">
        <time>2028-04-08T05:33:27Z</time>
      </trkpt>
      <trkpt lat="68.01062101" lon="18.24068142">
        <time>2028-04-08T05:33:38Z</time>
      </trkpt>
      <trkpt lat="68.01072059" lon="18.24092408">
        <time>2028-04-08T05:34:41Z</time>
      </trkpt>
      <trkpt lat="68.01087021" lon="18.24078988">
        <time>2028-04-08T05:35:54Z</time>
      </trkpt>
      <trkpt lat="68.01092352" lon="18.2407748">
        <time>2028-04-08T05:36:19Z</time>
      </trkpt>
      <trkpt lat="68.01100558" lon="18.2407582">
        <time>2028-04-08T05:36:58Z</time>
      </trkpt>
      <trkpt lat="68.01110373" lon="18.24067002">
        <time>2028-04-08T05:37:46Z</time>
      </trkpt>
      <trkpt lat="68.01127556" lon="18.24064454">
        <time>2028-04-08T05:39:06Z</time>
      </trkpt>
      <trkpt lat="68.01134597" lon="18.24061202">
        <time>2028-04-08T05:39:40Z</time>
      </trkpt>
      <trkpt lat="68.01144839" lon="18.24061319">
        <time>2028-04-08T05:40:28Z</time>
      </trkpt>
      <trkpt lat="68.01145359" lon="18.2406095">
        <time>2028-04-08T05:40:30Z</time>
      </trkpt>
      <trkpt lat="68.01145351" lon="18.24061043">
        <time>2028-04-08T05:40:30Z</time>
      </trkpt>
      <trkpt lat="68.01145384" lon="18.24060841">
        <time>2028-04-08T05:40:31Z</time>
      </trkpt>
      <trkpt lat="68.01145116" lon="18.24061043">
        <time>2028-04-08T05:40:32Z</time>
      </trkpt>
      <trkpt lat="68.0114504" lon="18.24061713">
        <time>2028-04-08T05:40:33Z</time>
      </trkpt>
      <trkpt lat="68.01145032" lon="18.24061772">
        <time>2028-04-08T05:40:33Z</time>
      </trkpt>
      <trkpt lat="68.01145024" lon="18.24061914">
        <time>2028-04-08T05:40:34Z</time>
      </trkpt>
      <trkpt lat="68.01144931" lon="18.24062157">
        <time>2028-04-08T05:40:34Z</time>
      </trkpt>
      <trkpt lat="68.01144999" lon="18.24062057">
        <time>2028-04-08T05:40:35Z</time>
      </trkpt>
      <trkpt lat="68.01145124" lon="18.24062887">
        <time>2028-04-08T05:40:36Z</time>
      </trkpt>
      <trkpt lat="68.01144873" lon="18.24062845">
        <time>2028-04-08T05:40:37Z</time>
      </trkpt>
      <trkpt lat="68.01145024" lon="18.24060783">
        <time>2028-04-08T05:40:41Z</time>
      </trkpt>
      <trkpt lat="68.01151017" lon="18.24057581">
        <time>2028-04-08T05:41:10Z</time>
      </trkpt>
      <trkpt lat="68.0116431" lon="18.24052351">
        <time>2028-04-08T05:42:12Z</time>
      </trkpt>
      <trkpt lat="68.01171712" lon="18.24050892">
        <time>2028-04-08T05:42:47Z</time>
      </trkpt>
      <trkpt lat="68.01172567" lon="18.24053365">
        <time>2028-04-08T05:42:53Z</time>
      </trkpt>
      <trkpt lat="68.01173011" lon="18.2405277">
        <time>2028-04-08T05:42:55Z</time>
      </trkpt>
      <trkpt lat="68.01180035" lon="18.24046911">
        <time>2028-04-08T05:43:29Z</time>
      </trkpt>
      <trkpt lat="68.0117975" lon="18.2404873">
        <time>2028-04-08T05:43:33Z</time>
      </trkpt>
      <trkpt lat="68.01179373" lon="18.24049316">
        <time>2028-04-08T05:43:35Z</time>
      </trkpt>
      <trkpt lat="68.01179364" lon="18.24049626">
        <time>2028-04-08T05:43:36Z</time>
      </trkpt>
      <trkpt lat="68.01179322" lon="18.24049911">
        <time>2028-04-08T05:43:36Z</time>
      </trkpt>
      <trkpt lat="68.01178895" lon="18.24050766">
        <time>2028-04-08T05:43:39Z</time>
      </trkpt>
      <trkpt lat="68.0117856" lon="18.24050632">
        <time>2028-04-08T05:43:40Z</time>
      </trkpt>
      <trkpt lat="68.01182449" lon="18.24056164">
        <time>2028-04-08T05:44:01Z</time>
      </trkpt>
      <trkpt lat="68.01187746" lon="18.24059727">
        <time>2028-04-08T05:44:26Z</time>
      </trkpt>
      <trkpt lat="68.01196514" lon="18.24058159">
        <time>2028-04-08T05:45:07Z</time>
      </trkpt>
      <trkpt lat="68.01203378" lon="18.24053222">
        <time>2028-04-08T05:45:40Z</time>
      </trkpt>
      <trkpt lat="68.01209296" lon="18.2404769">
        <time>2028-04-08T05:46:10Z</time>
      </trkpt>
      <trkpt lat="68.01220494" lon="18.24039057">
        <time>2028-04-08T05:47:04Z</time>
      </trkpt>
      <trkpt lat="68.01226194" lon="18.24029795">
        <time>2028-04-08T05:47:35Z</time>
      </trkpt>
      <trkpt lat="68.01236194" lon="18.24013752">
        <time>2028-04-08T05:48:30Z</time>
      </trkpt>
      <trkpt lat="68.01237619" lon="18.24014649">
        <time>2028-04-08T05:48:37Z</time>
      </trkpt>
      <trkpt lat="68.01238591" lon="18.24014255">
        <time>2028-04-08T05:48:41Z</time>
      </trkpt>
      <trkpt lat="68.01247132" lon="18.24041069">
        <time>2028-04-08T05:49:43Z</time>
      </trkpt>
      <trkpt lat="68.01268548" lon="18.24025042">
        <time>2028-04-08T05:51:27Z</time>
      </trkpt>
      <trkpt lat="68.01296426" lon="18.24021648">
        <time>2028-04-08T05:53:37Z</time>
      </trkpt>
      <trkpt lat="68.01315805" lon="18.24014582">
        <time>2028-04-08T05:55:08Z</time>
      </trkpt>
      <trkpt lat="68.01333658" lon="18.24014992">
        <time>2028-04-08T05:56:32Z</time>
      </trkpt>
      <trkpt lat="68.01335729" lon="18.24015797">
        <time>2028-04-08T05:56:41Z</time>
      </trkpt>
      <trkpt lat="68.01335804" lon="18.24016023">
        <time>2028-04-08T05:56:42Z</time>
      </trkpt>
      <trkpt lat="68.01336005" lon="18.24015671">
        <time>2028-04-08T05:56:43Z</time>
      </trkpt>
      <trkpt lat="68.01336156" lon="18.24015495">
        <time>2028-04-08T05:56:44Z</time>
      </trkpt>
      <trkpt lat="68.01336139" lon="18.24015671">
        <time>2028-04-08T05:56:44Z</time>
      </trkpt>
      <trkpt lat="68.01336215" lon="18.24015403">
        <time>2028-04-08T05:56:45Z</time>
      </trkpt>
      <trkpt lat="68.01336374" lon="18.24015646">
        <time>2028-04-08T05:56:46Z</time>
      </trkpt>
      <trkpt lat="68.01336408" lon="18.24015663">
        <time>2028-04-08T05:56:46Z</time>
      </trkpt>
      <trkpt lat="68.01335863" lon="18.24016484">
        <time>2028-04-08T05:56:49Z</time>
      </trkpt>
      <trkpt lat="68.01335762" lon="18.24016267">
        <time>2028-04-08T05:56:49Z</time>
      </trkpt>
      <trkpt lat="68.01335569" lon="18.24017423">
        <time>2028-04-08T05:56:51Z</time>
      </trkpt>
      <trkpt lat="68.01335469" lon="18.24017457">
        <time>2028-04-08T05:56:52Z</time>
      </trkpt>
      <trkpt lat="68.01335569" lon="18.2401765">
        <time>2028-04-08T05:56:52Z</time>
      </trkpt>
      <trkpt lat="68.01335536" lon="18.24017792">
        <time>2028-04-08T05:56:53Z</time>
      </trkpt>
      <trkpt lat="68.01335553" lon="18.24017691">
        <time>2028-04-08T05:56:53Z</time>
      </trkpt>
      <trkpt lat="68.01335578" lon="18.24017582">
        <time>2028-04-08T05:56:53Z</time>
      </trkpt>
      <trkpt lat="68.01335637" lon="18.24017314">
        <time>2028-04-08T05:56:54Z</time>
      </trkpt>
      <trkpt lat="68.01335393" lon="18.24015982">
        <time>2028-04-08T05:56:56Z</time>
      </trkpt>
      <trkpt lat="68.01339752" lon="18.24013048">
        <time>2028-04-08T05:57:17Z</time>
      </trkpt>
      <trkpt lat="68.01344412" lon="18.24004892">
        <time>2028-04-08T05:57:43Z</time>
      </trkpt>
      <trkpt lat="68.01344714" lon="18.24004473">
        <time>2028-04-08T05:57:45Z</time>
      </trkpt>
      <trkpt lat="68.01344387" lon="18.24003912">
        <time>2028-04-08T05:57:47Z</time>
      </trkpt>
      <trkpt lat="68.01360581" lon="18.24019318">
        <time>2028-04-08T05:59:07Z</time>
      </trkpt>
      <trkpt lat="68.01385308" lon="18.24021958">
        <time>2028-04-08T06:01:03Z</time>
      </trkpt>
      <trkpt lat="68.01401803" lon="18.239948">
        <time>2028-04-08T06:02:33Z</time>
      </trkpt>
      <trkpt lat="68.01405835" lon="18.2398776">
        <time>2028-04-08T06:02:55Z</time>
      </trkpt>
      <trkpt lat="68.01406204" lon="18.23990065">
        <time>2028-04-08T06:03:00Z</time>
      </trkpt>
      <trkpt lat="68.01413421" lon="18.24022746">
        <time>2028-04-08T06:04:06Z</time>
      </trkpt>
      <trkpt lat="68.01422247" lon="18.24022695">
        <time>2028-04-08T06:04:47Z</time>
      </trkpt>
      <trkpt lat="68.0143021" lon="18.24016468">
        <time>2028-04-08T06:05:26Z</time>
      </trkpt>
      <trkpt lat="68.01440435" lon="18.24012335">
        <time>2028-04-08T06:06:14Z</time>
      </trkpt>
      <trkpt lat="68.01451139" lon="18.24007214">
        <time>2028-04-08T06:07:05Z</time>
      </trkpt>
      <trkpt lat="68.01464466" lon="18.23998162">
        <time>2028-04-08T06:08:09Z</time>
      </trkpt>
      <trkpt lat="68.01473611" lon="18.23990601">
        <time>2028-04-08T06:08:54Z</time>
      </trkpt>
      <trkpt lat="68.01492956" lon="18.23974642">
        <time>2028-04-08T06:10:29Z</time>
      </trkpt>
      <trkpt lat="68.01495035" lon="18.23972873">
        <time>2028-04-08T06:10:39Z</time>
      </trkpt>
      <trkpt lat="68.01500425" lon="18.23981415">
        <time>2028-04-08T06:11:08Z</time>
      </trkpt>
      <trkpt lat="68.01502428" lon="18.24008538">
        <time>2028-04-08T06:11:56Z</time>
      </trkpt>
      <trkpt lat="68.01504264" lon="18.24029443">
        <time>2028-04-08T06:12:34Z</time>
      </trkpt>
      <trkpt lat="68.01507005" lon="18.24037464">
        <time>2028-04-08T06:12:53Z</time>
      </trkpt>
      <trkpt lat="68.01513668" lon="18.24034221">
        <time>2028-04-08T06:13:25Z</time>
      </trkpt>
      <trkpt lat="68.01523115" lon="18.24026794">
        <time>2028-04-08T06:14:11Z</time>
      </trkpt>
      <trkpt lat="68.01526073" lon="18.24025461">
        <time>2028-04-08T06:14:25Z</time>
      </trkpt>
      <trkpt lat="68.01545603" lon="18.23998572">
        <time>2028-04-08T06:16:07Z</time>
      </trkpt>
      <trkpt lat="68.01546617" lon="18.23998396">
        <time>2028-04-08T06:16:12Z</time>
      </trkpt>
      <trkpt lat="68.01549065" lon="18.24016644">
        <time>2028-04-08T06:16:46Z</time>
      </trkpt>
      <trkpt lat="68.01549509" lon="18.24020323">
        <time>2028-04-08T06:16:53Z</time>
      </trkpt>
      <trkpt lat="68.01547338" lon="18.24035075">
        <time>2028-04-08T06:17:20Z</time>
      </trkpt>
      <trkpt lat="68.01537003" lon="18.24083179">
        <time>2028-04-08T06:18:57Z</time>
      </trkpt>
      <trkpt lat="68.01517624" lon="18.24150922">
        <time>2028-04-08T06:21:26Z</time>
      </trkpt>
      <trkpt lat="68.01515965" lon="18.24169085">
        <time>2028-04-08T06:21:59Z</time>
      </trkpt>
      <trkpt lat="68.01513593" lon="18.24187031">
        <time>2028-04-08T06:22:32Z</time>
      </trkpt>
      <trkpt lat="68.0151433" lon="18.24190987">
        <time>2028-04-08T06:22:40Z</time>
      </trkpt>
      <trkpt lat="68.01516174" lon="18.24196511">
        <time>2028-04-08T06:22:53Z</time>
      </trkpt>
      <trkpt lat="68.01516761" lon="18.24200375">
        <time>2028-04-08T06:23:00Z</time>
      </trkpt>
      <trkpt lat="68.01517121" lon="18.24205547">
        <time>2028-04-08T06:23:09Z</time>
      </trkpt>
      <trkpt lat="68.01525059" lon="18.24217985">
        <time>2028-04-08T06:23:52Z</time>
      </trkpt>
      <trkpt lat="68.01529435" lon="18.24222344">
        <time>2028-04-08T06:24:14Z</time>
      </trkpt>
      <trkpt lat="68.01538135" lon="18.24217608">
        <time>2028-04-08T06:24:56Z</time>
      </trkpt>
      <trkpt lat="68.01553013" lon="18.24208883">
        <time>2028-04-08T06:26:07Z</time>
      </trkpt>
      <trkpt lat="68.0156033" lon="18.24206351">
        <time>2028-04-08T06:26:41Z</time>
      </trkpt>
      <trkpt lat="68.01561303" lon="18.24208832">
        <time>2028-04-08T06:26:47Z</time>
      </trkpt>
      <trkpt lat="68.01560657" lon="18.24221933">
        <time>2028-04-08T06:27:10Z</time>
      </trkpt>
      <trkpt lat="68.0155738" lon="18.24246048">
        <time>2028-04-08T06:27:55Z</time>
      </trkpt>
      <trkpt lat="68.0155655" lon="18.24256224">
        <time>2028-04-08T06:28:14Z</time>
      </trkpt>
      <trkpt lat="68.01556542" lon="18.24257028">
        <time>2028-04-08T06:28:15Z</time>
      </trkpt>
      <trkpt lat="68.01556231" lon="18.24262326">
        <time>2028-04-08T06:28:24Z</time>
      </trkpt>
      <trkpt lat="68.01556164" lon="18.24294445">
        <time>2028-04-08T06:29:20Z</time>
      </trkpt>
      <trkpt lat="68.0155738" lon="18.24298058">
        <time>2028-04-08T06:29:29Z</time>
      </trkpt>
      <trkpt lat="68.01562669" lon="18.24292216">
        <time>2028-04-08T06:29:56Z</time>
      </trkpt>
      <trkpt lat="68.0157489" lon="18.24274697">
        <time>2028-04-08T06:31:00Z</time>
      </trkpt>
      <trkpt lat="68.01582006" lon="18.24266667">
        <time>2028-04-08T06:31:37Z</time>
      </trkpt>
      <trkpt lat="68.01584965" lon="18.24270775">
        <time>2028-04-08T06:31:52Z</time>
      </trkpt>
      <trkpt lat="68.01589558" lon="18.24308963">
        <time>2028-04-08T06:33:02Z</time>
      </trkpt>
      <trkpt lat="68.01590899" lon="18.24312265">
        <time>2028-04-08T06:33:11Z</time>
      </trkpt>
      <trkpt lat="68.01599214" lon="18.24298485">
        <time>2028-04-08T06:33:56Z</time>
      </trkpt>
      <trkpt lat="68.01612784" lon="18.24302651">
        <time>2028-04-08T06:35:00Z</time>
      </trkpt>
      <trkpt lat="68.01626069" lon="18.24304428">
        <time>2028-04-08T06:36:02Z</time>
      </trkpt>
      <trkpt lat="68.01628073" lon="18.24305794">
        <time>2028-04-08T06:36:12Z</time>
      </trkpt>
      <trkpt lat="68.01628718" lon="18.24305543">
        <time>2028-04-08T06:36:15Z</time>
      </trkpt>
      <trkpt lat="68.01628953" lon="18.24300757">
        <time>2028-04-08T06:36:23Z</time>
      </trkpt>
      <trkpt lat="68.0162954" lon="18.24300983">
        <time>2028-04-08T06:36:26Z</time>
      </trkpt>
      <trkpt lat="68.01630051" lon="18.24301092">
        <time>2028-04-08T06:36:29Z</time>
      </trkpt>
      <trkpt lat="68.01630369" lon="18.24301234">
        <time>2028-04-08T06:36:30Z</time>
      </trkpt>
      <trkpt lat="68.01630671" lon="18.24300983">
        <time>2028-04-08T06:36:32Z</time>
      </trkpt>
      <trkpt lat="68.01649807" lon="18.24320077">
        <time>2028-04-08T06:38:07Z</time>
      </trkpt>
      <trkpt lat="68.01696075" lon="18.24343152">
        <time>2028-04-08T06:41:47Z</time>
      </trkpt>
      <trkpt lat="68.01724775" lon="18.24357779">
        <time>2028-04-08T06:44:03Z</time>
      </trkpt>
      <trkpt lat="68.01793657" lon="18.24413896">
        <time>2028-04-08T06:49:39Z</time>
      </trkpt>
      <trkpt lat="68.01827495" lon="18.24468822">
        <time>2028-04-08T06:52:44Z</time>
      </trkpt>
      <trkpt lat="68.0185829" lon="18.24455218">
        <time>2028-04-08T06:55:10Z</time>
      </trkpt>
      <trkpt lat="68.01883788" lon="18.24478126">
        <time>2028-04-08T06:57:16Z</time>
      </trkpt>
      <trkpt lat="68.01896838" lon="18.24541468">
        <time>2028-04-08T06:59:22Z</time>
      </trkpt>
      <trkpt lat="68.01916192" lon="18.24595565">
        <time>2028-04-08T07:01:33Z</time>
      </trkpt>
      <trkpt lat="68.01933995" lon="18.24650031">
        <time>2028-04-08T07:03:39Z</time>
      </trkpt>
      <trkpt lat="68.0195376" lon="18.24699853">
        <time>2028-04-08T07:05:46Z</time>
      </trkpt>
      <trkpt lat="68.01977204" lon="18.24733355">
        <time>2028-04-08T07:07:50Z</time>
      </trkpt>
      <trkpt lat="68.01976978" lon="18.24732768">
        <time>2028-04-08T07:07:52Z</time>
      </trkpt>
      <trkpt lat="68.01976249" lon="18.24726993">
        <time>2028-04-08T07:08:02Z</time>
      </trkpt>
      <trkpt lat="68.01975008" lon="18.24723079">
        <time>2028-04-08T07:08:11Z</time>
      </trkpt>
      <trkpt lat="68.01973742" lon="18.24722031">
        <time>2028-04-08T07:08:17Z</time>
      </trkpt>
      <trkpt lat="68.01971002" lon="18.24715083">
        <time>2028-04-08T07:08:35Z</time>
      </trkpt>
      <trkpt lat="68.01964581" lon="18.24744218">
        <time>2028-04-08T07:09:34Z</time>
      </trkpt>
      <trkpt lat="68.01930618" lon="18.24796437">
        <time>2028-04-08T07:12:37Z</time>
      </trkpt>
      <trkpt lat="68.01930266" lon="18.24803285">
        <time>2028-04-08T07:12:49Z</time>
      </trkpt>
      <trkpt lat="68.01955579" lon="18.24657407">
        <time>2028-04-08T07:17:30Z</time>
      </trkpt>
      <trkpt lat="68.01854946" lon="18.24417558">
        <time>2028-04-08T07:28:00Z</time>
      </trkpt>
      <trkpt lat="68.01857837" lon="18.24498402">
        <time>2028-04-08T07:30:22Z</time>
      </trkpt>
      <trkpt lat="68.01979451" lon="18.24693943">
        <time>2028-04-08T07:41:25Z</time>
      </trkpt>
      <trkpt lat="68.02004328" lon="18.24721394">
        <time>2028-04-08T07:43:30Z</time>
      </trkpt>
      <trkpt lat="68.02004454" lon="18.24798835">
        <time>2028-04-08T07:45:46Z</time>
      </trkpt>
      <trkpt lat="68.02036506" lon="18.24859058">
        <time>2028-04-08T07:48:49Z</time>
      </trkpt>
      <trkpt lat="68.02061635" lon="18.24985449">
        <time>2028-04-08T07:52:59Z</time>
      </trkpt>
      <trkpt lat="68.02083218" lon="18.25033276">
        <time>2028-04-08T07:55:10Z</time>
      </trkpt>
      <trkpt lat="68.02107182" lon="18.25075697">
        <time>2028-04-08T07:57:24Z</time>
      </trkpt>
      <trkpt lat="68.02132077" lon="18.25107238">
        <time>2028-04-08T07:59:32Z</time>
      </trkpt>
      <trkpt lat="68.02168664" lon="18.25124547">
        <time>2028-04-08T08:02:26Z</time>
      </trkpt>
      <trkpt lat="68.02201739" lon="18.25086401">
        <time>2028-04-08T08:05:14Z</time>
      </trkpt>
      <trkpt lat="68.02241829" lon="18.25060543">
        <time>2028-04-08T08:08:27Z</time>
      </trkpt>
      <trkpt lat="68.0228187" lon="18.25049562">
        <time>2028-04-08T08:11:35Z</time>
      </trkpt>
      <trkpt lat="68.02328213" lon="18.25040015">
        <time>2028-04-08T08:15:12Z</time>
      </trkpt>
      <trkpt lat="68.02369511" lon="18.25010444">
        <time>2028-04-08T08:18:31Z</time>
      </trkpt>
      <trkpt lat="68.02423725" lon="18.24981837">
        <time>2028-04-08T08:22:49Z</time>
      </trkpt>
      <trkpt lat="68.02455165" lon="18.24970907">
        <time>2028-04-08T08:25:17Z</time>
      </trkpt>
      <trkpt lat="68.02499338" lon="18.24939743">
        <time>2028-04-08T08:28:51Z</time>
      </trkpt>
      <trkpt lat="68.02526328" lon="18.24926524">
        <time>2028-04-08T08:30:59Z</time>
      </trkpt>
      <trkpt lat="68.02553368" lon="18.24919869">
        <time>2028-04-08T08:33:06Z</time>
      </trkpt>
      <trkpt lat="68.02580366" lon="18.24908654">
        <time>2028-04-08T08:35:13Z</time>
      </trkpt>
      <trkpt lat="68.02614195" lon="18.24864431">
        <time>2028-04-08T08:38:09Z</time>
      </trkpt>
      <trkpt lat="68.02661008" lon="18.24864993">
        <time>2028-04-08T08:41:48Z</time>
      </trkpt>
      <trkpt lat="68.02704158" lon="18.248648">
        <time>2028-04-08T08:45:09Z</time>
      </trkpt>
      <trkpt lat="68.02746168" lon="18.24852839">
        <time>2028-04-08T08:48:26Z</time>
      </trkpt>
      <trkpt lat="68.02787483" lon="18.2484123">
        <time>2028-04-08T08:51:40Z</time>
      </trkpt>
      <trkpt lat="68.02846701" lon="18.24826947">
        <time>2028-04-08T08:56:18Z</time>
      </trkpt>
      <trkpt lat="68.02878913" lon="18.24820921">
        <time>2028-04-08T08:58:49Z</time>
      </trkpt>
      <trkpt lat="68.02920043" lon="18.24826134">
        <time>2028-04-08T09:02:01Z</time>
      </trkpt>
      <trkpt lat="68.02947409" lon="18.24818457">
        <time>2028-04-08T09:04:09Z</time>
      </trkpt>
      <trkpt lat="68.02974533" lon="18.24816923">
        <time>2028-04-08T09:06:16Z</time>
      </trkpt>
      <trkpt lat="68.03001582" lon="18.24813025">
        <time>2028-04-08T09:08:23Z</time>
      </trkpt>
      <trkpt lat="68.03027289" lon="18.24788944">
        <time>2028-04-08T09:10:30Z</time>
      </trkpt>
      <trkpt lat="68.03077731" lon="18.24774493">
        <time>2028-04-08T09:14:27Z</time>
      </trkpt>
      <trkpt lat="68.031241" lon="18.24774996">
        <time>2028-04-08T09:18:03Z</time>
      </trkpt>
      <trkpt lat="68.03164643" lon="18.24765399">
        <time>2028-04-08T09:21:13Z</time>
      </trkpt>
      <trkpt lat="68.0321273" lon="18.24764661">
        <time>2028-04-08T09:24:58Z</time>
      </trkpt>
      <trkpt lat="68.03271965" lon="18.24755643">
        <time>2028-04-08T09:29:35Z</time>
      </trkpt>
      <trkpt lat="68.03302811" lon="18.24748216">
        <time>2028-04-08T09:31:59Z</time>
      </trkpt>
      <trkpt lat="68.03329968" lon="18.24742944">
        <time>2028-04-08T09:34:07Z</time>
      </trkpt>
      <trkpt lat="68.03357779" lon="18.24740077">
        <time>2028-04-08T09:36:17Z</time>
      </trkpt>
      <trkpt lat="68.03385599" lon="18.24736666">
        <time>2028-04-08T09:38:27Z</time>
      </trkpt>
      <trkpt lat="68.03439016" lon="18.24724076">
        <time>2028-04-08T09:42:37Z</time>
      </trkpt>
      <trkpt lat="68.03465252" lon="18.24707505">
        <time>2028-04-08T09:44:43Z</time>
      </trkpt>
      <trkpt lat="68.03492359" lon="18.24704203">
        <time>2028-04-08T09:46:50Z</time>
      </trkpt>
      <trkpt lat="68.03519508" lon="18.24714437">
        <time>2028-04-08T09:48:58Z</time>
      </trkpt>
      <trkpt lat="68.03585566" lon="18.24659251">
        <time>2028-04-08T09:54:21Z</time>
      </trkpt>
      <trkpt lat="68.03618188" lon="18.24683206">
        <time>2028-04-08T09:56:59Z</time>
      </trkpt>
      <trkpt lat="68.03645329" lon="18.24692678">
        <time>2028-04-08T09:59:06Z</time>
      </trkpt>
      <trkpt lat="68.03691505" lon="18.24677934">
        <time>2028-04-08T10:02:44Z</time>
      </trkpt>
      <trkpt lat="68.03737454" lon="18.24683843">
        <time>2028-04-08T10:06:18Z</time>
      </trkpt>
      <trkpt lat="68.03781333" lon="18.24661623">
        <time>2028-04-08T10:09:47Z</time>
      </trkpt>
      <trkpt lat="68.03829278" lon="18.24651439">
        <time>2028-04-08T10:13:31Z</time>
      </trkpt>
      <trkpt lat="68.03873928" lon="18.24622211">
        <time>2028-04-08T10:17:06Z</time>
      </trkpt>
      <trkpt lat="68.0391049" lon="18.24601315">
        <time>2028-04-08T10:20:01Z</time>
      </trkpt>
      <trkpt lat="68.0393758" lon="18.2460279">
        <time>2028-04-08T10:22:07Z</time>
      </trkpt>
      <trkpt lat="68.03985382" lon="18.24571718">
        <time>2028-04-08T10:25:57Z</time>
      </trkpt>
      <trkpt lat="68.04030821" lon="18.2456197">
        <time>2028-04-08T10:29:30Z</time>
      </trkpt>
      <trkpt lat="68.0405714" lon="18.24539884">
        <time>2028-04-08T10:31:39Z</time>
      </trkpt>
      <trkpt lat="68.04101187" lon="18.24530371">
        <time>2028-04-08T10:35:05Z</time>
      </trkpt>
      <trkpt lat="68.04142962" lon="18.2453835">
        <time>2028-04-08T10:38:20Z</time>
      </trkpt>
      <trkpt lat="68.04187713" lon="18.24545776">
        <time>2028-04-08T10:41:50Z</time>
      </trkpt>
      <trkpt lat="68.0423601" lon="18.24538375">
        <time>2028-04-08T10:45:36Z</time>
      </trkpt>
      <trkpt lat="68.0428315" lon="18.24532617">
        <time>2028-04-08T10:49:16Z</time>
      </trkpt>
      <trkpt lat="68.04326987" lon="18.245354">
        <time>2028-04-08T10:52:41Z</time>
      </trkpt>
      <trkpt lat="68.04371436" lon="18.2455011">
        <time>2028-04-08T10:56:10Z</time>
      </trkpt>
      <trkpt lat="68.04414226" lon="18.24549448">
        <time>2028-04-08T10:59:30Z</time>
      </trkpt>
      <trkpt lat="68.04465062" lon="18.24531402">
        <time>2028-04-08T11:03:29Z</time>
      </trkpt>
      <trkpt lat="68.04496402" lon="18.24535165">
        <time>2028-04-08T11:05:56Z</time>
      </trkpt>
      <trkpt lat="68.04530684" lon="18.24522056">
        <time>2028-04-08T11:08:37Z</time>
      </trkpt>
      <trkpt lat="68.04569853" lon="18.24459401">
        <time>2028-04-08T11:12:10Z</time>
      </trkpt>
      <trkpt lat="68.04607135" lon="18.24380301">
        <time>2028-04-08T11:15:53Z</time>
      </trkpt>
      <trkpt lat="68.04642591" lon="18.24355784">
        <time>2028-04-08T11:18:44Z</time>
      </trkpt>
      <trkpt lat="68.04680225" lon="18.24275225">
        <time>2028-04-08T11:22:29Z</time>
      </trkpt>
      <trkpt lat="68.04722026" lon="18.24223065">
        <time>2028-04-08T11:26:04Z</time>
      </trkpt>
      <trkpt lat="68.04762284" lon="18.2416093">
        <time>2028-04-08T11:29:41Z</time>
      </trkpt>
      <trkpt lat="68.04803859" lon="18.24110001">
        <time>2028-04-08T11:33:15Z</time>
      </trkpt>
      <trkpt lat="68.0483571" lon="18.24057723">
        <time>2028-04-08T11:36:09Z</time>
      </trkpt>
      <trkpt lat="68.04857444" lon="18.24013534">
        <time>2028-04-08T11:38:16Z</time>
      </trkpt>
      <trkpt lat="68.04885792" lon="18.23971834">
        <time>2028-04-08T11:40:48Z</time>
      </trkpt>
      <trkpt lat="68.04912295" lon="18.239574">
        <time>2028-04-08T11:42:54Z</time>
      </trkpt>
      <trkpt lat="68.04911734" lon="18.23956872">
        <time>2028-04-08T11:42:57Z</time>
      </trkpt>
      <trkpt lat="68.04911708" lon="18.23956151">
        <time>2028-04-08T11:42:58Z</time>
      </trkpt>
      <trkpt lat="68.04921892" lon="18.23960569">
        <time>2028-04-08T11:43:46Z</time>
      </trkpt>
      <trkpt lat="68.04936494" lon="18.23962647">
        <time>2028-04-08T11:44:54Z</time>
      </trkpt>
      <trkpt lat="68.04953484" lon="18.2397548">
        <time>2028-04-08T11:46:17Z</time>
      </trkpt>
      <trkpt lat="68.04968831" lon="18.23989369">
        <time>2028-04-08T11:47:32Z</time>
      </trkpt>
      <trkpt lat="68.04987925" lon="18.24003912">
        <time>2028-04-08T11:49:05Z</time>
      </trkpt>
      <trkpt lat="68.04993801" lon="18.2400822">
        <time>2028-04-08T11:49:34Z</time>
      </trkpt>
      <trkpt lat="68.05008302" lon="18.24023207">
        <time>2028-04-08T11:50:46Z</time>
      </trkpt>
      <trkpt lat="68.05027563" lon="18.2404054">
        <time>2028-04-08T11:52:21Z</time>
      </trkpt>
      <trkpt lat="68.05038937" lon="18.24043902">
        <time>2028-04-08T11:53:14Z</time>
      </trkpt>
      <trkpt lat="68.05052307" lon="18.2405116">
        <time>2028-04-08T11:54:18Z</time>
      </trkpt>
      <trkpt lat="68.05062474" lon="18.2405945">
        <time>2028-04-08T11:55:08Z</time>
      </trkpt>
      <trkpt lat="68.05080947" lon="18.24073708">
        <time>2028-04-08T11:56:38Z</time>
      </trkpt>
      <trkpt lat="68.05098524" lon="18.24087814">
        <time>2028-04-08T11:58:03Z</time>
      </trkpt>
      <trkpt lat="68.05112824" lon="18.24096004">
        <time>2028-04-08T11:59:12Z</time>
      </trkpt>
      <trkpt lat="68.0513336" lon="18.24115634">
        <time>2028-04-08T12:00:53Z</time>
      </trkpt>
      <trkpt lat="68.05135103" lon="18.24119121">
        <time>2028-04-08T12:01:03Z</time>
      </trkpt>
      <trkpt lat="68.05137257" lon="18.24122457">
        <time>2028-04-08T12:01:15Z</time>
      </trkpt>
      <trkpt lat="68.05144113" lon="18.24162304">
        <time>2028-04-08T12:02:32Z</time>
      </trkpt>
      <trkpt lat="68.05143937" lon="18.24162472">
        <time>2028-04-08T12:02:33Z</time>
      </trkpt>
      <trkpt lat="68.0514403" lon="18.24160771">
        <time>2028-04-08T12:02:36Z</time>
      </trkpt>
      <trkpt lat="68.05144139" lon="18.24158792">
        <time>2028-04-08T12:02:39Z</time>
      </trkpt>
      <trkpt lat="68.05143778" lon="18.24158918">
        <time>2028-04-08T12:02:41Z</time>
      </trkpt>
      <trkpt lat="68.0514299" lon="18.24159144">
        <time>2028-04-08T12:02:44Z</time>
      </trkpt>
      <trkpt lat="68.05142747" lon="18.24160754">
        <time>2028-04-08T12:02:47Z</time>
      </trkpt>
      <trkpt lat="68.05142638" lon="18.24160695">
        <time>2028-04-08T12:02:48Z</time>
      </trkpt>
      <trkpt lat="68.05142328" lon="18.24160762">
        <time>2028-04-08T12:02:49Z</time>
      </trkpt>
      <trkpt lat="68.05141482" lon="18.24159949">
        <time>2028-04-08T12:02:54Z</time>
      </trkpt>
      <trkpt lat="68.05148271" lon="18.24169312">
        <time>2028-04-08T12:03:29Z</time>
      </trkpt>
      <trkpt lat="68.05149335" lon="18.24169907">
        <time>2028-04-08T12:03:34Z</time>
      </trkpt>
      <trkpt lat="68.05149964" lon="18.24167677">
        <time>2028-04-08T12:03:39Z</time>
      </trkpt>
      <trkpt lat="68.05160106" lon="18.24182295">
        <time>2028-04-08T12:04:33Z</time>
      </trkpt>
      <trkpt lat="68.05161422" lon="18.24180217">
        <time>2028-04-08T12:04:40Z</time>
      </trkpt>
      <trkpt lat="68.05161313" lon="18.24180108">
        <time>2028-04-08T12:04:41Z</time>
      </trkpt>
      <trkpt lat="68.05161305" lon="18.24180099">
        <time>2028-04-08T12:04:41Z</time>
      </trkpt>
      <trkpt lat="68.05161506" lon="18.24180761">
        <time>2028-04-08T12:04:42Z</time>
      </trkpt>
      <trkpt lat="68.05161405" lon="18.24180929">
        <time>2028-04-08T12:04:43Z</time>
      </trkpt>
      <trkpt lat="68.05160576" lon="18.24181809">
        <time>2028-04-08T12:04:47Z</time>
      </trkpt>
      <trkpt lat="68.05161305" lon="18.24181985">
        <time>2028-04-08T12:04:50Z</time>
      </trkpt>
      <trkpt lat="68.05161498" lon="18.24182362">
        <time>2028-04-08T12:04:52Z</time>
      </trkpt>
      <trkpt lat="68.05161313" lon="18.24182304">
        <time>2028-04-08T12:04:52Z</time>
      </trkpt>
      <trkpt lat="68.05161229" lon="18.24183318">
        <time>2028-04-08T12:04:54Z</time>
      </trkpt>
      <trkpt lat="68.0516226" lon="18.24182379">
        <time>2028-04-08T12:04:59Z</time>
      </trkpt>
      <trkpt lat="68.05157365" lon="18.2417704">
        <time>2028-04-08T12:05:24Z</time>
      </trkpt>
      <trkpt lat="68.05160249" lon="18.24179856">
        <time>2028-04-08T12:05:38Z</time>
      </trkpt>
      <trkpt lat="68.05161841" lon="18.24179831">
        <time>2028-04-08T12:05:46Z</time>
      </trkpt>
      <trkpt lat="68.05171212" lon="18.24170577">
        <time>2028-04-08T12:06:32Z</time>
      </trkpt>
      <trkpt lat="68.05174263" lon="18.24169362">
        <time>2028-04-08T12:06:47Z</time>
      </trkpt>
      <trkpt lat="68.05164582" lon="18.24172363">
        <time>2028-04-08T12:07:32Z</time>
      </trkpt>
      <trkpt lat="68.05161607" lon="18.24178448">
        <time>2028-04-08T12:07:50Z</time>
      </trkpt>
      <trkpt lat="68.05164146" lon="18.24173695">
        <time>2028-04-08T12:08:04Z</time>
      </trkpt>
      <trkpt lat="68.0516765" lon="18.24173762">
        <time>2028-04-08T12:08:21Z</time>
      </trkpt>
      <trkpt lat="68.05174883" lon="18.24178725">
        <time>2028-04-08T12:08:55Z</time>
      </trkpt>
      <trkpt lat="68.05176074" lon="18.24191926">
        <time>2028-04-08T12:09:19Z</time>
      </trkpt>
      <trkpt lat="68.05175462" lon="18.24179504">
        <time>2028-04-08T12:09:41Z</time>
      </trkpt>
      <trkpt lat="68.051749" lon="18.24176579">
        <time>2028-04-08T12:09:47Z</time>
      </trkpt>
      <trkpt lat="68.05164004" lon="18.24179169">
        <time>2028-04-08T12:10:38Z</time>
      </trkpt>
      <trkpt lat="68.05160576" lon="18.24182999">
        <time>2028-04-08T12:10:55Z</time>
      </trkpt>
      <trkpt lat="68.05159419" lon="18.24183259">
        <time>2028-04-08T12:11:01Z</time>
      </trkpt>
      <trkpt lat="68.05160366" lon="18.2418248">
        <time>2028-04-08T12:11:05Z</time>
      </trkpt>
      <trkpt lat="68.05162445" lon="18.24183854">
        <time>2028-04-08T12:11:15Z</time>
      </trkpt>
      <trkpt lat="68.05162453" lon="18.24184592">
        <time>2028-04-08T12:11:17Z</time>
      </trkpt>
      <trkpt lat="68.05168002" lon="18.2417486">
        <time>2028-04-08T12:11:48Z</time>
      </trkpt>
      <trkpt lat="68.05173526" lon="18.24169404">
        <time>2028-04-08T12:12:15Z</time>
      </trkpt>
      <trkpt lat="68.05177147" lon="18.24171759">
        <time>2028-04-08T12:12:32Z</time>
      </trkpt>
      <trkpt lat="68.05174565" lon="18.24167836">
        <time>2028-04-08T12:12:46Z</time>
      </trkpt>
      <trkpt lat="68.05160668" lon="18.24140185">
        <time>2028-04-08T12:14:07Z</time>
      </trkpt>
      <trkpt lat="68.05159645" lon="18.24140319">
        <time>2028-04-08T12:14:12Z</time>
      </trkpt>
      <trkpt lat="68.05156359" lon="18.24143277">
        <time>2028-04-08T12:14:28Z</time>
      </trkpt>
      <trkpt lat="68.05153199" lon="18.24147251">
        <time>2028-04-08T12:14:44Z</time>
      </trkpt>
      <trkpt lat="68.0515268" lon="18.24160142">
        <time>2028-04-08T12:15:07Z</time>
      </trkpt>
      <trkpt lat="68.0515154" lon="18.24153093">
        <time>2028-04-08T12:15:20Z</time>
      </trkpt>
      <trkpt lat="68.05155144" lon="18.24153495">
        <time>2028-04-08T12:15:37Z</time>
      </trkpt>
      <trkpt lat="68.05150526" lon="18.24161592">
        <time>2028-04-08T12:16:03Z</time>
      </trkpt>
      <trkpt lat="68.05149905" lon="18.24156814">
        <time>2028-04-08T12:16:12Z</time>
      </trkpt>
      <trkpt lat="68.05116822" lon="18.24136698">
        <time>2028-04-08T12:18:50Z</time>
      </trkpt>
      <trkpt lat="68.05138724" lon="18.24085149">
        <time>2028-04-08T12:21:07Z</time>
      </trkpt>
      <trkpt lat="68.05138389" lon="18.2409535">
        <time>2028-04-08T12:21:24Z</time>
      </trkpt>
      <trkpt lat="68.05137592" lon="18.24097345">
        <time>2028-04-08T12:21:29Z</time>
      </trkpt>
      <trkpt lat="68.05152546" lon="18.24177786">
        <time>2028-04-08T12:24:06Z</time>
      </trkpt>
      <trkpt lat="68.0515449" lon="18.24180443">
        <time>2028-04-08T12:24:16Z</time>
      </trkpt>
      <trkpt lat="68.05163828" lon="18.24175598">
        <time>2028-04-08T12:25:01Z</time>
      </trkpt>
      <trkpt lat="68.05190851" lon="18.24176101">
        <time>2028-04-08T12:27:07Z</time>
      </trkpt>
      <trkpt lat="68.05216843" lon="18.2419802">
        <time>2028-04-08T12:29:14Z</time>
      </trkpt>
      <trkpt lat="68.05241109" lon="18.24230215">
        <time>2028-04-08T12:31:21Z</time>
      </trkpt>
      <trkpt lat="68.05262692" lon="18.24274354">
        <time>2028-04-08T12:33:28Z</time>
      </trkpt>
      <trkpt lat="68.05283697" lon="18.24321284">
        <time>2028-04-08T12:35:35Z</time>
      </trkpt>
      <trkpt lat="68.05301366" lon="18.24375506">
        <time>2028-04-08T12:37:41Z</time>
      </trkpt>
      <trkpt lat="68.05329035" lon="18.2443703">
        <time>2028-04-08T12:40:29Z</time>
      </trkpt>
      <trkpt lat="68.05376242" lon="18.24572749">
        <time>2028-04-08T12:45:52Z</time>
      </trkpt>
      <trkpt lat="68.0542132" lon="18.24750345">
        <time>2028-04-08T12:52:07Z</time>
      </trkpt>
      <trkpt lat="68.05452224" lon="18.24813302">
        <time>2028-04-08T12:55:08Z</time>
      </trkpt>
      <trkpt lat="68.05485684" lon="18.24911186">
        <time>2028-04-08T12:59:00Z</time>
      </trkpt>
      <trkpt lat="68.05527644" lon="18.2493292">
        <time>2028-04-08T13:02:19Z</time>
      </trkpt>
      <trkpt lat="68.05558875" lon="18.24945074">
        <time>2028-04-08T13:04:47Z</time>
      </trkpt>
      <trkpt lat="68.0558527" lon="18.24964536">
        <time>2028-04-08T13:06:55Z</time>
      </trkpt>
      <trkpt lat="68.05612" lon="18.24982457">
        <time>2028-04-08T13:09:03Z</time>
      </trkpt>
      <trkpt lat="68.0563567" lon="18.25019496">
        <time>2028-04-08T13:11:11Z</time>
      </trkpt>
      <trkpt lat="68.05675199" lon="18.25049194">
        <time>2028-04-08T13:14:23Z</time>
      </trkpt>
      <trkpt lat="68.05715223" lon="18.25095202">
        <time>2028-04-08T13:17:46Z</time>
      </trkpt>
      <trkpt lat="68.05739405" lon="18.25148268">
        <time>2028-04-08T13:20:12Z</time>
      </trkpt>
      <trkpt lat="68.05763871" lon="18.2518379">
        <time>2028-04-08T13:22:22Z</time>
      </trkpt>
      <trkpt lat="68.05791934" lon="18.25201526">
        <time>2028-04-08T13:24:37Z</time>
      </trkpt>
      <trkpt lat="68.05833701" lon="18.25197796">
        <time>2028-04-08T13:27:52Z</time>
      </trkpt>
      <trkpt lat="68.05862417" lon="18.25207477">
        <time>2028-04-08T13:30:07Z</time>
      </trkpt>
      <trkpt lat="68.05909557" lon="18.25224325">
        <time>2028-04-08T13:33:49Z</time>
      </trkpt>
      <trkpt lat="68.05940797" lon="18.25240167">
        <time>2028-04-08T13:36:18Z</time>
      </trkpt>
      <trkpt lat="68.05993435" lon="18.25185936">
        <time>2028-04-08T13:40:41Z</time>
      </trkpt>
      <trkpt lat="68.06024565" lon="18.25212423">
        <time>2028-04-08T13:43:14Z</time>
      </trkpt>
      <trkpt lat="68.06063608" lon="18.25238859">
        <time>2028-04-08T13:46:22Z</time>
      </trkpt>
      <trkpt lat="68.06089927" lon="18.25254056">
        <time>2028-04-08T13:48:28Z</time>
      </trkpt>
      <trkpt lat="68.06113757" lon="18.25289587">
        <time>2028-04-08T13:50:35Z</time>
      </trkpt>
      <trkpt lat="68.06143253" lon="18.2532847">
        <time>2028-04-08T13:53:08Z</time>
      </trkpt>
      <trkpt lat="68.06159874" lon="18.25391209">
        <time>2028-04-08T13:55:23Z</time>
      </trkpt>
      <trkpt lat="68.06214223" lon="18.25493367">
        <time>2028-04-08T14:00:33Z</time>
      </trkpt>
      <trkpt lat="68.06235638" lon="18.25538462">
        <time>2028-04-08T14:02:40Z</time>
      </trkpt>
      <trkpt lat="68.06281387" lon="18.25565443">
        <time>2028-04-08T14:06:19Z</time>
      </trkpt>
      <trkpt lat="68.06315904" lon="18.25582953">
        <time>2028-04-08T14:09:03Z</time>
      </trkpt>
      <trkpt lat="68.06346523" lon="18.25615735">
        <time>2028-04-08T14:11:37Z</time>
      </trkpt>
      <trkpt lat="68.06387879" lon="18.25654945">
        <time>2028-04-08T14:15:02Z</time>
      </trkpt>
      <trkpt lat="68.06417333" lon="18.25707911">
        <time>2028-04-08T14:17:47Z</time>
      </trkpt>
      <trkpt lat="68.06455278" lon="18.2576484">
        <time>2028-04-08T14:21:10Z</time>
      </trkpt>
      <trkpt lat="68.06485863" lon="18.25821276">
        <time>2028-04-08T14:24:04Z</time>
      </trkpt>
      <trkpt lat="68.06520003" lon="18.25874568">
        <time>2028-04-08T14:27:08Z</time>
      </trkpt>
      <trkpt lat="68.06544218" lon="18.25970675">
        <time>2028-04-08T14:30:30Z</time>
      </trkpt>
      <trkpt lat="68.06586765" lon="18.2603996">
        <time>2028-04-08T14:34:23Z</time>
      </trkpt>
      <trkpt lat="68.06632404" lon="18.26095364">
        <time>2028-04-08T14:38:17Z</time>
      </trkpt>
      <trkpt lat="68.06667197" lon="18.26158907">
        <time>2028-04-08T14:41:34Z</time>
      </trkpt>
      <trkpt lat="68.0669837" lon="18.26232048">
        <time>2028-04-08T14:44:47Z</time>
      </trkpt>
      <trkpt lat="68.0673981" lon="18.26288936">
        <time>2028-04-08T14:48:25Z</time>
      </trkpt>
      <trkpt lat="68.06772206" lon="18.26328482">
        <time>2028-04-08T14:51:11Z</time>
      </trkpt>
      <trkpt lat="68.06814711" lon="18.26384892">
        <time>2028-04-08T14:54:52Z</time>
      </trkpt>
      <trkpt lat="68.06858808" lon="18.26435116">
        <time>2028-04-08T14:58:36Z</time>
      </trkpt>
      <trkpt lat="68.06895596" lon="18.26480789">
        <time>2028-04-08T15:01:45Z</time>
      </trkpt>
      <trkpt lat="68.06952241" lon="18.26523931">
        <time>2028-04-08T15:06:20Z</time>
      </trkpt>
      <trkpt lat="68.07012725" lon="18.2657076">
        <time>2028-04-08T15:11:14Z</time>
      </trkpt>
      <trkpt lat="68.07061826" lon="18.2664551">
        <time>2028-04-08T15:15:38Z</time>
      </trkpt>
      <trkpt lat="68.07110692" lon="18.267401">
        <time>2028-04-08T15:20:20Z</time>
      </trkpt>
      <trkpt lat="68.07150372" lon="18.26789352">
        <time>2028-04-08T15:23:44Z</time>
      </trkpt>
      <trkpt lat="68.07188803" lon="18.26825948">
        <time>2028-04-08T15:26:54Z</time>
      </trkpt>
      <trkpt lat="68.07224443" lon="18.2688333">
        <time>2028-04-08T15:30:09Z</time>
      </trkpt>
      <trkpt lat="68.07265548" lon="18.26981935">
        <time>2028-04-08T15:34:26Z</time>
      </trkpt>
      <trkpt lat="68.07321891" lon="18.27032117">
        <time>2028-04-08T15:39:03Z</time>
      </trkpt>
      <trkpt lat="68.0735101" lon="18.2705453">
        <time>2028-04-08T15:41:25Z</time>
      </trkpt>
      <trkpt lat="68.07390505" lon="18.27085074">
        <time>2028-04-08T15:44:37Z</time>
      </trkpt>
      <trkpt lat="68.07431342" lon="18.27130931">
        <time>2028-04-08T15:48:04Z</time>
      </trkpt>
      <trkpt lat="68.07477669" lon="18.27185833">
        <time>2028-04-08T15:52:00Z</time>
      </trkpt>
      <trkpt lat="68.07525563" lon="18.2723112">
        <time>2028-04-08T15:55:57Z</time>
      </trkpt>
      <trkpt lat="68.0756935" lon="18.27282711">
        <time>2028-04-08T15:59:41Z</time>
      </trkpt>
      <trkpt lat="68.07612626" lon="18.2732949">
        <time>2028-04-08T16:03:19Z</time>
      </trkpt>
      <trkpt lat="68.07658047" lon="18.27372984">
        <time>2028-04-08T16:07:04Z</time>
      </trkpt>
      <trkpt lat="68.07702849" lon="18.27430333">
        <time>2028-04-08T16:10:56Z</time>
      </trkpt>
      <trkpt lat="68.07753618" lon="18.2747904">
        <time>2028-04-08T16:15:08Z</time>
      </trkpt>
      <trkpt lat="68.07795008" lon="18.27522978">
        <time>2028-04-08T16:18:35Z</time>
      </trkpt>
      <trkpt lat="68.07834956" lon="18.27570101">
        <time>2028-04-08T16:21:59Z</time>
      </trkpt>
      <trkpt lat="68.07885189" lon="18.27621759">
        <time>2028-04-08T16:26:10Z</time>
      </trkpt>
      <trkpt lat="68.07925338" lon="18.27674246">
        <time>2028-04-08T16:29:39Z</time>
      </trkpt>
      <trkpt lat="68.07967289" lon="18.27720288">
        <time>2028-04-08T16:33:11Z</time>
      </trkpt>
      <trkpt lat="68.08016131" lon="18.27767311">
        <time>2028-04-08T16:37:13Z</time>
      </trkpt>
      <trkpt lat="68.08057873" lon="18.27809128">
        <time>2028-04-08T16:40:41Z</time>
      </trkpt>
      <trkpt lat="68.08100327" lon="18.27862487">
        <time>2028-04-08T16:44:20Z</time>
      </trkpt>
      <trkpt lat="68.0814367" lon="18.27915109">
        <time>2028-04-08T16:48:02Z</time>
      </trkpt>
      <trkpt lat="68.08207632" lon="18.2798001">
        <time>2028-04-08T16:53:22Z</time>
      </trkpt>
      <trkpt lat="68.08250606" lon="18.28016429">
        <time>2028-04-08T16:56:52Z</time>
      </trkpt>
      <trkpt lat="68.08253489" lon="18.280143">
        <time>2028-04-08T16:57:06Z</time>
      </trkpt>
      <trkpt lat="68.08254319" lon="18.28012054">
        <time>2028-04-08T16:57:12Z</time>
      </trkpt>
      <trkpt lat="68.08254302" lon="18.28011635">
        <time>2028-04-08T16:57:12Z</time>
      </trkpt>
      <trkpt lat="68.08255375" lon="18.28018567">
        <time>2028-04-08T16:57:25Z</time>
      </trkpt>
      <trkpt lat="68.08292926" lon="18.28047995">
        <time>2028-04-08T17:00:28Z</time>
      </trkpt>
      <trkpt lat="68.08337275" lon="18.28095948">
        <time>2028-04-08T17:04:11Z</time>
      </trkpt>
      <trkpt lat="68.08384641" lon="18.28141948">
        <time>2028-04-08T17:08:07Z</time>
      </trkpt>
      <trkpt lat="68.08421496" lon="18.28184227">
        <time>2028-04-08T17:11:14Z</time>
      </trkpt>
      <trkpt lat="68.08476364" lon="18.28207956">
        <time>2028-04-08T17:15:33Z</time>
      </trkpt>
      <trkpt lat="68.08524242" lon="18.28251148">
        <time>2028-04-08T17:19:29Z</time>
      </trkpt>
      <trkpt lat="68.08567291" lon="18.2829185">
        <time>2028-04-08T17:23:02Z</time>
      </trkpt>
      <trkpt lat="68.08602286" lon="18.28335847">
        <time>2028-04-08T17:26:03Z</time>
      </trkpt>
      <trkpt lat="68.08627616" lon="18.28364857">
        <time>2028-04-08T17:28:12Z</time>
      </trkpt>
      <trkpt lat="68.08651747" lon="18.28399667">
        <time>2028-04-08T17:30:19Z</time>
      </trkpt>
      <trkpt lat="68.08695945" lon="18.28430059">
        <time>2028-04-08T17:33:53Z</time>
      </trkpt>
      <trkpt lat="68.08747142" lon="18.28480192">
        <time>2028-04-08T17:38:07Z</time>
      </trkpt>
      <trkpt lat="68.08787283" lon="18.28507307">
        <time>2028-04-08T17:41:20Z</time>
      </trkpt>
      <trkpt lat="68.08813484" lon="18.28530181">
        <time>2028-04-08T17:43:29Z</time>
      </trkpt>
      <trkpt lat="68.08839267" lon="18.28551102">
        <time>2028-04-08T17:45:35Z</time>
      </trkpt>
      <trkpt lat="68.08865159" lon="18.28576324">
        <time>2028-04-08T17:47:43Z</time>
      </trkpt>
      <trkpt lat="68.0889002" lon="18.28604135">
        <time>2028-04-08T17:49:49Z</time>
      </trkpt>
      <trkpt lat="68.08927512" lon="18.28676697">
        <time>2028-04-08T17:53:25Z</time>
      </trkpt>
      <trkpt lat="68.08982036" lon="18.28784103">
        <time>2028-04-08T17:58:41Z</time>
      </trkpt>
      <trkpt lat="68.0901009" lon="18.28845617">
        <time>2028-04-08T18:01:30Z</time>
      </trkpt>
      <trkpt lat="68.09045018" lon="18.28889849">
        <time>2028-04-08T18:04:31Z</time>
      </trkpt>
      <trkpt lat="68.09068001" lon="18.28928405">
        <time>2028-04-08T18:06:37Z</time>
      </trkpt>
      <trkpt lat="68.09088679" lon="18.28976945">
        <time>2028-04-08T18:08:46Z</time>
      </trkpt>
      <trkpt lat="68.09144787" lon="18.29080696">
        <time>2028-04-08T18:14:04Z</time>
      </trkpt>
      <trkpt lat="68.09170939" lon="18.29132429">
        <time>2028-04-08T18:16:36Z</time>
      </trkpt>
      <trkpt lat="68.09210703" lon="18.29203717">
        <time>2028-04-08T18:20:19Z</time>
      </trkpt>
      <trkpt lat="68.09245798" lon="18.29294736">
        <time>2028-04-08T18:24:07Z</time>
      </trkpt>
      <trkpt lat="68.09294153" lon="18.29424371">
        <time>2028-04-08T18:29:27Z</time>
      </trkpt>
      <trkpt lat="68.09350144" lon="18.29601355">
        <time>2028-04-08T18:36:11Z</time>
      </trkpt>
      <trkpt lat="68.0939798" lon="18.29690664">
        <time>2028-04-08T18:40:43Z</time>
      </trkpt>
      <trkpt lat="68.09426922" lon="18.29779588">
        <time>2028-04-08T18:44:09Z</time>
      </trkpt>
      <trkpt lat="68.09458354" lon="18.29860917">
        <time>2028-04-08T18:47:33Z</time>
      </trkpt>
      <trkpt lat="68.09486325" lon="18.29951953">
        <time>2028-04-08T18:50:58Z</time>
      </trkpt>
      <trkpt lat="68.09516491" lon="18.30018883">
        <time>2028-04-08T18:54:01Z</time>
      </trkpt>
      <trkpt lat="68.09560111" lon="18.301269">
        <time>2028-04-08T18:58:38Z</time>
      </trkpt>
      <trkpt lat="68.09600662" lon="18.30240928">
        <time>2028-04-08T19:03:12Z</time>
      </trkpt>
      <trkpt lat="68.09635565" lon="18.30330949">
        <time>2028-04-08T19:06:59Z</time>
      </trkpt>
      <trkpt lat="68.09669168" lon="18.30429965">
        <time>2028-04-08T19:10:52Z</time>
      </trkpt>
      <trkpt lat="68.09719878" lon="18.30522409">
        <time>2028-04-08T19:15:38Z</time>
      </trkpt>
      <trkpt lat="68.09753171" lon="18.30582038">
        <time>2028-04-08T19:18:45Z</time>
      </trkpt>
      <trkpt lat="68.09789289" lon="18.3068951">
        <time>2028-04-08T19:22:57Z</time>
      </trkpt>
      <trkpt lat="68.09820461" lon="18.30796036">
        <time>2028-04-08T19:26:53Z</time>
      </trkpt>
      <trkpt lat="68.0986077" lon="18.30874667">
        <time>2028-04-08T19:30:46Z</time>
      </trkpt>
      <trkpt lat="68.09903425" lon="18.30969122">
        <time>2028-04-08T19:35:04Z</time>
      </trkpt>
      <trkpt lat="68.09930423" lon="18.31062891">
        <time>2028-04-08T19:38:30Z</time>
      </trkpt>
      <trkpt lat="68.09970899" lon="18.31147238">
        <time>2028-04-08T19:42:30Z</time>
      </trkpt>
      <trkpt lat="68.09987722" lon="18.31204964">
        <time>2028-04-08T19:44:37Z</time>
      </trkpt>
      <trkpt lat="68.1000814" lon="18.31253126">
        <time>2028-04-08T19:46:44Z</time>
      </trkpt>
      <trkpt lat="68.10028047" lon="18.31335009">
        <time>2028-04-08T19:49:34Z</time>
      </trkpt>
      <trkpt lat="68.10054467" lon="18.31378888">
        <time>2028-04-08T19:52:00Z</time>
      </trkpt>
      <trkpt lat="68.100961" lon="18.31470913">
        <time>2028-04-08T19:56:11Z</time>
      </trkpt>
      <trkpt lat="68.10136777" lon="18.31563919">
        <time>2028-04-08T20:00:21Z</time>
      </trkpt>
      <trkpt lat="68.10175862" lon="18.31675809">
        <time>2028-04-08T20:04:48Z</time>
      </trkpt>
      <trkpt lat="68.10210236" lon="18.31774707">
        <time>2028-04-08T20:08:43Z</time>
      </trkpt>
      <trkpt lat="68.10248877" lon="18.31860865">
        <time>2028-04-08T20:12:38Z</time>
      </trkpt>
      <trkpt lat="68.10279144" lon="18.31964624">
        <time>2028-04-08T20:16:27Z</time>
      </trkpt>
      <trkpt lat="68.10317977" lon="18.32053288">
        <time>2028-04-08T20:20:26Z</time>
      </trkpt>
      <trkpt lat="68.10339737" lon="18.32131516">
        <time>2028-04-08T20:23:16Z</time>
      </trkpt>
      <trkpt lat="68.10372854" lon="18.32209325">
        <time>2028-04-08T20:26:41Z</time>
      </trkpt>
      <trkpt lat="68.10401713" lon="18.32258142">
        <time>2028-04-08T20:29:20Z</time>
      </trkpt>
      <trkpt lat="68.10437336" lon="18.32356495">
        <time>2028-04-08T20:33:19Z</time>
      </trkpt>
      <trkpt lat="68.10448182" lon="18.32424816">
        <time>2028-04-08T20:35:29Z</time>
      </trkpt>
      <trkpt lat="68.10469296" lon="18.32549488">
        <time>2028-04-08T20:39:27Z</time>
      </trkpt>
      <trkpt lat="68.10515204" lon="18.32620852">
        <time>2028-04-08T20:43:35Z</time>
      </trkpt>
      <trkpt lat="68.10539612" lon="18.32728341">
        <time>2028-04-08T20:47:14Z</time>
      </trkpt>
      <trkpt lat="68.10574304" lon="18.32842704">
        <time>2028-04-08T20:51:31Z</time>
      </trkpt>
      <trkpt lat="68.10591965" lon="18.32910874">
        <time>2028-04-08T20:53:55Z</time>
      </trkpt>
      <trkpt lat="68.10619147" lon="18.33006813">
        <time>2028-04-08T20:57:25Z</time>
      </trkpt>
      <trkpt lat="68.10644771" lon="18.3309997">
        <time>2028-04-08T21:00:46Z</time>
      </trkpt>
      <trkpt lat="68.1067104" lon="18.3318886">
        <time>2028-04-08T21:04:04Z</time>
      </trkpt>
      <trkpt lat="68.10690134" lon="18.33280524">
        <time>2028-04-08T21:07:07Z</time>
      </trkpt>
      <trkpt lat="68.10712899" lon="18.33341343">
        <time>2028-04-08T21:09:37Z</time>
      </trkpt>
      <trkpt lat="68.10733058" lon="18.33443158">
        <time>2028-04-08T21:12:57Z</time>
      </trkpt>
      <trkpt lat="68.10753275" lon="18.33534504">
        <time>2028-04-08T21:16:02Z</time>
      </trkpt>
      <trkpt lat="68.10766099" lon="18.33656218">
        <time>2028-04-08T21:19:43Z</time>
      </trkpt>
      <trkpt lat="68.10786601" lon="18.33749249">
        <time>2028-04-08T21:22:51Z</time>
      </trkpt>
      <trkpt lat="68.10800674" lon="18.33822691">
        <time>2028-04-08T21:25:14Z</time>
      </trkpt>
      <trkpt lat="68.1080277" lon="18.3383979">
        <time>2028-04-08T21:25:46Z</time>
      </trkpt>
      <trkpt lat="68.10802787" lon="18.33839815">
        <time>2028-04-08T21:25:46Z</time>
      </trkpt>
      <trkpt lat="68.10802803" lon="18.3384005">
        <time>2028-04-08T21:25:46Z</time>
      </trkpt>
      <trkpt lat="68.10803189" lon="18.33839882">
        <time>2028-04-08T21:25:48Z</time>
      </trkpt>
      <trkpt lat="68.10803365" lon="18.33839715">
        <time>2028-04-08T21:25:49Z</time>
      </trkpt>
      <trkpt lat="68.10803323" lon="18.33839656">
        <time>2028-04-08T21:25:49Z</time>
      </trkpt>
      <trkpt lat="68.1080287" lon="18.33839622">
        <time>2028-04-08T21:25:51Z</time>
      </trkpt>
      <trkpt lat="68.10802518" lon="18.33839589">
        <time>2028-04-08T21:25:53Z</time>
      </trkpt>
      <trkpt lat="68.10802393" lon="18.3383958">
        <time>2028-04-08T21:25:54Z</time>
      </trkpt>
      <trkpt lat="68.10802829" lon="18.33838834">
        <time>2028-04-08T21:25:56Z</time>
      </trkpt>
      <trkpt lat="68.10803181" lon="18.33839002">
        <time>2028-04-08T21:25:58Z</time>
      </trkpt>
      <trkpt lat="68.10810951" lon="18.33890115">
        <time>2028-04-08T21:27:34Z</time>
      </trkpt>
      <trkpt lat="68.10824152" lon="18.33970246">
        <time>2028-04-08T21:30:06Z</time>
      </trkpt>
      <trkpt lat="68.10859021" lon="18.34122419">
        <time>2028-04-08T21:35:17Z</time>
      </trkpt>
      <trkpt lat="68.10862734" lon="18.34260855">
        <time>2028-04-08T21:39:19Z</time>
      </trkpt>
      <trkpt lat="68.10882281" lon="18.34357968">
        <time>2028-04-08T21:42:31Z</time>
      </trkpt>
      <trkpt lat="68.10901936" lon="18.34484886">
        <time>2028-04-08T21:46:30Z</time>
      </trkpt>
      <trkpt lat="68.10933586" lon="18.34571262">
        <time>2028-04-08T21:50:01Z</time>
      </trkpt>
      <trkpt lat="68.10940451" lon="18.34728825">
        <time>2028-04-08T21:54:37Z</time>
      </trkpt>
      <trkpt lat="68.10966787" lon="18.34862298">
        <time>2028-04-08T21:59:00Z</time>
      </trkpt>
      <trkpt lat="68.10981447" lon="18.34924417">
        <time>2028-04-08T22:01:08Z</time>
      </trkpt>
      <trkpt lat="68.10986074" lon="18.34997742">
        <time>2028-04-08T22:03:18Z</time>
      </trkpt>
      <trkpt lat="68.1100324" lon="18.35144182">
        <time>2028-04-08T22:07:45Z</time>
      </trkpt>
      <trkpt lat="68.11023767" lon="18.35222561">
        <time>2028-04-08T22:10:32Z</time>
      </trkpt>
      <trkpt lat="68.11038058" lon="18.35285995">
        <time>2028-04-08T22:12:41Z</time>
      </trkpt>
      <trkpt lat="68.11051494" lon="18.35350377">
        <time>2028-04-08T22:14:49Z</time>
      </trkpt>
      <trkpt lat="68.11065107" lon="18.35413392">
        <time>2028-04-08T22:16:56Z</time>
      </trkpt>
      <trkpt lat="68.11080446" lon="18.35474496">
        <time>2028-04-08T22:19:04Z</time>
      </trkpt>
      <trkpt lat="68.11105231" lon="18.35503313">
        <time>2028-04-08T22:21:10Z</time>
      </trkpt>
      <trkpt lat="68.11113596" lon="18.35640198">
        <time>2028-04-08T22:25:12Z</time>
      </trkpt>
      <trkpt lat="68.11147861" lon="18.35754535">
        <time>2028-04-08T22:29:27Z</time>
      </trkpt>
      <trkpt lat="68.11185345" lon="18.35873826">
        <time>2028-04-08T22:33:59Z</time>
      </trkpt>
      <trkpt lat="68.11212469" lon="18.35986119">
        <time>2028-04-08T22:37:51Z</time>
      </trkpt>
      <trkpt lat="68.1123588" lon="18.36022974">
        <time>2028-04-08T22:39:58Z</time>
      </trkpt>
      <trkpt lat="68.1125116" lon="18.36083902">
        <time>2028-04-08T22:42:06Z</time>
      </trkpt>
      <trkpt lat="68.11287127" lon="18.36170428">
        <time>2028-04-08T22:45:52Z</time>
      </trkpt>
      <trkpt lat="68.11318517" lon="18.36283274">
        <time>2028-04-08T22:49:57Z</time>
      </trkpt>
      <trkpt lat="68.1135585" lon="18.36385885">
        <time>2028-04-08T22:54:06Z</time>
      </trkpt>
      <trkpt lat="68.11387994" lon="18.36466016">
        <time>2028-04-08T22:57:31Z</time>
      </trkpt>
      <trkpt lat="68.11425059" lon="18.36576708">
        <time>2028-04-08T23:01:50Z</time>
      </trkpt>
      <trkpt lat="68.1145681" lon="18.36680744">
        <time>2028-04-08T23:05:44Z</time>
      </trkpt>
      <trkpt lat="68.11488586" lon="18.36762568">
        <time>2028-04-08T23:09:10Z</time>
      </trkpt>
      <trkpt lat="68.11504436" lon="18.36820965">
        <time>2028-04-08T23:11:15Z</time>
      </trkpt>
      <trkpt lat="68.11544652" lon="18.3693526">
        <time>2028-04-08T23:15:49Z</time>
      </trkpt>
      <trkpt lat="68.11561533" lon="18.36991511">
        <time>2028-04-08T23:17:55Z</time>
      </trkpt>
      <trkpt lat="68.11588858" lon="18.37082673">
        <time>2028-04-08T23:21:18Z</time>
      </trkpt>
      <trkpt lat="68.11620081" lon="18.3715697">
        <time>2028-04-08T23:24:33Z</time>
      </trkpt>
      <trkpt lat="68.11652603" lon="18.3723959">
        <time>2028-04-08T23:28:02Z</time>
      </trkpt>
      <trkpt lat="68.1167541" lon="18.37334968">
        <time>2028-04-08T23:31:19Z</time>
      </trkpt>
      <trkpt lat="68.11693062" lon="18.37390557">
        <time>2028-04-08T23:33:27Z</time>
      </trkpt>
      <trkpt lat="68.11713112" lon="18.37440253">
        <time>2028-04-08T23:35:34Z</time>
      </trkpt>
      <trkpt lat="68.11736112" lon="18.37478433">
        <time>2028-04-08T23:37:40Z</time>
      </trkpt>
      <trkpt lat="68.11767443" lon="18.37567935">
        <time>2028-04-08T23:41:14Z</time>
      </trkpt>
      <trkpt lat="68.1179253" lon="18.37667671">
        <time>2028-04-08T23:44:43Z</time>
      </trkpt>
      <trkpt lat="68.11809453" lon="18.37788437">
        <time>2028-04-08T23:48:28Z</time>
      </trkpt>
      <trkpt lat="68.11820216" lon="18.3785504">
        <time>2028-04-08T23:50:34Z</time>
      </trkpt>
      <trkpt lat="68.1185412" lon="18.37944995">
        <time>2028-04-08T23:54:17Z</time>
      </trkpt>
      <trkpt lat="68.11872485" lon="18.3804862">
        <time>2028-04-08T23:57:37Z</time>
      </trkpt>
      <trkpt lat="68.11885837" lon="18.38114929">
        <time>2028-04-08T23:59:48Z</time>
      </trkpt>
      <trkpt lat="68.11917806" lon="18.38216082">
        <time>2028-04-09T00:03:38Z</time>
      </trkpt>
      <trkpt lat="68.11947335" lon="18.38302072">
        <time>2028-04-09T00:07:02Z</time>
      </trkpt>
      <trkpt lat="68.11970185" lon="18.38406561">
        <time>2028-04-09T00:10:33Z</time>
      </trkpt>
      <trkpt lat="68.12005699" lon="18.38483104">
        <time>2028-04-09T00:14:05Z</time>
      </trkpt>
      <trkpt lat="68.12032579" lon="18.38560335">
        <time>2028-04-09T00:17:09Z</time>
      </trkpt>
      <trkpt lat="68.12058681" lon="18.38667775">
        <time>2028-04-09T00:20:53Z</time>
      </trkpt>
      <trkpt lat="68.12076677" lon="18.38723908">
        <time>2028-04-09T00:23:01Z</time>
      </trkpt>
      <trkpt lat="68.12096081" lon="18.38776153">
        <time>2028-04-09T00:25:10Z</time>
      </trkpt>
      <trkpt lat="68.12121101" lon="18.38852361">
        <time>2028-04-09T00:28:06Z</time>
      </trkpt>
      <trkpt lat="68.12147479" lon="18.38952156">
        <time>2028-04-09T00:31:39Z</time>
      </trkpt>
      <trkpt lat="68.12173462" lon="18.39037701">
        <time>2028-04-09T00:34:51Z</time>
      </trkpt>
      <trkpt lat="68.12203914" lon="18.39119517">
        <time>2028-04-09T00:38:13Z</time>
      </trkpt>
      <trkpt lat="68.12236805" lon="18.39198668">
        <time>2028-04-09T00:41:39Z</time>
      </trkpt>
      <trkpt lat="68.12259234" lon="18.39280081">
        <time>2028-04-09T00:44:35Z</time>
      </trkpt>
      <trkpt lat="68.12294522" lon="18.39360975">
        <time>2028-04-09T00:48:12Z</time>
      </trkpt>
      <trkpt lat="68.12332601" lon="18.39445322">
        <time>2028-04-09T00:52:02Z</time>
      </trkpt>
      <trkpt lat="68.12364939" lon="18.39515462">
        <time>2028-04-09T00:55:16Z</time>
      </trkpt>
      <trkpt lat="68.12386899" lon="18.39557857">
        <time>2028-04-09T00:57:23Z</time>
      </trkpt>
      <trkpt lat="68.12403604" lon="18.39616631">
        <time>2028-04-09T00:59:31Z</time>
      </trkpt>
      <trkpt lat="68.1244227" lon="18.39693074">
        <time>2028-04-09T01:03:15Z</time>
      </trkpt>
      <trkpt lat="68.12483082" lon="18.39747598">
        <time>2028-04-09T01:06:48Z</time>
      </trkpt>
      <trkpt lat="68.12520348" lon="18.39794436">
        <time>2028-04-09T01:10:00Z</time>
      </trkpt>
      <trkpt lat="68.12544487" lon="18.39896251">
        <time>2028-04-09T01:13:30Z</time>
      </trkpt>
      <trkpt lat="68.12587252" lon="18.39958998">
        <time>2028-04-09T01:17:18Z</time>
      </trkpt>
      <trkpt lat="68.12619874" lon="18.40039993">
        <time>2028-04-09T01:20:45Z</time>
      </trkpt>
      <trkpt lat="68.12659957" lon="18.40117718">
        <time>2028-04-09T01:24:36Z</time>
      </trkpt>
      <trkpt lat="68.12693157" lon="18.40192753">
        <time>2028-04-09T01:27:59Z</time>
      </trkpt>
      <trkpt lat="68.12720189" lon="18.40249247">
        <time>2028-04-09T01:30:39Z</time>
      </trkpt>
      <trkpt lat="68.12739559" lon="18.40300284">
        <time>2028-04-09T01:32:46Z</time>
      </trkpt>
      <trkpt lat="68.12759022" lon="18.40352445">
        <time>2028-04-09T01:34:54Z</time>
      </trkpt>
      <trkpt lat="68.12793363" lon="18.40443783">
        <time>2028-04-09T01:38:40Z</time>
      </trkpt>
      <trkpt lat="68.12824502" lon="18.40547802">
        <time>2028-04-09T01:42:32Z</time>
      </trkpt>
      <trkpt lat="68.12864458" lon="18.4064318">
        <time>2028-04-09T01:46:42Z</time>
      </trkpt>
      <trkpt lat="68.12914792" lon="18.40728809">
        <time>2028-04-09T01:51:20Z</time>
      </trkpt>
      <trkpt lat="68.12949727" lon="18.40829132">
        <time>2028-04-09T01:55:19Z</time>
      </trkpt>
      <trkpt lat="68.13006305" lon="18.40943419">
        <time>2028-04-09T02:00:49Z</time>
      </trkpt>
      <trkpt lat="68.1303363" lon="18.41001389">
        <time>2028-04-09T02:03:32Z</time>
      </trkpt>
      <trkpt lat="68.1308253" lon="18.41080053">
        <time>2028-04-09T02:07:58Z</time>
      </trkpt>
      <trkpt lat="68.13117407" lon="18.41141978">
        <time>2028-04-09T02:11:13Z</time>
      </trkpt>
      <trkpt lat="68.13140617" lon="18.41182421">
        <time>2028-04-09T02:13:23Z</time>
      </trkpt>
      <trkpt lat="68.13195049" lon="18.41218614">
        <time>2028-04-09T02:17:44Z</time>
      </trkpt>
      <trkpt lat="68.1325244" lon="18.4124759">
        <time>2028-04-09T02:22:17Z</time>
      </trkpt>
      <trkpt lat="68.13317458" lon="18.4127396">
        <time>2028-04-09T02:27:24Z</time>
      </trkpt>
      <trkpt lat="68.13348086" lon="18.41285183">
        <time>2028-04-09T02:29:48Z</time>
      </trkpt>
      <trkpt lat="68.13402392" lon="18.4131032">
        <time>2028-04-09T02:34:06Z</time>
      </trkpt>
      <trkpt lat="68.13429113" lon="18.4132141">
        <time>2028-04-09T02:36:12Z</time>
      </trkpt>
      <trkpt lat="68.13456388" lon="18.41323975">
        <time>2028-04-09T02:38:19Z</time>
      </trkpt>
      <trkpt lat="68.13483562" lon="18.41327411">
        <time>2028-04-09T02:40:26Z</time>
      </trkpt>
      <trkpt lat="68.13535849" lon="18.41380217">
        <time>2028-04-09T02:44:47Z</time>
      </trkpt>
      <trkpt lat="68.13585545" lon="18.41403737">
        <time>2028-04-09T02:48:43Z</time>
      </trkpt>
      <trkpt lat="68.13612233" lon="18.41415714">
        <time>2028-04-09T02:50:49Z</time>
      </trkpt>
      <trkpt lat="68.13653254" lon="18.41438413">
        <time>2028-04-09T02:54:05Z</time>
      </trkpt>
      <trkpt lat="68.13653195" lon="18.41438698">
        <time>2028-04-09T02:54:05Z</time>
      </trkpt>
      <trkpt lat="68.13653447" lon="18.41438195">
        <time>2028-04-09T02:54:07Z</time>
      </trkpt>
      <trkpt lat="68.13653413" lon="18.41438362">
        <time>2028-04-09T02:54:07Z</time>
      </trkpt>
      <trkpt lat="68.13653287" lon="18.41438396">
        <time>2028-04-09T02:54:08Z</time>
      </trkpt>
      <trkpt lat="68.13692515" lon="18.41774753">
        <time>2028-04-09T03:04:21Z</time>
      </trkpt>
      <trkpt lat="68.13694535" lon="18.41780378">
        <time>2028-04-09T03:04:34Z</time>
      </trkpt>
      <trkpt lat="68.13698114" lon="18.4175208">
        <time>2028-04-09T03:05:26Z</time>
      </trkpt>
      <trkpt lat="68.13698659" lon="18.41750831">
        <time>2028-04-09T03:05:30Z</time>
      </trkpt>
      <trkpt lat="68.13696035" lon="18.4175721">
        <time>2028-04-09T03:05:46Z</time>
      </trkpt>
      <trkpt lat="68.13686497" lon="18.41589446">
        <time>2028-04-09T03:10:41Z</time>
      </trkpt>
      <trkpt lat="68.13669976" lon="18.41530387">
        <time>2028-04-09T03:12:50Z</time>
      </trkpt>
      <trkpt lat="68.136554" lon="18.41465788">
        <time>2028-04-09T03:15:01Z</time>
      </trkpt>
      <trkpt lat="68.13657939" lon="18.41461672">
        <time>2028-04-09T03:15:15Z</time>
      </trkpt>
      <trkpt lat="68.13685013" lon="18.41447465">
        <time>2028-04-09T03:17:24Z</time>
      </trkpt>
      <trkpt lat="68.13658652" lon="18.41479945">
        <time>2028-04-09T03:19:39Z</time>
      </trkpt>
      <trkpt lat="68.13689548" lon="18.41436979">
        <time>2028-04-09T03:22:21Z</time>
      </trkpt>
      <trkpt lat="68.13723436" lon="18.41323111">
        <time>2028-04-09T03:26:35Z</time>
      </trkpt>
      <trkpt lat="68.13763585" lon="18.41305736">
        <time>2028-04-09T03:29:45Z</time>
      </trkpt>
      <trkpt lat="68.13791698" lon="18.41306255">
        <time>2028-04-09T03:31:56Z</time>
      </trkpt>
      <trkpt lat="68.13818227" lon="18.41288653">
        <time>2028-04-09T03:34:04Z</time>
      </trkpt>
      <trkpt lat="68.13846549" lon="18.41262552">
        <time>2028-04-09T03:36:23Z</time>
      </trkpt>
      <trkpt lat="68.13872726" lon="18.41244967">
        <time>2028-04-09T03:38:29Z</time>
      </trkpt>
      <trkpt lat="68.1389627" lon="18.41194281">
        <time>2028-04-09T03:40:50Z</time>
      </trkpt>
      <trkpt lat="68.1392145" lon="18.41161081">
        <time>2028-04-09T03:43:01Z</time>
      </trkpt>
      <trkpt lat="68.1396522" lon="18.41135566">
        <time>2028-04-09T03:46:30Z</time>
      </trkpt>
      <trkpt lat="68.14002486" lon="18.41143671">
        <time>2028-04-09T03:49:25Z</time>
      </trkpt>
      <trkpt lat="68.14061268" lon="18.411256">
        <time>2028-04-09T03:54:01Z</time>
      </trkpt>
      <trkpt lat="68.14089809" lon="18.41124125">
        <time>2028-04-09T03:56:15Z</time>
      </trkpt>
      <trkpt lat="68.14116907" lon="18.4112648">
        <time>2028-04-09T03:58:21Z</time>
      </trkpt>
      <trkpt lat="68.14154416" lon="18.41135072">
        <time>2028-04-09T04:01:17Z</time>
      </trkpt>
      <trkpt lat="68.14215696" lon="18.41126581">
        <time>2028-04-09T04:06:03Z</time>
      </trkpt>
      <trkpt lat="68.14305986" lon="18.4104241">
        <time>2028-04-09T04:13:30Z</time>
      </trkpt>
      <trkpt lat="68.14337502" lon="18.41034866">
        <time>2028-04-09T04:15:57Z</time>
      </trkpt>
      <trkpt lat="68.143673" lon="18.41004322">
        <time>2028-04-09T04:18:26Z</time>
      </trkpt>
      <trkpt lat="68.14415521" lon="18.40956126">
        <time>2028-04-09T04:22:27Z</time>
      </trkpt>
      <trkpt lat="68.14469576" lon="18.40874646">
        <time>2028-04-09T04:27:16Z</time>
      </trkpt>
      <trkpt lat="68.14531887" lon="18.40846826">
        <time>2028-04-09T04:32:11Z</time>
      </trkpt>
      <trkpt lat="68.14605505" lon="18.40739345">
        <time>2028-04-09T04:38:42Z</time>
      </trkpt>
      <trkpt lat="68.14678227" lon="18.40568748">
        <time>2028-04-09T04:46:13Z</time>
      </trkpt>
      <trkpt lat="68.14820618" lon="18.40478509">
        <time>2028-04-09T04:57:36Z</time>
      </trkpt>
      <trkpt lat="68.14853459" lon="18.4040313">
        <time>2028-04-09T05:00:58Z</time>
      </trkpt>
      <trkpt lat="68.14888881" lon="18.40322379">
        <time>2028-04-09T05:04:35Z</time>
      </trkpt>
      <trkpt lat="68.14949205" lon="18.40341163">
        <time>2028-04-09T05:09:18Z</time>
      </trkpt>
      <trkpt lat="68.15100549" lon="18.40272867">
        <time>2028-04-09T05:21:15Z</time>
      </trkpt>
      <trkpt lat="68.15205951" lon="18.40258291">
        <time>2028-04-09T05:29:28Z</time>
      </trkpt>
      <trkpt lat="68.15309392" lon="18.40218586">
        <time>2028-04-09T05:37:35Z</time>
      </trkpt>
      <trkpt lat="68.15346021" lon="18.40196483">
        <time>2028-04-09T05:40:31Z</time>
      </trkpt>
      <trkpt lat="68.15368585" lon="18.40157004">
        <time>2028-04-09T05:42:36Z</time>
      </trkpt>
      <trkpt lat="68.15319853" lon="18.40089999">
        <time>2028-04-09T05:46:52Z</time>
      </trkpt>
      <trkpt lat="68.15298856" lon="18.40041569">
        <time>2028-04-09T05:49:01Z</time>
      </trkpt>
      <trkpt lat="68.15270408" lon="18.39948068">
        <time>2028-04-09T05:52:31Z</time>
      </trkpt>
      <trkpt lat="68.15326558" lon="18.39931774">
        <time>2028-04-09T05:56:55Z</time>
      </trkpt>
      <trkpt lat="68.15354671" lon="18.39929695">
        <time>2028-04-09T05:59:06Z</time>
      </trkpt>
      <trkpt lat="68.15271422" lon="18.39739015">
        <time>2028-04-09T06:07:37Z</time>
      </trkpt>
      <trkpt lat="68.15384033" lon="18.39767078">
        <time>2028-04-09T06:16:25Z</time>
      </trkpt>
      <trkpt lat="68.15438281" lon="18.39767489">
        <time>2028-04-09T06:20:38Z</time>
      </trkpt>
      <trkpt lat="68.15508965" lon="18.39741144">
        <time>2028-04-09T06:26:11Z</time>
      </trkpt>
      <trkpt lat="68.15423177" lon="18.39606665">
        <time>2028-04-09T06:33:55Z</time>
      </trkpt>
      <trkpt lat="68.15475077" lon="18.39580815">
        <time>2028-04-09T06:38:02Z</time>
      </trkpt>
      <trkpt lat="68.1555225" lon="18.39490492">
        <time>2028-04-09T06:44:35Z</time>
      </trkpt>
      <trkpt lat="68.15510348" lon="18.3936799">
        <time>2028-04-09T06:49:24Z</time>
      </trkpt>
      <trkpt lat="68.15550858" lon="18.39303198">
        <time>2028-04-09T06:53:04Z</time>
      </trkpt>
      <trkpt lat="68.15592818" lon="18.39240653">
        <time>2028-04-09T06:56:48Z</time>
      </trkpt>
      <trkpt lat="68.15627502" lon="18.39058455">
        <time>2028-04-09T07:02:43Z</time>
      </trkpt>
      <trkpt lat="68.15656143" lon="18.38935811">
        <time>2028-04-09T07:06:55Z</time>
      </trkpt>
      <trkpt lat="68.15679235" lon="18.3871271">
        <time>2028-04-09T07:13:37Z</time>
      </trkpt>
      <trkpt lat="68.15684457" lon="18.38634918">
        <time>2028-04-09T07:15:55Z</time>
      </trkpt>
      <trkpt lat="68.15694951" lon="18.38220667">
        <time>2028-04-09T07:27:56Z</time>
      </trkpt>
      <trkpt lat="68.15716845" lon="18.37986619">
        <time>2028-04-09T07:34:55Z</time>
      </trkpt>
      <trkpt lat="68.15734506" lon="18.37805285">
        <time>2028-04-09T07:40:21Z</time>
      </trkpt>
      <trkpt lat="68.1572573" lon="18.37943746">
        <time>2028-04-09T07:44:25Z</time>
      </trkpt>
      <trkpt lat="68.15721681" lon="18.38029576">
        <time>2028-04-09T07:46:55Z</time>
      </trkpt>
      <trkpt lat="68.15726023" lon="18.38154484">
        <time>2028-04-09T07:50:33Z</time>
      </trkpt>
      <trkpt lat="68.15717113" lon="18.38242544">
        <time>2028-04-09T07:53:12Z</time>
      </trkpt>
      <trkpt lat="68.15710953" lon="18.3831845">
        <time>2028-04-09T07:55:27Z</time>
      </trkpt>
      <trkpt lat="68.1570107" lon="18.38443534">
        <time>2028-04-09T07:59:09Z</time>
      </trkpt>
      <trkpt lat="68.15698137" lon="18.38592505">
        <time>2028-04-09T08:03:28Z</time>
      </trkpt>
      <trkpt lat="68.15687668" lon="18.38726616">
        <time>2028-04-09T08:07:26Z</time>
      </trkpt>
      <trkpt lat="68.15694365" lon="18.38800594">
        <time>2028-04-09T08:09:38Z</time>
      </trkpt>
      <trkpt lat="68.15665824" lon="18.38838765">
        <time>2028-04-09T08:12:07Z</time>
      </trkpt>
      <trkpt lat="68.15650117" lon="18.38945433">
        <time>2028-04-09T08:15:26Z</time>
      </trkpt>
      <trkpt lat="68.15626832" lon="18.39029898">
        <time>2028-04-09T08:18:29Z</time>
      </trkpt>
      <trkpt lat="68.15604234" lon="18.39138377">
        <time>2028-04-09T08:22:05Z</time>
      </trkpt>
      <trkpt lat="68.15588032" lon="18.39264315">
        <time>2028-04-09T08:25:57Z</time>
      </trkpt>
      <trkpt lat="68.15567723" lon="18.39293618">
        <time>2028-04-09T08:27:44Z</time>
      </trkpt>
      <trkpt lat="68.15595995" lon="18.39301723">
        <time>2028-04-09T08:29:57Z</time>
      </trkpt>
      <trkpt lat="68.15597428" lon="18.39398459">
        <time>2028-04-09T08:32:45Z</time>
      </trkpt>
      <trkpt lat="68.15577119" lon="18.39446219">
        <time>2028-04-09T08:34:51Z</time>
      </trkpt>
      <trkpt lat="68.15556264" lon="18.39492411">
        <time>2028-04-09T08:36:57Z</time>
      </trkpt>
      <trkpt lat="68.15558402" lon="18.39585258">
        <time>2028-04-09T08:39:39Z</time>
      </trkpt>
      <trkpt lat="68.15530943" lon="18.39560556">
        <time>2028-04-09T08:41:54Z</time>
      </trkpt>
      <trkpt lat="68.1549392" lon="18.39609465">
        <time>2028-04-09T08:45:07Z</time>
      </trkpt>
      <trkpt lat="68.15466293" lon="18.39651793">
        <time>2028-04-09T08:47:35Z</time>
      </trkpt>
      <trkpt lat="68.15440628" lon="18.3967476">
        <time>2028-04-09T08:49:42Z</time>
      </trkpt>
      <trkpt lat="68.15418324" lon="18.3971532">
        <time>2028-04-09T08:51:47Z</time>
      </trkpt>
      <trkpt lat="68.15440267" lon="18.39757372">
        <time>2028-04-09T08:53:53Z</time>
      </trkpt>
      <trkpt lat="68.1546066" lon="18.39806967">
        <time>2028-04-09T08:56:02Z</time>
      </trkpt>
      <trkpt lat="68.15397369" lon="18.39888833">
        <time>2028-04-09T09:01:30Z</time>
      </trkpt>
      <trkpt lat="68.15371603" lon="18.39857938">
        <time>2028-04-09T09:03:41Z</time>
      </trkpt>
      <trkpt lat="68.15347153" lon="18.39889202">
        <time>2028-04-09T09:05:48Z</time>
      </trkpt>
      <trkpt lat="68.15320062" lon="18.39955503">
        <time>2028-04-09T09:08:39Z</time>
      </trkpt>
      <trkpt lat="68.15314866" lon="18.40027194">
        <time>2028-04-09T09:10:46Z</time>
      </trkpt>
      <trkpt lat="68.15287247" lon="18.40007203">
        <time>2028-04-09T09:12:59Z</time>
      </trkpt>
      <trkpt lat="68.15261188" lon="18.40035483">
        <time>2028-04-09T09:15:11Z</time>
      </trkpt>
      <trkpt lat="68.15238104" lon="18.40077217">
        <time>2028-04-09T09:17:20Z</time>
      </trkpt>
      <trkpt lat="68.15193328" lon="18.40157691">
        <time>2028-04-09T09:21:32Z</time>
      </trkpt>
      <trkpt lat="68.15154495" lon="18.40166635">
        <time>2028-04-09T09:24:34Z</time>
      </trkpt>
      <trkpt lat="68.15127907" lon="18.40179526">
        <time>2028-04-09T09:26:40Z</time>
      </trkpt>
      <trkpt lat="68.15090608" lon="18.40240991">
        <time>2028-04-09T09:30:04Z</time>
      </trkpt>
      <trkpt lat="68.15060282" lon="18.40306085">
        <time>2028-04-09T09:33:06Z</time>
      </trkpt>
      <trkpt lat="68.15029948" lon="18.40310175">
        <time>2028-04-09T09:35:27Z</time>
      </trkpt>
      <trkpt lat="68.14998918" lon="18.40354348">
        <time>2028-04-09T09:38:11Z</time>
      </trkpt>
      <trkpt lat="68.14974133" lon="18.40383383">
        <time>2028-04-09T09:40:18Z</time>
      </trkpt>
      <trkpt lat="68.14936398" lon="18.4044224">
        <time>2028-04-09T09:43:41Z</time>
      </trkpt>
      <trkpt lat="68.14909668" lon="18.40466942">
        <time>2028-04-09T09:45:53Z</time>
      </trkpt>
      <trkpt lat="68.14884203" lon="18.4051896">
        <time>2028-04-09T09:48:23Z</time>
      </trkpt>
      <trkpt lat="68.14855445" lon="18.40548146">
        <time>2028-04-09T09:50:46Z</time>
      </trkpt>
      <trkpt lat="68.14822848" lon="18.405935">
        <time>2028-04-09T09:53:38Z</time>
      </trkpt>
      <trkpt lat="68.14789522" lon="18.40667177">
        <time>2028-04-09T09:56:59Z</time>
      </trkpt>
      <trkpt lat="68.14746623" lon="18.40673866">
        <time>2028-04-09T10:00:20Z</time>
      </trkpt>
      <trkpt lat="68.1470437" lon="18.40734039">
        <time>2028-04-09T10:04:03Z</time>
      </trkpt>
      <trkpt lat="68.14669342" lon="18.40772336">
        <time>2028-04-09T10:07:00Z</time>
      </trkpt>
      <trkpt lat="68.14645227" lon="18.40807633">
        <time>2028-04-09T10:09:08Z</time>
      </trkpt>
      <trkpt lat="68.14607249" lon="18.40861838">
        <time>2028-04-09T10:12:29Z</time>
      </trkpt>
      <trkpt lat="68.14557008" lon="18.4090327">
        <time>2028-04-09T10:16:34Z</time>
      </trkpt>
      <trkpt lat="68.14515551" lon="18.4095388">
        <time>2028-04-09T10:20:07Z</time>
      </trkpt>
      <trkpt lat="68.14461697" lon="18.41023089">
        <time>2028-04-09T10:24:45Z</time>
      </trkpt>
      <trkpt lat="68.14427599" lon="18.4110514">
        <time>2028-04-09T10:28:19Z</time>
      </trkpt>
      <trkpt lat="68.14392982" lon="18.4121765">
        <time>2028-04-09T10:32:33Z</time>
      </trkpt>
      <trkpt lat="68.14355632" lon="18.41296834">
        <time>2028-04-09T10:36:15Z</time>
      </trkpt>
      <trkpt lat="68.14314058" lon="18.4140553">
        <time>2028-04-09T10:40:46Z</time>
      </trkpt>
      <trkpt lat="68.14279441" lon="18.41507019">
        <time>2028-04-09T10:44:45Z</time>
      </trkpt>
      <trkpt lat="68.14258779" lon="18.41553538">
        <time>2028-04-09T10:46:51Z</time>
      </trkpt>
      <trkpt lat="68.14230365" lon="18.41653098">
        <time>2028-04-09T10:50:29Z</time>
      </trkpt>
      <trkpt lat="68.14206066" lon="18.41703272">
        <time>2028-04-09T10:52:52Z</time>
      </trkpt>
      <trkpt lat="68.14151491" lon="18.41773806">
        <time>2028-04-09T10:57:35Z</time>
      </trkpt>
      <trkpt lat="68.14119581" lon="18.41868488">
        <time>2028-04-09T11:01:17Z</time>
      </trkpt>
      <trkpt lat="68.1409099" lon="18.41978283">
        <time>2028-04-09T11:05:10Z</time>
      </trkpt>
      <trkpt lat="68.14045167" lon="18.42055891">
        <time>2028-04-09T11:09:23Z</time>
      </trkpt>
      <trkpt lat="68.1400661" lon="18.4215069">
        <time>2028-04-09T11:13:27Z</time>
      </trkpt>
      <trkpt lat="68.13987382" lon="18.42187688">
        <time>2028-04-09T11:15:18Z</time>
      </trkpt>
      <trkpt lat="68.13987348" lon="18.42188777">
        <time>2028-04-09T11:15:19Z</time>
      </trkpt>
      <trkpt lat="68.1398071" lon="18.4220296">
        <time>2028-04-09T11:15:59Z</time>
      </trkpt>
      <trkpt lat="68.13978287" lon="18.42205642">
        <time>2028-04-09T11:16:11Z</time>
      </trkpt>
      <trkpt lat="68.13979092" lon="18.4220477">
        <time>2028-04-09T11:16:15Z</time>
      </trkpt>
      <trkpt lat="68.1397822" lon="18.42153481">
        <time>2028-04-09T11:17:45Z</time>
      </trkpt>
      <trkpt lat="68.13910042" lon="18.42119509">
        <time>2028-04-09T11:23:08Z</time>
      </trkpt>
      <trkpt lat="68.13884058" lon="18.42100332">
        <time>2028-04-09T11:25:14Z</time>
      </trkpt>
      <trkpt lat="68.13858912" lon="18.42073644">
        <time>2028-04-09T11:27:20Z</time>
      </trkpt>
      <trkpt lat="68.1380552" lon="18.420057">
        <time>2028-04-09T11:31:56Z</time>
      </trkpt>
      <trkpt lat="68.13757399" lon="18.41961251">
        <time>2028-04-09T11:35:54Z</time>
      </trkpt>
      <trkpt lat="68.13722128" lon="18.41852185">
        <time>2028-04-09T11:40:05Z</time>
      </trkpt>
      <trkpt lat="68.13740627" lon="18.41665445">
        <time>2028-04-09T11:45:41Z</time>
      </trkpt>
      <trkpt lat="68.13736109" lon="18.41593042">
        <time>2028-04-09T11:47:49Z</time>
      </trkpt>
      <trkpt lat="68.13714677" lon="18.41547797">
        <time>2028-04-09T11:49:56Z</time>
      </trkpt>
      <trkpt lat="68.13698089" lon="18.4148743">
        <time>2028-04-09T11:52:06Z</time>
      </trkpt>
      <trkpt lat="68.13677821" lon="18.41434599">
        <time>2028-04-09T11:54:18Z</time>
      </trkpt>
      <trkpt lat="68.13650446" lon="18.41445663">
        <time>2028-04-09T11:56:28Z</time>
      </trkpt>
      <trkpt lat="68.13650547" lon="18.41446116">
        <time>2028-04-09T11:56:29Z</time>
      </trkpt>
      <trkpt lat="68.13651712" lon="18.41447121">
        <time>2028-04-09T11:56:34Z</time>
      </trkpt>
      <trkpt lat="68.13643204" lon="18.41521477">
        <time>2028-04-09T11:58:50Z</time>
      </trkpt>
      <trkpt lat="68.13642425" lon="18.4152374">
        <time>2028-04-09T11:58:55Z</time>
      </trkpt>
      <trkpt lat="68.13646012" lon="18.41528426">
        <time>2028-04-09T11:59:13Z</time>
      </trkpt>
      <trkpt lat="68.13645442" lon="18.41529457">
        <time>2028-04-09T11:59:17Z</time>
      </trkpt>
      <trkpt lat="68.13642886" lon="18.41523196">
        <time>2028-04-09T11:59:33Z</time>
      </trkpt>
      <trkpt lat="68.13643564" lon="18.41523497">
        <time>2028-04-09T11:59:36Z</time>
      </trkpt>
      <trkpt lat="68.13645534" lon="18.4153312">
        <time>2028-04-09T11:59:55Z</time>
      </trkpt>
      <trkpt lat="68.13649214" lon="18.41526766">
        <time>2028-04-09T12:00:16Z</time>
      </trkpt>
      <trkpt lat="68.13651787" lon="18.41529155">
        <time>2028-04-09T12:00:28Z</time>
      </trkpt>
      <trkpt lat="68.13653296" lon="18.41527923">
        <time>2028-04-09T12:00:36Z</time>
      </trkpt>
      <trkpt lat="68.13652189" lon="18.41527202">
        <time>2028-04-09T12:00:41Z</time>
      </trkpt>
      <trkpt lat="68.1365136" lon="18.41527806">
        <time>2028-04-09T12:00:45Z</time>
      </trkpt>
      <trkpt lat="68.13650077" lon="18.41526272">
        <time>2028-04-09T12:00:52Z</time>
      </trkpt>
      <trkpt lat="68.13651728" lon="18.41526859">
        <time>2028-04-09T12:00:59Z</time>
      </trkpt>
      <trkpt lat="68.13650689" lon="18.41531938">
        <time>2028-04-09T12:01:09Z</time>
      </trkpt>
      <trkpt lat="68.13650169" lon="18.41531024">
        <time>2028-04-09T12:01:12Z</time>
      </trkpt>
      <trkpt lat="68.13649868" lon="18.41529968">
        <time>2028-04-09T12:01:15Z</time>
      </trkpt>
      <trkpt lat="68.1364918" lon="18.41532013">
        <time>2028-04-09T12:01:19Z</time>
      </trkpt>
      <trkpt lat="68.13649029" lon="18.41535576">
        <time>2028-04-09T12:01:26Z</time>
      </trkpt>
      <trkpt lat="68.13648032" lon="18.41539172">
        <time>2028-04-09T12:01:33Z</time>
      </trkpt>
      <trkpt lat="68.13647588" lon="18.41540856">
        <time>2028-04-09T12:01:37Z</time>
      </trkpt>
      <trkpt lat="68.13649474" lon="18.41539892">
        <time>2028-04-09T12:01:46Z</time>
      </trkpt>
      <trkpt lat="68.13649775" lon="18.41534788">
        <time>2028-04-09T12:01:55Z</time>
      </trkpt>
      <trkpt lat="68.13649574" lon="18.41534327">
        <time>2028-04-09T12:01:56Z</time>
      </trkpt>
      <trkpt lat="68.13649465" lon="18.41533656">
        <time>2028-04-09T12:01:57Z</time>
      </trkpt>
      <trkpt lat="68.13649273" lon="18.41531628">
        <time>2028-04-09T12:02:01Z</time>
      </trkpt>
      <trkpt lat="68.13649264" lon="18.41530823">
        <time>2028-04-09T12:02:03Z</time>
      </trkpt>
      <trkpt lat="68.13649398" lon="18.41529625">
        <time>2028-04-09T12:02:05Z</time>
      </trkpt>
      <trkpt lat="68.13649599" lon="18.41526607">
        <time>2028-04-09T12:02:10Z</time>
      </trkpt>
      <trkpt lat="68.13649734" lon="18.41526574">
        <time>2028-04-09T12:02:11Z</time>
      </trkpt>
      <trkpt lat="68.13650857" lon="18.41529717">
        <time>2028-04-09T12:02:18Z</time>
      </trkpt>
      <trkpt lat="68.13651544" lon="18.41528786">
        <time>2028-04-09T12:02:22Z</time>
      </trkpt>
      <trkpt lat="68.13652072" lon="18.41525492">
        <time>2028-04-09T12:02:28Z</time>
      </trkpt>
      <trkpt lat="68.13653262" lon="18.41519357">
        <time>2028-04-09T12:02:40Z</time>
      </trkpt>
      <trkpt lat="68.1365467" lon="18.41513313">
        <time>2028-04-09T12:02:52Z</time>
      </trkpt>
      <trkpt lat="68.13655199" lon="18.41492509">
        <time>2028-04-09T12:03:29Z</time>
      </trkpt>
      <trkpt lat="68.13655945" lon="18.41501034">
        <time>2028-04-09T12:03:44Z</time>
      </trkpt>
      <trkpt lat="68.13655819" lon="18.41484153">
        <time>2028-04-09T12:04:13Z</time>
      </trkpt>
      <trkpt lat="68.13650815" lon="18.41458437">
        <time>2028-04-09T12:05:04Z</time>
      </trkpt>
      <trkpt lat="68.13652164" lon="18.41450642">
        <time>2028-04-09T12:05:19Z</time>
      </trkpt>
      <trkpt lat="68.13656825" lon="18.41452645">
        <time>2028-04-09T12:05:41Z</time>
      </trkpt>
      <trkpt lat="68.13664704" lon="18.41457314">
        <time>2028-04-09T12:06:18Z</time>
      </trkpt>
      <trkpt lat="68.13675324" lon="18.4144739">
        <time>2028-04-09T12:07:11Z</time>
      </trkpt>
      <trkpt lat="68.13676145" lon="18.41432353">
        <time>2028-04-09T12:07:37Z</time>
      </trkpt>
      <trkpt lat="68.13674209" lon="18.41413334">
        <time>2028-04-09T12:08:12Z</time>
      </trkpt>
      <trkpt lat="68.13677595" lon="18.41362665">
        <time>2028-04-09T12:09:41Z</time>
      </trkpt>
      <trkpt lat="68.13682557" lon="18.41332935">
        <time>2028-04-09T12:10:38Z</time>
      </trkpt>
      <trkpt lat="68.13687142" lon="18.41295132">
        <time>2028-04-09T12:11:47Z</time>
      </trkpt>
      <trkpt lat="68.13689338" lon="18.41284546">
        <time>2028-04-09T12:12:08Z</time>
      </trkpt>
      <trkpt lat="68.13698407" lon="18.41255536">
        <time>2028-04-09T12:13:14Z</time>
      </trkpt>
      <trkpt lat="68.13712045" lon="18.41220693">
        <time>2028-04-09T12:14:42Z</time>
      </trkpt>
      <trkpt lat="68.13726445" lon="18.41193359">
        <time>2028-04-09T12:16:04Z</time>
      </trkpt>
      <trkpt lat="68.13743938" lon="18.41164894">
        <time>2028-04-09T12:17:40Z</time>
      </trkpt>
      <trkpt lat="68.13761163" lon="18.41146915">
        <time>2028-04-09T12:19:06Z</time>
      </trkpt>
      <trkpt lat="68.13780508" lon="18.41134845">
        <time>2028-04-09T12:20:39Z</time>
      </trkpt>
      <trkpt lat="68.13804363" lon="18.41129674">
        <time>2028-04-09T12:22:30Z</time>
      </trkpt>
      <trkpt lat="68.13812854" lon="18.41130596">
        <time>2028-04-09T12:23:10Z</time>
      </trkpt>
      <trkpt lat="68.13832174" lon="18.41123421">
        <time>2028-04-09T12:24:41Z</time>
      </trkpt>
      <trkpt lat="68.13845711" lon="18.41121183">
        <time>2028-04-09T12:25:44Z</time>
      </trkpt>
      <trkpt lat="68.13862483" lon="18.41110521">
        <time>2028-04-09T12:27:05Z</time>
      </trkpt>
      <trkpt lat="68.13877034" lon="18.41104905">
        <time>2028-04-09T12:28:14Z</time>
      </trkpt>
      <trkpt lat="68.13896086" lon="18.41097294">
        <time>2028-04-09T12:29:44Z</time>
      </trkpt>
      <trkpt lat="68.13897645" lon="18.41097546">
        <time>2028-04-09T12:29:51Z</time>
      </trkpt>
      <trkpt lat="68.13912087" lon="18.4109364">
        <time>2028-04-09T12:30:59Z</time>
      </trkpt>
      <trkpt lat="68.13917963" lon="18.41076306">
        <time>2028-04-09T12:31:39Z</time>
      </trkpt>
      <trkpt lat="68.13922422" lon="18.41040323">
        <time>2028-04-09T12:32:45Z</time>
      </trkpt>
      <trkpt lat="68.1393445" lon="18.41008287">
        <time>2028-04-09T12:34:04Z</time>
      </trkpt>
      <trkpt lat="68.13950342" lon="18.41010156">
        <time>2028-04-09T12:35:19Z</time>
      </trkpt>
      <trkpt lat="68.13975572" lon="18.41017993">
        <time>2028-04-09T12:37:17Z</time>
      </trkpt>
      <trkpt lat="68.13996392" lon="18.41015101">
        <time>2028-04-09T12:38:55Z</time>
      </trkpt>
      <trkpt lat="68.14018152" lon="18.41018706">
        <time>2028-04-09T12:40:36Z</time>
      </trkpt>
      <trkpt lat="68.14041412" lon="18.41022771">
        <time>2028-04-09T12:42:25Z</time>
      </trkpt>
      <trkpt lat="68.14066599" lon="18.41033776">
        <time>2028-04-09T12:44:24Z</time>
      </trkpt>
      <trkpt lat="68.14090831" lon="18.41061185">
        <time>2028-04-09T12:46:27Z</time>
      </trkpt>
      <trkpt lat="68.14091762" lon="18.41061705">
        <time>2028-04-09T12:46:32Z</time>
      </trkpt>
      <trkpt lat="68.14096003" lon="18.41067547">
        <time>2028-04-09T12:46:54Z</time>
      </trkpt>
      <trkpt lat="68.14096187" lon="18.41067941">
        <time>2028-04-09T12:46:55Z</time>
      </trkpt>
      <trkpt lat="68.14096263" lon="18.41067589">
        <time>2028-04-09T12:46:56Z</time>
      </trkpt>
      <trkpt lat="68.14096439" lon="18.41067161">
        <time>2028-04-09T12:46:57Z</time>
      </trkpt>
      <trkpt lat="68.14098786" lon="18.41068293">
        <time>2028-04-09T12:47:08Z</time>
      </trkpt>
      <trkpt lat="68.14110177" lon="18.41072006">
        <time>2028-04-09T12:48:01Z</time>
      </trkpt>
      <trkpt lat="68.14128558" lon="18.41079952">
        <time>2028-04-09T12:49:28Z</time>
      </trkpt>
      <trkpt lat="68.14140729" lon="18.41079349">
        <time>2028-04-09T12:50:25Z</time>
      </trkpt>
      <trkpt lat="68.14158767" lon="18.41078318">
        <time>2028-04-09T12:51:49Z</time>
      </trkpt>
      <trkpt lat="68.14174952" lon="18.41076029">
        <time>2028-04-09T12:53:05Z</time>
      </trkpt>
      <trkpt lat="68.1419211" lon="18.4106976">
        <time>2028-04-09T12:54:26Z</time>
      </trkpt>
      <trkpt lat="68.14210148" lon="18.41064529">
        <time>2028-04-09T12:55:51Z</time>
      </trkpt>
      <trkpt lat="68.1422842" lon="18.41061001">
        <time>2028-04-09T12:57:16Z</time>
      </trkpt>
      <trkpt lat="68.14245586" lon="18.41060204">
        <time>2028-04-09T12:58:36Z</time>
      </trkpt>
      <trkpt lat="68.14263725" lon="18.41059241">
        <time>2028-04-09T13:00:01Z</time>
      </trkpt>
      <trkpt lat="68.14283045" lon="18.41055921">
        <time>2028-04-09T13:01:31Z</time>
      </trkpt>
      <trkpt lat="68.14301452" lon="18.41053893">
        <time>2028-04-09T13:02:58Z</time>
      </trkpt>
      <trkpt lat="68.14317428" lon="18.41051261">
        <time>2028-04-09T13:04:12Z</time>
      </trkpt>
      <trkpt lat="68.14334418" lon="18.41050263">
        <time>2028-04-09T13:05:32Z</time>
      </trkpt>
      <trkpt lat="68.14352782" lon="18.41045394">
        <time>2028-04-09T13:06:58Z</time>
      </trkpt>
      <trkpt lat="68.14370049" lon="18.41041018">
        <time>2028-04-09T13:08:19Z</time>
      </trkpt>
      <trkpt lat="68.14388749" lon="18.41036073">
        <time>2028-04-09T13:09:46Z</time>
      </trkpt>
      <trkpt lat="68.14407298" lon="18.41033592">
        <time>2028-04-09T13:11:13Z</time>
      </trkpt>
      <trkpt lat="68.14419628" lon="18.41028211">
        <time>2028-04-09T13:12:12Z</time>
      </trkpt>
      <trkpt lat="68.14438378" lon="18.41022536">
        <time>2028-04-09T13:13:40Z</time>
      </trkpt>
      <trkpt lat="68.14460557" lon="18.41023584">
        <time>2028-04-09T13:15:23Z</time>
      </trkpt>
      <trkpt lat="68.14477681" lon="18.4103448">
        <time>2028-04-09T13:16:45Z</time>
      </trkpt>
      <trkpt lat="68.1449416" lon="18.41051118">
        <time>2028-04-09T13:18:08Z</time>
      </trkpt>
      <trkpt lat="68.14513329" lon="18.4106945">
        <time>2028-04-09T13:19:43Z</time>
      </trkpt>
      <trkpt lat="68.14527403" lon="18.41087999">
        <time>2028-04-09T13:20:56Z</time>
      </trkpt>
      <trkpt lat="68.14543848" lon="18.41104285">
        <time>2028-04-09T13:22:18Z</time>
      </trkpt>
      <trkpt lat="68.14561056" lon="18.41127033">
        <time>2028-04-09T13:23:47Z</time>
      </trkpt>
      <trkpt lat="68.14577208" lon="18.41152892">
        <time>2028-04-09T13:25:15Z</time>
      </trkpt>
      <trkpt lat="68.14592756" lon="18.41177425">
        <time>2028-04-09T13:26:39Z</time>
      </trkpt>
      <trkpt lat="68.14607374" lon="18.41199629">
        <time>2028-04-09T13:27:58Z</time>
      </trkpt>
      <trkpt lat="68.14625379" lon="18.41226845">
        <time>2028-04-09T13:29:34Z</time>
      </trkpt>
      <trkpt lat="68.1463962" lon="18.41248579">
        <time>2028-04-09T13:30:50Z</time>
      </trkpt>
      <trkpt lat="68.14661672" lon="18.41277958">
        <time>2028-04-09T13:32:45Z</time>
      </trkpt>
      <trkpt lat="68.14682107" lon="18.41304596">
        <time>2028-04-09T13:34:31Z</time>
      </trkpt>
      <trkpt lat="68.14696239" lon="18.41322826">
        <time>2028-04-09T13:35:45Z</time>
      </trkpt>
      <trkpt lat="68.14707421" lon="18.41338819">
        <time>2028-04-09T13:36:44Z</time>
      </trkpt>
      <trkpt lat="68.14714571" lon="18.41350948">
        <time>2028-04-09T13:37:23Z</time>
      </trkpt>
      <trkpt lat="68.14720178" lon="18.41357477">
        <time>2028-04-09T13:37:52Z</time>
      </trkpt>
      <trkpt lat="68.14732642" lon="18.41375733">
        <time>2028-04-09T13:38:58Z</time>
      </trkpt>
      <trkpt lat="68.14744502" lon="18.41391575">
        <time>2028-04-09T13:40:00Z</time>
      </trkpt>
      <trkpt lat="68.14756614" lon="18.41400912">
        <time>2028-04-09T13:40:59Z</time>
      </trkpt>
      <trkpt lat="68.14771769" lon="18.41419771">
        <time>2028-04-09T13:42:17Z</time>
      </trkpt>
      <trkpt lat="68.14785582" lon="18.41436837">
        <time>2028-04-09T13:43:28Z</time>
      </trkpt>
      <trkpt lat="68.14788206" lon="18.41439687">
        <time>2028-04-09T13:43:41Z</time>
      </trkpt>
      <trkpt lat="68.14792522" lon="18.41445747">
        <time>2028-04-09T13:44:04Z</time>
      </trkpt>
      <trkpt lat="68.14805506" lon="18.41463022">
        <time>2028-04-09T13:45:11Z</time>
      </trkpt>
      <trkpt lat="68.14822437" lon="18.41484505">
        <time>2028-04-09T13:46:39Z</time>
      </trkpt>
      <trkpt lat="68.1484221" lon="18.4150991">
        <time>2028-04-09T13:48:21Z</time>
      </trkpt>
      <trkpt lat="68.14857876" lon="18.41531921">
        <time>2028-04-09T13:49:44Z</time>
      </trkpt>
      <trkpt lat="68.14872653" lon="18.41553991">
        <time>2028-04-09T13:51:03Z</time>
      </trkpt>
      <trkpt lat="68.14886986" lon="18.41572221">
        <time>2028-04-09T13:52:17Z</time>
      </trkpt>
      <trkpt lat="68.14904278" lon="18.41596018">
        <time>2028-04-09T13:53:47Z</time>
      </trkpt>
      <trkpt lat="68.14915108" lon="18.41613494">
        <time>2028-04-09T13:54:46Z</time>
      </trkpt>
      <trkpt lat="68.14919659" lon="18.4161859">
        <time>2028-04-09T13:55:09Z</time>
      </trkpt>
      <trkpt lat="68.14932617" lon="18.41636242">
        <time>2028-04-09T13:56:17Z</time>
      </trkpt>
      <trkpt lat="68.1495068" lon="18.41660726">
        <time>2028-04-09T13:57:52Z</time>
      </trkpt>
      <trkpt lat="68.14962658" lon="18.41676936">
        <time>2028-04-09T13:58:54Z</time>
      </trkpt>
      <trkpt lat="68.1498171" lon="18.41700817">
        <time>2028-04-09T14:00:33Z</time>
      </trkpt>
      <trkpt lat="68.15003679" lon="18.41729365">
        <time>2028-04-09T14:02:26Z</time>
      </trkpt>
      <trkpt lat="68.15020787" lon="18.41752809">
        <time>2028-04-09T14:03:56Z</time>
      </trkpt>
      <trkpt lat="68.15024047" lon="18.4175695">
        <time>2028-04-09T14:04:13Z</time>
      </trkpt>
      <trkpt lat="68.150245" lon="18.41757051">
        <time>2028-04-09T14:04:15Z</time>
      </trkpt>
      <trkpt lat="68.15031239" lon="18.41767687">
        <time>2028-04-09T14:04:52Z</time>
      </trkpt>
      <trkpt lat="68.15049411" lon="18.41794208">
        <time>2028-04-09T14:06:28Z</time>
      </trkpt>
      <trkpt lat="68.15068698" lon="18.41822983">
        <time>2028-04-09T14:08:11Z</time>
      </trkpt>
      <trkpt lat="68.15089694" lon="18.41851272">
        <time>2028-04-09T14:10:01Z</time>
      </trkpt>
      <trkpt lat="68.15116525" lon="18.41886803">
        <time>2028-04-09T14:12:20Z</time>
      </trkpt>
      <trkpt lat="68.15142207" lon="18.41922325">
        <time>2028-04-09T14:14:35Z</time>
      </trkpt>
      <trkpt lat="68.15166313" lon="18.41955526">
        <time>2028-04-09T14:16:42Z</time>
      </trkpt>
      <trkpt lat="68.15169834" lon="18.4196032">
        <time>2028-04-09T14:17:00Z</time>
      </trkpt>
      <trkpt lat="68.15170705" lon="18.41961142">
        <time>2028-04-09T14:17:05Z</time>
      </trkpt>
      <trkpt lat="68.15170638" lon="18.41960924">
        <time>2028-04-09T14:17:05Z</time>
      </trkpt>
      <trkpt lat="68.15170295" lon="18.41960756">
        <time>2028-04-09T14:17:07Z</time>
      </trkpt>
      <trkpt lat="68.15170253" lon="18.41960438">
        <time>2028-04-09T14:17:07Z</time>
      </trkpt>
      <trkpt lat="68.15170932" lon="18.41962265">
        <time>2028-04-09T14:17:12Z</time>
      </trkpt>
      <trkpt lat="68.15171175" lon="18.4196053">
        <time>2028-04-09T14:17:15Z</time>
      </trkpt>
      <trkpt lat="68.15169071" lon="18.41958988">
        <time>2028-04-09T14:17:25Z</time>
      </trkpt>
      <trkpt lat="68.15177369" lon="18.41970647">
        <time>2028-04-09T14:18:09Z</time>
      </trkpt>
      <trkpt lat="68.15190344" lon="18.41983412">
        <time>2028-04-09T14:19:13Z</time>
      </trkpt>
      <trkpt lat="68.15205281" lon="18.41988433">
        <time>2028-04-09T14:20:24Z</time>
      </trkpt>
      <trkpt lat="68.15215951" lon="18.4200492">
        <time>2028-04-09T14:21:21Z</time>
      </trkpt>
      <trkpt lat="68.1522699" lon="18.42020368">
        <time>2028-04-09T14:22:19Z</time>
      </trkpt>
      <trkpt lat="68.15229806" lon="18.42023176">
        <time>2028-04-09T14:22:33Z</time>
      </trkpt>
      <trkpt lat="68.15232505" lon="18.4202585">
        <time>2028-04-09T14:22:47Z</time>
      </trkpt>
      <trkpt lat="68.15241499" lon="18.42034659">
        <time>2028-04-09T14:23:31Z</time>
      </trkpt>
      <trkpt lat="68.15256033" lon="18.42052002">
        <time>2028-04-09T14:24:46Z</time>
      </trkpt>
      <trkpt lat="68.1526895" lon="18.42069939">
        <time>2028-04-09T14:25:54Z</time>
      </trkpt>
      <trkpt lat="68.15279838" lon="18.42084951">
        <time>2028-04-09T14:26:51Z</time>
      </trkpt>
      <trkpt lat="68.15293081" lon="18.42100675">
        <time>2028-04-09T14:27:58Z</time>
      </trkpt>
      <trkpt lat="68.15305905" lon="18.42116475">
        <time>2028-04-09T14:29:04Z</time>
      </trkpt>
      <trkpt lat="68.15319073" lon="18.42132065">
        <time>2028-04-09T14:30:11Z</time>
      </trkpt>
      <trkpt lat="68.15330188" lon="18.42148192">
        <time>2028-04-09T14:31:10Z</time>
      </trkpt>
      <trkpt lat="68.15343238" lon="18.42165157">
        <time>2028-04-09T14:32:18Z</time>
      </trkpt>
      <trkpt lat="68.15358602" lon="18.42185383">
        <time>2028-04-09T14:33:38Z</time>
      </trkpt>
      <trkpt lat="68.15372508" lon="18.42205994">
        <time>2028-04-09T14:34:52Z</time>
      </trkpt>
      <trkpt lat="68.15386917" lon="18.42226907">
        <time>2028-04-09T14:36:09Z</time>
      </trkpt>
      <trkpt lat="68.15402021" lon="18.42246143">
        <time>2028-04-09T14:37:27Z</time>
      </trkpt>
      <trkpt lat="68.15416253" lon="18.4226781">
        <time>2028-04-09T14:38:43Z</time>
      </trkpt>
      <trkpt lat="68.15427904" lon="18.42285144">
        <time>2028-04-09T14:39:45Z</time>
      </trkpt>
      <trkpt lat="68.15441072" lon="18.42299175">
        <time>2028-04-09T14:40:51Z</time>
      </trkpt>
      <trkpt lat="68.15451608" lon="18.42313659">
        <time>2028-04-09T14:41:47Z</time>
      </trkpt>
      <trkpt lat="68.15462865" lon="18.42327758">
        <time>2028-04-09T14:42:45Z</time>
      </trkpt>
      <trkpt lat="68.15473284" lon="18.42346726">
        <time>2028-04-09T14:43:43Z</time>
      </trkpt>
      <trkpt lat="68.15475672" lon="18.4234997">
        <time>2028-04-09T14:43:56Z</time>
      </trkpt>
      <trkpt lat="68.15484851" lon="18.4236323">
        <time>2028-04-09T14:44:44Z</time>
      </trkpt>
      <trkpt lat="68.15495554" lon="18.42379097">
        <time>2028-04-09T14:45:42Z</time>
      </trkpt>
      <trkpt lat="68.15505738" lon="18.42395542">
        <time>2028-04-09T14:46:37Z</time>
      </trkpt>
      <trkpt lat="68.15517884" lon="18.42411166">
        <time>2028-04-09T14:47:40Z</time>
      </trkpt>
      <trkpt lat="68.1552982" lon="18.42425818">
        <time>2028-04-09T14:48:41Z</time>
      </trkpt>
      <trkpt lat="68.15541177" lon="18.42439522">
        <time>2028-04-09T14:49:39Z</time>
      </trkpt>
      <trkpt lat="68.15552157" lon="18.42454861">
        <time>2028-04-09T14:50:37Z</time>
      </trkpt>
      <trkpt lat="68.15563934" lon="18.42468808">
        <time>2028-04-09T14:51:37Z</time>
      </trkpt>
      <trkpt lat="68.15575124" lon="18.42483192">
        <time>2028-04-09T14:52:35Z</time>
      </trkpt>
      <trkpt lat="68.15585517" lon="18.42497407">
        <time>2028-04-09T14:53:30Z</time>
      </trkpt>
      <trkpt lat="68.15597001" lon="18.4251304">
        <time>2028-04-09T14:54:30Z</time>
      </trkpt>
      <trkpt lat="68.15607629" lon="18.42529602">
        <time>2028-04-09T14:55:27Z</time>
      </trkpt>
      <trkpt lat="68.15618953" lon="18.42544782">
        <time>2028-04-09T14:56:26Z</time>
      </trkpt>
      <trkpt lat="68.15631132" lon="18.42558629">
        <time>2028-04-09T14:57:28Z</time>
      </trkpt>
      <trkpt lat="68.15642883" lon="18.42572149">
        <time>2028-04-09T14:58:27Z</time>
      </trkpt>
      <trkpt lat="68.15654433" lon="18.42584864">
        <time>2028-04-09T14:59:26Z</time>
      </trkpt>
      <trkpt lat="68.1566543" lon="18.42599415">
        <time>2028-04-09T15:00:23Z</time>
      </trkpt>
      <trkpt lat="68.15675648" lon="18.42613773">
        <time>2028-04-09T15:01:17Z</time>
      </trkpt>
      <trkpt lat="68.15685782" lon="18.42626975">
        <time>2028-04-09T15:02:09Z</time>
      </trkpt>
      <trkpt lat="68.15697684" lon="18.42644082">
        <time>2028-04-09T15:03:12Z</time>
      </trkpt>
      <trkpt lat="68.15708555" lon="18.4265896">
        <time>2028-04-09T15:04:09Z</time>
      </trkpt>
      <trkpt lat="68.1572096" lon="18.42676076">
        <time>2028-04-09T15:05:15Z</time>
      </trkpt>
      <trkpt lat="68.1573262" lon="18.4269025">
        <time>2028-04-09T15:06:14Z</time>
      </trkpt>
      <trkpt lat="68.15747204" lon="18.4270636">
        <time>2028-04-09T15:07:28Z</time>
      </trkpt>
      <trkpt lat="68.15747766" lon="18.42706762">
        <time>2028-04-09T15:07:31Z</time>
      </trkpt>
      <trkpt lat="68.15758729" lon="18.42719142">
        <time>2028-04-09T15:08:26Z</time>
      </trkpt>
      <trkpt lat="68.15771294" lon="18.42734599">
        <time>2028-04-09T15:09:31Z</time>
      </trkpt>
      <trkpt lat="68.15773901" lon="18.42737834">
        <time>2028-04-09T15:09:44Z</time>
      </trkpt>
      <trkpt lat="68.15776415" lon="18.4274138">
        <time>2028-04-09T15:09:57Z</time>
      </trkpt>
      <trkpt lat="68.15781377" lon="18.42748479">
        <time>2028-04-09T15:10:24Z</time>
      </trkpt>
      <trkpt lat="68.15782928" lon="18.42750843">
        <time>2028-04-09T15:10:32Z</time>
      </trkpt>
      <trkpt lat="68.15786893" lon="18.42756676">
        <time>2028-04-09T15:10:53Z</time>
      </trkpt>
      <trkpt lat="68.15797395" lon="18.42769006">
        <time>2028-04-09T15:11:47Z</time>
      </trkpt>
      <trkpt lat="68.15799926" lon="18.42771772">
        <time>2028-04-09T15:11:59Z</time>
      </trkpt>
      <trkpt lat="68.15809524" lon="18.42785468">
        <time>2028-04-09T15:12:50Z</time>
      </trkpt>
      <trkpt lat="68.15819758" lon="18.42799919">
        <time>2028-04-09T15:13:44Z</time>
      </trkpt>
      <trkpt lat="68.1583052" lon="18.42814604">
        <time>2028-04-09T15:14:40Z</time>
      </trkpt>
      <trkpt lat="68.15842121" lon="18.42830731">
        <time>2028-04-09T15:15:41Z</time>
      </trkpt>
      <trkpt lat="68.15855398" lon="18.42849305">
        <time>2028-04-09T15:16:51Z</time>
      </trkpt>
      <trkpt lat="68.15869329" lon="18.42867795">
        <time>2028-04-09T15:18:04Z</time>
      </trkpt>
      <trkpt lat="68.15870427" lon="18.42868986">
        <time>2028-04-09T15:18:09Z</time>
      </trkpt>
      <trkpt lat="68.15879169" lon="18.42881701">
        <time>2028-04-09T15:18:56Z</time>
      </trkpt>
      <trkpt lat="68.15878985" lon="18.428815">
        <time>2028-04-09T15:18:57Z</time>
      </trkpt>
      <trkpt lat="68.15878951" lon="18.42881542">
        <time>2028-04-09T15:18:57Z</time>
      </trkpt>
      <trkpt lat="68.15881172" lon="18.42883302">
        <time>2028-04-09T15:19:08Z</time>
      </trkpt>
      <trkpt lat="68.15880929" lon="18.42883897">
        <time>2028-04-09T15:19:09Z</time>
      </trkpt>
      <trkpt lat="68.15880795" lon="18.42883386">
        <time>2028-04-09T15:19:10Z</time>
      </trkpt>
      <trkpt lat="68.15880745" lon="18.42883671">
        <time>2028-04-09T15:19:11Z</time>
      </trkpt>
      <trkpt lat="68.15881281" lon="18.42882564">
        <time>2028-04-09T15:19:14Z</time>
      </trkpt>
      <trkpt lat="68.15879898" lon="18.42879119">
        <time>2028-04-09T15:19:23Z</time>
      </trkpt>
      <trkpt lat="68.1588678" lon="18.42890309">
        <time>2028-04-09T15:20:00Z</time>
      </trkpt>
      <trkpt lat="68.15908682" lon="18.42921507">
        <time>2028-04-09T15:21:56Z</time>
      </trkpt>
      <trkpt lat="68.15930475" lon="18.42948119">
        <time>2028-04-09T15:23:48Z</time>
      </trkpt>
      <trkpt lat="68.15953223" lon="18.4297707">
        <time>2028-04-09T15:25:45Z</time>
      </trkpt>
      <trkpt lat="68.15972351" lon="18.42999039">
        <time>2028-04-09T15:27:22Z</time>
      </trkpt>
      <trkpt lat="68.15996725" lon="18.43028502">
        <time>2028-04-09T15:29:27Z</time>
      </trkpt>
      <trkpt lat="68.16021033" lon="18.43064016">
        <time>2028-04-09T15:31:36Z</time>
      </trkpt>
      <trkpt lat="68.16048861" lon="18.43114701">
        <time>2028-04-09T15:34:13Z</time>
      </trkpt>
      <trkpt lat="68.1606772" lon="18.43150467">
        <time>2028-04-09T15:36:01Z</time>
      </trkpt>
      <trkpt lat="68.16089345" lon="18.43198629">
        <time>2028-04-09T15:38:12Z</time>
      </trkpt>
      <trkpt lat="68.16107919" lon="18.43239407">
        <time>2028-04-09T15:40:04Z</time>
      </trkpt>
      <trkpt lat="68.16126175" lon="18.43282239">
        <time>2028-04-09T15:41:57Z</time>
      </trkpt>
      <trkpt lat="68.16140483" lon="18.43314056">
        <time>2028-04-09T15:43:24Z</time>
      </trkpt>
      <trkpt lat="68.16156333" lon="18.43352403">
        <time>2028-04-09T15:45:04Z</time>
      </trkpt>
      <trkpt lat="68.16171245" lon="18.43383567">
        <time>2028-04-09T15:46:32Z</time>
      </trkpt>
      <trkpt lat="68.16185854" lon="18.43416114">
        <time>2028-04-09T15:48:00Z</time>
      </trkpt>
      <trkpt lat="68.16201596" lon="18.43451058">
        <time>2028-04-09T15:49:36Z</time>
      </trkpt>
      <trkpt lat="68.16218175" lon="18.43489707">
        <time>2028-04-09T15:51:18Z</time>
      </trkpt>
      <trkpt lat="68.16233011" lon="18.43520989">
        <time>2028-04-09T15:52:46Z</time>
      </trkpt>
      <trkpt lat="68.16247445" lon="18.43554198">
        <time>2028-04-09T15:54:15Z</time>
      </trkpt>
      <trkpt lat="68.16262532" lon="18.43587709">
        <time>2028-04-09T15:55:46Z</time>
      </trkpt>
      <trkpt lat="68.1627824" lon="18.43624866">
        <time>2028-04-09T15:57:24Z</time>
      </trkpt>
      <trkpt lat="68.1629207" lon="18.43653859">
        <time>2028-04-09T15:58:46Z</time>
      </trkpt>
      <trkpt lat="68.16309152" lon="18.43694134">
        <time>2028-04-09T16:00:32Z</time>
      </trkpt>
      <trkpt lat="68.16329696" lon="18.43734635">
        <time>2028-04-09T16:02:31Z</time>
      </trkpt>
      <trkpt lat="68.16348631" lon="18.43772689">
        <time>2028-04-09T16:04:21Z</time>
      </trkpt>
      <trkpt lat="68.16366652" lon="18.438148">
        <time>2028-04-09T16:06:13Z</time>
      </trkpt>
      <trkpt lat="68.16382888" lon="18.43846818">
        <time>2028-04-09T16:07:47Z</time>
      </trkpt>
      <trkpt lat="68.16398939" lon="18.43882919">
        <time>2028-04-09T16:09:25Z</time>
      </trkpt>
      <trkpt lat="68.16416156" lon="18.43922976">
        <time>2028-04-09T16:11:11Z</time>
      </trkpt>
      <trkpt lat="68.1643162" lon="18.43958432">
        <time>2028-04-09T16:12:46Z</time>
      </trkpt>
      <trkpt lat="68.16447864" lon="18.439946">
        <time>2028-04-09T16:14:24Z</time>
      </trkpt>
      <trkpt lat="68.16465508" lon="18.44034942">
        <time>2028-04-09T16:16:12Z</time>
      </trkpt>
      <trkpt lat="68.16480495" lon="18.44066634">
        <time>2028-04-09T16:17:41Z</time>
      </trkpt>
      <trkpt lat="68.16494585" lon="18.44098535">
        <time>2028-04-09T16:19:07Z</time>
      </trkpt>
      <trkpt lat="68.16510561" lon="18.44135441">
        <time>2028-04-09T16:20:46Z</time>
      </trkpt>
      <trkpt lat="68.16530267" lon="18.44182304">
        <time>2028-04-09T16:22:49Z</time>
      </trkpt>
      <trkpt lat="68.16549403" lon="18.44226519">
        <time>2028-04-09T16:24:46Z</time>
      </trkpt>
      <trkpt lat="68.16574942" lon="18.44282317">
        <time>2028-04-09T16:27:20Z</time>
      </trkpt>
      <trkpt lat="68.16600172" lon="18.44338526">
        <time>2028-04-09T16:29:53Z</time>
      </trkpt>
      <trkpt lat="68.16626935" lon="18.44381056">
        <time>2028-04-09T16:32:18Z</time>
      </trkpt>
      <trkpt lat="68.1662867" lon="18.44383998">
        <time>2028-04-09T16:32:28Z</time>
      </trkpt>
      <trkpt lat="68.16627597" lon="18.4438378">
        <time>2028-04-09T16:32:33Z</time>
      </trkpt>
      <trkpt lat="68.16628067" lon="18.44382523">
        <time>2028-04-09T16:32:36Z</time>
      </trkpt>
      <trkpt lat="68.16628151" lon="18.44382489">
        <time>2028-04-09T16:32:36Z</time>
      </trkpt>
      <trkpt lat="68.16628972" lon="18.44381978">
        <time>2028-04-09T16:32:40Z</time>
      </trkpt>
      <trkpt lat="68.1662898" lon="18.44381743">
        <time>2028-04-09T16:32:41Z</time>
      </trkpt>
      <trkpt lat="68.16635828" lon="18.44395372">
        <time>2028-04-09T16:33:20Z</time>
      </trkpt>
      <trkpt lat="68.16707619" lon="18.44511026">
        <time>2028-04-09T16:39:51Z</time>
      </trkpt>
      <trkpt lat="68.16731977" lon="18.44546364">
        <time>2028-04-09T16:42:00Z</time>
      </trkpt>
      <trkpt lat="68.16756955" lon="18.44574376">
        <time>2028-04-09T16:44:07Z</time>
      </trkpt>
      <trkpt lat="68.16782151" lon="18.4461155">
        <time>2028-04-09T16:46:21Z</time>
      </trkpt>
      <trkpt lat="68.16808286" lon="18.44643921">
        <time>2028-04-09T16:48:35Z</time>
      </trkpt>
      <trkpt lat="68.16808353" lon="18.44643753">
        <time>2028-04-09T16:48:36Z</time>
      </trkpt>
      <trkpt lat="68.16808026" lon="18.44643267">
        <time>2028-04-09T16:48:38Z</time>
      </trkpt>
      <trkpt lat="68.16807993" lon="18.44643217">
        <time>2028-04-09T16:48:38Z</time>
      </trkpt>
      <trkpt lat="68.16807976" lon="18.44643183">
        <time>2028-04-09T16:48:38Z</time>
      </trkpt>
      <trkpt lat="68.1680801" lon="18.44643049">
        <time>2028-04-09T16:48:38Z</time>
      </trkpt>
      <trkpt lat="68.16808043" lon="18.44642965">
        <time>2028-04-09T16:48:38Z</time>
      </trkpt>
      <trkpt lat="68.16807942" lon="18.44642496">
        <time>2028-04-09T16:48:39Z</time>
      </trkpt>
      <trkpt lat="68.16807901" lon="18.44642412">
        <time>2028-04-09T16:48:39Z</time>
      </trkpt>
      <trkpt lat="68.16807834" lon="18.44642772">
        <time>2028-04-09T16:48:40Z</time>
      </trkpt>
      <trkpt lat="68.16807574" lon="18.44642127">
        <time>2028-04-09T16:48:42Z</time>
      </trkpt>
      <trkpt lat="68.1680728" lon="18.44646159">
        <time>2028-04-09T16:48:49Z</time>
      </trkpt>
      <trkpt lat="68.16808563" lon="18.44644801">
        <time>2028-04-09T16:48:55Z</time>
      </trkpt>
      <trkpt lat="68.16809032" lon="18.44645128">
        <time>2028-04-09T16:48:58Z</time>
      </trkpt>
      <trkpt lat="68.16808412" lon="18.44646762">
        <time>2028-04-09T16:49:02Z</time>
      </trkpt>
      <trkpt lat="68.1680816" lon="18.44647047">
        <time>2028-04-09T16:49:03Z</time>
      </trkpt>
      <trkpt lat="68.16806367" lon="18.4464605">
        <time>2028-04-09T16:49:12Z</time>
      </trkpt>
      <trkpt lat="68.16843708" lon="18.4470997">
        <time>2028-04-09T16:52:38Z</time>
      </trkpt>
      <trkpt lat="68.16908265" lon="18.44799958">
        <time>2028-04-09T16:58:18Z</time>
      </trkpt>
      <trkpt lat="68.16964089" lon="18.44871582">
        <time>2028-04-09T17:03:07Z</time>
      </trkpt>
      <trkpt lat="68.17020491" lon="18.44960287">
        <time>2028-04-09T17:08:12Z</time>
      </trkpt>
      <trkpt lat="68.17083808" lon="18.45044844">
        <time>2028-04-09T17:13:42Z</time>
      </trkpt>
      <trkpt lat="68.17147552" lon="18.45136232">
        <time>2028-04-09T17:19:19Z</time>
      </trkpt>
      <trkpt lat="68.17190543" lon="18.45191309">
        <time>2028-04-09T17:23:01Z</time>
      </trkpt>
      <trkpt lat="68.17236199" lon="18.45256822">
        <time>2028-04-09T17:27:03Z</time>
      </trkpt>
      <trkpt lat="68.17286985" lon="18.45324489">
        <time>2028-04-09T17:31:28Z</time>
      </trkpt>
      <trkpt lat="68.17327444" lon="18.45379055">
        <time>2028-04-09T17:34:59Z</time>
      </trkpt>
      <trkpt lat="68.173859" lon="18.45430562">
        <time>2028-04-09T17:39:46Z</time>
      </trkpt>
      <trkpt lat="68.17437021" lon="18.45523551">
        <time>2028-04-09T17:44:34Z</time>
      </trkpt>
      <trkpt lat="68.17486147" lon="18.4557971">
        <time>2028-04-09T17:48:44Z</time>
      </trkpt>
      <trkpt lat="68.17535819" lon="18.45641434">
        <time>2028-04-09T17:52:59Z</time>
      </trkpt>
      <trkpt lat="68.17576714" lon="18.4567238">
        <time>2028-04-09T17:56:17Z</time>
      </trkpt>
      <trkpt lat="68.17612387" lon="18.45747457">
        <time>2028-04-09T17:59:49Z</time>
      </trkpt>
      <trkpt lat="68.17643903" lon="18.45789903">
        <time>2028-04-09T18:02:33Z</time>
      </trkpt>
      <trkpt lat="68.17699408" lon="18.4585322">
        <time>2028-04-09T18:07:15Z</time>
      </trkpt>
      <trkpt lat="68.17750613" lon="18.45929453">
        <time>2028-04-09T18:11:48Z</time>
      </trkpt>
      <trkpt lat="68.17804794" lon="18.45989845">
        <time>2028-04-09T18:16:22Z</time>
      </trkpt>
      <trkpt lat="68.17867281" lon="18.4607933">
        <time>2028-04-09T18:21:53Z</time>
      </trkpt>
      <trkpt lat="68.17890256" lon="18.46117778">
        <time>2028-04-09T18:23:59Z</time>
      </trkpt>
      <trkpt lat="68.17890055" lon="18.46117417">
        <time>2028-04-09T18:24:00Z</time>
      </trkpt>
      <trkpt lat="68.17890071" lon="18.46117459">
        <time>2028-04-09T18:24:00Z</time>
      </trkpt>
      <trkpt lat="68.1788987" lon="18.4611761">
        <time>2028-04-09T18:24:01Z</time>
      </trkpt>
      <trkpt lat="68.17889946" lon="18.46117803">
        <time>2028-04-09T18:24:02Z</time>
      </trkpt>
      <trkpt lat="68.17890859" lon="18.4611958">
        <time>2028-04-09T18:24:07Z</time>
      </trkpt>
      <trkpt lat="68.17891144" lon="18.46119613">
        <time>2028-04-09T18:24:08Z</time>
      </trkpt>
      <trkpt lat="68.17891396" lon="18.46118758">
        <time>2028-04-09T18:24:10Z</time>
      </trkpt>
      <trkpt lat="68.17891362" lon="18.46118901">
        <time>2028-04-09T18:24:10Z</time>
      </trkpt>
      <trkpt lat="68.17890373" lon="18.46117342">
        <time>2028-04-09T18:24:16Z</time>
      </trkpt>
      <trkpt lat="68.17888906" lon="18.46117996">
        <time>2028-04-09T18:24:23Z</time>
      </trkpt>
      <trkpt lat="68.17897447" lon="18.46132639">
        <time>2028-04-09T18:25:10Z</time>
      </trkpt>
      <trkpt lat="68.1790992" lon="18.4615206">
        <time>2028-04-09T18:26:17Z</time>
      </trkpt>
      <trkpt lat="68.17910481" lon="18.46152864">
        <time>2028-04-09T18:26:20Z</time>
      </trkpt>
      <trkpt lat="68.17922635" lon="18.46172445">
        <time>2028-04-09T18:27:26Z</time>
      </trkpt>
      <trkpt lat="68.17928025" lon="18.46182612">
        <time>2028-04-09T18:27:57Z</time>
      </trkpt>
      <trkpt lat="68.17938133" lon="18.46200868">
        <time>2028-04-09T18:28:54Z</time>
      </trkpt>
      <trkpt lat="68.17943615" lon="18.46206207">
        <time>2028-04-09T18:29:21Z</time>
      </trkpt>
      <trkpt lat="68.17956146" lon="18.46225653">
        <time>2028-04-09T18:30:29Z</time>
      </trkpt>
      <trkpt lat="68.1797239" lon="18.462438">
        <time>2028-04-09T18:31:51Z</time>
      </trkpt>
      <trkpt lat="68.17990445" lon="18.46270446">
        <time>2028-04-09T18:33:27Z</time>
      </trkpt>
      <trkpt lat="68.18005272" lon="18.46288718">
        <time>2028-04-09T18:34:43Z</time>
      </trkpt>
      <trkpt lat="68.18019748" lon="18.46305893">
        <time>2028-04-09T18:35:57Z</time>
      </trkpt>
      <trkpt lat="68.18032966" lon="18.46323176">
        <time>2028-04-09T18:37:06Z</time>
      </trkpt>
      <trkpt lat="68.18053611" lon="18.46355447">
        <time>2028-04-09T18:38:57Z</time>
      </trkpt>
      <trkpt lat="68.18067893" lon="18.46381858">
        <time>2028-04-09T18:40:18Z</time>
      </trkpt>
      <trkpt lat="68.18084029" lon="18.46425662">
        <time>2028-04-09T18:42:05Z</time>
      </trkpt>
      <trkpt lat="68.1810174" lon="18.46473439">
        <time>2028-04-09T18:44:02Z</time>
      </trkpt>
      <trkpt lat="68.18122049" lon="18.46532917">
        <time>2028-04-09T18:46:22Z</time>
      </trkpt>
      <trkpt lat="68.18135259" lon="18.46580576">
        <time>2028-04-09T18:48:06Z</time>
      </trkpt>
      <trkpt lat="68.18152215" lon="18.4663101">
        <time>2028-04-09T18:50:04Z</time>
      </trkpt>
      <trkpt lat="68.18169851" lon="18.46674093">
        <time>2028-04-09T18:51:55Z</time>
      </trkpt>
      <trkpt lat="68.1818353" lon="18.46710957">
        <time>2028-04-09T18:53:25Z</time>
      </trkpt>
      <trkpt lat="68.18197193" lon="18.46753981">
        <time>2028-04-09T18:55:03Z</time>
      </trkpt>
      <trkpt lat="68.18206815" lon="18.46781775">
        <time>2028-04-09T18:56:09Z</time>
      </trkpt>
      <trkpt lat="68.18209405" lon="18.46788271">
        <time>2028-04-09T18:56:26Z</time>
      </trkpt>
      <trkpt lat="68.18223411" lon="18.46827943">
        <time>2028-04-09T18:58:01Z</time>
      </trkpt>
      <trkpt lat="68.18235096" lon="18.46868034">
        <time>2028-04-09T18:59:29Z</time>
      </trkpt>
      <trkpt lat="68.1824875" lon="18.46919624">
        <time>2028-04-09T19:01:19Z</time>
      </trkpt>
      <trkpt lat="68.18252438" lon="18.46931728">
        <time>2028-04-09T19:01:46Z</time>
      </trkpt>
      <trkpt lat="68.18254961" lon="18.46937209">
        <time>2028-04-09T19:02:01Z</time>
      </trkpt>
      <trkpt lat="68.18261758" lon="18.46964249">
        <time>2028-04-09T19:02:58Z</time>
      </trkpt>
      <trkpt lat="68.1827102" lon="18.46999445">
        <time>2028-04-09T19:04:13Z</time>
      </trkpt>
      <trkpt lat="68.18278095" lon="18.47032545">
        <time>2028-04-09T19:05:19Z</time>
      </trkpt>
      <trkpt lat="68.18285337" lon="18.47075762">
        <time>2028-04-09T19:06:41Z</time>
      </trkpt>
      <trkpt lat="68.18285697" lon="18.47077682">
        <time>2028-04-09T19:06:45Z</time>
      </trkpt>
      <trkpt lat="68.18286678" lon="18.47081454">
        <time>2028-04-09T19:06:53Z</time>
      </trkpt>
      <trkpt lat="68.18286695" lon="18.47081177">
        <time>2028-04-09T19:06:54Z</time>
      </trkpt>
      <trkpt lat="68.18285731" lon="18.47080741">
        <time>2028-04-09T19:06:58Z</time>
      </trkpt>
      <trkpt lat="68.18286384" lon="18.47080984">
        <time>2028-04-09T19:07:01Z</time>
      </trkpt>
      <trkpt lat="68.18286552" lon="18.47081236">
        <time>2028-04-09T19:07:02Z</time>
      </trkpt>
      <trkpt lat="68.18287985" lon="18.47086089">
        <time>2028-04-09T19:07:13Z</time>
      </trkpt>
      <trkpt lat="68.1828796" lon="18.47084714">
        <time>2028-04-09T19:07:15Z</time>
      </trkpt>
      <trkpt lat="68.18289109" lon="18.47084748">
        <time>2028-04-09T19:07:21Z</time>
      </trkpt>
      <trkpt lat="68.18289134" lon="18.47084806">
        <time>2028-04-09T19:07:21Z</time>
      </trkpt>
      <trkpt lat="68.1828936" lon="18.47085494">
        <time>2028-04-09T19:07:22Z</time>
      </trkpt>
      <trkpt lat="68.18289821" lon="18.4708743">
        <time>2028-04-09T19:07:26Z</time>
      </trkpt>
      <trkpt lat="68.18291891" lon="18.47092174">
        <time>2028-04-09T19:07:39Z</time>
      </trkpt>
      <trkpt lat="68.18291506" lon="18.47089458">
        <time>2028-04-09T19:07:44Z</time>
      </trkpt>
      <trkpt lat="68.18291196" lon="18.47087321">
        <time>2028-04-09T19:07:48Z</time>
      </trkpt>
      <trkpt lat="68.18290441" lon="18.47084714">
        <time>2028-04-09T19:07:54Z</time>
      </trkpt>
      <trkpt lat="68.18289628" lon="18.47080071">
        <time>2028-04-09T19:08:03Z</time>
      </trkpt>
      <trkpt lat="68.18289544" lon="18.47080657">
        <time>2028-04-09T19:08:04Z</time>
      </trkpt>
      <trkpt lat="68.18289385" lon="18.47082543">
        <time>2028-04-09T19:08:07Z</time>
      </trkpt>
      <trkpt lat="68.18294892" lon="18.47103582">
        <time>2028-04-09T19:08:52Z</time>
      </trkpt>
      <trkpt lat="68.18318085" lon="18.47138165">
        <time>2028-04-09T19:10:56Z</time>
      </trkpt>
      <trkpt lat="68.1832992" lon="18.47158232">
        <time>2028-04-09T19:12:01Z</time>
      </trkpt>
      <trkpt lat="68.18344563" lon="18.47194123">
        <time>2028-04-09T19:13:34Z</time>
      </trkpt>
      <trkpt lat="68.18362065" lon="18.47248287">
        <time>2028-04-09T19:15:38Z</time>
      </trkpt>
      <trkpt lat="68.18383271" lon="18.47300129">
        <time>2028-04-09T19:17:52Z</time>
      </trkpt>
      <trkpt lat="68.18395777" lon="18.47346774">
        <time>2028-04-09T19:19:32Z</time>
      </trkpt>
      <trkpt lat="68.18408668" lon="18.47390964">
        <time>2028-04-09T19:21:09Z</time>
      </trkpt>
      <trkpt lat="68.18416891" lon="18.47420284">
        <time>2028-04-09T19:22:13Z</time>
      </trkpt>
      <trkpt lat="68.18428642" lon="18.47469192">
        <time>2028-04-09T19:23:54Z</time>
      </trkpt>
      <trkpt lat="68.18441642" lon="18.47518981">
        <time>2028-04-09T19:25:40Z</time>
      </trkpt>
      <trkpt lat="68.18454308" lon="18.47566045">
        <time>2028-04-09T19:27:20Z</time>
      </trkpt>
      <trkpt lat="68.18461751" lon="18.4759259">
        <time>2028-04-09T19:28:18Z</time>
      </trkpt>
      <trkpt lat="68.18474986" lon="18.47639294">
        <time>2028-04-09T19:30:00Z</time>
      </trkpt>
      <trkpt lat="68.18488372" lon="18.4769039">
        <time>2028-04-09T19:31:48Z</time>
      </trkpt>
      <trkpt lat="68.18500609" lon="18.47743372">
        <time>2028-04-09T19:33:37Z</time>
      </trkpt>
      <trkpt lat="68.18513308" lon="18.47790236">
        <time>2028-04-09T19:35:17Z</time>
      </trkpt>
      <trkpt lat="68.18524548" lon="18.47834861">
        <time>2028-04-09T19:36:51Z</time>
      </trkpt>
      <trkpt lat="68.18534279" lon="18.47875119">
        <time>2028-04-09T19:38:14Z</time>
      </trkpt>
      <trkpt lat="68.18547288" lon="18.47915419">
        <time>2028-04-09T19:39:47Z</time>
      </trkpt>
      <trkpt lat="68.18559735" lon="18.47955728">
        <time>2028-04-09T19:41:18Z</time>
      </trkpt>
      <trkpt lat="68.18573448" lon="18.48004737">
        <time>2028-04-09T19:43:04Z</time>
      </trkpt>
      <trkpt lat="68.18588225" lon="18.48064777">
        <time>2028-04-09T19:45:09Z</time>
      </trkpt>
      <trkpt lat="68.18603631" lon="18.48117683">
        <time>2028-04-09T19:47:06Z</time>
      </trkpt>
      <trkpt lat="68.1861695" lon="18.48164798">
        <time>2028-04-09T19:48:48Z</time>
      </trkpt>
      <trkpt lat="68.18626832" lon="18.48216799">
        <time>2028-04-09T19:50:30Z</time>
      </trkpt>
      <trkpt lat="68.18637318" lon="18.48296192">
        <time>2028-04-09T19:52:56Z</time>
      </trkpt>
      <trkpt lat="68.18647368" lon="18.48352251">
        <time>2028-04-09T19:54:44Z</time>
      </trkpt>
      <trkpt lat="68.18659279" lon="18.4840851">
        <time>2028-04-09T19:56:36Z</time>
      </trkpt>
      <trkpt lat="68.18667845" lon="18.48457712">
        <time>2028-04-09T19:58:11Z</time>
      </trkpt>
      <trkpt lat="68.18684164" lon="18.48509705">
        <time>2028-04-09T20:00:09Z</time>
      </trkpt>
      <trkpt lat="68.1868569" lon="18.48513342">
        <time>2028-04-09T20:00:18Z</time>
      </trkpt>
      <trkpt lat="68.18687542" lon="18.485176">
        <time>2028-04-09T20:00:30Z</time>
      </trkpt>
      <trkpt lat="68.18687609" lon="18.48518053">
        <time>2028-04-09T20:00:30Z</time>
      </trkpt>
      <trkpt lat="68.18694382" lon="18.48531447">
        <time>2028-04-09T20:01:10Z</time>
      </trkpt>
      <trkpt lat="68.18716041" lon="18.48562201">
        <time>2028-04-09T20:03:04Z</time>
      </trkpt>
      <trkpt lat="68.18732712" lon="18.48587036">
        <time>2028-04-09T20:04:33Z</time>
      </trkpt>
      <trkpt lat="68.18745964" lon="18.48598695">
        <time>2028-04-09T20:05:38Z</time>
      </trkpt>
      <trkpt lat="68.18758897" lon="18.48617496">
        <time>2028-04-09T20:06:47Z</time>
      </trkpt>
      <trkpt lat="68.18777321" lon="18.48642675">
        <time>2028-04-09T20:08:23Z</time>
      </trkpt>
      <trkpt lat="68.18790891" lon="18.48662532">
        <time>2028-04-09T20:09:35Z</time>
      </trkpt>
      <trkpt lat="68.18806255" lon="18.48687057">
        <time>2028-04-09T20:10:59Z</time>
      </trkpt>
      <trkpt lat="68.18823614" lon="18.48713762">
        <time>2028-04-09T20:12:32Z</time>
      </trkpt>
      <trkpt lat="68.18841292" lon="18.48738589">
        <time>2028-04-09T20:14:05Z</time>
      </trkpt>
      <trkpt lat="68.18856102" lon="18.48756091">
        <time>2028-04-09T20:15:21Z</time>
      </trkpt>
      <trkpt lat="68.18859296" lon="18.4876091">
        <time>2028-04-09T20:15:38Z</time>
      </trkpt>
      <trkpt lat="68.18867896" lon="18.48770172">
        <time>2028-04-09T20:16:21Z</time>
      </trkpt>
      <trkpt lat="68.18879681" lon="18.48787255">
        <time>2028-04-09T20:17:24Z</time>
      </trkpt>
      <trkpt lat="68.18897098" lon="18.488137">
        <time>2028-04-09T20:18:57Z</time>
      </trkpt>
      <trkpt lat="68.18915161" lon="18.48839348">
        <time>2028-04-09T20:20:32Z</time>
      </trkpt>
      <trkpt lat="68.18933048" lon="18.48873479">
        <time>2028-04-09T20:22:15Z</time>
      </trkpt>
      <trkpt lat="68.18942822" lon="18.48901483">
        <time>2028-04-09T20:23:21Z</time>
      </trkpt>
      <trkpt lat="68.189478" lon="18.48919471">
        <time>2028-04-09T20:24:00Z</time>
      </trkpt>
      <trkpt lat="68.18958077" lon="18.48956569">
        <time>2028-04-09T20:25:21Z</time>
      </trkpt>
      <trkpt lat="68.18970172" lon="18.48997213">
        <time>2028-04-09T20:26:51Z</time>
      </trkpt>
      <trkpt lat="68.18982761" lon="18.49037077">
        <time>2028-04-09T20:28:22Z</time>
      </trkpt>
      <trkpt lat="68.18994781" lon="18.49075257">
        <time>2028-04-09T20:29:48Z</time>
      </trkpt>
      <trkpt lat="68.19006415" lon="18.49117912">
        <time>2028-04-09T20:31:20Z</time>
      </trkpt>
      <trkpt lat="68.1901986" lon="18.49160937">
        <time>2028-04-09T20:32:58Z</time>
      </trkpt>
      <trkpt lat="68.19030647" lon="18.4919723">
        <time>2028-04-09T20:34:18Z</time>
      </trkpt>
      <trkpt lat="68.19045701" lon="18.49247631">
        <time>2028-04-09T20:36:11Z</time>
      </trkpt>
      <trkpt lat="68.19063756" lon="18.493071">
        <time>2028-04-09T20:38:24Z</time>
      </trkpt>
      <trkpt lat="68.19074132" lon="18.49342246">
        <time>2028-04-09T20:39:42Z</time>
      </trkpt>
      <trkpt lat="68.19074325" lon="18.49343176">
        <time>2028-04-09T20:39:44Z</time>
      </trkpt>
      <trkpt lat="68.19074367" lon="18.49343226">
        <time>2028-04-09T20:39:44Z</time>
      </trkpt>
      <trkpt lat="68.19074459" lon="18.49342966">
        <time>2028-04-09T20:39:44Z</time>
      </trkpt>
      <trkpt lat="68.19074837" lon="18.49344073">
        <time>2028-04-09T20:39:47Z</time>
      </trkpt>
      <trkpt lat="68.19074862" lon="18.49344106">
        <time>2028-04-09T20:39:47Z</time>
      </trkpt>
      <trkpt lat="68.19084442" lon="18.4936854">
        <time>2028-04-09T20:40:49Z</time>
      </trkpt>
      <trkpt lat="68.1910559" lon="18.49430415">
        <time>2028-04-09T20:43:15Z</time>
      </trkpt>
      <trkpt lat="68.19122605" lon="18.49483581">
        <time>2028-04-09T20:45:16Z</time>
      </trkpt>
      <trkpt lat="68.1913869" lon="18.49540503">
        <time>2028-04-09T20:47:20Z</time>
      </trkpt>
      <trkpt lat="68.19151741" lon="18.49582328">
        <time>2028-04-09T20:48:55Z</time>
      </trkpt>
      <trkpt lat="68.19166208" lon="18.49627834">
        <time>2028-04-09T20:50:39Z</time>
      </trkpt>
      <trkpt lat="68.19178806" lon="18.49671537">
        <time>2028-04-09T20:52:15Z</time>
      </trkpt>
      <trkpt lat="68.19191261" lon="18.49710236">
        <time>2028-04-09T20:53:44Z</time>
      </trkpt>
      <trkpt lat="68.19200741" lon="18.49739933">
        <time>2028-04-09T20:54:52Z</time>
      </trkpt>
      <trkpt lat="68.19215971" lon="18.49790552">
        <time>2028-04-09T20:56:45Z</time>
      </trkpt>
      <trkpt lat="68.19232131" lon="18.49843768">
        <time>2028-04-09T20:58:44Z</time>
      </trkpt>
      <trkpt lat="68.19245283" lon="18.49895728">
        <time>2028-04-09T21:00:33Z</time>
      </trkpt>
      <trkpt lat="68.19258752" lon="18.4994379">
        <time>2028-04-09T21:02:17Z</time>
      </trkpt>
      <trkpt lat="68.19273186" lon="18.49989748">
        <time>2028-04-09T21:04:02Z</time>
      </trkpt>
      <trkpt lat="68.19276011" lon="18.50002119">
        <time>2028-04-09T21:04:27Z</time>
      </trkpt>
      <trkpt lat="68.19276832" lon="18.50006101">
        <time>2028-04-09T21:04:35Z</time>
      </trkpt>
      <trkpt lat="68.19287519" lon="18.50045127">
        <time>2028-04-09T21:05:59Z</time>
      </trkpt>
      <trkpt lat="68.19303042" lon="18.50093884">
        <time>2028-04-09T21:07:50Z</time>
      </trkpt>
      <trkpt lat="68.19320326" lon="18.50149238">
        <time>2028-04-09T21:09:56Z</time>
      </trkpt>
      <trkpt lat="68.19340191" lon="18.50208197">
        <time>2028-04-09T21:12:14Z</time>
      </trkpt>
      <trkpt lat="68.19355588" lon="18.5026319">
        <time>2028-04-09T21:14:13Z</time>
      </trkpt>
      <trkpt lat="68.19356427" lon="18.5026423">
        <time>2028-04-09T21:14:18Z</time>
      </trkpt>
      <trkpt lat="68.1936884" lon="18.50306818">
        <time>2028-04-09T21:15:51Z</time>
      </trkpt>
      <trkpt lat="68.19379611" lon="18.50348426">
        <time>2028-04-09T21:17:19Z</time>
      </trkpt>
      <trkpt lat="68.19390818" lon="18.50391668">
        <time>2028-04-09T21:18:51Z</time>
      </trkpt>
      <trkpt lat="68.19396551" lon="18.50415154">
        <time>2028-04-09T21:19:40Z</time>
      </trkpt>
      <trkpt lat="68.19404589" lon="18.50450509">
        <time>2028-04-09T21:20:52Z</time>
      </trkpt>
      <trkpt lat="68.19410071" lon="18.50475672">
        <time>2028-04-09T21:21:42Z</time>
      </trkpt>
      <trkpt lat="68.19419903" lon="18.50508462">
        <time>2028-04-09T21:22:55Z</time>
      </trkpt>
      <trkpt lat="68.19421319" lon="18.50512284">
        <time>2028-04-09T21:23:05Z</time>
      </trkpt>
      <trkpt lat="68.19427388" lon="18.50535099">
        <time>2028-04-09T21:23:53Z</time>
      </trkpt>
      <trkpt lat="68.19427463" lon="18.50534915">
        <time>2028-04-09T21:23:54Z</time>
      </trkpt>
      <trkpt lat="68.19427463" lon="18.5053494">
        <time>2028-04-09T21:23:54Z</time>
      </trkpt>
      <trkpt lat="68.19427539" lon="18.5053499">
        <time>2028-04-09T21:23:54Z</time>
      </trkpt>
      <trkpt lat="68.19427304" lon="18.50534638">
        <time>2028-04-09T21:23:55Z</time>
      </trkpt>
      <trkpt lat="68.19427287" lon="18.50533314">
        <time>2028-04-09T21:23:58Z</time>
      </trkpt>
      <trkpt lat="68.194281" lon="18.50533607">
        <time>2028-04-09T21:24:01Z</time>
      </trkpt>
      <trkpt lat="68.1943349" lon="18.50548586">
        <time>2028-04-09T21:24:38Z</time>
      </trkpt>
      <trkpt lat="68.19433498" lon="18.50548821">
        <time>2028-04-09T21:24:38Z</time>
      </trkpt>
      <trkpt lat="68.19433758" lon="18.50546725">
        <time>2028-04-09T21:24:42Z</time>
      </trkpt>
      <trkpt lat="68.19430548" lon="18.50535301">
        <time>2028-04-09T21:25:07Z</time>
      </trkpt>
      <trkpt lat="68.19430112" lon="18.50537178">
        <time>2028-04-09T21:25:11Z</time>
      </trkpt>
      <trkpt lat="68.19430606" lon="18.50537103">
        <time>2028-04-09T21:25:13Z</time>
      </trkpt>
      <trkpt lat="68.19431151" lon="18.50537153">
        <time>2028-04-09T21:25:15Z</time>
      </trkpt>
      <trkpt lat="68.19431101" lon="18.50537295">
        <time>2028-04-09T21:25:16Z</time>
      </trkpt>
      <trkpt lat="68.19431151" lon="18.5053665">
        <time>2028-04-09T21:25:17Z</time>
      </trkpt>
      <trkpt lat="68.19431126" lon="18.50536264">
        <time>2028-04-09T21:25:18Z</time>
      </trkpt>
      <trkpt lat="68.194309" lon="18.50534915">
        <time>2028-04-09T21:25:20Z</time>
      </trkpt>
      <trkpt lat="68.19432501" lon="18.50536273">
        <time>2028-04-09T21:25:28Z</time>
      </trkpt>
      <trkpt lat="68.19654093" lon="18.51231627">
        <time>2028-04-09T21:51:57Z</time>
      </trkpt>
      <trkpt lat="68.1969721" lon="18.51374078">
        <time>2028-04-09T21:57:16Z</time>
      </trkpt>
      <trkpt lat="68.19734895" lon="18.51488315">
        <time>2028-04-09T22:01:41Z</time>
      </trkpt>
      <trkpt lat="68.19778891" lon="18.51615233">
        <time>2028-04-09T22:06:42Z</time>
      </trkpt>
      <trkpt lat="68.19817708" lon="18.51746921">
        <time>2028-04-09T22:11:33Z</time>
      </trkpt>
      <trkpt lat="68.19854295" lon="18.51882884">
        <time>2028-04-09T22:16:24Z</time>
      </trkpt>
      <trkpt lat="68.19896456" lon="18.52031512">
        <time>2028-04-09T22:21:49Z</time>
      </trkpt>
      <trkpt lat="68.19945792" lon="18.52170451">
        <time>2028-04-09T22:27:22Z</time>
      </trkpt>
      <trkpt lat="68.19972044" lon="18.52253834">
        <time>2028-04-09T22:30:32Z</time>
      </trkpt>
      <trkpt lat="68.19988741" lon="18.52310588">
        <time>2028-04-09T22:32:37Z</time>
      </trkpt>
      <trkpt lat="68.20005731" lon="18.52367132">
        <time>2028-04-09T22:34:43Z</time>
      </trkpt>
      <trkpt lat="68.20021698" lon="18.52427884">
        <time>2028-04-09T22:36:52Z</time>
      </trkpt>
      <trkpt lat="68.20039133" lon="18.52485836">
        <time>2028-04-09T22:39:02Z</time>
      </trkpt>
      <trkpt lat="68.20056433" lon="18.52541668">
        <time>2028-04-09T22:41:08Z</time>
      </trkpt>
      <trkpt lat="68.23604593" lon="18.60206173">
        <time>2028-04-10T04:35:00Z</time>
      </trkpt>
      <trkpt lat="68.23607904" lon="18.60207531">
        <time>2028-04-10T04:35:16Z</time>
      </trkpt>
      <trkpt lat="68.23607971" lon="18.60207221">
        <time>2028-04-10T04:35:17Z</time>
      </trkpt>
      <trkpt lat="68.23609019" lon="18.60206215">
        <time>2028-04-10T04:35:22Z</time>
      </trkpt>
      <trkpt lat="68.23612045" lon="18.60201688">
        <time>2028-04-10T04:35:38Z</time>
      </trkpt>
      <trkpt lat="68.2361124" lon="18.60201932">
        <time>2028-04-10T04:35:42Z</time>
      </trkpt>
      <trkpt lat="68.23610519" lon="18.60202376">
        <time>2028-04-10T04:35:45Z</time>
      </trkpt>
      <trkpt lat="68.23642479" lon="18.60199585">
        <time>2028-04-10T04:38:15Z</time>
      </trkpt>
      <trkpt lat="68.23677608" lon="18.60239759">
        <time>2028-04-10T04:41:13Z</time>
      </trkpt>
      <trkpt lat="68.23718369" lon="18.60231469">
        <time>2028-04-10T04:44:24Z</time>
      </trkpt>
      <trkpt lat="68.23766498" lon="18.6027135">
        <time>2028-04-10T04:48:19Z</time>
      </trkpt>
      <trkpt lat="68.23812489" lon="18.60233464">
        <time>2028-04-10T04:52:03Z</time>
      </trkpt>
      <trkpt lat="68.23855673" lon="18.60270437">
        <time>2028-04-10T04:55:35Z</time>
      </trkpt>
      <trkpt lat="68.23907423" lon="18.60307217">
        <time>2028-04-10T04:59:45Z</time>
      </trkpt>
      <trkpt lat="68.23949927" lon="18.6030663">
        <time>2028-04-10T05:03:03Z</time>
      </trkpt>
      <trkpt lat="68.23985861" lon="18.60332354">
        <time>2028-04-10T05:05:57Z</time>
      </trkpt>
      <trkpt lat="68.24012817" lon="18.60346486">
        <time>2028-04-10T05:08:05Z</time>
      </trkpt>
      <trkpt lat="68.24038784" lon="18.60378245">
        <time>2028-04-10T05:10:18Z</time>
      </trkpt>
      <trkpt lat="68.24096443" lon="18.60411228">
        <time>2028-04-10T05:14:53Z</time>
      </trkpt>
      <trkpt lat="68.2415049" lon="18.60426684">
        <time>2028-04-10T05:19:07Z</time>
      </trkpt>
      <trkpt lat="68.24184981" lon="18.6041624">
        <time>2028-04-10T05:21:49Z</time>
      </trkpt>
      <trkpt lat="68.24245398" lon="18.60393768">
        <time>2028-04-10T05:26:34Z</time>
      </trkpt>
      <trkpt lat="68.24282756" lon="18.60398102">
        <time>2028-04-10T05:29:28Z</time>
      </trkpt>
      <trkpt lat="68.24334799" lon="18.60366728">
        <time>2028-04-10T05:33:37Z</time>
      </trkpt>
      <trkpt lat="68.2438214" lon="18.60354801">
        <time>2028-04-10T05:37:19Z</time>
      </trkpt>
      <trkpt lat="68.24435768" lon="18.6032129">
        <time>2028-04-10T05:41:36Z</time>
      </trkpt>
      <trkpt lat="68.24473268" lon="18.60296002">
        <time>2028-04-10T05:44:37Z</time>
      </trkpt>
      <trkpt lat="68.2449952" lon="18.60274997">
        <time>2028-04-10T05:46:45Z</time>
      </trkpt>
      <trkpt lat="68.24462506" lon="18.60268123">
        <time>2028-04-10T05:49:38Z</time>
      </trkpt>
      <trkpt lat="68.24489848" lon="18.60255031">
        <time>2028-04-10T05:51:48Z</time>
      </trkpt>
      <trkpt lat="68.24547842" lon="18.60237152">
        <time>2028-04-10T05:56:20Z</time>
      </trkpt>
      <trkpt lat="68.24593096" lon="18.60207388">
        <time>2028-04-10T05:59:58Z</time>
      </trkpt>
      <trkpt lat="68.24639934" lon="18.60196718">
        <time>2028-04-10T06:03:37Z</time>
      </trkpt>
      <trkpt lat="68.24696663" lon="18.60161623">
        <time>2028-04-10T06:08:09Z</time>
      </trkpt>
      <trkpt lat="68.24809701" lon="18.60089044">
        <time>2028-04-10T06:17:11Z</time>
      </trkpt>
      <trkpt lat="68.24837227" lon="18.60096848">
        <time>2028-04-10T06:19:21Z</time>
      </trkpt>
      <trkpt lat="68.24868995" lon="18.6011243">
        <time>2028-04-10T06:21:51Z</time>
      </trkpt>
      <trkpt lat="68.24896638" lon="18.60073579">
        <time>2028-04-10T06:24:17Z</time>
      </trkpt>
      <trkpt lat="68.24945874" lon="18.60034394">
        <time>2028-04-10T06:28:17Z</time>
      </trkpt>
      <trkpt lat="68.25004589" lon="18.60005409">
        <time>2028-04-10T06:32:55Z</time>
      </trkpt>
      <trkpt lat="68.25055006" lon="18.59965688">
        <time>2028-04-10T06:37:01Z</time>
      </trkpt>
      <trkpt lat="68.25085022" lon="18.59938505">
        <time>2028-04-10T06:39:28Z</time>
      </trkpt>
      <trkpt lat="68.25157952" lon="18.59843479">
        <time>2028-04-10T06:45:47Z</time>
      </trkpt>
      <trkpt lat="68.25207355" lon="18.59794194">
        <time>2028-04-10T06:49:53Z</time>
      </trkpt>
      <trkpt lat="68.25254252" lon="18.59727499">
        <time>2028-04-10T06:54:00Z</time>
      </trkpt>
      <trkpt lat="68.25276112" lon="18.59683444">
        <time>2028-04-10T06:56:07Z</time>
      </trkpt>
      <trkpt lat="68.25305935" lon="18.59697651">
        <time>2028-04-10T06:58:29Z</time>
      </trkpt>
      <trkpt lat="68.25280203" lon="18.59662372">
        <time>2028-04-10T07:00:44Z</time>
      </trkpt>
      <trkpt lat="68.25255543" lon="18.5963104">
        <time>2028-04-10T07:02:51Z</time>
      </trkpt>
      <trkpt lat="68.2529565" lon="18.59583322">
        <time>2028-04-10T07:06:16Z</time>
      </trkpt>
      <trkpt lat="68.25253741" lon="18.59624293">
        <time>2028-04-10T07:09:44Z</time>
      </trkpt>
      <trkpt lat="68.25310813" lon="18.59557455">
        <time>2028-04-10T07:14:34Z</time>
      </trkpt>
      <trkpt lat="68.25341206" lon="18.59517591">
        <time>2028-04-10T07:17:12Z</time>
      </trkpt>
      <trkpt lat="68.25378086" lon="18.59542628">
        <time>2028-04-10T07:20:09Z</time>
      </trkpt>
      <trkpt lat="68.25398874" lon="18.59391242">
        <time>2028-04-10T07:24:49Z</time>
      </trkpt>
      <trkpt lat="68.25423013" lon="18.5927631">
        <time>2028-04-10T07:28:37Z</time>
      </trkpt>
      <trkpt lat="68.25488166" lon="18.59317021">
        <time>2028-04-10T07:33:50Z</time>
      </trkpt>
      <trkpt lat="68.2553238" lon="18.59200235">
        <time>2028-04-10T07:38:38Z</time>
      </trkpt>
      <trkpt lat="68.2557636" lon="18.59079653">
        <time>2028-04-10T07:43:31Z</time>
      </trkpt>
      <trkpt lat="68.25594926" lon="18.59022573">
        <time>2028-04-10T07:45:43Z</time>
      </trkpt>
      <trkpt lat="68.25629518" lon="18.58902317">
        <time>2028-04-10T07:50:06Z</time>
      </trkpt>
      <trkpt lat="68.25673322" lon="18.58862705">
        <time>2028-04-10T07:53:42Z</time>
      </trkpt>
      <trkpt lat="68.25694528" lon="18.58807493">
        <time>2028-04-10T07:55:59Z</time>
      </trkpt>
      <trkpt lat="68.25719758" lon="18.58782305">
        <time>2028-04-10T07:58:05Z</time>
      </trkpt>
      <trkpt lat="68.2574689" lon="18.58677599">
        <time>2028-04-10T08:01:46Z</time>
      </trkpt>
      <trkpt lat="68.25772866" lon="18.58714311">
        <time>2028-04-10T08:04:03Z</time>
      </trkpt>
      <trkpt lat="68.25770477" lon="18.58615304">
        <time>2028-04-10T08:06:54Z</time>
      </trkpt>
      <trkpt lat="68.25803317" lon="18.58588826">
        <time>2028-04-10T08:09:34Z</time>
      </trkpt>
      <trkpt lat="68.25852619" lon="18.58649712">
        <time>2028-04-10T08:13:47Z</time>
      </trkpt>
      <trkpt lat="68.25876424" lon="18.58562909">
        <time>2028-04-10T08:16:54Z</time>
      </trkpt>
      <trkpt lat="68.25905853" lon="18.5856306">
        <time>2028-04-10T08:19:12Z</time>
      </trkpt>
      <trkpt lat="68.25938903" lon="18.58522542">
        <time>2028-04-10T08:22:01Z</time>
      </trkpt>
      <trkpt lat="68.25963235" lon="18.58473768">
        <time>2028-04-10T08:24:23Z</time>
      </trkpt>
      <trkpt lat="68.2600434" lon="18.58420492">
        <time>2028-04-10T08:27:56Z</time>
      </trkpt>
      <trkpt lat="68.26022185" lon="18.58365331">
        <time>2028-04-10T08:30:02Z</time>
      </trkpt>
      <trkpt lat="68.26078361" lon="18.5814917">
        <time>2028-04-10T08:37:39Z</time>
      </trkpt>
      <trkpt lat="68.26064489" lon="18.58249669">
        <time>2028-04-10T08:40:44Z</time>
      </trkpt>
      <trkpt lat="68.26062134" lon="18.5817714">
        <time>2028-04-10T08:42:50Z</time>
      </trkpt>
      <trkpt lat="68.26068646" lon="18.58100622">
        <time>2028-04-10T08:45:06Z</time>
      </trkpt>
      <trkpt lat="68.2606495" lon="18.58007055">
        <time>2028-04-10T08:47:49Z</time>
      </trkpt>
      <trkpt lat="68.26048588" lon="18.57901912">
        <time>2028-04-10T08:51:06Z</time>
      </trkpt>
      <trkpt lat="68.26027332" lon="18.57803366">
        <time>2028-04-10T08:54:23Z</time>
      </trkpt>
      <trkpt lat="68.25998708" lon="18.57695005">
        <time>2028-04-10T08:58:13Z</time>
      </trkpt>
      <trkpt lat="68.25999856" lon="18.57595319">
        <time>2028-04-10T09:01:06Z</time>
      </trkpt>
      <trkpt lat="68.26006293" lon="18.57523369">
        <time>2028-04-10T09:03:14Z</time>
      </trkpt>
      <trkpt lat="68.26020082" lon="18.57460856">
        <time>2028-04-10T09:05:20Z</time>
      </trkpt>
      <trkpt lat="68.26042562" lon="18.5739355">
        <time>2028-04-10T09:07:57Z</time>
      </trkpt>
      <trkpt lat="68.26066274" lon="18.57357432">
        <time>2028-04-10T09:10:04Z</time>
      </trkpt>
      <trkpt lat="68.26111277" lon="18.572714">
        <time>2028-04-10T09:14:21Z</time>
      </trkpt>
      <trkpt lat="68.26153169" lon="18.57219282">
        <time>2028-04-10T09:17:56Z</time>
      </trkpt>
      <trkpt lat="68.26201198" lon="18.57143534">
        <time>2028-04-10T09:22:16Z</time>
      </trkpt>
      <trkpt lat="68.26237835" lon="18.57099831">
        <time>2028-04-10T09:25:23Z</time>
      </trkpt>
      <trkpt lat="68.26278018" lon="18.57045885">
        <time>2028-04-10T09:28:53Z</time>
      </trkpt>
      <trkpt lat="68.26321579" lon="18.56987916">
        <time>2028-04-10T09:32:39Z</time>
      </trkpt>
      <trkpt lat="68.26360278" lon="18.56924306">
        <time>2028-04-10T09:36:11Z</time>
      </trkpt>
      <trkpt lat="68.26398332" lon="18.56872614">
        <time>2028-04-10T09:39:30Z</time>
      </trkpt>
      <trkpt lat="68.26441163" lon="18.5682011">
        <time>2028-04-10T09:43:10Z</time>
      </trkpt>
      <trkpt lat="68.2649863" lon="18.5679597">
        <time>2028-04-10T09:47:41Z</time>
      </trkpt>
      <trkpt lat="68.26524857" lon="18.56818015">
        <time>2028-04-10T09:49:49Z</time>
      </trkpt>
      <trkpt lat="68.26551327" lon="18.5684042">
        <time>2028-04-10T09:51:59Z</time>
      </trkpt>
      <trkpt lat="68.26576992" lon="18.56866186">
        <time>2028-04-10T09:54:07Z</time>
      </trkpt>
      <trkpt lat="68.26583723" lon="18.56858533">
        <time>2028-04-10T09:54:41Z</time>
      </trkpt>
      <trkpt lat="68.26583815" lon="18.56858457">
        <time>2028-04-10T09:54:41Z</time>
      </trkpt>
      <trkpt lat="68.26588081" lon="18.56864224">
        <time>2028-04-10T09:55:04Z</time>
      </trkpt>
      <trkpt lat="68.26590571" lon="18.56865783">
        <time>2028-04-10T09:55:15Z</time>
      </trkpt>
      <trkpt lat="68.26579884" lon="18.56869019">
        <time>2028-04-10T09:56:06Z</time>
      </trkpt>
      <trkpt lat="68.26580093" lon="18.56869756">
        <time>2028-04-10T09:56:07Z</time>
      </trkpt>
      <trkpt lat="68.26623268" lon="18.56936853">
        <time>2028-04-10T10:00:00Z</time>
      </trkpt>
      <trkpt lat="68.26678329" lon="18.57060025">
        <time>2028-04-10T10:05:34Z</time>
      </trkpt>
      <trkpt lat="68.26723197" lon="18.57112228">
        <time>2028-04-10T10:09:22Z</time>
      </trkpt>
      <trkpt lat="68.26766968" lon="18.57111691">
        <time>2028-04-10T10:12:46Z</time>
      </trkpt>
      <trkpt lat="68.26816957" lon="18.57071911">
        <time>2028-04-10T10:16:50Z</time>
      </trkpt>
      <trkpt lat="68.26869009" lon="18.57065767">
        <time>2028-04-10T10:20:53Z</time>
      </trkpt>
      <trkpt lat="68.26924019" lon="18.57027395">
        <time>2028-04-10T10:25:18Z</time>
      </trkpt>
      <trkpt lat="68.26970631" lon="18.56997052">
        <time>2028-04-10T10:29:02Z</time>
      </trkpt>
      <trkpt lat="68.27028735" lon="18.57006809">
        <time>2028-04-10T10:33:34Z</time>
      </trkpt>
      <trkpt lat="68.27078967" lon="18.570255">
        <time>2028-04-10T10:37:31Z</time>
      </trkpt>
      <trkpt lat="68.27138772" lon="18.5705762">
        <time>2028-04-10T10:42:15Z</time>
      </trkpt>
      <trkpt lat="68.27193816" lon="18.57060269">
        <time>2028-04-10T10:46:32Z</time>
      </trkpt>
      <trkpt lat="68.27243362" lon="18.57058542">
        <time>2028-04-10T10:50:24Z</time>
      </trkpt>
      <trkpt lat="68.2728678" lon="18.57079689">
        <time>2028-04-10T10:53:50Z</time>
      </trkpt>
      <trkpt lat="68.27347884" lon="18.57106268">
        <time>2028-04-10T10:58:39Z</time>
      </trkpt>
      <trkpt lat="68.27400254" lon="18.5712926">
        <time>2028-04-10T11:02:46Z</time>
      </trkpt>
      <trkpt lat="68.27450034" lon="18.57171035">
        <time>2028-04-10T11:06:50Z</time>
      </trkpt>
      <trkpt lat="68.27497845" lon="18.57197698">
        <time>2028-04-10T11:10:38Z</time>
      </trkpt>
      <trkpt lat="68.27569074" lon="18.57157675">
        <time>2028-04-10T11:16:17Z</time>
      </trkpt>
      <trkpt lat="68.2763343" lon="18.57155177">
        <time>2028-04-10T11:21:18Z</time>
      </trkpt>
      <trkpt lat="68.27682339" lon="18.57175612">
        <time>2028-04-10T11:25:09Z</time>
      </trkpt>
      <trkpt lat="68.27733108" lon="18.5717531">
        <time>2028-04-10T11:29:06Z</time>
      </trkpt>
      <trkpt lat="68.27807497" lon="18.57161698">
        <time>2028-04-10T11:34:54Z</time>
      </trkpt>
      <trkpt lat="68.27877201" lon="18.57181052">
        <time>2028-04-10T11:40:21Z</time>
      </trkpt>
      <trkpt lat="68.27927115" lon="18.57236615">
        <time>2028-04-10T11:44:34Z</time>
      </trkpt>
      <trkpt lat="68.2795035" lon="18.57274652">
        <time>2028-04-10T11:46:40Z</time>
      </trkpt>
      <trkpt lat="68.27970726" lon="18.57325497">
        <time>2028-04-10T11:48:50Z</time>
      </trkpt>
      <trkpt lat="68.27990935" lon="18.57377959">
        <time>2028-04-10T11:51:01Z</time>
      </trkpt>
      <trkpt lat="68.28009618" lon="18.57431419">
        <time>2028-04-10T11:53:08Z</time>
      </trkpt>
      <trkpt lat="68.28026525" lon="18.57488458">
        <time>2028-04-10T11:55:14Z</time>
      </trkpt>
      <trkpt lat="68.28043372" lon="18.57547081">
        <time>2028-04-10T11:57:22Z</time>
      </trkpt>
      <trkpt lat="68.28047614" lon="18.575647">
        <time>2028-04-10T11:57:59Z</time>
      </trkpt>
      <trkpt lat="68.28047714" lon="18.57565085">
        <time>2028-04-10T11:57:59Z</time>
      </trkpt>
      <trkpt lat="68.28047773" lon="18.57565639">
        <time>2028-04-10T11:58:00Z</time>
      </trkpt>
      <trkpt lat="68.28047781" lon="18.57565664">
        <time>2028-04-10T11:58:00Z</time>
      </trkpt>
      <trkpt lat="68.28047773" lon="18.5756558">
        <time>2028-04-10T11:58:01Z</time>
      </trkpt>
      <trkpt lat="68.28047756" lon="18.57565555">
        <time>2028-04-10T11:58:01Z</time>
      </trkpt>
      <trkpt lat="68.28047647" lon="18.57566334">
        <time>2028-04-10T11:58:02Z</time>
      </trkpt>
      <trkpt lat="68.28059424" lon="18.57610608">
        <time>2028-04-10T11:59:36Z</time>
      </trkpt>
      <trkpt lat="68.28064461" lon="18.57624907">
        <time>2028-04-10T12:00:10Z</time>
      </trkpt>
      <trkpt lat="68.28076389" lon="18.57675643">
        <time>2028-04-10T12:01:54Z</time>
      </trkpt>
      <trkpt lat="68.28088978" lon="18.57729916">
        <time>2028-04-10T12:03:45Z</time>
      </trkpt>
      <trkpt lat="68.28101031" lon="18.57779084">
        <time>2028-04-10T12:05:27Z</time>
      </trkpt>
      <trkpt lat="68.28112624" lon="18.57833658">
        <time>2028-04-10T12:07:16Z</time>
      </trkpt>
      <trkpt lat="68.28114149" lon="18.57835687">
        <time>2028-04-10T12:07:24Z</time>
      </trkpt>
      <trkpt lat="68.28113873" lon="18.57834689">
        <time>2028-04-10T12:07:26Z</time>
      </trkpt>
      <trkpt lat="68.28114199" lon="18.57833541">
        <time>2028-04-10T12:07:28Z</time>
      </trkpt>
      <trkpt lat="68.28114124" lon="18.57820624">
        <time>2028-04-10T12:07:51Z</time>
      </trkpt>
      <trkpt lat="68.28113319" lon="18.57820541">
        <time>2028-04-10T12:07:54Z</time>
      </trkpt>
      <trkpt lat="68.28121433" lon="18.57886632">
        <time>2028-04-10T12:09:55Z</time>
      </trkpt>
      <trkpt lat="68.2816978" lon="18.58026291">
        <time>2028-04-10T12:15:25Z</time>
      </trkpt>
      <trkpt lat="68.28190341" lon="18.58150494">
        <time>2028-04-10T12:19:20Z</time>
      </trkpt>
      <trkpt lat="68.28204523" lon="18.58214926">
        <time>2028-04-10T12:21:30Z</time>
      </trkpt>
      <trkpt lat="68.2824665" lon="18.58326824">
        <time>2028-04-10T12:26:06Z</time>
      </trkpt>
      <trkpt lat="68.28302273" lon="18.58439159">
        <time>2028-04-10T12:31:30Z</time>
      </trkpt>
      <trkpt lat="68.28354517" lon="18.58548232">
        <time>2028-04-10T12:36:38Z</time>
      </trkpt>
      <trkpt lat="68.28422469" lon="18.58641615">
        <time>2028-04-10T12:42:34Z</time>
      </trkpt>
      <trkpt lat="68.28496984" lon="18.58742558">
        <time>2028-04-10T12:49:03Z</time>
      </trkpt>
      <trkpt lat="68.28544669" lon="18.58847634">
        <time>2028-04-10T12:53:50Z</time>
      </trkpt>
      <trkpt lat="68.28583041" lon="18.58996094">
        <time>2028-04-10T12:59:03Z</time>
      </trkpt>
      <trkpt lat="68.28621045" lon="18.59094489">
        <time>2028-04-10T13:03:09Z</time>
      </trkpt>
      <trkpt lat="68.28618648" lon="18.59081782">
        <time>2028-04-10T13:03:34Z</time>
      </trkpt>
      <trkpt lat="68.28618648" lon="18.59081816">
        <time>2028-04-10T13:03:34Z</time>
      </trkpt>
      <trkpt lat="68.28621615" lon="18.59078924">
        <time>2028-04-10T13:03:48Z</time>
      </trkpt>
      <trkpt lat="68.28617834" lon="18.59086652">
        <time>2028-04-10T13:04:11Z</time>
      </trkpt>
      <trkpt lat="68.28617625" lon="18.59087809">
        <time>2028-04-10T13:04:13Z</time>
      </trkpt>
      <trkpt lat="68.28617516" lon="18.59088295">
        <time>2028-04-10T13:04:14Z</time>
      </trkpt>
      <trkpt lat="68.28617281" lon="18.59089318">
        <time>2028-04-10T13:04:16Z</time>
      </trkpt>
      <trkpt lat="68.28622973" lon="18.59051323">
        <time>2028-04-10T13:05:27Z</time>
      </trkpt>
      <trkpt lat="68.28622998" lon="18.59034425">
        <time>2028-04-10T13:05:56Z</time>
      </trkpt>
      <trkpt lat="68.28623082" lon="18.59034106">
        <time>2028-04-10T13:05:56Z</time>
      </trkpt>
      <trkpt lat="68.28622662" lon="18.59037451">
        <time>2028-04-10T13:06:03Z</time>
      </trkpt>
      <trkpt lat="68.28622646" lon="18.59038766">
        <time>2028-04-10T13:06:05Z</time>
      </trkpt>
      <trkpt lat="68.28622327" lon="18.59049411">
        <time>2028-04-10T13:06:23Z</time>
      </trkpt>
      <trkpt lat="68.28619494" lon="18.59069486">
        <time>2028-04-10T13:07:00Z</time>
      </trkpt>
      <trkpt lat="68.28616309" lon="18.59076024">
        <time>2028-04-10T13:07:19Z</time>
      </trkpt>
      <trkpt lat="68.28616024" lon="18.59074968">
        <time>2028-04-10T13:07:21Z</time>
      </trkpt>
      <trkpt lat="68.2861594" lon="18.59075077">
        <time>2028-04-10T13:07:22Z</time>
      </trkpt>
      <trkpt lat="68.2861625" lon="18.59078312">
        <time>2028-04-10T13:07:28Z</time>
      </trkpt>
      <trkpt lat="68.28616183" lon="18.59078019">
        <time>2028-04-10T13:07:28Z</time>
      </trkpt>
      <trkpt lat="68.28616116" lon="18.5907568">
        <time>2028-04-10T13:07:32Z</time>
      </trkpt>
      <trkpt lat="68.28615873" lon="18.59074758">
        <time>2028-04-10T13:07:34Z</time>
      </trkpt>
      <trkpt lat="68.2861625" lon="18.59078589">
        <time>2028-04-10T13:07:41Z</time>
      </trkpt>
      <trkpt lat="68.28615471" lon="18.59075965">
        <time>2028-04-10T13:07:47Z</time>
      </trkpt>
      <trkpt lat="68.28614901" lon="18.590705">
        <time>2028-04-10T13:07:57Z</time>
      </trkpt>
      <trkpt lat="68.28619226" lon="18.59075798">
        <time>2028-04-10T13:08:19Z</time>
      </trkpt>
      <trkpt lat="68.28616074" lon="18.59071431">
        <time>2028-04-10T13:08:35Z</time>
      </trkpt>
      <trkpt lat="68.2861791" lon="18.59109652">
        <time>2028-04-10T13:09:42Z</time>
      </trkpt>
      <trkpt lat="68.28617055" lon="18.59121236">
        <time>2028-04-10T13:10:02Z</time>
      </trkpt>
      <trkpt lat="68.28614616" lon="18.59133088">
        <time>2028-04-10T13:10:26Z</time>
      </trkpt>
      <trkpt lat="68.28608992" lon="18.59142132">
        <time>2028-04-10T13:10:56Z</time>
      </trkpt>
      <trkpt lat="68.28604817" lon="18.59147698">
        <time>2028-04-10T13:11:18Z</time>
      </trkpt>
      <trkpt lat="68.28602135" lon="18.59146591">
        <time>2028-04-10T13:11:31Z</time>
      </trkpt>
      <trkpt lat="68.28612772" lon="18.59129827">
        <time>2028-04-10T13:12:28Z</time>
      </trkpt>
      <trkpt lat="68.28619435" lon="18.59086644">
        <time>2028-04-10T13:13:49Z</time>
      </trkpt>
      <trkpt lat="68.28617533" lon="18.5906206">
        <time>2028-04-10T13:14:32Z</time>
      </trkpt>
      <trkpt lat="68.28617105" lon="18.59054424">
        <time>2028-04-10T13:14:46Z</time>
      </trkpt>
      <trkpt lat="68.28619276" lon="18.59050493">
        <time>2028-04-10T13:14:58Z</time>
      </trkpt>
      <trkpt lat="68.28619201" lon="18.59045489">
        <time>2028-04-10T13:15:07Z</time>
      </trkpt>
      <trkpt lat="68.28622143" lon="18.59054608">
        <time>2028-04-10T13:15:28Z</time>
      </trkpt>
      <trkpt lat="68.28622512" lon="18.59050065">
        <time>2028-04-10T13:15:36Z</time>
      </trkpt>
      <trkpt lat="68.28621925" lon="18.59060995">
        <time>2028-04-10T13:15:55Z</time>
      </trkpt>
      <trkpt lat="68.28618187" lon="18.59068983">
        <time>2028-04-10T13:16:17Z</time>
      </trkpt>
      <trkpt lat="68.28614172" lon="18.5907164">
        <time>2028-04-10T13:16:36Z</time>
      </trkpt>
      <trkpt lat="68.28608287" lon="18.59060769">
        <time>2028-04-10T13:17:09Z</time>
      </trkpt>
      <trkpt lat="68.28607793" lon="18.59049579">
        <time>2028-04-10T13:17:29Z</time>
      </trkpt>
      <trkpt lat="68.28611892" lon="18.59075789">
        <time>2028-04-10T13:18:18Z</time>
      </trkpt>
      <trkpt lat="68.28617667" lon="18.5911847">
        <time>2028-04-10T13:19:37Z</time>
      </trkpt>
      <trkpt lat="68.28616879" lon="18.59122317">
        <time>2028-04-10T13:19:44Z</time>
      </trkpt>
      <trkpt lat="68.28616426" lon="18.59125913">
        <time>2028-04-10T13:19:51Z</time>
      </trkpt>
      <trkpt lat="68.28616443" lon="18.59126072">
        <time>2028-04-10T13:19:51Z</time>
      </trkpt>
      <trkpt lat="68.28616753" lon="18.59126827">
        <time>2028-04-10T13:19:53Z</time>
      </trkpt>
      <trkpt lat="68.28617935" lon="18.59129517">
        <time>2028-04-10T13:20:00Z</time>
      </trkpt>
      <trkpt lat="68.28603216" lon="18.59145418">
        <time>2028-04-10T13:21:14Z</time>
      </trkpt>
      <trkpt lat="68.28597735" lon="18.5913888">
        <time>2028-04-10T13:21:42Z</time>
      </trkpt>
      <trkpt lat="68.28596855" lon="18.59119375">
        <time>2028-04-10T13:22:16Z</time>
      </trkpt>
      <trkpt lat="68.28596251" lon="18.59121823">
        <time>2028-04-10T13:22:21Z</time>
      </trkpt>
      <trkpt lat="68.28597232" lon="18.59127724">
        <time>2028-04-10T13:22:32Z</time>
      </trkpt>
      <trkpt lat="68.28599269" lon="18.59133113">
        <time>2028-04-10T13:22:46Z</time>
      </trkpt>
      <trkpt lat="68.28601666" lon="18.59142635">
        <time>2028-04-10T13:23:06Z</time>
      </trkpt>
      <trkpt lat="68.2860351" lon="18.59144295">
        <time>2028-04-10T13:23:15Z</time>
      </trkpt>
      <trkpt lat="68.28606318" lon="18.59144462">
        <time>2028-04-10T13:23:28Z</time>
      </trkpt>
      <trkpt lat="68.28604558" lon="18.59146206">
        <time>2028-04-10T13:23:37Z</time>
      </trkpt>
      <trkpt lat="68.28601993" lon="18.59150154">
        <time>2028-04-10T13:23:50Z</time>
      </trkpt>
      <trkpt lat="68.28603954" lon="18.59200395">
        <time>2028-04-10T13:25:18Z</time>
      </trkpt>
      <trkpt lat="68.28611791" lon="18.59258439">
        <time>2028-04-10T13:27:04Z</time>
      </trkpt>
      <trkpt lat="68.28622101" lon="18.59321564">
        <time>2028-04-10T13:29:04Z</time>
      </trkpt>
      <trkpt lat="68.2863029" lon="18.59381519">
        <time>2028-04-10T13:30:54Z</time>
      </trkpt>
      <trkpt lat="68.28640449" lon="18.59444702">
        <time>2028-04-10T13:32:53Z</time>
      </trkpt>
      <trkpt lat="68.2865008" lon="18.59517155">
        <time>2028-04-10T13:35:06Z</time>
      </trkpt>
      <trkpt lat="68.28650784" lon="18.59521455">
        <time>2028-04-10T13:35:14Z</time>
      </trkpt>
      <trkpt lat="68.28650708" lon="18.59522277">
        <time>2028-04-10T13:35:16Z</time>
      </trkpt>
      <trkpt lat="68.28652267" lon="18.59533341">
        <time>2028-04-10T13:35:36Z</time>
      </trkpt>
      <trkpt lat="68.28652619" lon="18.59535721">
        <time>2028-04-10T13:35:40Z</time>
      </trkpt>
      <trkpt lat="68.28653055" lon="18.5953588">
        <time>2028-04-10T13:35:42Z</time>
      </trkpt>
      <trkpt lat="68.28655897" lon="18.59577103">
        <time>2028-04-10T13:36:55Z</time>
      </trkpt>
      <trkpt lat="68.28656324" lon="18.59588728">
        <time>2028-04-10T13:37:15Z</time>
      </trkpt>
      <trkpt lat="68.28655989" lon="18.59591444">
        <time>2028-04-10T13:37:20Z</time>
      </trkpt>
      <trkpt lat="68.28655402" lon="18.5959281">
        <time>2028-04-10T13:37:24Z</time>
      </trkpt>
      <trkpt lat="68.28655385" lon="18.59588108">
        <time>2028-04-10T13:37:32Z</time>
      </trkpt>
      <trkpt lat="68.28678964" lon="18.59775972">
        <time>2028-04-10T13:43:14Z</time>
      </trkpt>
      <trkpt lat="68.28697613" lon="18.59955051">
        <time>2028-04-10T13:48:36Z</time>
      </trkpt>
      <trkpt lat="68.2873638" lon="18.60117249">
        <time>2028-04-10T13:54:09Z</time>
      </trkpt>
      <trkpt lat="68.28775414" lon="18.60316269">
        <time>2028-04-10T14:00:38Z</time>
      </trkpt>
      <trkpt lat="68.28819713" lon="18.60485248">
        <time>2028-04-10T14:06:36Z</time>
      </trkpt>
      <trkpt lat="68.28836451" lon="18.60565413">
        <time>2028-04-10T14:09:15Z</time>
      </trkpt>
      <trkpt lat="68.28852402" lon="18.60624547">
        <time>2028-04-10T14:11:22Z</time>
      </trkpt>
      <trkpt lat="68.28898922" lon="18.6079387">
        <time>2028-04-10T14:17:26Z</time>
      </trkpt>
      <trkpt lat="68.28933422" lon="18.60974768">
        <time>2028-04-10T14:23:18Z</time>
      </trkpt>
      <trkpt lat="68.289844" lon="18.61067992">
        <time>2028-04-10T14:28:05Z</time>
      </trkpt>
      <trkpt lat="68.29028958" lon="18.61209964">
        <time>2028-04-10T14:33:26Z</time>
      </trkpt>
      <trkpt lat="68.29078621" lon="18.61318175">
        <time>2028-04-10T14:38:24Z</time>
      </trkpt>
      <trkpt lat="68.29124437" lon="18.61461681">
        <time>2028-04-10T14:43:52Z</time>
      </trkpt>
      <trkpt lat="68.29177327" lon="18.6161709">
        <time>2028-04-10T14:49:56Z</time>
      </trkpt>
      <trkpt lat="68.29223041" lon="18.61754956">
        <time>2028-04-10T14:55:16Z</time>
      </trkpt>
      <trkpt lat="68.29275152" lon="18.6187159">
        <time>2028-04-10T15:00:32Z</time>
      </trkpt>
      <trkpt lat="68.29305947" lon="18.61953766">
        <time>2028-04-10T15:03:54Z</time>
      </trkpt>
      <trkpt lat="68.29318335" lon="18.62020419">
        <time>2028-04-10T15:06:03Z</time>
      </trkpt>
      <trkpt lat="68.29360547" lon="18.62166423">
        <time>2028-04-10T15:11:23Z</time>
      </trkpt>
      <trkpt lat="68.29409614" lon="18.62305982">
        <time>2028-04-10T15:16:55Z</time>
      </trkpt>
      <trkpt lat="68.29450945" lon="18.6243187">
        <time>2028-04-10T15:21:46Z</time>
      </trkpt>
      <trkpt lat="68.29492293" lon="18.62600639">
        <time>2028-04-10T15:27:36Z</time>
      </trkpt>
      <trkpt lat="68.2953235" lon="18.62728774">
        <time>2028-04-10T15:32:25Z</time>
      </trkpt>
      <trkpt lat="68.29585575" lon="18.62881609">
        <time>2028-04-10T15:38:28Z</time>
      </trkpt>
      <trkpt lat="68.29633889" lon="18.63050991">
        <time>2028-04-10T15:44:37Z</time>
      </trkpt>
      <trkpt lat="68.29684138" lon="18.6322401">
        <time>2028-04-10T15:50:57Z</time>
      </trkpt>
      <trkpt lat="68.29733441" lon="18.63376058">
        <time>2028-04-10T15:56:46Z</time>
      </trkpt>
      <trkpt lat="68.29753918" lon="18.63440749">
        <time>2028-04-10T15:59:13Z</time>
      </trkpt>
      <trkpt lat="68.29772609" lon="18.63497579">
        <time>2028-04-10T16:01:25Z</time>
      </trkpt>
      <trkpt lat="68.29802684" lon="18.63616149">
        <time>2028-04-10T16:05:33Z</time>
      </trkpt>
      <trkpt lat="68.29838349" lon="18.63707193">
        <time>2028-04-10T16:09:22Z</time>
      </trkpt>
      <trkpt lat="68.29887559" lon="18.63874982">
        <time>2028-04-10T16:15:32Z</time>
      </trkpt>
      <trkpt lat="68.29934455" lon="18.64024968">
        <time>2028-04-10T16:21:11Z</time>
      </trkpt>
      <trkpt lat="68.299925" lon="18.64183151">
        <time>2028-04-10T16:27:36Z</time>
      </trkpt>
      <trkpt lat="68.30032473" lon="18.64349507">
        <time>2028-04-10T16:33:18Z</time>
      </trkpt>
      <trkpt lat="68.30088297" lon="18.64508302">
        <time>2028-04-10T16:39:36Z</time>
      </trkpt>
      <trkpt lat="68.30135789" lon="18.64669528">
        <time>2028-04-10T16:45:32Z</time>
      </trkpt>
      <trkpt lat="68.30193532" lon="18.64828927">
        <time>2028-04-10T16:51:58Z</time>
      </trkpt>
      <trkpt lat="68.30227604" lon="18.64925059">
        <time>2028-04-10T16:55:47Z</time>
      </trkpt>
      <trkpt lat="68.30249431" lon="18.64981075">
        <time>2028-04-10T16:58:08Z</time>
      </trkpt>
      <trkpt lat="68.30297157" lon="18.65165125">
        <time>2028-04-10T17:04:36Z</time>
      </trkpt>
      <trkpt lat="68.30345512" lon="18.6528911">
        <time>2028-04-10T17:09:47Z</time>
      </trkpt>
      <trkpt lat="68.30380683" lon="18.65408066">
        <time>2028-04-10T17:14:10Z</time>
      </trkpt>
      <trkpt lat="68.30379761" lon="18.65401545">
        <time>2028-04-10T17:14:22Z</time>
      </trkpt>
      <trkpt lat="68.30381412" lon="18.65397605">
        <time>2028-04-10T17:14:32Z</time>
      </trkpt>
      <trkpt lat="68.30383616" lon="18.6540105">
        <time>2028-04-10T17:14:44Z</time>
      </trkpt>
      <trkpt lat="68.30384966" lon="18.65401008">
        <time>2028-04-10T17:14:51Z</time>
      </trkpt>
      <trkpt lat="68.30379887" lon="18.65407764">
        <time>2028-04-10T17:15:17Z</time>
      </trkpt>
      <trkpt lat="68.30380524" lon="18.65414939">
        <time>2028-04-10T17:15:30Z</time>
      </trkpt>
      <trkpt lat="68.30380565" lon="18.6541509">
        <time>2028-04-10T17:15:30Z</time>
      </trkpt>
      <trkpt lat="68.30380582" lon="18.65415107">
        <time>2028-04-10T17:15:30Z</time>
      </trkpt>
      <trkpt lat="68.30380565" lon="18.65415375">
        <time>2028-04-10T17:15:31Z</time>
      </trkpt>
      <trkpt lat="68.30380574" lon="18.65415509">
        <time>2028-04-10T17:15:31Z</time>
      </trkpt>
      <trkpt lat="68.30381638" lon="18.6541457">
        <time>2028-04-10T17:15:36Z</time>
      </trkpt>
      <trkpt lat="68.30380515" lon="18.65410362">
        <time>2028-04-10T17:15:45Z</time>
      </trkpt>
      <trkpt lat="68.30384061" lon="18.65417956">
        <time>2028-04-10T17:16:06Z</time>
      </trkpt>
      <trkpt lat="68.30403725" lon="18.65473545">
        <time>2028-04-10T17:18:19Z</time>
      </trkpt>
      <trkpt lat="68.30417161" lon="18.65516259">
        <time>2028-04-10T17:19:56Z</time>
      </trkpt>
      <trkpt lat="68.30437604" lon="18.65558152">
        <time>2028-04-10T17:21:55Z</time>
      </trkpt>
      <trkpt lat="68.3044928" lon="18.65601461">
        <time>2028-04-10T17:23:28Z</time>
      </trkpt>
      <trkpt lat="68.30461233" lon="18.65675348">
        <time>2028-04-10T17:25:47Z</time>
      </trkpt>
      <trkpt lat="68.30472331" lon="18.65723913">
        <time>2028-04-10T17:27:26Z</time>
      </trkpt>
      <trkpt lat="68.30483194" lon="18.65775134">
        <time>2028-04-10T17:29:08Z</time>
      </trkpt>
      <trkpt lat="68.304944" lon="18.65825795">
        <time>2028-04-10T17:30:50Z</time>
      </trkpt>
      <trkpt lat="68.30504291" lon="18.6587943">
        <time>2028-04-10T17:32:33Z</time>
      </trkpt>
      <trkpt lat="68.30516906" lon="18.65948875">
        <time>2028-04-10T17:34:47Z</time>
      </trkpt>
      <trkpt lat="68.30518029" lon="18.65954155">
        <time>2028-04-10T17:34:57Z</time>
      </trkpt>
      <trkpt lat="68.30529772" lon="18.66002728">
        <time>2028-04-10T17:36:37Z</time>
      </trkpt>
      <trkpt lat="68.30545756" lon="18.66047672">
        <time>2028-04-10T17:38:25Z</time>
      </trkpt>
      <trkpt lat="68.30567859" lon="18.66110788">
        <time>2028-04-10T17:40:55Z</time>
      </trkpt>
      <trkpt lat="68.30584623" lon="18.66149512">
        <time>2028-04-10T17:42:38Z</time>
      </trkpt>
      <trkpt lat="68.3060624" lon="18.66218353">
        <time>2028-04-10T17:45:14Z</time>
      </trkpt>
      <trkpt lat="68.30623171" lon="18.66274679">
        <time>2028-04-10T17:47:19Z</time>
      </trkpt>
      <trkpt lat="68.30628863" lon="18.66299448">
        <time>2028-04-10T17:48:09Z</time>
      </trkpt>
      <trkpt lat="68.30629282" lon="18.66301283">
        <time>2028-04-10T17:48:13Z</time>
      </trkpt>
      <trkpt lat="68.306296" lon="18.66302256">
        <time>2028-04-10T17:48:15Z</time>
      </trkpt>
      <trkpt lat="68.30628955" lon="18.66306396">
        <time>2028-04-10T17:48:23Z</time>
      </trkpt>
      <trkpt lat="68.30628376" lon="18.66308022">
        <time>2028-04-10T17:48:27Z</time>
      </trkpt>
      <trkpt lat="68.30633246" lon="18.66325314">
        <time>2028-04-10T17:49:05Z</time>
      </trkpt>
      <trkpt lat="68.30646532" lon="18.66380551">
        <time>2028-04-10T17:50:58Z</time>
      </trkpt>
      <trkpt lat="68.30658124" lon="18.66420206">
        <time>2028-04-10T17:52:26Z</time>
      </trkpt>
      <trkpt lat="68.30666933" lon="18.66475258">
        <time>2028-04-10T17:54:09Z</time>
      </trkpt>
      <trkpt lat="68.30676505" lon="18.66520713">
        <time>2028-04-10T17:55:39Z</time>
      </trkpt>
      <trkpt lat="68.30688525" lon="18.66564509">
        <time>2028-04-10T17:57:14Z</time>
      </trkpt>
      <trkpt lat="68.30694065" lon="18.66573553">
        <time>2028-04-10T17:57:44Z</time>
      </trkpt>
      <trkpt lat="68.30702967" lon="18.66623232">
        <time>2028-04-10T17:59:19Z</time>
      </trkpt>
      <trkpt lat="68.30709991" lon="18.66665259">
        <time>2028-04-10T18:00:39Z</time>
      </trkpt>
      <trkpt lat="68.30721986" lon="18.66725961">
        <time>2028-04-10T18:02:37Z</time>
      </trkpt>
      <trkpt lat="68.30741708" lon="18.6679631">
        <time>2028-04-10T18:05:10Z</time>
      </trkpt>
      <trkpt lat="68.30762864" lon="18.66864698">
        <time>2028-04-10T18:07:44Z</time>
      </trkpt>
      <trkpt lat="68.30774356" lon="18.66908762">
        <time>2028-04-10T18:09:17Z</time>
      </trkpt>
      <trkpt lat="68.30785361" lon="18.66959204">
        <time>2028-04-10T18:10:58Z</time>
      </trkpt>
      <trkpt lat="68.30800465" lon="18.67017542">
        <time>2028-04-10T18:13:01Z</time>
      </trkpt>
      <trkpt lat="68.30814539" lon="18.67081278">
        <time>2028-04-10T18:15:09Z</time>
      </trkpt>
      <trkpt lat="68.30839307" lon="18.67144452">
        <time>2028-04-10T18:17:48Z</time>
      </trkpt>
      <trkpt lat="68.3086447" lon="18.6722222">
        <time>2028-04-10T18:20:46Z</time>
      </trkpt>
      <trkpt lat="68.30877319" lon="18.67261397">
        <time>2028-04-10T18:22:17Z</time>
      </trkpt>
      <trkpt lat="68.30886933" lon="18.67309911">
        <time>2028-04-10T18:23:52Z</time>
      </trkpt>
      <trkpt lat="68.30888735" lon="18.67365349">
        <time>2028-04-10T18:25:28Z</time>
      </trkpt>
      <trkpt lat="68.30889716" lon="18.67419287">
        <time>2028-04-10T18:27:01Z</time>
      </trkpt>
      <trkpt lat="68.30890621" lon="18.67479276">
        <time>2028-04-10T18:28:45Z</time>
      </trkpt>
      <trkpt lat="68.30891593" lon="18.67497439">
        <time>2028-04-10T18:29:16Z</time>
      </trkpt>
      <trkpt lat="68.30896321" lon="18.67569381">
        <time>2028-04-10T18:31:22Z</time>
      </trkpt>
      <trkpt lat="68.30913554" lon="18.67604183">
        <time>2028-04-10T18:33:03Z</time>
      </trkpt>
      <trkpt lat="68.30928708" lon="18.67667274">
        <time>2028-04-10T18:35:13Z</time>
      </trkpt>
      <trkpt lat="68.30930687" lon="18.67731052">
        <time>2028-04-10T18:37:03Z</time>
      </trkpt>
      <trkpt lat="68.30942321" lon="18.67831266">
        <time>2028-04-10T18:40:04Z</time>
      </trkpt>
      <trkpt lat="68.30945112" lon="18.67849907">
        <time>2028-04-10T18:40:39Z</time>
      </trkpt>
      <trkpt lat="68.30953318" lon="18.678803">
        <time>2028-04-10T18:41:44Z</time>
      </trkpt>
      <trkpt lat="68.30956704" lon="18.6788931">
        <time>2028-04-10T18:42:06Z</time>
      </trkpt>
      <trkpt lat="68.30954692" lon="18.67885957">
        <time>2028-04-10T18:42:17Z</time>
      </trkpt>
      <trkpt lat="68.30961532" lon="18.67878766">
        <time>2028-04-10T18:42:51Z</time>
      </trkpt>
      <trkpt lat="68.30961783" lon="18.67876897">
        <time>2028-04-10T18:42:55Z</time>
      </trkpt>
      <trkpt lat="68.3099397" lon="18.67970481">
        <time>2028-04-10T18:46:35Z</time>
      </trkpt>
      <trkpt lat="68.31036374" lon="18.68093854">
        <time>2028-04-10T18:51:26Z</time>
      </trkpt>
      <trkpt lat="68.31087696" lon="18.68206942">
        <time>2028-04-10T18:56:35Z</time>
      </trkpt>
      <trkpt lat="68.31127586" lon="18.68350818">
        <time>2028-04-10T19:01:46Z</time>
      </trkpt>
      <trkpt lat="68.31166185" lon="18.68474627">
        <time>2028-04-10T19:06:25Z</time>
      </trkpt>
      <trkpt lat="68.31182102" lon="18.68609693">
        <time>2028-04-10T19:10:30Z</time>
      </trkpt>
      <trkpt lat="68.3118361" lon="18.68682724">
        <time>2028-04-10T19:12:36Z</time>
      </trkpt>
      <trkpt lat="68.31193836" lon="18.68827824">
        <time>2028-04-10T19:16:51Z</time>
      </trkpt>
      <trkpt lat="68.31164835" lon="18.69051444">
        <time>2028-04-10T19:23:40Z</time>
      </trkpt>
      <trkpt lat="68.31177198" lon="18.69247883">
        <time>2028-04-10T19:29:24Z</time>
      </trkpt>
      <trkpt lat="68.3121801" lon="18.6938978">
        <time>2028-04-10T19:34:34Z</time>
      </trkpt>
      <trkpt lat="68.31255686" lon="18.69577241">
        <time>2028-04-10T19:40:42Z</time>
      </trkpt>
      <trkpt lat="68.31281126" lon="18.69784534">
        <time>2028-04-10T19:46:59Z</time>
      </trkpt>
      <trkpt lat="68.31290547" lon="18.69877162">
        <time>2028-04-10T19:49:45Z</time>
      </trkpt>
      <trkpt lat="68.31289315" lon="18.69882426">
        <time>2028-04-10T19:49:56Z</time>
      </trkpt>
      <trkpt lat="68.31289239" lon="18.69882435">
        <time>2028-04-10T19:49:56Z</time>
      </trkpt>
      <trkpt lat="68.31289222" lon="18.69882192">
        <time>2028-04-10T19:49:56Z</time>
      </trkpt>
      <trkpt lat="68.31289206" lon="18.69882183">
        <time>2028-04-10T19:49:56Z</time>
      </trkpt>
      <trkpt lat="68.31289172" lon="18.69882133">
        <time>2028-04-10T19:49:57Z</time>
      </trkpt>
      <trkpt lat="68.31289172" lon="18.69882124">
        <time>2028-04-10T19:49:57Z</time>
      </trkpt>
      <trkpt lat="68.31289558" lon="18.69882116">
        <time>2028-04-10T19:49:58Z</time>
      </trkpt>
      <trkpt lat="68.31290605" lon="18.69880582">
        <time>2028-04-10T19:50:04Z</time>
      </trkpt>
      <trkpt lat="68.3129058" lon="18.69887321">
        <time>2028-04-10T19:50:16Z</time>
      </trkpt>
      <trkpt lat="68.31289667" lon="18.69935811">
        <time>2028-04-10T19:51:39Z</time>
      </trkpt>
      <trkpt lat="68.31288418" lon="18.69990268">
        <time>2028-04-10T19:53:13Z</time>
      </trkpt>
      <trkpt lat="68.31287085" lon="18.70045655">
        <time>2028-04-10T19:54:49Z</time>
      </trkpt>
      <trkpt lat="68.31284327" lon="18.70095327">
        <time>2028-04-10T19:56:16Z</time>
      </trkpt>
      <trkpt lat="68.3128074" lon="18.70144604">
        <time>2028-04-10T19:57:43Z</time>
      </trkpt>
      <trkpt lat="68.31276323" lon="18.70194853">
        <time>2028-04-10T19:59:12Z</time>
      </trkpt>
      <trkpt lat="68.31275124" lon="18.70241222">
        <time>2028-04-10T20:00:32Z</time>
      </trkpt>
      <trkpt lat="68.31276901" lon="18.70289552">
        <time>2028-04-10T20:01:56Z</time>
      </trkpt>
      <trkpt lat="68.3127551" lon="18.7034276">
        <time>2028-04-10T20:03:28Z</time>
      </trkpt>
      <trkpt lat="68.31279315" lon="18.70385223">
        <time>2028-04-10T20:04:43Z</time>
      </trkpt>
      <trkpt lat="68.31282383" lon="18.70434534">
        <time>2028-04-10T20:06:09Z</time>
      </trkpt>
      <trkpt lat="68.31283875" lon="18.70489377">
        <time>2028-04-10T20:07:44Z</time>
      </trkpt>
      <trkpt lat="68.31283716" lon="18.70544848">
        <time>2028-04-10T20:09:20Z</time>
      </trkpt>
      <trkpt lat="68.31285702" lon="18.70602289">
        <time>2028-04-10T20:11:00Z</time>
      </trkpt>
      <trkpt lat="68.31287982" lon="18.70642154">
        <time>2028-04-10T20:12:09Z</time>
      </trkpt>
      <trkpt lat="68.31291268" lon="18.70730264">
        <time>2028-04-10T20:14:42Z</time>
      </trkpt>
      <trkpt lat="68.31295869" lon="18.70785031">
        <time>2028-04-10T20:16:19Z</time>
      </trkpt>
      <trkpt lat="68.31300622" lon="18.70836605">
        <time>2028-04-10T20:17:51Z</time>
      </trkpt>
      <trkpt lat="68.31301058" lon="18.70839145">
        <time>2028-04-10T20:17:55Z</time>
      </trkpt>
      <trkpt lat="68.31304092" lon="18.70890358">
        <time>2028-04-10T20:19:25Z</time>
      </trkpt>
      <trkpt lat="68.31305232" lon="18.70946718">
        <time>2028-04-10T20:21:02Z</time>
      </trkpt>
      <trkpt lat="68.31299549" lon="18.71003221">
        <time>2028-04-10T20:22:43Z</time>
      </trkpt>
      <trkpt lat="68.31299272" lon="18.71055893">
        <time>2028-04-10T20:24:14Z</time>
      </trkpt>
      <trkpt lat="68.31300513" lon="18.71113778">
        <time>2028-04-10T20:25:54Z</time>
      </trkpt>
      <trkpt lat="68.31302508" lon="18.71170993">
        <time>2028-04-10T20:27:33Z</time>
      </trkpt>
      <trkpt lat="68.31301024" lon="18.71227034">
        <time>2028-04-10T20:29:10Z</time>
      </trkpt>
      <trkpt lat="68.31305073" lon="18.71299144">
        <time>2028-04-10T20:31:16Z</time>
      </trkpt>
      <trkpt lat="68.31306045" lon="18.71305229">
        <time>2028-04-10T20:31:28Z</time>
      </trkpt>
      <trkpt lat="68.31306112" lon="18.71307752">
        <time>2028-04-10T20:31:32Z</time>
      </trkpt>
      <trkpt lat="68.31306875" lon="18.71319797">
        <time>2028-04-10T20:31:53Z</time>
      </trkpt>
      <trkpt lat="68.31305743" lon="18.71320107">
        <time>2028-04-10T20:31:58Z</time>
      </trkpt>
      <trkpt lat="68.31305475" lon="18.71319789">
        <time>2028-04-10T20:32:00Z</time>
      </trkpt>
      <trkpt lat="68.31305056" lon="18.7132025">
        <time>2028-04-10T20:32:02Z</time>
      </trkpt>
      <trkpt lat="68.31304913" lon="18.71319252">
        <time>2028-04-10T20:32:04Z</time>
      </trkpt>
      <trkpt lat="68.31305081" lon="18.71333158">
        <time>2028-04-10T20:32:28Z</time>
      </trkpt>
      <trkpt lat="68.3130949" lon="18.71366425">
        <time>2028-04-10T20:33:29Z</time>
      </trkpt>
      <trkpt lat="68.31314251" lon="18.71423833">
        <time>2028-04-10T20:35:10Z</time>
      </trkpt>
      <trkpt lat="68.31320546" lon="18.71471224">
        <time>2028-04-10T20:36:37Z</time>
      </trkpt>
      <trkpt lat="68.31324753" lon="18.71526771">
        <time>2028-04-10T20:38:15Z</time>
      </trkpt>
      <trkpt lat="68.31328458" lon="18.71584891">
        <time>2028-04-10T20:39:57Z</time>
      </trkpt>
      <trkpt lat="68.31333378" lon="18.71640329">
        <time>2028-04-10T20:41:35Z</time>
      </trkpt>
      <trkpt lat="68.31338709" lon="18.71698416">
        <time>2028-04-10T20:43:18Z</time>
      </trkpt>
      <trkpt lat="68.31348709" lon="18.71775102">
        <time>2028-04-10T20:45:39Z</time>
      </trkpt>
      <trkpt lat="68.31356169" lon="18.71814287">
        <time>2028-04-10T20:46:55Z</time>
      </trkpt>
      <trkpt lat="68.31361097" lon="18.71859818">
        <time>2028-04-10T20:48:17Z</time>
      </trkpt>
      <trkpt lat="68.31370586" lon="18.71913814">
        <time>2028-04-10T20:50:00Z</time>
      </trkpt>
      <trkpt lat="68.31374181" lon="18.71927929">
        <time>2028-04-10T20:50:29Z</time>
      </trkpt>
      <trkpt lat="68.31373729" lon="18.71927963">
        <time>2028-04-10T20:50:32Z</time>
      </trkpt>
      <trkpt lat="68.3137367" lon="18.7192844">
        <time>2028-04-10T20:50:32Z</time>
      </trkpt>
      <trkpt lat="68.31373771" lon="18.71927342">
        <time>2028-04-10T20:50:34Z</time>
      </trkpt>
      <trkpt lat="68.31373821" lon="18.71927401">
        <time>2028-04-10T20:50:35Z</time>
      </trkpt>
      <trkpt lat="68.31373813" lon="18.71927468">
        <time>2028-04-10T20:50:35Z</time>
      </trkpt>
      <trkpt lat="68.31373813" lon="18.71928281">
        <time>2028-04-10T20:50:36Z</time>
      </trkpt>
      <trkpt lat="68.31382505" lon="18.7194678">
        <time>2028-04-10T20:51:28Z</time>
      </trkpt>
      <trkpt lat="68.31396393" lon="18.7196227">
        <time>2028-04-10T20:52:38Z</time>
      </trkpt>
      <trkpt lat="68.31410743" lon="18.71977542">
        <time>2028-04-10T20:53:50Z</time>
      </trkpt>
      <trkpt lat="68.31423811" lon="18.72011974">
        <time>2028-04-10T20:55:15Z</time>
      </trkpt>
      <trkpt lat="68.31435244" lon="18.72053976">
        <time>2028-04-10T20:56:45Z</time>
      </trkpt>
      <trkpt lat="68.31448437" lon="18.72116832">
        <time>2028-04-10T20:58:50Z</time>
      </trkpt>
      <trkpt lat="68.31453692" lon="18.72173871">
        <time>2028-04-10T21:00:31Z</time>
      </trkpt>
      <trkpt lat="68.31453382" lon="18.7223935">
        <time>2028-04-10T21:02:24Z</time>
      </trkpt>
      <trkpt lat="68.31454287" lon="18.72306121">
        <time>2028-04-10T21:04:19Z</time>
      </trkpt>
      <trkpt lat="68.31465896" lon="18.72356479">
        <time>2028-04-10T21:06:02Z</time>
      </trkpt>
      <trkpt lat="68.31477681" lon="18.72407609">
        <time>2028-04-10T21:07:46Z</time>
      </trkpt>
      <trkpt lat="68.31487496" lon="18.72457112">
        <time>2028-04-10T21:09:23Z</time>
      </trkpt>
      <trkpt lat="68.31492685" lon="18.72512584">
        <time>2028-04-10T21:11:01Z</time>
      </trkpt>
      <trkpt lat="68.31494621" lon="18.7257559">
        <time>2028-04-10T21:12:51Z</time>
      </trkpt>
      <trkpt lat="68.31494797" lon="18.72665168">
        <time>2028-04-10T21:15:25Z</time>
      </trkpt>
      <trkpt lat="68.31494101" lon="18.72675318">
        <time>2028-04-10T21:15:43Z</time>
      </trkpt>
      <trkpt lat="68.31493246" lon="18.72688989">
        <time>2028-04-10T21:16:07Z</time>
      </trkpt>
      <trkpt lat="68.31493012" lon="18.72691428">
        <time>2028-04-10T21:16:11Z</time>
      </trkpt>
      <trkpt lat="68.31492961" lon="18.72692074">
        <time>2028-04-10T21:16:12Z</time>
      </trkpt>
      <trkpt lat="68.3149183" lon="18.72705518">
        <time>2028-04-10T21:16:36Z</time>
      </trkpt>
      <trkpt lat="68.3149152" lon="18.72763353">
        <time>2028-04-10T21:18:16Z</time>
      </trkpt>
      <trkpt lat="68.31492752" lon="18.72829621">
        <time>2028-04-10T21:20:10Z</time>
      </trkpt>
      <trkpt lat="68.31492936" lon="18.72838975">
        <time>2028-04-10T21:20:27Z</time>
      </trkpt>
      <trkpt lat="68.31495141" lon="18.72878747">
        <time>2028-04-10T21:21:36Z</time>
      </trkpt>
      <trkpt lat="68.31497211" lon="18.72897992">
        <time>2028-04-10T21:22:11Z</time>
      </trkpt>
      <trkpt lat="68.31500161" lon="18.729641">
        <time>2028-04-10T21:24:05Z</time>
      </trkpt>
      <trkpt lat="68.31503908" lon="18.7301585">
        <time>2028-04-10T21:25:36Z</time>
      </trkpt>
      <trkpt lat="68.31524402" lon="18.73058254">
        <time>2028-04-10T21:27:37Z</time>
      </trkpt>
      <trkpt lat="68.31544284" lon="18.73084925">
        <time>2028-04-10T21:29:20Z</time>
      </trkpt>
      <trkpt lat="68.31546262" lon="18.73087188">
        <time>2028-04-10T21:29:30Z</time>
      </trkpt>
      <trkpt lat="68.31547092" lon="18.73088337">
        <time>2028-04-10T21:29:35Z</time>
      </trkpt>
      <trkpt lat="68.31555264" lon="18.73107741">
        <time>2028-04-10T21:30:26Z</time>
      </trkpt>
      <trkpt lat="68.3157036" lon="18.73149801">
        <time>2028-04-10T21:32:07Z</time>
      </trkpt>
      <trkpt lat="68.3157906" lon="18.73191032">
        <time>2028-04-10T21:33:29Z</time>
      </trkpt>
      <trkpt lat="68.31585556" lon="18.73222489">
        <time>2028-04-10T21:34:31Z</time>
      </trkpt>
      <trkpt lat="68.31591398" lon="18.73254457">
        <time>2028-04-10T21:35:32Z</time>
      </trkpt>
      <trkpt lat="68.3159994" lon="18.73292134">
        <time>2028-04-10T21:36:49Z</time>
      </trkpt>
      <trkpt lat="68.31609093" lon="18.73345627">
        <time>2028-04-10T21:38:30Z</time>
      </trkpt>
      <trkpt lat="68.31599755" lon="18.73410713">
        <time>2028-04-10T21:40:31Z</time>
      </trkpt>
      <trkpt lat="68.31589839" lon="18.73462756">
        <time>2028-04-10T21:42:12Z</time>
      </trkpt>
      <trkpt lat="68.31588255" lon="18.73530633">
        <time>2028-04-10T21:44:09Z</time>
      </trkpt>
      <trkpt lat="68.31591742" lon="18.73588242">
        <time>2028-04-10T21:45:50Z</time>
      </trkpt>
      <trkpt lat="68.31594743" lon="18.73642414">
        <time>2028-04-10T21:47:24Z</time>
      </trkpt>
      <trkpt lat="68.31597249" lon="18.73699201">
        <time>2028-04-10T21:49:03Z</time>
      </trkpt>
      <trkpt lat="68.31597618" lon="18.73716518">
        <time>2028-04-10T21:49:33Z</time>
      </trkpt>
      <trkpt lat="68.31597886" lon="18.73718773">
        <time>2028-04-10T21:49:37Z</time>
      </trkpt>
      <trkpt lat="68.31599303" lon="18.73741798">
        <time>2028-04-10T21:50:17Z</time>
      </trkpt>
      <trkpt lat="68.3160004" lon="18.73757313">
        <time>2028-04-10T21:50:44Z</time>
      </trkpt>
      <trkpt lat="68.31603661" lon="18.73810806">
        <time>2028-04-10T21:52:18Z</time>
      </trkpt>
      <trkpt lat="68.31612789" lon="18.73849413">
        <time>2028-04-10T21:53:37Z</time>
      </trkpt>
      <trkpt lat="68.31628966" lon="18.73869295">
        <time>2028-04-10T21:55:00Z</time>
      </trkpt>
      <trkpt lat="68.3164537" lon="18.73870016">
        <time>2028-04-10T21:56:17Z</time>
      </trkpt>
      <trkpt lat="68.31654699" lon="18.73865775">
        <time>2028-04-10T21:57:01Z</time>
      </trkpt>
      <trkpt lat="68.31669861" lon="18.73857334">
        <time>2028-04-10T21:58:13Z</time>
      </trkpt>
      <trkpt lat="68.31688461" lon="18.73850159">
        <time>2028-04-10T21:59:41Z</time>
      </trkpt>
      <trkpt lat="68.31711855" lon="18.73840679">
        <time>2028-04-10T22:01:31Z</time>
      </trkpt>
      <trkpt lat="68.31719767" lon="18.73842565">
        <time>2028-04-10T22:02:08Z</time>
      </trkpt>
      <trkpt lat="68.31737738" lon="18.73858424">
        <time>2028-04-10T22:03:37Z</time>
      </trkpt>
      <trkpt lat="68.3175223" lon="18.73891038">
        <time>2028-04-10T22:05:05Z</time>
      </trkpt>
      <trkpt lat="68.31764217" lon="18.73950097">
        <time>2028-04-10T22:07:01Z</time>
      </trkpt>
      <trkpt lat="68.31765398" lon="18.73955478">
        <time>2028-04-10T22:07:12Z</time>
      </trkpt>
      <trkpt lat="68.31768072" lon="18.73967933">
        <time>2028-04-10T22:07:37Z</time>
      </trkpt>
      <trkpt lat="68.31781919" lon="18.74000371">
        <time>2028-04-10T22:09:02Z</time>
      </trkpt>
      <trkpt lat="68.31800745" lon="18.74026841">
        <time>2028-04-10T22:10:41Z</time>
      </trkpt>
      <trkpt lat="68.31804818" lon="18.74027378">
        <time>2028-04-10T22:11:00Z</time>
      </trkpt>
      <trkpt lat="68.31811474" lon="18.74031351">
        <time>2028-04-10T22:11:32Z</time>
      </trkpt>
      <trkpt lat="68.31826343" lon="18.74068508">
        <time>2028-04-10T22:13:07Z</time>
      </trkpt>
      <trkpt lat="68.31841162" lon="18.74112555">
        <time>2028-04-10T22:14:49Z</time>
      </trkpt>
      <trkpt lat="68.31855873" lon="18.74148161">
        <time>2028-04-10T22:16:21Z</time>
      </trkpt>
      <trkpt lat="68.31871673" lon="18.74195678">
        <time>2028-04-10T22:18:12Z</time>
      </trkpt>
      <trkpt lat="68.31887808" lon="18.74245433">
        <time>2028-04-10T22:20:06Z</time>
      </trkpt>
      <trkpt lat="68.31906013" lon="18.74293403">
        <time>2028-04-10T22:22:05Z</time>
      </trkpt>
      <trkpt lat="68.31924596" lon="18.74331457">
        <time>2028-04-10T22:23:53Z</time>
      </trkpt>
      <trkpt lat="68.31948275" lon="18.74383139">
        <time>2028-04-10T22:26:15Z</time>
      </trkpt>
      <trkpt lat="68.31950043" lon="18.74386551">
        <time>2028-04-10T22:26:26Z</time>
      </trkpt>
      <trkpt lat="68.31952826" lon="18.74392116">
        <time>2028-04-10T22:26:42Z</time>
      </trkpt>
      <trkpt lat="68.31953539" lon="18.74393634">
        <time>2028-04-10T22:26:46Z</time>
      </trkpt>
      <trkpt lat="68.31953363" lon="18.74393173">
        <time>2028-04-10T22:26:47Z</time>
      </trkpt>
      <trkpt lat="68.31953128" lon="18.74392787">
        <time>2028-04-10T22:26:48Z</time>
      </trkpt>
      <trkpt lat="68.3195358" lon="18.74392519">
        <time>2028-04-10T22:26:51Z</time>
      </trkpt>
      <trkpt lat="68.3195058" lon="18.7438153">
        <time>2028-04-10T22:27:14Z</time>
      </trkpt>
      <trkpt lat="68.31948912" lon="18.74376367">
        <time>2028-04-10T22:27:26Z</time>
      </trkpt>
      <trkpt lat="68.31952373" lon="18.74384916">
        <time>2028-04-10T22:27:48Z</time>
      </trkpt>
      <trkpt lat="68.3195669" lon="18.74397514">
        <time>2028-04-10T22:28:17Z</time>
      </trkpt>
      <trkpt lat="68.31955693" lon="18.74394832">
        <time>2028-04-10T22:28:24Z</time>
      </trkpt>
      <trkpt lat="68.31954787" lon="18.74395235">
        <time>2028-04-10T22:28:28Z</time>
      </trkpt>
      <trkpt lat="68.31954704" lon="18.7439588">
        <time>2028-04-10T22:28:29Z</time>
      </trkpt>
      <trkpt lat="68.31955064" lon="18.74395058">
        <time>2028-04-10T22:28:32Z</time>
      </trkpt>
      <trkpt lat="68.31957662" lon="18.74396358">
        <time>2028-04-10T22:28:44Z</time>
      </trkpt>
      <trkpt lat="68.31957914" lon="18.74396089">
        <time>2028-04-10T22:28:45Z</time>
      </trkpt>
      <trkpt lat="68.31957076" lon="18.74396944">
        <time>2028-04-10T22:28:49Z</time>
      </trkpt>
      <trkpt lat="68.31957679" lon="18.74395704">
        <time>2028-04-10T22:28:53Z</time>
      </trkpt>
      <trkpt lat="68.31957352" lon="18.74396894">
        <time>2028-04-10T22:28:56Z</time>
      </trkpt>
      <trkpt lat="68.31957637" lon="18.74395662">
        <time>2028-04-10T22:28:58Z</time>
      </trkpt>
      <trkpt lat="68.31956665" lon="18.74399032">
        <time>2028-04-10T22:29:05Z</time>
      </trkpt>
      <trkpt lat="68.31957738" lon="18.7439842">
        <time>2028-04-10T22:29:11Z</time>
      </trkpt>
      <trkpt lat="68.31957788" lon="18.7440163">
        <time>2028-04-10T22:29:16Z</time>
      </trkpt>
      <trkpt lat="68.31958224" lon="18.74403449">
        <time>2028-04-10T22:29:20Z</time>
      </trkpt>
      <trkpt lat="68.31958861" lon="18.7440432">
        <time>2028-04-10T22:29:23Z</time>
      </trkpt>
      <trkpt lat="68.31956414" lon="18.74389367">
        <time>2028-04-10T22:29:51Z</time>
      </trkpt>
      <trkpt lat="68.31954377" lon="18.74390935">
        <time>2028-04-10T22:30:01Z</time>
      </trkpt>
      <trkpt lat="68.31953899" lon="18.74389845">
        <time>2028-04-10T22:30:04Z</time>
      </trkpt>
      <trkpt lat="68.31953891" lon="18.74389811">
        <time>2028-04-10T22:30:04Z</time>
      </trkpt>
      <trkpt lat="68.31953824" lon="18.74389979">
        <time>2028-04-10T22:30:05Z</time>
      </trkpt>
      <trkpt lat="68.3195374" lon="18.7439008">
        <time>2028-04-10T22:30:05Z</time>
      </trkpt>
      <trkpt lat="68.31953698" lon="18.74389728">
        <time>2028-04-10T22:30:06Z</time>
      </trkpt>
      <trkpt lat="68.31953824" lon="18.74390054">
        <time>2028-04-10T22:30:07Z</time>
      </trkpt>
      <trkpt lat="68.31954276" lon="18.74389652">
        <time>2028-04-10T22:30:09Z</time>
      </trkpt>
      <trkpt lat="68.31955106" lon="18.7438992">
        <time>2028-04-10T22:30:13Z</time>
      </trkpt>
      <trkpt lat="68.31954863" lon="18.74389493">
        <time>2028-04-10T22:30:14Z</time>
      </trkpt>
      <trkpt lat="68.31954863" lon="18.74388881">
        <time>2028-04-10T22:30:15Z</time>
      </trkpt>
      <trkpt lat="68.31955131" lon="18.74389476">
        <time>2028-04-10T22:30:17Z</time>
      </trkpt>
      <trkpt lat="68.31956003" lon="18.74395687">
        <time>2028-04-10T22:30:28Z</time>
      </trkpt>
      <trkpt lat="68.31956506" lon="18.74399032">
        <time>2028-04-10T22:30:34Z</time>
      </trkpt>
      <trkpt lat="68.31957604" lon="18.74400188">
        <time>2028-04-10T22:30:40Z</time>
      </trkpt>
      <trkpt lat="68.31961946" lon="18.7439557">
        <time>2028-04-10T22:31:02Z</time>
      </trkpt>
      <trkpt lat="68.31960797" lon="18.74396634">
        <time>2028-04-10T22:31:07Z</time>
      </trkpt>
      <trkpt lat="68.31957134" lon="18.74398814">
        <time>2028-04-10T22:31:25Z</time>
      </trkpt>
      <trkpt lat="68.31957134" lon="18.7439883">
        <time>2028-04-10T22:31:25Z</time>
      </trkpt>
      <trkpt lat="68.31957084" lon="18.74398855">
        <time>2028-04-10T22:31:25Z</time>
      </trkpt>
      <trkpt lat="68.31957093" lon="18.74398855">
        <time>2028-04-10T22:31:25Z</time>
      </trkpt>
      <trkpt lat="68.31957805" lon="18.74398386">
        <time>2028-04-10T22:31:29Z</time>
      </trkpt>
      <trkpt lat="68.31957017" lon="18.7439873">
        <time>2028-04-10T22:31:32Z</time>
      </trkpt>
      <trkpt lat="68.31957361" lon="18.74397757">
        <time>2028-04-10T22:31:35Z</time>
      </trkpt>
      <trkpt lat="68.31956657" lon="18.74395369">
        <time>2028-04-10T22:31:40Z</time>
      </trkpt>
      <trkpt lat="68.31959297" lon="18.74399032">
        <time>2028-04-10T22:31:54Z</time>
      </trkpt>
      <trkpt lat="68.31975306" lon="18.74427949">
        <time>2028-04-10T22:33:24Z</time>
      </trkpt>
      <trkpt lat="68.31992037" lon="18.74455341">
        <time>2028-04-10T22:34:55Z</time>
      </trkpt>
      <trkpt lat="68.32007275" lon="18.74477956">
        <time>2028-04-10T22:36:16Z</time>
      </trkpt>
      <trkpt lat="68.32027785" lon="18.74502749">
        <time>2028-04-10T22:38:01Z</time>
      </trkpt>
      <trkpt lat="68.3203175" lon="18.7450642">
        <time>2028-04-10T22:38:21Z</time>
      </trkpt>
      <trkpt lat="68.32032018" lon="18.74506664">
        <time>2028-04-10T22:38:22Z</time>
      </trkpt>
      <trkpt lat="68.32032111" lon="18.74506152">
        <time>2028-04-10T22:38:23Z</time>
      </trkpt>
      <trkpt lat="68.32032186" lon="18.7450544">
        <time>2028-04-10T22:38:24Z</time>
      </trkpt>
      <trkpt lat="68.32032446" lon="18.74506856">
        <time>2028-04-10T22:38:27Z</time>
      </trkpt>
      <trkpt lat="68.32043309" lon="18.74519379">
        <time>2028-04-10T22:39:22Z</time>
      </trkpt>
      <trkpt lat="68.32057357" lon="18.74526738">
        <time>2028-04-10T22:40:29Z</time>
      </trkpt>
      <trkpt lat="68.32076157" lon="18.74529412">
        <time>2028-04-10T22:41:57Z</time>
      </trkpt>
      <trkpt lat="68.32096148" lon="18.74534776">
        <time>2028-04-10T22:43:30Z</time>
      </trkpt>
      <trkpt lat="68.32113256" lon="18.7454237">
        <time>2028-04-10T22:44:51Z</time>
      </trkpt>
      <trkpt lat="68.32117723" lon="18.74547576">
        <time>2028-04-10T22:45:14Z</time>
      </trkpt>
      <trkpt lat="68.32123213" lon="18.74553929">
        <time>2028-04-10T22:45:42Z</time>
      </trkpt>
      <trkpt lat="68.32133557" lon="18.74586208">
        <time>2028-04-10T22:46:56Z</time>
      </trkpt>
      <trkpt lat="68.32144353" lon="18.74635762">
        <time>2028-04-10T22:48:35Z</time>
      </trkpt>
      <trkpt lat="68.32152567" lon="18.74681946">
        <time>2028-04-10T22:50:03Z</time>
      </trkpt>
      <trkpt lat="68.32159524" lon="18.74733956">
        <time>2028-04-10T22:51:39Z</time>
      </trkpt>
      <trkpt lat="68.32165986" lon="18.74789293">
        <time>2028-04-10T22:53:19Z</time>
      </trkpt>
      <trkpt lat="68.32174008" lon="18.74842979">
        <time>2028-04-10T22:54:59Z</time>
      </trkpt>
      <trkpt lat="68.32180806" lon="18.74888853">
        <time>2028-04-10T22:56:24Z</time>
      </trkpt>
      <trkpt lat="68.32187821" lon="18.74928206">
        <time>2028-04-10T22:57:39Z</time>
      </trkpt>
      <trkpt lat="68.32200176" lon="18.74975455">
        <time>2028-04-10T22:59:19Z</time>
      </trkpt>
      <trkpt lat="68.32214476" lon="18.75001892">
        <time>2028-04-10T23:00:40Z</time>
      </trkpt>
      <trkpt lat="68.32218566" lon="18.7501433">
        <time>2028-04-10T23:01:09Z</time>
      </trkpt>
      <trkpt lat="68.32219069" lon="18.75017691">
        <time>2028-04-10T23:01:15Z</time>
      </trkpt>
      <trkpt lat="68.32221298" lon="18.75073389">
        <time>2028-04-10T23:02:52Z</time>
      </trkpt>
      <trkpt lat="68.32221089" lon="18.75081654">
        <time>2028-04-10T23:03:06Z</time>
      </trkpt>
      <trkpt lat="68.32215255" lon="18.7514865">
        <time>2028-04-10T23:05:05Z</time>
      </trkpt>
      <trkpt lat="68.32210192" lon="18.75212923">
        <time>2028-04-10T23:06:58Z</time>
      </trkpt>
      <trkpt lat="68.32202984" lon="18.75257062">
        <time>2028-04-10T23:08:21Z</time>
      </trkpt>
      <trkpt lat="68.32195239" lon="18.75297437">
        <time>2028-04-10T23:09:40Z</time>
      </trkpt>
      <trkpt lat="68.32186053" lon="18.75352163">
        <time>2028-04-10T23:11:23Z</time>
      </trkpt>
      <trkpt lat="68.32178081" lon="18.7539403">
        <time>2028-04-10T23:12:45Z</time>
      </trkpt>
      <trkpt lat="68.32169549" lon="18.75442687">
        <time>2028-04-10T23:14:18Z</time>
      </trkpt>
      <trkpt lat="68.32159222" lon="18.75495594">
        <time>2028-04-10T23:16:01Z</time>
      </trkpt>
      <trkpt lat="68.32152215" lon="18.75550906">
        <time>2028-04-10T23:17:42Z</time>
      </trkpt>
      <trkpt lat="68.32145484" lon="18.75624013">
        <time>2028-04-10T23:19:52Z</time>
      </trkpt>
      <trkpt lat="68.32143045" lon="18.75680507">
        <time>2028-04-10T23:21:30Z</time>
      </trkpt>
      <trkpt lat="68.32141989" lon="18.75735342">
        <time>2028-04-10T23:23:04Z</time>
      </trkpt>
      <trkpt lat="68.32140715" lon="18.75791484">
        <time>2028-04-10T23:24:41Z</time>
      </trkpt>
      <trkpt lat="68.3213908" lon="18.75849646">
        <time>2028-04-10T23:26:22Z</time>
      </trkpt>
      <trkpt lat="68.32136499" lon="18.75914647">
        <time>2028-04-10T23:28:15Z</time>
      </trkpt>
      <trkpt lat="68.32131553" lon="18.75982557">
        <time>2028-04-10T23:30:14Z</time>
      </trkpt>
      <trkpt lat="68.32125032" lon="18.76042044">
        <time>2028-04-10T23:32:01Z</time>
      </trkpt>
      <trkpt lat="68.32120028" lon="18.76118026">
        <time>2028-04-10T23:34:14Z</time>
      </trkpt>
      <trkpt lat="68.32113247" lon="18.7618312">
        <time>2028-04-10T23:36:11Z</time>
      </trkpt>
      <trkpt lat="68.32111445" lon="18.76199045">
        <time>2028-04-10T23:36:40Z</time>
      </trkpt>
      <trkpt lat="68.32111252" lon="18.76201501">
        <time>2028-04-10T23:36:44Z</time>
      </trkpt>
      <trkpt lat="68.32111135" lon="18.76202197">
        <time>2028-04-10T23:36:45Z</time>
      </trkpt>
      <trkpt lat="68.32111118" lon="18.7620239">
        <time>2028-04-10T23:36:46Z</time>
      </trkpt>
      <trkpt lat="68.32111144" lon="18.76202473">
        <time>2028-04-10T23:36:46Z</time>
      </trkpt>
      <trkpt lat="68.32111512" lon="18.76201509">
        <time>2028-04-10T23:36:48Z</time>
      </trkpt>
      <trkpt lat="68.32111462" lon="18.76201677">
        <time>2028-04-10T23:36:49Z</time>
      </trkpt>
      <trkpt lat="68.32111504" lon="18.76201862">
        <time>2028-04-10T23:36:49Z</time>
      </trkpt>
      <trkpt lat="68.32111244" lon="18.76202432">
        <time>2028-04-10T23:36:51Z</time>
      </trkpt>
      <trkpt lat="68.32111261" lon="18.76202473">
        <time>2028-04-10T23:36:51Z</time>
      </trkpt>
      <trkpt lat="68.32111236" lon="18.76203236">
        <time>2028-04-10T23:36:52Z</time>
      </trkpt>
      <trkpt lat="68.3211111" lon="18.76203043">
        <time>2028-04-10T23:36:53Z</time>
      </trkpt>
      <trkpt lat="68.32110984" lon="18.76202658">
        <time>2028-04-10T23:36:54Z</time>
      </trkpt>
      <trkpt lat="68.32111035" lon="18.76202473">
        <time>2028-04-10T23:36:54Z</time>
      </trkpt>
      <trkpt lat="68.32110708" lon="18.76202784">
        <time>2028-04-10T23:36:56Z</time>
      </trkpt>
      <trkpt lat="68.32108411" lon="18.7623554">
        <time>2028-04-10T23:37:53Z</time>
      </trkpt>
      <trkpt lat="68.32107531" lon="18.76240301">
        <time>2028-04-10T23:38:02Z</time>
      </trkpt>
      <trkpt lat="68.32106416" lon="18.76247945">
        <time>2028-04-10T23:38:16Z</time>
      </trkpt>
      <trkpt lat="68.32109392" lon="18.76284046">
        <time>2028-04-10T23:39:20Z</time>
      </trkpt>
      <trkpt lat="68.3211344" lon="18.76307046">
        <time>2028-04-10T23:40:04Z</time>
      </trkpt>
      <trkpt lat="68.32121705" lon="18.76356659">
        <time>2028-04-10T23:41:38Z</time>
      </trkpt>
      <trkpt lat="68.32123809" lon="18.76362258">
        <time>2028-04-10T23:41:52Z</time>
      </trkpt>
      <trkpt lat="68.32134655" lon="18.7637271">
        <time>2028-04-10T23:42:46Z</time>
      </trkpt>
      <trkpt lat="68.32138645" lon="18.76375283">
        <time>2028-04-10T23:43:05Z</time>
      </trkpt>
      <trkpt lat="68.32140489" lon="18.76375895">
        <time>2028-04-10T23:43:13Z</time>
      </trkpt>
      <trkpt lat="68.32145174" lon="18.7639509">
        <time>2028-04-10T23:43:53Z</time>
      </trkpt>
      <trkpt lat="68.32158007" lon="18.76463704">
        <time>2028-04-10T23:46:06Z</time>
      </trkpt>
      <trkpt lat="68.32178626" lon="18.76503845">
        <time>2028-04-10T23:48:04Z</time>
      </trkpt>
      <trkpt lat="68.3219513" lon="18.76531539">
        <time>2028-04-10T23:49:35Z</time>
      </trkpt>
      <trkpt lat="68.32209891" lon="18.76584043">
        <time>2028-04-10T23:51:29Z</time>
      </trkpt>
      <trkpt lat="68.32221407" lon="18.76636539">
        <time>2028-04-10T23:53:14Z</time>
      </trkpt>
      <trkpt lat="68.32232824" lon="18.76717499">
        <time>2028-04-10T23:55:44Z</time>
      </trkpt>
      <trkpt lat="68.32243184" lon="18.76779987">
        <time>2028-04-10T23:57:42Z</time>
      </trkpt>
      <trkpt lat="68.32249872" lon="18.76845567">
        <time>2028-04-10T23:59:39Z</time>
      </trkpt>
      <trkpt lat="68.32253041" lon="18.76902563">
        <time>2028-04-11T00:01:18Z</time>
      </trkpt>
      <trkpt lat="68.3225341" lon="18.76904785">
        <time>2028-04-11T00:01:23Z</time>
      </trkpt>
      <trkpt lat="68.32255689" lon="18.76963886">
        <time>2028-04-11T00:03:05Z</time>
      </trkpt>
      <trkpt lat="68.32261414" lon="18.77034847">
        <time>2028-04-11T00:05:10Z</time>
      </trkpt>
      <trkpt lat="68.32267248" lon="18.77095515">
        <time>2028-04-11T00:06:59Z</time>
      </trkpt>
      <trkpt lat="68.3227568" lon="18.77143141">
        <time>2028-04-11T00:08:30Z</time>
      </trkpt>
      <trkpt lat="68.32290181" lon="18.77188747">
        <time>2028-04-11T00:10:13Z</time>
      </trkpt>
      <trkpt lat="68.32291229" lon="18.77190121">
        <time>2028-04-11T00:10:19Z</time>
      </trkpt>
      <trkpt lat="68.32291815" lon="18.7718935">
        <time>2028-04-11T00:10:22Z</time>
      </trkpt>
      <trkpt lat="68.32291799" lon="18.7718935">
        <time>2028-04-11T00:10:22Z</time>
      </trkpt>
      <trkpt lat="68.3229205" lon="18.77189912">
        <time>2028-04-11T00:10:23Z</time>
      </trkpt>
      <trkpt lat="68.32292285" lon="18.77190926">
        <time>2028-04-11T00:10:26Z</time>
      </trkpt>
      <trkpt lat="68.32292092" lon="18.77190909">
        <time>2028-04-11T00:10:26Z</time>
      </trkpt>
      <trkpt lat="68.32292218" lon="18.77191446">
        <time>2028-04-11T00:10:28Z</time>
      </trkpt>
      <trkpt lat="68.32292167" lon="18.77190549">
        <time>2028-04-11T00:10:29Z</time>
      </trkpt>
      <trkpt lat="68.32299602" lon="18.77198596">
        <time>2028-04-11T00:11:06Z</time>
      </trkpt>
      <trkpt lat="68.3231541" lon="18.77217329">
        <time>2028-04-11T00:12:27Z</time>
      </trkpt>
      <trkpt lat="68.32328629" lon="18.7723768">
        <time>2028-04-11T00:13:38Z</time>
      </trkpt>
      <trkpt lat="68.32346683" lon="18.77255416">
        <time>2028-04-11T00:15:08Z</time>
      </trkpt>
      <trkpt lat="68.32360966" lon="18.77268308">
        <time>2028-04-11T00:16:18Z</time>
      </trkpt>
      <trkpt lat="68.32380965" lon="18.77291718">
        <time>2028-04-11T00:18:00Z</time>
      </trkpt>
      <trkpt lat="68.32397327" lon="18.77303998">
        <time>2028-04-11T00:19:19Z</time>
      </trkpt>
      <trkpt lat="68.32413076" lon="18.77316797">
        <time>2028-04-11T00:20:36Z</time>
      </trkpt>
      <trkpt lat="68.32429019" lon="18.77336511">
        <time>2028-04-11T00:21:58Z</time>
      </trkpt>
      <trkpt lat="68.32455749" lon="18.77381572">
        <time>2028-04-11T00:24:25Z</time>
      </trkpt>
      <trkpt lat="68.32470065" lon="18.77441101">
        <time>2028-04-11T00:26:27Z</time>
      </trkpt>
      <trkpt lat="68.32475572" lon="18.77485651">
        <time>2028-04-11T00:27:48Z</time>
      </trkpt>
      <trkpt lat="68.32482822" lon="18.77555095">
        <time>2028-04-11T00:29:53Z</time>
      </trkpt>
      <trkpt lat="68.32489788" lon="18.77622695">
        <time>2028-04-11T00:31:54Z</time>
      </trkpt>
      <trkpt lat="68.32493476" lon="18.77644496">
        <time>2028-04-11T00:32:35Z</time>
      </trkpt>
      <trkpt lat="68.3249278" lon="18.77646541">
        <time>2028-04-11T00:32:40Z</time>
      </trkpt>
      <trkpt lat="68.32498597" lon="18.77701627">
        <time>2028-04-11T00:34:19Z</time>
      </trkpt>
      <trkpt lat="68.32506711" lon="18.77770375">
        <time>2028-04-11T00:36:23Z</time>
      </trkpt>
      <trkpt lat="68.32514196" lon="18.77820583">
        <time>2028-04-11T00:37:56Z</time>
      </trkpt>
      <trkpt lat="68.32529769" lon="18.77880757">
        <time>2028-04-11T00:40:03Z</time>
      </trkpt>
      <trkpt lat="68.32544806" lon="18.77940964">
        <time>2028-04-11T00:42:09Z</time>
      </trkpt>
      <trkpt lat="68.32556801" lon="18.77978674">
        <time>2028-04-11T00:43:34Z</time>
      </trkpt>
      <trkpt lat="68.32569215" lon="18.78014431">
        <time>2028-04-11T00:44:59Z</time>
      </trkpt>
      <trkpt lat="68.32587428" lon="18.78066391">
        <time>2028-04-11T00:47:03Z</time>
      </trkpt>
      <trkpt lat="68.32603069" lon="18.78117026">
        <time>2028-04-11T00:48:56Z</time>
      </trkpt>
      <trkpt lat="68.32621652" lon="18.78182271">
        <time>2028-04-11T00:51:18Z</time>
      </trkpt>
      <trkpt lat="68.32630226" lon="18.78215848">
        <time>2028-04-11T00:52:29Z</time>
      </trkpt>
      <trkpt lat="68.32631735" lon="18.78219855">
        <time>2028-04-11T00:52:39Z</time>
      </trkpt>
      <trkpt lat="68.32631802" lon="18.78219847">
        <time>2028-04-11T00:52:39Z</time>
      </trkpt>
      <trkpt lat="68.32631668" lon="18.78219436">
        <time>2028-04-11T00:52:40Z</time>
      </trkpt>
      <trkpt lat="68.32631668" lon="18.78219486">
        <time>2028-04-11T00:52:40Z</time>
      </trkpt>
      <trkpt lat="68.32631785" lon="18.78219444">
        <time>2028-04-11T00:52:41Z</time>
      </trkpt>
      <trkpt lat="68.3263197" lon="18.78219218">
        <time>2028-04-11T00:52:42Z</time>
      </trkpt>
      <trkpt lat="68.32632582" lon="18.7821874">
        <time>2028-04-11T00:52:45Z</time>
      </trkpt>
      <trkpt lat="68.32637242" lon="18.78233274">
        <time>2028-04-11T00:53:18Z</time>
      </trkpt>
      <trkpt lat="68.32649672" lon="18.78279392">
        <time>2028-04-11T00:54:56Z</time>
      </trkpt>
      <trkpt lat="68.32661382" lon="18.78331066">
        <time>2028-04-11T00:56:41Z</time>
      </trkpt>
      <trkpt lat="68.32673016" lon="18.78383679">
        <time>2028-04-11T00:58:26Z</time>
      </trkpt>
      <trkpt lat="68.32681825" lon="18.7842144">
        <time>2028-04-11T00:59:43Z</time>
      </trkpt>
      <trkpt lat="68.3269216" lon="18.7847925">
        <time>2028-04-11T01:01:34Z</time>
      </trkpt>
      <trkpt lat="68.32699696" lon="18.78527915">
        <time>2028-04-11T01:03:05Z</time>
      </trkpt>
      <trkpt lat="68.32701774" lon="18.78533942">
        <time>2028-04-11T01:03:19Z</time>
      </trkpt>
      <trkpt lat="68.32703694" lon="18.78538426">
        <time>2028-04-11T01:03:31Z</time>
      </trkpt>
      <trkpt lat="68.3270397" lon="18.78538736">
        <time>2028-04-11T01:03:33Z</time>
      </trkpt>
      <trkpt lat="68.32718555" lon="18.78550094">
        <time>2028-04-11T01:04:44Z</time>
      </trkpt>
      <trkpt lat="68.32739267" lon="18.78563949">
        <time>2028-04-11T01:06:23Z</time>
      </trkpt>
      <trkpt lat="68.32763826" lon="18.78570529">
        <time>2028-04-11T01:08:18Z</time>
      </trkpt>
      <trkpt lat="68.32772945" lon="18.78570696">
        <time>2028-04-11T01:09:01Z</time>
      </trkpt>
      <trkpt lat="68.32794135" lon="18.78552524">
        <time>2028-04-11T01:10:45Z</time>
      </trkpt>
      <trkpt lat="68.32817294" lon="18.78532735">
        <time>2028-04-11T01:12:38Z</time>
      </trkpt>
      <trkpt lat="68.32844367" lon="18.78520581">
        <time>2028-04-11T01:14:46Z</time>
      </trkpt>
      <trkpt lat="68.32859723" lon="18.78513012">
        <time>2028-04-11T01:15:59Z</time>
      </trkpt>
      <trkpt lat="68.32859547" lon="18.78513113">
        <time>2028-04-11T01:16:00Z</time>
      </trkpt>
      <trkpt lat="68.32869161" lon="18.78514479">
        <time>2028-04-11T01:16:45Z</time>
      </trkpt>
      <trkpt lat="68.32883896" lon="18.78515049">
        <time>2028-04-11T01:17:54Z</time>
      </trkpt>
      <trkpt lat="68.32901775" lon="18.78520614">
        <time>2028-04-11T01:19:18Z</time>
      </trkpt>
      <trkpt lat="68.32911724" lon="18.78525744">
        <time>2028-04-11T01:20:05Z</time>
      </trkpt>
      <trkpt lat="68.32928538" lon="18.78542818">
        <time>2028-04-11T01:21:29Z</time>
      </trkpt>
      <trkpt lat="68.32943877" lon="18.78562281">
        <time>2028-04-11T01:22:48Z</time>
      </trkpt>
      <trkpt lat="68.32958755" lon="18.78579288">
        <time>2028-04-11T01:24:03Z</time>
      </trkpt>
      <trkpt lat="68.32975821" lon="18.78593713">
        <time>2028-04-11T01:25:27Z</time>
      </trkpt>
      <trkpt lat="68.32991486" lon="18.78609463">
        <time>2028-04-11T01:26:45Z</time>
      </trkpt>
      <trkpt lat="68.33005467" lon="18.78623846">
        <time>2028-04-11T01:27:55Z</time>
      </trkpt>
      <trkpt lat="68.33024436" lon="18.78645211">
        <time>2028-04-11T01:29:31Z</time>
      </trkpt>
      <trkpt lat="68.33049724" lon="18.78666535">
        <time>2028-04-11T01:31:34Z</time>
      </trkpt>
      <trkpt lat="68.33078767" lon="18.78692066">
        <time>2028-04-11T01:33:57Z</time>
      </trkpt>
      <trkpt lat="68.33102706" lon="18.78709434">
        <time>2028-04-11T01:35:53Z</time>
      </trkpt>
      <trkpt lat="68.33128505" lon="18.78733079">
        <time>2028-04-11T01:38:00Z</time>
      </trkpt>
      <trkpt lat="68.33163575" lon="18.78763824">
        <time>2028-04-11T01:40:52Z</time>
      </trkpt>
      <trkpt lat="68.33165847" lon="18.78765073">
        <time>2028-04-11T01:41:03Z</time>
      </trkpt>
      <trkpt lat="68.33167163" lon="18.78765592">
        <time>2028-04-11T01:41:09Z</time>
      </trkpt>
      <trkpt lat="68.33167255" lon="18.78765408">
        <time>2028-04-11T01:41:10Z</time>
      </trkpt>
      <trkpt lat="68.33166995" lon="18.78765752">
        <time>2028-04-11T01:41:11Z</time>
      </trkpt>
      <trkpt lat="68.33168403" lon="18.78769616">
        <time>2028-04-11T01:41:20Z</time>
      </trkpt>
      <trkpt lat="68.33169325" lon="18.78769984">
        <time>2028-04-11T01:41:25Z</time>
      </trkpt>
      <trkpt lat="68.33169283" lon="18.78765408">
        <time>2028-04-11T01:41:32Z</time>
      </trkpt>
      <trkpt lat="68.33168135" lon="18.78765819">
        <time>2028-04-11T01:41:38Z</time>
      </trkpt>
      <trkpt lat="68.33168906" lon="18.78768643">
        <time>2028-04-11T01:41:44Z</time>
      </trkpt>
      <trkpt lat="68.33170264" lon="18.7876654">
        <time>2028-04-11T01:41:51Z</time>
      </trkpt>
      <trkpt lat="68.33170088" lon="18.78766397">
        <time>2028-04-11T01:41:52Z</time>
      </trkpt>
      <trkpt lat="68.33170088" lon="18.78766313">
        <time>2028-04-11T01:41:52Z</time>
      </trkpt>
      <trkpt lat="68.33169878" lon="18.78764511">
        <time>2028-04-11T01:41:55Z</time>
      </trkpt>
      <trkpt lat="68.33170247" lon="18.787654">
        <time>2028-04-11T01:41:58Z</time>
      </trkpt>
      <trkpt lat="68.33170189" lon="18.78767009">
        <time>2028-04-11T01:42:01Z</time>
      </trkpt>
      <trkpt lat="68.33170448" lon="18.78766892">
        <time>2028-04-11T01:42:02Z</time>
      </trkpt>
      <trkpt lat="68.33170624" lon="18.78764603">
        <time>2028-04-11T01:42:06Z</time>
      </trkpt>
      <trkpt lat="68.33169862" lon="18.78764746">
        <time>2028-04-11T01:42:09Z</time>
      </trkpt>
      <trkpt lat="68.33170281" lon="18.78766992">
        <time>2028-04-11T01:42:14Z</time>
      </trkpt>
      <trkpt lat="68.33169912" lon="18.78766011">
        <time>2028-04-11T01:42:16Z</time>
      </trkpt>
      <trkpt lat="68.3317008" lon="18.78762793">
        <time>2028-04-11T01:42:22Z</time>
      </trkpt>
      <trkpt lat="68.33171697" lon="18.78768786">
        <time>2028-04-11T01:42:35Z</time>
      </trkpt>
      <trkpt lat="68.33171278" lon="18.78766615">
        <time>2028-04-11T01:42:39Z</time>
      </trkpt>
      <trkpt lat="68.33170809" lon="18.78766246">
        <time>2028-04-11T01:42:41Z</time>
      </trkpt>
      <trkpt lat="68.33170666" lon="18.7876581">
        <time>2028-04-11T01:42:42Z</time>
      </trkpt>
      <trkpt lat="68.33171345" lon="18.78764955">
        <time>2028-04-11T01:42:46Z</time>
      </trkpt>
      <trkpt lat="68.33171412" lon="18.78765651">
        <time>2028-04-11T01:42:47Z</time>
      </trkpt>
      <trkpt lat="68.33170574" lon="18.78763438">
        <time>2028-04-11T01:42:52Z</time>
      </trkpt>
      <trkpt lat="68.33170465" lon="18.78762592">
        <time>2028-04-11T01:42:54Z</time>
      </trkpt>
      <trkpt lat="68.3316878" lon="18.78759482">
        <time>2028-04-11T01:43:03Z</time>
      </trkpt>
      <trkpt lat="68.33169971" lon="18.78764394">
        <time>2028-04-11T01:43:13Z</time>
      </trkpt>
      <trkpt lat="68.33181689" lon="18.78780185">
        <time>2028-04-11T01:44:15Z</time>
      </trkpt>
      <trkpt lat="68.33200967" lon="18.78811575">
        <time>2028-04-11T01:46:00Z</time>
      </trkpt>
      <trkpt lat="68.33209709" lon="18.78820603">
        <time>2028-04-11T01:46:43Z</time>
      </trkpt>
      <trkpt lat="68.33227479" lon="18.7884087">
        <time>2028-04-11T01:48:13Z</time>
      </trkpt>
      <trkpt lat="68.3324861" lon="18.78855933">
        <time>2028-04-11T01:49:55Z</time>
      </trkpt>
      <trkpt lat="68.3326368" lon="18.78869939">
        <time>2028-04-11T01:51:10Z</time>
      </trkpt>
      <trkpt lat="68.33274392" lon="18.78885076">
        <time>2028-04-11T01:52:06Z</time>
      </trkpt>
      <trkpt lat="68.33290402" lon="18.78908252">
        <time>2028-04-11T01:53:31Z</time>
      </trkpt>
      <trkpt lat="68.33308884" lon="18.789381">
        <time>2028-04-11T01:55:11Z</time>
      </trkpt>
      <trkpt lat="68.33326444" lon="18.78974981">
        <time>2028-04-11T01:56:55Z</time>
      </trkpt>
      <trkpt lat="68.33327718" lon="18.7897778">
        <time>2028-04-11T01:57:03Z</time>
      </trkpt>
      <trkpt lat="68.33342487" lon="18.79012808">
        <time>2028-04-11T01:58:34Z</time>
      </trkpt>
      <trkpt lat="68.33354926" lon="18.79038784">
        <time>2028-04-11T01:59:48Z</time>
      </trkpt>
      <trkpt lat="68.33373902" lon="18.79080618">
        <time>2028-04-11T02:01:42Z</time>
      </trkpt>
      <trkpt lat="68.3339044" lon="18.7911464">
        <time>2028-04-11T02:03:19Z</time>
      </trkpt>
      <trkpt lat="68.33408821" lon="18.79146391">
        <time>2028-04-11T02:05:01Z</time>
      </trkpt>
      <trkpt lat="68.33413029" lon="18.79151789">
        <time>2028-04-11T02:05:23Z</time>
      </trkpt>
      <trkpt lat="68.33440782" lon="18.79173565">
        <time>2028-04-11T02:07:37Z</time>
      </trkpt>
      <trkpt lat="68.33465869" lon="18.79185149">
        <time>2028-04-11T02:09:36Z</time>
      </trkpt>
      <trkpt lat="68.33493864" lon="18.79195098">
        <time>2028-04-11T02:11:48Z</time>
      </trkpt>
      <trkpt lat="68.33521239" lon="18.79206154">
        <time>2028-04-11T02:13:57Z</time>
      </trkpt>
      <trkpt lat="68.33543636" lon="18.79211426">
        <time>2028-04-11T02:15:42Z</time>
      </trkpt>
      <trkpt lat="68.33572914" lon="18.79228307">
        <time>2028-04-11T02:18:02Z</time>
      </trkpt>
      <trkpt lat="68.33574498" lon="18.79229154">
        <time>2028-04-11T02:18:10Z</time>
      </trkpt>
      <trkpt lat="68.33574557" lon="18.7922917">
        <time>2028-04-11T02:18:10Z</time>
      </trkpt>
      <trkpt lat="68.33574582" lon="18.79229229">
        <time>2028-04-11T02:18:10Z</time>
      </trkpt>
      <trkpt lat="68.33574624" lon="18.79229338">
        <time>2028-04-11T02:18:10Z</time>
      </trkpt>
      <trkpt lat="68.33582528" lon="18.79234032">
        <time>2028-04-11T02:18:48Z</time>
      </trkpt>
      <trkpt lat="68.33601831" lon="18.79240704">
        <time>2028-04-11T02:20:19Z</time>
      </trkpt>
      <trkpt lat="68.33620322" lon="18.7924694">
        <time>2028-04-11T02:21:46Z</time>
      </trkpt>
      <trkpt lat="68.33642576" lon="18.79257199">
        <time>2028-04-11T02:23:31Z</time>
      </trkpt>
      <trkpt lat="68.33666515" lon="18.7928864">
        <time>2028-04-11T02:25:36Z</time>
      </trkpt>
      <trkpt lat="68.33686723" lon="18.79337632">
        <time>2028-04-11T02:27:42Z</time>
      </trkpt>
      <trkpt lat="68.33707485" lon="18.79371327">
        <time>2028-04-11T02:29:35Z</time>
      </trkpt>
      <trkpt lat="68.33722447" lon="18.79388787">
        <time>2028-04-11T02:30:51Z</time>
      </trkpt>
      <trkpt lat="68.33744818" lon="18.79418727">
        <time>2028-04-11T02:32:48Z</time>
      </trkpt>
      <trkpt lat="68.33769193" lon="18.79453378">
        <time>2028-04-11T02:34:56Z</time>
      </trkpt>
      <trkpt lat="68.33778958" lon="18.79462061">
        <time>2028-04-11T02:35:44Z</time>
      </trkpt>
      <trkpt lat="68.33781196" lon="18.7946388">
        <time>2028-04-11T02:35:55Z</time>
      </trkpt>
      <trkpt lat="68.33782093" lon="18.79463763">
        <time>2028-04-11T02:35:59Z</time>
      </trkpt>
      <trkpt lat="68.33782244" lon="18.79463805">
        <time>2028-04-11T02:36:00Z</time>
      </trkpt>
      <trkpt lat="68.33788379" lon="18.79470871">
        <time>2028-04-11T02:36:31Z</time>
      </trkpt>
      <trkpt lat="68.33806559" lon="18.79493594">
        <time>2028-04-11T02:38:05Z</time>
      </trkpt>
      <trkpt lat="68.33824505" lon="18.79510811">
        <time>2028-04-11T02:39:34Z</time>
      </trkpt>
      <trkpt lat="68.33843985" lon="18.79523735">
        <time>2028-04-11T02:41:07Z</time>
      </trkpt>
      <trkpt lat="68.33866121" lon="18.79543182">
        <time>2028-04-11T02:42:56Z</time>
      </trkpt>
      <trkpt lat="68.33884503" lon="18.79558059">
        <time>2028-04-11T02:44:26Z</time>
      </trkpt>
      <trkpt lat="68.33889373" lon="18.79559442">
        <time>2028-04-11T02:44:48Z</time>
      </trkpt>
      <trkpt lat="68.33891049" lon="18.79560272">
        <time>2028-04-11T02:44:56Z</time>
      </trkpt>
      <trkpt lat="68.33903094" lon="18.7957489">
        <time>2028-04-11T02:45:58Z</time>
      </trkpt>
      <trkpt lat="68.3391544" lon="18.79584655">
        <time>2028-04-11T02:46:58Z</time>
      </trkpt>
      <trkpt lat="68.33929941" lon="18.79594546">
        <time>2028-04-11T02:48:08Z</time>
      </trkpt>
      <trkpt lat="68.33962815" lon="18.79624494">
        <time>2028-04-11T02:50:50Z</time>
      </trkpt>
      <trkpt lat="68.33980668" lon="18.79640856">
        <time>2028-04-11T02:52:18Z</time>
      </trkpt>
      <trkpt lat="68.33992126" lon="18.79652046">
        <time>2028-04-11T02:53:15Z</time>
      </trkpt>
      <trkpt lat="68.3401138" lon="18.79678709">
        <time>2028-04-11T02:54:56Z</time>
      </trkpt>
      <trkpt lat="68.34034329" lon="18.7970341">
        <time>2028-04-11T02:56:51Z</time>
      </trkpt>
      <trkpt lat="68.3403826" lon="18.79709277">
        <time>2028-04-11T02:57:12Z</time>
      </trkpt>
      <trkpt lat="68.34040482" lon="18.7971268">
        <time>2028-04-11T02:57:24Z</time>
      </trkpt>
      <trkpt lat="68.34040255" lon="18.7971139">
        <time>2028-04-11T02:57:26Z</time>
      </trkpt>
      <trkpt lat="68.34039912" lon="18.79712328">
        <time>2028-04-11T02:57:29Z</time>
      </trkpt>
      <trkpt lat="68.34051797" lon="18.79731707">
        <time>2028-04-11T02:58:33Z</time>
      </trkpt>
      <trkpt lat="68.34056625" lon="18.79738698">
        <time>2028-04-11T02:58:59Z</time>
      </trkpt>
      <trkpt lat="68.34056608" lon="18.79738471">
        <time>2028-04-11T02:58:59Z</time>
      </trkpt>
      <trkpt lat="68.34056575" lon="18.79738991">
        <time>2028-04-11T02:59:00Z</time>
      </trkpt>
      <trkpt lat="68.34056575" lon="18.79739025">
        <time>2028-04-11T02:59:00Z</time>
      </trkpt>
      <trkpt lat="68.3405634" lon="18.79739528">
        <time>2028-04-11T02:59:02Z</time>
      </trkpt>
      <trkpt lat="68.34058997" lon="18.79742989">
        <time>2028-04-11T02:59:15Z</time>
      </trkpt>
      <trkpt lat="68.34057975" lon="18.79742838">
        <time>2028-04-11T02:59:20Z</time>
      </trkpt>
      <trkpt lat="68.34058637" lon="18.79741489">
        <time>2028-04-11T02:59:24Z</time>
      </trkpt>
      <trkpt lat="68.3405867" lon="18.79741707">
        <time>2028-04-11T02:59:24Z</time>
      </trkpt>
      <trkpt lat="68.34058922" lon="18.79742612">
        <time>2028-04-11T02:59:26Z</time>
      </trkpt>
      <trkpt lat="68.34059048" lon="18.79742889">
        <time>2028-04-11T02:59:27Z</time>
      </trkpt>
      <trkpt lat="68.34058997" lon="18.79743107">
        <time>2028-04-11T02:59:28Z</time>
      </trkpt>
      <trkpt lat="68.3405893" lon="18.79743853">
        <time>2028-04-11T02:59:29Z</time>
      </trkpt>
      <trkpt lat="68.34058528" lon="18.79743719">
        <time>2028-04-11T02:59:31Z</time>
      </trkpt>
      <trkpt lat="68.34056692" lon="18.79741598">
        <time>2028-04-11T02:59:40Z</time>
      </trkpt>
      <trkpt lat="68.34056281" lon="18.79741204">
        <time>2028-04-11T02:59:42Z</time>
      </trkpt>
      <trkpt lat="68.34055058" lon="18.79743962">
        <time>2028-04-11T02:59:50Z</time>
      </trkpt>
      <trkpt lat="68.3405577" lon="18.7974076">
        <time>2028-04-11T02:59:56Z</time>
      </trkpt>
      <trkpt lat="68.34057245" lon="18.79739854">
        <time>2028-04-11T03:00:03Z</time>
      </trkpt>
      <trkpt lat="68.34057195" lon="18.79740056">
        <time>2028-04-11T03:00:04Z</time>
      </trkpt>
      <trkpt lat="68.34057178" lon="18.79740072">
        <time>2028-04-11T03:00:04Z</time>
      </trkpt>
      <trkpt lat="68.34057145" lon="18.79740383">
        <time>2028-04-11T03:00:04Z</time>
      </trkpt>
      <trkpt lat="68.34057145" lon="18.79740374">
        <time>2028-04-11T03:00:04Z</time>
      </trkpt>
      <trkpt lat="68.34057136" lon="18.79740324">
        <time>2028-04-11T03:00:04Z</time>
      </trkpt>
      <trkpt lat="68.34057078" lon="18.79740424">
        <time>2028-04-11T03:00:05Z</time>
      </trkpt>
      <trkpt lat="68.34056843" lon="18.79741103">
        <time>2028-04-11T03:00:06Z</time>
      </trkpt>
      <trkpt lat="68.34056709" lon="18.79741279">
        <time>2028-04-11T03:00:07Z</time>
      </trkpt>
      <trkpt lat="68.34057053" lon="18.79739687">
        <time>2028-04-11T03:00:10Z</time>
      </trkpt>
      <trkpt lat="68.34057304" lon="18.7974024">
        <time>2028-04-11T03:00:12Z</time>
      </trkpt>
      <trkpt lat="68.34058033" lon="18.79739787">
        <time>2028-04-11T03:00:15Z</time>
      </trkpt>
      <trkpt lat="68.34058561" lon="18.79742319">
        <time>2028-04-11T03:00:20Z</time>
      </trkpt>
      <trkpt lat="68.34056701" lon="18.7973879">
        <time>2028-04-11T03:00:31Z</time>
      </trkpt>
      <trkpt lat="68.34056701" lon="18.79739796">
        <time>2028-04-11T03:00:32Z</time>
      </trkpt>
      <trkpt lat="68.34071201" lon="18.7976723">
        <time>2028-04-11T03:01:55Z</time>
      </trkpt>
      <trkpt lat="68.34090698" lon="18.79797639">
        <time>2028-04-11T03:03:40Z</time>
      </trkpt>
      <trkpt lat="68.34108551" lon="18.79818711">
        <time>2028-04-11T03:05:11Z</time>
      </trkpt>
      <trkpt lat="68.3412824" lon="18.79856279">
        <time>2028-04-11T03:07:03Z</time>
      </trkpt>
      <trkpt lat="68.34140427" lon="18.79890678">
        <time>2028-04-11T03:08:26Z</time>
      </trkpt>
      <trkpt lat="68.34155666" lon="18.79916436">
        <time>2028-04-11T03:09:49Z</time>
      </trkpt>
      <trkpt lat="68.34170083" lon="18.79937215">
        <time>2028-04-11T03:11:06Z</time>
      </trkpt>
      <trkpt lat="68.34186729" lon="18.79948338">
        <time>2028-04-11T03:12:26Z</time>
      </trkpt>
      <trkpt lat="68.34207466" lon="18.79959561">
        <time>2028-04-11T03:14:05Z</time>
      </trkpt>
      <trkpt lat="68.34223241" lon="18.79964188">
        <time>2028-04-11T03:15:19Z</time>
      </trkpt>
      <trkpt lat="68.34239091" lon="18.79964548">
        <time>2028-04-11T03:16:33Z</time>
      </trkpt>
      <trkpt lat="68.3425645" lon="18.79960324">
        <time>2028-04-11T03:17:54Z</time>
      </trkpt>
      <trkpt lat="68.34278142" lon="18.79950047">
        <time>2028-04-11T03:19:37Z</time>
      </trkpt>
      <trkpt lat="68.34303766" lon="18.79946846">
        <time>2028-04-11T03:21:37Z</time>
      </trkpt>
      <trkpt lat="68.34307252" lon="18.79947181">
        <time>2028-04-11T03:21:53Z</time>
      </trkpt>
      <trkpt lat="68.34308032" lon="18.79949645">
        <time>2028-04-11T03:21:58Z</time>
      </trkpt>
      <trkpt lat="68.34308082" lon="18.79949712">
        <time>2028-04-11T03:21:59Z</time>
      </trkpt>
      <trkpt lat="68.34308149" lon="18.79949972">
        <time>2028-04-11T03:21:59Z</time>
      </trkpt>
      <trkpt lat="68.34308191" lon="18.79950056">
        <time>2028-04-11T03:22:00Z</time>
      </trkpt>
      <trkpt lat="68.34309298" lon="18.79951841">
        <time>2028-04-11T03:22:06Z</time>
      </trkpt>
      <trkpt lat="68.34319079" lon="18.79957885">
        <time>2028-04-11T03:22:52Z</time>
      </trkpt>
      <trkpt lat="68.34336698" lon="18.79957256">
        <time>2028-04-11T03:24:15Z</time>
      </trkpt>
      <trkpt lat="68.34349363" lon="18.79958136">
        <time>2028-04-11T03:25:14Z</time>
      </trkpt>
      <trkpt lat="68.34363998" lon="18.79966216">
        <time>2028-04-11T03:26:24Z</time>
      </trkpt>
      <trkpt lat="68.34367518" lon="18.79970013">
        <time>2028-04-11T03:26:41Z</time>
      </trkpt>
      <trkpt lat="68.34380477" lon="18.79987766">
        <time>2028-04-11T03:27:49Z</time>
      </trkpt>
      <trkpt lat="68.34390275" lon="18.80029994">
        <time>2028-04-11T03:29:15Z</time>
      </trkpt>
      <trkpt lat="68.34399562" lon="18.80091366">
        <time>2028-04-11T03:31:09Z</time>
      </trkpt>
      <trkpt lat="68.34410836" lon="18.80149461">
        <time>2028-04-11T03:33:02Z</time>
      </trkpt>
      <trkpt lat="68.34412253" lon="18.80160048">
        <time>2028-04-11T03:33:22Z</time>
      </trkpt>
      <trkpt lat="68.34415957" lon="18.80173517">
        <time>2028-04-11T03:33:51Z</time>
      </trkpt>
      <trkpt lat="68.34420324" lon="18.80187381">
        <time>2028-04-11T03:34:22Z</time>
      </trkpt>
      <trkpt lat="68.34421883" lon="18.80189963">
        <time>2028-04-11T03:34:31Z</time>
      </trkpt>
      <trkpt lat="68.34421992" lon="18.80191304">
        <time>2028-04-11T03:34:33Z</time>
      </trkpt>
      <trkpt lat="68.34423518" lon="18.80196568">
        <time>2028-04-11T03:34:45Z</time>
      </trkpt>
      <trkpt lat="68.34423912" lon="18.80195822">
        <time>2028-04-11T03:34:47Z</time>
      </trkpt>
      <trkpt lat="68.34424423" lon="18.80192569">
        <time>2028-04-11T03:34:53Z</time>
      </trkpt>
      <trkpt lat="68.34424892" lon="18.80191849">
        <time>2028-04-11T03:34:55Z</time>
      </trkpt>
      <trkpt lat="68.34423568" lon="18.8019345">
        <time>2028-04-11T03:35:02Z</time>
      </trkpt>
      <trkpt lat="68.34423141" lon="18.80192896">
        <time>2028-04-11T03:35:04Z</time>
      </trkpt>
      <trkpt lat="68.34423291" lon="18.80192771">
        <time>2028-04-11T03:35:05Z</time>
      </trkpt>
      <trkpt lat="68.34423359" lon="18.80192896">
        <time>2028-04-11T03:35:06Z</time>
      </trkpt>
      <trkpt lat="68.34423409" lon="18.80192896">
        <time>2028-04-11T03:35:06Z</time>
      </trkpt>
      <trkpt lat="68.34423442" lon="18.80193005">
        <time>2028-04-11T03:35:06Z</time>
      </trkpt>
      <trkpt lat="68.34423794" lon="18.80193341">
        <time>2028-04-11T03:35:08Z</time>
      </trkpt>
      <trkpt lat="68.34425655" lon="18.80194162">
        <time>2028-04-11T03:35:17Z</time>
      </trkpt>
      <trkpt lat="68.34426829" lon="18.8019034">
        <time>2028-04-11T03:35:25Z</time>
      </trkpt>
      <trkpt lat="68.34424901" lon="18.80192972">
        <time>2028-04-11T03:35:35Z</time>
      </trkpt>
      <trkpt lat="68.34427709" lon="18.80206014">
        <time>2028-04-11T03:36:01Z</time>
      </trkpt>
      <trkpt lat="68.34429117" lon="18.80213801">
        <time>2028-04-11T03:36:16Z</time>
      </trkpt>
      <trkpt lat="68.34436937" lon="18.80236667">
        <time>2028-04-11T03:37:10Z</time>
      </trkpt>
      <trkpt lat="68.34450725" lon="18.80282273">
        <time>2028-04-11T03:38:51Z</time>
      </trkpt>
      <trkpt lat="68.34462142" lon="18.80320461">
        <time>2028-04-11T03:40:16Z</time>
      </trkpt>
      <trkpt lat="68.34471378" lon="18.80369646">
        <time>2028-04-11T03:41:51Z</time>
      </trkpt>
      <trkpt lat="68.34478034" lon="18.80403961">
        <time>2028-04-11T03:42:58Z</time>
      </trkpt>
      <trkpt lat="68.34490724" lon="18.80455887">
        <time>2028-04-11T03:44:45Z</time>
      </trkpt>
      <trkpt lat="68.34503506" lon="18.80517192">
        <time>2028-04-11T03:46:47Z</time>
      </trkpt>
      <trkpt lat="68.34512735" lon="18.8056144">
        <time>2028-04-11T03:48:14Z</time>
      </trkpt>
      <trkpt lat="68.34526682" lon="18.80622813">
        <time>2028-04-11T03:50:18Z</time>
      </trkpt>
      <trkpt lat="68.34540605" lon="18.80666415">
        <time>2028-04-11T03:51:58Z</time>
      </trkpt>
      <trkpt lat="68.34549448" lon="18.80720143">
        <time>2028-04-11T03:53:39Z</time>
      </trkpt>
      <trkpt lat="68.3455736" lon="18.80770326">
        <time>2028-04-11T03:55:13Z</time>
      </trkpt>
      <trkpt lat="68.34568793" lon="18.80822696">
        <time>2028-04-11T03:56:58Z</time>
      </trkpt>
      <trkpt lat="68.34578281" lon="18.80870917">
        <time>2028-04-11T03:58:32Z</time>
      </trkpt>
      <trkpt lat="68.34590712" lon="18.80922709">
        <time>2028-04-11T04:00:19Z</time>
      </trkpt>
      <trkpt lat="68.34603058" lon="18.80987953">
        <time>2028-04-11T04:02:25Z</time>
      </trkpt>
      <trkpt lat="68.34605179" lon="18.81000518">
        <time>2028-04-11T04:02:49Z</time>
      </trkpt>
      <trkpt lat="68.34605497" lon="18.8100139">
        <time>2028-04-11T04:02:51Z</time>
      </trkpt>
      <trkpt lat="68.34605564" lon="18.81001507">
        <time>2028-04-11T04:02:51Z</time>
      </trkpt>
      <trkpt lat="68.34605791" lon="18.81002488">
        <time>2028-04-11T04:02:53Z</time>
      </trkpt>
      <trkpt lat="68.34608397" lon="18.81006955">
        <time>2028-04-11T04:03:08Z</time>
      </trkpt>
      <trkpt lat="68.34621197" lon="18.81073692">
        <time>2028-04-11T04:05:17Z</time>
      </trkpt>
      <trkpt lat="68.34633401" lon="18.81128694">
        <time>2028-04-11T04:07:08Z</time>
      </trkpt>
      <trkpt lat="68.34648178" lon="18.81180335">
        <time>2028-04-11T04:09:00Z</time>
      </trkpt>
      <trkpt lat="68.34660575" lon="18.81228782">
        <time>2028-04-11T04:10:42Z</time>
      </trkpt>
      <trkpt lat="68.34669971" lon="18.81273634">
        <time>2028-04-11T04:12:11Z</time>
      </trkpt>
      <trkpt lat="68.34682091" lon="18.81323908">
        <time>2028-04-11T04:13:54Z</time>
      </trkpt>
      <trkpt lat="68.34694111" lon="18.81389354">
        <time>2028-04-11T04:16:00Z</time>
      </trkpt>
      <trkpt lat="68.34702828" lon="18.81423871">
        <time>2028-04-11T04:17:12Z</time>
      </trkpt>
      <trkpt lat="68.34714102" lon="18.81465688">
        <time>2028-04-11T04:18:42Z</time>
      </trkpt>
      <trkpt lat="68.34726674" lon="18.81522903">
        <time>2028-04-11T04:20:36Z</time>
      </trkpt>
      <trkpt lat="68.34737345" lon="18.81572147">
        <time>2028-04-11T04:22:15Z</time>
      </trkpt>
      <trkpt lat="68.34741393" lon="18.81587276">
        <time>2028-04-11T04:22:47Z</time>
      </trkpt>
      <trkpt lat="68.34745752" lon="18.81603428">
        <time>2028-04-11T04:23:21Z</time>
      </trkpt>
      <trkpt lat="68.34746229" lon="18.81603914">
        <time>2028-04-11T04:23:24Z</time>
      </trkpt>
      <trkpt lat="68.34755089" lon="18.81638909">
        <time>2028-04-11T04:24:37Z</time>
      </trkpt>
      <trkpt lat="68.34763119" lon="18.8168205">
        <time>2028-04-11T04:26:00Z</time>
      </trkpt>
      <trkpt lat="68.34772683" lon="18.81722493">
        <time>2028-04-11T04:27:23Z</time>
      </trkpt>
      <trkpt lat="68.34785365" lon="18.81766498">
        <time>2028-04-11T04:28:59Z</time>
      </trkpt>
      <trkpt lat="68.34788692" lon="18.81777235">
        <time>2028-04-11T04:29:23Z</time>
      </trkpt>
      <trkpt lat="68.34789312" lon="18.81797503">
        <time>2028-04-11T04:29:58Z</time>
      </trkpt>
      <trkpt lat="68.34789086" lon="18.81850745">
        <time>2028-04-11T04:31:30Z</time>
      </trkpt>
      <trkpt lat="68.34787284" lon="18.81864659">
        <time>2028-04-11T04:31:55Z</time>
      </trkpt>
      <trkpt lat="68.34782791" lon="18.81878355">
        <time>2028-04-11T04:32:27Z</time>
      </trkpt>
      <trkpt lat="68.34766078" lon="18.81883342">
        <time>2028-04-11T04:33:45Z</time>
      </trkpt>
      <trkpt lat="68.3475638" lon="18.81884993">
        <time>2028-04-11T04:34:31Z</time>
      </trkpt>
      <trkpt lat="68.34755634" lon="18.81882478">
        <time>2028-04-11T04:34:36Z</time>
      </trkpt>
      <trkpt lat="68.34755156" lon="18.81879654">
        <time>2028-04-11T04:34:42Z</time>
      </trkpt>
      <trkpt lat="68.3475467" lon="18.81879771">
        <time>2028-04-11T04:34:44Z</time>
      </trkpt>
      <trkpt lat="68.34754326" lon="18.81879679">
        <time>2028-04-11T04:34:46Z</time>
      </trkpt>
      <trkpt lat="68.34754452" lon="18.81878899">
        <time>2028-04-11T04:34:47Z</time>
      </trkpt>
      <trkpt lat="68.34754762" lon="18.81878547">
        <time>2028-04-11T04:34:49Z</time>
      </trkpt>
      <trkpt lat="68.34755533" lon="18.81878623">
        <time>2028-04-11T04:34:52Z</time>
      </trkpt>
      <trkpt lat="68.34755542" lon="18.81878539">
        <time>2028-04-11T04:34:52Z</time>
      </trkpt>
      <trkpt lat="68.34755952" lon="18.81878019">
        <time>2028-04-11T04:34:55Z</time>
      </trkpt>
      <trkpt lat="68.34756112" lon="18.81876267">
        <time>2028-04-11T04:34:58Z</time>
      </trkpt>
      <trkpt lat="68.34754947" lon="18.81877776">
        <time>2028-04-11T04:35:04Z</time>
      </trkpt>
      <trkpt lat="68.34755165" lon="18.81876879">
        <time>2028-04-11T04:35:06Z</time>
      </trkpt>
      <trkpt lat="68.34755542" lon="18.81877894">
        <time>2028-04-11T04:35:08Z</time>
      </trkpt>
      <trkpt lat="68.34756003" lon="18.81877441">
        <time>2028-04-11T04:35:10Z</time>
      </trkpt>
      <trkpt lat="68.34756087" lon="18.81878514">
        <time>2028-04-11T04:35:12Z</time>
      </trkpt>
      <trkpt lat="68.34756372" lon="18.81882638">
        <time>2028-04-11T04:35:19Z</time>
      </trkpt>
      <trkpt lat="68.3475726" lon="18.81885018">
        <time>2028-04-11T04:35:25Z</time>
      </trkpt>
      <trkpt lat="68.34757654" lon="18.81880945">
        <time>2028-04-11T04:35:32Z</time>
      </trkpt>
      <trkpt lat="68.34757235" lon="18.81880232">
        <time>2028-04-11T04:35:35Z</time>
      </trkpt>
      <trkpt lat="68.34757118" lon="18.81879855">
        <time>2028-04-11T04:35:36Z</time>
      </trkpt>
      <trkpt lat="68.34756246" lon="18.81878438">
        <time>2028-04-11T04:35:40Z</time>
      </trkpt>
      <trkpt lat="68.34757109" lon="18.81875932">
        <time>2028-04-11T04:35:46Z</time>
      </trkpt>
      <trkpt lat="68.34754888" lon="18.81876871">
        <time>2028-04-11T04:35:57Z</time>
      </trkpt>
      <trkpt lat="68.34742256" lon="18.81916987">
        <time>2028-04-11T04:37:28Z</time>
      </trkpt>
      <trkpt lat="68.34733916" lon="18.81950556">
        <time>2028-04-11T04:38:37Z</time>
      </trkpt>
      <trkpt lat="68.34721721" lon="18.82000429">
        <time>2028-04-11T04:40:20Z</time>
      </trkpt>
      <trkpt lat="68.34715292" lon="18.82003211">
        <time>2028-04-11T04:40:51Z</time>
      </trkpt>
      <trkpt lat="68.34714537" lon="18.81986414">
        <time>2028-04-11T04:41:20Z</time>
      </trkpt>
      <trkpt lat="68.34695041" lon="18.81985391">
        <time>2028-04-11T04:42:51Z</time>
      </trkpt>
      <trkpt lat="68.34690456" lon="18.81983229">
        <time>2028-04-11T04:43:13Z</time>
      </trkpt>
      <trkpt lat="68.34681119" lon="18.81972131">
        <time>2028-04-11T04:44:00Z</time>
      </trkpt>
      <trkpt lat="68.34674782" lon="18.81967982">
        <time>2028-04-11T04:44:31Z</time>
      </trkpt>
      <trkpt lat="68.34669082" lon="18.8196986">
        <time>2028-04-11T04:44:58Z</time>
      </trkpt>
      <trkpt lat="68.34656845" lon="18.81994142">
        <time>2028-04-11T04:46:08Z</time>
      </trkpt>
      <trkpt lat="68.34651916" lon="18.82008098">
        <time>2028-04-11T04:46:42Z</time>
      </trkpt>
      <trkpt lat="68.34650508" lon="18.82011032">
        <time>2028-04-11T04:46:50Z</time>
      </trkpt>
      <trkpt lat="68.34651556" lon="18.82011216">
        <time>2028-04-11T04:46:55Z</time>
      </trkpt>
      <trkpt lat="68.34648396" lon="18.82052086">
        <time>2028-04-11T04:48:07Z</time>
      </trkpt>
      <trkpt lat="68.34647507" lon="18.82092965">
        <time>2028-04-11T04:49:17Z</time>
      </trkpt>
      <trkpt lat="68.34648756" lon="18.82110357">
        <time>2028-04-11T04:49:48Z</time>
      </trkpt>
      <trkpt lat="68.34656367" lon="18.82154119">
        <time>2028-04-11T04:51:11Z</time>
      </trkpt>
      <trkpt lat="68.34661631" lon="18.82205006">
        <time>2028-04-11T04:52:42Z</time>
      </trkpt>
      <trkpt lat="68.34665109" lon="18.82247938">
        <time>2028-04-11T04:53:58Z</time>
      </trkpt>
      <trkpt lat="68.34667641" lon="18.82292303">
        <time>2028-04-11T04:55:15Z</time>
      </trkpt>
      <trkpt lat="68.34666953" lon="18.8231672">
        <time>2028-04-11T04:55:58Z</time>
      </trkpt>
      <trkpt lat="68.34666995" lon="18.82318044">
        <time>2028-04-11T04:56:00Z</time>
      </trkpt>
      <trkpt lat="68.34666811" lon="18.82317943">
        <time>2028-04-11T04:56:01Z</time>
      </trkpt>
      <trkpt lat="68.34667155" lon="18.8231786">
        <time>2028-04-11T04:56:02Z</time>
      </trkpt>
      <trkpt lat="68.34676635" lon="18.82356534">
        <time>2028-04-11T04:57:22Z</time>
      </trkpt>
      <trkpt lat="68.3468282" lon="18.82408929">
        <time>2028-04-11T04:58:57Z</time>
      </trkpt>
      <trkpt lat="68.34685519" lon="18.82438542">
        <time>2028-04-11T04:59:50Z</time>
      </trkpt>
      <trkpt lat="68.34689928" lon="18.82476739">
        <time>2028-04-11T05:00:59Z</time>
      </trkpt>
      <trkpt lat="68.34690716" lon="18.82491868">
        <time>2028-04-11T05:01:25Z</time>
      </trkpt>
      <trkpt lat="68.34690716" lon="18.82496922">
        <time>2028-04-11T05:01:34Z</time>
      </trkpt>
      <trkpt lat="68.34690758" lon="18.8249854">
        <time>2028-04-11T05:01:37Z</time>
      </trkpt>
      <trkpt lat="68.34690984" lon="18.82500929">
        <time>2028-04-11T05:01:41Z</time>
      </trkpt>
      <trkpt lat="68.34691571" lon="18.82533903">
        <time>2028-04-11T05:02:38Z</time>
      </trkpt>
      <trkpt lat="68.34693817" lon="18.82579794">
        <time>2028-04-11T05:03:57Z</time>
      </trkpt>
      <trkpt lat="68.34694957" lon="18.8260763">
        <time>2028-04-11T05:04:46Z</time>
      </trkpt>
      <trkpt lat="68.34697128" lon="18.82649347">
        <time>2028-04-11T05:05:58Z</time>
      </trkpt>
      <trkpt lat="68.34697958" lon="18.82694157">
        <time>2028-04-11T05:07:16Z</time>
      </trkpt>
      <trkpt lat="68.34699333" lon="18.82749628">
        <time>2028-04-11T05:08:51Z</time>
      </trkpt>
      <trkpt lat="68.34699484" lon="18.82754247">
        <time>2028-04-11T05:08:59Z</time>
      </trkpt>
      <trkpt lat="68.3469945" lon="18.82763618">
        <time>2028-04-11T05:09:15Z</time>
      </trkpt>
      <trkpt lat="68.34699626" lon="18.82764364">
        <time>2028-04-11T05:09:17Z</time>
      </trkpt>
      <trkpt lat="68.34703867" lon="18.82788143">
        <time>2028-04-11T05:10:02Z</time>
      </trkpt>
      <trkpt lat="68.34704488" lon="18.82790415">
        <time>2028-04-11T05:10:07Z</time>
      </trkpt>
      <trkpt lat="68.34715015" lon="18.82810271">
        <time>2028-04-11T05:11:07Z</time>
      </trkpt>
      <trkpt lat="68.34729482" lon="18.82832492">
        <time>2028-04-11T05:12:25Z</time>
      </trkpt>
      <trkpt lat="68.34738242" lon="18.82853824">
        <time>2028-04-11T05:13:20Z</time>
      </trkpt>
      <trkpt lat="68.34749574" lon="18.82887108">
        <time>2028-04-11T05:14:38Z</time>
      </trkpt>
      <trkpt lat="68.34754997" lon="18.82892272">
        <time>2028-04-11T05:15:05Z</time>
      </trkpt>
      <trkpt lat="68.34772339" lon="18.82911927">
        <time>2028-04-11T05:16:33Z</time>
      </trkpt>
      <trkpt lat="68.34777821" lon="18.82917685">
        <time>2028-04-11T05:17:00Z</time>
      </trkpt>
      <trkpt lat="68.34782934" lon="18.82923285">
        <time>2028-04-11T05:17:26Z</time>
      </trkpt>
      <trkpt lat="68.34783772" lon="18.82932412">
        <time>2028-04-11T05:17:42Z</time>
      </trkpt>
      <trkpt lat="68.34783596" lon="18.82932681">
        <time>2028-04-11T05:17:43Z</time>
      </trkpt>
      <trkpt lat="68.34784627" lon="18.82934927">
        <time>2028-04-11T05:17:49Z</time>
      </trkpt>
      <trkpt lat="68.34784811" lon="18.82937911">
        <time>2028-04-11T05:17:54Z</time>
      </trkpt>
      <trkpt lat="68.34784954" lon="18.8293797">
        <time>2028-04-11T05:17:55Z</time>
      </trkpt>
      <trkpt lat="68.34784904" lon="18.82937894">
        <time>2028-04-11T05:17:55Z</time>
      </trkpt>
      <trkpt lat="68.34784887" lon="18.82937567">
        <time>2028-04-11T05:17:56Z</time>
      </trkpt>
      <trkpt lat="68.34785046" lon="18.82936478">
        <time>2028-04-11T05:17:58Z</time>
      </trkpt>
      <trkpt lat="68.34784543" lon="18.82935975">
        <time>2028-04-11T05:18:00Z</time>
      </trkpt>
      <trkpt lat="68.3478342" lon="18.8293683">
        <time>2028-04-11T05:18:06Z</time>
      </trkpt>
      <trkpt lat="68.34783655" lon="18.82942538">
        <time>2028-04-11T05:18:16Z</time>
      </trkpt>
      <trkpt lat="68.34782909" lon="18.82941239">
        <time>2028-04-11T05:18:20Z</time>
      </trkpt>
      <trkpt lat="68.34783336" lon="18.82940945">
        <time>2028-04-11T05:18:22Z</time>
      </trkpt>
      <trkpt lat="68.34782942" lon="18.82939068">
        <time>2028-04-11T05:18:26Z</time>
      </trkpt>
      <trkpt lat="68.34782171" lon="18.82939059">
        <time>2028-04-11T05:18:29Z</time>
      </trkpt>
      <trkpt lat="68.3478342" lon="18.82940375">
        <time>2028-04-11T05:18:35Z</time>
      </trkpt>
      <trkpt lat="68.34784191" lon="18.82940937">
        <time>2028-04-11T05:18:39Z</time>
      </trkpt>
      <trkpt lat="68.34784241" lon="18.829404">
        <time>2028-04-11T05:18:40Z</time>
      </trkpt>
      <trkpt lat="68.34784334" lon="18.82938867">
        <time>2028-04-11T05:18:43Z</time>
      </trkpt>
      <trkpt lat="68.34784225" lon="18.82941213">
        <time>2028-04-11T05:18:47Z</time>
      </trkpt>
      <trkpt lat="68.34784535" lon="18.82959662">
        <time>2028-04-11T05:19:19Z</time>
      </trkpt>
      <trkpt lat="68.34784543" lon="18.82959578">
        <time>2028-04-11T05:19:19Z</time>
      </trkpt>
      <trkpt lat="68.34784459" lon="18.82959989">
        <time>2028-04-11T05:19:20Z</time>
      </trkpt>
      <trkpt lat="68.34784493" lon="18.82960274">
        <time>2028-04-11T05:19:20Z</time>
      </trkpt>
      <trkpt lat="68.34784468" lon="18.82960383">
        <time>2028-04-11T05:19:20Z</time>
      </trkpt>
      <trkpt lat="68.34784702" lon="18.8296102">
        <time>2028-04-11T05:19:22Z</time>
      </trkpt>
      <trkpt lat="68.34786672" lon="18.82966099">
        <time>2028-04-11T05:19:35Z</time>
      </trkpt>
      <trkpt lat="68.3478539" lon="18.82965085">
        <time>2028-04-11T05:19:41Z</time>
      </trkpt>
      <trkpt lat="68.34785616" lon="18.82950895">
        <time>2028-04-11T05:20:05Z</time>
      </trkpt>
      <trkpt lat="68.347843" lon="18.82940945">
        <time>2028-04-11T05:20:24Z</time>
      </trkpt>
      <trkpt lat="68.34783428" lon="18.82956544">
        <time>2028-04-11T05:20:51Z</time>
      </trkpt>
      <trkpt lat="68.34784258" lon="18.82965127">
        <time>2028-04-11T05:21:06Z</time>
      </trkpt>
      <trkpt lat="68.34784971" lon="18.82974305">
        <time>2028-04-11T05:21:22Z</time>
      </trkpt>
      <trkpt lat="68.34784987" lon="18.82974272">
        <time>2028-04-11T05:21:22Z</time>
      </trkpt>
      <trkpt lat="68.34784996" lon="18.8297407">
        <time>2028-04-11T05:21:23Z</time>
      </trkpt>
      <trkpt lat="68.34784342" lon="18.82978714">
        <time>2028-04-11T05:21:31Z</time>
      </trkpt>
      <trkpt lat="68.34783479" lon="18.82982444">
        <time>2028-04-11T05:21:39Z</time>
      </trkpt>
      <trkpt lat="68.3478363" lon="18.82981815">
        <time>2028-04-11T05:21:40Z</time>
      </trkpt>
      <trkpt lat="68.34783269" lon="18.82980474">
        <time>2028-04-11T05:21:43Z</time>
      </trkpt>
      <trkpt lat="68.34784015" lon="18.82979418">
        <time>2028-04-11T05:21:47Z</time>
      </trkpt>
      <trkpt lat="68.3478466" lon="18.82979074">
        <time>2028-04-11T05:21:50Z</time>
      </trkpt>
      <trkpt lat="68.34783554" lon="18.8297107">
        <time>2028-04-11T05:22:05Z</time>
      </trkpt>
      <trkpt lat="68.34783437" lon="18.82969092">
        <time>2028-04-11T05:22:08Z</time>
      </trkpt>
      <trkpt lat="68.34784912" lon="18.82979561">
        <time>2028-04-11T05:22:27Z</time>
      </trkpt>
      <trkpt lat="68.34785256" lon="18.82979326">
        <time>2028-04-11T05:22:29Z</time>
      </trkpt>
      <trkpt lat="68.34785298" lon="18.82979142">
        <time>2028-04-11T05:22:29Z</time>
      </trkpt>
      <trkpt lat="68.34785356" lon="18.82979142">
        <time>2028-04-11T05:22:30Z</time>
      </trkpt>
      <trkpt lat="68.34785398" lon="18.82978823">
        <time>2028-04-11T05:22:30Z</time>
      </trkpt>
      <trkpt lat="68.34785574" lon="18.82977909">
        <time>2028-04-11T05:22:32Z</time>
      </trkpt>
      <trkpt lat="68.34785616" lon="18.82977038">
        <time>2028-04-11T05:22:34Z</time>
      </trkpt>
      <trkpt lat="68.34785641" lon="18.82977063">
        <time>2028-04-11T05:22:34Z</time>
      </trkpt>
      <trkpt lat="68.34784962" lon="18.82975194">
        <time>2028-04-11T05:22:38Z</time>
      </trkpt>
      <trkpt lat="68.34785616" lon="18.82973266">
        <time>2028-04-11T05:22:43Z</time>
      </trkpt>
      <trkpt lat="68.3478622" lon="18.82976552">
        <time>2028-04-11T05:22:49Z</time>
      </trkpt>
      <trkpt lat="68.34786396" lon="18.82977599">
        <time>2028-04-11T05:22:51Z</time>
      </trkpt>
      <trkpt lat="68.34785582" lon="18.82976761">
        <time>2028-04-11T05:22:55Z</time>
      </trkpt>
      <trkpt lat="68.34784962" lon="18.82970332">
        <time>2028-04-11T05:23:07Z</time>
      </trkpt>
      <trkpt lat="68.3478487" lon="18.82970466">
        <time>2028-04-11T05:23:07Z</time>
      </trkpt>
      <trkpt lat="68.34784954" lon="18.82970709">
        <time>2028-04-11T05:23:08Z</time>
      </trkpt>
      <trkpt lat="68.34784954" lon="18.82970659">
        <time>2028-04-11T05:23:08Z</time>
      </trkpt>
      <trkpt lat="68.34790193" lon="18.82989703">
        <time>2028-04-11T05:23:49Z</time>
      </trkpt>
      <trkpt lat="68.34804576" lon="18.83022283">
        <time>2028-04-11T05:25:16Z</time>
      </trkpt>
      <trkpt lat="68.34805431" lon="18.83023364">
        <time>2028-04-11T05:25:21Z</time>
      </trkpt>
      <trkpt lat="68.34813301" lon="18.83012384">
        <time>2028-04-11T05:26:02Z</time>
      </trkpt>
      <trkpt lat="68.34820451" lon="18.82940635">
        <time>2028-04-11T05:28:10Z</time>
      </trkpt>
      <trkpt lat="68.34837869" lon="18.82888357">
        <time>2028-04-11T05:30:11Z</time>
      </trkpt>
      <trkpt lat="68.34842697" lon="18.82884686">
        <time>2028-04-11T05:30:35Z</time>
      </trkpt>
    </trkseg>
  </trk>
  <wpt lat="66.957000" lon="17.380193">
    <name>D45 · Kvikkjokk north</name>
    <desc>Section 5 · 2028-03-30 · cum 917 km · T · 6–7 days food + all alkylate to Ritsem</desc>
    <sym>Campground</sym>
    <type>camp</type>
  </wpt>
  <wpt lat="67.070032" lon="17.151464">
    <name>D46 · Padjelanta west</name>
    <desc>Section 5 · 2028-03-31 · cum 935 km · T · GPS essential</desc>
    <sym>Campground</sym>
    <type>camp</type>
  </wpt>
  <wpt lat="67.218822" lon="17.099097">
    <name>D47 · Stora Sjøfallet</name>
    <desc>Section 5 · 2028-04-01 · cum 953 km · T · Laponia · no shops</desc>
    <sym>Campground</sym>
    <type>camp</type>
  </wpt>
  <wpt lat="67.334374" lon="17.205995">
    <name>D48 · Saltoluokta side</name>
    <desc>Section 5 · 2028-04-02 · cum 971 km · T · W corridor · STF tent if east detour</desc>
    <sym>Campground</sym>
    <type>camp</type>
  </wpt>
  <wpt lat="67.473778" lon="17.155897">
    <name>D49 · W of Saltoluokta</name>
    <desc>Section 5 · 2028-04-03 · cum 988 km · T · W Saltoluokta</desc>
    <sym>Campground</sym>
    <type>camp</type>
  </wpt>
  <wpt lat="67.586019" lon="17.230241">
    <name>D50 · Áhkká / Ritsem fjäll</name>
    <desc>Section 5 · 2028-04-04 · cum 1006 km · T</desc>
    <sym>Campground</sym>
    <type>camp</type>
  </wpt>
  <wpt lat="67.714589" lon="17.435343">
    <name>D51 · Ritsem approach</name>
    <desc>Section 5 · 2028-04-05 · cum 1024 km · T</desc>
    <sym>Campground</sym>
    <type>camp</type>
  </wpt>
  <wpt lat="67.732700" lon="17.471100">
    <name>D52 · Ritsem</name>
    <desc>Section 5 · 2028-04-06 · cum 1040 km · D · Power Fuel alkylate · STF H</desc>
    <sym>City</sym>
    <type>resupply</type>
  </wpt>
  <wpt lat="67.883218" lon="17.778792">
    <name>D53 · Sitojaure</name>
    <desc>Section 5 · 2028-04-07 · cum 1058 km · H · KL · optional hut top-up</desc>
    <sym>Lodging</sym>
    <type>hut</type>
  </wpt>
  <wpt lat="67.939546" lon="18.065307">
    <name>D54 · Hukejaure</name>
    <desc>Section 5 · 2028-04-08 · cum 1076 km · T · W Nikkaluokta · Sarri camping optional</desc>
    <sym>Campground</sym>
    <type>camp</type>
  </wpt>
  <wpt lat="67.946376" lon="18.281701">
    <name>D55 · Sälka</name>
    <desc>Section 5 · 2028-04-09 · cum 1093 km · H · STF Sälka · tent if full</desc>
    <sym>Lodging</sym>
    <type>hut</type>
  </wpt>
  <wpt lat="68.099127" lon="18.310015">
    <name>D56 · Tjäktja</name>
    <desc>Section 5 · 2028-04-10 · cum 1111 km · T · Steep pass</desc>
    <sym>Campground</sym>
    <type>camp</type>
  </wpt>
  <wpt lat="68.166651" lon="18.444425">
    <name>D57 · Alesjaure</name>
    <desc>Section 5 · 2028-04-11 · cum 1129 km · T · STF tält at hut</desc>
    <sym>Campground</sym>
    <type>camp</type>
  </wpt>
  <wpt lat="68.286531" lon="18.595369">
    <name>D58 · Abiskojaure</name>
    <desc>Section 5 · 2028-04-12 · cum 1147 km · T · Last hut before Abisko village</desc>
    <sym>Campground</sym>
    <type>camp</type>
  </wpt>
  <wpt lat="68.350000" lon="18.830000">
    <name>D59 · Abisko</name>
    <desc>Section 5 · 2028-04-13 · cum 1165 km · D · Fjällboden · STF tent site · Björkliden RV ~10 km</desc>
    <sym>City</sym>
    <type>resupply</type>
  </wpt>
  <wpt lat="66.951300" lon="17.728500">
    <name>Kvikkjokk</name>
  </wpt>
  <wpt lat="67.732700" lon="17.471100">
    <name>Ritsem (STF)</name>
  </wpt>
  <wpt lat="67.394089" lon="18.520761">
    <name>STF Saltoluokta</name>
  </wpt>
  <wpt lat="67.946376" lon="18.281701">
    <name>Sälka fjällstation</name>
  </wpt>
  <wpt lat="67.850827" lon="19.012983">
    <name>Nikkaluokta Sarri</name>
  </wpt>
  <wpt lat="68.350000" lon="18.830000">
    <name>Abisko</name>
  </wpt>
  <wpt lat="68.437000" lon="18.279000">
    <name>Björkliden Camping</name>
  </wpt>
</gpx>
