<?xml version="1.0" encoding="UTF-8"?>
<gpx xmlns="http://www.topografix.com/GPX/1/1" version="1.1" creator="VitaBandet">
  <metadata>
    <name>Christian Kämmer's Band</name>
  </metadata>
  <trk>
    <name>Christian Kämmer's Band</name>
    <trkseg>
      <trkpt lat="62.0984" lon="12.31241">
        <time>2023-03-06T20:23:00Z</time>
      </trkpt>
      <trkpt lat="62.0984" lon="12.31241">
        <time>2023-03-06T20:23:00Z</time>
      </trkpt>
      <trkpt lat="62.09799" lon="12.31252">
        <time>2023-03-06T20:34:00Z</time>
      </trkpt>
      <trkpt lat="62.09799" lon="12.31252">
        <time>2023-03-06T20:34:00Z</time>
      </trkpt>
      <trkpt lat="62.09707" lon="12.31218">
        <time>2023-03-06T21:04:00Z</time>
      </trkpt>
      <trkpt lat="62.09707" lon="12.31218">
        <time>2023-03-06T21:04:00Z</time>
      </trkpt>
      <trkpt lat="62.09704" lon="12.31222">
        <time>2023-03-06T21:14:00Z</time>
      </trkpt>
      <trkpt lat="62.09704" lon="12.31222">
        <time>2023-03-06T21:14:00Z</time>
      </trkpt>
      <trkpt lat="62.09816" lon="12.31284">
        <time>2023-03-06T21:25:00Z</time>
      </trkpt>
      <trkpt lat="62.09816" lon="12.31284">
        <time>2023-03-06T21:25:00Z</time>
      </trkpt>
      <trkpt lat="62.09821" lon="12.31241">
        <time>2023-03-06T21:37:00Z</time>
      </trkpt>
      <trkpt lat="62.09821" lon="12.31241">
        <time>2023-03-06T21:37:00Z</time>
      </trkpt>
      <trkpt lat="62.09546" lon="12.31128">
        <time>2023-03-06T22:20:00Z</time>
      </trkpt>
      <trkpt lat="62.09546" lon="12.31128">
        <time>2023-03-06T22:20:00Z</time>
      </trkpt>
      <trkpt lat="62.09825" lon="12.31267">
        <time>2023-03-06T22:30:00Z</time>
      </trkpt>
      <trkpt lat="62.09825" lon="12.31267">
        <time>2023-03-06T22:30:00Z</time>
      </trkpt>
      <trkpt lat="62.09829" lon="12.31248">
        <time>2023-03-06T22:40:00Z</time>
      </trkpt>
      <trkpt lat="62.09829" lon="12.31248">
        <time>2023-03-06T22:40:00Z</time>
      </trkpt>
      <trkpt lat="62.09275" lon="12.31316">
        <time>2023-03-07T00:33:00Z</time>
      </trkpt>
      <trkpt lat="62.09275" lon="12.31316">
        <time>2023-03-07T00:33:00Z</time>
      </trkpt>
      <trkpt lat="62.09819" lon="12.31278">
        <time>2023-03-07T00:43:00Z</time>
      </trkpt>
      <trkpt lat="62.09819" lon="12.31278">
        <time>2023-03-07T00:43:00Z</time>
      </trkpt>
      <trkpt lat="62.09826" lon="12.31284">
        <time>2023-03-07T00:53:00Z</time>
      </trkpt>
      <trkpt lat="62.09826" lon="12.31284">
        <time>2023-03-07T00:53:00Z</time>
      </trkpt>
      <trkpt lat="62.09871" lon="12.31241">
        <time>2023-03-07T08:07:00Z</time>
      </trkpt>
      <trkpt lat="62.09871" lon="12.31241">
        <time>2023-03-07T08:07:00Z</time>
      </trkpt>
      <trkpt lat="62.0988" lon="12.31404">
        <time>2023-03-07T08:17:00Z</time>
      </trkpt>
      <trkpt lat="62.0988" lon="12.31404">
        <time>2023-03-07T08:17:00Z</time>
      </trkpt>
      <trkpt lat="62.09816" lon="12.31864">
        <time>2023-03-07T08:27:00Z</time>
      </trkpt>
      <trkpt lat="62.09816" lon="12.31864">
        <time>2023-03-07T08:27:00Z</time>
      </trkpt>
      <trkpt lat="62.09925" lon="12.32312">
        <time>2023-03-07T08:37:00Z</time>
      </trkpt>
      <trkpt lat="62.09925" lon="12.32312">
        <time>2023-03-07T08:37:00Z</time>
      </trkpt>
      <trkpt lat="62.10215" lon="12.33074">
        <time>2023-03-07T08:47:00Z</time>
      </trkpt>
      <trkpt lat="62.10215" lon="12.33074">
        <time>2023-03-07T08:47:00Z</time>
      </trkpt>
      <trkpt lat="62.10694" lon="12.33404">
        <time>2023-03-07T08:57:00Z</time>
      </trkpt>
      <trkpt lat="62.10694" lon="12.33404">
        <time>2023-03-07T08:57:00Z</time>
      </trkpt>
      <trkpt lat="62.11131" lon="12.33775">
        <time>2023-03-07T09:07:00Z</time>
      </trkpt>
      <trkpt lat="62.11131" lon="12.33775">
        <time>2023-03-07T09:07:00Z</time>
      </trkpt>
      <trkpt lat="62.1175" lon="12.34805">
        <time>2023-03-07T09:17:00Z</time>
      </trkpt>
      <trkpt lat="62.1175" lon="12.34805">
        <time>2023-03-07T09:17:00Z</time>
      </trkpt>
      <trkpt lat="62.12939" lon="12.35846">
        <time>2023-03-07T09:27:00Z</time>
      </trkpt>
      <trkpt lat="62.12939" lon="12.35846">
        <time>2023-03-07T09:27:00Z</time>
      </trkpt>
      <trkpt lat="62.13758" lon="12.36204">
        <time>2023-03-07T09:37:00Z</time>
      </trkpt>
      <trkpt lat="62.13758" lon="12.36204">
        <time>2023-03-07T09:37:00Z</time>
      </trkpt>
      <trkpt lat="62.15041" lon="12.37046">
        <time>2023-03-07T09:47:00Z</time>
      </trkpt>
      <trkpt lat="62.15041" lon="12.37046">
        <time>2023-03-07T09:47:00Z</time>
      </trkpt>
      <trkpt lat="62.16318" lon="12.37947">
        <time>2023-03-07T09:57:00Z</time>
      </trkpt>
      <trkpt lat="62.16318" lon="12.37947">
        <time>2023-03-07T09:57:00Z</time>
      </trkpt>
      <trkpt lat="62.18239" lon="12.38934">
        <time>2023-03-07T10:07:00Z</time>
      </trkpt>
      <trkpt lat="62.18239" lon="12.38934">
        <time>2023-03-07T10:07:00Z</time>
      </trkpt>
      <trkpt lat="62.18871" lon="12.39106">
        <time>2023-03-07T10:17:00Z</time>
      </trkpt>
      <trkpt lat="62.18871" lon="12.39106">
        <time>2023-03-07T10:17:00Z</time>
      </trkpt>
      <trkpt lat="62.1887" lon="12.39106">
        <time>2023-03-07T10:27:00Z</time>
      </trkpt>
      <trkpt lat="62.1887" lon="12.39106">
        <time>2023-03-07T10:27:00Z</time>
      </trkpt>
      <trkpt lat="62.19914" lon="12.38329">
        <time>2023-03-07T10:57:00Z</time>
      </trkpt>
      <trkpt lat="62.19914" lon="12.38329">
        <time>2023-03-07T10:57:00Z</time>
      </trkpt>
      <trkpt lat="62.21041" lon="12.36955">
        <time>2023-03-07T11:07:00Z</time>
      </trkpt>
      <trkpt lat="62.21041" lon="12.36955">
        <time>2023-03-07T11:07:00Z</time>
      </trkpt>
      <trkpt lat="62.21664" lon="12.35471">
        <time>2023-03-07T11:17:00Z</time>
      </trkpt>
      <trkpt lat="62.21664" lon="12.35471">
        <time>2023-03-07T11:17:00Z</time>
      </trkpt>
      <trkpt lat="62.22323" lon="12.34857">
        <time>2023-03-07T11:27:00Z</time>
      </trkpt>
      <trkpt lat="62.22323" lon="12.34857">
        <time>2023-03-07T11:27:00Z</time>
      </trkpt>
      <trkpt lat="62.23181" lon="12.35226">
        <time>2023-03-07T11:37:00Z</time>
      </trkpt>
      <trkpt lat="62.23181" lon="12.35226">
        <time>2023-03-07T11:37:00Z</time>
      </trkpt>
      <trkpt lat="62.24168" lon="12.34803">
        <time>2023-03-07T11:47:00Z</time>
      </trkpt>
      <trkpt lat="62.24168" lon="12.34803">
        <time>2023-03-07T11:47:00Z</time>
      </trkpt>
      <trkpt lat="62.25328" lon="12.34956">
        <time>2023-03-07T11:57:00Z</time>
      </trkpt>
      <trkpt lat="62.25328" lon="12.34956">
        <time>2023-03-07T11:57:00Z</time>
      </trkpt>
      <trkpt lat="62.25994" lon="12.3579">
        <time>2023-03-07T12:07:00Z</time>
      </trkpt>
      <trkpt lat="62.25994" lon="12.3579">
        <time>2023-03-07T12:07:00Z</time>
      </trkpt>
      <trkpt lat="62.26002" lon="12.37584">
        <time>2023-03-07T12:17:00Z</time>
      </trkpt>
      <trkpt lat="62.26002" lon="12.37584">
        <time>2023-03-07T12:17:00Z</time>
      </trkpt>
      <trkpt lat="62.26402" lon="12.38271">
        <time>2023-03-07T12:27:00Z</time>
      </trkpt>
      <trkpt lat="62.26402" lon="12.38271">
        <time>2023-03-07T12:27:00Z</time>
      </trkpt>
      <trkpt lat="62.27376" lon="12.39069">
        <time>2023-03-07T12:37:00Z</time>
      </trkpt>
      <trkpt lat="62.27376" lon="12.39069">
        <time>2023-03-07T12:37:00Z</time>
      </trkpt>
      <trkpt lat="62.27959" lon="12.39674">
        <time>2023-03-07T12:47:00Z</time>
      </trkpt>
      <trkpt lat="62.27959" lon="12.39674">
        <time>2023-03-07T12:47:00Z</time>
      </trkpt>
      <trkpt lat="62.28695" lon="12.40151">
        <time>2023-03-07T12:57:00Z</time>
      </trkpt>
      <trkpt lat="62.28695" lon="12.40151">
        <time>2023-03-07T12:57:00Z</time>
      </trkpt>
      <trkpt lat="62.29307" lon="12.41608">
        <time>2023-03-07T13:07:00Z</time>
      </trkpt>
      <trkpt lat="62.29307" lon="12.41608">
        <time>2023-03-07T13:07:00Z</time>
      </trkpt>
      <trkpt lat="62.29753" lon="12.43421">
        <time>2023-03-07T13:17:00Z</time>
      </trkpt>
      <trkpt lat="62.29753" lon="12.43421">
        <time>2023-03-07T13:17:00Z</time>
      </trkpt>
      <trkpt lat="62.30677" lon="12.43768">
        <time>2023-03-07T13:27:00Z</time>
      </trkpt>
      <trkpt lat="62.30677" lon="12.43768">
        <time>2023-03-07T13:27:00Z</time>
      </trkpt>
      <trkpt lat="62.31242" lon="12.44232">
        <time>2023-03-07T13:37:00Z</time>
      </trkpt>
      <trkpt lat="62.31242" lon="12.44232">
        <time>2023-03-07T13:37:00Z</time>
      </trkpt>
      <trkpt lat="62.32113" lon="12.43768">
        <time>2023-03-07T13:47:00Z</time>
      </trkpt>
      <trkpt lat="62.32113" lon="12.43768">
        <time>2023-03-07T13:47:00Z</time>
      </trkpt>
      <trkpt lat="62.32783" lon="12.42041">
        <time>2023-03-07T13:57:00Z</time>
      </trkpt>
      <trkpt lat="62.32783" lon="12.42041">
        <time>2023-03-07T13:57:00Z</time>
      </trkpt>
      <trkpt lat="62.3345" lon="12.40247">
        <time>2023-03-07T14:07:00Z</time>
      </trkpt>
      <trkpt lat="62.3345" lon="12.40247">
        <time>2023-03-07T14:07:00Z</time>
      </trkpt>
      <trkpt lat="62.34068" lon="12.38397">
        <time>2023-03-07T14:17:00Z</time>
      </trkpt>
      <trkpt lat="62.34068" lon="12.38397">
        <time>2023-03-07T14:17:00Z</time>
      </trkpt>
      <trkpt lat="62.34517" lon="12.37067">
        <time>2023-03-07T14:27:00Z</time>
      </trkpt>
      <trkpt lat="62.34517" lon="12.37067">
        <time>2023-03-07T14:27:00Z</time>
      </trkpt>
      <trkpt lat="62.34997" lon="12.35743">
        <time>2023-03-07T14:37:00Z</time>
      </trkpt>
      <trkpt lat="62.34997" lon="12.35743">
        <time>2023-03-07T14:37:00Z</time>
      </trkpt>
      <trkpt lat="62.35524" lon="12.34548">
        <time>2023-03-07T14:47:00Z</time>
      </trkpt>
      <trkpt lat="62.35524" lon="12.34548">
        <time>2023-03-07T14:47:00Z</time>
      </trkpt>
      <trkpt lat="62.35862" lon="12.3411">
        <time>2023-03-07T14:57:00Z</time>
      </trkpt>
      <trkpt lat="62.35862" lon="12.3411">
        <time>2023-03-07T14:57:00Z</time>
      </trkpt>
      <trkpt lat="62.36611" lon="12.34009">
        <time>2023-03-07T15:07:00Z</time>
      </trkpt>
      <trkpt lat="62.36611" lon="12.34009">
        <time>2023-03-07T15:07:00Z</time>
      </trkpt>
      <trkpt lat="62.37333" lon="12.33067">
        <time>2023-03-07T15:17:00Z</time>
      </trkpt>
      <trkpt lat="62.37333" lon="12.33067">
        <time>2023-03-07T15:17:00Z</time>
      </trkpt>
      <trkpt lat="62.37896" lon="12.314">
        <time>2023-03-07T15:27:00Z</time>
      </trkpt>
      <trkpt lat="62.37896" lon="12.314">
        <time>2023-03-07T15:27:00Z</time>
      </trkpt>
      <trkpt lat="62.38356" lon="12.3007">
        <time>2023-03-07T15:37:00Z</time>
      </trkpt>
      <trkpt lat="62.38356" lon="12.3007">
        <time>2023-03-07T15:37:00Z</time>
      </trkpt>
      <trkpt lat="62.38756" lon="12.28862">
        <time>2023-03-07T15:47:00Z</time>
      </trkpt>
      <trkpt lat="62.38756" lon="12.28862">
        <time>2023-03-07T15:47:00Z</time>
      </trkpt>
      <trkpt lat="62.38785" lon="12.28832">
        <time>2023-03-08T10:04:00Z</time>
      </trkpt>
      <trkpt lat="62.38785" lon="12.28832">
        <time>2023-03-08T10:04:00Z</time>
      </trkpt>
      <trkpt lat="62.39142" lon="12.28441">
        <time>2023-03-08T10:14:00Z</time>
      </trkpt>
      <trkpt lat="62.39142" lon="12.28441">
        <time>2023-03-08T10:14:00Z</time>
      </trkpt>
      <trkpt lat="62.39765" lon="12.28025">
        <time>2023-03-08T10:24:00Z</time>
      </trkpt>
      <trkpt lat="62.39765" lon="12.28025">
        <time>2023-03-08T10:24:00Z</time>
      </trkpt>
      <trkpt lat="62.40264" lon="12.27512">
        <time>2023-03-08T10:34:00Z</time>
      </trkpt>
      <trkpt lat="62.40264" lon="12.27512">
        <time>2023-03-08T10:34:00Z</time>
      </trkpt>
      <trkpt lat="62.40998" lon="12.27424">
        <time>2023-03-08T10:44:00Z</time>
      </trkpt>
      <trkpt lat="62.40998" lon="12.27424">
        <time>2023-03-08T10:44:00Z</time>
      </trkpt>
      <trkpt lat="62.41887" lon="12.2813">
        <time>2023-03-08T10:54:00Z</time>
      </trkpt>
      <trkpt lat="62.41887" lon="12.2813">
        <time>2023-03-08T10:54:00Z</time>
      </trkpt>
      <trkpt lat="62.4252" lon="12.29179">
        <time>2023-03-08T11:04:00Z</time>
      </trkpt>
      <trkpt lat="62.4252" lon="12.29179">
        <time>2023-03-08T11:04:00Z</time>
      </trkpt>
      <trkpt lat="62.42783" lon="12.29458">
        <time>2023-03-08T11:14:00Z</time>
      </trkpt>
      <trkpt lat="62.42783" lon="12.29458">
        <time>2023-03-08T11:14:00Z</time>
      </trkpt>
      <trkpt lat="62.43105" lon="12.29617">
        <time>2023-03-08T11:24:00Z</time>
      </trkpt>
      <trkpt lat="62.43105" lon="12.29617">
        <time>2023-03-08T11:24:00Z</time>
      </trkpt>
      <trkpt lat="62.43789" lon="12.29184">
        <time>2023-03-08T11:34:00Z</time>
      </trkpt>
      <trkpt lat="62.43789" lon="12.29184">
        <time>2023-03-08T11:34:00Z</time>
      </trkpt>
      <trkpt lat="62.44412" lon="12.29072">
        <time>2023-03-08T11:44:00Z</time>
      </trkpt>
      <trkpt lat="62.44412" lon="12.29072">
        <time>2023-03-08T11:44:00Z</time>
      </trkpt>
      <trkpt lat="62.45057" lon="12.28126">
        <time>2023-03-08T11:54:00Z</time>
      </trkpt>
      <trkpt lat="62.45057" lon="12.28126">
        <time>2023-03-08T11:54:00Z</time>
      </trkpt>
      <trkpt lat="62.45803" lon="12.28244">
        <time>2023-03-08T12:04:00Z</time>
      </trkpt>
      <trkpt lat="62.45803" lon="12.28244">
        <time>2023-03-08T12:04:00Z</time>
      </trkpt>
      <trkpt lat="62.46365" lon="12.28679">
        <time>2023-03-08T12:14:00Z</time>
      </trkpt>
      <trkpt lat="62.46365" lon="12.28679">
        <time>2023-03-08T12:14:00Z</time>
      </trkpt>
      <trkpt lat="62.46649" lon="12.2836">
        <time>2023-03-08T12:24:00Z</time>
      </trkpt>
      <trkpt lat="62.46649" lon="12.2836">
        <time>2023-03-08T12:24:00Z</time>
      </trkpt>
      <trkpt lat="62.46759" lon="12.28417">
        <time>2023-03-08T12:34:00Z</time>
      </trkpt>
      <trkpt lat="62.46759" lon="12.28417">
        <time>2023-03-08T12:34:00Z</time>
      </trkpt>
      <trkpt lat="62.46937" lon="12.28576">
        <time>2023-03-08T12:44:00Z</time>
      </trkpt>
      <trkpt lat="62.46937" lon="12.28576">
        <time>2023-03-08T12:44:00Z</time>
      </trkpt>
      <trkpt lat="62.47033" lon="12.28673">
        <time>2023-03-08T12:54:00Z</time>
      </trkpt>
      <trkpt lat="62.47033" lon="12.28673">
        <time>2023-03-08T12:54:00Z</time>
      </trkpt>
      <trkpt lat="62.47307" lon="12.2886">
        <time>2023-03-08T13:04:00Z</time>
      </trkpt>
      <trkpt lat="62.47307" lon="12.2886">
        <time>2023-03-08T13:04:00Z</time>
      </trkpt>
      <trkpt lat="62.47712" lon="12.27866">
        <time>2023-03-08T13:14:00Z</time>
      </trkpt>
      <trkpt lat="62.47712" lon="12.27866">
        <time>2023-03-08T13:14:00Z</time>
      </trkpt>
      <trkpt lat="62.48211" lon="12.27261">
        <time>2023-03-08T13:24:00Z</time>
      </trkpt>
      <trkpt lat="62.48211" lon="12.27261">
        <time>2023-03-08T13:24:00Z</time>
      </trkpt>
      <trkpt lat="62.48779" lon="12.27001">
        <time>2023-03-08T13:34:00Z</time>
      </trkpt>
      <trkpt lat="62.48779" lon="12.27001">
        <time>2023-03-08T13:34:00Z</time>
      </trkpt>
      <trkpt lat="62.48855" lon="12.26978">
        <time>2023-03-08T13:44:00Z</time>
      </trkpt>
      <trkpt lat="62.48855" lon="12.26978">
        <time>2023-03-08T13:44:00Z</time>
      </trkpt>
      <trkpt lat="62.49335" lon="12.2695">
        <time>2023-03-08T13:54:00Z</time>
      </trkpt>
      <trkpt lat="62.49335" lon="12.2695">
        <time>2023-03-08T13:54:00Z</time>
      </trkpt>
      <trkpt lat="62.50233" lon="12.27197">
        <time>2023-03-08T14:04:00Z</time>
      </trkpt>
      <trkpt lat="62.50233" lon="12.27197">
        <time>2023-03-08T14:04:00Z</time>
      </trkpt>
      <trkpt lat="62.5119" lon="12.2783">
        <time>2023-03-08T14:14:00Z</time>
      </trkpt>
      <trkpt lat="62.5119" lon="12.2783">
        <time>2023-03-08T14:14:00Z</time>
      </trkpt>
      <trkpt lat="62.52554" lon="12.29254">
        <time>2023-03-08T14:24:00Z</time>
      </trkpt>
      <trkpt lat="62.52554" lon="12.29254">
        <time>2023-03-08T14:24:00Z</time>
      </trkpt>
      <trkpt lat="62.52959" lon="12.30701">
        <time>2023-03-08T14:34:00Z</time>
      </trkpt>
      <trkpt lat="62.52959" lon="12.30701">
        <time>2023-03-08T14:34:00Z</time>
      </trkpt>
      <trkpt lat="62.53958" lon="12.31737">
        <time>2023-03-08T14:44:00Z</time>
      </trkpt>
      <trkpt lat="62.53958" lon="12.31737">
        <time>2023-03-08T14:44:00Z</time>
      </trkpt>
      <trkpt lat="62.54358" lon="12.33119">
        <time>2023-03-08T14:54:00Z</time>
      </trkpt>
      <trkpt lat="62.54358" lon="12.33119">
        <time>2023-03-08T14:54:00Z</time>
      </trkpt>
      <trkpt lat="62.54594" lon="12.33168">
        <time>2023-03-08T15:04:00Z</time>
      </trkpt>
      <trkpt lat="62.54594" lon="12.33168">
        <time>2023-03-08T15:04:00Z</time>
      </trkpt>
      <trkpt lat="62.54596" lon="12.33155">
        <time>2023-03-08T15:14:00Z</time>
      </trkpt>
      <trkpt lat="62.54596" lon="12.33155">
        <time>2023-03-08T15:14:00Z</time>
      </trkpt>
      <trkpt lat="62.5493" lon="12.33353">
        <time>2023-03-08T15:34:00Z</time>
      </trkpt>
      <trkpt lat="62.5493" lon="12.33353">
        <time>2023-03-08T15:34:00Z</time>
      </trkpt>
      <trkpt lat="62.55342" lon="12.33634">
        <time>2023-03-08T15:44:00Z</time>
      </trkpt>
      <trkpt lat="62.55342" lon="12.33634">
        <time>2023-03-08T15:44:00Z</time>
      </trkpt>
      <trkpt lat="62.556" lon="12.33814">
        <time>2023-03-08T15:54:00Z</time>
      </trkpt>
      <trkpt lat="62.556" lon="12.33814">
        <time>2023-03-08T15:54:00Z</time>
      </trkpt>
      <trkpt lat="62.55941" lon="12.33878">
        <time>2023-03-08T16:04:00Z</time>
      </trkpt>
      <trkpt lat="62.55941" lon="12.33878">
        <time>2023-03-08T16:04:00Z</time>
      </trkpt>
      <trkpt lat="62.56368" lon="12.33638">
        <time>2023-03-08T16:14:00Z</time>
      </trkpt>
      <trkpt lat="62.56368" lon="12.33638">
        <time>2023-03-08T16:14:00Z</time>
      </trkpt>
      <trkpt lat="62.56854" lon="12.3314">
        <time>2023-03-08T16:24:00Z</time>
      </trkpt>
      <trkpt lat="62.56854" lon="12.3314">
        <time>2023-03-08T16:24:00Z</time>
      </trkpt>
      <trkpt lat="62.57206" lon="12.32969">
        <time>2023-03-08T16:34:00Z</time>
      </trkpt>
      <trkpt lat="62.57206" lon="12.32969">
        <time>2023-03-08T16:34:00Z</time>
      </trkpt>
      <trkpt lat="62.58069" lon="12.32984">
        <time>2023-03-08T16:44:00Z</time>
      </trkpt>
      <trkpt lat="62.58069" lon="12.32984">
        <time>2023-03-08T16:44:00Z</time>
      </trkpt>
      <trkpt lat="62.58958" lon="12.32891">
        <time>2023-03-08T16:54:00Z</time>
      </trkpt>
      <trkpt lat="62.58958" lon="12.32891">
        <time>2023-03-08T16:54:00Z</time>
      </trkpt>
      <trkpt lat="62.59393" lon="12.32906">
        <time>2023-03-08T17:04:00Z</time>
      </trkpt>
      <trkpt lat="62.59393" lon="12.32906">
        <time>2023-03-08T17:04:00Z</time>
      </trkpt>
      <trkpt lat="62.59778" lon="12.33018">
        <time>2023-03-08T17:14:00Z</time>
      </trkpt>
      <trkpt lat="62.59778" lon="12.33018">
        <time>2023-03-08T17:14:00Z</time>
      </trkpt>
      <trkpt lat="62.60806" lon="12.32844">
        <time>2023-03-08T17:24:00Z</time>
      </trkpt>
      <trkpt lat="62.60806" lon="12.32844">
        <time>2023-03-08T17:24:00Z</time>
      </trkpt>
      <trkpt lat="62.61419" lon="12.32561">
        <time>2023-03-08T17:34:00Z</time>
      </trkpt>
      <trkpt lat="62.61419" lon="12.32561">
        <time>2023-03-08T17:34:00Z</time>
      </trkpt>
      <trkpt lat="62.61442" lon="12.32632">
        <time>2023-03-09T08:20:00Z</time>
      </trkpt>
      <trkpt lat="62.61442" lon="12.32632">
        <time>2023-03-09T08:20:00Z</time>
      </trkpt>
      <trkpt lat="62.61765" lon="12.32814">
        <time>2023-03-09T08:30:00Z</time>
      </trkpt>
      <trkpt lat="62.61765" lon="12.32814">
        <time>2023-03-09T08:30:00Z</time>
      </trkpt>
      <trkpt lat="62.62241" lon="12.32954">
        <time>2023-03-09T08:40:00Z</time>
      </trkpt>
      <trkpt lat="62.62241" lon="12.32954">
        <time>2023-03-09T08:40:00Z</time>
      </trkpt>
      <trkpt lat="62.62873" lon="12.33188">
        <time>2023-03-09T08:50:00Z</time>
      </trkpt>
      <trkpt lat="62.62873" lon="12.33188">
        <time>2023-03-09T08:50:00Z</time>
      </trkpt>
      <trkpt lat="62.63678" lon="12.33394">
        <time>2023-03-09T09:00:00Z</time>
      </trkpt>
      <trkpt lat="62.63678" lon="12.33394">
        <time>2023-03-09T09:00:00Z</time>
      </trkpt>
      <trkpt lat="62.64203" lon="12.33501">
        <time>2023-03-09T09:10:00Z</time>
      </trkpt>
      <trkpt lat="62.64203" lon="12.33501">
        <time>2023-03-09T09:10:00Z</time>
      </trkpt>
      <trkpt lat="62.6478" lon="12.33672">
        <time>2023-03-09T09:20:00Z</time>
      </trkpt>
      <trkpt lat="62.6478" lon="12.33672">
        <time>2023-03-09T09:20:00Z</time>
      </trkpt>
      <trkpt lat="62.65825" lon="12.34644">
        <time>2023-03-09T09:30:00Z</time>
      </trkpt>
      <trkpt lat="62.65825" lon="12.34644">
        <time>2023-03-09T09:30:00Z</time>
      </trkpt>
      <trkpt lat="62.66445" lon="12.34891">
        <time>2023-03-09T09:40:00Z</time>
      </trkpt>
      <trkpt lat="62.66445" lon="12.34891">
        <time>2023-03-09T09:40:00Z</time>
      </trkpt>
      <trkpt lat="62.67342" lon="12.34745">
        <time>2023-03-09T09:50:00Z</time>
      </trkpt>
      <trkpt lat="62.67342" lon="12.34745">
        <time>2023-03-09T09:50:00Z</time>
      </trkpt>
      <trkpt lat="62.67845" lon="12.34235">
        <time>2023-03-09T10:00:00Z</time>
      </trkpt>
      <trkpt lat="62.67845" lon="12.34235">
        <time>2023-03-09T10:00:00Z</time>
      </trkpt>
      <trkpt lat="62.68501" lon="12.33048">
        <time>2023-03-09T10:11:00Z</time>
      </trkpt>
      <trkpt lat="62.68501" lon="12.33048">
        <time>2023-03-09T10:11:00Z</time>
      </trkpt>
      <trkpt lat="62.68493" lon="12.33102">
        <time>2023-03-09T10:21:00Z</time>
      </trkpt>
      <trkpt lat="62.68493" lon="12.33102">
        <time>2023-03-09T10:21:00Z</time>
      </trkpt>
      <trkpt lat="62.69354" lon="12.32009">
        <time>2023-03-09T10:51:00Z</time>
      </trkpt>
      <trkpt lat="62.69354" lon="12.32009">
        <time>2023-03-09T10:51:00Z</time>
      </trkpt>
      <trkpt lat="62.69709" lon="12.31497">
        <time>2023-03-09T11:01:00Z</time>
      </trkpt>
      <trkpt lat="62.69709" lon="12.31497">
        <time>2023-03-09T11:01:00Z</time>
      </trkpt>
      <trkpt lat="62.70219" lon="12.30694">
        <time>2023-03-09T11:11:00Z</time>
      </trkpt>
      <trkpt lat="62.70219" lon="12.30694">
        <time>2023-03-09T11:11:00Z</time>
      </trkpt>
      <trkpt lat="62.70838" lon="12.29653">
        <time>2023-03-09T11:21:00Z</time>
      </trkpt>
      <trkpt lat="62.70838" lon="12.29653">
        <time>2023-03-09T11:21:00Z</time>
      </trkpt>
      <trkpt lat="62.71316" lon="12.29229">
        <time>2023-03-09T11:31:00Z</time>
      </trkpt>
      <trkpt lat="62.71316" lon="12.29229">
        <time>2023-03-09T11:31:00Z</time>
      </trkpt>
      <trkpt lat="62.71848" lon="12.29932">
        <time>2023-03-09T11:41:00Z</time>
      </trkpt>
      <trkpt lat="62.71848" lon="12.29932">
        <time>2023-03-09T11:41:00Z</time>
      </trkpt>
      <trkpt lat="62.72271" lon="12.31076">
        <time>2023-03-09T11:51:00Z</time>
      </trkpt>
      <trkpt lat="62.72271" lon="12.31076">
        <time>2023-03-09T11:51:00Z</time>
      </trkpt>
      <trkpt lat="62.7205" lon="12.33758">
        <time>2023-03-09T12:01:00Z</time>
      </trkpt>
      <trkpt lat="62.7205" lon="12.33758">
        <time>2023-03-09T12:01:00Z</time>
      </trkpt>
      <trkpt lat="62.72062" lon="12.3367">
        <time>2023-03-09T12:11:00Z</time>
      </trkpt>
      <trkpt lat="62.72062" lon="12.3367">
        <time>2023-03-09T12:11:00Z</time>
      </trkpt>
      <trkpt lat="62.72273" lon="12.32479">
        <time>2023-03-09T12:21:00Z</time>
      </trkpt>
      <trkpt lat="62.72273" lon="12.32479">
        <time>2023-03-09T12:21:00Z</time>
      </trkpt>
      <trkpt lat="62.72447" lon="12.32293">
        <time>2023-03-09T12:31:00Z</time>
      </trkpt>
      <trkpt lat="62.72447" lon="12.32293">
        <time>2023-03-09T12:31:00Z</time>
      </trkpt>
      <trkpt lat="62.72781" lon="12.3204">
        <time>2023-03-09T12:41:00Z</time>
      </trkpt>
      <trkpt lat="62.72781" lon="12.3204">
        <time>2023-03-09T12:41:00Z</time>
      </trkpt>
      <trkpt lat="62.72899" lon="12.32029">
        <time>2023-03-09T12:51:00Z</time>
      </trkpt>
      <trkpt lat="62.72899" lon="12.32029">
        <time>2023-03-09T12:51:00Z</time>
      </trkpt>
      <trkpt lat="62.73274" lon="12.32286">
        <time>2023-03-09T13:01:00Z</time>
      </trkpt>
      <trkpt lat="62.73274" lon="12.32286">
        <time>2023-03-09T13:01:00Z</time>
      </trkpt>
      <trkpt lat="62.73793" lon="12.32048">
        <time>2023-03-09T13:11:00Z</time>
      </trkpt>
      <trkpt lat="62.73793" lon="12.32048">
        <time>2023-03-09T13:11:00Z</time>
      </trkpt>
      <trkpt lat="62.74409" lon="12.32587">
        <time>2023-03-09T13:21:00Z</time>
      </trkpt>
      <trkpt lat="62.74409" lon="12.32587">
        <time>2023-03-09T13:21:00Z</time>
      </trkpt>
      <trkpt lat="62.75022" lon="12.33181">
        <time>2023-03-09T13:31:00Z</time>
      </trkpt>
      <trkpt lat="62.75022" lon="12.33181">
        <time>2023-03-09T13:31:00Z</time>
      </trkpt>
      <trkpt lat="62.75643" lon="12.33816">
        <time>2023-03-09T13:41:00Z</time>
      </trkpt>
      <trkpt lat="62.75643" lon="12.33816">
        <time>2023-03-09T13:41:00Z</time>
      </trkpt>
      <trkpt lat="62.76289" lon="12.34606">
        <time>2023-03-09T13:51:00Z</time>
      </trkpt>
      <trkpt lat="62.76289" lon="12.34606">
        <time>2023-03-09T13:51:00Z</time>
      </trkpt>
      <trkpt lat="62.76922" lon="12.35556">
        <time>2023-03-09T14:01:00Z</time>
      </trkpt>
      <trkpt lat="62.76922" lon="12.35556">
        <time>2023-03-09T14:01:00Z</time>
      </trkpt>
      <trkpt lat="62.77386" lon="12.36162">
        <time>2023-03-09T14:11:00Z</time>
      </trkpt>
      <trkpt lat="62.77386" lon="12.36162">
        <time>2023-03-09T14:11:00Z</time>
      </trkpt>
      <trkpt lat="62.78107" lon="12.37086">
        <time>2023-03-09T14:21:00Z</time>
      </trkpt>
      <trkpt lat="62.78107" lon="12.37086">
        <time>2023-03-09T14:21:00Z</time>
      </trkpt>
      <trkpt lat="62.79246" lon="12.39281">
        <time>2023-03-09T14:31:00Z</time>
      </trkpt>
      <trkpt lat="62.79246" lon="12.39281">
        <time>2023-03-09T14:31:00Z</time>
      </trkpt>
      <trkpt lat="62.79562" lon="12.40037">
        <time>2023-03-09T14:41:00Z</time>
      </trkpt>
      <trkpt lat="62.79562" lon="12.40037">
        <time>2023-03-09T14:41:00Z</time>
      </trkpt>
      <trkpt lat="62.7993" lon="12.40865">
        <time>2023-03-09T14:51:00Z</time>
      </trkpt>
      <trkpt lat="62.7993" lon="12.40865">
        <time>2023-03-09T14:51:00Z</time>
      </trkpt>
      <trkpt lat="62.80392" lon="12.41775">
        <time>2023-03-09T15:01:00Z</time>
      </trkpt>
      <trkpt lat="62.80392" lon="12.41775">
        <time>2023-03-09T15:01:00Z</time>
      </trkpt>
      <trkpt lat="62.80793" lon="12.42494">
        <time>2023-03-09T15:11:00Z</time>
      </trkpt>
      <trkpt lat="62.80793" lon="12.42494">
        <time>2023-03-09T15:11:00Z</time>
      </trkpt>
      <trkpt lat="62.81199" lon="12.43221">
        <time>2023-03-09T15:21:00Z</time>
      </trkpt>
      <trkpt lat="62.81199" lon="12.43221">
        <time>2023-03-09T15:21:00Z</time>
      </trkpt>
      <trkpt lat="62.81615" lon="12.44109">
        <time>2023-03-09T15:31:00Z</time>
      </trkpt>
      <trkpt lat="62.81615" lon="12.44109">
        <time>2023-03-09T15:31:00Z</time>
      </trkpt>
      <trkpt lat="62.8179" lon="12.44637">
        <time>2023-03-09T15:41:00Z</time>
      </trkpt>
      <trkpt lat="62.8179" lon="12.44637">
        <time>2023-03-09T15:41:00Z</time>
      </trkpt>
      <trkpt lat="62.81829" lon="12.44612">
        <time>2023-03-09T15:51:00Z</time>
      </trkpt>
      <trkpt lat="62.81829" lon="12.44612">
        <time>2023-03-09T15:51:00Z</time>
      </trkpt>
      <trkpt lat="62.81823" lon="12.44609">
        <time>2023-03-09T16:21:00Z</time>
      </trkpt>
      <trkpt lat="62.81823" lon="12.44609">
        <time>2023-03-09T16:21:00Z</time>
      </trkpt>
      <trkpt lat="62.81823" lon="12.44582">
        <time>2023-03-10T08:03:00Z</time>
      </trkpt>
      <trkpt lat="62.81823" lon="12.44582">
        <time>2023-03-10T08:03:00Z</time>
      </trkpt>
      <trkpt lat="62.82112" lon="12.44751">
        <time>2023-03-10T08:13:00Z</time>
      </trkpt>
      <trkpt lat="62.82112" lon="12.44751">
        <time>2023-03-10T08:13:00Z</time>
      </trkpt>
      <trkpt lat="62.82655" lon="12.45442">
        <time>2023-03-10T08:23:00Z</time>
      </trkpt>
      <trkpt lat="62.82655" lon="12.45442">
        <time>2023-03-10T08:23:00Z</time>
      </trkpt>
      <trkpt lat="62.82818" lon="12.45663">
        <time>2023-03-10T08:33:00Z</time>
      </trkpt>
      <trkpt lat="62.82818" lon="12.45663">
        <time>2023-03-10T08:33:00Z</time>
      </trkpt>
      <trkpt lat="62.83327" lon="12.46129">
        <time>2023-03-10T08:43:00Z</time>
      </trkpt>
      <trkpt lat="62.83327" lon="12.46129">
        <time>2023-03-10T08:43:00Z</time>
      </trkpt>
      <trkpt lat="62.84589" lon="12.47626">
        <time>2023-03-10T08:53:00Z</time>
      </trkpt>
      <trkpt lat="62.84589" lon="12.47626">
        <time>2023-03-10T08:53:00Z</time>
      </trkpt>
      <trkpt lat="62.85722" lon="12.4851">
        <time>2023-03-10T09:03:00Z</time>
      </trkpt>
      <trkpt lat="62.85722" lon="12.4851">
        <time>2023-03-10T09:03:00Z</time>
      </trkpt>
      <trkpt lat="62.86477" lon="12.49131">
        <time>2023-03-10T09:13:00Z</time>
      </trkpt>
      <trkpt lat="62.86477" lon="12.49131">
        <time>2023-03-10T09:13:00Z</time>
      </trkpt>
      <trkpt lat="62.87424" lon="12.50092">
        <time>2023-03-10T09:23:00Z</time>
      </trkpt>
      <trkpt lat="62.87424" lon="12.50092">
        <time>2023-03-10T09:23:00Z</time>
      </trkpt>
      <trkpt lat="62.88167" lon="12.50553">
        <time>2023-03-10T09:33:00Z</time>
      </trkpt>
      <trkpt lat="62.88167" lon="12.50553">
        <time>2023-03-10T09:33:00Z</time>
      </trkpt>
      <trkpt lat="62.88587" lon="12.50761">
        <time>2023-03-10T09:43:00Z</time>
      </trkpt>
      <trkpt lat="62.88587" lon="12.50761">
        <time>2023-03-10T09:43:00Z</time>
      </trkpt>
      <trkpt lat="62.88594" lon="12.5077">
        <time>2023-03-10T09:53:00Z</time>
      </trkpt>
      <trkpt lat="62.88594" lon="12.5077">
        <time>2023-03-10T09:53:00Z</time>
      </trkpt>
      <trkpt lat="62.88844" lon="12.50888">
        <time>2023-03-10T10:03:00Z</time>
      </trkpt>
      <trkpt lat="62.88844" lon="12.50888">
        <time>2023-03-10T10:03:00Z</time>
      </trkpt>
      <trkpt lat="62.89281" lon="12.51075">
        <time>2023-03-10T10:13:00Z</time>
      </trkpt>
      <trkpt lat="62.89281" lon="12.51075">
        <time>2023-03-10T10:13:00Z</time>
      </trkpt>
      <trkpt lat="62.89599" lon="12.51328">
        <time>2023-03-10T10:23:00Z</time>
      </trkpt>
      <trkpt lat="62.89599" lon="12.51328">
        <time>2023-03-10T10:23:00Z</time>
      </trkpt>
      <trkpt lat="62.90443" lon="12.52141">
        <time>2023-03-10T10:33:00Z</time>
      </trkpt>
      <trkpt lat="62.90443" lon="12.52141">
        <time>2023-03-10T10:33:00Z</time>
      </trkpt>
      <trkpt lat="62.91111" lon="12.5445">
        <time>2023-03-10T10:43:00Z</time>
      </trkpt>
      <trkpt lat="62.91111" lon="12.5445">
        <time>2023-03-10T10:43:00Z</time>
      </trkpt>
      <trkpt lat="62.91093" lon="12.57795">
        <time>2023-03-10T10:53:00Z</time>
      </trkpt>
      <trkpt lat="62.91093" lon="12.57795">
        <time>2023-03-10T10:53:00Z</time>
      </trkpt>
      <trkpt lat="62.91676" lon="12.60252">
        <time>2023-03-10T11:03:00Z</time>
      </trkpt>
      <trkpt lat="62.91676" lon="12.60252">
        <time>2023-03-10T11:03:00Z</time>
      </trkpt>
      <trkpt lat="62.92146" lon="12.61711">
        <time>2023-03-10T11:13:00Z</time>
      </trkpt>
      <trkpt lat="62.92146" lon="12.61711">
        <time>2023-03-10T11:13:00Z</time>
      </trkpt>
      <trkpt lat="62.92631" lon="12.62932">
        <time>2023-03-10T11:23:00Z</time>
      </trkpt>
      <trkpt lat="62.92631" lon="12.62932">
        <time>2023-03-10T11:23:00Z</time>
      </trkpt>
      <trkpt lat="62.9297" lon="12.63331">
        <time>2023-03-10T11:33:00Z</time>
      </trkpt>
      <trkpt lat="62.9297" lon="12.63331">
        <time>2023-03-10T11:33:00Z</time>
      </trkpt>
      <trkpt lat="62.93802" lon="12.64097">
        <time>2023-03-10T11:43:00Z</time>
      </trkpt>
      <trkpt lat="62.93802" lon="12.64097">
        <time>2023-03-10T11:43:00Z</time>
      </trkpt>
      <trkpt lat="62.93941" lon="12.64125">
        <time>2023-03-10T11:53:00Z</time>
      </trkpt>
      <trkpt lat="62.93941" lon="12.64125">
        <time>2023-03-10T11:53:00Z</time>
      </trkpt>
      <trkpt lat="62.94826" lon="12.64046">
        <time>2023-03-10T12:03:00Z</time>
      </trkpt>
      <trkpt lat="62.94826" lon="12.64046">
        <time>2023-03-10T12:03:00Z</time>
      </trkpt>
      <trkpt lat="62.95624" lon="12.64327">
        <time>2023-03-10T12:13:00Z</time>
      </trkpt>
      <trkpt lat="62.95624" lon="12.64327">
        <time>2023-03-10T12:13:00Z</time>
      </trkpt>
      <trkpt lat="62.96233" lon="12.65031">
        <time>2023-03-10T12:23:00Z</time>
      </trkpt>
      <trkpt lat="62.96233" lon="12.65031">
        <time>2023-03-10T12:23:00Z</time>
      </trkpt>
      <trkpt lat="62.96955" lon="12.65402">
        <time>2023-03-10T12:33:00Z</time>
      </trkpt>
      <trkpt lat="62.96955" lon="12.65402">
        <time>2023-03-10T12:33:00Z</time>
      </trkpt>
      <trkpt lat="62.97587" lon="12.65681">
        <time>2023-03-10T12:43:00Z</time>
      </trkpt>
      <trkpt lat="62.97587" lon="12.65681">
        <time>2023-03-10T12:43:00Z</time>
      </trkpt>
      <trkpt lat="62.97559" lon="12.65657">
        <time>2023-03-10T12:55:00Z</time>
      </trkpt>
      <trkpt lat="62.97559" lon="12.65657">
        <time>2023-03-10T12:55:00Z</time>
      </trkpt>
      <trkpt lat="62.97672" lon="12.65904">
        <time>2023-03-10T13:25:00Z</time>
      </trkpt>
      <trkpt lat="62.97672" lon="12.65904">
        <time>2023-03-10T13:25:00Z</time>
      </trkpt>
      <trkpt lat="62.98128" lon="12.6708">
        <time>2023-03-10T13:35:00Z</time>
      </trkpt>
      <trkpt lat="62.98128" lon="12.6708">
        <time>2023-03-10T13:35:00Z</time>
      </trkpt>
      <trkpt lat="62.9853" lon="12.68005">
        <time>2023-03-10T13:45:00Z</time>
      </trkpt>
      <trkpt lat="62.9853" lon="12.68005">
        <time>2023-03-10T13:45:00Z</time>
      </trkpt>
      <trkpt lat="62.98879" lon="12.68957">
        <time>2023-03-10T13:55:00Z</time>
      </trkpt>
      <trkpt lat="62.98879" lon="12.68957">
        <time>2023-03-10T13:55:00Z</time>
      </trkpt>
      <trkpt lat="62.99129" lon="12.69887">
        <time>2023-03-10T14:05:00Z</time>
      </trkpt>
      <trkpt lat="62.99129" lon="12.69887">
        <time>2023-03-10T14:05:00Z</time>
      </trkpt>
      <trkpt lat="62.99207" lon="12.70305">
        <time>2023-03-10T14:15:00Z</time>
      </trkpt>
      <trkpt lat="62.99207" lon="12.70305">
        <time>2023-03-10T14:15:00Z</time>
      </trkpt>
      <trkpt lat="62.99501" lon="12.72146">
        <time>2023-03-10T14:25:00Z</time>
      </trkpt>
      <trkpt lat="62.99501" lon="12.72146">
        <time>2023-03-10T14:25:00Z</time>
      </trkpt>
      <trkpt lat="62.99955" lon="12.73781">
        <time>2023-03-10T14:35:00Z</time>
      </trkpt>
      <trkpt lat="62.99955" lon="12.73781">
        <time>2023-03-10T14:35:00Z</time>
      </trkpt>
      <trkpt lat="63.008" lon="12.74893">
        <time>2023-03-10T14:45:00Z</time>
      </trkpt>
      <trkpt lat="63.008" lon="12.74893">
        <time>2023-03-10T14:45:00Z</time>
      </trkpt>
      <trkpt lat="63.01636" lon="12.75792">
        <time>2023-03-10T14:55:00Z</time>
      </trkpt>
      <trkpt lat="63.01636" lon="12.75792">
        <time>2023-03-10T14:55:00Z</time>
      </trkpt>
      <trkpt lat="63.02636" lon="12.76757">
        <time>2023-03-10T15:05:00Z</time>
      </trkpt>
      <trkpt lat="63.02636" lon="12.76757">
        <time>2023-03-10T15:05:00Z</time>
      </trkpt>
      <trkpt lat="63.0339" lon="12.78255">
        <time>2023-03-10T15:15:00Z</time>
      </trkpt>
      <trkpt lat="63.0339" lon="12.78255">
        <time>2023-03-10T15:15:00Z</time>
      </trkpt>
      <trkpt lat="63.03861" lon="12.79465">
        <time>2023-03-10T15:25:00Z</time>
      </trkpt>
      <trkpt lat="63.03861" lon="12.79465">
        <time>2023-03-10T15:25:00Z</time>
      </trkpt>
      <trkpt lat="63.04042" lon="12.79974">
        <time>2023-03-10T15:35:00Z</time>
      </trkpt>
      <trkpt lat="63.04042" lon="12.79974">
        <time>2023-03-10T15:35:00Z</time>
      </trkpt>
      <trkpt lat="63.04044" lon="12.79942">
        <time>2023-03-10T15:49:00Z</time>
      </trkpt>
      <trkpt lat="63.04044" lon="12.79942">
        <time>2023-03-10T15:49:00Z</time>
      </trkpt>
      <trkpt lat="63.04097" lon="12.80021">
        <time>2023-03-11T08:02:00Z</time>
      </trkpt>
      <trkpt lat="63.04097" lon="12.80021">
        <time>2023-03-11T08:02:00Z</time>
      </trkpt>
      <trkpt lat="63.04789" lon="12.79431">
        <time>2023-03-11T08:12:00Z</time>
      </trkpt>
      <trkpt lat="63.04789" lon="12.79431">
        <time>2023-03-11T08:12:00Z</time>
      </trkpt>
      <trkpt lat="63.05683" lon="12.79461">
        <time>2023-03-11T08:22:00Z</time>
      </trkpt>
      <trkpt lat="63.05683" lon="12.79461">
        <time>2023-03-11T08:22:00Z</time>
      </trkpt>
      <trkpt lat="63.06636" lon="12.8045">
        <time>2023-03-11T08:32:00Z</time>
      </trkpt>
      <trkpt lat="63.06636" lon="12.8045">
        <time>2023-03-11T08:32:00Z</time>
      </trkpt>
      <trkpt lat="63.0726" lon="12.81107">
        <time>2023-03-11T08:42:00Z</time>
      </trkpt>
      <trkpt lat="63.0726" lon="12.81107">
        <time>2023-03-11T08:42:00Z</time>
      </trkpt>
      <trkpt lat="63.07731" lon="12.81759">
        <time>2023-03-11T08:52:00Z</time>
      </trkpt>
      <trkpt lat="63.07731" lon="12.81759">
        <time>2023-03-11T08:52:00Z</time>
      </trkpt>
      <trkpt lat="63.0857" lon="12.81997">
        <time>2023-03-11T09:02:00Z</time>
      </trkpt>
      <trkpt lat="63.0857" lon="12.81997">
        <time>2023-03-11T09:02:00Z</time>
      </trkpt>
      <trkpt lat="63.09158" lon="12.81553">
        <time>2023-03-11T09:12:00Z</time>
      </trkpt>
      <trkpt lat="63.09158" lon="12.81553">
        <time>2023-03-11T09:12:00Z</time>
      </trkpt>
      <trkpt lat="63.10412" lon="12.81422">
        <time>2023-03-11T09:22:00Z</time>
      </trkpt>
      <trkpt lat="63.10412" lon="12.81422">
        <time>2023-03-11T09:22:00Z</time>
      </trkpt>
      <trkpt lat="63.11192" lon="12.82596">
        <time>2023-03-11T09:32:00Z</time>
      </trkpt>
      <trkpt lat="63.11192" lon="12.82596">
        <time>2023-03-11T09:32:00Z</time>
      </trkpt>
      <trkpt lat="63.11658" lon="12.85587">
        <time>2023-03-11T09:42:00Z</time>
      </trkpt>
      <trkpt lat="63.11658" lon="12.85587">
        <time>2023-03-11T09:42:00Z</time>
      </trkpt>
      <trkpt lat="63.12722" lon="12.87081">
        <time>2023-03-11T09:52:00Z</time>
      </trkpt>
      <trkpt lat="63.12722" lon="12.87081">
        <time>2023-03-11T09:52:00Z</time>
      </trkpt>
      <trkpt lat="63.13392" lon="12.88385">
        <time>2023-03-11T10:02:00Z</time>
      </trkpt>
      <trkpt lat="63.13392" lon="12.88385">
        <time>2023-03-11T10:02:00Z</time>
      </trkpt>
      <trkpt lat="63.13893" lon="12.90018">
        <time>2023-03-11T10:12:00Z</time>
      </trkpt>
      <trkpt lat="63.13893" lon="12.90018">
        <time>2023-03-11T10:12:00Z</time>
      </trkpt>
      <trkpt lat="63.14848" lon="12.92033">
        <time>2023-03-11T10:22:00Z</time>
      </trkpt>
      <trkpt lat="63.14848" lon="12.92033">
        <time>2023-03-11T10:22:00Z</time>
      </trkpt>
      <trkpt lat="63.1476" lon="12.94417">
        <time>2023-03-11T10:32:00Z</time>
      </trkpt>
      <trkpt lat="63.1476" lon="12.94417">
        <time>2023-03-11T10:32:00Z</time>
      </trkpt>
      <trkpt lat="63.14728" lon="12.96415">
        <time>2023-03-11T10:42:00Z</time>
      </trkpt>
      <trkpt lat="63.14728" lon="12.96415">
        <time>2023-03-11T10:42:00Z</time>
      </trkpt>
      <trkpt lat="63.14881" lon="12.96631">
        <time>2023-03-11T10:52:00Z</time>
      </trkpt>
      <trkpt lat="63.14881" lon="12.96631">
        <time>2023-03-11T10:52:00Z</time>
      </trkpt>
      <trkpt lat="63.14898" lon="12.96629">
        <time>2023-03-11T11:08:00Z</time>
      </trkpt>
      <trkpt lat="63.14898" lon="12.96629">
        <time>2023-03-11T11:08:00Z</time>
      </trkpt>
      <trkpt lat="63.151" lon="12.98515">
        <time>2023-03-11T13:18:00Z</time>
      </trkpt>
      <trkpt lat="63.151" lon="12.98515">
        <time>2023-03-11T13:18:00Z</time>
      </trkpt>
      <trkpt lat="63.15403" lon="13.00824">
        <time>2023-03-11T13:28:00Z</time>
      </trkpt>
      <trkpt lat="63.15403" lon="13.00824">
        <time>2023-03-11T13:28:00Z</time>
      </trkpt>
      <trkpt lat="63.15839" lon="13.03914">
        <time>2023-03-11T13:38:00Z</time>
      </trkpt>
      <trkpt lat="63.15839" lon="13.03914">
        <time>2023-03-11T13:38:00Z</time>
      </trkpt>
      <trkpt lat="63.16627" lon="13.05496">
        <time>2023-03-11T13:48:00Z</time>
      </trkpt>
      <trkpt lat="63.16627" lon="13.05496">
        <time>2023-03-11T13:48:00Z</time>
      </trkpt>
      <trkpt lat="63.1738" lon="13.06077">
        <time>2023-03-11T13:58:00Z</time>
      </trkpt>
      <trkpt lat="63.1738" lon="13.06077">
        <time>2023-03-11T13:58:00Z</time>
      </trkpt>
      <trkpt lat="63.18635" lon="13.06247">
        <time>2023-03-11T14:08:00Z</time>
      </trkpt>
      <trkpt lat="63.18635" lon="13.06247">
        <time>2023-03-11T14:08:00Z</time>
      </trkpt>
      <trkpt lat="63.1919" lon="13.05579">
        <time>2023-03-11T14:18:00Z</time>
      </trkpt>
      <trkpt lat="63.1919" lon="13.05579">
        <time>2023-03-11T14:18:00Z</time>
      </trkpt>
      <trkpt lat="63.19422" lon="13.05283">
        <time>2023-03-11T14:28:00Z</time>
      </trkpt>
      <trkpt lat="63.19422" lon="13.05283">
        <time>2023-03-11T14:28:00Z</time>
      </trkpt>
      <trkpt lat="63.20198" lon="13.0509">
        <time>2023-03-11T14:38:00Z</time>
      </trkpt>
      <trkpt lat="63.20198" lon="13.0509">
        <time>2023-03-11T14:38:00Z</time>
      </trkpt>
      <trkpt lat="63.20238" lon="13.07519">
        <time>2023-03-11T14:48:00Z</time>
      </trkpt>
      <trkpt lat="63.20238" lon="13.07519">
        <time>2023-03-11T14:48:00Z</time>
      </trkpt>
      <trkpt lat="63.20369" lon="13.09828">
        <time>2023-03-11T14:58:00Z</time>
      </trkpt>
      <trkpt lat="63.20369" lon="13.09828">
        <time>2023-03-11T14:58:00Z</time>
      </trkpt>
      <trkpt lat="63.20328" lon="13.1157">
        <time>2023-03-11T15:08:00Z</time>
      </trkpt>
      <trkpt lat="63.20328" lon="13.1157">
        <time>2023-03-11T15:08:00Z</time>
      </trkpt>
      <trkpt lat="63.20419" lon="13.1354">
        <time>2023-03-11T15:18:00Z</time>
      </trkpt>
      <trkpt lat="63.20419" lon="13.1354">
        <time>2023-03-11T15:18:00Z</time>
      </trkpt>
      <trkpt lat="63.20603" lon="13.16038">
        <time>2023-03-11T15:28:00Z</time>
      </trkpt>
      <trkpt lat="63.20603" lon="13.16038">
        <time>2023-03-11T15:28:00Z</time>
      </trkpt>
      <trkpt lat="63.20626" lon="13.16166">
        <time>2023-03-11T15:34:00Z</time>
      </trkpt>
      <trkpt lat="63.20626" lon="13.16166">
        <time>2023-03-11T15:34:00Z</time>
      </trkpt>
      <trkpt lat="63.20637" lon="13.16235">
        <time>2023-03-12T09:26:00Z</time>
      </trkpt>
      <trkpt lat="63.20637" lon="13.16235">
        <time>2023-03-12T09:26:00Z</time>
      </trkpt>
      <trkpt lat="63.20872" lon="13.17169">
        <time>2023-03-12T09:36:00Z</time>
      </trkpt>
      <trkpt lat="63.20872" lon="13.17169">
        <time>2023-03-12T09:36:00Z</time>
      </trkpt>
      <trkpt lat="63.21745" lon="13.17057">
        <time>2023-03-12T09:46:00Z</time>
      </trkpt>
      <trkpt lat="63.21745" lon="13.17057">
        <time>2023-03-12T09:46:00Z</time>
      </trkpt>
      <trkpt lat="63.22335" lon="13.18048">
        <time>2023-03-12T09:56:00Z</time>
      </trkpt>
      <trkpt lat="63.22335" lon="13.18048">
        <time>2023-03-12T09:56:00Z</time>
      </trkpt>
      <trkpt lat="63.22073" lon="13.19553">
        <time>2023-03-12T10:06:00Z</time>
      </trkpt>
      <trkpt lat="63.22073" lon="13.19553">
        <time>2023-03-12T10:06:00Z</time>
      </trkpt>
      <trkpt lat="63.22085" lon="13.201">
        <time>2023-03-12T10:16:00Z</time>
      </trkpt>
      <trkpt lat="63.22085" lon="13.201">
        <time>2023-03-12T10:16:00Z</time>
      </trkpt>
      <trkpt lat="63.22693" lon="13.209">
        <time>2023-03-12T10:26:00Z</time>
      </trkpt>
      <trkpt lat="63.22693" lon="13.209">
        <time>2023-03-12T10:26:00Z</time>
      </trkpt>
      <trkpt lat="63.23129" lon="13.22462">
        <time>2023-03-12T10:36:00Z</time>
      </trkpt>
      <trkpt lat="63.23129" lon="13.22462">
        <time>2023-03-12T10:36:00Z</time>
      </trkpt>
      <trkpt lat="63.23565" lon="13.24434">
        <time>2023-03-12T10:46:00Z</time>
      </trkpt>
      <trkpt lat="63.23565" lon="13.24434">
        <time>2023-03-12T10:46:00Z</time>
      </trkpt>
      <trkpt lat="63.24078" lon="13.25754">
        <time>2023-03-12T10:56:00Z</time>
      </trkpt>
      <trkpt lat="63.24078" lon="13.25754">
        <time>2023-03-12T10:56:00Z</time>
      </trkpt>
      <trkpt lat="63.2448" lon="13.25889">
        <time>2023-03-12T11:06:00Z</time>
      </trkpt>
      <trkpt lat="63.2448" lon="13.25889">
        <time>2023-03-12T11:06:00Z</time>
      </trkpt>
      <trkpt lat="63.25061" lon="13.26279">
        <time>2023-03-12T11:16:00Z</time>
      </trkpt>
      <trkpt lat="63.25061" lon="13.26279">
        <time>2023-03-12T11:16:00Z</time>
      </trkpt>
      <trkpt lat="63.25474" lon="13.26749">
        <time>2023-03-12T11:26:00Z</time>
      </trkpt>
      <trkpt lat="63.25474" lon="13.26749">
        <time>2023-03-12T11:26:00Z</time>
      </trkpt>
      <trkpt lat="63.25931" lon="13.27086">
        <time>2023-03-12T11:36:00Z</time>
      </trkpt>
      <trkpt lat="63.25931" lon="13.27086">
        <time>2023-03-12T11:36:00Z</time>
      </trkpt>
      <trkpt lat="63.27356" lon="13.27322">
        <time>2023-03-12T11:46:00Z</time>
      </trkpt>
      <trkpt lat="63.27356" lon="13.27322">
        <time>2023-03-12T11:46:00Z</time>
      </trkpt>
      <trkpt lat="63.27487" lon="13.27275">
        <time>2023-03-12T11:56:00Z</time>
      </trkpt>
      <trkpt lat="63.27487" lon="13.27275">
        <time>2023-03-12T11:56:00Z</time>
      </trkpt>
      <trkpt lat="63.28959" lon="13.27007">
        <time>2023-03-12T12:06:00Z</time>
      </trkpt>
      <trkpt lat="63.28959" lon="13.27007">
        <time>2023-03-12T12:06:00Z</time>
      </trkpt>
      <trkpt lat="63.30441" lon="13.27511">
        <time>2023-03-12T12:16:00Z</time>
      </trkpt>
      <trkpt lat="63.30441" lon="13.27511">
        <time>2023-03-12T12:16:00Z</time>
      </trkpt>
      <trkpt lat="63.30806" lon="13.25314">
        <time>2023-03-12T12:26:00Z</time>
      </trkpt>
      <trkpt lat="63.30806" lon="13.25314">
        <time>2023-03-12T12:26:00Z</time>
      </trkpt>
      <trkpt lat="63.31403" lon="13.24376">
        <time>2023-03-12T12:36:00Z</time>
      </trkpt>
      <trkpt lat="63.31403" lon="13.24376">
        <time>2023-03-12T12:36:00Z</time>
      </trkpt>
      <trkpt lat="63.31448" lon="13.24166">
        <time>2023-03-12T12:46:00Z</time>
      </trkpt>
      <trkpt lat="63.31448" lon="13.24166">
        <time>2023-03-12T12:46:00Z</time>
      </trkpt>
      <trkpt lat="63.31393" lon="13.24185">
        <time>2023-03-12T12:57:00Z</time>
      </trkpt>
      <trkpt lat="63.31393" lon="13.24185">
        <time>2023-03-12T12:57:00Z</time>
      </trkpt>
      <trkpt lat="63.31513" lon="13.239">
        <time>2023-03-12T14:17:00Z</time>
      </trkpt>
      <trkpt lat="63.31513" lon="13.239">
        <time>2023-03-12T14:17:00Z</time>
      </trkpt>
      <trkpt lat="63.31506" lon="13.23872">
        <time>2023-03-12T14:27:00Z</time>
      </trkpt>
      <trkpt lat="63.31506" lon="13.23872">
        <time>2023-03-12T14:27:00Z</time>
      </trkpt>
      <trkpt lat="63.31726" lon="13.2382">
        <time>2023-03-12T14:37:00Z</time>
      </trkpt>
      <trkpt lat="63.31726" lon="13.2382">
        <time>2023-03-12T14:37:00Z</time>
      </trkpt>
      <trkpt lat="63.32243" lon="13.23921">
        <time>2023-03-12T14:47:00Z</time>
      </trkpt>
      <trkpt lat="63.32243" lon="13.23921">
        <time>2023-03-12T14:47:00Z</time>
      </trkpt>
      <trkpt lat="63.33008" lon="13.24788">
        <time>2023-03-12T14:57:00Z</time>
      </trkpt>
      <trkpt lat="63.33008" lon="13.24788">
        <time>2023-03-12T14:57:00Z</time>
      </trkpt>
      <trkpt lat="63.33693" lon="13.26576">
        <time>2023-03-12T15:07:00Z</time>
      </trkpt>
      <trkpt lat="63.33693" lon="13.26576">
        <time>2023-03-12T15:07:00Z</time>
      </trkpt>
      <trkpt lat="63.34644" lon="13.27554">
        <time>2023-03-12T15:17:00Z</time>
      </trkpt>
      <trkpt lat="63.34644" lon="13.27554">
        <time>2023-03-12T15:17:00Z</time>
      </trkpt>
      <trkpt lat="63.35584" lon="13.26271">
        <time>2023-03-12T15:27:00Z</time>
      </trkpt>
      <trkpt lat="63.35584" lon="13.26271">
        <time>2023-03-12T15:27:00Z</time>
      </trkpt>
      <trkpt lat="63.36176" lon="13.2417">
        <time>2023-03-12T15:37:00Z</time>
      </trkpt>
      <trkpt lat="63.36176" lon="13.2417">
        <time>2023-03-12T15:37:00Z</time>
      </trkpt>
      <trkpt lat="63.36693" lon="13.23224">
        <time>2023-03-12T15:47:00Z</time>
      </trkpt>
      <trkpt lat="63.36693" lon="13.23224">
        <time>2023-03-12T15:47:00Z</time>
      </trkpt>
      <trkpt lat="63.37507" lon="13.22245">
        <time>2023-03-12T15:57:00Z</time>
      </trkpt>
      <trkpt lat="63.37507" lon="13.22245">
        <time>2023-03-12T15:57:00Z</time>
      </trkpt>
      <trkpt lat="63.38071" lon="13.22031">
        <time>2023-03-12T16:07:00Z</time>
      </trkpt>
      <trkpt lat="63.38071" lon="13.22031">
        <time>2023-03-12T16:07:00Z</time>
      </trkpt>
      <trkpt lat="63.38714" lon="13.21406">
        <time>2023-03-12T16:17:00Z</time>
      </trkpt>
      <trkpt lat="63.38714" lon="13.21406">
        <time>2023-03-12T16:17:00Z</time>
      </trkpt>
      <trkpt lat="63.39134" lon="13.20673">
        <time>2023-03-12T16:27:00Z</time>
      </trkpt>
      <trkpt lat="63.39134" lon="13.20673">
        <time>2023-03-12T16:27:00Z</time>
      </trkpt>
      <trkpt lat="63.39636" lon="13.19771">
        <time>2023-03-12T16:37:00Z</time>
      </trkpt>
      <trkpt lat="63.39636" lon="13.19771">
        <time>2023-03-12T16:37:00Z</time>
      </trkpt>
      <trkpt lat="63.40154" lon="13.19662">
        <time>2023-03-12T16:47:00Z</time>
      </trkpt>
      <trkpt lat="63.40154" lon="13.19662">
        <time>2023-03-12T16:47:00Z</time>
      </trkpt>
      <trkpt lat="63.40022" lon="13.1922">
        <time>2023-03-12T16:51:00Z</time>
      </trkpt>
      <trkpt lat="63.40022" lon="13.1922">
        <time>2023-03-12T16:51:00Z</time>
      </trkpt>
      <trkpt lat="63.40024" lon="13.1928">
        <time>2023-03-13T08:04:00Z</time>
      </trkpt>
      <trkpt lat="63.40024" lon="13.1928">
        <time>2023-03-13T08:04:00Z</time>
      </trkpt>
      <trkpt lat="63.40156" lon="13.20454">
        <time>2023-03-13T08:14:00Z</time>
      </trkpt>
      <trkpt lat="63.40156" lon="13.20454">
        <time>2023-03-13T08:14:00Z</time>
      </trkpt>
      <trkpt lat="63.40522" lon="13.21576">
        <time>2023-03-13T08:24:00Z</time>
      </trkpt>
      <trkpt lat="63.40522" lon="13.21576">
        <time>2023-03-13T08:24:00Z</time>
      </trkpt>
      <trkpt lat="63.4089" lon="13.22409">
        <time>2023-03-13T08:34:00Z</time>
      </trkpt>
      <trkpt lat="63.4089" lon="13.22409">
        <time>2023-03-13T08:34:00Z</time>
      </trkpt>
      <trkpt lat="63.41379" lon="13.22698">
        <time>2023-03-13T08:44:00Z</time>
      </trkpt>
      <trkpt lat="63.41379" lon="13.22698">
        <time>2023-03-13T08:44:00Z</time>
      </trkpt>
      <trkpt lat="63.42552" lon="13.22812">
        <time>2023-03-13T08:54:00Z</time>
      </trkpt>
      <trkpt lat="63.42552" lon="13.22812">
        <time>2023-03-13T08:54:00Z</time>
      </trkpt>
      <trkpt lat="63.43561" lon="13.22361">
        <time>2023-03-13T09:04:00Z</time>
      </trkpt>
      <trkpt lat="63.43561" lon="13.22361">
        <time>2023-03-13T09:04:00Z</time>
      </trkpt>
      <trkpt lat="63.44329" lon="13.22803">
        <time>2023-03-13T09:14:00Z</time>
      </trkpt>
      <trkpt lat="63.44329" lon="13.22803">
        <time>2023-03-13T09:14:00Z</time>
      </trkpt>
      <trkpt lat="63.45009" lon="13.21434">
        <time>2023-03-13T09:24:00Z</time>
      </trkpt>
      <trkpt lat="63.45009" lon="13.21434">
        <time>2023-03-13T09:24:00Z</time>
      </trkpt>
      <trkpt lat="63.45378" lon="13.2063">
        <time>2023-03-13T09:34:00Z</time>
      </trkpt>
      <trkpt lat="63.45378" lon="13.2063">
        <time>2023-03-13T09:34:00Z</time>
      </trkpt>
      <trkpt lat="63.46361" lon="13.21563">
        <time>2023-03-13T09:44:00Z</time>
      </trkpt>
      <trkpt lat="63.46361" lon="13.21563">
        <time>2023-03-13T09:44:00Z</time>
      </trkpt>
      <trkpt lat="63.4711" lon="13.22679">
        <time>2023-03-13T09:54:00Z</time>
      </trkpt>
      <trkpt lat="63.4711" lon="13.22679">
        <time>2023-03-13T09:54:00Z</time>
      </trkpt>
      <trkpt lat="63.47342" lon="13.23059">
        <time>2023-03-13T10:04:00Z</time>
      </trkpt>
      <trkpt lat="63.47342" lon="13.23059">
        <time>2023-03-13T10:04:00Z</time>
      </trkpt>
      <trkpt lat="63.47335" lon="13.23042">
        <time>2023-03-13T10:14:00Z</time>
      </trkpt>
      <trkpt lat="63.47335" lon="13.23042">
        <time>2023-03-13T10:14:00Z</time>
      </trkpt>
      <trkpt lat="63.47418" lon="13.22539">
        <time>2023-03-13T11:04:00Z</time>
      </trkpt>
      <trkpt lat="63.47418" lon="13.22539">
        <time>2023-03-13T11:04:00Z</time>
      </trkpt>
      <trkpt lat="63.47657" lon="13.2163">
        <time>2023-03-13T11:14:00Z</time>
      </trkpt>
      <trkpt lat="63.47657" lon="13.2163">
        <time>2023-03-13T11:14:00Z</time>
      </trkpt>
      <trkpt lat="63.47891" lon="13.21261">
        <time>2023-03-13T11:24:00Z</time>
      </trkpt>
      <trkpt lat="63.47891" lon="13.21261">
        <time>2023-03-13T11:24:00Z</time>
      </trkpt>
      <trkpt lat="63.48415" lon="13.20722">
        <time>2023-03-13T11:34:00Z</time>
      </trkpt>
      <trkpt lat="63.48415" lon="13.20722">
        <time>2023-03-13T11:34:00Z</time>
      </trkpt>
      <trkpt lat="63.49122" lon="13.20443">
        <time>2023-03-13T11:44:00Z</time>
      </trkpt>
      <trkpt lat="63.49122" lon="13.20443">
        <time>2023-03-13T11:44:00Z</time>
      </trkpt>
      <trkpt lat="63.49892" lon="13.20694">
        <time>2023-03-13T11:54:00Z</time>
      </trkpt>
      <trkpt lat="63.49892" lon="13.20694">
        <time>2023-03-13T11:54:00Z</time>
      </trkpt>
      <trkpt lat="63.50828" lon="13.21273">
        <time>2023-03-13T12:04:00Z</time>
      </trkpt>
      <trkpt lat="63.50828" lon="13.21273">
        <time>2023-03-13T12:04:00Z</time>
      </trkpt>
      <trkpt lat="63.51539" lon="13.21473">
        <time>2023-03-13T12:14:00Z</time>
      </trkpt>
      <trkpt lat="63.51539" lon="13.21473">
        <time>2023-03-13T12:14:00Z</time>
      </trkpt>
      <trkpt lat="63.52274" lon="13.20911">
        <time>2023-03-13T12:24:00Z</time>
      </trkpt>
      <trkpt lat="63.52274" lon="13.20911">
        <time>2023-03-13T12:24:00Z</time>
      </trkpt>
      <trkpt lat="63.53058" lon="13.20705">
        <time>2023-03-13T12:34:00Z</time>
      </trkpt>
      <trkpt lat="63.53058" lon="13.20705">
        <time>2023-03-13T12:34:00Z</time>
      </trkpt>
      <trkpt lat="63.53473" lon="13.19692">
        <time>2023-03-13T12:44:00Z</time>
      </trkpt>
      <trkpt lat="63.53473" lon="13.19692">
        <time>2023-03-13T12:44:00Z</time>
      </trkpt>
      <trkpt lat="63.53947" lon="13.19295">
        <time>2023-03-13T12:54:00Z</time>
      </trkpt>
      <trkpt lat="63.53947" lon="13.19295">
        <time>2023-03-13T12:54:00Z</time>
      </trkpt>
      <trkpt lat="63.54085" lon="13.1819">
        <time>2023-03-13T13:04:00Z</time>
      </trkpt>
      <trkpt lat="63.54085" lon="13.1819">
        <time>2023-03-13T13:04:00Z</time>
      </trkpt>
      <trkpt lat="63.54435" lon="13.17735">
        <time>2023-03-13T13:14:00Z</time>
      </trkpt>
      <trkpt lat="63.54435" lon="13.17735">
        <time>2023-03-13T13:14:00Z</time>
      </trkpt>
      <trkpt lat="63.54427" lon="13.17731">
        <time>2023-03-13T13:24:00Z</time>
      </trkpt>
      <trkpt lat="63.54427" lon="13.17731">
        <time>2023-03-13T13:24:00Z</time>
      </trkpt>
      <trkpt lat="63.54489" lon="13.1734">
        <time>2023-03-13T13:44:00Z</time>
      </trkpt>
      <trkpt lat="63.54489" lon="13.1734">
        <time>2023-03-13T13:44:00Z</time>
      </trkpt>
      <trkpt lat="63.55093" lon="13.16742">
        <time>2023-03-13T13:54:00Z</time>
      </trkpt>
      <trkpt lat="63.55093" lon="13.16742">
        <time>2023-03-13T13:54:00Z</time>
      </trkpt>
      <trkpt lat="63.55972" lon="13.15782">
        <time>2023-03-13T14:04:00Z</time>
      </trkpt>
      <trkpt lat="63.55972" lon="13.15782">
        <time>2023-03-13T14:04:00Z</time>
      </trkpt>
      <trkpt lat="63.56349" lon="13.16767">
        <time>2023-03-13T14:14:00Z</time>
      </trkpt>
      <trkpt lat="63.56349" lon="13.16767">
        <time>2023-03-13T14:14:00Z</time>
      </trkpt>
      <trkpt lat="63.56958" lon="13.17905">
        <time>2023-03-13T14:24:00Z</time>
      </trkpt>
      <trkpt lat="63.56958" lon="13.17905">
        <time>2023-03-13T14:24:00Z</time>
      </trkpt>
      <trkpt lat="63.57501" lon="13.17201">
        <time>2023-03-13T14:34:00Z</time>
      </trkpt>
      <trkpt lat="63.57501" lon="13.17201">
        <time>2023-03-13T14:34:00Z</time>
      </trkpt>
      <trkpt lat="63.58169" lon="13.18514">
        <time>2023-03-13T14:44:00Z</time>
      </trkpt>
      <trkpt lat="63.58169" lon="13.18514">
        <time>2023-03-13T14:44:00Z</time>
      </trkpt>
      <trkpt lat="63.5889" lon="13.19038">
        <time>2023-03-13T14:54:00Z</time>
      </trkpt>
      <trkpt lat="63.5889" lon="13.19038">
        <time>2023-03-13T14:54:00Z</time>
      </trkpt>
      <trkpt lat="63.59404" lon="13.18432">
        <time>2023-03-13T15:04:00Z</time>
      </trkpt>
      <trkpt lat="63.59404" lon="13.18432">
        <time>2023-03-13T15:04:00Z</time>
      </trkpt>
      <trkpt lat="63.60166" lon="13.18439">
        <time>2023-03-13T15:14:00Z</time>
      </trkpt>
      <trkpt lat="63.60166" lon="13.18439">
        <time>2023-03-13T15:14:00Z</time>
      </trkpt>
      <trkpt lat="63.61079" lon="13.20482">
        <time>2023-03-13T15:24:00Z</time>
      </trkpt>
      <trkpt lat="63.61079" lon="13.20482">
        <time>2023-03-13T15:24:00Z</time>
      </trkpt>
      <trkpt lat="63.61649" lon="13.20992">
        <time>2023-03-13T15:34:00Z</time>
      </trkpt>
      <trkpt lat="63.61649" lon="13.20992">
        <time>2023-03-13T15:34:00Z</time>
      </trkpt>
      <trkpt lat="63.62161" lon="13.21524">
        <time>2023-03-13T15:44:00Z</time>
      </trkpt>
      <trkpt lat="63.62161" lon="13.21524">
        <time>2023-03-13T15:44:00Z</time>
      </trkpt>
      <trkpt lat="63.62767" lon="13.22226">
        <time>2023-03-13T15:54:00Z</time>
      </trkpt>
      <trkpt lat="63.62767" lon="13.22226">
        <time>2023-03-13T15:54:00Z</time>
      </trkpt>
      <trkpt lat="63.63206" lon="13.22462">
        <time>2023-03-13T16:04:00Z</time>
      </trkpt>
      <trkpt lat="63.63206" lon="13.22462">
        <time>2023-03-13T16:04:00Z</time>
      </trkpt>
      <trkpt lat="63.63741" lon="13.23232">
        <time>2023-03-13T16:14:00Z</time>
      </trkpt>
      <trkpt lat="63.63741" lon="13.23232">
        <time>2023-03-13T16:14:00Z</time>
      </trkpt>
      <trkpt lat="63.63958" lon="13.24464">
        <time>2023-03-13T16:24:00Z</time>
      </trkpt>
      <trkpt lat="63.63958" lon="13.24464">
        <time>2023-03-13T16:24:00Z</time>
      </trkpt>
      <trkpt lat="63.63918" lon="13.25636">
        <time>2023-03-13T16:34:00Z</time>
      </trkpt>
      <trkpt lat="63.63918" lon="13.25636">
        <time>2023-03-13T16:34:00Z</time>
      </trkpt>
      <trkpt lat="63.64038" lon="13.28805">
        <time>2023-03-13T16:44:00Z</time>
      </trkpt>
      <trkpt lat="63.64038" lon="13.28805">
        <time>2023-03-13T16:44:00Z</time>
      </trkpt>
      <trkpt lat="63.64792" lon="13.28687">
        <time>2023-03-13T16:54:00Z</time>
      </trkpt>
      <trkpt lat="63.64792" lon="13.28687">
        <time>2023-03-13T16:54:00Z</time>
      </trkpt>
      <trkpt lat="63.65714" lon="13.29035">
        <time>2023-03-13T17:04:00Z</time>
      </trkpt>
      <trkpt lat="63.65714" lon="13.29035">
        <time>2023-03-13T17:04:00Z</time>
      </trkpt>
      <trkpt lat="63.66476" lon="13.29097">
        <time>2023-03-13T17:14:00Z</time>
      </trkpt>
      <trkpt lat="63.66476" lon="13.29097">
        <time>2023-03-13T17:14:00Z</time>
      </trkpt>
      <trkpt lat="63.66782" lon="13.29876">
        <time>2023-03-13T17:24:00Z</time>
      </trkpt>
      <trkpt lat="63.66782" lon="13.29876">
        <time>2023-03-13T17:24:00Z</time>
      </trkpt>
      <trkpt lat="63.67267" lon="13.31172">
        <time>2023-03-13T17:34:00Z</time>
      </trkpt>
      <trkpt lat="63.67267" lon="13.31172">
        <time>2023-03-13T17:34:00Z</time>
      </trkpt>
      <trkpt lat="63.6741" lon="13.31455">
        <time>2023-03-13T17:44:00Z</time>
      </trkpt>
      <trkpt lat="63.6741" lon="13.31455">
        <time>2023-03-13T17:44:00Z</time>
      </trkpt>
      <trkpt lat="63.67415" lon="13.31442">
        <time>2023-03-13T17:54:00Z</time>
      </trkpt>
      <trkpt lat="63.67415" lon="13.31442">
        <time>2023-03-13T17:54:00Z</time>
      </trkpt>
      <trkpt lat="63.67382" lon="13.31414">
        <time>2023-03-13T17:59:00Z</time>
      </trkpt>
      <trkpt lat="63.67382" lon="13.31414">
        <time>2023-03-13T17:59:00Z</time>
      </trkpt>
      <trkpt lat="63.67473" lon="13.31421">
        <time>2023-03-14T08:59:00Z</time>
      </trkpt>
      <trkpt lat="63.67473" lon="13.31421">
        <time>2023-03-14T08:59:00Z</time>
      </trkpt>
      <trkpt lat="63.67843" lon="13.31665">
        <time>2023-03-14T09:09:00Z</time>
      </trkpt>
      <trkpt lat="63.67843" lon="13.31665">
        <time>2023-03-14T09:09:00Z</time>
      </trkpt>
      <trkpt lat="63.68037" lon="13.33028">
        <time>2023-03-14T09:19:00Z</time>
      </trkpt>
      <trkpt lat="63.68037" lon="13.33028">
        <time>2023-03-14T09:19:00Z</time>
      </trkpt>
      <trkpt lat="63.68323" lon="13.34178">
        <time>2023-03-14T09:29:00Z</time>
      </trkpt>
      <trkpt lat="63.68323" lon="13.34178">
        <time>2023-03-14T09:29:00Z</time>
      </trkpt>
      <trkpt lat="63.68624" lon="13.36036">
        <time>2023-03-14T09:39:00Z</time>
      </trkpt>
      <trkpt lat="63.68624" lon="13.36036">
        <time>2023-03-14T09:39:00Z</time>
      </trkpt>
      <trkpt lat="63.68662" lon="13.37083">
        <time>2023-03-14T09:49:00Z</time>
      </trkpt>
      <trkpt lat="63.68662" lon="13.37083">
        <time>2023-03-14T09:49:00Z</time>
      </trkpt>
      <trkpt lat="63.68781" lon="13.39105">
        <time>2023-03-14T09:59:00Z</time>
      </trkpt>
      <trkpt lat="63.68781" lon="13.39105">
        <time>2023-03-14T09:59:00Z</time>
      </trkpt>
      <trkpt lat="63.68906" lon="13.40442">
        <time>2023-03-14T10:09:00Z</time>
      </trkpt>
      <trkpt lat="63.68906" lon="13.40442">
        <time>2023-03-14T10:09:00Z</time>
      </trkpt>
      <trkpt lat="63.68931" lon="13.42171">
        <time>2023-03-14T10:19:00Z</time>
      </trkpt>
      <trkpt lat="63.68931" lon="13.42171">
        <time>2023-03-14T10:19:00Z</time>
      </trkpt>
      <trkpt lat="63.68866" lon="13.43774">
        <time>2023-03-14T10:29:00Z</time>
      </trkpt>
      <trkpt lat="63.68866" lon="13.43774">
        <time>2023-03-14T10:29:00Z</time>
      </trkpt>
      <trkpt lat="63.69401" lon="13.45319">
        <time>2023-03-14T10:39:00Z</time>
      </trkpt>
      <trkpt lat="63.69401" lon="13.45319">
        <time>2023-03-14T10:39:00Z</time>
      </trkpt>
      <trkpt lat="63.69197" lon="13.46943">
        <time>2023-03-14T10:49:00Z</time>
      </trkpt>
      <trkpt lat="63.69197" lon="13.46943">
        <time>2023-03-14T10:49:00Z</time>
      </trkpt>
      <trkpt lat="63.69063" lon="13.4834">
        <time>2023-03-14T10:59:00Z</time>
      </trkpt>
      <trkpt lat="63.69063" lon="13.4834">
        <time>2023-03-14T10:59:00Z</time>
      </trkpt>
      <trkpt lat="63.6906" lon="13.48342">
        <time>2023-03-14T11:09:00Z</time>
      </trkpt>
      <trkpt lat="63.6906" lon="13.48342">
        <time>2023-03-14T11:09:00Z</time>
      </trkpt>
      <trkpt lat="63.68965" lon="13.49173">
        <time>2023-03-14T11:19:00Z</time>
      </trkpt>
      <trkpt lat="63.68965" lon="13.49173">
        <time>2023-03-14T11:19:00Z</time>
      </trkpt>
      <trkpt lat="63.68792" lon="13.51245">
        <time>2023-03-14T11:29:00Z</time>
      </trkpt>
      <trkpt lat="63.68792" lon="13.51245">
        <time>2023-03-14T11:29:00Z</time>
      </trkpt>
      <trkpt lat="63.69085" lon="13.52893">
        <time>2023-03-14T11:39:00Z</time>
      </trkpt>
      <trkpt lat="63.69085" lon="13.52893">
        <time>2023-03-14T11:39:00Z</time>
      </trkpt>
      <trkpt lat="63.69277" lon="13.54432">
        <time>2023-03-14T11:49:00Z</time>
      </trkpt>
      <trkpt lat="63.69277" lon="13.54432">
        <time>2023-03-14T11:49:00Z</time>
      </trkpt>
      <trkpt lat="63.69356" lon="13.56337">
        <time>2023-03-14T11:59:00Z</time>
      </trkpt>
      <trkpt lat="63.69356" lon="13.56337">
        <time>2023-03-14T11:59:00Z</time>
      </trkpt>
      <trkpt lat="63.69156" lon="13.57372">
        <time>2023-03-14T12:09:00Z</time>
      </trkpt>
      <trkpt lat="63.69156" lon="13.57372">
        <time>2023-03-14T12:09:00Z</time>
      </trkpt>
      <trkpt lat="63.69147" lon="13.59142">
        <time>2023-03-14T12:19:00Z</time>
      </trkpt>
      <trkpt lat="63.69147" lon="13.59142">
        <time>2023-03-14T12:19:00Z</time>
      </trkpt>
      <trkpt lat="63.69801" lon="13.60208">
        <time>2023-03-14T12:29:00Z</time>
      </trkpt>
      <trkpt lat="63.69801" lon="13.60208">
        <time>2023-03-14T12:29:00Z</time>
      </trkpt>
      <trkpt lat="63.7025" lon="13.60603">
        <time>2023-03-14T12:39:00Z</time>
      </trkpt>
      <trkpt lat="63.7025" lon="13.60603">
        <time>2023-03-14T12:39:00Z</time>
      </trkpt>
      <trkpt lat="63.70841" lon="13.60708">
        <time>2023-03-14T12:49:00Z</time>
      </trkpt>
      <trkpt lat="63.70841" lon="13.60708">
        <time>2023-03-14T12:49:00Z</time>
      </trkpt>
      <trkpt lat="63.7154" lon="13.60955">
        <time>2023-03-14T12:59:00Z</time>
      </trkpt>
      <trkpt lat="63.7154" lon="13.60955">
        <time>2023-03-14T12:59:00Z</time>
      </trkpt>
      <trkpt lat="63.71907" lon="13.61446">
        <time>2023-03-14T13:09:00Z</time>
      </trkpt>
      <trkpt lat="63.71907" lon="13.61446">
        <time>2023-03-14T13:09:00Z</time>
      </trkpt>
      <trkpt lat="63.72488" lon="13.61957">
        <time>2023-03-14T13:19:00Z</time>
      </trkpt>
      <trkpt lat="63.72488" lon="13.61957">
        <time>2023-03-14T13:19:00Z</time>
      </trkpt>
      <trkpt lat="63.73157" lon="13.62045">
        <time>2023-03-14T13:29:00Z</time>
      </trkpt>
      <trkpt lat="63.73157" lon="13.62045">
        <time>2023-03-14T13:29:00Z</time>
      </trkpt>
      <trkpt lat="63.73724" lon="13.6256">
        <time>2023-03-14T13:39:00Z</time>
      </trkpt>
      <trkpt lat="63.73724" lon="13.6256">
        <time>2023-03-14T13:39:00Z</time>
      </trkpt>
      <trkpt lat="63.7441" lon="13.62828">
        <time>2023-03-14T13:49:00Z</time>
      </trkpt>
      <trkpt lat="63.7441" lon="13.62828">
        <time>2023-03-14T13:49:00Z</time>
      </trkpt>
      <trkpt lat="63.74623" lon="13.63161">
        <time>2023-03-14T13:59:00Z</time>
      </trkpt>
      <trkpt lat="63.74623" lon="13.63161">
        <time>2023-03-14T13:59:00Z</time>
      </trkpt>
      <trkpt lat="63.74607" lon="13.63157">
        <time>2023-03-14T14:09:00Z</time>
      </trkpt>
      <trkpt lat="63.74607" lon="13.63157">
        <time>2023-03-14T14:09:00Z</time>
      </trkpt>
      <trkpt lat="63.74906" lon="13.64646">
        <time>2023-03-14T14:49:00Z</time>
      </trkpt>
      <trkpt lat="63.74906" lon="13.64646">
        <time>2023-03-14T14:49:00Z</time>
      </trkpt>
      <trkpt lat="63.75383" lon="13.653">
        <time>2023-03-14T14:59:00Z</time>
      </trkpt>
      <trkpt lat="63.75383" lon="13.653">
        <time>2023-03-14T14:59:00Z</time>
      </trkpt>
      <trkpt lat="63.75373" lon="13.66446">
        <time>2023-03-14T15:09:00Z</time>
      </trkpt>
      <trkpt lat="63.75373" lon="13.66446">
        <time>2023-03-14T15:09:00Z</time>
      </trkpt>
      <trkpt lat="63.75037" lon="13.68607">
        <time>2023-03-14T15:19:00Z</time>
      </trkpt>
      <trkpt lat="63.75037" lon="13.68607">
        <time>2023-03-14T15:19:00Z</time>
      </trkpt>
      <trkpt lat="63.74642" lon="13.71186">
        <time>2023-03-14T15:29:00Z</time>
      </trkpt>
      <trkpt lat="63.74642" lon="13.71186">
        <time>2023-03-14T15:29:00Z</time>
      </trkpt>
      <trkpt lat="63.74414" lon="13.73823">
        <time>2023-03-14T15:39:00Z</time>
      </trkpt>
      <trkpt lat="63.74414" lon="13.73823">
        <time>2023-03-14T15:39:00Z</time>
      </trkpt>
      <trkpt lat="63.74937" lon="13.75491">
        <time>2023-03-14T15:49:00Z</time>
      </trkpt>
      <trkpt lat="63.74937" lon="13.75491">
        <time>2023-03-14T15:49:00Z</time>
      </trkpt>
      <trkpt lat="63.75221" lon="13.77222">
        <time>2023-03-14T15:59:00Z</time>
      </trkpt>
      <trkpt lat="63.75221" lon="13.77222">
        <time>2023-03-14T15:59:00Z</time>
      </trkpt>
      <trkpt lat="63.75555" lon="13.77812">
        <time>2023-03-14T16:09:00Z</time>
      </trkpt>
      <trkpt lat="63.75555" lon="13.77812">
        <time>2023-03-14T16:09:00Z</time>
      </trkpt>
      <trkpt lat="63.75877" lon="13.78033">
        <time>2023-03-14T16:19:00Z</time>
      </trkpt>
      <trkpt lat="63.75877" lon="13.78033">
        <time>2023-03-14T16:19:00Z</time>
      </trkpt>
      <trkpt lat="63.76197" lon="13.79323">
        <time>2023-03-14T16:29:00Z</time>
      </trkpt>
      <trkpt lat="63.76197" lon="13.79323">
        <time>2023-03-14T16:29:00Z</time>
      </trkpt>
      <trkpt lat="63.76559" lon="13.7993">
        <time>2023-03-14T16:39:00Z</time>
      </trkpt>
      <trkpt lat="63.76559" lon="13.7993">
        <time>2023-03-14T16:39:00Z</time>
      </trkpt>
      <trkpt lat="63.7685" lon="13.80949">
        <time>2023-03-14T16:49:00Z</time>
      </trkpt>
      <trkpt lat="63.7685" lon="13.80949">
        <time>2023-03-14T16:49:00Z</time>
      </trkpt>
      <trkpt lat="63.77099" lon="13.8163">
        <time>2023-03-14T16:59:00Z</time>
      </trkpt>
      <trkpt lat="63.77099" lon="13.8163">
        <time>2023-03-14T16:59:00Z</time>
      </trkpt>
      <trkpt lat="63.7699" lon="13.82572">
        <time>2023-03-14T17:09:00Z</time>
      </trkpt>
      <trkpt lat="63.7699" lon="13.82572">
        <time>2023-03-14T17:09:00Z</time>
      </trkpt>
      <trkpt lat="63.76975" lon="13.83099">
        <time>2023-03-14T17:19:00Z</time>
      </trkpt>
      <trkpt lat="63.76975" lon="13.83099">
        <time>2023-03-14T17:19:00Z</time>
      </trkpt>
      <trkpt lat="63.78007" lon="13.82248">
        <time>2023-03-14T17:29:00Z</time>
      </trkpt>
      <trkpt lat="63.78007" lon="13.82248">
        <time>2023-03-14T17:29:00Z</time>
      </trkpt>
      <trkpt lat="63.78035" lon="13.82127">
        <time>2023-03-14T17:41:00Z</time>
      </trkpt>
      <trkpt lat="63.78035" lon="13.82127">
        <time>2023-03-14T17:41:00Z</time>
      </trkpt>
      <trkpt lat="63.78142" lon="13.82119">
        <time>2023-03-15T08:25:00Z</time>
      </trkpt>
      <trkpt lat="63.78142" lon="13.82119">
        <time>2023-03-15T08:25:00Z</time>
      </trkpt>
      <trkpt lat="63.7835" lon="13.82848">
        <time>2023-03-15T08:35:00Z</time>
      </trkpt>
      <trkpt lat="63.7835" lon="13.82848">
        <time>2023-03-15T08:35:00Z</time>
      </trkpt>
      <trkpt lat="63.78882" lon="13.83756">
        <time>2023-03-15T08:45:00Z</time>
      </trkpt>
      <trkpt lat="63.78882" lon="13.83756">
        <time>2023-03-15T08:45:00Z</time>
      </trkpt>
      <trkpt lat="63.79675" lon="13.83565">
        <time>2023-03-15T08:55:00Z</time>
      </trkpt>
      <trkpt lat="63.79675" lon="13.83565">
        <time>2023-03-15T08:55:00Z</time>
      </trkpt>
      <trkpt lat="63.8048" lon="13.83597">
        <time>2023-03-15T09:05:00Z</time>
      </trkpt>
      <trkpt lat="63.8048" lon="13.83597">
        <time>2023-03-15T09:05:00Z</time>
      </trkpt>
      <trkpt lat="63.81144" lon="13.82977">
        <time>2023-03-15T09:15:00Z</time>
      </trkpt>
      <trkpt lat="63.81144" lon="13.82977">
        <time>2023-03-15T09:15:00Z</time>
      </trkpt>
      <trkpt lat="63.8189" lon="13.83056">
        <time>2023-03-15T09:25:00Z</time>
      </trkpt>
      <trkpt lat="63.8189" lon="13.83056">
        <time>2023-03-15T09:25:00Z</time>
      </trkpt>
      <trkpt lat="63.82403" lon="13.82651">
        <time>2023-03-15T09:35:00Z</time>
      </trkpt>
      <trkpt lat="63.82403" lon="13.82651">
        <time>2023-03-15T09:35:00Z</time>
      </trkpt>
      <trkpt lat="63.8308" lon="13.82072">
        <time>2023-03-15T09:45:00Z</time>
      </trkpt>
      <trkpt lat="63.8308" lon="13.82072">
        <time>2023-03-15T09:45:00Z</time>
      </trkpt>
      <trkpt lat="63.83627" lon="13.81557">
        <time>2023-03-15T09:55:00Z</time>
      </trkpt>
      <trkpt lat="63.83627" lon="13.81557">
        <time>2023-03-15T09:55:00Z</time>
      </trkpt>
      <trkpt lat="63.84228" lon="13.80853">
        <time>2023-03-15T10:05:00Z</time>
      </trkpt>
      <trkpt lat="63.84228" lon="13.80853">
        <time>2023-03-15T10:05:00Z</time>
      </trkpt>
      <trkpt lat="63.84733" lon="13.80014">
        <time>2023-03-15T10:15:00Z</time>
      </trkpt>
      <trkpt lat="63.84733" lon="13.80014">
        <time>2023-03-15T10:15:00Z</time>
      </trkpt>
      <trkpt lat="63.85274" lon="13.79035">
        <time>2023-03-15T10:25:00Z</time>
      </trkpt>
      <trkpt lat="63.85274" lon="13.79035">
        <time>2023-03-15T10:25:00Z</time>
      </trkpt>
      <trkpt lat="63.85873" lon="13.78778">
        <time>2023-03-15T10:35:00Z</time>
      </trkpt>
      <trkpt lat="63.85873" lon="13.78778">
        <time>2023-03-15T10:35:00Z</time>
      </trkpt>
      <trkpt lat="63.85873" lon="13.78778">
        <time>2023-03-15T10:45:00Z</time>
      </trkpt>
      <trkpt lat="63.85873" lon="13.78778">
        <time>2023-03-15T10:45:00Z</time>
      </trkpt>
      <trkpt lat="63.86306" lon="13.79967">
        <time>2023-03-15T11:15:00Z</time>
      </trkpt>
      <trkpt lat="63.86306" lon="13.79967">
        <time>2023-03-15T11:15:00Z</time>
      </trkpt>
      <trkpt lat="63.86312" lon="13.80025">
        <time>2023-03-15T11:25:00Z</time>
      </trkpt>
      <trkpt lat="63.86312" lon="13.80025">
        <time>2023-03-15T11:25:00Z</time>
      </trkpt>
      <trkpt lat="63.86514" lon="13.81095">
        <time>2023-03-15T11:45:00Z</time>
      </trkpt>
      <trkpt lat="63.86514" lon="13.81095">
        <time>2023-03-15T11:45:00Z</time>
      </trkpt>
      <trkpt lat="63.86759" lon="13.81902">
        <time>2023-03-15T11:55:00Z</time>
      </trkpt>
      <trkpt lat="63.86759" lon="13.81902">
        <time>2023-03-15T11:55:00Z</time>
      </trkpt>
      <trkpt lat="63.86963" lon="13.82653">
        <time>2023-03-15T12:05:00Z</time>
      </trkpt>
      <trkpt lat="63.86963" lon="13.82653">
        <time>2023-03-15T12:05:00Z</time>
      </trkpt>
      <trkpt lat="63.87265" lon="13.83694">
        <time>2023-03-15T12:15:00Z</time>
      </trkpt>
      <trkpt lat="63.87265" lon="13.83694">
        <time>2023-03-15T12:15:00Z</time>
      </trkpt>
      <trkpt lat="63.87471" lon="13.84194">
        <time>2023-03-15T12:25:00Z</time>
      </trkpt>
      <trkpt lat="63.87471" lon="13.84194">
        <time>2023-03-15T12:25:00Z</time>
      </trkpt>
      <trkpt lat="63.87984" lon="13.84749">
        <time>2023-03-15T12:35:00Z</time>
      </trkpt>
      <trkpt lat="63.87984" lon="13.84749">
        <time>2023-03-15T12:35:00Z</time>
      </trkpt>
      <trkpt lat="63.88234" lon="13.85395">
        <time>2023-03-15T12:45:00Z</time>
      </trkpt>
      <trkpt lat="63.88234" lon="13.85395">
        <time>2023-03-15T12:45:00Z</time>
      </trkpt>
      <trkpt lat="63.88361" lon="13.85717">
        <time>2023-03-15T12:55:00Z</time>
      </trkpt>
      <trkpt lat="63.88361" lon="13.85717">
        <time>2023-03-15T12:55:00Z</time>
      </trkpt>
      <trkpt lat="63.88846" lon="13.85468">
        <time>2023-03-15T13:05:00Z</time>
      </trkpt>
      <trkpt lat="63.88846" lon="13.85468">
        <time>2023-03-15T13:05:00Z</time>
      </trkpt>
      <trkpt lat="63.89235" lon="13.86346">
        <time>2023-03-15T13:15:00Z</time>
      </trkpt>
      <trkpt lat="63.89235" lon="13.86346">
        <time>2023-03-15T13:15:00Z</time>
      </trkpt>
      <trkpt lat="63.89841" lon="13.8667">
        <time>2023-03-15T13:25:00Z</time>
      </trkpt>
      <trkpt lat="63.89841" lon="13.8667">
        <time>2023-03-15T13:25:00Z</time>
      </trkpt>
      <trkpt lat="63.90398" lon="13.8641">
        <time>2023-03-15T13:35:00Z</time>
      </trkpt>
      <trkpt lat="63.90398" lon="13.8641">
        <time>2023-03-15T13:35:00Z</time>
      </trkpt>
      <trkpt lat="63.9076" lon="13.8673">
        <time>2023-03-15T13:45:00Z</time>
      </trkpt>
      <trkpt lat="63.9076" lon="13.8673">
        <time>2023-03-15T13:45:00Z</time>
      </trkpt>
      <trkpt lat="63.91123" lon="13.86666">
        <time>2023-03-15T13:55:00Z</time>
      </trkpt>
      <trkpt lat="63.91123" lon="13.86666">
        <time>2023-03-15T13:55:00Z</time>
      </trkpt>
      <trkpt lat="63.91742" lon="13.86857">
        <time>2023-03-15T14:05:00Z</time>
      </trkpt>
      <trkpt lat="63.91742" lon="13.86857">
        <time>2023-03-15T14:05:00Z</time>
      </trkpt>
      <trkpt lat="63.9251" lon="13.87348">
        <time>2023-03-15T14:15:00Z</time>
      </trkpt>
      <trkpt lat="63.9251" lon="13.87348">
        <time>2023-03-15T14:15:00Z</time>
      </trkpt>
      <trkpt lat="63.93003" lon="13.88683">
        <time>2023-03-15T14:25:00Z</time>
      </trkpt>
      <trkpt lat="63.93003" lon="13.88683">
        <time>2023-03-15T14:25:00Z</time>
      </trkpt>
      <trkpt lat="63.93695" lon="13.89543">
        <time>2023-03-15T14:35:00Z</time>
      </trkpt>
      <trkpt lat="63.93695" lon="13.89543">
        <time>2023-03-15T14:35:00Z</time>
      </trkpt>
      <trkpt lat="63.94371" lon="13.91165">
        <time>2023-03-15T14:45:00Z</time>
      </trkpt>
      <trkpt lat="63.94371" lon="13.91165">
        <time>2023-03-15T14:45:00Z</time>
      </trkpt>
      <trkpt lat="63.94955" lon="13.91951">
        <time>2023-03-15T14:55:00Z</time>
      </trkpt>
      <trkpt lat="63.94955" lon="13.91951">
        <time>2023-03-15T14:55:00Z</time>
      </trkpt>
      <trkpt lat="63.9582" lon="13.94268">
        <time>2023-03-15T15:05:00Z</time>
      </trkpt>
      <trkpt lat="63.9582" lon="13.94268">
        <time>2023-03-15T15:05:00Z</time>
      </trkpt>
      <trkpt lat="63.95946" lon="13.94867">
        <time>2023-03-15T15:15:00Z</time>
      </trkpt>
      <trkpt lat="63.95946" lon="13.94867">
        <time>2023-03-15T15:15:00Z</time>
      </trkpt>
      <trkpt lat="63.9637" lon="13.94998">
        <time>2023-03-15T15:25:00Z</time>
      </trkpt>
      <trkpt lat="63.9637" lon="13.94998">
        <time>2023-03-15T15:25:00Z</time>
      </trkpt>
      <trkpt lat="63.96965" lon="13.95038">
        <time>2023-03-15T15:35:00Z</time>
      </trkpt>
      <trkpt lat="63.96965" lon="13.95038">
        <time>2023-03-15T15:35:00Z</time>
      </trkpt>
      <trkpt lat="63.97557" lon="13.96553">
        <time>2023-03-15T15:45:00Z</time>
      </trkpt>
      <trkpt lat="63.97557" lon="13.96553">
        <time>2023-03-15T15:45:00Z</time>
      </trkpt>
      <trkpt lat="63.97978" lon="13.97545">
        <time>2023-03-15T15:55:00Z</time>
      </trkpt>
      <trkpt lat="63.97978" lon="13.97545">
        <time>2023-03-15T15:55:00Z</time>
      </trkpt>
      <trkpt lat="63.98566" lon="13.98371">
        <time>2023-03-15T16:05:00Z</time>
      </trkpt>
      <trkpt lat="63.98566" lon="13.98371">
        <time>2023-03-15T16:05:00Z</time>
      </trkpt>
      <trkpt lat="63.98765" lon="13.98485">
        <time>2023-03-15T16:15:00Z</time>
      </trkpt>
      <trkpt lat="63.98765" lon="13.98485">
        <time>2023-03-15T16:15:00Z</time>
      </trkpt>
      <trkpt lat="63.98778" lon="13.9853">
        <time>2023-03-16T08:19:00Z</time>
      </trkpt>
      <trkpt lat="63.98778" lon="13.9853">
        <time>2023-03-16T08:19:00Z</time>
      </trkpt>
      <trkpt lat="63.99245" lon="13.99092">
        <time>2023-03-16T08:29:00Z</time>
      </trkpt>
      <trkpt lat="63.99245" lon="13.99092">
        <time>2023-03-16T08:29:00Z</time>
      </trkpt>
      <trkpt lat="63.99918" lon="13.99723">
        <time>2023-03-16T08:39:00Z</time>
      </trkpt>
      <trkpt lat="63.99918" lon="13.99723">
        <time>2023-03-16T08:39:00Z</time>
      </trkpt>
      <trkpt lat="64.00099" lon="14.00688">
        <time>2023-03-16T08:49:00Z</time>
      </trkpt>
      <trkpt lat="64.00099" lon="14.00688">
        <time>2023-03-16T08:49:00Z</time>
      </trkpt>
      <trkpt lat="64.00606" lon="14.01143">
        <time>2023-03-16T08:59:00Z</time>
      </trkpt>
      <trkpt lat="64.00606" lon="14.01143">
        <time>2023-03-16T08:59:00Z</time>
      </trkpt>
      <trkpt lat="64.00938" lon="14.01866">
        <time>2023-03-16T09:09:00Z</time>
      </trkpt>
      <trkpt lat="64.00938" lon="14.01866">
        <time>2023-03-16T09:09:00Z</time>
      </trkpt>
      <trkpt lat="64.01494" lon="14.01085">
        <time>2023-03-16T09:19:00Z</time>
      </trkpt>
      <trkpt lat="64.01494" lon="14.01085">
        <time>2023-03-16T09:19:00Z</time>
      </trkpt>
      <trkpt lat="64.01838" lon="14.01652">
        <time>2023-03-16T09:29:00Z</time>
      </trkpt>
      <trkpt lat="64.01838" lon="14.01652">
        <time>2023-03-16T09:29:00Z</time>
      </trkpt>
      <trkpt lat="64.02216" lon="14.03289">
        <time>2023-03-16T09:39:00Z</time>
      </trkpt>
      <trkpt lat="64.02216" lon="14.03289">
        <time>2023-03-16T09:39:00Z</time>
      </trkpt>
      <trkpt lat="64.0258" lon="14.04162">
        <time>2023-03-16T09:49:00Z</time>
      </trkpt>
      <trkpt lat="64.0258" lon="14.04162">
        <time>2023-03-16T09:49:00Z</time>
      </trkpt>
      <trkpt lat="64.02542" lon="14.059">
        <time>2023-03-16T09:59:00Z</time>
      </trkpt>
      <trkpt lat="64.02542" lon="14.059">
        <time>2023-03-16T09:59:00Z</time>
      </trkpt>
      <trkpt lat="64.02784" lon="14.07746">
        <time>2023-03-16T10:09:00Z</time>
      </trkpt>
      <trkpt lat="64.02784" lon="14.07746">
        <time>2023-03-16T10:09:00Z</time>
      </trkpt>
      <trkpt lat="64.03377" lon="14.08872">
        <time>2023-03-16T10:19:00Z</time>
      </trkpt>
      <trkpt lat="64.03377" lon="14.08872">
        <time>2023-03-16T10:19:00Z</time>
      </trkpt>
      <trkpt lat="64.04018" lon="14.08602">
        <time>2023-03-16T10:29:00Z</time>
      </trkpt>
      <trkpt lat="64.04018" lon="14.08602">
        <time>2023-03-16T10:29:00Z</time>
      </trkpt>
      <trkpt lat="64.04291" lon="14.08012">
        <time>2023-03-16T10:39:00Z</time>
      </trkpt>
      <trkpt lat="64.04291" lon="14.08012">
        <time>2023-03-16T10:39:00Z</time>
      </trkpt>
      <trkpt lat="64.05432" lon="14.08632">
        <time>2023-03-16T10:49:00Z</time>
      </trkpt>
      <trkpt lat="64.05432" lon="14.08632">
        <time>2023-03-16T10:49:00Z</time>
      </trkpt>
      <trkpt lat="64.06397" lon="14.08861">
        <time>2023-03-16T10:59:00Z</time>
      </trkpt>
      <trkpt lat="64.06397" lon="14.08861">
        <time>2023-03-16T10:59:00Z</time>
      </trkpt>
      <trkpt lat="64.06835" lon="14.10501">
        <time>2023-03-16T11:09:00Z</time>
      </trkpt>
      <trkpt lat="64.06835" lon="14.10501">
        <time>2023-03-16T11:09:00Z</time>
      </trkpt>
      <trkpt lat="64.06844" lon="14.10911">
        <time>2023-03-16T11:19:00Z</time>
      </trkpt>
      <trkpt lat="64.06844" lon="14.10911">
        <time>2023-03-16T11:19:00Z</time>
      </trkpt>
      <trkpt lat="64.06586" lon="14.1217">
        <time>2023-03-16T11:29:00Z</time>
      </trkpt>
      <trkpt lat="64.06586" lon="14.1217">
        <time>2023-03-16T11:29:00Z</time>
      </trkpt>
      <trkpt lat="64.06646" lon="14.14153">
        <time>2023-03-16T11:39:00Z</time>
      </trkpt>
      <trkpt lat="64.06646" lon="14.14153">
        <time>2023-03-16T11:39:00Z</time>
      </trkpt>
      <trkpt lat="64.06706" lon="14.14095">
        <time>2023-03-16T11:49:00Z</time>
      </trkpt>
      <trkpt lat="64.06706" lon="14.14095">
        <time>2023-03-16T11:49:00Z</time>
      </trkpt>
      <trkpt lat="64.0687" lon="14.13915">
        <time>2023-03-16T14:09:00Z</time>
      </trkpt>
      <trkpt lat="64.0687" lon="14.13915">
        <time>2023-03-16T14:09:00Z</time>
      </trkpt>
      <trkpt lat="64.07076" lon="14.14114">
        <time>2023-03-16T14:19:00Z</time>
      </trkpt>
      <trkpt lat="64.07076" lon="14.14114">
        <time>2023-03-16T14:19:00Z</time>
      </trkpt>
      <trkpt lat="64.07093" lon="14.15376">
        <time>2023-03-16T14:29:00Z</time>
      </trkpt>
      <trkpt lat="64.07093" lon="14.15376">
        <time>2023-03-16T14:29:00Z</time>
      </trkpt>
      <trkpt lat="64.07301" lon="14.15915">
        <time>2023-03-16T14:39:00Z</time>
      </trkpt>
      <trkpt lat="64.07301" lon="14.15915">
        <time>2023-03-16T14:39:00Z</time>
      </trkpt>
      <trkpt lat="64.07604" lon="14.16824">
        <time>2023-03-16T14:49:00Z</time>
      </trkpt>
      <trkpt lat="64.07604" lon="14.16824">
        <time>2023-03-16T14:49:00Z</time>
      </trkpt>
      <trkpt lat="64.07958" lon="14.18187">
        <time>2023-03-16T14:59:00Z</time>
      </trkpt>
      <trkpt lat="64.07958" lon="14.18187">
        <time>2023-03-16T14:59:00Z</time>
      </trkpt>
      <trkpt lat="64.0815" lon="14.19054">
        <time>2023-03-16T15:09:00Z</time>
      </trkpt>
      <trkpt lat="64.0815" lon="14.19054">
        <time>2023-03-16T15:09:00Z</time>
      </trkpt>
      <trkpt lat="64.08537" lon="14.20502">
        <time>2023-03-16T15:19:00Z</time>
      </trkpt>
      <trkpt lat="64.08537" lon="14.20502">
        <time>2023-03-16T15:19:00Z</time>
      </trkpt>
      <trkpt lat="64.0855" lon="14.21734">
        <time>2023-03-16T15:29:00Z</time>
      </trkpt>
      <trkpt lat="64.0855" lon="14.21734">
        <time>2023-03-16T15:29:00Z</time>
      </trkpt>
      <trkpt lat="64.08253" lon="14.22562">
        <time>2023-03-16T15:39:00Z</time>
      </trkpt>
      <trkpt lat="64.08253" lon="14.22562">
        <time>2023-03-16T15:39:00Z</time>
      </trkpt>
      <trkpt lat="64.08136" lon="14.24309">
        <time>2023-03-16T15:49:00Z</time>
      </trkpt>
      <trkpt lat="64.08136" lon="14.24309">
        <time>2023-03-16T15:49:00Z</time>
      </trkpt>
      <trkpt lat="64.08353" lon="14.25553">
        <time>2023-03-16T15:59:00Z</time>
      </trkpt>
      <trkpt lat="64.08353" lon="14.25553">
        <time>2023-03-16T15:59:00Z</time>
      </trkpt>
      <trkpt lat="64.08508" lon="14.26506">
        <time>2023-03-16T16:09:00Z</time>
      </trkpt>
      <trkpt lat="64.08508" lon="14.26506">
        <time>2023-03-16T16:09:00Z</time>
      </trkpt>
      <trkpt lat="64.08572" lon="14.27062">
        <time>2023-03-16T16:19:00Z</time>
      </trkpt>
      <trkpt lat="64.08572" lon="14.27062">
        <time>2023-03-16T16:19:00Z</time>
      </trkpt>
      <trkpt lat="64.08634" lon="14.26862">
        <time>2023-03-16T16:29:00Z</time>
      </trkpt>
      <trkpt lat="64.08634" lon="14.26862">
        <time>2023-03-16T16:29:00Z</time>
      </trkpt>
      <trkpt lat="64.08866" lon="14.28457">
        <time>2023-03-16T16:39:00Z</time>
      </trkpt>
      <trkpt lat="64.08866" lon="14.28457">
        <time>2023-03-16T16:39:00Z</time>
      </trkpt>
      <trkpt lat="64.08983" lon="14.31265">
        <time>2023-03-16T16:49:00Z</time>
      </trkpt>
      <trkpt lat="64.08983" lon="14.31265">
        <time>2023-03-16T16:49:00Z</time>
      </trkpt>
      <trkpt lat="64.09378" lon="14.32132">
        <time>2023-03-16T16:59:00Z</time>
      </trkpt>
      <trkpt lat="64.09378" lon="14.32132">
        <time>2023-03-16T16:59:00Z</time>
      </trkpt>
      <trkpt lat="64.09524" lon="14.32413">
        <time>2023-03-16T17:05:00Z</time>
      </trkpt>
      <trkpt lat="64.09524" lon="14.32413">
        <time>2023-03-16T17:05:00Z</time>
      </trkpt>
      <trkpt lat="64.09533" lon="14.32452">
        <time>2023-03-18T08:40:00Z</time>
      </trkpt>
      <trkpt lat="64.09533" lon="14.32452">
        <time>2023-03-18T08:40:00Z</time>
      </trkpt>
      <trkpt lat="64.09694" lon="14.33521">
        <time>2023-03-18T08:50:00Z</time>
      </trkpt>
      <trkpt lat="64.09694" lon="14.33521">
        <time>2023-03-18T08:50:00Z</time>
      </trkpt>
      <trkpt lat="64.09749" lon="14.34336">
        <time>2023-03-18T09:00:00Z</time>
      </trkpt>
      <trkpt lat="64.09749" lon="14.34336">
        <time>2023-03-18T09:00:00Z</time>
      </trkpt>
      <trkpt lat="64.09921" lon="14.35031">
        <time>2023-03-18T09:10:00Z</time>
      </trkpt>
      <trkpt lat="64.09921" lon="14.35031">
        <time>2023-03-18T09:10:00Z</time>
      </trkpt>
      <trkpt lat="64.10092" lon="14.35357">
        <time>2023-03-18T09:20:00Z</time>
      </trkpt>
      <trkpt lat="64.10092" lon="14.35357">
        <time>2023-03-18T09:20:00Z</time>
      </trkpt>
      <trkpt lat="64.10444" lon="14.35484">
        <time>2023-03-18T09:30:00Z</time>
      </trkpt>
      <trkpt lat="64.10444" lon="14.35484">
        <time>2023-03-18T09:30:00Z</time>
      </trkpt>
      <trkpt lat="64.10649" lon="14.35375">
        <time>2023-03-18T09:40:00Z</time>
      </trkpt>
      <trkpt lat="64.10649" lon="14.35375">
        <time>2023-03-18T09:40:00Z</time>
      </trkpt>
      <trkpt lat="64.10956" lon="14.35042">
        <time>2023-03-18T09:50:00Z</time>
      </trkpt>
      <trkpt lat="64.10956" lon="14.35042">
        <time>2023-03-18T09:50:00Z</time>
      </trkpt>
      <trkpt lat="64.11226" lon="14.3466">
        <time>2023-03-18T10:00:00Z</time>
      </trkpt>
      <trkpt lat="64.11226" lon="14.3466">
        <time>2023-03-18T10:00:00Z</time>
      </trkpt>
      <trkpt lat="64.11703" lon="14.34349">
        <time>2023-03-18T10:10:00Z</time>
      </trkpt>
      <trkpt lat="64.11703" lon="14.34349">
        <time>2023-03-18T10:10:00Z</time>
      </trkpt>
      <trkpt lat="64.12004" lon="14.34171">
        <time>2023-03-18T10:20:00Z</time>
      </trkpt>
      <trkpt lat="64.12004" lon="14.34171">
        <time>2023-03-18T10:20:00Z</time>
      </trkpt>
      <trkpt lat="64.12458" lon="14.3383">
        <time>2023-03-18T10:30:00Z</time>
      </trkpt>
      <trkpt lat="64.12458" lon="14.3383">
        <time>2023-03-18T10:30:00Z</time>
      </trkpt>
      <trkpt lat="64.12717" lon="14.33467">
        <time>2023-03-18T10:40:00Z</time>
      </trkpt>
      <trkpt lat="64.12717" lon="14.33467">
        <time>2023-03-18T10:40:00Z</time>
      </trkpt>
      <trkpt lat="64.13238" lon="14.3324">
        <time>2023-03-18T10:50:00Z</time>
      </trkpt>
      <trkpt lat="64.13238" lon="14.3324">
        <time>2023-03-18T10:50:00Z</time>
      </trkpt>
      <trkpt lat="64.13773" lon="14.32963">
        <time>2023-03-18T11:00:00Z</time>
      </trkpt>
      <trkpt lat="64.13773" lon="14.32963">
        <time>2023-03-18T11:00:00Z</time>
      </trkpt>
      <trkpt lat="64.14317" lon="14.32559">
        <time>2023-03-18T11:10:00Z</time>
      </trkpt>
      <trkpt lat="64.14317" lon="14.32559">
        <time>2023-03-18T11:10:00Z</time>
      </trkpt>
      <trkpt lat="64.1441" lon="14.32433">
        <time>2023-03-18T11:20:00Z</time>
      </trkpt>
      <trkpt lat="64.1441" lon="14.32433">
        <time>2023-03-18T11:20:00Z</time>
      </trkpt>
      <trkpt lat="64.14751" lon="14.32122">
        <time>2023-03-18T11:30:00Z</time>
      </trkpt>
      <trkpt lat="64.14751" lon="14.32122">
        <time>2023-03-18T11:30:00Z</time>
      </trkpt>
      <trkpt lat="64.1514" lon="14.31218">
        <time>2023-03-18T11:40:00Z</time>
      </trkpt>
      <trkpt lat="64.1514" lon="14.31218">
        <time>2023-03-18T11:40:00Z</time>
      </trkpt>
      <trkpt lat="64.15724" lon="14.31137">
        <time>2023-03-18T11:50:00Z</time>
      </trkpt>
      <trkpt lat="64.15724" lon="14.31137">
        <time>2023-03-18T11:50:00Z</time>
      </trkpt>
      <trkpt lat="64.16369" lon="14.30557">
        <time>2023-03-18T12:00:00Z</time>
      </trkpt>
      <trkpt lat="64.16369" lon="14.30557">
        <time>2023-03-18T12:00:00Z</time>
      </trkpt>
      <trkpt lat="64.16954" lon="14.31032">
        <time>2023-03-18T12:10:00Z</time>
      </trkpt>
      <trkpt lat="64.16954" lon="14.31032">
        <time>2023-03-18T12:10:00Z</time>
      </trkpt>
      <trkpt lat="64.17495" lon="14.31167">
        <time>2023-03-18T12:20:00Z</time>
      </trkpt>
      <trkpt lat="64.17495" lon="14.31167">
        <time>2023-03-18T12:20:00Z</time>
      </trkpt>
      <trkpt lat="64.18205" lon="14.31495">
        <time>2023-03-18T12:30:00Z</time>
      </trkpt>
      <trkpt lat="64.18205" lon="14.31495">
        <time>2023-03-18T12:30:00Z</time>
      </trkpt>
      <trkpt lat="64.18714" lon="14.31216">
        <time>2023-03-18T12:40:00Z</time>
      </trkpt>
      <trkpt lat="64.18714" lon="14.31216">
        <time>2023-03-18T12:40:00Z</time>
      </trkpt>
      <trkpt lat="64.19497" lon="14.31036">
        <time>2023-03-18T12:50:00Z</time>
      </trkpt>
      <trkpt lat="64.19497" lon="14.31036">
        <time>2023-03-18T12:50:00Z</time>
      </trkpt>
      <trkpt lat="64.20018" lon="14.30881">
        <time>2023-03-18T13:00:00Z</time>
      </trkpt>
      <trkpt lat="64.20018" lon="14.30881">
        <time>2023-03-18T13:00:00Z</time>
      </trkpt>
      <trkpt lat="64.20674" lon="14.30746">
        <time>2023-03-18T13:10:00Z</time>
      </trkpt>
      <trkpt lat="64.20674" lon="14.30746">
        <time>2023-03-18T13:10:00Z</time>
      </trkpt>
      <trkpt lat="64.20676" lon="14.30744">
        <time>2023-03-18T13:20:00Z</time>
      </trkpt>
      <trkpt lat="64.20676" lon="14.30744">
        <time>2023-03-18T13:20:00Z</time>
      </trkpt>
      <trkpt lat="64.21414" lon="14.31482">
        <time>2023-03-18T13:30:00Z</time>
      </trkpt>
      <trkpt lat="64.21414" lon="14.31482">
        <time>2023-03-18T13:30:00Z</time>
      </trkpt>
      <trkpt lat="64.21915" lon="14.32909">
        <time>2023-03-18T13:40:00Z</time>
      </trkpt>
      <trkpt lat="64.21915" lon="14.32909">
        <time>2023-03-18T13:40:00Z</time>
      </trkpt>
      <trkpt lat="64.22629" lon="14.33381">
        <time>2023-03-18T13:50:00Z</time>
      </trkpt>
      <trkpt lat="64.22629" lon="14.33381">
        <time>2023-03-18T13:50:00Z</time>
      </trkpt>
      <trkpt lat="64.23205" lon="14.33853">
        <time>2023-03-18T14:00:00Z</time>
      </trkpt>
      <trkpt lat="64.23205" lon="14.33853">
        <time>2023-03-18T14:00:00Z</time>
      </trkpt>
      <trkpt lat="64.23655" lon="14.34205">
        <time>2023-03-18T14:10:00Z</time>
      </trkpt>
      <trkpt lat="64.23655" lon="14.34205">
        <time>2023-03-18T14:10:00Z</time>
      </trkpt>
      <trkpt lat="64.24239" lon="14.34666">
        <time>2023-03-18T14:20:00Z</time>
      </trkpt>
      <trkpt lat="64.24239" lon="14.34666">
        <time>2023-03-18T14:20:00Z</time>
      </trkpt>
      <trkpt lat="64.24574" lon="14.34797">
        <time>2023-03-18T14:30:00Z</time>
      </trkpt>
      <trkpt lat="64.24574" lon="14.34797">
        <time>2023-03-18T14:30:00Z</time>
      </trkpt>
      <trkpt lat="64.24866" lon="14.35289">
        <time>2023-03-18T14:40:00Z</time>
      </trkpt>
      <trkpt lat="64.24866" lon="14.35289">
        <time>2023-03-18T14:40:00Z</time>
      </trkpt>
      <trkpt lat="64.24916" lon="14.35445">
        <time>2023-03-18T14:50:00Z</time>
      </trkpt>
      <trkpt lat="64.24916" lon="14.35445">
        <time>2023-03-18T14:50:00Z</time>
      </trkpt>
      <trkpt lat="64.25011" lon="14.35737">
        <time>2023-03-18T15:10:00Z</time>
      </trkpt>
      <trkpt lat="64.25011" lon="14.35737">
        <time>2023-03-18T15:10:00Z</time>
      </trkpt>
      <trkpt lat="64.25426" lon="14.36407">
        <time>2023-03-18T15:20:00Z</time>
      </trkpt>
      <trkpt lat="64.25426" lon="14.36407">
        <time>2023-03-18T15:20:00Z</time>
      </trkpt>
      <trkpt lat="64.2565" lon="14.37497">
        <time>2023-03-18T15:30:00Z</time>
      </trkpt>
      <trkpt lat="64.2565" lon="14.37497">
        <time>2023-03-18T15:30:00Z</time>
      </trkpt>
      <trkpt lat="64.25779" lon="14.37771">
        <time>2023-03-18T15:40:00Z</time>
      </trkpt>
      <trkpt lat="64.25779" lon="14.37771">
        <time>2023-03-18T15:40:00Z</time>
      </trkpt>
      <trkpt lat="64.2585" lon="14.3808">
        <time>2023-03-18T15:50:00Z</time>
      </trkpt>
      <trkpt lat="64.2585" lon="14.3808">
        <time>2023-03-18T15:50:00Z</time>
      </trkpt>
      <trkpt lat="64.25589" lon="14.39546">
        <time>2023-03-18T16:00:00Z</time>
      </trkpt>
      <trkpt lat="64.25589" lon="14.39546">
        <time>2023-03-18T16:00:00Z</time>
      </trkpt>
      <trkpt lat="64.25281" lon="14.40561">
        <time>2023-03-18T16:10:00Z</time>
      </trkpt>
      <trkpt lat="64.25281" lon="14.40561">
        <time>2023-03-18T16:10:00Z</time>
      </trkpt>
      <trkpt lat="64.25488" lon="14.4128">
        <time>2023-03-18T16:20:00Z</time>
      </trkpt>
      <trkpt lat="64.25488" lon="14.4128">
        <time>2023-03-18T16:20:00Z</time>
      </trkpt>
      <trkpt lat="64.25592" lon="14.41505">
        <time>2023-03-18T16:30:00Z</time>
      </trkpt>
      <trkpt lat="64.25592" lon="14.41505">
        <time>2023-03-18T16:30:00Z</time>
      </trkpt>
      <trkpt lat="64.25691" lon="14.41621">
        <time>2023-03-18T16:40:00Z</time>
      </trkpt>
      <trkpt lat="64.25691" lon="14.41621">
        <time>2023-03-18T16:40:00Z</time>
      </trkpt>
      <trkpt lat="64.25893" lon="14.42093">
        <time>2023-03-18T16:50:00Z</time>
      </trkpt>
      <trkpt lat="64.25893" lon="14.42093">
        <time>2023-03-18T16:50:00Z</time>
      </trkpt>
      <trkpt lat="64.26083" lon="14.42127">
        <time>2023-03-18T17:00:00Z</time>
      </trkpt>
      <trkpt lat="64.26083" lon="14.42127">
        <time>2023-03-18T17:00:00Z</time>
      </trkpt>
      <trkpt lat="64.2608" lon="14.42951">
        <time>2023-03-18T17:10:00Z</time>
      </trkpt>
      <trkpt lat="64.2608" lon="14.42951">
        <time>2023-03-18T17:10:00Z</time>
      </trkpt>
      <trkpt lat="64.26168" lon="14.43177">
        <time>2023-03-18T17:20:00Z</time>
      </trkpt>
      <trkpt lat="64.26168" lon="14.43177">
        <time>2023-03-18T17:20:00Z</time>
      </trkpt>
      <trkpt lat="64.26438" lon="14.43355">
        <time>2023-03-18T17:30:00Z</time>
      </trkpt>
      <trkpt lat="64.26438" lon="14.43355">
        <time>2023-03-18T17:30:00Z</time>
      </trkpt>
      <trkpt lat="64.26738" lon="14.43473">
        <time>2023-03-18T17:40:00Z</time>
      </trkpt>
      <trkpt lat="64.26738" lon="14.43473">
        <time>2023-03-18T17:40:00Z</time>
      </trkpt>
      <trkpt lat="64.26895" lon="14.43378">
        <time>2023-03-18T17:50:00Z</time>
      </trkpt>
      <trkpt lat="64.26895" lon="14.43378">
        <time>2023-03-18T17:50:00Z</time>
      </trkpt>
      <trkpt lat="64.27047" lon="14.42777">
        <time>2023-03-18T18:00:00Z</time>
      </trkpt>
      <trkpt lat="64.27047" lon="14.42777">
        <time>2023-03-18T18:00:00Z</time>
      </trkpt>
      <trkpt lat="64.2713" lon="14.42827">
        <time>2023-03-18T18:08:00Z</time>
      </trkpt>
      <trkpt lat="64.2713" lon="14.42827">
        <time>2023-03-18T18:08:00Z</time>
      </trkpt>
      <trkpt lat="64.27233" lon="14.42773">
        <time>2023-03-19T08:22:00Z</time>
      </trkpt>
      <trkpt lat="64.27233" lon="14.42773">
        <time>2023-03-19T08:22:00Z</time>
      </trkpt>
      <trkpt lat="64.2716" lon="14.42782">
        <time>2023-03-19T08:32:00Z</time>
      </trkpt>
      <trkpt lat="64.2716" lon="14.42782">
        <time>2023-03-19T08:32:00Z</time>
      </trkpt>
      <trkpt lat="64.27624" lon="14.40769">
        <time>2023-03-19T08:52:00Z</time>
      </trkpt>
      <trkpt lat="64.27624" lon="14.40769">
        <time>2023-03-19T08:52:00Z</time>
      </trkpt>
      <trkpt lat="64.28298" lon="14.40406">
        <time>2023-03-19T09:02:00Z</time>
      </trkpt>
      <trkpt lat="64.28298" lon="14.40406">
        <time>2023-03-19T09:02:00Z</time>
      </trkpt>
      <trkpt lat="64.28533" lon="14.41245">
        <time>2023-03-19T09:12:00Z</time>
      </trkpt>
      <trkpt lat="64.28533" lon="14.41245">
        <time>2023-03-19T09:12:00Z</time>
      </trkpt>
      <trkpt lat="64.2898" lon="14.42348">
        <time>2023-03-19T09:22:00Z</time>
      </trkpt>
      <trkpt lat="64.2898" lon="14.42348">
        <time>2023-03-19T09:22:00Z</time>
      </trkpt>
      <trkpt lat="64.29113" lon="14.42269">
        <time>2023-03-19T09:32:00Z</time>
      </trkpt>
      <trkpt lat="64.29113" lon="14.42269">
        <time>2023-03-19T09:32:00Z</time>
      </trkpt>
      <trkpt lat="64.29365" lon="14.4219">
        <time>2023-03-19T09:42:00Z</time>
      </trkpt>
      <trkpt lat="64.29365" lon="14.4219">
        <time>2023-03-19T09:42:00Z</time>
      </trkpt>
      <trkpt lat="64.29521" lon="14.42125">
        <time>2023-03-19T09:52:00Z</time>
      </trkpt>
      <trkpt lat="64.29521" lon="14.42125">
        <time>2023-03-19T09:52:00Z</time>
      </trkpt>
      <trkpt lat="64.2976" lon="14.42033">
        <time>2023-03-19T10:02:00Z</time>
      </trkpt>
      <trkpt lat="64.2976" lon="14.42033">
        <time>2023-03-19T10:02:00Z</time>
      </trkpt>
      <trkpt lat="64.30055" lon="14.42009">
        <time>2023-03-19T10:12:00Z</time>
      </trkpt>
      <trkpt lat="64.30055" lon="14.42009">
        <time>2023-03-19T10:12:00Z</time>
      </trkpt>
      <trkpt lat="64.30324" lon="14.42284">
        <time>2023-03-19T10:22:00Z</time>
      </trkpt>
      <trkpt lat="64.30324" lon="14.42284">
        <time>2023-03-19T10:22:00Z</time>
      </trkpt>
      <trkpt lat="64.30591" lon="14.42368">
        <time>2023-03-19T10:32:00Z</time>
      </trkpt>
      <trkpt lat="64.30591" lon="14.42368">
        <time>2023-03-19T10:32:00Z</time>
      </trkpt>
      <trkpt lat="64.30865" lon="14.42308">
        <time>2023-03-19T10:42:00Z</time>
      </trkpt>
      <trkpt lat="64.30865" lon="14.42308">
        <time>2023-03-19T10:42:00Z</time>
      </trkpt>
      <trkpt lat="64.31082" lon="14.42267">
        <time>2023-03-19T10:52:00Z</time>
      </trkpt>
      <trkpt lat="64.31082" lon="14.42267">
        <time>2023-03-19T10:52:00Z</time>
      </trkpt>
      <trkpt lat="64.31545" lon="14.42196">
        <time>2023-03-19T11:02:00Z</time>
      </trkpt>
      <trkpt lat="64.31545" lon="14.42196">
        <time>2023-03-19T11:02:00Z</time>
      </trkpt>
      <trkpt lat="64.31682" lon="14.42063">
        <time>2023-03-19T11:12:00Z</time>
      </trkpt>
      <trkpt lat="64.31682" lon="14.42063">
        <time>2023-03-19T11:12:00Z</time>
      </trkpt>
      <trkpt lat="64.31786" lon="14.4202">
        <time>2023-03-19T11:22:00Z</time>
      </trkpt>
      <trkpt lat="64.31786" lon="14.4202">
        <time>2023-03-19T11:22:00Z</time>
      </trkpt>
      <trkpt lat="64.32159" lon="14.41297">
        <time>2023-03-19T11:32:00Z</time>
      </trkpt>
      <trkpt lat="64.32159" lon="14.41297">
        <time>2023-03-19T11:32:00Z</time>
      </trkpt>
      <trkpt lat="64.32796" lon="14.40554">
        <time>2023-03-19T11:42:00Z</time>
      </trkpt>
      <trkpt lat="64.32796" lon="14.40554">
        <time>2023-03-19T11:42:00Z</time>
      </trkpt>
      <trkpt lat="64.33101" lon="14.41093">
        <time>2023-03-19T11:52:00Z</time>
      </trkpt>
      <trkpt lat="64.33101" lon="14.41093">
        <time>2023-03-19T11:52:00Z</time>
      </trkpt>
      <trkpt lat="64.33683" lon="14.40771">
        <time>2023-03-19T12:02:00Z</time>
      </trkpt>
      <trkpt lat="64.33683" lon="14.40771">
        <time>2023-03-19T12:02:00Z</time>
      </trkpt>
      <trkpt lat="64.34116" lon="14.40391">
        <time>2023-03-19T12:12:00Z</time>
      </trkpt>
      <trkpt lat="64.34116" lon="14.40391">
        <time>2023-03-19T12:12:00Z</time>
      </trkpt>
      <trkpt lat="64.34978" lon="14.40196">
        <time>2023-03-19T12:22:00Z</time>
      </trkpt>
      <trkpt lat="64.34978" lon="14.40196">
        <time>2023-03-19T12:22:00Z</time>
      </trkpt>
      <trkpt lat="64.35405" lon="14.40623">
        <time>2023-03-19T12:32:00Z</time>
      </trkpt>
      <trkpt lat="64.35405" lon="14.40623">
        <time>2023-03-19T12:32:00Z</time>
      </trkpt>
      <trkpt lat="64.36188" lon="14.39851">
        <time>2023-03-19T12:42:00Z</time>
      </trkpt>
      <trkpt lat="64.36188" lon="14.39851">
        <time>2023-03-19T12:42:00Z</time>
      </trkpt>
      <trkpt lat="64.37503" lon="14.38123">
        <time>2023-03-19T12:52:00Z</time>
      </trkpt>
      <trkpt lat="64.37503" lon="14.38123">
        <time>2023-03-19T12:52:00Z</time>
      </trkpt>
      <trkpt lat="64.37351" lon="14.37733">
        <time>2023-03-19T13:02:00Z</time>
      </trkpt>
      <trkpt lat="64.37351" lon="14.37733">
        <time>2023-03-19T13:02:00Z</time>
      </trkpt>
      <trkpt lat="64.38002" lon="14.35737">
        <time>2023-03-19T13:12:00Z</time>
      </trkpt>
      <trkpt lat="64.38002" lon="14.35737">
        <time>2023-03-19T13:12:00Z</time>
      </trkpt>
      <trkpt lat="64.38544" lon="14.33422">
        <time>2023-03-19T13:22:00Z</time>
      </trkpt>
      <trkpt lat="64.38544" lon="14.33422">
        <time>2023-03-19T13:22:00Z</time>
      </trkpt>
      <trkpt lat="64.39576" lon="14.32317">
        <time>2023-03-19T13:32:00Z</time>
      </trkpt>
      <trkpt lat="64.39576" lon="14.32317">
        <time>2023-03-19T13:32:00Z</time>
      </trkpt>
      <trkpt lat="64.40564" lon="14.30637">
        <time>2023-03-19T13:42:00Z</time>
      </trkpt>
      <trkpt lat="64.40564" lon="14.30637">
        <time>2023-03-19T13:42:00Z</time>
      </trkpt>
      <trkpt lat="64.41356" lon="14.28772">
        <time>2023-03-19T13:52:00Z</time>
      </trkpt>
      <trkpt lat="64.41356" lon="14.28772">
        <time>2023-03-19T13:52:00Z</time>
      </trkpt>
      <trkpt lat="64.41504" lon="14.2692">
        <time>2023-03-19T14:02:00Z</time>
      </trkpt>
      <trkpt lat="64.41504" lon="14.2692">
        <time>2023-03-19T14:02:00Z</time>
      </trkpt>
      <trkpt lat="64.42136" lon="14.2492">
        <time>2023-03-19T14:12:00Z</time>
      </trkpt>
      <trkpt lat="64.42136" lon="14.2492">
        <time>2023-03-19T14:12:00Z</time>
      </trkpt>
      <trkpt lat="64.42497" lon="14.23646">
        <time>2023-03-19T14:22:00Z</time>
      </trkpt>
      <trkpt lat="64.42497" lon="14.23646">
        <time>2023-03-19T14:22:00Z</time>
      </trkpt>
      <trkpt lat="64.43198" lon="14.21633">
        <time>2023-03-19T14:32:00Z</time>
      </trkpt>
      <trkpt lat="64.43198" lon="14.21633">
        <time>2023-03-19T14:32:00Z</time>
      </trkpt>
      <trkpt lat="64.43734" lon="14.19532">
        <time>2023-03-19T14:42:00Z</time>
      </trkpt>
      <trkpt lat="64.43734" lon="14.19532">
        <time>2023-03-19T14:42:00Z</time>
      </trkpt>
      <trkpt lat="64.44297" lon="14.18032">
        <time>2023-03-19T14:52:00Z</time>
      </trkpt>
      <trkpt lat="64.44297" lon="14.18032">
        <time>2023-03-19T14:52:00Z</time>
      </trkpt>
      <trkpt lat="64.44965" lon="14.16277">
        <time>2023-03-19T15:02:00Z</time>
      </trkpt>
      <trkpt lat="64.44965" lon="14.16277">
        <time>2023-03-19T15:02:00Z</time>
      </trkpt>
      <trkpt lat="64.45127" lon="14.15511">
        <time>2023-03-19T15:12:00Z</time>
      </trkpt>
      <trkpt lat="64.45127" lon="14.15511">
        <time>2023-03-19T15:12:00Z</time>
      </trkpt>
      <trkpt lat="64.4526" lon="14.14975">
        <time>2023-03-19T15:22:00Z</time>
      </trkpt>
      <trkpt lat="64.4526" lon="14.14975">
        <time>2023-03-19T15:22:00Z</time>
      </trkpt>
      <trkpt lat="64.45633" lon="14.14582">
        <time>2023-03-19T15:32:00Z</time>
      </trkpt>
      <trkpt lat="64.45633" lon="14.14582">
        <time>2023-03-19T15:32:00Z</time>
      </trkpt>
      <trkpt lat="64.46125" lon="14.13608">
        <time>2023-03-19T15:42:00Z</time>
      </trkpt>
      <trkpt lat="64.46125" lon="14.13608">
        <time>2023-03-19T15:42:00Z</time>
      </trkpt>
      <trkpt lat="64.466" lon="14.13333">
        <time>2023-03-19T15:52:00Z</time>
      </trkpt>
      <trkpt lat="64.466" lon="14.13333">
        <time>2023-03-19T15:52:00Z</time>
      </trkpt>
      <trkpt lat="64.47238" lon="14.12134">
        <time>2023-03-19T16:02:00Z</time>
      </trkpt>
      <trkpt lat="64.47238" lon="14.12134">
        <time>2023-03-19T16:02:00Z</time>
      </trkpt>
      <trkpt lat="64.48124" lon="14.11763">
        <time>2023-03-19T16:12:00Z</time>
      </trkpt>
      <trkpt lat="64.48124" lon="14.11763">
        <time>2023-03-19T16:12:00Z</time>
      </trkpt>
      <trkpt lat="64.48478" lon="14.11299">
        <time>2023-03-19T16:22:00Z</time>
      </trkpt>
      <trkpt lat="64.48478" lon="14.11299">
        <time>2023-03-19T16:22:00Z</time>
      </trkpt>
      <trkpt lat="64.48859" lon="14.10361">
        <time>2023-03-19T16:32:00Z</time>
      </trkpt>
      <trkpt lat="64.48859" lon="14.10361">
        <time>2023-03-19T16:32:00Z</time>
      </trkpt>
      <trkpt lat="64.49107" lon="14.11256">
        <time>2023-03-19T16:42:00Z</time>
      </trkpt>
      <trkpt lat="64.49107" lon="14.11256">
        <time>2023-03-19T16:42:00Z</time>
      </trkpt>
      <trkpt lat="64.49821" lon="14.10767">
        <time>2023-03-19T16:52:00Z</time>
      </trkpt>
      <trkpt lat="64.49821" lon="14.10767">
        <time>2023-03-19T16:52:00Z</time>
      </trkpt>
      <trkpt lat="64.50402" lon="14.1208">
        <time>2023-03-19T17:02:00Z</time>
      </trkpt>
      <trkpt lat="64.50402" lon="14.1208">
        <time>2023-03-19T17:02:00Z</time>
      </trkpt>
      <trkpt lat="64.50667" lon="14.14404">
        <time>2023-03-19T17:12:00Z</time>
      </trkpt>
      <trkpt lat="64.50667" lon="14.14404">
        <time>2023-03-19T17:12:00Z</time>
      </trkpt>
      <trkpt lat="64.5069" lon="14.14713">
        <time>2023-03-19T17:17:00Z</time>
      </trkpt>
      <trkpt lat="64.5069" lon="14.14713">
        <time>2023-03-19T17:17:00Z</time>
      </trkpt>
      <trkpt lat="64.50616" lon="14.14619">
        <time>2023-03-21T08:58:00Z</time>
      </trkpt>
      <trkpt lat="64.50616" lon="14.14619">
        <time>2023-03-21T08:58:00Z</time>
      </trkpt>
      <trkpt lat="64.50704" lon="14.15095">
        <time>2023-03-21T09:08:00Z</time>
      </trkpt>
      <trkpt lat="64.50704" lon="14.15095">
        <time>2023-03-21T09:08:00Z</time>
      </trkpt>
      <trkpt lat="64.51261" lon="14.15256">
        <time>2023-03-21T09:18:00Z</time>
      </trkpt>
      <trkpt lat="64.51261" lon="14.15256">
        <time>2023-03-21T09:18:00Z</time>
      </trkpt>
      <trkpt lat="64.51637" lon="14.1584">
        <time>2023-03-21T09:28:00Z</time>
      </trkpt>
      <trkpt lat="64.51637" lon="14.1584">
        <time>2023-03-21T09:28:00Z</time>
      </trkpt>
      <trkpt lat="64.52204" lon="14.16181">
        <time>2023-03-21T09:38:00Z</time>
      </trkpt>
      <trkpt lat="64.52204" lon="14.16181">
        <time>2023-03-21T09:38:00Z</time>
      </trkpt>
      <trkpt lat="64.52426" lon="14.15621">
        <time>2023-03-21T09:48:00Z</time>
      </trkpt>
      <trkpt lat="64.52426" lon="14.15621">
        <time>2023-03-21T09:48:00Z</time>
      </trkpt>
      <trkpt lat="64.52653" lon="14.15194">
        <time>2023-03-21T09:58:00Z</time>
      </trkpt>
      <trkpt lat="64.52653" lon="14.15194">
        <time>2023-03-21T09:58:00Z</time>
      </trkpt>
      <trkpt lat="64.5295" lon="14.1493">
        <time>2023-03-21T10:08:00Z</time>
      </trkpt>
      <trkpt lat="64.5295" lon="14.1493">
        <time>2023-03-21T10:08:00Z</time>
      </trkpt>
      <trkpt lat="64.53328" lon="14.14425">
        <time>2023-03-21T10:18:00Z</time>
      </trkpt>
      <trkpt lat="64.53328" lon="14.14425">
        <time>2023-03-21T10:18:00Z</time>
      </trkpt>
      <trkpt lat="64.53779" lon="14.13893">
        <time>2023-03-21T10:28:00Z</time>
      </trkpt>
      <trkpt lat="64.53779" lon="14.13893">
        <time>2023-03-21T10:28:00Z</time>
      </trkpt>
      <trkpt lat="64.54225" lon="14.1349">
        <time>2023-03-21T10:38:00Z</time>
      </trkpt>
      <trkpt lat="64.54225" lon="14.1349">
        <time>2023-03-21T10:38:00Z</time>
      </trkpt>
      <trkpt lat="64.54629" lon="14.12988">
        <time>2023-03-21T10:48:00Z</time>
      </trkpt>
      <trkpt lat="64.54629" lon="14.12988">
        <time>2023-03-21T10:48:00Z</time>
      </trkpt>
      <trkpt lat="64.54721" lon="14.13044">
        <time>2023-03-21T10:58:00Z</time>
      </trkpt>
      <trkpt lat="64.54721" lon="14.13044">
        <time>2023-03-21T10:58:00Z</time>
      </trkpt>
      <trkpt lat="64.54806" lon="14.12947">
        <time>2023-03-21T11:08:00Z</time>
      </trkpt>
      <trkpt lat="64.54806" lon="14.12947">
        <time>2023-03-21T11:08:00Z</time>
      </trkpt>
      <trkpt lat="64.54916" lon="14.12953">
        <time>2023-03-21T11:18:00Z</time>
      </trkpt>
      <trkpt lat="64.54916" lon="14.12953">
        <time>2023-03-21T11:18:00Z</time>
      </trkpt>
      <trkpt lat="64.55285" lon="14.1273">
        <time>2023-03-21T11:28:00Z</time>
      </trkpt>
      <trkpt lat="64.55285" lon="14.1273">
        <time>2023-03-21T11:28:00Z</time>
      </trkpt>
      <trkpt lat="64.55446" lon="14.12756">
        <time>2023-03-21T11:38:00Z</time>
      </trkpt>
      <trkpt lat="64.55446" lon="14.12756">
        <time>2023-03-21T11:38:00Z</time>
      </trkpt>
      <trkpt lat="64.5581" lon="14.1355">
        <time>2023-03-21T11:48:00Z</time>
      </trkpt>
      <trkpt lat="64.5581" lon="14.1355">
        <time>2023-03-21T11:48:00Z</time>
      </trkpt>
      <trkpt lat="64.56732" lon="14.13677">
        <time>2023-03-21T11:58:00Z</time>
      </trkpt>
      <trkpt lat="64.56732" lon="14.13677">
        <time>2023-03-21T11:58:00Z</time>
      </trkpt>
      <trkpt lat="64.57973" lon="14.12758">
        <time>2023-03-21T12:08:00Z</time>
      </trkpt>
      <trkpt lat="64.57973" lon="14.12758">
        <time>2023-03-21T12:08:00Z</time>
      </trkpt>
      <trkpt lat="64.58991" lon="14.11767">
        <time>2023-03-21T12:18:00Z</time>
      </trkpt>
      <trkpt lat="64.58991" lon="14.11767">
        <time>2023-03-21T12:18:00Z</time>
      </trkpt>
      <trkpt lat="64.59919" lon="14.12057">
        <time>2023-03-21T12:28:00Z</time>
      </trkpt>
      <trkpt lat="64.59919" lon="14.12057">
        <time>2023-03-21T12:28:00Z</time>
      </trkpt>
      <trkpt lat="64.61449" lon="14.12117">
        <time>2023-03-21T12:38:00Z</time>
      </trkpt>
      <trkpt lat="64.61449" lon="14.12117">
        <time>2023-03-21T12:38:00Z</time>
      </trkpt>
      <trkpt lat="64.62774" lon="14.12456">
        <time>2023-03-21T12:48:00Z</time>
      </trkpt>
      <trkpt lat="64.62774" lon="14.12456">
        <time>2023-03-21T12:48:00Z</time>
      </trkpt>
      <trkpt lat="64.63716" lon="14.1379">
        <time>2023-03-21T12:58:00Z</time>
      </trkpt>
      <trkpt lat="64.63716" lon="14.1379">
        <time>2023-03-21T12:58:00Z</time>
      </trkpt>
      <trkpt lat="64.64358" lon="14.14237">
        <time>2023-03-21T13:08:00Z</time>
      </trkpt>
      <trkpt lat="64.64358" lon="14.14237">
        <time>2023-03-21T13:08:00Z</time>
      </trkpt>
      <trkpt lat="64.64598" lon="14.14314">
        <time>2023-03-21T13:18:00Z</time>
      </trkpt>
      <trkpt lat="64.64598" lon="14.14314">
        <time>2023-03-21T13:18:00Z</time>
      </trkpt>
      <trkpt lat="64.64787" lon="14.14196">
        <time>2023-03-21T13:28:00Z</time>
      </trkpt>
      <trkpt lat="64.64787" lon="14.14196">
        <time>2023-03-21T13:28:00Z</time>
      </trkpt>
      <trkpt lat="64.65362" lon="14.14024">
        <time>2023-03-21T13:38:00Z</time>
      </trkpt>
      <trkpt lat="64.65362" lon="14.14024">
        <time>2023-03-21T13:38:00Z</time>
      </trkpt>
      <trkpt lat="64.65968" lon="14.14722">
        <time>2023-03-21T13:48:00Z</time>
      </trkpt>
      <trkpt lat="64.65968" lon="14.14722">
        <time>2023-03-21T13:48:00Z</time>
      </trkpt>
      <trkpt lat="64.66296" lon="14.15925">
        <time>2023-03-21T13:58:00Z</time>
      </trkpt>
      <trkpt lat="64.66296" lon="14.15925">
        <time>2023-03-21T13:58:00Z</time>
      </trkpt>
      <trkpt lat="64.6667" lon="14.17144">
        <time>2023-03-21T14:08:00Z</time>
      </trkpt>
      <trkpt lat="64.6667" lon="14.17144">
        <time>2023-03-21T14:08:00Z</time>
      </trkpt>
      <trkpt lat="64.67327" lon="14.18779">
        <time>2023-03-21T14:18:00Z</time>
      </trkpt>
      <trkpt lat="64.67327" lon="14.18779">
        <time>2023-03-21T14:18:00Z</time>
      </trkpt>
      <trkpt lat="64.67427" lon="14.2038">
        <time>2023-03-21T14:28:00Z</time>
      </trkpt>
      <trkpt lat="64.67427" lon="14.2038">
        <time>2023-03-21T14:28:00Z</time>
      </trkpt>
      <trkpt lat="64.67775" lon="14.20919">
        <time>2023-03-21T14:38:00Z</time>
      </trkpt>
      <trkpt lat="64.67775" lon="14.20919">
        <time>2023-03-21T14:38:00Z</time>
      </trkpt>
      <trkpt lat="64.67953" lon="14.20667">
        <time>2023-03-21T14:48:00Z</time>
      </trkpt>
      <trkpt lat="64.67953" lon="14.20667">
        <time>2023-03-21T14:48:00Z</time>
      </trkpt>
      <trkpt lat="64.68251" lon="14.19455">
        <time>2023-03-21T14:58:00Z</time>
      </trkpt>
      <trkpt lat="64.68251" lon="14.19455">
        <time>2023-03-21T14:58:00Z</time>
      </trkpt>
      <trkpt lat="64.6918" lon="14.1955">
        <time>2023-03-21T15:08:00Z</time>
      </trkpt>
      <trkpt lat="64.6918" lon="14.1955">
        <time>2023-03-21T15:08:00Z</time>
      </trkpt>
      <trkpt lat="64.69839" lon="14.19972">
        <time>2023-03-21T15:18:00Z</time>
      </trkpt>
      <trkpt lat="64.69839" lon="14.19972">
        <time>2023-03-21T15:18:00Z</time>
      </trkpt>
      <trkpt lat="64.70056" lon="14.1915">
        <time>2023-03-21T15:28:00Z</time>
      </trkpt>
      <trkpt lat="64.70056" lon="14.1915">
        <time>2023-03-21T15:28:00Z</time>
      </trkpt>
      <trkpt lat="64.71092" lon="14.1882">
        <time>2023-03-21T15:38:00Z</time>
      </trkpt>
      <trkpt lat="64.71092" lon="14.1882">
        <time>2023-03-21T15:38:00Z</time>
      </trkpt>
      <trkpt lat="64.72184" lon="14.17123">
        <time>2023-03-21T15:48:00Z</time>
      </trkpt>
      <trkpt lat="64.72184" lon="14.17123">
        <time>2023-03-21T15:48:00Z</time>
      </trkpt>
      <trkpt lat="64.72571" lon="14.16425">
        <time>2023-03-21T15:58:00Z</time>
      </trkpt>
      <trkpt lat="64.72571" lon="14.16425">
        <time>2023-03-21T15:58:00Z</time>
      </trkpt>
      <trkpt lat="64.73027" lon="14.16786">
        <time>2023-03-21T16:08:00Z</time>
      </trkpt>
      <trkpt lat="64.73027" lon="14.16786">
        <time>2023-03-21T16:08:00Z</time>
      </trkpt>
      <trkpt lat="64.73537" lon="14.1696">
        <time>2023-03-21T16:18:00Z</time>
      </trkpt>
      <trkpt lat="64.73537" lon="14.1696">
        <time>2023-03-21T16:18:00Z</time>
      </trkpt>
      <trkpt lat="64.73978" lon="14.17161">
        <time>2023-03-21T16:28:00Z</time>
      </trkpt>
      <trkpt lat="64.73978" lon="14.17161">
        <time>2023-03-21T16:28:00Z</time>
      </trkpt>
      <trkpt lat="64.74652" lon="14.1729">
        <time>2023-03-21T16:38:00Z</time>
      </trkpt>
      <trkpt lat="64.74652" lon="14.1729">
        <time>2023-03-21T16:38:00Z</time>
      </trkpt>
      <trkpt lat="64.75281" lon="14.17565">
        <time>2023-03-21T16:48:00Z</time>
      </trkpt>
      <trkpt lat="64.75281" lon="14.17565">
        <time>2023-03-21T16:48:00Z</time>
      </trkpt>
      <trkpt lat="64.75653" lon="14.18509">
        <time>2023-03-21T16:58:00Z</time>
      </trkpt>
      <trkpt lat="64.75653" lon="14.18509">
        <time>2023-03-21T16:58:00Z</time>
      </trkpt>
      <trkpt lat="64.7593" lon="14.19449">
        <time>2023-03-21T17:08:00Z</time>
      </trkpt>
      <trkpt lat="64.7593" lon="14.19449">
        <time>2023-03-21T17:08:00Z</time>
      </trkpt>
      <trkpt lat="64.76129" lon="14.19715">
        <time>2023-03-21T17:15:00Z</time>
      </trkpt>
      <trkpt lat="64.76129" lon="14.19715">
        <time>2023-03-21T17:15:00Z</time>
      </trkpt>
      <trkpt lat="64.76167" lon="14.19734">
        <time>2023-03-22T08:40:00Z</time>
      </trkpt>
      <trkpt lat="64.76167" lon="14.19734">
        <time>2023-03-22T08:40:00Z</time>
      </trkpt>
      <trkpt lat="64.76786" lon="14.20013">
        <time>2023-03-22T08:50:00Z</time>
      </trkpt>
      <trkpt lat="64.76786" lon="14.20013">
        <time>2023-03-22T08:50:00Z</time>
      </trkpt>
      <trkpt lat="64.77592" lon="14.19962">
        <time>2023-03-22T09:00:00Z</time>
      </trkpt>
      <trkpt lat="64.77592" lon="14.19962">
        <time>2023-03-22T09:00:00Z</time>
      </trkpt>
      <trkpt lat="64.78218" lon="14.19612">
        <time>2023-03-22T09:10:00Z</time>
      </trkpt>
      <trkpt lat="64.78218" lon="14.19612">
        <time>2023-03-22T09:10:00Z</time>
      </trkpt>
      <trkpt lat="64.78833" lon="14.19713">
        <time>2023-03-22T09:20:00Z</time>
      </trkpt>
      <trkpt lat="64.78833" lon="14.19713">
        <time>2023-03-22T09:20:00Z</time>
      </trkpt>
      <trkpt lat="64.79396" lon="14.20071">
        <time>2023-03-22T09:30:00Z</time>
      </trkpt>
      <trkpt lat="64.79396" lon="14.20071">
        <time>2023-03-22T09:30:00Z</time>
      </trkpt>
      <trkpt lat="64.79833" lon="14.20539">
        <time>2023-03-22T09:40:00Z</time>
      </trkpt>
      <trkpt lat="64.79833" lon="14.20539">
        <time>2023-03-22T09:40:00Z</time>
      </trkpt>
      <trkpt lat="64.8031" lon="14.2126">
        <time>2023-03-22T09:50:00Z</time>
      </trkpt>
      <trkpt lat="64.8031" lon="14.2126">
        <time>2023-03-22T09:50:00Z</time>
      </trkpt>
      <trkpt lat="64.80717" lon="14.21981">
        <time>2023-03-22T10:00:00Z</time>
      </trkpt>
      <trkpt lat="64.80717" lon="14.21981">
        <time>2023-03-22T10:00:00Z</time>
      </trkpt>
      <trkpt lat="64.81196" lon="14.22575">
        <time>2023-03-22T10:10:00Z</time>
      </trkpt>
      <trkpt lat="64.81196" lon="14.22575">
        <time>2023-03-22T10:10:00Z</time>
      </trkpt>
      <trkpt lat="64.8181" lon="14.23695">
        <time>2023-03-22T10:20:00Z</time>
      </trkpt>
      <trkpt lat="64.8181" lon="14.23695">
        <time>2023-03-22T10:20:00Z</time>
      </trkpt>
      <trkpt lat="64.8207" lon="14.24618">
        <time>2023-03-22T10:30:00Z</time>
      </trkpt>
      <trkpt lat="64.8207" lon="14.24618">
        <time>2023-03-22T10:30:00Z</time>
      </trkpt>
      <trkpt lat="64.82529" lon="14.25667">
        <time>2023-03-22T10:40:00Z</time>
      </trkpt>
      <trkpt lat="64.82529" lon="14.25667">
        <time>2023-03-22T10:40:00Z</time>
      </trkpt>
      <trkpt lat="64.82944" lon="14.25558">
        <time>2023-03-22T10:50:00Z</time>
      </trkpt>
      <trkpt lat="64.82944" lon="14.25558">
        <time>2023-03-22T10:50:00Z</time>
      </trkpt>
      <trkpt lat="64.83397" lon="14.26727">
        <time>2023-03-22T11:00:00Z</time>
      </trkpt>
      <trkpt lat="64.83397" lon="14.26727">
        <time>2023-03-22T11:00:00Z</time>
      </trkpt>
      <trkpt lat="64.8396" lon="14.27935">
        <time>2023-03-22T11:10:00Z</time>
      </trkpt>
      <trkpt lat="64.8396" lon="14.27935">
        <time>2023-03-22T11:10:00Z</time>
      </trkpt>
      <trkpt lat="64.84335" lon="14.28733">
        <time>2023-03-22T11:20:00Z</time>
      </trkpt>
      <trkpt lat="64.84335" lon="14.28733">
        <time>2023-03-22T11:20:00Z</time>
      </trkpt>
      <trkpt lat="64.84586" lon="14.29733">
        <time>2023-03-22T11:30:00Z</time>
      </trkpt>
      <trkpt lat="64.84586" lon="14.29733">
        <time>2023-03-22T11:30:00Z</time>
      </trkpt>
      <trkpt lat="64.84908" lon="14.30789">
        <time>2023-03-22T11:40:00Z</time>
      </trkpt>
      <trkpt lat="64.84908" lon="14.30789">
        <time>2023-03-22T11:40:00Z</time>
      </trkpt>
      <trkpt lat="64.8504" lon="14.32134">
        <time>2023-03-22T11:50:00Z</time>
      </trkpt>
      <trkpt lat="64.8504" lon="14.32134">
        <time>2023-03-22T11:50:00Z</time>
      </trkpt>
      <trkpt lat="64.84937" lon="14.33527">
        <time>2023-03-22T12:00:00Z</time>
      </trkpt>
      <trkpt lat="64.84937" lon="14.33527">
        <time>2023-03-22T12:00:00Z</time>
      </trkpt>
      <trkpt lat="64.84688" lon="14.35261">
        <time>2023-03-22T12:10:00Z</time>
      </trkpt>
      <trkpt lat="64.84688" lon="14.35261">
        <time>2023-03-22T12:10:00Z</time>
      </trkpt>
      <trkpt lat="64.84848" lon="14.36634">
        <time>2023-03-22T12:20:00Z</time>
      </trkpt>
      <trkpt lat="64.84848" lon="14.36634">
        <time>2023-03-22T12:20:00Z</time>
      </trkpt>
      <trkpt lat="64.85239" lon="14.37847">
        <time>2023-03-22T12:30:00Z</time>
      </trkpt>
      <trkpt lat="64.85239" lon="14.37847">
        <time>2023-03-22T12:30:00Z</time>
      </trkpt>
      <trkpt lat="64.85522" lon="14.39293">
        <time>2023-03-22T12:40:00Z</time>
      </trkpt>
      <trkpt lat="64.85522" lon="14.39293">
        <time>2023-03-22T12:40:00Z</time>
      </trkpt>
      <trkpt lat="64.85563" lon="14.40115">
        <time>2023-03-22T12:50:00Z</time>
      </trkpt>
      <trkpt lat="64.85563" lon="14.40115">
        <time>2023-03-22T12:50:00Z</time>
      </trkpt>
      <trkpt lat="64.85467" lon="14.40645">
        <time>2023-03-22T13:00:00Z</time>
      </trkpt>
      <trkpt lat="64.85467" lon="14.40645">
        <time>2023-03-22T13:00:00Z</time>
      </trkpt>
      <trkpt lat="64.8534" lon="14.42466">
        <time>2023-03-22T13:10:00Z</time>
      </trkpt>
      <trkpt lat="64.8534" lon="14.42466">
        <time>2023-03-22T13:10:00Z</time>
      </trkpt>
      <trkpt lat="64.85708" lon="14.43419">
        <time>2023-03-22T13:20:00Z</time>
      </trkpt>
      <trkpt lat="64.85708" lon="14.43419">
        <time>2023-03-22T13:20:00Z</time>
      </trkpt>
      <trkpt lat="64.86041" lon="14.42488">
        <time>2023-03-22T13:30:00Z</time>
      </trkpt>
      <trkpt lat="64.86041" lon="14.42488">
        <time>2023-03-22T13:30:00Z</time>
      </trkpt>
      <trkpt lat="64.86343" lon="14.43153">
        <time>2023-03-22T13:40:00Z</time>
      </trkpt>
      <trkpt lat="64.86343" lon="14.43153">
        <time>2023-03-22T13:40:00Z</time>
      </trkpt>
      <trkpt lat="64.86562" lon="14.44591">
        <time>2023-03-22T13:50:00Z</time>
      </trkpt>
      <trkpt lat="64.86562" lon="14.44591">
        <time>2023-03-22T13:50:00Z</time>
      </trkpt>
      <trkpt lat="64.86713" lon="14.46247">
        <time>2023-03-22T14:00:00Z</time>
      </trkpt>
      <trkpt lat="64.86713" lon="14.46247">
        <time>2023-03-22T14:00:00Z</time>
      </trkpt>
      <trkpt lat="64.86927" lon="14.47376">
        <time>2023-03-22T14:10:00Z</time>
      </trkpt>
      <trkpt lat="64.86927" lon="14.47376">
        <time>2023-03-22T14:10:00Z</time>
      </trkpt>
      <trkpt lat="64.87005" lon="14.48861">
        <time>2023-03-22T14:20:00Z</time>
      </trkpt>
      <trkpt lat="64.87005" lon="14.48861">
        <time>2023-03-22T14:20:00Z</time>
      </trkpt>
      <trkpt lat="64.87294" lon="14.50215">
        <time>2023-03-22T14:30:00Z</time>
      </trkpt>
      <trkpt lat="64.87294" lon="14.50215">
        <time>2023-03-22T14:30:00Z</time>
      </trkpt>
      <trkpt lat="64.87696" lon="14.51311">
        <time>2023-03-22T14:40:00Z</time>
      </trkpt>
      <trkpt lat="64.87696" lon="14.51311">
        <time>2023-03-22T14:40:00Z</time>
      </trkpt>
      <trkpt lat="64.88191" lon="14.52262">
        <time>2023-03-22T14:50:00Z</time>
      </trkpt>
      <trkpt lat="64.88191" lon="14.52262">
        <time>2023-03-22T14:50:00Z</time>
      </trkpt>
      <trkpt lat="64.88527" lon="14.53127">
        <time>2023-03-22T15:00:00Z</time>
      </trkpt>
      <trkpt lat="64.88527" lon="14.53127">
        <time>2023-03-22T15:00:00Z</time>
      </trkpt>
      <trkpt lat="64.88852" lon="14.5429">
        <time>2023-03-22T15:10:00Z</time>
      </trkpt>
      <trkpt lat="64.88852" lon="14.5429">
        <time>2023-03-22T15:10:00Z</time>
      </trkpt>
      <trkpt lat="64.89086" lon="14.56759">
        <time>2023-03-22T15:20:00Z</time>
      </trkpt>
      <trkpt lat="64.89086" lon="14.56759">
        <time>2023-03-22T15:20:00Z</time>
      </trkpt>
      <trkpt lat="64.89435" lon="14.58744">
        <time>2023-03-22T15:30:00Z</time>
      </trkpt>
      <trkpt lat="64.89435" lon="14.58744">
        <time>2023-03-22T15:30:00Z</time>
      </trkpt>
      <trkpt lat="64.89993" lon="14.58002">
        <time>2023-03-22T15:40:00Z</time>
      </trkpt>
      <trkpt lat="64.89993" lon="14.58002">
        <time>2023-03-22T15:40:00Z</time>
      </trkpt>
      <trkpt lat="64.90479" lon="14.56985">
        <time>2023-03-22T15:50:00Z</time>
      </trkpt>
      <trkpt lat="64.90479" lon="14.56985">
        <time>2023-03-22T15:50:00Z</time>
      </trkpt>
      <trkpt lat="64.90874" lon="14.56163">
        <time>2023-03-22T16:00:00Z</time>
      </trkpt>
      <trkpt lat="64.90874" lon="14.56163">
        <time>2023-03-22T16:00:00Z</time>
      </trkpt>
      <trkpt lat="64.91386" lon="14.55156">
        <time>2023-03-22T16:10:00Z</time>
      </trkpt>
      <trkpt lat="64.91386" lon="14.55156">
        <time>2023-03-22T16:10:00Z</time>
      </trkpt>
      <trkpt lat="64.91881" lon="14.54884">
        <time>2023-03-22T16:20:00Z</time>
      </trkpt>
      <trkpt lat="64.91881" lon="14.54884">
        <time>2023-03-22T16:20:00Z</time>
      </trkpt>
      <trkpt lat="64.91936" lon="14.55232">
        <time>2023-03-22T16:30:00Z</time>
      </trkpt>
      <trkpt lat="64.91936" lon="14.55232">
        <time>2023-03-22T16:30:00Z</time>
      </trkpt>
      <trkpt lat="64.92089" lon="14.55521">
        <time>2023-03-22T16:40:00Z</time>
      </trkpt>
      <trkpt lat="64.92089" lon="14.55521">
        <time>2023-03-22T16:40:00Z</time>
      </trkpt>
      <trkpt lat="64.9212" lon="14.55689">
        <time>2023-03-22T16:43:00Z</time>
      </trkpt>
      <trkpt lat="64.9212" lon="14.55689">
        <time>2023-03-22T16:43:00Z</time>
      </trkpt>
      <trkpt lat="64.92222" lon="14.55674">
        <time>2023-03-23T08:42:00Z</time>
      </trkpt>
      <trkpt lat="64.92222" lon="14.55674">
        <time>2023-03-23T08:42:00Z</time>
      </trkpt>
      <trkpt lat="64.92388" lon="14.56274">
        <time>2023-03-23T08:52:00Z</time>
      </trkpt>
      <trkpt lat="64.92388" lon="14.56274">
        <time>2023-03-23T08:52:00Z</time>
      </trkpt>
      <trkpt lat="64.92643" lon="14.5709">
        <time>2023-03-23T09:02:00Z</time>
      </trkpt>
      <trkpt lat="64.92643" lon="14.5709">
        <time>2023-03-23T09:02:00Z</time>
      </trkpt>
      <trkpt lat="64.9304" lon="14.57697">
        <time>2023-03-23T09:12:00Z</time>
      </trkpt>
      <trkpt lat="64.9304" lon="14.57697">
        <time>2023-03-23T09:12:00Z</time>
      </trkpt>
      <trkpt lat="64.93301" lon="14.58216">
        <time>2023-03-23T09:22:00Z</time>
      </trkpt>
      <trkpt lat="64.93301" lon="14.58216">
        <time>2023-03-23T09:22:00Z</time>
      </trkpt>
      <trkpt lat="64.93667" lon="14.59109">
        <time>2023-03-23T09:32:00Z</time>
      </trkpt>
      <trkpt lat="64.93667" lon="14.59109">
        <time>2023-03-23T09:32:00Z</time>
      </trkpt>
      <trkpt lat="64.94209" lon="14.60441">
        <time>2023-03-23T09:42:00Z</time>
      </trkpt>
      <trkpt lat="64.94209" lon="14.60441">
        <time>2023-03-23T09:42:00Z</time>
      </trkpt>
      <trkpt lat="64.94491" lon="14.61855">
        <time>2023-03-23T09:52:00Z</time>
      </trkpt>
      <trkpt lat="64.94491" lon="14.61855">
        <time>2023-03-23T09:52:00Z</time>
      </trkpt>
      <trkpt lat="64.94763" lon="14.63079">
        <time>2023-03-23T10:02:00Z</time>
      </trkpt>
      <trkpt lat="64.94763" lon="14.63079">
        <time>2023-03-23T10:02:00Z</time>
      </trkpt>
      <trkpt lat="64.95111" lon="14.64089">
        <time>2023-03-23T10:12:00Z</time>
      </trkpt>
      <trkpt lat="64.95111" lon="14.64089">
        <time>2023-03-23T10:12:00Z</time>
      </trkpt>
      <trkpt lat="64.9534" lon="14.65486">
        <time>2023-03-23T10:22:00Z</time>
      </trkpt>
      <trkpt lat="64.9534" lon="14.65486">
        <time>2023-03-23T10:22:00Z</time>
      </trkpt>
      <trkpt lat="64.95501" lon="14.6628">
        <time>2023-03-23T10:32:00Z</time>
      </trkpt>
      <trkpt lat="64.95501" lon="14.6628">
        <time>2023-03-23T10:32:00Z</time>
      </trkpt>
      <trkpt lat="64.95573" lon="14.66527">
        <time>2023-03-23T10:42:00Z</time>
      </trkpt>
      <trkpt lat="64.95573" lon="14.66527">
        <time>2023-03-23T10:42:00Z</time>
      </trkpt>
      <trkpt lat="64.96198" lon="14.67924">
        <time>2023-03-23T10:52:00Z</time>
      </trkpt>
      <trkpt lat="64.96198" lon="14.67924">
        <time>2023-03-23T10:52:00Z</time>
      </trkpt>
      <trkpt lat="64.96833" lon="14.68643">
        <time>2023-03-23T11:02:00Z</time>
      </trkpt>
      <trkpt lat="64.96833" lon="14.68643">
        <time>2023-03-23T11:02:00Z</time>
      </trkpt>
      <trkpt lat="64.97369" lon="14.69971">
        <time>2023-03-23T11:12:00Z</time>
      </trkpt>
      <trkpt lat="64.97369" lon="14.69971">
        <time>2023-03-23T11:12:00Z</time>
      </trkpt>
      <trkpt lat="64.97958" lon="14.71074">
        <time>2023-03-23T11:22:00Z</time>
      </trkpt>
      <trkpt lat="64.97958" lon="14.71074">
        <time>2023-03-23T11:22:00Z</time>
      </trkpt>
      <trkpt lat="64.98439" lon="14.71891">
        <time>2023-03-23T11:32:00Z</time>
      </trkpt>
      <trkpt lat="64.98439" lon="14.71891">
        <time>2023-03-23T11:32:00Z</time>
      </trkpt>
      <trkpt lat="64.98435" lon="14.71887">
        <time>2023-03-23T11:42:00Z</time>
      </trkpt>
      <trkpt lat="64.98435" lon="14.71887">
        <time>2023-03-23T11:42:00Z</time>
      </trkpt>
      <trkpt lat="64.99144" lon="14.72509">
        <time>2023-03-23T12:02:00Z</time>
      </trkpt>
      <trkpt lat="64.99144" lon="14.72509">
        <time>2023-03-23T12:02:00Z</time>
      </trkpt>
      <trkpt lat="64.99888" lon="14.72447">
        <time>2023-03-23T12:12:00Z</time>
      </trkpt>
      <trkpt lat="64.99888" lon="14.72447">
        <time>2023-03-23T12:12:00Z</time>
      </trkpt>
      <trkpt lat="65.00703" lon="14.72582">
        <time>2023-03-23T12:22:00Z</time>
      </trkpt>
      <trkpt lat="65.00703" lon="14.72582">
        <time>2023-03-23T12:22:00Z</time>
      </trkpt>
      <trkpt lat="65.01199" lon="14.73013">
        <time>2023-03-23T12:32:00Z</time>
      </trkpt>
      <trkpt lat="65.01199" lon="14.73013">
        <time>2023-03-23T12:32:00Z</time>
      </trkpt>
      <trkpt lat="65.01572" lon="14.73357">
        <time>2023-03-23T12:42:00Z</time>
      </trkpt>
      <trkpt lat="65.01572" lon="14.73357">
        <time>2023-03-23T12:42:00Z</time>
      </trkpt>
      <trkpt lat="65.02263" lon="14.73546">
        <time>2023-03-23T12:52:00Z</time>
      </trkpt>
      <trkpt lat="65.02263" lon="14.73546">
        <time>2023-03-23T12:52:00Z</time>
      </trkpt>
      <trkpt lat="65.03075" lon="14.73303">
        <time>2023-03-23T13:02:00Z</time>
      </trkpt>
      <trkpt lat="65.03075" lon="14.73303">
        <time>2023-03-23T13:02:00Z</time>
      </trkpt>
      <trkpt lat="65.04128" lon="14.72799">
        <time>2023-03-23T13:12:00Z</time>
      </trkpt>
      <trkpt lat="65.04128" lon="14.72799">
        <time>2023-03-23T13:12:00Z</time>
      </trkpt>
      <trkpt lat="65.04227" lon="14.7264">
        <time>2023-03-23T13:22:00Z</time>
      </trkpt>
      <trkpt lat="65.04227" lon="14.7264">
        <time>2023-03-23T13:22:00Z</time>
      </trkpt>
      <trkpt lat="65.04348" lon="14.72829">
        <time>2023-03-23T13:32:00Z</time>
      </trkpt>
      <trkpt lat="65.04348" lon="14.72829">
        <time>2023-03-23T13:32:00Z</time>
      </trkpt>
      <trkpt lat="65.04888" lon="14.74861">
        <time>2023-03-23T13:42:00Z</time>
      </trkpt>
      <trkpt lat="65.04888" lon="14.74861">
        <time>2023-03-23T13:42:00Z</time>
      </trkpt>
      <trkpt lat="65.05076" lon="14.76811">
        <time>2023-03-23T13:52:00Z</time>
      </trkpt>
      <trkpt lat="65.05076" lon="14.76811">
        <time>2023-03-23T13:52:00Z</time>
      </trkpt>
      <trkpt lat="65.05243" lon="14.78878">
        <time>2023-03-23T14:02:00Z</time>
      </trkpt>
      <trkpt lat="65.05243" lon="14.78878">
        <time>2023-03-23T14:02:00Z</time>
      </trkpt>
      <trkpt lat="65.05714" lon="14.79994">
        <time>2023-03-23T14:12:00Z</time>
      </trkpt>
      <trkpt lat="65.05714" lon="14.79994">
        <time>2023-03-23T14:12:00Z</time>
      </trkpt>
      <trkpt lat="65.06091" lon="14.79637">
        <time>2023-03-23T14:22:00Z</time>
      </trkpt>
      <trkpt lat="65.06091" lon="14.79637">
        <time>2023-03-23T14:22:00Z</time>
      </trkpt>
      <trkpt lat="65.06083" lon="14.79704">
        <time>2023-03-23T14:32:00Z</time>
      </trkpt>
      <trkpt lat="65.06083" lon="14.79704">
        <time>2023-03-23T14:32:00Z</time>
      </trkpt>
      <trkpt lat="65.06206" lon="14.7944">
        <time>2023-03-23T14:43:00Z</time>
      </trkpt>
      <trkpt lat="65.06206" lon="14.7944">
        <time>2023-03-23T14:43:00Z</time>
      </trkpt>
      <trkpt lat="65.06179" lon="14.79728">
        <time>2023-03-23T14:54:00Z</time>
      </trkpt>
      <trkpt lat="65.06179" lon="14.79728">
        <time>2023-03-23T14:54:00Z</time>
      </trkpt>
      <trkpt lat="65.06039" lon="14.79852">
        <time>2023-03-23T15:04:00Z</time>
      </trkpt>
      <trkpt lat="65.06039" lon="14.79852">
        <time>2023-03-23T15:04:00Z</time>
      </trkpt>
      <trkpt lat="65.05958" lon="14.79556">
        <time>2023-03-23T15:14:00Z</time>
      </trkpt>
      <trkpt lat="65.05958" lon="14.79556">
        <time>2023-03-23T15:14:00Z</time>
      </trkpt>
      <trkpt lat="65.06081" lon="14.79691">
        <time>2023-03-23T15:24:00Z</time>
      </trkpt>
      <trkpt lat="65.06081" lon="14.79691">
        <time>2023-03-23T15:24:00Z</time>
      </trkpt>
      <trkpt lat="65.06056" lon="14.79612">
        <time>2023-03-23T15:34:00Z</time>
      </trkpt>
      <trkpt lat="65.06056" lon="14.79612">
        <time>2023-03-23T15:34:00Z</time>
      </trkpt>
      <trkpt lat="65.06364" lon="14.80914">
        <time>2023-03-23T15:54:00Z</time>
      </trkpt>
      <trkpt lat="65.06364" lon="14.80914">
        <time>2023-03-23T15:54:00Z</time>
      </trkpt>
      <trkpt lat="65.06447" lon="14.83363">
        <time>2023-03-23T16:04:00Z</time>
      </trkpt>
      <trkpt lat="65.06447" lon="14.83363">
        <time>2023-03-23T16:04:00Z</time>
      </trkpt>
      <trkpt lat="65.06348" lon="14.85768">
        <time>2023-03-23T16:14:00Z</time>
      </trkpt>
      <trkpt lat="65.06348" lon="14.85768">
        <time>2023-03-23T16:14:00Z</time>
      </trkpt>
      <trkpt lat="65.06211" lon="14.88034">
        <time>2023-03-23T16:24:00Z</time>
      </trkpt>
      <trkpt lat="65.06211" lon="14.88034">
        <time>2023-03-23T16:24:00Z</time>
      </trkpt>
      <trkpt lat="65.05931" lon="14.90049">
        <time>2023-03-23T16:34:00Z</time>
      </trkpt>
      <trkpt lat="65.05931" lon="14.90049">
        <time>2023-03-23T16:34:00Z</time>
      </trkpt>
      <trkpt lat="65.05692" lon="14.92308">
        <time>2023-03-23T16:44:00Z</time>
      </trkpt>
      <trkpt lat="65.05692" lon="14.92308">
        <time>2023-03-23T16:44:00Z</time>
      </trkpt>
      <trkpt lat="65.05663" lon="14.94025">
        <time>2023-03-23T16:54:00Z</time>
      </trkpt>
      <trkpt lat="65.05663" lon="14.94025">
        <time>2023-03-23T16:54:00Z</time>
      </trkpt>
      <trkpt lat="65.05775" lon="14.95008">
        <time>2023-03-23T17:04:00Z</time>
      </trkpt>
      <trkpt lat="65.05775" lon="14.95008">
        <time>2023-03-23T17:04:00Z</time>
      </trkpt>
      <trkpt lat="65.06108" lon="14.97542">
        <time>2023-03-23T17:14:00Z</time>
      </trkpt>
      <trkpt lat="65.06108" lon="14.97542">
        <time>2023-03-23T17:14:00Z</time>
      </trkpt>
      <trkpt lat="65.06463" lon="14.99518">
        <time>2023-03-23T17:24:00Z</time>
      </trkpt>
      <trkpt lat="65.06463" lon="14.99518">
        <time>2023-03-23T17:24:00Z</time>
      </trkpt>
      <trkpt lat="65.06465" lon="15.01522">
        <time>2023-03-23T17:34:00Z</time>
      </trkpt>
      <trkpt lat="65.06465" lon="15.01522">
        <time>2023-03-23T17:34:00Z</time>
      </trkpt>
      <trkpt lat="65.06404" lon="15.03752">
        <time>2023-03-23T17:44:00Z</time>
      </trkpt>
      <trkpt lat="65.06404" lon="15.03752">
        <time>2023-03-23T17:44:00Z</time>
      </trkpt>
      <trkpt lat="65.06142" lon="15.05668">
        <time>2023-03-23T17:54:00Z</time>
      </trkpt>
      <trkpt lat="65.06142" lon="15.05668">
        <time>2023-03-23T17:54:00Z</time>
      </trkpt>
      <trkpt lat="65.06008" lon="15.05357">
        <time>2023-03-23T18:04:00Z</time>
      </trkpt>
      <trkpt lat="65.06008" lon="15.05357">
        <time>2023-03-23T18:04:00Z</time>
      </trkpt>
      <trkpt lat="65.06017" lon="15.05361">
        <time>2023-03-23T18:05:00Z</time>
      </trkpt>
      <trkpt lat="65.06017" lon="15.05361">
        <time>2023-03-23T18:05:00Z</time>
      </trkpt>
      <trkpt lat="65.05998" lon="15.05344">
        <time>2023-03-24T09:41:00Z</time>
      </trkpt>
      <trkpt lat="65.05998" lon="15.05344">
        <time>2023-03-24T09:41:00Z</time>
      </trkpt>
      <trkpt lat="65.0613" lon="15.05625">
        <time>2023-03-24T09:51:00Z</time>
      </trkpt>
      <trkpt lat="65.0613" lon="15.05625">
        <time>2023-03-24T09:51:00Z</time>
      </trkpt>
      <trkpt lat="65.06607" lon="15.0641">
        <time>2023-03-24T10:01:00Z</time>
      </trkpt>
      <trkpt lat="65.06607" lon="15.0641">
        <time>2023-03-24T10:01:00Z</time>
      </trkpt>
      <trkpt lat="65.06731" lon="15.07466">
        <time>2023-03-24T10:11:00Z</time>
      </trkpt>
      <trkpt lat="65.06731" lon="15.07466">
        <time>2023-03-24T10:11:00Z</time>
      </trkpt>
      <trkpt lat="65.07306" lon="15.07977">
        <time>2023-03-24T10:21:00Z</time>
      </trkpt>
      <trkpt lat="65.07306" lon="15.07977">
        <time>2023-03-24T10:21:00Z</time>
      </trkpt>
      <trkpt lat="65.07892" lon="15.08828">
        <time>2023-03-24T10:31:00Z</time>
      </trkpt>
      <trkpt lat="65.07892" lon="15.08828">
        <time>2023-03-24T10:31:00Z</time>
      </trkpt>
      <trkpt lat="65.08427" lon="15.08895">
        <time>2023-03-24T10:41:00Z</time>
      </trkpt>
      <trkpt lat="65.08427" lon="15.08895">
        <time>2023-03-24T10:41:00Z</time>
      </trkpt>
      <trkpt lat="65.09166" lon="15.09107">
        <time>2023-03-24T10:51:00Z</time>
      </trkpt>
      <trkpt lat="65.09166" lon="15.09107">
        <time>2023-03-24T10:51:00Z</time>
      </trkpt>
      <trkpt lat="65.0976" lon="15.08026">
        <time>2023-03-24T11:01:00Z</time>
      </trkpt>
      <trkpt lat="65.0976" lon="15.08026">
        <time>2023-03-24T11:01:00Z</time>
      </trkpt>
      <trkpt lat="65.10313" lon="15.08088">
        <time>2023-03-24T11:11:00Z</time>
      </trkpt>
      <trkpt lat="65.10313" lon="15.08088">
        <time>2023-03-24T11:11:00Z</time>
      </trkpt>
      <trkpt lat="65.10849" lon="15.07391">
        <time>2023-03-24T11:21:00Z</time>
      </trkpt>
      <trkpt lat="65.10849" lon="15.07391">
        <time>2023-03-24T11:21:00Z</time>
      </trkpt>
      <trkpt lat="65.11472" lon="15.06543">
        <time>2023-03-24T11:31:00Z</time>
      </trkpt>
      <trkpt lat="65.11472" lon="15.06543">
        <time>2023-03-24T11:31:00Z</time>
      </trkpt>
      <trkpt lat="65.11509" lon="15.0594">
        <time>2023-03-24T11:41:00Z</time>
      </trkpt>
      <trkpt lat="65.11509" lon="15.0594">
        <time>2023-03-24T11:41:00Z</time>
      </trkpt>
      <trkpt lat="65.11635" lon="15.05228">
        <time>2023-03-24T11:51:00Z</time>
      </trkpt>
      <trkpt lat="65.11635" lon="15.05228">
        <time>2023-03-24T11:51:00Z</time>
      </trkpt>
      <trkpt lat="65.11892" lon="15.04209">
        <time>2023-03-24T12:01:00Z</time>
      </trkpt>
      <trkpt lat="65.11892" lon="15.04209">
        <time>2023-03-24T12:01:00Z</time>
      </trkpt>
      <trkpt lat="65.12528" lon="15.03606">
        <time>2023-03-24T12:11:00Z</time>
      </trkpt>
      <trkpt lat="65.12528" lon="15.03606">
        <time>2023-03-24T12:11:00Z</time>
      </trkpt>
      <trkpt lat="65.12941" lon="15.03406">
        <time>2023-03-24T12:21:00Z</time>
      </trkpt>
      <trkpt lat="65.12941" lon="15.03406">
        <time>2023-03-24T12:21:00Z</time>
      </trkpt>
      <trkpt lat="65.13482" lon="15.03009">
        <time>2023-03-24T12:31:00Z</time>
      </trkpt>
      <trkpt lat="65.13482" lon="15.03009">
        <time>2023-03-24T12:31:00Z</time>
      </trkpt>
      <trkpt lat="65.14196" lon="15.03219">
        <time>2023-03-24T12:41:00Z</time>
      </trkpt>
      <trkpt lat="65.14196" lon="15.03219">
        <time>2023-03-24T12:41:00Z</time>
      </trkpt>
      <trkpt lat="65.14614" lon="15.04005">
        <time>2023-03-24T12:51:00Z</time>
      </trkpt>
      <trkpt lat="65.14614" lon="15.04005">
        <time>2023-03-24T12:51:00Z</time>
      </trkpt>
      <trkpt lat="65.15161" lon="15.04428">
        <time>2023-03-24T13:01:00Z</time>
      </trkpt>
      <trkpt lat="65.15161" lon="15.04428">
        <time>2023-03-24T13:01:00Z</time>
      </trkpt>
      <trkpt lat="65.15831" lon="15.05839">
        <time>2023-03-24T13:11:00Z</time>
      </trkpt>
      <trkpt lat="65.15831" lon="15.05839">
        <time>2023-03-24T13:11:00Z</time>
      </trkpt>
      <trkpt lat="65.16232" lon="15.05906">
        <time>2023-03-24T13:21:00Z</time>
      </trkpt>
      <trkpt lat="65.16232" lon="15.05906">
        <time>2023-03-24T13:21:00Z</time>
      </trkpt>
      <trkpt lat="65.16962" lon="15.06041">
        <time>2023-03-24T13:31:00Z</time>
      </trkpt>
      <trkpt lat="65.16962" lon="15.06041">
        <time>2023-03-24T13:31:00Z</time>
      </trkpt>
      <trkpt lat="65.17461" lon="15.06846">
        <time>2023-03-24T13:41:00Z</time>
      </trkpt>
      <trkpt lat="65.17461" lon="15.06846">
        <time>2023-03-24T13:41:00Z</time>
      </trkpt>
      <trkpt lat="65.17448" lon="15.07505">
        <time>2023-03-24T13:51:00Z</time>
      </trkpt>
      <trkpt lat="65.17448" lon="15.07505">
        <time>2023-03-24T13:51:00Z</time>
      </trkpt>
      <trkpt lat="65.17876" lon="15.08163">
        <time>2023-03-24T14:01:00Z</time>
      </trkpt>
      <trkpt lat="65.17876" lon="15.08163">
        <time>2023-03-24T14:01:00Z</time>
      </trkpt>
      <trkpt lat="65.18332" lon="15.07717">
        <time>2023-03-24T14:11:00Z</time>
      </trkpt>
      <trkpt lat="65.18332" lon="15.07717">
        <time>2023-03-24T14:11:00Z</time>
      </trkpt>
      <trkpt lat="65.19007" lon="15.0717">
        <time>2023-03-24T14:21:00Z</time>
      </trkpt>
      <trkpt lat="65.19007" lon="15.0717">
        <time>2023-03-24T14:21:00Z</time>
      </trkpt>
      <trkpt lat="65.19434" lon="15.06822">
        <time>2023-03-24T14:31:00Z</time>
      </trkpt>
      <trkpt lat="65.19434" lon="15.06822">
        <time>2023-03-24T14:31:00Z</time>
      </trkpt>
      <trkpt lat="65.20078" lon="15.06127">
        <time>2023-03-24T14:41:00Z</time>
      </trkpt>
      <trkpt lat="65.20078" lon="15.06127">
        <time>2023-03-24T14:41:00Z</time>
      </trkpt>
      <trkpt lat="65.20762" lon="15.05558">
        <time>2023-03-24T14:51:00Z</time>
      </trkpt>
      <trkpt lat="65.20762" lon="15.05558">
        <time>2023-03-24T14:51:00Z</time>
      </trkpt>
      <trkpt lat="65.21461" lon="15.04985">
        <time>2023-03-24T15:01:00Z</time>
      </trkpt>
      <trkpt lat="65.21461" lon="15.04985">
        <time>2023-03-24T15:01:00Z</time>
      </trkpt>
      <trkpt lat="65.22193" lon="15.0443">
        <time>2023-03-24T15:11:00Z</time>
      </trkpt>
      <trkpt lat="65.22193" lon="15.0443">
        <time>2023-03-24T15:11:00Z</time>
      </trkpt>
      <trkpt lat="65.23003" lon="15.03889">
        <time>2023-03-24T15:21:00Z</time>
      </trkpt>
      <trkpt lat="65.23003" lon="15.03889">
        <time>2023-03-24T15:21:00Z</time>
      </trkpt>
      <trkpt lat="65.23446" lon="15.03578">
        <time>2023-03-24T15:31:00Z</time>
      </trkpt>
      <trkpt lat="65.23446" lon="15.03578">
        <time>2023-03-24T15:31:00Z</time>
      </trkpt>
      <trkpt lat="65.23986" lon="15.03222">
        <time>2023-03-24T15:41:00Z</time>
      </trkpt>
      <trkpt lat="65.23986" lon="15.03222">
        <time>2023-03-24T15:41:00Z</time>
      </trkpt>
      <trkpt lat="65.247" lon="15.02556">
        <time>2023-03-24T15:51:00Z</time>
      </trkpt>
      <trkpt lat="65.247" lon="15.02556">
        <time>2023-03-24T15:51:00Z</time>
      </trkpt>
      <trkpt lat="65.25553" lon="15.01992">
        <time>2023-03-24T16:01:00Z</time>
      </trkpt>
      <trkpt lat="65.25553" lon="15.01992">
        <time>2023-03-24T16:01:00Z</time>
      </trkpt>
      <trkpt lat="65.26396" lon="15.01953">
        <time>2023-03-24T16:11:00Z</time>
      </trkpt>
      <trkpt lat="65.26396" lon="15.01953">
        <time>2023-03-24T16:11:00Z</time>
      </trkpt>
      <trkpt lat="65.27265" lon="15.01878">
        <time>2023-03-24T16:21:00Z</time>
      </trkpt>
      <trkpt lat="65.27265" lon="15.01878">
        <time>2023-03-24T16:21:00Z</time>
      </trkpt>
      <trkpt lat="65.27671" lon="15.02921">
        <time>2023-03-24T16:30:00Z</time>
      </trkpt>
      <trkpt lat="65.27671" lon="15.02921">
        <time>2023-03-24T16:30:00Z</time>
      </trkpt>
      <trkpt lat="65.27663" lon="15.0293">
        <time>2023-03-25T09:26:00Z</time>
      </trkpt>
      <trkpt lat="65.27663" lon="15.0293">
        <time>2023-03-25T09:26:00Z</time>
      </trkpt>
      <trkpt lat="65.27917" lon="15.03093">
        <time>2023-03-25T09:36:00Z</time>
      </trkpt>
      <trkpt lat="65.27917" lon="15.03093">
        <time>2023-03-25T09:36:00Z</time>
      </trkpt>
      <trkpt lat="65.28603" lon="15.03265">
        <time>2023-03-25T09:46:00Z</time>
      </trkpt>
      <trkpt lat="65.28603" lon="15.03265">
        <time>2023-03-25T09:46:00Z</time>
      </trkpt>
      <trkpt lat="65.29109" lon="15.03307">
        <time>2023-03-25T09:56:00Z</time>
      </trkpt>
      <trkpt lat="65.29109" lon="15.03307">
        <time>2023-03-25T09:56:00Z</time>
      </trkpt>
      <trkpt lat="65.29829" lon="15.02769">
        <time>2023-03-25T10:06:00Z</time>
      </trkpt>
      <trkpt lat="65.29829" lon="15.02769">
        <time>2023-03-25T10:06:00Z</time>
      </trkpt>
      <trkpt lat="65.30573" lon="15.02762">
        <time>2023-03-25T10:16:00Z</time>
      </trkpt>
      <trkpt lat="65.30573" lon="15.02762">
        <time>2023-03-25T10:16:00Z</time>
      </trkpt>
      <trkpt lat="65.30954" lon="15.03387">
        <time>2023-03-25T10:26:00Z</time>
      </trkpt>
      <trkpt lat="65.30954" lon="15.03387">
        <time>2023-03-25T10:26:00Z</time>
      </trkpt>
      <trkpt lat="65.31648" lon="15.04494">
        <time>2023-03-25T10:36:00Z</time>
      </trkpt>
      <trkpt lat="65.31648" lon="15.04494">
        <time>2023-03-25T10:36:00Z</time>
      </trkpt>
      <trkpt lat="65.32352" lon="15.0606">
        <time>2023-03-25T10:46:00Z</time>
      </trkpt>
      <trkpt lat="65.32352" lon="15.0606">
        <time>2023-03-25T10:46:00Z</time>
      </trkpt>
      <trkpt lat="65.32913" lon="15.06766">
        <time>2023-03-25T10:56:00Z</time>
      </trkpt>
      <trkpt lat="65.32913" lon="15.06766">
        <time>2023-03-25T10:56:00Z</time>
      </trkpt>
      <trkpt lat="65.33352" lon="15.08247">
        <time>2023-03-25T11:06:00Z</time>
      </trkpt>
      <trkpt lat="65.33352" lon="15.08247">
        <time>2023-03-25T11:06:00Z</time>
      </trkpt>
      <trkpt lat="65.33397" lon="15.09">
        <time>2023-03-25T11:16:00Z</time>
      </trkpt>
      <trkpt lat="65.33397" lon="15.09">
        <time>2023-03-25T11:16:00Z</time>
      </trkpt>
      <trkpt lat="65.3383" lon="15.09976">
        <time>2023-03-25T11:26:00Z</time>
      </trkpt>
      <trkpt lat="65.3383" lon="15.09976">
        <time>2023-03-25T11:26:00Z</time>
      </trkpt>
      <trkpt lat="65.34111" lon="15.10762">
        <time>2023-03-25T11:36:00Z</time>
      </trkpt>
      <trkpt lat="65.34111" lon="15.10762">
        <time>2023-03-25T11:36:00Z</time>
      </trkpt>
      <trkpt lat="65.34372" lon="15.1117">
        <time>2023-03-25T11:46:00Z</time>
      </trkpt>
      <trkpt lat="65.34372" lon="15.1117">
        <time>2023-03-25T11:46:00Z</time>
      </trkpt>
      <trkpt lat="65.34369" lon="15.11163">
        <time>2023-03-25T11:56:00Z</time>
      </trkpt>
      <trkpt lat="65.34369" lon="15.11163">
        <time>2023-03-25T11:56:00Z</time>
      </trkpt>
      <trkpt lat="65.34538" lon="15.11502">
        <time>2023-03-25T12:06:00Z</time>
      </trkpt>
      <trkpt lat="65.34538" lon="15.11502">
        <time>2023-03-25T12:06:00Z</time>
      </trkpt>
      <trkpt lat="65.34924" lon="15.11983">
        <time>2023-03-25T12:16:00Z</time>
      </trkpt>
      <trkpt lat="65.34924" lon="15.11983">
        <time>2023-03-25T12:16:00Z</time>
      </trkpt>
      <trkpt lat="65.35316" lon="15.12081">
        <time>2023-03-25T12:26:00Z</time>
      </trkpt>
      <trkpt lat="65.35316" lon="15.12081">
        <time>2023-03-25T12:26:00Z</time>
      </trkpt>
      <trkpt lat="65.35551" lon="15.11987">
        <time>2023-03-25T12:36:00Z</time>
      </trkpt>
      <trkpt lat="65.35551" lon="15.11987">
        <time>2023-03-25T12:36:00Z</time>
      </trkpt>
      <trkpt lat="65.35816" lon="15.11985">
        <time>2023-03-25T12:46:00Z</time>
      </trkpt>
      <trkpt lat="65.35816" lon="15.11985">
        <time>2023-03-25T12:46:00Z</time>
      </trkpt>
      <trkpt lat="65.36055" lon="15.12253">
        <time>2023-03-25T12:56:00Z</time>
      </trkpt>
      <trkpt lat="65.36055" lon="15.12253">
        <time>2023-03-25T12:56:00Z</time>
      </trkpt>
      <trkpt lat="65.36312" lon="15.1229">
        <time>2023-03-25T13:06:00Z</time>
      </trkpt>
      <trkpt lat="65.36312" lon="15.1229">
        <time>2023-03-25T13:06:00Z</time>
      </trkpt>
      <trkpt lat="65.36385" lon="15.12648">
        <time>2023-03-25T13:16:00Z</time>
      </trkpt>
      <trkpt lat="65.36385" lon="15.12648">
        <time>2023-03-25T13:16:00Z</time>
      </trkpt>
      <trkpt lat="65.36437" lon="15.13146">
        <time>2023-03-25T13:26:00Z</time>
      </trkpt>
      <trkpt lat="65.36437" lon="15.13146">
        <time>2023-03-25T13:26:00Z</time>
      </trkpt>
      <trkpt lat="65.36637" lon="15.14356">
        <time>2023-03-25T13:36:00Z</time>
      </trkpt>
      <trkpt lat="65.36637" lon="15.14356">
        <time>2023-03-25T13:36:00Z</time>
      </trkpt>
      <trkpt lat="65.36959" lon="15.14659">
        <time>2023-03-25T13:46:00Z</time>
      </trkpt>
      <trkpt lat="65.36959" lon="15.14659">
        <time>2023-03-25T13:46:00Z</time>
      </trkpt>
      <trkpt lat="65.36993" lon="15.14682">
        <time>2023-03-25T13:56:00Z</time>
      </trkpt>
      <trkpt lat="65.36993" lon="15.14682">
        <time>2023-03-25T13:56:00Z</time>
      </trkpt>
      <trkpt lat="65.37449" lon="15.14062">
        <time>2023-03-25T14:06:00Z</time>
      </trkpt>
      <trkpt lat="65.37449" lon="15.14062">
        <time>2023-03-25T14:06:00Z</time>
      </trkpt>
      <trkpt lat="65.38228" lon="15.13461">
        <time>2023-03-25T14:16:00Z</time>
      </trkpt>
      <trkpt lat="65.38228" lon="15.13461">
        <time>2023-03-25T14:16:00Z</time>
      </trkpt>
      <trkpt lat="65.38598" lon="15.1262">
        <time>2023-03-25T14:26:00Z</time>
      </trkpt>
      <trkpt lat="65.38598" lon="15.1262">
        <time>2023-03-25T14:26:00Z</time>
      </trkpt>
      <trkpt lat="65.39114" lon="15.1291">
        <time>2023-03-25T14:36:00Z</time>
      </trkpt>
      <trkpt lat="65.39114" lon="15.1291">
        <time>2023-03-25T14:36:00Z</time>
      </trkpt>
      <trkpt lat="65.39637" lon="15.1338">
        <time>2023-03-25T14:46:00Z</time>
      </trkpt>
      <trkpt lat="65.39637" lon="15.1338">
        <time>2023-03-25T14:46:00Z</time>
      </trkpt>
      <trkpt lat="65.39633" lon="15.13375">
        <time>2023-03-25T14:56:00Z</time>
      </trkpt>
      <trkpt lat="65.39633" lon="15.13375">
        <time>2023-03-25T14:56:00Z</time>
      </trkpt>
      <trkpt lat="65.39727" lon="15.1398">
        <time>2023-03-25T15:06:00Z</time>
      </trkpt>
      <trkpt lat="65.39727" lon="15.1398">
        <time>2023-03-25T15:06:00Z</time>
      </trkpt>
      <trkpt lat="65.40114" lon="15.15216">
        <time>2023-03-25T15:16:00Z</time>
      </trkpt>
      <trkpt lat="65.40114" lon="15.15216">
        <time>2023-03-25T15:16:00Z</time>
      </trkpt>
      <trkpt lat="65.40537" lon="15.16867">
        <time>2023-03-25T15:26:00Z</time>
      </trkpt>
      <trkpt lat="65.40537" lon="15.16867">
        <time>2023-03-25T15:26:00Z</time>
      </trkpt>
      <trkpt lat="65.41129" lon="15.18364">
        <time>2023-03-25T15:36:00Z</time>
      </trkpt>
      <trkpt lat="65.41129" lon="15.18364">
        <time>2023-03-25T15:36:00Z</time>
      </trkpt>
      <trkpt lat="65.4165" lon="15.1989">
        <time>2023-03-25T15:46:00Z</time>
      </trkpt>
      <trkpt lat="65.4165" lon="15.1989">
        <time>2023-03-25T15:46:00Z</time>
      </trkpt>
      <trkpt lat="65.41919" lon="15.2095">
        <time>2023-03-25T15:56:00Z</time>
      </trkpt>
      <trkpt lat="65.41919" lon="15.2095">
        <time>2023-03-25T15:56:00Z</time>
      </trkpt>
      <trkpt lat="65.42457" lon="15.21426">
        <time>2023-03-25T16:06:00Z</time>
      </trkpt>
      <trkpt lat="65.42457" lon="15.21426">
        <time>2023-03-25T16:06:00Z</time>
      </trkpt>
      <trkpt lat="65.42822" lon="15.22089">
        <time>2023-03-25T16:16:00Z</time>
      </trkpt>
      <trkpt lat="65.42822" lon="15.22089">
        <time>2023-03-25T16:16:00Z</time>
      </trkpt>
      <trkpt lat="65.43133" lon="15.23033">
        <time>2023-03-25T16:26:00Z</time>
      </trkpt>
      <trkpt lat="65.43133" lon="15.23033">
        <time>2023-03-25T16:26:00Z</time>
      </trkpt>
      <trkpt lat="65.43307" lon="15.23167">
        <time>2023-03-25T16:36:00Z</time>
      </trkpt>
      <trkpt lat="65.43307" lon="15.23167">
        <time>2023-03-25T16:36:00Z</time>
      </trkpt>
      <trkpt lat="65.43302" lon="15.23278">
        <time>2023-03-25T16:46:00Z</time>
      </trkpt>
      <trkpt lat="65.43302" lon="15.23278">
        <time>2023-03-25T16:46:00Z</time>
      </trkpt>
      <trkpt lat="65.43238" lon="15.23265">
        <time>2023-03-25T16:55:00Z</time>
      </trkpt>
      <trkpt lat="65.43238" lon="15.23265">
        <time>2023-03-25T16:55:00Z</time>
      </trkpt>
      <trkpt lat="65.43329" lon="15.23272">
        <time>2023-03-26T09:05:00Z</time>
      </trkpt>
      <trkpt lat="65.43329" lon="15.23272">
        <time>2023-03-26T09:05:00Z</time>
      </trkpt>
      <trkpt lat="65.44041" lon="15.23473">
        <time>2023-03-26T09:15:00Z</time>
      </trkpt>
      <trkpt lat="65.44041" lon="15.23473">
        <time>2023-03-26T09:15:00Z</time>
      </trkpt>
      <trkpt lat="65.45084" lon="15.24982">
        <time>2023-03-26T09:25:00Z</time>
      </trkpt>
      <trkpt lat="65.45084" lon="15.24982">
        <time>2023-03-26T09:25:00Z</time>
      </trkpt>
      <trkpt lat="65.46021" lon="15.25943">
        <time>2023-03-26T09:35:00Z</time>
      </trkpt>
      <trkpt lat="65.46021" lon="15.25943">
        <time>2023-03-26T09:35:00Z</time>
      </trkpt>
      <trkpt lat="65.46963" lon="15.28501">
        <time>2023-03-26T09:45:00Z</time>
      </trkpt>
      <trkpt lat="65.46963" lon="15.28501">
        <time>2023-03-26T09:45:00Z</time>
      </trkpt>
      <trkpt lat="65.47611" lon="15.30758">
        <time>2023-03-26T09:55:00Z</time>
      </trkpt>
      <trkpt lat="65.47611" lon="15.30758">
        <time>2023-03-26T09:55:00Z</time>
      </trkpt>
      <trkpt lat="65.49019" lon="15.35625">
        <time>2023-03-26T10:05:00Z</time>
      </trkpt>
      <trkpt lat="65.49019" lon="15.35625">
        <time>2023-03-26T10:05:00Z</time>
      </trkpt>
      <trkpt lat="65.49759" lon="15.34335">
        <time>2023-03-26T10:15:00Z</time>
      </trkpt>
      <trkpt lat="65.49759" lon="15.34335">
        <time>2023-03-26T10:15:00Z</time>
      </trkpt>
      <trkpt lat="65.50938" lon="15.33904">
        <time>2023-03-26T10:25:00Z</time>
      </trkpt>
      <trkpt lat="65.50938" lon="15.33904">
        <time>2023-03-26T10:25:00Z</time>
      </trkpt>
      <trkpt lat="65.51836" lon="15.32786">
        <time>2023-03-26T10:35:00Z</time>
      </trkpt>
      <trkpt lat="65.51836" lon="15.32786">
        <time>2023-03-26T10:35:00Z</time>
      </trkpt>
      <trkpt lat="65.52524" lon="15.32001">
        <time>2023-03-26T10:45:00Z</time>
      </trkpt>
      <trkpt lat="65.52524" lon="15.32001">
        <time>2023-03-26T10:45:00Z</time>
      </trkpt>
      <trkpt lat="65.53792" lon="15.322">
        <time>2023-03-26T10:55:00Z</time>
      </trkpt>
      <trkpt lat="65.53792" lon="15.322">
        <time>2023-03-26T10:55:00Z</time>
      </trkpt>
      <trkpt lat="65.54563" lon="15.30908">
        <time>2023-03-26T11:05:00Z</time>
      </trkpt>
      <trkpt lat="65.54563" lon="15.30908">
        <time>2023-03-26T11:05:00Z</time>
      </trkpt>
      <trkpt lat="65.54723" lon="15.30574">
        <time>2023-03-26T11:15:00Z</time>
      </trkpt>
      <trkpt lat="65.54723" lon="15.30574">
        <time>2023-03-26T11:15:00Z</time>
      </trkpt>
      <trkpt lat="65.54727" lon="15.30557">
        <time>2023-03-26T11:25:00Z</time>
      </trkpt>
      <trkpt lat="65.54727" lon="15.30557">
        <time>2023-03-26T11:25:00Z</time>
      </trkpt>
      <trkpt lat="65.55907" lon="15.30009">
        <time>2023-03-26T11:35:00Z</time>
      </trkpt>
      <trkpt lat="65.55907" lon="15.30009">
        <time>2023-03-26T11:35:00Z</time>
      </trkpt>
      <trkpt lat="65.57177" lon="15.30078">
        <time>2023-03-26T11:45:00Z</time>
      </trkpt>
      <trkpt lat="65.57177" lon="15.30078">
        <time>2023-03-26T11:45:00Z</time>
      </trkpt>
      <trkpt lat="65.57946" lon="15.30029">
        <time>2023-03-26T11:55:00Z</time>
      </trkpt>
      <trkpt lat="65.57946" lon="15.30029">
        <time>2023-03-26T11:55:00Z</time>
      </trkpt>
      <trkpt lat="65.58593" lon="15.2914">
        <time>2023-03-26T12:05:00Z</time>
      </trkpt>
      <trkpt lat="65.58593" lon="15.2914">
        <time>2023-03-26T12:05:00Z</time>
      </trkpt>
      <trkpt lat="65.59227" lon="15.2857">
        <time>2023-03-26T12:15:00Z</time>
      </trkpt>
      <trkpt lat="65.59227" lon="15.2857">
        <time>2023-03-26T12:15:00Z</time>
      </trkpt>
      <trkpt lat="65.60409" lon="15.27428">
        <time>2023-03-26T12:25:00Z</time>
      </trkpt>
      <trkpt lat="65.60409" lon="15.27428">
        <time>2023-03-26T12:25:00Z</time>
      </trkpt>
      <trkpt lat="65.61274" lon="15.26231">
        <time>2023-03-26T12:35:00Z</time>
      </trkpt>
      <trkpt lat="65.61274" lon="15.26231">
        <time>2023-03-26T12:35:00Z</time>
      </trkpt>
      <trkpt lat="65.62351" lon="15.2363">
        <time>2023-03-26T12:45:00Z</time>
      </trkpt>
      <trkpt lat="65.62351" lon="15.2363">
        <time>2023-03-26T12:45:00Z</time>
      </trkpt>
      <trkpt lat="65.63328" lon="15.2219">
        <time>2023-03-26T12:55:00Z</time>
      </trkpt>
      <trkpt lat="65.63328" lon="15.2219">
        <time>2023-03-26T12:55:00Z</time>
      </trkpt>
      <trkpt lat="65.64103" lon="15.20115">
        <time>2023-03-26T13:05:00Z</time>
      </trkpt>
      <trkpt lat="65.64103" lon="15.20115">
        <time>2023-03-26T13:05:00Z</time>
      </trkpt>
      <trkpt lat="65.64339" lon="15.19456">
        <time>2023-03-26T13:15:00Z</time>
      </trkpt>
      <trkpt lat="65.64339" lon="15.19456">
        <time>2023-03-26T13:15:00Z</time>
      </trkpt>
      <trkpt lat="65.64701" lon="15.18497">
        <time>2023-03-26T13:25:00Z</time>
      </trkpt>
      <trkpt lat="65.64701" lon="15.18497">
        <time>2023-03-26T13:25:00Z</time>
      </trkpt>
      <trkpt lat="65.65437" lon="15.16206">
        <time>2023-03-26T13:35:00Z</time>
      </trkpt>
      <trkpt lat="65.65437" lon="15.16206">
        <time>2023-03-26T13:35:00Z</time>
      </trkpt>
      <trkpt lat="65.65895" lon="15.13794">
        <time>2023-03-26T13:45:00Z</time>
      </trkpt>
      <trkpt lat="65.65895" lon="15.13794">
        <time>2023-03-26T13:45:00Z</time>
      </trkpt>
      <trkpt lat="65.66022" lon="15.1291">
        <time>2023-03-26T13:55:00Z</time>
      </trkpt>
      <trkpt lat="65.66022" lon="15.1291">
        <time>2023-03-26T13:55:00Z</time>
      </trkpt>
      <trkpt lat="65.66739" lon="15.12933">
        <time>2023-03-26T14:05:00Z</time>
      </trkpt>
      <trkpt lat="65.66739" lon="15.12933">
        <time>2023-03-26T14:05:00Z</time>
      </trkpt>
      <trkpt lat="65.67381" lon="15.12948">
        <time>2023-03-26T14:15:00Z</time>
      </trkpt>
      <trkpt lat="65.67381" lon="15.12948">
        <time>2023-03-26T14:15:00Z</time>
      </trkpt>
      <trkpt lat="65.68147" lon="15.12223">
        <time>2023-03-26T14:25:00Z</time>
      </trkpt>
      <trkpt lat="65.68147" lon="15.12223">
        <time>2023-03-26T14:25:00Z</time>
      </trkpt>
      <trkpt lat="65.69021" lon="15.11908">
        <time>2023-03-26T14:35:00Z</time>
      </trkpt>
      <trkpt lat="65.69021" lon="15.11908">
        <time>2023-03-26T14:35:00Z</time>
      </trkpt>
      <trkpt lat="65.69605" lon="15.11077">
        <time>2023-03-26T14:45:00Z</time>
      </trkpt>
      <trkpt lat="65.69605" lon="15.11077">
        <time>2023-03-26T14:45:00Z</time>
      </trkpt>
      <trkpt lat="65.70426" lon="15.10358">
        <time>2023-03-26T14:55:00Z</time>
      </trkpt>
      <trkpt lat="65.70426" lon="15.10358">
        <time>2023-03-26T14:55:00Z</time>
      </trkpt>
      <trkpt lat="65.71345" lon="15.0935">
        <time>2023-03-26T15:05:00Z</time>
      </trkpt>
      <trkpt lat="65.71345" lon="15.0935">
        <time>2023-03-26T15:05:00Z</time>
      </trkpt>
      <trkpt lat="65.7209" lon="15.0924">
        <time>2023-03-26T15:15:00Z</time>
      </trkpt>
      <trkpt lat="65.7209" lon="15.0924">
        <time>2023-03-26T15:15:00Z</time>
      </trkpt>
      <trkpt lat="65.72135" lon="15.10131">
        <time>2023-03-26T15:25:00Z</time>
      </trkpt>
      <trkpt lat="65.72135" lon="15.10131">
        <time>2023-03-26T15:25:00Z</time>
      </trkpt>
      <trkpt lat="65.72087" lon="15.10346">
        <time>2023-03-26T15:35:00Z</time>
      </trkpt>
      <trkpt lat="65.72087" lon="15.10346">
        <time>2023-03-26T15:35:00Z</time>
      </trkpt>
      <trkpt lat="65.72452" lon="15.11118">
        <time>2023-03-26T15:45:00Z</time>
      </trkpt>
      <trkpt lat="65.72452" lon="15.11118">
        <time>2023-03-26T15:45:00Z</time>
      </trkpt>
      <trkpt lat="65.73336" lon="15.11103">
        <time>2023-03-26T15:55:00Z</time>
      </trkpt>
      <trkpt lat="65.73336" lon="15.11103">
        <time>2023-03-26T15:55:00Z</time>
      </trkpt>
      <trkpt lat="65.73859" lon="15.12096">
        <time>2023-03-26T16:05:00Z</time>
      </trkpt>
      <trkpt lat="65.73859" lon="15.12096">
        <time>2023-03-26T16:05:00Z</time>
      </trkpt>
      <trkpt lat="65.74792" lon="15.12672">
        <time>2023-03-26T16:15:00Z</time>
      </trkpt>
      <trkpt lat="65.74792" lon="15.12672">
        <time>2023-03-26T16:15:00Z</time>
      </trkpt>
      <trkpt lat="65.75732" lon="15.13058">
        <time>2023-03-26T16:25:00Z</time>
      </trkpt>
      <trkpt lat="65.75732" lon="15.13058">
        <time>2023-03-26T16:25:00Z</time>
      </trkpt>
      <trkpt lat="65.76502" lon="15.11996">
        <time>2023-03-26T16:35:00Z</time>
      </trkpt>
      <trkpt lat="65.76502" lon="15.11996">
        <time>2023-03-26T16:35:00Z</time>
      </trkpt>
      <trkpt lat="65.76807" lon="15.11569">
        <time>2023-03-26T16:45:00Z</time>
      </trkpt>
      <trkpt lat="65.76807" lon="15.11569">
        <time>2023-03-26T16:45:00Z</time>
      </trkpt>
      <trkpt lat="65.77427" lon="15.10884">
        <time>2023-03-26T16:55:00Z</time>
      </trkpt>
      <trkpt lat="65.77427" lon="15.10884">
        <time>2023-03-26T16:55:00Z</time>
      </trkpt>
      <trkpt lat="65.77764" lon="15.11021">
        <time>2023-03-26T17:05:00Z</time>
      </trkpt>
      <trkpt lat="65.77764" lon="15.11021">
        <time>2023-03-26T17:05:00Z</time>
      </trkpt>
      <trkpt lat="65.78445" lon="15.108">
        <time>2023-03-26T17:15:00Z</time>
      </trkpt>
      <trkpt lat="65.78445" lon="15.108">
        <time>2023-03-26T17:15:00Z</time>
      </trkpt>
      <trkpt lat="65.7915" lon="15.10318">
        <time>2023-03-26T17:25:00Z</time>
      </trkpt>
      <trkpt lat="65.7915" lon="15.10318">
        <time>2023-03-26T17:25:00Z</time>
      </trkpt>
      <trkpt lat="65.79666" lon="15.09824">
        <time>2023-03-26T17:35:00Z</time>
      </trkpt>
      <trkpt lat="65.79666" lon="15.09824">
        <time>2023-03-26T17:35:00Z</time>
      </trkpt>
      <trkpt lat="65.8009" lon="15.09661">
        <time>2023-03-26T17:45:00Z</time>
      </trkpt>
      <trkpt lat="65.8009" lon="15.09661">
        <time>2023-03-26T17:45:00Z</time>
      </trkpt>
      <trkpt lat="65.80575" lon="15.09009">
        <time>2023-03-26T17:55:00Z</time>
      </trkpt>
      <trkpt lat="65.80575" lon="15.09009">
        <time>2023-03-26T17:55:00Z</time>
      </trkpt>
      <trkpt lat="65.81197" lon="15.08743">
        <time>2023-03-26T18:05:00Z</time>
      </trkpt>
      <trkpt lat="65.81197" lon="15.08743">
        <time>2023-03-26T18:05:00Z</time>
      </trkpt>
      <trkpt lat="65.81227" lon="15.0864">
        <time>2023-03-26T18:15:00Z</time>
      </trkpt>
      <trkpt lat="65.81227" lon="15.0864">
        <time>2023-03-26T18:15:00Z</time>
      </trkpt>
      <trkpt lat="65.81148" lon="15.08603">
        <time>2023-03-26T18:50:00Z</time>
      </trkpt>
      <trkpt lat="65.81148" lon="15.08603">
        <time>2023-03-26T18:50:00Z</time>
      </trkpt>
      <trkpt lat="65.81185" lon="15.08728">
        <time>2023-03-27T10:20:00Z</time>
      </trkpt>
      <trkpt lat="65.81185" lon="15.08728">
        <time>2023-03-27T10:20:00Z</time>
      </trkpt>
      <trkpt lat="65.81432" lon="15.09122">
        <time>2023-03-27T10:30:00Z</time>
      </trkpt>
      <trkpt lat="65.81432" lon="15.09122">
        <time>2023-03-27T10:30:00Z</time>
      </trkpt>
      <trkpt lat="65.81101" lon="15.10163">
        <time>2023-03-27T10:40:00Z</time>
      </trkpt>
      <trkpt lat="65.81101" lon="15.10163">
        <time>2023-03-27T10:40:00Z</time>
      </trkpt>
      <trkpt lat="65.81407" lon="15.10588">
        <time>2023-03-27T10:50:00Z</time>
      </trkpt>
      <trkpt lat="65.81407" lon="15.10588">
        <time>2023-03-27T10:50:00Z</time>
      </trkpt>
      <trkpt lat="65.8152" lon="15.10406">
        <time>2023-03-27T11:00:00Z</time>
      </trkpt>
      <trkpt lat="65.8152" lon="15.10406">
        <time>2023-03-27T11:00:00Z</time>
      </trkpt>
      <trkpt lat="65.81481" lon="15.11268">
        <time>2023-03-27T11:10:00Z</time>
      </trkpt>
      <trkpt lat="65.81481" lon="15.11268">
        <time>2023-03-27T11:10:00Z</time>
      </trkpt>
      <trkpt lat="65.81803" lon="15.11893">
        <time>2023-03-27T11:20:00Z</time>
      </trkpt>
      <trkpt lat="65.81803" lon="15.11893">
        <time>2023-03-27T11:20:00Z</time>
      </trkpt>
      <trkpt lat="65.82235" lon="15.10867">
        <time>2023-03-27T11:30:00Z</time>
      </trkpt>
      <trkpt lat="65.82235" lon="15.10867">
        <time>2023-03-27T11:30:00Z</time>
      </trkpt>
      <trkpt lat="65.82887" lon="15.10305">
        <time>2023-03-27T11:40:00Z</time>
      </trkpt>
      <trkpt lat="65.82887" lon="15.10305">
        <time>2023-03-27T11:40:00Z</time>
      </trkpt>
      <trkpt lat="65.83419" lon="15.10277">
        <time>2023-03-27T11:50:00Z</time>
      </trkpt>
      <trkpt lat="65.83419" lon="15.10277">
        <time>2023-03-27T11:50:00Z</time>
      </trkpt>
      <trkpt lat="65.83819" lon="15.08966">
        <time>2023-03-27T12:00:00Z</time>
      </trkpt>
      <trkpt lat="65.83819" lon="15.08966">
        <time>2023-03-27T12:00:00Z</time>
      </trkpt>
      <trkpt lat="65.83849" lon="15.08979">
        <time>2023-03-27T12:10:00Z</time>
      </trkpt>
      <trkpt lat="65.83849" lon="15.08979">
        <time>2023-03-27T12:10:00Z</time>
      </trkpt>
      <trkpt lat="65.84344" lon="15.09125">
        <time>2023-03-27T12:20:00Z</time>
      </trkpt>
      <trkpt lat="65.84344" lon="15.09125">
        <time>2023-03-27T12:20:00Z</time>
      </trkpt>
      <trkpt lat="65.84674" lon="15.09616">
        <time>2023-03-27T12:30:00Z</time>
      </trkpt>
      <trkpt lat="65.84674" lon="15.09616">
        <time>2023-03-27T12:30:00Z</time>
      </trkpt>
      <trkpt lat="65.85371" lon="15.09453">
        <time>2023-03-27T12:40:00Z</time>
      </trkpt>
      <trkpt lat="65.85371" lon="15.09453">
        <time>2023-03-27T12:40:00Z</time>
      </trkpt>
      <trkpt lat="65.86057" lon="15.09646">
        <time>2023-03-27T12:50:00Z</time>
      </trkpt>
      <trkpt lat="65.86057" lon="15.09646">
        <time>2023-03-27T12:50:00Z</time>
      </trkpt>
      <trkpt lat="65.86507" lon="15.10848">
        <time>2023-03-27T13:00:00Z</time>
      </trkpt>
      <trkpt lat="65.86507" lon="15.10848">
        <time>2023-03-27T13:00:00Z</time>
      </trkpt>
      <trkpt lat="65.86897" lon="15.11781">
        <time>2023-03-27T13:10:00Z</time>
      </trkpt>
      <trkpt lat="65.86897" lon="15.11781">
        <time>2023-03-27T13:10:00Z</time>
      </trkpt>
      <trkpt lat="65.87522" lon="15.13253">
        <time>2023-03-27T13:20:00Z</time>
      </trkpt>
      <trkpt lat="65.87522" lon="15.13253">
        <time>2023-03-27T13:20:00Z</time>
      </trkpt>
      <trkpt lat="65.88111" lon="15.14659">
        <time>2023-03-27T13:30:00Z</time>
      </trkpt>
      <trkpt lat="65.88111" lon="15.14659">
        <time>2023-03-27T13:30:00Z</time>
      </trkpt>
      <trkpt lat="65.8861" lon="15.15959">
        <time>2023-03-27T13:40:00Z</time>
      </trkpt>
      <trkpt lat="65.8861" lon="15.15959">
        <time>2023-03-27T13:40:00Z</time>
      </trkpt>
      <trkpt lat="65.88882" lon="15.17478">
        <time>2023-03-27T13:50:00Z</time>
      </trkpt>
      <trkpt lat="65.88882" lon="15.17478">
        <time>2023-03-27T13:50:00Z</time>
      </trkpt>
      <trkpt lat="65.88663" lon="15.19613">
        <time>2023-03-27T14:00:00Z</time>
      </trkpt>
      <trkpt lat="65.88663" lon="15.19613">
        <time>2023-03-27T14:00:00Z</time>
      </trkpt>
      <trkpt lat="65.88306" lon="15.21581">
        <time>2023-03-27T14:10:00Z</time>
      </trkpt>
      <trkpt lat="65.88306" lon="15.21581">
        <time>2023-03-27T14:10:00Z</time>
      </trkpt>
      <trkpt lat="65.88028" lon="15.23439">
        <time>2023-03-27T14:20:00Z</time>
      </trkpt>
      <trkpt lat="65.88028" lon="15.23439">
        <time>2023-03-27T14:20:00Z</time>
      </trkpt>
      <trkpt lat="65.87821" lon="15.25344">
        <time>2023-03-27T14:30:00Z</time>
      </trkpt>
      <trkpt lat="65.87821" lon="15.25344">
        <time>2023-03-27T14:30:00Z</time>
      </trkpt>
      <trkpt lat="65.87677" lon="15.27419">
        <time>2023-03-27T14:40:00Z</time>
      </trkpt>
      <trkpt lat="65.87677" lon="15.27419">
        <time>2023-03-27T14:40:00Z</time>
      </trkpt>
      <trkpt lat="65.87274" lon="15.29314">
        <time>2023-03-27T14:50:00Z</time>
      </trkpt>
      <trkpt lat="65.87274" lon="15.29314">
        <time>2023-03-27T14:50:00Z</time>
      </trkpt>
      <trkpt lat="65.86843" lon="15.31434">
        <time>2023-03-27T15:00:00Z</time>
      </trkpt>
      <trkpt lat="65.86843" lon="15.31434">
        <time>2023-03-27T15:00:00Z</time>
      </trkpt>
      <trkpt lat="65.86946" lon="15.33168">
        <time>2023-03-27T15:10:00Z</time>
      </trkpt>
      <trkpt lat="65.86946" lon="15.33168">
        <time>2023-03-27T15:10:00Z</time>
      </trkpt>
      <trkpt lat="65.87066" lon="15.33436">
        <time>2023-03-27T15:20:00Z</time>
      </trkpt>
      <trkpt lat="65.87066" lon="15.33436">
        <time>2023-03-27T15:20:00Z</time>
      </trkpt>
      <trkpt lat="65.87461" lon="15.34288">
        <time>2023-03-27T15:30:00Z</time>
      </trkpt>
      <trkpt lat="65.87461" lon="15.34288">
        <time>2023-03-27T15:30:00Z</time>
      </trkpt>
      <trkpt lat="65.87703" lon="15.34973">
        <time>2023-03-27T15:40:00Z</time>
      </trkpt>
      <trkpt lat="65.87703" lon="15.34973">
        <time>2023-03-27T15:40:00Z</time>
      </trkpt>
      <trkpt lat="65.88227" lon="15.3649">
        <time>2023-03-27T15:50:00Z</time>
      </trkpt>
      <trkpt lat="65.88227" lon="15.3649">
        <time>2023-03-27T15:50:00Z</time>
      </trkpt>
      <trkpt lat="65.89198" lon="15.39296">
        <time>2023-03-27T16:00:00Z</time>
      </trkpt>
      <trkpt lat="65.89198" lon="15.39296">
        <time>2023-03-27T16:00:00Z</time>
      </trkpt>
      <trkpt lat="65.89149" lon="15.39766">
        <time>2023-03-27T16:10:00Z</time>
      </trkpt>
      <trkpt lat="65.89149" lon="15.39766">
        <time>2023-03-27T16:10:00Z</time>
      </trkpt>
      <trkpt lat="65.89158" lon="15.39721">
        <time>2023-03-27T16:20:00Z</time>
      </trkpt>
      <trkpt lat="65.89158" lon="15.39721">
        <time>2023-03-27T16:20:00Z</time>
      </trkpt>
      <trkpt lat="65.89163" lon="15.39745">
        <time>2023-03-27T16:41:00Z</time>
      </trkpt>
      <trkpt lat="65.89163" lon="15.39745">
        <time>2023-03-27T16:41:00Z</time>
      </trkpt>
      <trkpt lat="65.89153" lon="15.39758">
        <time>2023-03-28T08:14:00Z</time>
      </trkpt>
      <trkpt lat="65.89153" lon="15.39758">
        <time>2023-03-28T08:14:00Z</time>
      </trkpt>
      <trkpt lat="65.89445" lon="15.41654">
        <time>2023-03-28T08:24:00Z</time>
      </trkpt>
      <trkpt lat="65.89445" lon="15.41654">
        <time>2023-03-28T08:24:00Z</time>
      </trkpt>
      <trkpt lat="65.9005" lon="15.44206">
        <time>2023-03-28T08:34:00Z</time>
      </trkpt>
      <trkpt lat="65.9005" lon="15.44206">
        <time>2023-03-28T08:34:00Z</time>
      </trkpt>
      <trkpt lat="65.90759" lon="15.45036">
        <time>2023-03-28T08:44:00Z</time>
      </trkpt>
      <trkpt lat="65.90759" lon="15.45036">
        <time>2023-03-28T08:44:00Z</time>
      </trkpt>
      <trkpt lat="65.91587" lon="15.45094">
        <time>2023-03-28T08:54:00Z</time>
      </trkpt>
      <trkpt lat="65.91587" lon="15.45094">
        <time>2023-03-28T08:54:00Z</time>
      </trkpt>
      <trkpt lat="65.9236" lon="15.45899">
        <time>2023-03-28T09:04:00Z</time>
      </trkpt>
      <trkpt lat="65.9236" lon="15.45899">
        <time>2023-03-28T09:04:00Z</time>
      </trkpt>
      <trkpt lat="65.93312" lon="15.46856">
        <time>2023-03-28T09:14:00Z</time>
      </trkpt>
      <trkpt lat="65.93312" lon="15.46856">
        <time>2023-03-28T09:14:00Z</time>
      </trkpt>
      <trkpt lat="65.94326" lon="15.47369">
        <time>2023-03-28T09:24:00Z</time>
      </trkpt>
      <trkpt lat="65.94326" lon="15.47369">
        <time>2023-03-28T09:24:00Z</time>
      </trkpt>
      <trkpt lat="65.95089" lon="15.47658">
        <time>2023-03-28T09:34:00Z</time>
      </trkpt>
      <trkpt lat="65.95089" lon="15.47658">
        <time>2023-03-28T09:34:00Z</time>
      </trkpt>
      <trkpt lat="65.95993" lon="15.47939">
        <time>2023-03-28T09:44:00Z</time>
      </trkpt>
      <trkpt lat="65.95993" lon="15.47939">
        <time>2023-03-28T09:44:00Z</time>
      </trkpt>
      <trkpt lat="65.96997" lon="15.47944">
        <time>2023-03-28T09:54:00Z</time>
      </trkpt>
      <trkpt lat="65.96997" lon="15.47944">
        <time>2023-03-28T09:54:00Z</time>
      </trkpt>
      <trkpt lat="65.9799" lon="15.48444">
        <time>2023-03-28T10:04:00Z</time>
      </trkpt>
      <trkpt lat="65.9799" lon="15.48444">
        <time>2023-03-28T10:04:00Z</time>
      </trkpt>
      <trkpt lat="65.98864" lon="15.48853">
        <time>2023-03-28T10:14:00Z</time>
      </trkpt>
      <trkpt lat="65.98864" lon="15.48853">
        <time>2023-03-28T10:14:00Z</time>
      </trkpt>
      <trkpt lat="65.99983" lon="15.48935">
        <time>2023-03-28T10:24:00Z</time>
      </trkpt>
      <trkpt lat="65.99983" lon="15.48935">
        <time>2023-03-28T10:24:00Z</time>
      </trkpt>
      <trkpt lat="66.00617" lon="15.49263">
        <time>2023-03-28T10:34:00Z</time>
      </trkpt>
      <trkpt lat="66.00617" lon="15.49263">
        <time>2023-03-28T10:34:00Z</time>
      </trkpt>
      <trkpt lat="66.00618" lon="15.4927">
        <time>2023-03-28T10:44:00Z</time>
      </trkpt>
      <trkpt lat="66.00618" lon="15.4927">
        <time>2023-03-28T10:44:00Z</time>
      </trkpt>
      <trkpt lat="66.00599" lon="15.50332">
        <time>2023-03-28T10:54:00Z</time>
      </trkpt>
      <trkpt lat="66.00599" lon="15.50332">
        <time>2023-03-28T10:54:00Z</time>
      </trkpt>
      <trkpt lat="66.00389" lon="15.51913">
        <time>2023-03-28T11:04:00Z</time>
      </trkpt>
      <trkpt lat="66.00389" lon="15.51913">
        <time>2023-03-28T11:04:00Z</time>
      </trkpt>
      <trkpt lat="66.00404" lon="15.51911">
        <time>2023-03-28T11:14:00Z</time>
      </trkpt>
      <trkpt lat="66.00404" lon="15.51911">
        <time>2023-03-28T11:14:00Z</time>
      </trkpt>
      <trkpt lat="66.00336" lon="15.524">
        <time>2023-03-28T11:24:00Z</time>
      </trkpt>
      <trkpt lat="66.00336" lon="15.524">
        <time>2023-03-28T11:24:00Z</time>
      </trkpt>
      <trkpt lat="66.0023" lon="15.54308">
        <time>2023-03-28T11:34:00Z</time>
      </trkpt>
      <trkpt lat="66.0023" lon="15.54308">
        <time>2023-03-28T11:34:00Z</time>
      </trkpt>
      <trkpt lat="66.00184" lon="15.56276">
        <time>2023-03-28T11:44:00Z</time>
      </trkpt>
      <trkpt lat="66.00184" lon="15.56276">
        <time>2023-03-28T11:44:00Z</time>
      </trkpt>
      <trkpt lat="65.99495" lon="15.57246">
        <time>2023-03-28T11:54:00Z</time>
      </trkpt>
      <trkpt lat="65.99495" lon="15.57246">
        <time>2023-03-28T11:54:00Z</time>
      </trkpt>
      <trkpt lat="65.98818" lon="15.57782">
        <time>2023-03-28T12:04:00Z</time>
      </trkpt>
      <trkpt lat="65.98818" lon="15.57782">
        <time>2023-03-28T12:04:00Z</time>
      </trkpt>
      <trkpt lat="65.98321" lon="15.5817">
        <time>2023-03-28T12:14:00Z</time>
      </trkpt>
      <trkpt lat="65.98321" lon="15.5817">
        <time>2023-03-28T12:14:00Z</time>
      </trkpt>
      <trkpt lat="65.97869" lon="15.58763">
        <time>2023-03-28T12:24:00Z</time>
      </trkpt>
      <trkpt lat="65.97869" lon="15.58763">
        <time>2023-03-28T12:24:00Z</time>
      </trkpt>
      <trkpt lat="65.97056" lon="15.60245">
        <time>2023-03-28T12:34:00Z</time>
      </trkpt>
      <trkpt lat="65.97056" lon="15.60245">
        <time>2023-03-28T12:34:00Z</time>
      </trkpt>
      <trkpt lat="65.96863" lon="15.61958">
        <time>2023-03-28T12:44:00Z</time>
      </trkpt>
      <trkpt lat="65.96863" lon="15.61958">
        <time>2023-03-28T12:44:00Z</time>
      </trkpt>
      <trkpt lat="65.96738" lon="15.63277">
        <time>2023-03-28T12:54:00Z</time>
      </trkpt>
      <trkpt lat="65.96738" lon="15.63277">
        <time>2023-03-28T12:54:00Z</time>
      </trkpt>
      <trkpt lat="65.97004" lon="15.66764">
        <time>2023-03-28T13:04:00Z</time>
      </trkpt>
      <trkpt lat="65.97004" lon="15.66764">
        <time>2023-03-28T13:04:00Z</time>
      </trkpt>
      <trkpt lat="65.96798" lon="15.69485">
        <time>2023-03-28T13:14:00Z</time>
      </trkpt>
      <trkpt lat="65.96798" lon="15.69485">
        <time>2023-03-28T13:14:00Z</time>
      </trkpt>
      <trkpt lat="65.96303" lon="15.71395">
        <time>2023-03-28T13:24:00Z</time>
      </trkpt>
      <trkpt lat="65.96303" lon="15.71395">
        <time>2023-03-28T13:24:00Z</time>
      </trkpt>
      <trkpt lat="65.96711" lon="15.74184">
        <time>2023-03-28T13:34:00Z</time>
      </trkpt>
      <trkpt lat="65.96711" lon="15.74184">
        <time>2023-03-28T13:34:00Z</time>
      </trkpt>
      <trkpt lat="65.97331" lon="15.76248">
        <time>2023-03-28T13:44:00Z</time>
      </trkpt>
      <trkpt lat="65.97331" lon="15.76248">
        <time>2023-03-28T13:44:00Z</time>
      </trkpt>
      <trkpt lat="65.96681" lon="15.78559">
        <time>2023-03-28T13:54:00Z</time>
      </trkpt>
      <trkpt lat="65.96681" lon="15.78559">
        <time>2023-03-28T13:54:00Z</time>
      </trkpt>
      <trkpt lat="65.96741" lon="15.79624">
        <time>2023-03-28T14:04:00Z</time>
      </trkpt>
      <trkpt lat="65.96741" lon="15.79624">
        <time>2023-03-28T14:04:00Z</time>
      </trkpt>
      <trkpt lat="65.96742" lon="15.79637">
        <time>2023-03-28T14:14:00Z</time>
      </trkpt>
      <trkpt lat="65.96742" lon="15.79637">
        <time>2023-03-28T14:14:00Z</time>
      </trkpt>
      <trkpt lat="65.97109" lon="15.81626">
        <time>2023-03-28T14:24:00Z</time>
      </trkpt>
      <trkpt lat="65.97109" lon="15.81626">
        <time>2023-03-28T14:24:00Z</time>
      </trkpt>
      <trkpt lat="65.97479" lon="15.82598">
        <time>2023-03-28T14:34:00Z</time>
      </trkpt>
      <trkpt lat="65.97479" lon="15.82598">
        <time>2023-03-28T14:34:00Z</time>
      </trkpt>
      <trkpt lat="65.97538" lon="15.83948">
        <time>2023-03-28T14:44:00Z</time>
      </trkpt>
      <trkpt lat="65.97538" lon="15.83948">
        <time>2023-03-28T14:44:00Z</time>
      </trkpt>
      <trkpt lat="65.97285" lon="15.86254">
        <time>2023-03-28T14:54:00Z</time>
      </trkpt>
      <trkpt lat="65.97285" lon="15.86254">
        <time>2023-03-28T14:54:00Z</time>
      </trkpt>
      <trkpt lat="65.96938" lon="15.88591">
        <time>2023-03-28T15:04:00Z</time>
      </trkpt>
      <trkpt lat="65.96938" lon="15.88591">
        <time>2023-03-28T15:04:00Z</time>
      </trkpt>
      <trkpt lat="65.96446" lon="15.90647">
        <time>2023-03-28T15:14:00Z</time>
      </trkpt>
      <trkpt lat="65.96446" lon="15.90647">
        <time>2023-03-28T15:14:00Z</time>
      </trkpt>
      <trkpt lat="65.96091" lon="15.92676">
        <time>2023-03-28T15:24:00Z</time>
      </trkpt>
      <trkpt lat="65.96091" lon="15.92676">
        <time>2023-03-28T15:24:00Z</time>
      </trkpt>
      <trkpt lat="65.96169" lon="15.94099">
        <time>2023-03-28T15:34:00Z</time>
      </trkpt>
      <trkpt lat="65.96169" lon="15.94099">
        <time>2023-03-28T15:34:00Z</time>
      </trkpt>
      <trkpt lat="65.96353" lon="15.95736">
        <time>2023-03-28T15:44:00Z</time>
      </trkpt>
      <trkpt lat="65.96353" lon="15.95736">
        <time>2023-03-28T15:44:00Z</time>
      </trkpt>
      <trkpt lat="65.9647" lon="15.98088">
        <time>2023-03-28T15:54:00Z</time>
      </trkpt>
      <trkpt lat="65.9647" lon="15.98088">
        <time>2023-03-28T15:54:00Z</time>
      </trkpt>
      <trkpt lat="65.96311" lon="16.00624">
        <time>2023-03-28T16:04:00Z</time>
      </trkpt>
      <trkpt lat="65.96311" lon="16.00624">
        <time>2023-03-28T16:04:00Z</time>
      </trkpt>
      <trkpt lat="65.963" lon="16.03008">
        <time>2023-03-28T16:14:00Z</time>
      </trkpt>
      <trkpt lat="65.963" lon="16.03008">
        <time>2023-03-28T16:14:00Z</time>
      </trkpt>
      <trkpt lat="65.96158" lon="16.05203">
        <time>2023-03-28T16:24:00Z</time>
      </trkpt>
      <trkpt lat="65.96158" lon="16.05203">
        <time>2023-03-28T16:24:00Z</time>
      </trkpt>
      <trkpt lat="65.9621" lon="16.06793">
        <time>2023-03-28T16:34:00Z</time>
      </trkpt>
      <trkpt lat="65.9621" lon="16.06793">
        <time>2023-03-28T16:34:00Z</time>
      </trkpt>
      <trkpt lat="65.96329" lon="16.07939">
        <time>2023-03-28T16:44:00Z</time>
      </trkpt>
      <trkpt lat="65.96329" lon="16.07939">
        <time>2023-03-28T16:44:00Z</time>
      </trkpt>
      <trkpt lat="65.96281" lon="16.10862">
        <time>2023-03-28T16:54:00Z</time>
      </trkpt>
      <trkpt lat="65.96281" lon="16.10862">
        <time>2023-03-28T16:54:00Z</time>
      </trkpt>
      <trkpt lat="65.95671" lon="16.14735">
        <time>2023-03-28T17:04:00Z</time>
      </trkpt>
      <trkpt lat="65.95671" lon="16.14735">
        <time>2023-03-28T17:04:00Z</time>
      </trkpt>
      <trkpt lat="65.95454" lon="16.16876">
        <time>2023-03-28T17:14:00Z</time>
      </trkpt>
      <trkpt lat="65.95454" lon="16.16876">
        <time>2023-03-28T17:14:00Z</time>
      </trkpt>
      <trkpt lat="65.95446" lon="16.19303">
        <time>2023-03-28T17:24:00Z</time>
      </trkpt>
      <trkpt lat="65.95446" lon="16.19303">
        <time>2023-03-28T17:24:00Z</time>
      </trkpt>
      <trkpt lat="65.95762" lon="16.20724">
        <time>2023-03-28T17:34:00Z</time>
      </trkpt>
      <trkpt lat="65.95762" lon="16.20724">
        <time>2023-03-28T17:34:00Z</time>
      </trkpt>
      <trkpt lat="65.95818" lon="16.21215">
        <time>2023-03-29T09:33:00Z</time>
      </trkpt>
      <trkpt lat="65.95818" lon="16.21215">
        <time>2023-03-29T09:33:00Z</time>
      </trkpt>
      <trkpt lat="65.96041" lon="16.22106">
        <time>2023-03-29T09:43:00Z</time>
      </trkpt>
      <trkpt lat="65.96041" lon="16.22106">
        <time>2023-03-29T09:43:00Z</time>
      </trkpt>
      <trkpt lat="65.96946" lon="16.20996">
        <time>2023-03-29T09:53:00Z</time>
      </trkpt>
      <trkpt lat="65.96946" lon="16.20996">
        <time>2023-03-29T09:53:00Z</time>
      </trkpt>
      <trkpt lat="65.97523" lon="16.21228">
        <time>2023-03-29T10:03:00Z</time>
      </trkpt>
      <trkpt lat="65.97523" lon="16.21228">
        <time>2023-03-29T10:03:00Z</time>
      </trkpt>
      <trkpt lat="65.98024" lon="16.20574">
        <time>2023-03-29T10:13:00Z</time>
      </trkpt>
      <trkpt lat="65.98024" lon="16.20574">
        <time>2023-03-29T10:13:00Z</time>
      </trkpt>
      <trkpt lat="65.98893" lon="16.20153">
        <time>2023-03-29T10:23:00Z</time>
      </trkpt>
      <trkpt lat="65.98893" lon="16.20153">
        <time>2023-03-29T10:23:00Z</time>
      </trkpt>
      <trkpt lat="65.99773" lon="16.19552">
        <time>2023-03-29T10:33:00Z</time>
      </trkpt>
      <trkpt lat="65.99773" lon="16.19552">
        <time>2023-03-29T10:33:00Z</time>
      </trkpt>
      <trkpt lat="66.00407" lon="16.19561">
        <time>2023-03-29T10:43:00Z</time>
      </trkpt>
      <trkpt lat="66.00407" lon="16.19561">
        <time>2023-03-29T10:43:00Z</time>
      </trkpt>
      <trkpt lat="66.01246" lon="16.19694">
        <time>2023-03-29T10:53:00Z</time>
      </trkpt>
      <trkpt lat="66.01246" lon="16.19694">
        <time>2023-03-29T10:53:00Z</time>
      </trkpt>
      <trkpt lat="66.02233" lon="16.19589">
        <time>2023-03-29T11:03:00Z</time>
      </trkpt>
      <trkpt lat="66.02233" lon="16.19589">
        <time>2023-03-29T11:03:00Z</time>
      </trkpt>
      <trkpt lat="66.03157" lon="16.18981">
        <time>2023-03-29T11:13:00Z</time>
      </trkpt>
      <trkpt lat="66.03157" lon="16.18981">
        <time>2023-03-29T11:13:00Z</time>
      </trkpt>
      <trkpt lat="66.03745" lon="16.18992">
        <time>2023-03-29T11:23:00Z</time>
      </trkpt>
      <trkpt lat="66.03745" lon="16.18992">
        <time>2023-03-29T11:23:00Z</time>
      </trkpt>
      <trkpt lat="66.0374" lon="16.18996">
        <time>2023-03-29T11:33:00Z</time>
      </trkpt>
      <trkpt lat="66.0374" lon="16.18996">
        <time>2023-03-29T11:33:00Z</time>
      </trkpt>
      <trkpt lat="66.03848" lon="16.19996">
        <time>2023-03-29T11:53:00Z</time>
      </trkpt>
      <trkpt lat="66.03848" lon="16.19996">
        <time>2023-03-29T11:53:00Z</time>
      </trkpt>
      <trkpt lat="66.03867" lon="16.21578">
        <time>2023-03-29T12:03:00Z</time>
      </trkpt>
      <trkpt lat="66.03867" lon="16.21578">
        <time>2023-03-29T12:03:00Z</time>
      </trkpt>
      <trkpt lat="66.03811" lon="16.22773">
        <time>2023-03-29T12:13:00Z</time>
      </trkpt>
      <trkpt lat="66.03811" lon="16.22773">
        <time>2023-03-29T12:13:00Z</time>
      </trkpt>
      <trkpt lat="66.03845" lon="16.2385">
        <time>2023-03-29T12:23:00Z</time>
      </trkpt>
      <trkpt lat="66.03845" lon="16.2385">
        <time>2023-03-29T12:23:00Z</time>
      </trkpt>
      <trkpt lat="66.03904" lon="16.24927">
        <time>2023-03-29T12:33:00Z</time>
      </trkpt>
      <trkpt lat="66.03904" lon="16.24927">
        <time>2023-03-29T12:33:00Z</time>
      </trkpt>
      <trkpt lat="66.04183" lon="16.25906">
        <time>2023-03-29T12:43:00Z</time>
      </trkpt>
      <trkpt lat="66.04183" lon="16.25906">
        <time>2023-03-29T12:43:00Z</time>
      </trkpt>
      <trkpt lat="66.04532" lon="16.26432">
        <time>2023-03-29T12:53:00Z</time>
      </trkpt>
      <trkpt lat="66.04532" lon="16.26432">
        <time>2023-03-29T12:53:00Z</time>
      </trkpt>
      <trkpt lat="66.05107" lon="16.26736">
        <time>2023-03-29T13:03:00Z</time>
      </trkpt>
      <trkpt lat="66.05107" lon="16.26736">
        <time>2023-03-29T13:03:00Z</time>
      </trkpt>
      <trkpt lat="66.05707" lon="16.2705">
        <time>2023-03-29T13:13:00Z</time>
      </trkpt>
      <trkpt lat="66.05707" lon="16.2705">
        <time>2023-03-29T13:13:00Z</time>
      </trkpt>
      <trkpt lat="66.06296" lon="16.27092">
        <time>2023-03-29T13:23:00Z</time>
      </trkpt>
      <trkpt lat="66.06296" lon="16.27092">
        <time>2023-03-29T13:23:00Z</time>
      </trkpt>
      <trkpt lat="66.07031" lon="16.27206">
        <time>2023-03-29T13:33:00Z</time>
      </trkpt>
      <trkpt lat="66.07031" lon="16.27206">
        <time>2023-03-29T13:33:00Z</time>
      </trkpt>
      <trkpt lat="66.07602" lon="16.2762">
        <time>2023-03-29T13:43:00Z</time>
      </trkpt>
      <trkpt lat="66.07602" lon="16.2762">
        <time>2023-03-29T13:43:00Z</time>
      </trkpt>
      <trkpt lat="66.07838" lon="16.27861">
        <time>2023-03-29T13:53:00Z</time>
      </trkpt>
      <trkpt lat="66.07838" lon="16.27861">
        <time>2023-03-29T13:53:00Z</time>
      </trkpt>
      <trkpt lat="66.08521" lon="16.28916">
        <time>2023-03-29T14:03:00Z</time>
      </trkpt>
      <trkpt lat="66.08521" lon="16.28916">
        <time>2023-03-29T14:03:00Z</time>
      </trkpt>
      <trkpt lat="66.09321" lon="16.30146">
        <time>2023-03-29T14:13:00Z</time>
      </trkpt>
      <trkpt lat="66.09321" lon="16.30146">
        <time>2023-03-29T14:13:00Z</time>
      </trkpt>
      <trkpt lat="66.10131" lon="16.31384">
        <time>2023-03-29T14:23:00Z</time>
      </trkpt>
      <trkpt lat="66.10131" lon="16.31384">
        <time>2023-03-29T14:23:00Z</time>
      </trkpt>
      <trkpt lat="66.10891" lon="16.32779">
        <time>2023-03-29T14:33:00Z</time>
      </trkpt>
      <trkpt lat="66.10891" lon="16.32779">
        <time>2023-03-29T14:33:00Z</time>
      </trkpt>
      <trkpt lat="66.11333" lon="16.33809">
        <time>2023-03-29T14:43:00Z</time>
      </trkpt>
      <trkpt lat="66.11333" lon="16.33809">
        <time>2023-03-29T14:43:00Z</time>
      </trkpt>
      <trkpt lat="66.12481" lon="16.3586">
        <time>2023-03-29T14:53:00Z</time>
      </trkpt>
      <trkpt lat="66.12481" lon="16.3586">
        <time>2023-03-29T14:53:00Z</time>
      </trkpt>
      <trkpt lat="66.13222" lon="16.35851">
        <time>2023-03-29T15:03:00Z</time>
      </trkpt>
      <trkpt lat="66.13222" lon="16.35851">
        <time>2023-03-29T15:03:00Z</time>
      </trkpt>
      <trkpt lat="66.14303" lon="16.35688">
        <time>2023-03-29T15:13:00Z</time>
      </trkpt>
      <trkpt lat="66.14303" lon="16.35688">
        <time>2023-03-29T15:13:00Z</time>
      </trkpt>
      <trkpt lat="66.15271" lon="16.35015">
        <time>2023-03-29T15:23:00Z</time>
      </trkpt>
      <trkpt lat="66.15271" lon="16.35015">
        <time>2023-03-29T15:23:00Z</time>
      </trkpt>
      <trkpt lat="66.16487" lon="16.35534">
        <time>2023-03-29T15:33:00Z</time>
      </trkpt>
      <trkpt lat="66.16487" lon="16.35534">
        <time>2023-03-29T15:33:00Z</time>
      </trkpt>
      <trkpt lat="66.16945" lon="16.35922">
        <time>2023-03-29T15:43:00Z</time>
      </trkpt>
      <trkpt lat="66.16945" lon="16.35922">
        <time>2023-03-29T15:43:00Z</time>
      </trkpt>
      <trkpt lat="66.16945" lon="16.35914">
        <time>2023-03-29T15:53:00Z</time>
      </trkpt>
      <trkpt lat="66.16945" lon="16.35914">
        <time>2023-03-29T15:53:00Z</time>
      </trkpt>
      <trkpt lat="66.17699" lon="16.3656">
        <time>2023-03-29T16:03:00Z</time>
      </trkpt>
      <trkpt lat="66.17699" lon="16.3656">
        <time>2023-03-29T16:03:00Z</time>
      </trkpt>
      <trkpt lat="66.18496" lon="16.37315">
        <time>2023-03-29T16:13:00Z</time>
      </trkpt>
      <trkpt lat="66.18496" lon="16.37315">
        <time>2023-03-29T16:13:00Z</time>
      </trkpt>
      <trkpt lat="66.19426" lon="16.38023">
        <time>2023-03-29T16:23:00Z</time>
      </trkpt>
      <trkpt lat="66.19426" lon="16.38023">
        <time>2023-03-29T16:23:00Z</time>
      </trkpt>
      <trkpt lat="66.19975" lon="16.38188">
        <time>2023-03-29T16:33:00Z</time>
      </trkpt>
      <trkpt lat="66.19975" lon="16.38188">
        <time>2023-03-29T16:33:00Z</time>
      </trkpt>
      <trkpt lat="66.20879" lon="16.37886">
        <time>2023-03-29T16:43:00Z</time>
      </trkpt>
      <trkpt lat="66.20879" lon="16.37886">
        <time>2023-03-29T16:43:00Z</time>
      </trkpt>
      <trkpt lat="66.20984" lon="16.37712">
        <time>2023-03-29T16:53:00Z</time>
      </trkpt>
      <trkpt lat="66.20984" lon="16.37712">
        <time>2023-03-29T16:53:00Z</time>
      </trkpt>
      <trkpt lat="66.21663" lon="16.37729">
        <time>2023-03-29T17:03:00Z</time>
      </trkpt>
      <trkpt lat="66.21663" lon="16.37729">
        <time>2023-03-29T17:03:00Z</time>
      </trkpt>
      <trkpt lat="66.22341" lon="16.38227">
        <time>2023-03-29T17:13:00Z</time>
      </trkpt>
      <trkpt lat="66.22341" lon="16.38227">
        <time>2023-03-29T17:13:00Z</time>
      </trkpt>
      <trkpt lat="66.23214" lon="16.3915">
        <time>2023-03-29T17:23:00Z</time>
      </trkpt>
      <trkpt lat="66.23214" lon="16.3915">
        <time>2023-03-29T17:23:00Z</time>
      </trkpt>
      <trkpt lat="66.23632" lon="16.38989">
        <time>2023-03-29T17:33:00Z</time>
      </trkpt>
      <trkpt lat="66.23632" lon="16.38989">
        <time>2023-03-29T17:33:00Z</time>
      </trkpt>
      <trkpt lat="66.24534" lon="16.37971">
        <time>2023-03-29T17:43:00Z</time>
      </trkpt>
      <trkpt lat="66.24534" lon="16.37971">
        <time>2023-03-29T17:43:00Z</time>
      </trkpt>
      <trkpt lat="66.25094" lon="16.3816">
        <time>2023-03-29T17:53:00Z</time>
      </trkpt>
      <trkpt lat="66.25094" lon="16.3816">
        <time>2023-03-29T17:53:00Z</time>
      </trkpt>
      <trkpt lat="66.25755" lon="16.38763">
        <time>2023-03-29T18:03:00Z</time>
      </trkpt>
      <trkpt lat="66.25755" lon="16.38763">
        <time>2023-03-29T18:03:00Z</time>
      </trkpt>
      <trkpt lat="66.2641" lon="16.39285">
        <time>2023-03-29T18:13:00Z</time>
      </trkpt>
      <trkpt lat="66.2641" lon="16.39285">
        <time>2023-03-29T18:13:00Z</time>
      </trkpt>
      <trkpt lat="66.26914" lon="16.41516">
        <time>2023-03-29T18:23:00Z</time>
      </trkpt>
      <trkpt lat="66.26914" lon="16.41516">
        <time>2023-03-29T18:23:00Z</time>
      </trkpt>
      <trkpt lat="66.27619" lon="16.44739">
        <time>2023-03-29T18:33:00Z</time>
      </trkpt>
      <trkpt lat="66.27619" lon="16.44739">
        <time>2023-03-29T18:33:00Z</time>
      </trkpt>
      <trkpt lat="66.28334" lon="16.4911">
        <time>2023-03-29T18:43:00Z</time>
      </trkpt>
      <trkpt lat="66.28334" lon="16.4911">
        <time>2023-03-29T18:43:00Z</time>
      </trkpt>
      <trkpt lat="66.28197" lon="16.51432">
        <time>2023-03-29T18:53:00Z</time>
      </trkpt>
      <trkpt lat="66.28197" lon="16.51432">
        <time>2023-03-29T18:53:00Z</time>
      </trkpt>
      <trkpt lat="66.28243" lon="16.53915">
        <time>2023-03-29T19:03:00Z</time>
      </trkpt>
      <trkpt lat="66.28243" lon="16.53915">
        <time>2023-03-29T19:03:00Z</time>
      </trkpt>
      <trkpt lat="66.28554" lon="16.55365">
        <time>2023-03-29T19:13:00Z</time>
      </trkpt>
      <trkpt lat="66.28554" lon="16.55365">
        <time>2023-03-29T19:13:00Z</time>
      </trkpt>
      <trkpt lat="66.28682" lon="16.55429">
        <time>2023-03-29T19:23:00Z</time>
      </trkpt>
      <trkpt lat="66.28682" lon="16.55429">
        <time>2023-03-29T19:23:00Z</time>
      </trkpt>
      <trkpt lat="66.28673" lon="16.55423">
        <time>2023-03-29T19:29:00Z</time>
      </trkpt>
      <trkpt lat="66.28673" lon="16.55423">
        <time>2023-03-29T19:29:00Z</time>
      </trkpt>
      <trkpt lat="66.28567" lon="16.55384">
        <time>2023-03-30T08:55:00Z</time>
      </trkpt>
      <trkpt lat="66.28567" lon="16.55384">
        <time>2023-03-30T08:55:00Z</time>
      </trkpt>
      <trkpt lat="66.28288" lon="16.57788">
        <time>2023-03-30T09:05:00Z</time>
      </trkpt>
      <trkpt lat="66.28288" lon="16.57788">
        <time>2023-03-30T09:05:00Z</time>
      </trkpt>
      <trkpt lat="66.28708" lon="16.59824">
        <time>2023-03-30T09:15:00Z</time>
      </trkpt>
      <trkpt lat="66.28708" lon="16.59824">
        <time>2023-03-30T09:15:00Z</time>
      </trkpt>
      <trkpt lat="66.28291" lon="16.62272">
        <time>2023-03-30T09:25:00Z</time>
      </trkpt>
      <trkpt lat="66.28291" lon="16.62272">
        <time>2023-03-30T09:25:00Z</time>
      </trkpt>
      <trkpt lat="66.27889" lon="16.64738">
        <time>2023-03-30T09:35:00Z</time>
      </trkpt>
      <trkpt lat="66.27889" lon="16.64738">
        <time>2023-03-30T09:35:00Z</time>
      </trkpt>
      <trkpt lat="66.27875" lon="16.65886">
        <time>2023-03-30T09:45:00Z</time>
      </trkpt>
      <trkpt lat="66.27875" lon="16.65886">
        <time>2023-03-30T09:45:00Z</time>
      </trkpt>
      <trkpt lat="66.28083" lon="16.66214">
        <time>2023-03-30T09:55:00Z</time>
      </trkpt>
      <trkpt lat="66.28083" lon="16.66214">
        <time>2023-03-30T09:55:00Z</time>
      </trkpt>
      <trkpt lat="66.28725" lon="16.66678">
        <time>2023-03-30T10:05:00Z</time>
      </trkpt>
      <trkpt lat="66.28725" lon="16.66678">
        <time>2023-03-30T10:05:00Z</time>
      </trkpt>
      <trkpt lat="66.28875" lon="16.67193">
        <time>2023-03-30T10:15:00Z</time>
      </trkpt>
      <trkpt lat="66.28875" lon="16.67193">
        <time>2023-03-30T10:15:00Z</time>
      </trkpt>
      <trkpt lat="66.29444" lon="16.67375">
        <time>2023-03-30T10:25:00Z</time>
      </trkpt>
      <trkpt lat="66.29444" lon="16.67375">
        <time>2023-03-30T10:25:00Z</time>
      </trkpt>
      <trkpt lat="66.3012" lon="16.6777">
        <time>2023-03-30T10:35:00Z</time>
      </trkpt>
      <trkpt lat="66.3012" lon="16.6777">
        <time>2023-03-30T10:35:00Z</time>
      </trkpt>
      <trkpt lat="66.30692" lon="16.68328">
        <time>2023-03-30T10:45:00Z</time>
      </trkpt>
      <trkpt lat="66.30692" lon="16.68328">
        <time>2023-03-30T10:45:00Z</time>
      </trkpt>
      <trkpt lat="66.31171" lon="16.69729">
        <time>2023-03-30T10:55:00Z</time>
      </trkpt>
      <trkpt lat="66.31171" lon="16.69729">
        <time>2023-03-30T10:55:00Z</time>
      </trkpt>
      <trkpt lat="66.32046" lon="16.70785">
        <time>2023-03-30T11:05:00Z</time>
      </trkpt>
      <trkpt lat="66.32046" lon="16.70785">
        <time>2023-03-30T11:05:00Z</time>
      </trkpt>
      <trkpt lat="66.32246" lon="16.72512">
        <time>2023-03-30T11:15:00Z</time>
      </trkpt>
      <trkpt lat="66.32246" lon="16.72512">
        <time>2023-03-30T11:15:00Z</time>
      </trkpt>
      <trkpt lat="66.32498" lon="16.74722">
        <time>2023-03-30T11:25:00Z</time>
      </trkpt>
      <trkpt lat="66.32498" lon="16.74722">
        <time>2023-03-30T11:25:00Z</time>
      </trkpt>
      <trkpt lat="66.32791" lon="16.76087">
        <time>2023-03-30T11:35:00Z</time>
      </trkpt>
      <trkpt lat="66.32791" lon="16.76087">
        <time>2023-03-30T11:35:00Z</time>
      </trkpt>
      <trkpt lat="66.33298" lon="16.77454">
        <time>2023-03-30T11:45:00Z</time>
      </trkpt>
      <trkpt lat="66.33298" lon="16.77454">
        <time>2023-03-30T11:45:00Z</time>
      </trkpt>
      <trkpt lat="66.33629" lon="16.78857">
        <time>2023-03-30T11:55:00Z</time>
      </trkpt>
      <trkpt lat="66.33629" lon="16.78857">
        <time>2023-03-30T11:55:00Z</time>
      </trkpt>
      <trkpt lat="66.34157" lon="16.80576">
        <time>2023-03-30T12:05:00Z</time>
      </trkpt>
      <trkpt lat="66.34157" lon="16.80576">
        <time>2023-03-30T12:05:00Z</time>
      </trkpt>
      <trkpt lat="66.34487" lon="16.8088">
        <time>2023-03-30T12:15:00Z</time>
      </trkpt>
      <trkpt lat="66.34487" lon="16.8088">
        <time>2023-03-30T12:15:00Z</time>
      </trkpt>
      <trkpt lat="66.34891" lon="16.82161">
        <time>2023-03-30T12:25:00Z</time>
      </trkpt>
      <trkpt lat="66.34891" lon="16.82161">
        <time>2023-03-30T12:25:00Z</time>
      </trkpt>
      <trkpt lat="66.35111" lon="16.83492">
        <time>2023-03-30T12:35:00Z</time>
      </trkpt>
      <trkpt lat="66.35111" lon="16.83492">
        <time>2023-03-30T12:35:00Z</time>
      </trkpt>
      <trkpt lat="66.35226" lon="16.84586">
        <time>2023-03-30T12:45:00Z</time>
      </trkpt>
      <trkpt lat="66.35226" lon="16.84586">
        <time>2023-03-30T12:45:00Z</time>
      </trkpt>
      <trkpt lat="66.35423" lon="16.85781">
        <time>2023-03-30T12:55:00Z</time>
      </trkpt>
      <trkpt lat="66.35423" lon="16.85781">
        <time>2023-03-30T12:55:00Z</time>
      </trkpt>
      <trkpt lat="66.35728" lon="16.87616">
        <time>2023-03-30T13:05:00Z</time>
      </trkpt>
      <trkpt lat="66.35728" lon="16.87616">
        <time>2023-03-30T13:05:00Z</time>
      </trkpt>
      <trkpt lat="66.35936" lon="16.89487">
        <time>2023-03-30T13:15:00Z</time>
      </trkpt>
      <trkpt lat="66.35936" lon="16.89487">
        <time>2023-03-30T13:15:00Z</time>
      </trkpt>
      <trkpt lat="66.36952" lon="16.91139">
        <time>2023-03-30T13:25:00Z</time>
      </trkpt>
      <trkpt lat="66.36952" lon="16.91139">
        <time>2023-03-30T13:25:00Z</time>
      </trkpt>
      <trkpt lat="66.38062" lon="16.9486">
        <time>2023-03-30T13:35:00Z</time>
      </trkpt>
      <trkpt lat="66.38062" lon="16.9486">
        <time>2023-03-30T13:35:00Z</time>
      </trkpt>
      <trkpt lat="66.38583" lon="16.96469">
        <time>2023-03-30T13:45:00Z</time>
      </trkpt>
      <trkpt lat="66.38583" lon="16.96469">
        <time>2023-03-30T13:45:00Z</time>
      </trkpt>
      <trkpt lat="66.38978" lon="16.96506">
        <time>2023-03-30T13:55:00Z</time>
      </trkpt>
      <trkpt lat="66.38978" lon="16.96506">
        <time>2023-03-30T13:55:00Z</time>
      </trkpt>
      <trkpt lat="66.39022" lon="16.96564">
        <time>2023-03-30T14:35:00Z</time>
      </trkpt>
      <trkpt lat="66.39022" lon="16.96564">
        <time>2023-03-30T14:35:00Z</time>
      </trkpt>
      <trkpt lat="66.3892" lon="16.96437">
        <time>2023-03-30T15:55:00Z</time>
      </trkpt>
      <trkpt lat="66.3892" lon="16.96437">
        <time>2023-03-30T15:55:00Z</time>
      </trkpt>
      <trkpt lat="66.38538" lon="16.97467">
        <time>2023-03-30T16:05:00Z</time>
      </trkpt>
      <trkpt lat="66.38538" lon="16.97467">
        <time>2023-03-30T16:05:00Z</time>
      </trkpt>
      <trkpt lat="66.38761" lon="16.9986">
        <time>2023-03-30T16:15:00Z</time>
      </trkpt>
      <trkpt lat="66.38761" lon="16.9986">
        <time>2023-03-30T16:15:00Z</time>
      </trkpt>
      <trkpt lat="66.39081" lon="17.02154">
        <time>2023-03-30T16:25:00Z</time>
      </trkpt>
      <trkpt lat="66.39081" lon="17.02154">
        <time>2023-03-30T16:25:00Z</time>
      </trkpt>
      <trkpt lat="66.39567" lon="17.02943">
        <time>2023-03-30T16:35:00Z</time>
      </trkpt>
      <trkpt lat="66.39567" lon="17.02943">
        <time>2023-03-30T16:35:00Z</time>
      </trkpt>
      <trkpt lat="66.39545" lon="17.0281">
        <time>2023-03-30T16:42:00Z</time>
      </trkpt>
      <trkpt lat="66.39545" lon="17.0281">
        <time>2023-03-30T16:42:00Z</time>
      </trkpt>
      <trkpt lat="66.39551" lon="17.02808">
        <time>2023-03-31T08:15:00Z</time>
      </trkpt>
      <trkpt lat="66.39551" lon="17.02808">
        <time>2023-03-31T08:15:00Z</time>
      </trkpt>
      <trkpt lat="66.39294" lon="17.03791">
        <time>2023-03-31T08:25:00Z</time>
      </trkpt>
      <trkpt lat="66.39294" lon="17.03791">
        <time>2023-03-31T08:25:00Z</time>
      </trkpt>
      <trkpt lat="66.39603" lon="17.06293">
        <time>2023-03-31T08:35:00Z</time>
      </trkpt>
      <trkpt lat="66.39603" lon="17.06293">
        <time>2023-03-31T08:35:00Z</time>
      </trkpt>
      <trkpt lat="66.39832" lon="17.08434">
        <time>2023-03-31T08:45:00Z</time>
      </trkpt>
      <trkpt lat="66.39832" lon="17.08434">
        <time>2023-03-31T08:45:00Z</time>
      </trkpt>
      <trkpt lat="66.40083" lon="17.10777">
        <time>2023-03-31T08:55:00Z</time>
      </trkpt>
      <trkpt lat="66.40083" lon="17.10777">
        <time>2023-03-31T08:55:00Z</time>
      </trkpt>
      <trkpt lat="66.40332" lon="17.13148">
        <time>2023-03-31T09:05:00Z</time>
      </trkpt>
      <trkpt lat="66.40332" lon="17.13148">
        <time>2023-03-31T09:05:00Z</time>
      </trkpt>
      <trkpt lat="66.40347" lon="17.14959">
        <time>2023-03-31T09:15:00Z</time>
      </trkpt>
      <trkpt lat="66.40347" lon="17.14959">
        <time>2023-03-31T09:15:00Z</time>
      </trkpt>
      <trkpt lat="66.40346" lon="17.1497">
        <time>2023-03-31T09:25:00Z</time>
      </trkpt>
      <trkpt lat="66.40346" lon="17.1497">
        <time>2023-03-31T09:25:00Z</time>
      </trkpt>
      <trkpt lat="66.40639" lon="17.15792">
        <time>2023-03-31T09:55:00Z</time>
      </trkpt>
      <trkpt lat="66.40639" lon="17.15792">
        <time>2023-03-31T09:55:00Z</time>
      </trkpt>
      <trkpt lat="66.4093" lon="17.17255">
        <time>2023-03-31T10:05:00Z</time>
      </trkpt>
      <trkpt lat="66.4093" lon="17.17255">
        <time>2023-03-31T10:05:00Z</time>
      </trkpt>
      <trkpt lat="66.40689" lon="17.1894">
        <time>2023-03-31T10:15:00Z</time>
      </trkpt>
      <trkpt lat="66.40689" lon="17.1894">
        <time>2023-03-31T10:15:00Z</time>
      </trkpt>
      <trkpt lat="66.4138" lon="17.18959">
        <time>2023-03-31T10:25:00Z</time>
      </trkpt>
      <trkpt lat="66.4138" lon="17.18959">
        <time>2023-03-31T10:25:00Z</time>
      </trkpt>
      <trkpt lat="66.41954" lon="17.18674">
        <time>2023-03-31T10:35:00Z</time>
      </trkpt>
      <trkpt lat="66.41954" lon="17.18674">
        <time>2023-03-31T10:35:00Z</time>
      </trkpt>
      <trkpt lat="66.42415" lon="17.18719">
        <time>2023-03-31T10:45:00Z</time>
      </trkpt>
      <trkpt lat="66.42415" lon="17.18719">
        <time>2023-03-31T10:45:00Z</time>
      </trkpt>
      <trkpt lat="66.42822" lon="17.18938">
        <time>2023-03-31T10:55:00Z</time>
      </trkpt>
      <trkpt lat="66.42822" lon="17.18938">
        <time>2023-03-31T10:55:00Z</time>
      </trkpt>
      <trkpt lat="66.43198" lon="17.19584">
        <time>2023-03-31T11:05:00Z</time>
      </trkpt>
      <trkpt lat="66.43198" lon="17.19584">
        <time>2023-03-31T11:05:00Z</time>
      </trkpt>
      <trkpt lat="66.43334" lon="17.20526">
        <time>2023-03-31T11:15:00Z</time>
      </trkpt>
      <trkpt lat="66.43334" lon="17.20526">
        <time>2023-03-31T11:15:00Z</time>
      </trkpt>
      <trkpt lat="66.43767" lon="17.23101">
        <time>2023-03-31T11:25:00Z</time>
      </trkpt>
      <trkpt lat="66.43767" lon="17.23101">
        <time>2023-03-31T11:25:00Z</time>
      </trkpt>
      <trkpt lat="66.44343" lon="17.25231">
        <time>2023-03-31T11:35:00Z</time>
      </trkpt>
      <trkpt lat="66.44343" lon="17.25231">
        <time>2023-03-31T11:35:00Z</time>
      </trkpt>
      <trkpt lat="66.44377" lon="17.25641">
        <time>2023-03-31T11:45:00Z</time>
      </trkpt>
      <trkpt lat="66.44377" lon="17.25641">
        <time>2023-03-31T11:45:00Z</time>
      </trkpt>
      <trkpt lat="66.45041" lon="17.24723">
        <time>2023-03-31T11:55:00Z</time>
      </trkpt>
      <trkpt lat="66.45041" lon="17.24723">
        <time>2023-03-31T11:55:00Z</time>
      </trkpt>
      <trkpt lat="66.45781" lon="17.24345">
        <time>2023-03-31T12:05:00Z</time>
      </trkpt>
      <trkpt lat="66.45781" lon="17.24345">
        <time>2023-03-31T12:05:00Z</time>
      </trkpt>
      <trkpt lat="66.46515" lon="17.24079">
        <time>2023-03-31T12:15:00Z</time>
      </trkpt>
      <trkpt lat="66.46515" lon="17.24079">
        <time>2023-03-31T12:15:00Z</time>
      </trkpt>
      <trkpt lat="66.47318" lon="17.23809">
        <time>2023-03-31T12:25:00Z</time>
      </trkpt>
      <trkpt lat="66.47318" lon="17.23809">
        <time>2023-03-31T12:25:00Z</time>
      </trkpt>
      <trkpt lat="66.48124" lon="17.23519">
        <time>2023-03-31T12:35:00Z</time>
      </trkpt>
      <trkpt lat="66.48124" lon="17.23519">
        <time>2023-03-31T12:35:00Z</time>
      </trkpt>
      <trkpt lat="66.48952" lon="17.23229">
        <time>2023-03-31T12:45:00Z</time>
      </trkpt>
      <trkpt lat="66.48952" lon="17.23229">
        <time>2023-03-31T12:45:00Z</time>
      </trkpt>
      <trkpt lat="66.49006" lon="17.2315">
        <time>2023-03-31T12:55:00Z</time>
      </trkpt>
      <trkpt lat="66.49006" lon="17.2315">
        <time>2023-03-31T12:55:00Z</time>
      </trkpt>
      <trkpt lat="66.49472" lon="17.23169">
        <time>2023-03-31T13:55:00Z</time>
      </trkpt>
      <trkpt lat="66.49472" lon="17.23169">
        <time>2023-03-31T13:55:00Z</time>
      </trkpt>
      <trkpt lat="66.50052" lon="17.23545">
        <time>2023-03-31T14:05:00Z</time>
      </trkpt>
      <trkpt lat="66.50052" lon="17.23545">
        <time>2023-03-31T14:05:00Z</time>
      </trkpt>
      <trkpt lat="66.5065" lon="17.23985">
        <time>2023-03-31T14:15:00Z</time>
      </trkpt>
      <trkpt lat="66.5065" lon="17.23985">
        <time>2023-03-31T14:15:00Z</time>
      </trkpt>
      <trkpt lat="66.51396" lon="17.24251">
        <time>2023-03-31T14:25:00Z</time>
      </trkpt>
      <trkpt lat="66.51396" lon="17.24251">
        <time>2023-03-31T14:25:00Z</time>
      </trkpt>
      <trkpt lat="66.52165" lon="17.24126">
        <time>2023-03-31T14:35:00Z</time>
      </trkpt>
      <trkpt lat="66.52165" lon="17.24126">
        <time>2023-03-31T14:35:00Z</time>
      </trkpt>
      <trkpt lat="66.52903" lon="17.24182">
        <time>2023-03-31T14:45:00Z</time>
      </trkpt>
      <trkpt lat="66.52903" lon="17.24182">
        <time>2023-03-31T14:45:00Z</time>
      </trkpt>
      <trkpt lat="66.53516" lon="17.23916">
        <time>2023-03-31T14:55:00Z</time>
      </trkpt>
      <trkpt lat="66.53516" lon="17.23916">
        <time>2023-03-31T14:55:00Z</time>
      </trkpt>
      <trkpt lat="66.54206" lon="17.23171">
        <time>2023-03-31T15:05:00Z</time>
      </trkpt>
      <trkpt lat="66.54206" lon="17.23171">
        <time>2023-03-31T15:05:00Z</time>
      </trkpt>
      <trkpt lat="66.54986" lon="17.23015">
        <time>2023-03-31T15:15:00Z</time>
      </trkpt>
      <trkpt lat="66.54986" lon="17.23015">
        <time>2023-03-31T15:15:00Z</time>
      </trkpt>
      <trkpt lat="66.55659" lon="17.22822">
        <time>2023-03-31T15:25:00Z</time>
      </trkpt>
      <trkpt lat="66.55659" lon="17.22822">
        <time>2023-03-31T15:25:00Z</time>
      </trkpt>
      <trkpt lat="66.56231" lon="17.2318">
        <time>2023-03-31T15:35:00Z</time>
      </trkpt>
      <trkpt lat="66.56231" lon="17.2318">
        <time>2023-03-31T15:35:00Z</time>
      </trkpt>
      <trkpt lat="66.56542" lon="17.24083">
        <time>2023-03-31T15:45:00Z</time>
      </trkpt>
      <trkpt lat="66.56542" lon="17.24083">
        <time>2023-03-31T15:45:00Z</time>
      </trkpt>
      <trkpt lat="66.56417" lon="17.25156">
        <time>2023-03-31T15:55:00Z</time>
      </trkpt>
      <trkpt lat="66.56417" lon="17.25156">
        <time>2023-03-31T15:55:00Z</time>
      </trkpt>
      <trkpt lat="66.56365" lon="17.2595">
        <time>2023-03-31T16:05:00Z</time>
      </trkpt>
      <trkpt lat="66.56365" lon="17.2595">
        <time>2023-03-31T16:05:00Z</time>
      </trkpt>
      <trkpt lat="66.56218" lon="17.26171">
        <time>2023-03-31T16:09:00Z</time>
      </trkpt>
      <trkpt lat="66.56218" lon="17.26171">
        <time>2023-03-31T16:09:00Z</time>
      </trkpt>
      <trkpt lat="66.56227" lon="17.26143">
        <time>2023-04-01T08:36:00Z</time>
      </trkpt>
      <trkpt lat="66.56227" lon="17.26143">
        <time>2023-04-01T08:36:00Z</time>
      </trkpt>
      <trkpt lat="66.56512" lon="17.26723">
        <time>2023-04-01T08:46:00Z</time>
      </trkpt>
      <trkpt lat="66.56512" lon="17.26723">
        <time>2023-04-01T08:46:00Z</time>
      </trkpt>
      <trkpt lat="66.56283" lon="17.28656">
        <time>2023-04-01T08:56:00Z</time>
      </trkpt>
      <trkpt lat="66.56283" lon="17.28656">
        <time>2023-04-01T08:56:00Z</time>
      </trkpt>
      <trkpt lat="66.56037" lon="17.30209">
        <time>2023-04-01T09:06:00Z</time>
      </trkpt>
      <trkpt lat="66.56037" lon="17.30209">
        <time>2023-04-01T09:06:00Z</time>
      </trkpt>
      <trkpt lat="66.55745" lon="17.32091">
        <time>2023-04-01T09:16:00Z</time>
      </trkpt>
      <trkpt lat="66.55745" lon="17.32091">
        <time>2023-04-01T09:16:00Z</time>
      </trkpt>
      <trkpt lat="66.55416" lon="17.33724">
        <time>2023-04-01T09:26:00Z</time>
      </trkpt>
      <trkpt lat="66.55416" lon="17.33724">
        <time>2023-04-01T09:26:00Z</time>
      </trkpt>
      <trkpt lat="66.5544" lon="17.35085">
        <time>2023-04-01T09:36:00Z</time>
      </trkpt>
      <trkpt lat="66.5544" lon="17.35085">
        <time>2023-04-01T09:36:00Z</time>
      </trkpt>
      <trkpt lat="66.55474" lon="17.37275">
        <time>2023-04-01T09:46:00Z</time>
      </trkpt>
      <trkpt lat="66.55474" lon="17.37275">
        <time>2023-04-01T09:46:00Z</time>
      </trkpt>
      <trkpt lat="66.55666" lon="17.38694">
        <time>2023-04-01T09:56:00Z</time>
      </trkpt>
      <trkpt lat="66.55666" lon="17.38694">
        <time>2023-04-01T09:56:00Z</time>
      </trkpt>
      <trkpt lat="66.56122" lon="17.39067">
        <time>2023-04-01T10:06:00Z</time>
      </trkpt>
      <trkpt lat="66.56122" lon="17.39067">
        <time>2023-04-01T10:06:00Z</time>
      </trkpt>
      <trkpt lat="66.56668" lon="17.39619">
        <time>2023-04-01T10:16:00Z</time>
      </trkpt>
      <trkpt lat="66.56668" lon="17.39619">
        <time>2023-04-01T10:16:00Z</time>
      </trkpt>
      <trkpt lat="66.57418" lon="17.39938">
        <time>2023-04-01T10:26:00Z</time>
      </trkpt>
      <trkpt lat="66.57418" lon="17.39938">
        <time>2023-04-01T10:26:00Z</time>
      </trkpt>
      <trkpt lat="66.58176" lon="17.39586">
        <time>2023-04-01T10:36:00Z</time>
      </trkpt>
      <trkpt lat="66.58176" lon="17.39586">
        <time>2023-04-01T10:36:00Z</time>
      </trkpt>
      <trkpt lat="66.59352" lon="17.38655">
        <time>2023-04-01T10:46:00Z</time>
      </trkpt>
      <trkpt lat="66.59352" lon="17.38655">
        <time>2023-04-01T10:46:00Z</time>
      </trkpt>
      <trkpt lat="66.59667" lon="17.39503">
        <time>2023-04-01T10:56:00Z</time>
      </trkpt>
      <trkpt lat="66.59667" lon="17.39503">
        <time>2023-04-01T10:56:00Z</time>
      </trkpt>
      <trkpt lat="66.60357" lon="17.39035">
        <time>2023-04-01T11:06:00Z</time>
      </trkpt>
      <trkpt lat="66.60357" lon="17.39035">
        <time>2023-04-01T11:06:00Z</time>
      </trkpt>
      <trkpt lat="66.61176" lon="17.37604">
        <time>2023-04-01T11:16:00Z</time>
      </trkpt>
      <trkpt lat="66.61176" lon="17.37604">
        <time>2023-04-01T11:16:00Z</time>
      </trkpt>
      <trkpt lat="66.61841" lon="17.37336">
        <time>2023-04-01T11:26:00Z</time>
      </trkpt>
      <trkpt lat="66.61841" lon="17.37336">
        <time>2023-04-01T11:26:00Z</time>
      </trkpt>
      <trkpt lat="66.62315" lon="17.3761">
        <time>2023-04-01T11:36:00Z</time>
      </trkpt>
      <trkpt lat="66.62315" lon="17.3761">
        <time>2023-04-01T11:36:00Z</time>
      </trkpt>
      <trkpt lat="66.6297" lon="17.38803">
        <time>2023-04-01T11:46:00Z</time>
      </trkpt>
      <trkpt lat="66.6297" lon="17.38803">
        <time>2023-04-01T11:46:00Z</time>
      </trkpt>
      <trkpt lat="66.63495" lon="17.39359">
        <time>2023-04-01T11:56:00Z</time>
      </trkpt>
      <trkpt lat="66.63495" lon="17.39359">
        <time>2023-04-01T11:56:00Z</time>
      </trkpt>
      <trkpt lat="66.6449" lon="17.39932">
        <time>2023-04-01T12:06:00Z</time>
      </trkpt>
      <trkpt lat="66.6449" lon="17.39932">
        <time>2023-04-01T12:06:00Z</time>
      </trkpt>
      <trkpt lat="66.65484" lon="17.40509">
        <time>2023-04-01T12:16:00Z</time>
      </trkpt>
      <trkpt lat="66.65484" lon="17.40509">
        <time>2023-04-01T12:16:00Z</time>
      </trkpt>
      <trkpt lat="66.65756" lon="17.41466">
        <time>2023-04-01T12:26:00Z</time>
      </trkpt>
      <trkpt lat="66.65756" lon="17.41466">
        <time>2023-04-01T12:26:00Z</time>
      </trkpt>
      <trkpt lat="66.66203" lon="17.41822">
        <time>2023-04-01T12:36:00Z</time>
      </trkpt>
      <trkpt lat="66.66203" lon="17.41822">
        <time>2023-04-01T12:36:00Z</time>
      </trkpt>
      <trkpt lat="66.66811" lon="17.43425">
        <time>2023-04-01T12:46:00Z</time>
      </trkpt>
      <trkpt lat="66.66811" lon="17.43425">
        <time>2023-04-01T12:46:00Z</time>
      </trkpt>
      <trkpt lat="66.67639" lon="17.43601">
        <time>2023-04-01T12:56:00Z</time>
      </trkpt>
      <trkpt lat="66.67639" lon="17.43601">
        <time>2023-04-01T12:56:00Z</time>
      </trkpt>
      <trkpt lat="66.68285" lon="17.4261">
        <time>2023-04-01T13:06:00Z</time>
      </trkpt>
      <trkpt lat="66.68285" lon="17.4261">
        <time>2023-04-01T13:06:00Z</time>
      </trkpt>
      <trkpt lat="66.69126" lon="17.41359">
        <time>2023-04-01T13:16:00Z</time>
      </trkpt>
      <trkpt lat="66.69126" lon="17.41359">
        <time>2023-04-01T13:16:00Z</time>
      </trkpt>
      <trkpt lat="66.70119" lon="17.39981">
        <time>2023-04-01T13:26:00Z</time>
      </trkpt>
      <trkpt lat="66.70119" lon="17.39981">
        <time>2023-04-01T13:26:00Z</time>
      </trkpt>
      <trkpt lat="66.70892" lon="17.389">
        <time>2023-04-01T13:36:00Z</time>
      </trkpt>
      <trkpt lat="66.70892" lon="17.389">
        <time>2023-04-01T13:36:00Z</time>
      </trkpt>
      <trkpt lat="66.71326" lon="17.39039">
        <time>2023-04-01T13:46:00Z</time>
      </trkpt>
      <trkpt lat="66.71326" lon="17.39039">
        <time>2023-04-01T13:46:00Z</time>
      </trkpt>
      <trkpt lat="66.71878" lon="17.39498">
        <time>2023-04-01T13:56:00Z</time>
      </trkpt>
      <trkpt lat="66.71878" lon="17.39498">
        <time>2023-04-01T13:56:00Z</time>
      </trkpt>
      <trkpt lat="66.7238" lon="17.39814">
        <time>2023-04-01T14:06:00Z</time>
      </trkpt>
      <trkpt lat="66.7238" lon="17.39814">
        <time>2023-04-01T14:06:00Z</time>
      </trkpt>
      <trkpt lat="66.72799" lon="17.39743">
        <time>2023-04-01T14:16:00Z</time>
      </trkpt>
      <trkpt lat="66.72799" lon="17.39743">
        <time>2023-04-01T14:16:00Z</time>
      </trkpt>
      <trkpt lat="66.73272" lon="17.39917">
        <time>2023-04-01T14:26:00Z</time>
      </trkpt>
      <trkpt lat="66.73272" lon="17.39917">
        <time>2023-04-01T14:26:00Z</time>
      </trkpt>
      <trkpt lat="66.73977" lon="17.40511">
        <time>2023-04-01T14:36:00Z</time>
      </trkpt>
      <trkpt lat="66.73977" lon="17.40511">
        <time>2023-04-01T14:36:00Z</time>
      </trkpt>
      <trkpt lat="66.74427" lon="17.41037">
        <time>2023-04-01T14:46:00Z</time>
      </trkpt>
      <trkpt lat="66.74427" lon="17.41037">
        <time>2023-04-01T14:46:00Z</time>
      </trkpt>
      <trkpt lat="66.74494" lon="17.41833">
        <time>2023-04-01T14:56:00Z</time>
      </trkpt>
      <trkpt lat="66.74494" lon="17.41833">
        <time>2023-04-01T14:56:00Z</time>
      </trkpt>
      <trkpt lat="66.7475" lon="17.43363">
        <time>2023-04-01T15:06:00Z</time>
      </trkpt>
      <trkpt lat="66.7475" lon="17.43363">
        <time>2023-04-01T15:06:00Z</time>
      </trkpt>
      <trkpt lat="66.75244" lon="17.45114">
        <time>2023-04-01T15:16:00Z</time>
      </trkpt>
      <trkpt lat="66.75244" lon="17.45114">
        <time>2023-04-01T15:16:00Z</time>
      </trkpt>
      <trkpt lat="66.75794" lon="17.46813">
        <time>2023-04-01T15:26:00Z</time>
      </trkpt>
      <trkpt lat="66.75794" lon="17.46813">
        <time>2023-04-01T15:26:00Z</time>
      </trkpt>
      <trkpt lat="66.76054" lon="17.47369">
        <time>2023-04-01T15:36:00Z</time>
      </trkpt>
      <trkpt lat="66.76054" lon="17.47369">
        <time>2023-04-01T15:36:00Z</time>
      </trkpt>
      <trkpt lat="66.76471" lon="17.48824">
        <time>2023-04-01T15:46:00Z</time>
      </trkpt>
      <trkpt lat="66.76471" lon="17.48824">
        <time>2023-04-01T15:46:00Z</time>
      </trkpt>
      <trkpt lat="66.76862" lon="17.49725">
        <time>2023-04-01T15:56:00Z</time>
      </trkpt>
      <trkpt lat="66.76862" lon="17.49725">
        <time>2023-04-01T15:56:00Z</time>
      </trkpt>
      <trkpt lat="66.77351" lon="17.50053">
        <time>2023-04-01T16:06:00Z</time>
      </trkpt>
      <trkpt lat="66.77351" lon="17.50053">
        <time>2023-04-01T16:06:00Z</time>
      </trkpt>
      <trkpt lat="66.77728" lon="17.51783">
        <time>2023-04-01T16:16:00Z</time>
      </trkpt>
      <trkpt lat="66.77728" lon="17.51783">
        <time>2023-04-01T16:16:00Z</time>
      </trkpt>
      <trkpt lat="66.77636" lon="17.53543">
        <time>2023-04-01T16:26:00Z</time>
      </trkpt>
      <trkpt lat="66.77636" lon="17.53543">
        <time>2023-04-01T16:26:00Z</time>
      </trkpt>
      <trkpt lat="66.77632" lon="17.53547">
        <time>2023-04-02T08:30:00Z</time>
      </trkpt>
      <trkpt lat="66.77632" lon="17.53547">
        <time>2023-04-02T08:30:00Z</time>
      </trkpt>
      <trkpt lat="66.78014" lon="17.54212">
        <time>2023-04-02T08:40:00Z</time>
      </trkpt>
      <trkpt lat="66.78014" lon="17.54212">
        <time>2023-04-02T08:40:00Z</time>
      </trkpt>
      <trkpt lat="66.78536" lon="17.55411">
        <time>2023-04-02T08:50:00Z</time>
      </trkpt>
      <trkpt lat="66.78536" lon="17.55411">
        <time>2023-04-02T08:50:00Z</time>
      </trkpt>
      <trkpt lat="66.79025" lon="17.5418">
        <time>2023-04-02T09:00:00Z</time>
      </trkpt>
      <trkpt lat="66.79025" lon="17.5418">
        <time>2023-04-02T09:00:00Z</time>
      </trkpt>
      <trkpt lat="66.79235" lon="17.53942">
        <time>2023-04-02T09:10:00Z</time>
      </trkpt>
      <trkpt lat="66.79235" lon="17.53942">
        <time>2023-04-02T09:10:00Z</time>
      </trkpt>
      <trkpt lat="66.79664" lon="17.53875">
        <time>2023-04-02T09:20:00Z</time>
      </trkpt>
      <trkpt lat="66.79664" lon="17.53875">
        <time>2023-04-02T09:20:00Z</time>
      </trkpt>
      <trkpt lat="66.80088" lon="17.5386">
        <time>2023-04-02T09:30:00Z</time>
      </trkpt>
      <trkpt lat="66.80088" lon="17.5386">
        <time>2023-04-02T09:30:00Z</time>
      </trkpt>
      <trkpt lat="66.8046" lon="17.54064">
        <time>2023-04-02T09:40:00Z</time>
      </trkpt>
      <trkpt lat="66.8046" lon="17.54064">
        <time>2023-04-02T09:40:00Z</time>
      </trkpt>
      <trkpt lat="66.80933" lon="17.54826">
        <time>2023-04-02T09:50:00Z</time>
      </trkpt>
      <trkpt lat="66.80933" lon="17.54826">
        <time>2023-04-02T09:50:00Z</time>
      </trkpt>
      <trkpt lat="66.81567" lon="17.55654">
        <time>2023-04-02T10:00:00Z</time>
      </trkpt>
      <trkpt lat="66.81567" lon="17.55654">
        <time>2023-04-02T10:00:00Z</time>
      </trkpt>
      <trkpt lat="66.82535" lon="17.57225">
        <time>2023-04-02T10:10:00Z</time>
      </trkpt>
      <trkpt lat="66.82535" lon="17.57225">
        <time>2023-04-02T10:10:00Z</time>
      </trkpt>
      <trkpt lat="66.83887" lon="17.58416">
        <time>2023-04-02T10:20:00Z</time>
      </trkpt>
      <trkpt lat="66.83887" lon="17.58416">
        <time>2023-04-02T10:20:00Z</time>
      </trkpt>
      <trkpt lat="66.84488" lon="17.58808">
        <time>2023-04-02T10:30:00Z</time>
      </trkpt>
      <trkpt lat="66.84488" lon="17.58808">
        <time>2023-04-02T10:30:00Z</time>
      </trkpt>
      <trkpt lat="66.85283" lon="17.59128">
        <time>2023-04-02T10:40:00Z</time>
      </trkpt>
      <trkpt lat="66.85283" lon="17.59128">
        <time>2023-04-02T10:40:00Z</time>
      </trkpt>
      <trkpt lat="66.85676" lon="17.59576">
        <time>2023-04-02T10:50:00Z</time>
      </trkpt>
      <trkpt lat="66.85676" lon="17.59576">
        <time>2023-04-02T10:50:00Z</time>
      </trkpt>
      <trkpt lat="66.86314" lon="17.59903">
        <time>2023-04-02T11:00:00Z</time>
      </trkpt>
      <trkpt lat="66.86314" lon="17.59903">
        <time>2023-04-02T11:00:00Z</time>
      </trkpt>
      <trkpt lat="66.86711" lon="17.60317">
        <time>2023-04-02T11:10:00Z</time>
      </trkpt>
      <trkpt lat="66.86711" lon="17.60317">
        <time>2023-04-02T11:10:00Z</time>
      </trkpt>
      <trkpt lat="66.87134" lon="17.61274">
        <time>2023-04-02T11:20:00Z</time>
      </trkpt>
      <trkpt lat="66.87134" lon="17.61274">
        <time>2023-04-02T11:20:00Z</time>
      </trkpt>
      <trkpt lat="66.87592" lon="17.6302">
        <time>2023-04-02T11:30:00Z</time>
      </trkpt>
      <trkpt lat="66.87592" lon="17.6302">
        <time>2023-04-02T11:30:00Z</time>
      </trkpt>
      <trkpt lat="66.87837" lon="17.64147">
        <time>2023-04-02T11:41:00Z</time>
      </trkpt>
      <trkpt lat="66.87837" lon="17.64147">
        <time>2023-04-02T11:41:00Z</time>
      </trkpt>
      <trkpt lat="66.87814" lon="17.65194">
        <time>2023-04-02T11:51:00Z</time>
      </trkpt>
      <trkpt lat="66.87814" lon="17.65194">
        <time>2023-04-02T11:51:00Z</time>
      </trkpt>
      <trkpt lat="66.88421" lon="17.65376">
        <time>2023-04-02T12:01:00Z</time>
      </trkpt>
      <trkpt lat="66.88421" lon="17.65376">
        <time>2023-04-02T12:01:00Z</time>
      </trkpt>
      <trkpt lat="66.88923" lon="17.65958">
        <time>2023-04-02T12:11:00Z</time>
      </trkpt>
      <trkpt lat="66.88923" lon="17.65958">
        <time>2023-04-02T12:11:00Z</time>
      </trkpt>
      <trkpt lat="66.89921" lon="17.67003">
        <time>2023-04-02T12:21:00Z</time>
      </trkpt>
      <trkpt lat="66.89921" lon="17.67003">
        <time>2023-04-02T12:21:00Z</time>
      </trkpt>
      <trkpt lat="66.90494" lon="17.66994">
        <time>2023-04-02T12:31:00Z</time>
      </trkpt>
      <trkpt lat="66.90494" lon="17.66994">
        <time>2023-04-02T12:31:00Z</time>
      </trkpt>
      <trkpt lat="66.91331" lon="17.67084">
        <time>2023-04-02T12:41:00Z</time>
      </trkpt>
      <trkpt lat="66.91331" lon="17.67084">
        <time>2023-04-02T12:41:00Z</time>
      </trkpt>
      <trkpt lat="66.92456" lon="17.66344">
        <time>2023-04-02T12:51:00Z</time>
      </trkpt>
      <trkpt lat="66.92456" lon="17.66344">
        <time>2023-04-02T12:51:00Z</time>
      </trkpt>
      <trkpt lat="66.92174" lon="17.68664">
        <time>2023-04-02T13:01:00Z</time>
      </trkpt>
      <trkpt lat="66.92174" lon="17.68664">
        <time>2023-04-02T13:01:00Z</time>
      </trkpt>
      <trkpt lat="66.92204" lon="17.7099">
        <time>2023-04-02T13:11:00Z</time>
      </trkpt>
      <trkpt lat="66.92204" lon="17.7099">
        <time>2023-04-02T13:11:00Z</time>
      </trkpt>
      <trkpt lat="66.92573" lon="17.71938">
        <time>2023-04-02T13:21:00Z</time>
      </trkpt>
      <trkpt lat="66.92573" lon="17.71938">
        <time>2023-04-02T13:21:00Z</time>
      </trkpt>
      <trkpt lat="66.93444" lon="17.72556">
        <time>2023-04-02T13:31:00Z</time>
      </trkpt>
      <trkpt lat="66.93444" lon="17.72556">
        <time>2023-04-02T13:31:00Z</time>
      </trkpt>
      <trkpt lat="66.94574" lon="17.72479">
        <time>2023-04-02T13:41:00Z</time>
      </trkpt>
      <trkpt lat="66.94574" lon="17.72479">
        <time>2023-04-02T13:41:00Z</time>
      </trkpt>
      <trkpt lat="66.95085" lon="17.72063">
        <time>2023-04-02T13:51:00Z</time>
      </trkpt>
      <trkpt lat="66.95085" lon="17.72063">
        <time>2023-04-02T13:51:00Z</time>
      </trkpt>
      <trkpt lat="66.9539" lon="17.71968">
        <time>2023-04-02T14:01:00Z</time>
      </trkpt>
      <trkpt lat="66.9539" lon="17.71968">
        <time>2023-04-02T14:01:00Z</time>
      </trkpt>
      <trkpt lat="66.95373" lon="17.71964">
        <time>2023-04-02T14:11:00Z</time>
      </trkpt>
      <trkpt lat="66.95373" lon="17.71964">
        <time>2023-04-02T14:11:00Z</time>
      </trkpt>
      <trkpt lat="66.956" lon="17.72037">
        <time>2023-04-02T15:01:00Z</time>
      </trkpt>
      <trkpt lat="66.956" lon="17.72037">
        <time>2023-04-02T15:01:00Z</time>
      </trkpt>
      <trkpt lat="66.96168" lon="17.72751">
        <time>2023-04-02T15:11:00Z</time>
      </trkpt>
      <trkpt lat="66.96168" lon="17.72751">
        <time>2023-04-02T15:11:00Z</time>
      </trkpt>
      <trkpt lat="66.96388" lon="17.73436">
        <time>2023-04-02T15:21:00Z</time>
      </trkpt>
      <trkpt lat="66.96388" lon="17.73436">
        <time>2023-04-02T15:21:00Z</time>
      </trkpt>
      <trkpt lat="66.96702" lon="17.74228">
        <time>2023-04-02T15:31:00Z</time>
      </trkpt>
      <trkpt lat="66.96702" lon="17.74228">
        <time>2023-04-02T15:31:00Z</time>
      </trkpt>
      <trkpt lat="66.97214" lon="17.75045">
        <time>2023-04-02T15:41:00Z</time>
      </trkpt>
      <trkpt lat="66.97214" lon="17.75045">
        <time>2023-04-02T15:41:00Z</time>
      </trkpt>
      <trkpt lat="66.97846" lon="17.75968">
        <time>2023-04-02T15:51:00Z</time>
      </trkpt>
      <trkpt lat="66.97846" lon="17.75968">
        <time>2023-04-02T15:51:00Z</time>
      </trkpt>
      <trkpt lat="66.98312" lon="17.76642">
        <time>2023-04-02T16:01:00Z</time>
      </trkpt>
      <trkpt lat="66.98312" lon="17.76642">
        <time>2023-04-02T16:01:00Z</time>
      </trkpt>
      <trkpt lat="66.98542" lon="17.78047">
        <time>2023-04-02T16:11:00Z</time>
      </trkpt>
      <trkpt lat="66.98542" lon="17.78047">
        <time>2023-04-02T16:11:00Z</time>
      </trkpt>
      <trkpt lat="66.99223" lon="17.78648">
        <time>2023-04-02T16:21:00Z</time>
      </trkpt>
      <trkpt lat="66.99223" lon="17.78648">
        <time>2023-04-02T16:21:00Z</time>
      </trkpt>
      <trkpt lat="66.9989" lon="17.79191">
        <time>2023-04-02T16:31:00Z</time>
      </trkpt>
      <trkpt lat="66.9989" lon="17.79191">
        <time>2023-04-02T16:31:00Z</time>
      </trkpt>
      <trkpt lat="67.0032" lon="17.78968">
        <time>2023-04-02T16:41:00Z</time>
      </trkpt>
      <trkpt lat="67.0032" lon="17.78968">
        <time>2023-04-02T16:41:00Z</time>
      </trkpt>
      <trkpt lat="67.01303" lon="17.79094">
        <time>2023-04-02T16:51:00Z</time>
      </trkpt>
      <trkpt lat="67.01303" lon="17.79094">
        <time>2023-04-02T16:51:00Z</time>
      </trkpt>
      <trkpt lat="67.01726" lon="17.79021">
        <time>2023-04-02T17:01:00Z</time>
      </trkpt>
      <trkpt lat="67.01726" lon="17.79021">
        <time>2023-04-02T17:01:00Z</time>
      </trkpt>
      <trkpt lat="67.02227" lon="17.80704">
        <time>2023-04-02T17:11:00Z</time>
      </trkpt>
      <trkpt lat="67.02227" lon="17.80704">
        <time>2023-04-02T17:11:00Z</time>
      </trkpt>
      <trkpt lat="67.02497" lon="17.82967">
        <time>2023-04-02T17:21:00Z</time>
      </trkpt>
      <trkpt lat="67.02497" lon="17.82967">
        <time>2023-04-02T17:21:00Z</time>
      </trkpt>
      <trkpt lat="67.02639" lon="17.85246">
        <time>2023-04-02T17:31:00Z</time>
      </trkpt>
      <trkpt lat="67.02639" lon="17.85246">
        <time>2023-04-02T17:31:00Z</time>
      </trkpt>
      <trkpt lat="67.03079" lon="17.87349">
        <time>2023-04-02T17:41:00Z</time>
      </trkpt>
      <trkpt lat="67.03079" lon="17.87349">
        <time>2023-04-02T17:41:00Z</time>
      </trkpt>
      <trkpt lat="67.03052" lon="17.89699">
        <time>2023-04-02T17:51:00Z</time>
      </trkpt>
      <trkpt lat="67.03052" lon="17.89699">
        <time>2023-04-02T17:51:00Z</time>
      </trkpt>
      <trkpt lat="67.0314" lon="17.91834">
        <time>2023-04-02T18:01:00Z</time>
      </trkpt>
      <trkpt lat="67.0314" lon="17.91834">
        <time>2023-04-02T18:01:00Z</time>
      </trkpt>
      <trkpt lat="67.03712" lon="17.94091">
        <time>2023-04-02T18:11:00Z</time>
      </trkpt>
      <trkpt lat="67.03712" lon="17.94091">
        <time>2023-04-02T18:11:00Z</time>
      </trkpt>
      <trkpt lat="67.04236" lon="17.94316">
        <time>2023-04-02T18:21:00Z</time>
      </trkpt>
      <trkpt lat="67.04236" lon="17.94316">
        <time>2023-04-02T18:21:00Z</time>
      </trkpt>
      <trkpt lat="67.04246" lon="17.94329">
        <time>2023-04-02T18:31:00Z</time>
      </trkpt>
      <trkpt lat="67.04246" lon="17.94329">
        <time>2023-04-02T18:31:00Z</time>
      </trkpt>
      <trkpt lat="67.04253" lon="17.94357">
        <time>2023-04-02T18:44:00Z</time>
      </trkpt>
      <trkpt lat="67.04253" lon="17.94357">
        <time>2023-04-02T18:44:00Z</time>
      </trkpt>
      <trkpt lat="67.0422" lon="17.94411">
        <time>2023-04-03T08:19:00Z</time>
      </trkpt>
      <trkpt lat="67.0422" lon="17.94411">
        <time>2023-04-03T08:19:00Z</time>
      </trkpt>
      <trkpt lat="67.04251" lon="17.95705">
        <time>2023-04-03T08:29:00Z</time>
      </trkpt>
      <trkpt lat="67.04251" lon="17.95705">
        <time>2023-04-03T08:29:00Z</time>
      </trkpt>
      <trkpt lat="67.04339" lon="17.97539">
        <time>2023-04-03T08:39:00Z</time>
      </trkpt>
      <trkpt lat="67.04339" lon="17.97539">
        <time>2023-04-03T08:39:00Z</time>
      </trkpt>
      <trkpt lat="67.04256" lon="17.9885">
        <time>2023-04-03T08:49:00Z</time>
      </trkpt>
      <trkpt lat="67.04256" lon="17.9885">
        <time>2023-04-03T08:49:00Z</time>
      </trkpt>
      <trkpt lat="67.04324" lon="18.01485">
        <time>2023-04-03T08:59:00Z</time>
      </trkpt>
      <trkpt lat="67.04324" lon="18.01485">
        <time>2023-04-03T08:59:00Z</time>
      </trkpt>
      <trkpt lat="67.04695" lon="18.03753">
        <time>2023-04-03T09:09:00Z</time>
      </trkpt>
      <trkpt lat="67.04695" lon="18.03753">
        <time>2023-04-03T09:09:00Z</time>
      </trkpt>
      <trkpt lat="67.04748" lon="18.06131">
        <time>2023-04-03T09:19:00Z</time>
      </trkpt>
      <trkpt lat="67.04748" lon="18.06131">
        <time>2023-04-03T09:19:00Z</time>
      </trkpt>
      <trkpt lat="67.05032" lon="18.0841">
        <time>2023-04-03T09:29:00Z</time>
      </trkpt>
      <trkpt lat="67.05032" lon="18.0841">
        <time>2023-04-03T09:29:00Z</time>
      </trkpt>
      <trkpt lat="67.05174" lon="18.10774">
        <time>2023-04-03T09:39:00Z</time>
      </trkpt>
      <trkpt lat="67.05174" lon="18.10774">
        <time>2023-04-03T09:39:00Z</time>
      </trkpt>
      <trkpt lat="67.05625" lon="18.12708">
        <time>2023-04-03T09:49:00Z</time>
      </trkpt>
      <trkpt lat="67.05625" lon="18.12708">
        <time>2023-04-03T09:49:00Z</time>
      </trkpt>
      <trkpt lat="67.05776" lon="18.14461">
        <time>2023-04-03T09:59:00Z</time>
      </trkpt>
      <trkpt lat="67.05776" lon="18.14461">
        <time>2023-04-03T09:59:00Z</time>
      </trkpt>
      <trkpt lat="67.05758" lon="18.146">
        <time>2023-04-03T10:09:00Z</time>
      </trkpt>
      <trkpt lat="67.05758" lon="18.146">
        <time>2023-04-03T10:09:00Z</time>
      </trkpt>
      <trkpt lat="67.05685" lon="18.16768">
        <time>2023-04-03T10:19:00Z</time>
      </trkpt>
      <trkpt lat="67.05685" lon="18.16768">
        <time>2023-04-03T10:19:00Z</time>
      </trkpt>
      <trkpt lat="67.05816" lon="18.19089">
        <time>2023-04-03T10:29:00Z</time>
      </trkpt>
      <trkpt lat="67.05816" lon="18.19089">
        <time>2023-04-03T10:29:00Z</time>
      </trkpt>
      <trkpt lat="67.06086" lon="18.20879">
        <time>2023-04-03T10:39:00Z</time>
      </trkpt>
      <trkpt lat="67.06086" lon="18.20879">
        <time>2023-04-03T10:39:00Z</time>
      </trkpt>
      <trkpt lat="67.0624" lon="18.23241">
        <time>2023-04-03T10:49:00Z</time>
      </trkpt>
      <trkpt lat="67.0624" lon="18.23241">
        <time>2023-04-03T10:49:00Z</time>
      </trkpt>
      <trkpt lat="67.06562" lon="18.25417">
        <time>2023-04-03T10:59:00Z</time>
      </trkpt>
      <trkpt lat="67.06562" lon="18.25417">
        <time>2023-04-03T10:59:00Z</time>
      </trkpt>
      <trkpt lat="67.07254" lon="18.27196">
        <time>2023-04-03T11:09:00Z</time>
      </trkpt>
      <trkpt lat="67.07254" lon="18.27196">
        <time>2023-04-03T11:09:00Z</time>
      </trkpt>
      <trkpt lat="67.07983" lon="18.28063">
        <time>2023-04-03T11:19:00Z</time>
      </trkpt>
      <trkpt lat="67.07983" lon="18.28063">
        <time>2023-04-03T11:19:00Z</time>
      </trkpt>
      <trkpt lat="67.08608" lon="18.28059">
        <time>2023-04-03T11:29:00Z</time>
      </trkpt>
      <trkpt lat="67.08608" lon="18.28059">
        <time>2023-04-03T11:29:00Z</time>
      </trkpt>
      <trkpt lat="67.09215" lon="18.27323">
        <time>2023-04-03T11:39:00Z</time>
      </trkpt>
      <trkpt lat="67.09215" lon="18.27323">
        <time>2023-04-03T11:39:00Z</time>
      </trkpt>
      <trkpt lat="67.10003" lon="18.27297">
        <time>2023-04-03T11:49:00Z</time>
      </trkpt>
      <trkpt lat="67.10003" lon="18.27297">
        <time>2023-04-03T11:49:00Z</time>
      </trkpt>
      <trkpt lat="67.10882" lon="18.27803">
        <time>2023-04-03T11:59:00Z</time>
      </trkpt>
      <trkpt lat="67.10882" lon="18.27803">
        <time>2023-04-03T11:59:00Z</time>
      </trkpt>
      <trkpt lat="67.11688" lon="18.28848">
        <time>2023-04-03T12:09:00Z</time>
      </trkpt>
      <trkpt lat="67.11688" lon="18.28848">
        <time>2023-04-03T12:09:00Z</time>
      </trkpt>
      <trkpt lat="67.11693" lon="18.28814">
        <time>2023-04-03T12:19:00Z</time>
      </trkpt>
      <trkpt lat="67.11693" lon="18.28814">
        <time>2023-04-03T12:19:00Z</time>
      </trkpt>
      <trkpt lat="67.11857" lon="18.29007">
        <time>2023-04-03T12:39:00Z</time>
      </trkpt>
      <trkpt lat="67.11857" lon="18.29007">
        <time>2023-04-03T12:39:00Z</time>
      </trkpt>
      <trkpt lat="67.12708" lon="18.30106">
        <time>2023-04-03T12:49:00Z</time>
      </trkpt>
      <trkpt lat="67.12708" lon="18.30106">
        <time>2023-04-03T12:49:00Z</time>
      </trkpt>
      <trkpt lat="67.1362" lon="18.31206">
        <time>2023-04-03T12:59:00Z</time>
      </trkpt>
      <trkpt lat="67.1362" lon="18.31206">
        <time>2023-04-03T12:59:00Z</time>
      </trkpt>
      <trkpt lat="67.1391" lon="18.3156">
        <time>2023-04-03T13:09:00Z</time>
      </trkpt>
      <trkpt lat="67.1391" lon="18.3156">
        <time>2023-04-03T13:09:00Z</time>
      </trkpt>
      <trkpt lat="67.143" lon="18.3132">
        <time>2023-04-03T13:19:00Z</time>
      </trkpt>
      <trkpt lat="67.143" lon="18.3132">
        <time>2023-04-03T13:19:00Z</time>
      </trkpt>
      <trkpt lat="67.14673" lon="18.31297">
        <time>2023-04-03T13:29:00Z</time>
      </trkpt>
      <trkpt lat="67.14673" lon="18.31297">
        <time>2023-04-03T13:29:00Z</time>
      </trkpt>
      <trkpt lat="67.14821" lon="18.32121">
        <time>2023-04-03T13:39:00Z</time>
      </trkpt>
      <trkpt lat="67.14821" lon="18.32121">
        <time>2023-04-03T13:39:00Z</time>
      </trkpt>
      <trkpt lat="67.14845" lon="18.32859">
        <time>2023-04-03T13:49:00Z</time>
      </trkpt>
      <trkpt lat="67.14845" lon="18.32859">
        <time>2023-04-03T13:49:00Z</time>
      </trkpt>
      <trkpt lat="67.15185" lon="18.33264">
        <time>2023-04-03T13:59:00Z</time>
      </trkpt>
      <trkpt lat="67.15185" lon="18.33264">
        <time>2023-04-03T13:59:00Z</time>
      </trkpt>
      <trkpt lat="67.15577" lon="18.3364">
        <time>2023-04-03T14:09:00Z</time>
      </trkpt>
      <trkpt lat="67.15577" lon="18.3364">
        <time>2023-04-03T14:09:00Z</time>
      </trkpt>
      <trkpt lat="67.15945" lon="18.34077">
        <time>2023-04-03T14:19:00Z</time>
      </trkpt>
      <trkpt lat="67.15945" lon="18.34077">
        <time>2023-04-03T14:19:00Z</time>
      </trkpt>
      <trkpt lat="67.16273" lon="18.34745">
        <time>2023-04-03T14:29:00Z</time>
      </trkpt>
      <trkpt lat="67.16273" lon="18.34745">
        <time>2023-04-03T14:29:00Z</time>
      </trkpt>
      <trkpt lat="67.16641" lon="18.36017">
        <time>2023-04-03T14:39:00Z</time>
      </trkpt>
      <trkpt lat="67.16641" lon="18.36017">
        <time>2023-04-03T14:39:00Z</time>
      </trkpt>
      <trkpt lat="67.16754" lon="18.37719">
        <time>2023-04-03T14:49:00Z</time>
      </trkpt>
      <trkpt lat="67.16754" lon="18.37719">
        <time>2023-04-03T14:49:00Z</time>
      </trkpt>
      <trkpt lat="67.16766" lon="18.39075">
        <time>2023-04-03T14:59:00Z</time>
      </trkpt>
      <trkpt lat="67.16766" lon="18.39075">
        <time>2023-04-03T14:59:00Z</time>
      </trkpt>
      <trkpt lat="67.17136" lon="18.40678">
        <time>2023-04-03T15:09:00Z</time>
      </trkpt>
      <trkpt lat="67.17136" lon="18.40678">
        <time>2023-04-03T15:09:00Z</time>
      </trkpt>
      <trkpt lat="67.1759" lon="18.42261">
        <time>2023-04-03T15:19:00Z</time>
      </trkpt>
      <trkpt lat="67.1759" lon="18.42261">
        <time>2023-04-03T15:19:00Z</time>
      </trkpt>
      <trkpt lat="67.17758" lon="18.42324">
        <time>2023-04-03T15:29:00Z</time>
      </trkpt>
      <trkpt lat="67.17758" lon="18.42324">
        <time>2023-04-03T15:29:00Z</time>
      </trkpt>
      <trkpt lat="67.18719" lon="18.4369">
        <time>2023-04-03T15:39:00Z</time>
      </trkpt>
      <trkpt lat="67.18719" lon="18.4369">
        <time>2023-04-03T15:39:00Z</time>
      </trkpt>
      <trkpt lat="67.19523" lon="18.43568">
        <time>2023-04-03T15:49:00Z</time>
      </trkpt>
      <trkpt lat="67.19523" lon="18.43568">
        <time>2023-04-03T15:49:00Z</time>
      </trkpt>
      <trkpt lat="67.20508" lon="18.43113">
        <time>2023-04-03T15:59:00Z</time>
      </trkpt>
      <trkpt lat="67.20508" lon="18.43113">
        <time>2023-04-03T15:59:00Z</time>
      </trkpt>
      <trkpt lat="67.21323" lon="18.43012">
        <time>2023-04-03T16:09:00Z</time>
      </trkpt>
      <trkpt lat="67.21323" lon="18.43012">
        <time>2023-04-03T16:09:00Z</time>
      </trkpt>
      <trkpt lat="67.22304" lon="18.4316">
        <time>2023-04-03T16:19:00Z</time>
      </trkpt>
      <trkpt lat="67.22304" lon="18.4316">
        <time>2023-04-03T16:19:00Z</time>
      </trkpt>
      <trkpt lat="67.23143" lon="18.44139">
        <time>2023-04-03T16:29:00Z</time>
      </trkpt>
      <trkpt lat="67.23143" lon="18.44139">
        <time>2023-04-03T16:29:00Z</time>
      </trkpt>
      <trkpt lat="67.23121" lon="18.44072">
        <time>2023-04-03T16:35:00Z</time>
      </trkpt>
      <trkpt lat="67.23121" lon="18.44072">
        <time>2023-04-03T16:35:00Z</time>
      </trkpt>
      <trkpt lat="67.23228" lon="18.4409">
        <time>2023-04-04T06:07:00Z</time>
      </trkpt>
      <trkpt lat="67.23228" lon="18.4409">
        <time>2023-04-04T06:07:00Z</time>
      </trkpt>
      <trkpt lat="67.23694" lon="18.44821">
        <time>2023-04-04T06:17:00Z</time>
      </trkpt>
      <trkpt lat="67.23694" lon="18.44821">
        <time>2023-04-04T06:17:00Z</time>
      </trkpt>
      <trkpt lat="67.24219" lon="18.45497">
        <time>2023-04-04T06:27:00Z</time>
      </trkpt>
      <trkpt lat="67.24219" lon="18.45497">
        <time>2023-04-04T06:27:00Z</time>
      </trkpt>
      <trkpt lat="67.24769" lon="18.46512">
        <time>2023-04-04T06:37:00Z</time>
      </trkpt>
      <trkpt lat="67.24769" lon="18.46512">
        <time>2023-04-04T06:37:00Z</time>
      </trkpt>
      <trkpt lat="67.25566" lon="18.46815">
        <time>2023-04-04T06:47:00Z</time>
      </trkpt>
      <trkpt lat="67.25566" lon="18.46815">
        <time>2023-04-04T06:47:00Z</time>
      </trkpt>
      <trkpt lat="67.26338" lon="18.46976">
        <time>2023-04-04T06:57:00Z</time>
      </trkpt>
      <trkpt lat="67.26338" lon="18.46976">
        <time>2023-04-04T06:57:00Z</time>
      </trkpt>
      <trkpt lat="67.27193" lon="18.46527">
        <time>2023-04-04T07:07:00Z</time>
      </trkpt>
      <trkpt lat="67.27193" lon="18.46527">
        <time>2023-04-04T07:07:00Z</time>
      </trkpt>
      <trkpt lat="67.27886" lon="18.46197">
        <time>2023-04-04T07:17:00Z</time>
      </trkpt>
      <trkpt lat="67.27886" lon="18.46197">
        <time>2023-04-04T07:17:00Z</time>
      </trkpt>
      <trkpt lat="67.28525" lon="18.46712">
        <time>2023-04-04T07:27:00Z</time>
      </trkpt>
      <trkpt lat="67.28525" lon="18.46712">
        <time>2023-04-04T07:27:00Z</time>
      </trkpt>
      <trkpt lat="67.29033" lon="18.47523">
        <time>2023-04-04T07:37:00Z</time>
      </trkpt>
      <trkpt lat="67.29033" lon="18.47523">
        <time>2023-04-04T07:37:00Z</time>
      </trkpt>
      <trkpt lat="67.29851" lon="18.48636">
        <time>2023-04-04T07:47:00Z</time>
      </trkpt>
      <trkpt lat="67.29851" lon="18.48636">
        <time>2023-04-04T07:47:00Z</time>
      </trkpt>
      <trkpt lat="67.30746" lon="18.48963">
        <time>2023-04-04T07:57:00Z</time>
      </trkpt>
      <trkpt lat="67.30746" lon="18.48963">
        <time>2023-04-04T07:57:00Z</time>
      </trkpt>
      <trkpt lat="67.317" lon="18.49418">
        <time>2023-04-04T08:07:00Z</time>
      </trkpt>
      <trkpt lat="67.317" lon="18.49418">
        <time>2023-04-04T08:07:00Z</time>
      </trkpt>
      <trkpt lat="67.32345" lon="18.50252">
        <time>2023-04-04T08:17:00Z</time>
      </trkpt>
      <trkpt lat="67.32345" lon="18.50252">
        <time>2023-04-04T08:17:00Z</time>
      </trkpt>
      <trkpt lat="67.33054" lon="18.50857">
        <time>2023-04-04T08:27:00Z</time>
      </trkpt>
      <trkpt lat="67.33054" lon="18.50857">
        <time>2023-04-04T08:27:00Z</time>
      </trkpt>
      <trkpt lat="67.34376" lon="18.5043">
        <time>2023-04-04T08:37:00Z</time>
      </trkpt>
      <trkpt lat="67.34376" lon="18.5043">
        <time>2023-04-04T08:37:00Z</time>
      </trkpt>
      <trkpt lat="67.3487" lon="18.50282">
        <time>2023-04-04T08:47:00Z</time>
      </trkpt>
      <trkpt lat="67.3487" lon="18.50282">
        <time>2023-04-04T08:47:00Z</time>
      </trkpt>
      <trkpt lat="67.35568" lon="18.50057">
        <time>2023-04-04T08:57:00Z</time>
      </trkpt>
      <trkpt lat="67.35568" lon="18.50057">
        <time>2023-04-04T08:57:00Z</time>
      </trkpt>
      <trkpt lat="67.36251" lon="18.51023">
        <time>2023-04-04T09:07:00Z</time>
      </trkpt>
      <trkpt lat="67.36251" lon="18.51023">
        <time>2023-04-04T09:07:00Z</time>
      </trkpt>
      <trkpt lat="67.37381" lon="18.52632">
        <time>2023-04-04T09:17:00Z</time>
      </trkpt>
      <trkpt lat="67.37381" lon="18.52632">
        <time>2023-04-04T09:17:00Z</time>
      </trkpt>
      <trkpt lat="67.38581" lon="18.53482">
        <time>2023-04-04T09:27:00Z</time>
      </trkpt>
      <trkpt lat="67.38581" lon="18.53482">
        <time>2023-04-04T09:27:00Z</time>
      </trkpt>
      <trkpt lat="67.39171" lon="18.5211">
        <time>2023-04-04T09:37:00Z</time>
      </trkpt>
      <trkpt lat="67.39171" lon="18.5211">
        <time>2023-04-04T09:37:00Z</time>
      </trkpt>
      <trkpt lat="67.39431" lon="18.52065">
        <time>2023-04-04T09:47:00Z</time>
      </trkpt>
      <trkpt lat="67.39431" lon="18.52065">
        <time>2023-04-04T09:47:00Z</time>
      </trkpt>
      <trkpt lat="67.39402" lon="18.52102">
        <time>2023-04-04T10:13:00Z</time>
      </trkpt>
      <trkpt lat="67.39402" lon="18.52102">
        <time>2023-04-04T10:13:00Z</time>
      </trkpt>
      <trkpt lat="67.3962" lon="18.5131">
        <time>2023-04-04T11:53:00Z</time>
      </trkpt>
      <trkpt lat="67.3962" lon="18.5131">
        <time>2023-04-04T11:53:00Z</time>
      </trkpt>
      <trkpt lat="67.40254" lon="18.50306">
        <time>2023-04-04T12:03:00Z</time>
      </trkpt>
      <trkpt lat="67.40254" lon="18.50306">
        <time>2023-04-04T12:03:00Z</time>
      </trkpt>
      <trkpt lat="67.40805" lon="18.4895">
        <time>2023-04-04T12:13:00Z</time>
      </trkpt>
      <trkpt lat="67.40805" lon="18.4895">
        <time>2023-04-04T12:13:00Z</time>
      </trkpt>
      <trkpt lat="67.41242" lon="18.46785">
        <time>2023-04-04T12:23:00Z</time>
      </trkpt>
      <trkpt lat="67.41242" lon="18.46785">
        <time>2023-04-04T12:23:00Z</time>
      </trkpt>
      <trkpt lat="67.41852" lon="18.45308">
        <time>2023-04-04T12:33:00Z</time>
      </trkpt>
      <trkpt lat="67.41852" lon="18.45308">
        <time>2023-04-04T12:33:00Z</time>
      </trkpt>
      <trkpt lat="67.4248" lon="18.44036">
        <time>2023-04-04T12:43:00Z</time>
      </trkpt>
      <trkpt lat="67.4248" lon="18.44036">
        <time>2023-04-04T12:43:00Z</time>
      </trkpt>
      <trkpt lat="67.4312" lon="18.42888">
        <time>2023-04-04T12:53:00Z</time>
      </trkpt>
      <trkpt lat="67.4312" lon="18.42888">
        <time>2023-04-04T12:53:00Z</time>
      </trkpt>
      <trkpt lat="67.43708" lon="18.41566">
        <time>2023-04-04T13:03:00Z</time>
      </trkpt>
      <trkpt lat="67.43708" lon="18.41566">
        <time>2023-04-04T13:03:00Z</time>
      </trkpt>
      <trkpt lat="67.44334" lon="18.40096">
        <time>2023-04-04T13:13:00Z</time>
      </trkpt>
      <trkpt lat="67.44334" lon="18.40096">
        <time>2023-04-04T13:13:00Z</time>
      </trkpt>
      <trkpt lat="67.44986" lon="18.39345">
        <time>2023-04-04T13:23:00Z</time>
      </trkpt>
      <trkpt lat="67.44986" lon="18.39345">
        <time>2023-04-04T13:23:00Z</time>
      </trkpt>
      <trkpt lat="67.45685" lon="18.38208">
        <time>2023-04-04T13:33:00Z</time>
      </trkpt>
      <trkpt lat="67.45685" lon="18.38208">
        <time>2023-04-04T13:33:00Z</time>
      </trkpt>
      <trkpt lat="67.46199" lon="18.37521">
        <time>2023-04-04T13:43:00Z</time>
      </trkpt>
      <trkpt lat="67.46199" lon="18.37521">
        <time>2023-04-04T13:43:00Z</time>
      </trkpt>
      <trkpt lat="67.4691" lon="18.36521">
        <time>2023-04-04T13:53:00Z</time>
      </trkpt>
      <trkpt lat="67.4691" lon="18.36521">
        <time>2023-04-04T13:53:00Z</time>
      </trkpt>
      <trkpt lat="67.47457" lon="18.36401">
        <time>2023-04-04T14:03:00Z</time>
      </trkpt>
      <trkpt lat="67.47457" lon="18.36401">
        <time>2023-04-04T14:03:00Z</time>
      </trkpt>
      <trkpt lat="67.47525" lon="18.36487">
        <time>2023-04-04T14:13:00Z</time>
      </trkpt>
      <trkpt lat="67.47525" lon="18.36487">
        <time>2023-04-04T14:13:00Z</time>
      </trkpt>
      <trkpt lat="67.48278" lon="18.35906">
        <time>2023-04-04T14:23:00Z</time>
      </trkpt>
      <trkpt lat="67.48278" lon="18.35906">
        <time>2023-04-04T14:23:00Z</time>
      </trkpt>
      <trkpt lat="67.48241" lon="18.35472">
        <time>2023-04-04T14:40:00Z</time>
      </trkpt>
      <trkpt lat="67.48241" lon="18.35472">
        <time>2023-04-04T14:40:00Z</time>
      </trkpt>
      <trkpt lat="67.48279" lon="18.35519">
        <time>2023-04-04T14:46:00Z</time>
      </trkpt>
      <trkpt lat="67.48279" lon="18.35519">
        <time>2023-04-04T14:46:00Z</time>
      </trkpt>
      <trkpt lat="67.48288" lon="18.35528">
        <time>2023-04-05T07:31:00Z</time>
      </trkpt>
      <trkpt lat="67.48288" lon="18.35528">
        <time>2023-04-05T07:31:00Z</time>
      </trkpt>
      <trkpt lat="67.48656" lon="18.3641">
        <time>2023-04-05T07:41:00Z</time>
      </trkpt>
      <trkpt lat="67.48656" lon="18.3641">
        <time>2023-04-05T07:41:00Z</time>
      </trkpt>
      <trkpt lat="67.49118" lon="18.36762">
        <time>2023-04-05T07:51:00Z</time>
      </trkpt>
      <trkpt lat="67.49118" lon="18.36762">
        <time>2023-04-05T07:51:00Z</time>
      </trkpt>
      <trkpt lat="67.49742" lon="18.38142">
        <time>2023-04-05T08:01:00Z</time>
      </trkpt>
      <trkpt lat="67.49742" lon="18.38142">
        <time>2023-04-05T08:01:00Z</time>
      </trkpt>
      <trkpt lat="67.50254" lon="18.40023">
        <time>2023-04-05T08:11:00Z</time>
      </trkpt>
      <trkpt lat="67.50254" lon="18.40023">
        <time>2023-04-05T08:11:00Z</time>
      </trkpt>
      <trkpt lat="67.50699" lon="18.42225">
        <time>2023-04-05T08:21:00Z</time>
      </trkpt>
      <trkpt lat="67.50699" lon="18.42225">
        <time>2023-04-05T08:21:00Z</time>
      </trkpt>
      <trkpt lat="67.50672" lon="18.43444">
        <time>2023-04-05T08:31:00Z</time>
      </trkpt>
      <trkpt lat="67.50672" lon="18.43444">
        <time>2023-04-05T08:31:00Z</time>
      </trkpt>
      <trkpt lat="67.51099" lon="18.44184">
        <time>2023-04-05T08:41:00Z</time>
      </trkpt>
      <trkpt lat="67.51099" lon="18.44184">
        <time>2023-04-05T08:41:00Z</time>
      </trkpt>
      <trkpt lat="67.51678" lon="18.44984">
        <time>2023-04-05T08:51:00Z</time>
      </trkpt>
      <trkpt lat="67.51678" lon="18.44984">
        <time>2023-04-05T08:51:00Z</time>
      </trkpt>
      <trkpt lat="67.52019" lon="18.46006">
        <time>2023-04-05T09:01:00Z</time>
      </trkpt>
      <trkpt lat="67.52019" lon="18.46006">
        <time>2023-04-05T09:01:00Z</time>
      </trkpt>
      <trkpt lat="67.5261" lon="18.47272">
        <time>2023-04-05T09:11:00Z</time>
      </trkpt>
      <trkpt lat="67.5261" lon="18.47272">
        <time>2023-04-05T09:11:00Z</time>
      </trkpt>
      <trkpt lat="67.53" lon="18.48091">
        <time>2023-04-05T09:21:00Z</time>
      </trkpt>
      <trkpt lat="67.53" lon="18.48091">
        <time>2023-04-05T09:21:00Z</time>
      </trkpt>
      <trkpt lat="67.53636" lon="18.48729">
        <time>2023-04-05T09:31:00Z</time>
      </trkpt>
      <trkpt lat="67.53636" lon="18.48729">
        <time>2023-04-05T09:31:00Z</time>
      </trkpt>
      <trkpt lat="67.53928" lon="18.48557">
        <time>2023-04-05T09:41:00Z</time>
      </trkpt>
      <trkpt lat="67.53928" lon="18.48557">
        <time>2023-04-05T09:41:00Z</time>
      </trkpt>
      <trkpt lat="67.54518" lon="18.46381">
        <time>2023-04-05T09:51:00Z</time>
      </trkpt>
      <trkpt lat="67.54518" lon="18.46381">
        <time>2023-04-05T09:51:00Z</time>
      </trkpt>
      <trkpt lat="67.55383" lon="18.45132">
        <time>2023-04-05T10:01:00Z</time>
      </trkpt>
      <trkpt lat="67.55383" lon="18.45132">
        <time>2023-04-05T10:01:00Z</time>
      </trkpt>
      <trkpt lat="67.5624" lon="18.43362">
        <time>2023-04-05T10:11:00Z</time>
      </trkpt>
      <trkpt lat="67.5624" lon="18.43362">
        <time>2023-04-05T10:11:00Z</time>
      </trkpt>
      <trkpt lat="67.57015" lon="18.41427">
        <time>2023-04-05T10:21:00Z</time>
      </trkpt>
      <trkpt lat="67.57015" lon="18.41427">
        <time>2023-04-05T10:21:00Z</time>
      </trkpt>
      <trkpt lat="67.57238" lon="18.40708">
        <time>2023-04-05T10:31:00Z</time>
      </trkpt>
      <trkpt lat="67.57238" lon="18.40708">
        <time>2023-04-05T10:31:00Z</time>
      </trkpt>
      <trkpt lat="67.5807" lon="18.38841">
        <time>2023-04-05T10:41:00Z</time>
      </trkpt>
      <trkpt lat="67.5807" lon="18.38841">
        <time>2023-04-05T10:41:00Z</time>
      </trkpt>
      <trkpt lat="67.58953" lon="18.37554">
        <time>2023-04-05T10:51:00Z</time>
      </trkpt>
      <trkpt lat="67.58953" lon="18.37554">
        <time>2023-04-05T10:51:00Z</time>
      </trkpt>
      <trkpt lat="67.59816" lon="18.37927">
        <time>2023-04-05T11:01:00Z</time>
      </trkpt>
      <trkpt lat="67.59816" lon="18.37927">
        <time>2023-04-05T11:01:00Z</time>
      </trkpt>
      <trkpt lat="67.60772" lon="18.37056">
        <time>2023-04-05T11:11:00Z</time>
      </trkpt>
      <trkpt lat="67.60772" lon="18.37056">
        <time>2023-04-05T11:11:00Z</time>
      </trkpt>
      <trkpt lat="67.61652" lon="18.36358">
        <time>2023-04-05T11:21:00Z</time>
      </trkpt>
      <trkpt lat="67.61652" lon="18.36358">
        <time>2023-04-05T11:21:00Z</time>
      </trkpt>
      <trkpt lat="67.62553" lon="18.35461">
        <time>2023-04-05T11:31:00Z</time>
      </trkpt>
      <trkpt lat="67.62553" lon="18.35461">
        <time>2023-04-05T11:31:00Z</time>
      </trkpt>
      <trkpt lat="67.63173" lon="18.34573">
        <time>2023-04-05T11:41:00Z</time>
      </trkpt>
      <trkpt lat="67.63173" lon="18.34573">
        <time>2023-04-05T11:41:00Z</time>
      </trkpt>
      <trkpt lat="67.63401" lon="18.33436">
        <time>2023-04-05T11:51:00Z</time>
      </trkpt>
      <trkpt lat="67.63401" lon="18.33436">
        <time>2023-04-05T11:51:00Z</time>
      </trkpt>
      <trkpt lat="67.63471" lon="18.32419">
        <time>2023-04-05T12:01:00Z</time>
      </trkpt>
      <trkpt lat="67.63471" lon="18.32419">
        <time>2023-04-05T12:01:00Z</time>
      </trkpt>
      <trkpt lat="67.63927" lon="18.31618">
        <time>2023-04-05T12:11:00Z</time>
      </trkpt>
      <trkpt lat="67.63927" lon="18.31618">
        <time>2023-04-05T12:11:00Z</time>
      </trkpt>
      <trkpt lat="67.64574" lon="18.30243">
        <time>2023-04-05T12:21:00Z</time>
      </trkpt>
      <trkpt lat="67.64574" lon="18.30243">
        <time>2023-04-05T12:21:00Z</time>
      </trkpt>
      <trkpt lat="67.6521" lon="18.28147">
        <time>2023-04-05T12:31:00Z</time>
      </trkpt>
      <trkpt lat="67.6521" lon="18.28147">
        <time>2023-04-05T12:31:00Z</time>
      </trkpt>
      <trkpt lat="67.65786" lon="18.25889">
        <time>2023-04-05T12:41:00Z</time>
      </trkpt>
      <trkpt lat="67.65786" lon="18.25889">
        <time>2023-04-05T12:41:00Z</time>
      </trkpt>
      <trkpt lat="67.66328" lon="18.23638">
        <time>2023-04-05T12:51:00Z</time>
      </trkpt>
      <trkpt lat="67.66328" lon="18.23638">
        <time>2023-04-05T12:51:00Z</time>
      </trkpt>
      <trkpt lat="67.6694" lon="18.21452">
        <time>2023-04-05T13:01:00Z</time>
      </trkpt>
      <trkpt lat="67.6694" lon="18.21452">
        <time>2023-04-05T13:01:00Z</time>
      </trkpt>
      <trkpt lat="67.67602" lon="18.19435">
        <time>2023-04-05T13:11:00Z</time>
      </trkpt>
      <trkpt lat="67.67602" lon="18.19435">
        <time>2023-04-05T13:11:00Z</time>
      </trkpt>
      <trkpt lat="67.68246" lon="18.17465">
        <time>2023-04-05T13:21:00Z</time>
      </trkpt>
      <trkpt lat="67.68246" lon="18.17465">
        <time>2023-04-05T13:21:00Z</time>
      </trkpt>
      <trkpt lat="67.6903" lon="18.16235">
        <time>2023-04-05T13:31:00Z</time>
      </trkpt>
      <trkpt lat="67.6903" lon="18.16235">
        <time>2023-04-05T13:31:00Z</time>
      </trkpt>
      <trkpt lat="67.69474" lon="18.1565">
        <time>2023-04-05T13:41:00Z</time>
      </trkpt>
      <trkpt lat="67.69474" lon="18.1565">
        <time>2023-04-05T13:41:00Z</time>
      </trkpt>
      <trkpt lat="67.69463" lon="18.15643">
        <time>2023-04-05T13:51:00Z</time>
      </trkpt>
      <trkpt lat="67.69463" lon="18.15643">
        <time>2023-04-05T13:51:00Z</time>
      </trkpt>
      <trkpt lat="67.6959" lon="18.16143">
        <time>2023-04-05T14:31:00Z</time>
      </trkpt>
      <trkpt lat="67.6959" lon="18.16143">
        <time>2023-04-05T14:31:00Z</time>
      </trkpt>
      <trkpt lat="67.69631" lon="18.16682">
        <time>2023-04-05T14:41:00Z</time>
      </trkpt>
      <trkpt lat="67.69631" lon="18.16682">
        <time>2023-04-05T14:41:00Z</time>
      </trkpt>
      <trkpt lat="67.69753" lon="18.16976">
        <time>2023-04-05T14:51:00Z</time>
      </trkpt>
      <trkpt lat="67.69753" lon="18.16976">
        <time>2023-04-05T14:51:00Z</time>
      </trkpt>
      <trkpt lat="67.69755" lon="18.16978">
        <time>2023-04-05T15:01:00Z</time>
      </trkpt>
      <trkpt lat="67.69755" lon="18.16978">
        <time>2023-04-05T15:01:00Z</time>
      </trkpt>
      <trkpt lat="67.70183" lon="18.1742">
        <time>2023-04-05T15:11:00Z</time>
      </trkpt>
      <trkpt lat="67.70183" lon="18.1742">
        <time>2023-04-05T15:11:00Z</time>
      </trkpt>
      <trkpt lat="67.7065" lon="18.18896">
        <time>2023-04-05T15:21:00Z</time>
      </trkpt>
      <trkpt lat="67.7065" lon="18.18896">
        <time>2023-04-05T15:21:00Z</time>
      </trkpt>
      <trkpt lat="67.71209" lon="18.20366">
        <time>2023-04-05T15:31:00Z</time>
      </trkpt>
      <trkpt lat="67.71209" lon="18.20366">
        <time>2023-04-05T15:31:00Z</time>
      </trkpt>
      <trkpt lat="67.7155" lon="18.21126">
        <time>2023-04-05T15:41:00Z</time>
      </trkpt>
      <trkpt lat="67.7155" lon="18.21126">
        <time>2023-04-05T15:41:00Z</time>
      </trkpt>
      <trkpt lat="67.7282" lon="18.23258">
        <time>2023-04-05T15:51:00Z</time>
      </trkpt>
      <trkpt lat="67.7282" lon="18.23258">
        <time>2023-04-05T15:51:00Z</time>
      </trkpt>
      <trkpt lat="67.73481" lon="18.25825">
        <time>2023-04-05T16:01:00Z</time>
      </trkpt>
      <trkpt lat="67.73481" lon="18.25825">
        <time>2023-04-05T16:01:00Z</time>
      </trkpt>
      <trkpt lat="67.74055" lon="18.28267">
        <time>2023-04-05T16:11:00Z</time>
      </trkpt>
      <trkpt lat="67.74055" lon="18.28267">
        <time>2023-04-05T16:11:00Z</time>
      </trkpt>
      <trkpt lat="67.74664" lon="18.29522">
        <time>2023-04-05T16:21:00Z</time>
      </trkpt>
      <trkpt lat="67.74664" lon="18.29522">
        <time>2023-04-05T16:21:00Z</time>
      </trkpt>
      <trkpt lat="67.7463" lon="18.29509">
        <time>2023-04-05T16:31:00Z</time>
      </trkpt>
      <trkpt lat="67.7463" lon="18.29509">
        <time>2023-04-05T16:31:00Z</time>
      </trkpt>
      <trkpt lat="67.74631" lon="18.29473">
        <time>2023-04-05T16:51:00Z</time>
      </trkpt>
      <trkpt lat="67.74631" lon="18.29473">
        <time>2023-04-05T16:51:00Z</time>
      </trkpt>
      <trkpt lat="67.74627" lon="18.29524">
        <time>2023-04-06T08:01:00Z</time>
      </trkpt>
      <trkpt lat="67.74627" lon="18.29524">
        <time>2023-04-06T08:01:00Z</time>
      </trkpt>
      <trkpt lat="67.75121" lon="18.29782">
        <time>2023-04-06T08:11:00Z</time>
      </trkpt>
      <trkpt lat="67.75121" lon="18.29782">
        <time>2023-04-06T08:11:00Z</time>
      </trkpt>
      <trkpt lat="67.75729" lon="18.28943">
        <time>2023-04-06T08:21:00Z</time>
      </trkpt>
      <trkpt lat="67.75729" lon="18.28943">
        <time>2023-04-06T08:21:00Z</time>
      </trkpt>
      <trkpt lat="67.76439" lon="18.28468">
        <time>2023-04-06T08:31:00Z</time>
      </trkpt>
      <trkpt lat="67.76439" lon="18.28468">
        <time>2023-04-06T08:31:00Z</time>
      </trkpt>
      <trkpt lat="67.77089" lon="18.28344">
        <time>2023-04-06T08:41:00Z</time>
      </trkpt>
      <trkpt lat="67.77089" lon="18.28344">
        <time>2023-04-06T08:41:00Z</time>
      </trkpt>
      <trkpt lat="67.78087" lon="18.28745">
        <time>2023-04-06T08:51:00Z</time>
      </trkpt>
      <trkpt lat="67.78087" lon="18.28745">
        <time>2023-04-06T08:51:00Z</time>
      </trkpt>
      <trkpt lat="67.7888" lon="18.29423">
        <time>2023-04-06T09:01:00Z</time>
      </trkpt>
      <trkpt lat="67.7888" lon="18.29423">
        <time>2023-04-06T09:01:00Z</time>
      </trkpt>
      <trkpt lat="67.79514" lon="18.29498">
        <time>2023-04-06T09:11:00Z</time>
      </trkpt>
      <trkpt lat="67.79514" lon="18.29498">
        <time>2023-04-06T09:11:00Z</time>
      </trkpt>
      <trkpt lat="67.79843" lon="18.29496">
        <time>2023-04-06T09:21:00Z</time>
      </trkpt>
      <trkpt lat="67.79843" lon="18.29496">
        <time>2023-04-06T09:21:00Z</time>
      </trkpt>
      <trkpt lat="67.80656" lon="18.29129">
        <time>2023-04-06T09:31:00Z</time>
      </trkpt>
      <trkpt lat="67.80656" lon="18.29129">
        <time>2023-04-06T09:31:00Z</time>
      </trkpt>
      <trkpt lat="67.81682" lon="18.29767">
        <time>2023-04-06T09:41:00Z</time>
      </trkpt>
      <trkpt lat="67.81682" lon="18.29767">
        <time>2023-04-06T09:41:00Z</time>
      </trkpt>
      <trkpt lat="67.82454" lon="18.3055">
        <time>2023-04-06T09:51:00Z</time>
      </trkpt>
      <trkpt lat="67.82454" lon="18.3055">
        <time>2023-04-06T09:51:00Z</time>
      </trkpt>
      <trkpt lat="67.82912" lon="18.30797">
        <time>2023-04-06T10:01:00Z</time>
      </trkpt>
      <trkpt lat="67.82912" lon="18.30797">
        <time>2023-04-06T10:01:00Z</time>
      </trkpt>
      <trkpt lat="67.8378" lon="18.31202">
        <time>2023-04-06T10:11:00Z</time>
      </trkpt>
      <trkpt lat="67.8378" lon="18.31202">
        <time>2023-04-06T10:11:00Z</time>
      </trkpt>
      <trkpt lat="67.84695" lon="18.31279">
        <time>2023-04-06T10:21:00Z</time>
      </trkpt>
      <trkpt lat="67.84695" lon="18.31279">
        <time>2023-04-06T10:21:00Z</time>
      </trkpt>
      <trkpt lat="67.85285" lon="18.31363">
        <time>2023-04-06T10:31:00Z</time>
      </trkpt>
      <trkpt lat="67.85285" lon="18.31363">
        <time>2023-04-06T10:31:00Z</time>
      </trkpt>
      <trkpt lat="67.85529" lon="18.31451">
        <time>2023-04-06T10:41:00Z</time>
      </trkpt>
      <trkpt lat="67.85529" lon="18.31451">
        <time>2023-04-06T10:41:00Z</time>
      </trkpt>
      <trkpt lat="67.86205" lon="18.3108">
        <time>2023-04-06T10:51:00Z</time>
      </trkpt>
      <trkpt lat="67.86205" lon="18.3108">
        <time>2023-04-06T10:51:00Z</time>
      </trkpt>
      <trkpt lat="67.86771" lon="18.30919">
        <time>2023-04-06T11:01:00Z</time>
      </trkpt>
      <trkpt lat="67.86771" lon="18.30919">
        <time>2023-04-06T11:01:00Z</time>
      </trkpt>
      <trkpt lat="67.87778" lon="18.30988">
        <time>2023-04-06T11:11:00Z</time>
      </trkpt>
      <trkpt lat="67.87778" lon="18.30988">
        <time>2023-04-06T11:11:00Z</time>
      </trkpt>
      <trkpt lat="67.88535" lon="18.30889">
        <time>2023-04-06T11:21:00Z</time>
      </trkpt>
      <trkpt lat="67.88535" lon="18.30889">
        <time>2023-04-06T11:21:00Z</time>
      </trkpt>
      <trkpt lat="67.89239" lon="18.30149">
        <time>2023-04-06T11:31:00Z</time>
      </trkpt>
      <trkpt lat="67.89239" lon="18.30149">
        <time>2023-04-06T11:31:00Z</time>
      </trkpt>
      <trkpt lat="67.89981" lon="18.29707">
        <time>2023-04-06T11:41:00Z</time>
      </trkpt>
      <trkpt lat="67.89981" lon="18.29707">
        <time>2023-04-06T11:41:00Z</time>
      </trkpt>
      <trkpt lat="67.90552" lon="18.29385">
        <time>2023-04-06T11:51:00Z</time>
      </trkpt>
      <trkpt lat="67.90552" lon="18.29385">
        <time>2023-04-06T11:51:00Z</time>
      </trkpt>
      <trkpt lat="67.91402" lon="18.28988">
        <time>2023-04-06T12:01:00Z</time>
      </trkpt>
      <trkpt lat="67.91402" lon="18.28988">
        <time>2023-04-06T12:01:00Z</time>
      </trkpt>
      <trkpt lat="67.92289" lon="18.28316">
        <time>2023-04-06T12:11:00Z</time>
      </trkpt>
      <trkpt lat="67.92289" lon="18.28316">
        <time>2023-04-06T12:11:00Z</time>
      </trkpt>
      <trkpt lat="67.93184" lon="18.2834">
        <time>2023-04-06T12:21:00Z</time>
      </trkpt>
      <trkpt lat="67.93184" lon="18.2834">
        <time>2023-04-06T12:21:00Z</time>
      </trkpt>
      <trkpt lat="67.93603" lon="18.28338">
        <time>2023-04-06T12:31:00Z</time>
      </trkpt>
      <trkpt lat="67.93603" lon="18.28338">
        <time>2023-04-06T12:31:00Z</time>
      </trkpt>
      <trkpt lat="67.94487" lon="18.28138">
        <time>2023-04-06T12:41:00Z</time>
      </trkpt>
      <trkpt lat="67.94487" lon="18.28138">
        <time>2023-04-06T12:41:00Z</time>
      </trkpt>
      <trkpt lat="67.94613" lon="18.28241">
        <time>2023-04-06T12:51:00Z</time>
      </trkpt>
      <trkpt lat="67.94613" lon="18.28241">
        <time>2023-04-06T12:51:00Z</time>
      </trkpt>
      <trkpt lat="67.94618" lon="18.28241">
        <time>2023-04-06T13:01:00Z</time>
      </trkpt>
      <trkpt lat="67.94618" lon="18.28241">
        <time>2023-04-06T13:01:00Z</time>
      </trkpt>
      <trkpt lat="67.95184" lon="18.2732">
        <time>2023-04-06T13:21:00Z</time>
      </trkpt>
      <trkpt lat="67.95184" lon="18.2732">
        <time>2023-04-06T13:21:00Z</time>
      </trkpt>
      <trkpt lat="67.96055" lon="18.26396">
        <time>2023-04-06T13:31:00Z</time>
      </trkpt>
      <trkpt lat="67.96055" lon="18.26396">
        <time>2023-04-06T13:31:00Z</time>
      </trkpt>
      <trkpt lat="67.96929" lon="18.25823">
        <time>2023-04-06T13:41:00Z</time>
      </trkpt>
      <trkpt lat="67.96929" lon="18.25823">
        <time>2023-04-06T13:41:00Z</time>
      </trkpt>
      <trkpt lat="67.97639" lon="18.25327">
        <time>2023-04-06T13:51:00Z</time>
      </trkpt>
      <trkpt lat="67.97639" lon="18.25327">
        <time>2023-04-06T13:51:00Z</time>
      </trkpt>
      <trkpt lat="67.98052" lon="18.2558">
        <time>2023-04-06T14:01:00Z</time>
      </trkpt>
      <trkpt lat="67.98052" lon="18.2558">
        <time>2023-04-06T14:01:00Z</time>
      </trkpt>
      <trkpt lat="67.98353" lon="18.25844">
        <time>2023-04-06T14:11:00Z</time>
      </trkpt>
      <trkpt lat="67.98353" lon="18.25844">
        <time>2023-04-06T14:11:00Z</time>
      </trkpt>
      <trkpt lat="67.99034" lon="18.25954">
        <time>2023-04-06T14:21:00Z</time>
      </trkpt>
      <trkpt lat="67.99034" lon="18.25954">
        <time>2023-04-06T14:21:00Z</time>
      </trkpt>
      <trkpt lat="67.99797" lon="18.25565">
        <time>2023-04-06T14:31:00Z</time>
      </trkpt>
      <trkpt lat="67.99797" lon="18.25565">
        <time>2023-04-06T14:31:00Z</time>
      </trkpt>
      <trkpt lat="68.00397" lon="18.25132">
        <time>2023-04-06T14:41:00Z</time>
      </trkpt>
      <trkpt lat="68.00397" lon="18.25132">
        <time>2023-04-06T14:41:00Z</time>
      </trkpt>
      <trkpt lat="68.00963" lon="18.24181">
        <time>2023-04-06T14:51:00Z</time>
      </trkpt>
      <trkpt lat="68.00963" lon="18.24181">
        <time>2023-04-06T14:51:00Z</time>
      </trkpt>
      <trkpt lat="68.01405" lon="18.2402">
        <time>2023-04-06T15:01:00Z</time>
      </trkpt>
      <trkpt lat="68.01405" lon="18.2402">
        <time>2023-04-06T15:01:00Z</time>
      </trkpt>
      <trkpt lat="68.01591" lon="18.24312">
        <time>2023-04-06T15:11:00Z</time>
      </trkpt>
      <trkpt lat="68.01591" lon="18.24312">
        <time>2023-04-06T15:11:00Z</time>
      </trkpt>
      <trkpt lat="68.01974" lon="18.2469">
        <time>2023-04-06T15:21:00Z</time>
      </trkpt>
      <trkpt lat="68.01974" lon="18.2469">
        <time>2023-04-06T15:21:00Z</time>
      </trkpt>
      <trkpt lat="68.02093" lon="18.25063">
        <time>2023-04-06T15:31:00Z</time>
      </trkpt>
      <trkpt lat="68.02093" lon="18.25063">
        <time>2023-04-06T15:31:00Z</time>
      </trkpt>
      <trkpt lat="68.03204" lon="18.24765">
        <time>2023-04-06T15:41:00Z</time>
      </trkpt>
      <trkpt lat="68.03204" lon="18.24765">
        <time>2023-04-06T15:41:00Z</time>
      </trkpt>
      <trkpt lat="68.04347" lon="18.24548">
        <time>2023-04-06T15:51:00Z</time>
      </trkpt>
      <trkpt lat="68.04347" lon="18.24548">
        <time>2023-04-06T15:51:00Z</time>
      </trkpt>
      <trkpt lat="68.05162" lon="18.24175">
        <time>2023-04-06T16:01:00Z</time>
      </trkpt>
      <trkpt lat="68.05162" lon="18.24175">
        <time>2023-04-06T16:01:00Z</time>
      </trkpt>
      <trkpt lat="68.05159" lon="18.24168">
        <time>2023-04-07T06:21:00Z</time>
      </trkpt>
      <trkpt lat="68.05159" lon="18.24168">
        <time>2023-04-07T06:21:00Z</time>
      </trkpt>
      <trkpt lat="68.05681" lon="18.25282">
        <time>2023-04-07T06:31:00Z</time>
      </trkpt>
      <trkpt lat="68.05681" lon="18.25282">
        <time>2023-04-07T06:31:00Z</time>
      </trkpt>
      <trkpt lat="68.06281" lon="18.25535">
        <time>2023-04-07T06:41:00Z</time>
      </trkpt>
      <trkpt lat="68.06281" lon="18.25535">
        <time>2023-04-07T06:41:00Z</time>
      </trkpt>
      <trkpt lat="68.07121" lon="18.26778">
        <time>2023-04-07T06:51:00Z</time>
      </trkpt>
      <trkpt lat="68.07121" lon="18.26778">
        <time>2023-04-07T06:51:00Z</time>
      </trkpt>
      <trkpt lat="68.07899" lon="18.27994">
        <time>2023-04-07T07:01:00Z</time>
      </trkpt>
      <trkpt lat="68.07899" lon="18.27994">
        <time>2023-04-07T07:01:00Z</time>
      </trkpt>
      <trkpt lat="68.08814" lon="18.29621">
        <time>2023-04-07T07:11:00Z</time>
      </trkpt>
      <trkpt lat="68.08814" lon="18.29621">
        <time>2023-04-07T07:11:00Z</time>
      </trkpt>
      <trkpt lat="68.09517" lon="18.30839">
        <time>2023-04-07T07:21:00Z</time>
      </trkpt>
      <trkpt lat="68.09517" lon="18.30839">
        <time>2023-04-07T07:21:00Z</time>
      </trkpt>
      <trkpt lat="68.10447" lon="18.32552">
        <time>2023-04-07T07:31:00Z</time>
      </trkpt>
      <trkpt lat="68.10447" lon="18.32552">
        <time>2023-04-07T07:31:00Z</time>
      </trkpt>
      <trkpt lat="68.10509" lon="18.32655">
        <time>2023-04-07T07:41:00Z</time>
      </trkpt>
      <trkpt lat="68.10509" lon="18.32655">
        <time>2023-04-07T07:41:00Z</time>
      </trkpt>
      <trkpt lat="68.10885" lon="18.34313">
        <time>2023-04-07T07:51:00Z</time>
      </trkpt>
      <trkpt lat="68.10885" lon="18.34313">
        <time>2023-04-07T07:51:00Z</time>
      </trkpt>
      <trkpt lat="68.11532" lon="18.36614">
        <time>2023-04-07T08:01:00Z</time>
      </trkpt>
      <trkpt lat="68.11532" lon="18.36614">
        <time>2023-04-07T08:01:00Z</time>
      </trkpt>
      <trkpt lat="68.1255" lon="18.395">
        <time>2023-04-07T08:11:00Z</time>
      </trkpt>
      <trkpt lat="68.1255" lon="18.395">
        <time>2023-04-07T08:11:00Z</time>
      </trkpt>
      <trkpt lat="68.13473" lon="18.41339">
        <time>2023-04-07T08:21:00Z</time>
      </trkpt>
      <trkpt lat="68.13473" lon="18.41339">
        <time>2023-04-07T08:21:00Z</time>
      </trkpt>
      <trkpt lat="68.13623" lon="18.41547">
        <time>2023-04-07T08:31:00Z</time>
      </trkpt>
      <trkpt lat="68.13623" lon="18.41547">
        <time>2023-04-07T08:31:00Z</time>
      </trkpt>
      <trkpt lat="68.13654" lon="18.4151">
        <time>2023-04-07T08:41:00Z</time>
      </trkpt>
      <trkpt lat="68.13654" lon="18.4151">
        <time>2023-04-07T08:41:00Z</time>
      </trkpt>
      <trkpt lat="68.14344" lon="18.4247">
        <time>2023-04-07T08:51:00Z</time>
      </trkpt>
      <trkpt lat="68.14344" lon="18.4247">
        <time>2023-04-07T08:51:00Z</time>
      </trkpt>
      <trkpt lat="68.15301" lon="18.43914">
        <time>2023-04-07T09:01:00Z</time>
      </trkpt>
      <trkpt lat="68.15301" lon="18.43914">
        <time>2023-04-07T09:01:00Z</time>
      </trkpt>
      <trkpt lat="68.16202" lon="18.45004">
        <time>2023-04-07T09:11:00Z</time>
      </trkpt>
      <trkpt lat="68.16202" lon="18.45004">
        <time>2023-04-07T09:11:00Z</time>
      </trkpt>
      <trkpt lat="68.17187" lon="18.4645">
        <time>2023-04-07T09:21:00Z</time>
      </trkpt>
      <trkpt lat="68.17187" lon="18.4645">
        <time>2023-04-07T09:21:00Z</time>
      </trkpt>
      <trkpt lat="68.17418" lon="18.46898">
        <time>2023-04-07T09:31:00Z</time>
      </trkpt>
      <trkpt lat="68.17418" lon="18.46898">
        <time>2023-04-07T09:31:00Z</time>
      </trkpt>
      <trkpt lat="68.18314" lon="18.488">
        <time>2023-04-07T09:41:00Z</time>
      </trkpt>
      <trkpt lat="68.18314" lon="18.488">
        <time>2023-04-07T09:41:00Z</time>
      </trkpt>
      <trkpt lat="68.1904" lon="18.51068">
        <time>2023-04-07T09:51:00Z</time>
      </trkpt>
      <trkpt lat="68.1904" lon="18.51068">
        <time>2023-04-07T09:51:00Z</time>
      </trkpt>
      <trkpt lat="68.19801" lon="18.52557">
        <time>2023-04-07T10:01:00Z</time>
      </trkpt>
      <trkpt lat="68.19801" lon="18.52557">
        <time>2023-04-07T10:01:00Z</time>
      </trkpt>
      <trkpt lat="68.20493" lon="18.54018">
        <time>2023-04-07T10:11:00Z</time>
      </trkpt>
      <trkpt lat="68.20493" lon="18.54018">
        <time>2023-04-07T10:11:00Z</time>
      </trkpt>
      <trkpt lat="68.20964" lon="18.55398">
        <time>2023-04-07T10:21:00Z</time>
      </trkpt>
      <trkpt lat="68.20964" lon="18.55398">
        <time>2023-04-07T10:21:00Z</time>
      </trkpt>
      <trkpt lat="68.21811" lon="18.55805">
        <time>2023-04-07T10:31:00Z</time>
      </trkpt>
      <trkpt lat="68.21811" lon="18.55805">
        <time>2023-04-07T10:31:00Z</time>
      </trkpt>
      <trkpt lat="68.22447" lon="18.54625">
        <time>2023-04-07T10:41:00Z</time>
      </trkpt>
      <trkpt lat="68.22447" lon="18.54625">
        <time>2023-04-07T10:41:00Z</time>
      </trkpt>
      <trkpt lat="68.22678" lon="18.53265">
        <time>2023-04-07T10:51:00Z</time>
      </trkpt>
      <trkpt lat="68.22678" lon="18.53265">
        <time>2023-04-07T10:51:00Z</time>
      </trkpt>
      <trkpt lat="68.22971" lon="18.51291">
        <time>2023-04-07T11:01:00Z</time>
      </trkpt>
      <trkpt lat="68.22971" lon="18.51291">
        <time>2023-04-07T11:01:00Z</time>
      </trkpt>
      <trkpt lat="68.23129" lon="18.49763">
        <time>2023-04-07T11:11:00Z</time>
      </trkpt>
      <trkpt lat="68.23129" lon="18.49763">
        <time>2023-04-07T11:11:00Z</time>
      </trkpt>
      <trkpt lat="68.23703" lon="18.47705">
        <time>2023-04-07T11:21:00Z</time>
      </trkpt>
      <trkpt lat="68.23703" lon="18.47705">
        <time>2023-04-07T11:21:00Z</time>
      </trkpt>
      <trkpt lat="68.23699" lon="18.47705">
        <time>2023-04-07T11:31:00Z</time>
      </trkpt>
      <trkpt lat="68.23699" lon="18.47705">
        <time>2023-04-07T11:31:00Z</time>
      </trkpt>
      <trkpt lat="68.24378" lon="18.4886">
        <time>2023-04-07T11:51:00Z</time>
      </trkpt>
      <trkpt lat="68.24378" lon="18.4886">
        <time>2023-04-07T11:51:00Z</time>
      </trkpt>
      <trkpt lat="68.25341" lon="18.50001">
        <time>2023-04-07T12:01:00Z</time>
      </trkpt>
      <trkpt lat="68.25341" lon="18.50001">
        <time>2023-04-07T12:01:00Z</time>
      </trkpt>
      <trkpt lat="68.26102" lon="18.51821">
        <time>2023-04-07T12:11:00Z</time>
      </trkpt>
      <trkpt lat="68.26102" lon="18.51821">
        <time>2023-04-07T12:11:00Z</time>
      </trkpt>
      <trkpt lat="68.26675" lon="18.53643">
        <time>2023-04-07T12:21:00Z</time>
      </trkpt>
      <trkpt lat="68.26675" lon="18.53643">
        <time>2023-04-07T12:21:00Z</time>
      </trkpt>
      <trkpt lat="68.27522" lon="18.55258">
        <time>2023-04-07T12:31:00Z</time>
      </trkpt>
      <trkpt lat="68.27522" lon="18.55258">
        <time>2023-04-07T12:31:00Z</time>
      </trkpt>
      <trkpt lat="68.28002" lon="18.56979">
        <time>2023-04-07T12:41:00Z</time>
      </trkpt>
      <trkpt lat="68.28002" lon="18.56979">
        <time>2023-04-07T12:41:00Z</time>
      </trkpt>
      <trkpt lat="68.28594" lon="18.59001">
        <time>2023-04-07T12:51:00Z</time>
      </trkpt>
      <trkpt lat="68.28594" lon="18.59001">
        <time>2023-04-07T12:51:00Z</time>
      </trkpt>
      <trkpt lat="68.28591" lon="18.59134">
        <time>2023-04-07T13:01:00Z</time>
      </trkpt>
      <trkpt lat="68.28591" lon="18.59134">
        <time>2023-04-07T13:01:00Z</time>
      </trkpt>
      <trkpt lat="68.28877" lon="18.60747">
        <time>2023-04-07T13:11:00Z</time>
      </trkpt>
      <trkpt lat="68.28877" lon="18.60747">
        <time>2023-04-07T13:11:00Z</time>
      </trkpt>
      <trkpt lat="68.29539" lon="18.62927">
        <time>2023-04-07T13:21:00Z</time>
      </trkpt>
      <trkpt lat="68.29539" lon="18.62927">
        <time>2023-04-07T13:21:00Z</time>
      </trkpt>
      <trkpt lat="68.30213" lon="18.64959">
        <time>2023-04-07T13:31:00Z</time>
      </trkpt>
      <trkpt lat="68.30213" lon="18.64959">
        <time>2023-04-07T13:31:00Z</time>
      </trkpt>
      <trkpt lat="68.3077" lon="18.66895">
        <time>2023-04-07T13:41:00Z</time>
      </trkpt>
      <trkpt lat="68.3077" lon="18.66895">
        <time>2023-04-07T13:41:00Z</time>
      </trkpt>
      <trkpt lat="68.31226" lon="18.69144">
        <time>2023-04-07T13:51:00Z</time>
      </trkpt>
      <trkpt lat="68.31226" lon="18.69144">
        <time>2023-04-07T13:51:00Z</time>
      </trkpt>
      <trkpt lat="68.3146" lon="18.71993">
        <time>2023-04-07T14:01:00Z</time>
      </trkpt>
      <trkpt lat="68.3146" lon="18.71993">
        <time>2023-04-07T14:01:00Z</time>
      </trkpt>
      <trkpt lat="68.31815" lon="18.74029">
        <time>2023-04-07T14:11:00Z</time>
      </trkpt>
      <trkpt lat="68.31815" lon="18.74029">
        <time>2023-04-07T14:11:00Z</time>
      </trkpt>
      <trkpt lat="68.32116" lon="18.7619">
        <time>2023-04-07T14:21:00Z</time>
      </trkpt>
      <trkpt lat="68.32116" lon="18.7619">
        <time>2023-04-07T14:21:00Z</time>
      </trkpt>
      <trkpt lat="68.32899" lon="18.75922">
        <time>2023-04-07T14:31:00Z</time>
      </trkpt>
      <trkpt lat="68.32899" lon="18.75922">
        <time>2023-04-07T14:31:00Z</time>
      </trkpt>
      <trkpt lat="68.3374" lon="18.75864">
        <time>2023-04-07T14:41:00Z</time>
      </trkpt>
      <trkpt lat="68.3374" lon="18.75864">
        <time>2023-04-07T14:41:00Z</time>
      </trkpt>
      <trkpt lat="68.34484" lon="18.76353">
        <time>2023-04-07T14:51:00Z</time>
      </trkpt>
      <trkpt lat="68.34484" lon="18.76353">
        <time>2023-04-07T14:51:00Z</time>
      </trkpt>
      <trkpt lat="68.35482" lon="18.76641">
        <time>2023-04-07T15:01:00Z</time>
      </trkpt>
      <trkpt lat="68.35482" lon="18.76641">
        <time>2023-04-07T15:01:00Z</time>
      </trkpt>
      <trkpt lat="68.35769" lon="18.77862">
        <time>2023-04-07T15:11:00Z</time>
      </trkpt>
      <trkpt lat="68.35769" lon="18.77862">
        <time>2023-04-07T15:11:00Z</time>
      </trkpt>
      <trkpt lat="68.3587" lon="18.78353">
        <time>2023-04-07T15:21:00Z</time>
      </trkpt>
      <trkpt lat="68.3587" lon="18.78353">
        <time>2023-04-07T15:21:00Z</time>
      </trkpt>
      <trkpt lat="68.35868" lon="18.78604">
        <time>2023-04-07T15:32:00Z</time>
      </trkpt>
      <trkpt lat="68.35868" lon="18.78604">
        <time>2023-04-07T15:32:00Z</time>
      </trkpt>
      <trkpt lat="68.35795" lon="18.78849">
        <time>2023-04-08T08:19:00Z</time>
      </trkpt>
      <trkpt lat="68.35795" lon="18.78849">
        <time>2023-04-08T08:19:00Z</time>
      </trkpt>
      <trkpt lat="68.35307" lon="18.81374">
        <time>2023-04-08T08:29:00Z</time>
      </trkpt>
      <trkpt lat="68.35307" lon="18.81374">
        <time>2023-04-08T08:29:00Z</time>
      </trkpt>
      <trkpt lat="68.35019" lon="18.83132">
        <time>2023-04-08T08:39:00Z</time>
      </trkpt>
      <trkpt lat="68.35019" lon="18.83132">
        <time>2023-04-08T08:39:00Z</time>
      </trkpt>
      <trkpt lat="68.35049" lon="18.83256">
        <time>2023-04-08T08:49:00Z</time>
      </trkpt>
      <trkpt lat="68.35049" lon="18.83256">
        <time>2023-04-08T08:49:00Z</time>
      </trkpt>
      <trkpt lat="68.35481" lon="18.84492">
        <time>2023-04-08T10:29:00Z</time>
      </trkpt>
      <trkpt lat="68.35481" lon="18.84492">
        <time>2023-04-08T10:29:00Z</time>
      </trkpt>
      <trkpt lat="68.36191" lon="18.85859">
        <time>2023-04-08T10:39:00Z</time>
      </trkpt>
      <trkpt lat="68.36191" lon="18.85859">
        <time>2023-04-08T10:39:00Z</time>
      </trkpt>
      <trkpt lat="68.36438" lon="18.8775">
        <time>2023-04-08T10:49:00Z</time>
      </trkpt>
      <trkpt lat="68.36438" lon="18.8775">
        <time>2023-04-08T10:49:00Z</time>
      </trkpt>
      <trkpt lat="68.367" lon="18.90393">
        <time>2023-04-08T10:59:00Z</time>
      </trkpt>
      <trkpt lat="68.367" lon="18.90393">
        <time>2023-04-08T10:59:00Z</time>
      </trkpt>
      <trkpt lat="68.36806" lon="18.92809">
        <time>2023-04-08T11:09:00Z</time>
      </trkpt>
      <trkpt lat="68.36806" lon="18.92809">
        <time>2023-04-08T11:09:00Z</time>
      </trkpt>
      <trkpt lat="68.36856" lon="18.94371">
        <time>2023-04-08T11:19:00Z</time>
      </trkpt>
      <trkpt lat="68.36856" lon="18.94371">
        <time>2023-04-08T11:19:00Z</time>
      </trkpt>
      <trkpt lat="68.36778" lon="18.96478">
        <time>2023-04-08T11:29:00Z</time>
      </trkpt>
      <trkpt lat="68.36778" lon="18.96478">
        <time>2023-04-08T11:29:00Z</time>
      </trkpt>
      <trkpt lat="68.36832" lon="18.9877">
        <time>2023-04-08T11:39:00Z</time>
      </trkpt>
      <trkpt lat="68.36832" lon="18.9877">
        <time>2023-04-08T11:39:00Z</time>
      </trkpt>
      <trkpt lat="68.3692" lon="19.01073">
        <time>2023-04-08T11:49:00Z</time>
      </trkpt>
      <trkpt lat="68.3692" lon="19.01073">
        <time>2023-04-08T11:49:00Z</time>
      </trkpt>
      <trkpt lat="68.37005" lon="19.03354">
        <time>2023-04-08T11:59:00Z</time>
      </trkpt>
      <trkpt lat="68.37005" lon="19.03354">
        <time>2023-04-08T11:59:00Z</time>
      </trkpt>
      <trkpt lat="68.37028" lon="19.05665">
        <time>2023-04-08T12:09:00Z</time>
      </trkpt>
      <trkpt lat="68.37028" lon="19.05665">
        <time>2023-04-08T12:09:00Z</time>
      </trkpt>
      <trkpt lat="68.36983" lon="19.07864">
        <time>2023-04-08T12:19:00Z</time>
      </trkpt>
      <trkpt lat="68.36983" lon="19.07864">
        <time>2023-04-08T12:19:00Z</time>
      </trkpt>
      <trkpt lat="68.36827" lon="19.09132">
        <time>2023-04-08T12:29:00Z</time>
      </trkpt>
      <trkpt lat="68.36827" lon="19.09132">
        <time>2023-04-08T12:29:00Z</time>
      </trkpt>
      <trkpt lat="68.36836" lon="19.09126">
        <time>2023-04-08T12:39:00Z</time>
      </trkpt>
      <trkpt lat="68.36836" lon="19.09126">
        <time>2023-04-08T12:39:00Z</time>
      </trkpt>
      <trkpt lat="68.36685" lon="19.10269">
        <time>2023-04-08T12:59:00Z</time>
      </trkpt>
      <trkpt lat="68.36685" lon="19.10269">
        <time>2023-04-08T12:59:00Z</time>
      </trkpt>
      <trkpt lat="68.36398" lon="19.12477">
        <time>2023-04-08T13:09:00Z</time>
      </trkpt>
      <trkpt lat="68.36398" lon="19.12477">
        <time>2023-04-08T13:09:00Z</time>
      </trkpt>
      <trkpt lat="68.36105" lon="19.14544">
        <time>2023-04-08T13:19:00Z</time>
      </trkpt>
      <trkpt lat="68.36105" lon="19.14544">
        <time>2023-04-08T13:19:00Z</time>
      </trkpt>
      <trkpt lat="68.35808" lon="19.16591">
        <time>2023-04-08T13:29:00Z</time>
      </trkpt>
      <trkpt lat="68.35808" lon="19.16591">
        <time>2023-04-08T13:29:00Z</time>
      </trkpt>
      <trkpt lat="68.3556" lon="19.18812">
        <time>2023-04-08T13:39:00Z</time>
      </trkpt>
      <trkpt lat="68.3556" lon="19.18812">
        <time>2023-04-08T13:39:00Z</time>
      </trkpt>
      <trkpt lat="68.35252" lon="19.21022">
        <time>2023-04-08T13:49:00Z</time>
      </trkpt>
      <trkpt lat="68.35252" lon="19.21022">
        <time>2023-04-08T13:49:00Z</time>
      </trkpt>
      <trkpt lat="68.3488" lon="19.23155">
        <time>2023-04-08T13:59:00Z</time>
      </trkpt>
      <trkpt lat="68.3488" lon="19.23155">
        <time>2023-04-08T13:59:00Z</time>
      </trkpt>
      <trkpt lat="68.34581" lon="19.25227">
        <time>2023-04-08T14:09:00Z</time>
      </trkpt>
      <trkpt lat="68.34581" lon="19.25227">
        <time>2023-04-08T14:09:00Z</time>
      </trkpt>
      <trkpt lat="68.34304" lon="19.27487">
        <time>2023-04-08T14:19:00Z</time>
      </trkpt>
      <trkpt lat="68.34304" lon="19.27487">
        <time>2023-04-08T14:19:00Z</time>
      </trkpt>
      <trkpt lat="68.34056" lon="19.29573">
        <time>2023-04-08T14:29:00Z</time>
      </trkpt>
      <trkpt lat="68.34056" lon="19.29573">
        <time>2023-04-08T14:29:00Z</time>
      </trkpt>
      <trkpt lat="68.33939" lon="19.3054">
        <time>2023-04-08T14:39:00Z</time>
      </trkpt>
      <trkpt lat="68.33939" lon="19.3054">
        <time>2023-04-08T14:39:00Z</time>
      </trkpt>
      <trkpt lat="68.33697" lon="19.32682">
        <time>2023-04-08T14:49:00Z</time>
      </trkpt>
      <trkpt lat="68.33697" lon="19.32682">
        <time>2023-04-08T14:49:00Z</time>
      </trkpt>
      <trkpt lat="68.33461" lon="19.34744">
        <time>2023-04-08T14:59:00Z</time>
      </trkpt>
      <trkpt lat="68.33461" lon="19.34744">
        <time>2023-04-08T14:59:00Z</time>
      </trkpt>
      <trkpt lat="68.33235" lon="19.36639">
        <time>2023-04-08T15:09:00Z</time>
      </trkpt>
      <trkpt lat="68.33235" lon="19.36639">
        <time>2023-04-08T15:09:00Z</time>
      </trkpt>
      <trkpt lat="68.33047" lon="19.38109">
        <time>2023-04-08T15:19:00Z</time>
      </trkpt>
      <trkpt lat="68.33047" lon="19.38109">
        <time>2023-04-08T15:19:00Z</time>
      </trkpt>
      <trkpt lat="68.32789" lon="19.40108">
        <time>2023-04-08T15:29:00Z</time>
      </trkpt>
      <trkpt lat="68.32789" lon="19.40108">
        <time>2023-04-08T15:29:00Z</time>
      </trkpt>
      <trkpt lat="68.32534" lon="19.42149">
        <time>2023-04-08T15:39:00Z</time>
      </trkpt>
      <trkpt lat="68.32534" lon="19.42149">
        <time>2023-04-08T15:39:00Z</time>
      </trkpt>
      <trkpt lat="68.32255" lon="19.44256">
        <time>2023-04-08T15:49:00Z</time>
      </trkpt>
      <trkpt lat="68.32255" lon="19.44256">
        <time>2023-04-08T15:49:00Z</time>
      </trkpt>
      <trkpt lat="68.3198" lon="19.46402">
        <time>2023-04-08T15:59:00Z</time>
      </trkpt>
      <trkpt lat="68.3198" lon="19.46402">
        <time>2023-04-08T15:59:00Z</time>
      </trkpt>
      <trkpt lat="68.31803" lon="19.48402">
        <time>2023-04-08T16:09:00Z</time>
      </trkpt>
      <trkpt lat="68.31803" lon="19.48402">
        <time>2023-04-08T16:09:00Z</time>
      </trkpt>
      <trkpt lat="68.31863" lon="19.48537">
        <time>2023-04-08T16:11:00Z</time>
      </trkpt>
      <trkpt lat="68.31863" lon="19.48537">
        <time>2023-04-08T16:11:00Z</time>
      </trkpt>
      <trkpt lat="68.31875" lon="19.48552">
        <time>2023-04-09T07:39:00Z</time>
      </trkpt>
      <trkpt lat="68.31875" lon="19.48552">
        <time>2023-04-09T07:39:00Z</time>
      </trkpt>
      <trkpt lat="68.31421" lon="19.49977">
        <time>2023-04-09T07:49:00Z</time>
      </trkpt>
      <trkpt lat="68.31421" lon="19.49977">
        <time>2023-04-09T07:49:00Z</time>
      </trkpt>
      <trkpt lat="68.30957" lon="19.51824">
        <time>2023-04-09T07:59:00Z</time>
      </trkpt>
      <trkpt lat="68.30957" lon="19.51824">
        <time>2023-04-09T07:59:00Z</time>
      </trkpt>
      <trkpt lat="68.30478" lon="19.53972">
        <time>2023-04-09T08:09:00Z</time>
      </trkpt>
      <trkpt lat="68.30478" lon="19.53972">
        <time>2023-04-09T08:09:00Z</time>
      </trkpt>
      <trkpt lat="68.30092" lon="19.5629">
        <time>2023-04-09T08:19:00Z</time>
      </trkpt>
      <trkpt lat="68.30092" lon="19.5629">
        <time>2023-04-09T08:19:00Z</time>
      </trkpt>
      <trkpt lat="68.3009" lon="19.59362">
        <time>2023-04-09T08:29:00Z</time>
      </trkpt>
      <trkpt lat="68.3009" lon="19.59362">
        <time>2023-04-09T08:29:00Z</time>
      </trkpt>
      <trkpt lat="68.30111" lon="19.63075">
        <time>2023-04-09T08:39:00Z</time>
      </trkpt>
      <trkpt lat="68.30111" lon="19.63075">
        <time>2023-04-09T08:39:00Z</time>
      </trkpt>
      <trkpt lat="68.3012" lon="19.66207">
        <time>2023-04-09T08:49:00Z</time>
      </trkpt>
      <trkpt lat="68.3012" lon="19.66207">
        <time>2023-04-09T08:49:00Z</time>
      </trkpt>
      <trkpt lat="68.30183" lon="19.68615">
        <time>2023-04-09T08:59:00Z</time>
      </trkpt>
      <trkpt lat="68.30183" lon="19.68615">
        <time>2023-04-09T08:59:00Z</time>
      </trkpt>
      <trkpt lat="68.30242" lon="19.70471">
        <time>2023-04-09T09:09:00Z</time>
      </trkpt>
      <trkpt lat="68.30242" lon="19.70471">
        <time>2023-04-09T09:09:00Z</time>
      </trkpt>
      <trkpt lat="68.30341" lon="19.72928">
        <time>2023-04-09T09:19:00Z</time>
      </trkpt>
      <trkpt lat="68.30341" lon="19.72928">
        <time>2023-04-09T09:19:00Z</time>
      </trkpt>
      <trkpt lat="68.30353" lon="19.73627">
        <time>2023-04-09T09:29:00Z</time>
      </trkpt>
      <trkpt lat="68.30353" lon="19.73627">
        <time>2023-04-09T09:29:00Z</time>
      </trkpt>
      <trkpt lat="68.30355" lon="19.73623">
        <time>2023-04-09T09:39:00Z</time>
      </trkpt>
      <trkpt lat="68.30355" lon="19.73623">
        <time>2023-04-09T09:39:00Z</time>
      </trkpt>
      <trkpt lat="68.30528" lon="19.7543">
        <time>2023-04-09T09:49:00Z</time>
      </trkpt>
      <trkpt lat="68.30528" lon="19.7543">
        <time>2023-04-09T09:49:00Z</time>
      </trkpt>
      <trkpt lat="68.30916" lon="19.78406">
        <time>2023-04-09T09:59:00Z</time>
      </trkpt>
      <trkpt lat="68.30916" lon="19.78406">
        <time>2023-04-09T09:59:00Z</time>
      </trkpt>
      <trkpt lat="68.31306" lon="19.8106">
        <time>2023-04-09T10:09:00Z</time>
      </trkpt>
      <trkpt lat="68.31306" lon="19.8106">
        <time>2023-04-09T10:09:00Z</time>
      </trkpt>
      <trkpt lat="68.31331" lon="19.83358">
        <time>2023-04-09T10:19:00Z</time>
      </trkpt>
      <trkpt lat="68.31331" lon="19.83358">
        <time>2023-04-09T10:19:00Z</time>
      </trkpt>
      <trkpt lat="68.31014" lon="19.85079">
        <time>2023-04-09T10:29:00Z</time>
      </trkpt>
      <trkpt lat="68.31014" lon="19.85079">
        <time>2023-04-09T10:29:00Z</time>
      </trkpt>
      <trkpt lat="68.30103" lon="19.8597">
        <time>2023-04-09T10:39:00Z</time>
      </trkpt>
      <trkpt lat="68.30103" lon="19.8597">
        <time>2023-04-09T10:39:00Z</time>
      </trkpt>
      <trkpt lat="68.29545" lon="19.87579">
        <time>2023-04-09T10:49:00Z</time>
      </trkpt>
      <trkpt lat="68.29545" lon="19.87579">
        <time>2023-04-09T10:49:00Z</time>
      </trkpt>
      <trkpt lat="68.29263" lon="19.89332">
        <time>2023-04-09T10:59:00Z</time>
      </trkpt>
      <trkpt lat="68.29263" lon="19.89332">
        <time>2023-04-09T10:59:00Z</time>
      </trkpt>
      <trkpt lat="68.29514" lon="19.89749">
        <time>2023-04-09T11:09:00Z</time>
      </trkpt>
      <trkpt lat="68.29514" lon="19.89749">
        <time>2023-04-09T11:09:00Z</time>
      </trkpt>
      <trkpt lat="68.30062" lon="19.91585">
        <time>2023-04-09T11:19:00Z</time>
      </trkpt>
      <trkpt lat="68.30062" lon="19.91585">
        <time>2023-04-09T11:19:00Z</time>
      </trkpt>
      <trkpt lat="68.30422" lon="19.92663">
        <time>2023-04-09T11:29:00Z</time>
      </trkpt>
      <trkpt lat="68.30422" lon="19.92663">
        <time>2023-04-09T11:29:00Z</time>
      </trkpt>
      <trkpt lat="68.31265" lon="19.93605">
        <time>2023-04-09T11:39:00Z</time>
      </trkpt>
      <trkpt lat="68.31265" lon="19.93605">
        <time>2023-04-09T11:39:00Z</time>
      </trkpt>
      <trkpt lat="68.31974" lon="19.94259">
        <time>2023-04-09T11:49:00Z</time>
      </trkpt>
      <trkpt lat="68.31974" lon="19.94259">
        <time>2023-04-09T11:49:00Z</time>
      </trkpt>
      <trkpt lat="68.32221" lon="19.94641">
        <time>2023-04-09T11:59:00Z</time>
      </trkpt>
      <trkpt lat="68.32221" lon="19.94641">
        <time>2023-04-09T11:59:00Z</time>
      </trkpt>
      <trkpt lat="68.32791" lon="19.95231">
        <time>2023-04-09T12:09:00Z</time>
      </trkpt>
      <trkpt lat="68.32791" lon="19.95231">
        <time>2023-04-09T12:09:00Z</time>
      </trkpt>
      <trkpt lat="68.33342" lon="19.95819">
        <time>2023-04-09T12:19:00Z</time>
      </trkpt>
      <trkpt lat="68.33342" lon="19.95819">
        <time>2023-04-09T12:19:00Z</time>
      </trkpt>
      <trkpt lat="68.33956" lon="19.96317">
        <time>2023-04-09T12:29:00Z</time>
      </trkpt>
      <trkpt lat="68.33956" lon="19.96317">
        <time>2023-04-09T12:29:00Z</time>
      </trkpt>
      <trkpt lat="68.34357" lon="19.96555">
        <time>2023-04-09T12:39:00Z</time>
      </trkpt>
      <trkpt lat="68.34357" lon="19.96555">
        <time>2023-04-09T12:39:00Z</time>
      </trkpt>
      <trkpt lat="68.348" lon="19.97274">
        <time>2023-04-09T12:49:00Z</time>
      </trkpt>
      <trkpt lat="68.348" lon="19.97274">
        <time>2023-04-09T12:49:00Z</time>
      </trkpt>
      <trkpt lat="68.34797" lon="19.97269">
        <time>2023-04-09T12:59:00Z</time>
      </trkpt>
      <trkpt lat="68.34797" lon="19.97269">
        <time>2023-04-09T12:59:00Z</time>
      </trkpt>
      <trkpt lat="68.35611" lon="20.00269">
        <time>2023-04-09T13:29:00Z</time>
      </trkpt>
      <trkpt lat="68.35611" lon="20.00269">
        <time>2023-04-09T13:29:00Z</time>
      </trkpt>
      <trkpt lat="68.35933" lon="20.01479">
        <time>2023-04-09T13:39:00Z</time>
      </trkpt>
      <trkpt lat="68.35933" lon="20.01479">
        <time>2023-04-09T13:39:00Z</time>
      </trkpt>
      <trkpt lat="68.36478" lon="20.0278">
        <time>2023-04-09T13:49:00Z</time>
      </trkpt>
      <trkpt lat="68.36478" lon="20.0278">
        <time>2023-04-09T13:49:00Z</time>
      </trkpt>
      <trkpt lat="68.36748" lon="20.04044">
        <time>2023-04-09T13:59:00Z</time>
      </trkpt>
      <trkpt lat="68.36748" lon="20.04044">
        <time>2023-04-09T13:59:00Z</time>
      </trkpt>
      <trkpt lat="68.37155" lon="20.05732">
        <time>2023-04-09T14:09:00Z</time>
      </trkpt>
      <trkpt lat="68.37155" lon="20.05732">
        <time>2023-04-09T14:09:00Z</time>
      </trkpt>
      <trkpt lat="68.37309" lon="20.07264">
        <time>2023-04-09T14:19:00Z</time>
      </trkpt>
      <trkpt lat="68.37309" lon="20.07264">
        <time>2023-04-09T14:19:00Z</time>
      </trkpt>
      <trkpt lat="68.38119" lon="20.07541">
        <time>2023-04-09T14:29:00Z</time>
      </trkpt>
      <trkpt lat="68.38119" lon="20.07541">
        <time>2023-04-09T14:29:00Z</time>
      </trkpt>
      <trkpt lat="68.3868" lon="20.07108">
        <time>2023-04-09T14:39:00Z</time>
      </trkpt>
      <trkpt lat="68.3868" lon="20.07108">
        <time>2023-04-09T14:39:00Z</time>
      </trkpt>
      <trkpt lat="68.39473" lon="20.06114">
        <time>2023-04-09T14:49:00Z</time>
      </trkpt>
      <trkpt lat="68.39473" lon="20.06114">
        <time>2023-04-09T14:49:00Z</time>
      </trkpt>
      <trkpt lat="68.39984" lon="20.06591">
        <time>2023-04-09T14:59:00Z</time>
      </trkpt>
      <trkpt lat="68.39984" lon="20.06591">
        <time>2023-04-09T14:59:00Z</time>
      </trkpt>
      <trkpt lat="68.40529" lon="20.07159">
        <time>2023-04-09T15:09:00Z</time>
      </trkpt>
      <trkpt lat="68.40529" lon="20.07159">
        <time>2023-04-09T15:09:00Z</time>
      </trkpt>
      <trkpt lat="68.41163" lon="20.08076">
        <time>2023-04-09T15:19:00Z</time>
      </trkpt>
      <trkpt lat="68.41163" lon="20.08076">
        <time>2023-04-09T15:19:00Z</time>
      </trkpt>
      <trkpt lat="68.41475" lon="20.08687">
        <time>2023-04-09T15:29:00Z</time>
      </trkpt>
      <trkpt lat="68.41475" lon="20.08687">
        <time>2023-04-09T15:29:00Z</time>
      </trkpt>
      <trkpt lat="68.41868" lon="20.10071">
        <time>2023-04-09T15:39:00Z</time>
      </trkpt>
      <trkpt lat="68.41868" lon="20.10071">
        <time>2023-04-09T15:39:00Z</time>
      </trkpt>
      <trkpt lat="68.42093" lon="20.12277">
        <time>2023-04-09T15:49:00Z</time>
      </trkpt>
      <trkpt lat="68.42093" lon="20.12277">
        <time>2023-04-09T15:49:00Z</time>
      </trkpt>
      <trkpt lat="68.42247" lon="20.14178">
        <time>2023-04-09T15:59:00Z</time>
      </trkpt>
      <trkpt lat="68.42247" lon="20.14178">
        <time>2023-04-09T15:59:00Z</time>
      </trkpt>
      <trkpt lat="68.42397" lon="20.15588">
        <time>2023-04-09T16:09:00Z</time>
      </trkpt>
      <trkpt lat="68.42397" lon="20.15588">
        <time>2023-04-09T16:09:00Z</time>
      </trkpt>
      <trkpt lat="68.43083" lon="20.16654">
        <time>2023-04-09T16:19:00Z</time>
      </trkpt>
      <trkpt lat="68.43083" lon="20.16654">
        <time>2023-04-09T16:19:00Z</time>
      </trkpt>
      <trkpt lat="68.44383" lon="20.19276">
        <time>2023-04-09T16:29:00Z</time>
      </trkpt>
      <trkpt lat="68.44383" lon="20.19276">
        <time>2023-04-09T16:29:00Z</time>
      </trkpt>
      <trkpt lat="68.44827" lon="20.19802">
        <time>2023-04-09T16:39:00Z</time>
      </trkpt>
      <trkpt lat="68.44827" lon="20.19802">
        <time>2023-04-09T16:39:00Z</time>
      </trkpt>
      <trkpt lat="68.45755" lon="20.20914">
        <time>2023-04-09T16:49:00Z</time>
      </trkpt>
      <trkpt lat="68.45755" lon="20.20914">
        <time>2023-04-09T16:49:00Z</time>
      </trkpt>
      <trkpt lat="68.46623" lon="20.21946">
        <time>2023-04-09T16:59:00Z</time>
      </trkpt>
      <trkpt lat="68.46623" lon="20.21946">
        <time>2023-04-09T16:59:00Z</time>
      </trkpt>
      <trkpt lat="68.47547" lon="20.22999">
        <time>2023-04-09T17:09:00Z</time>
      </trkpt>
      <trkpt lat="68.47547" lon="20.22999">
        <time>2023-04-09T17:09:00Z</time>
      </trkpt>
      <trkpt lat="68.47554" lon="20.22989">
        <time>2023-04-09T17:13:00Z</time>
      </trkpt>
      <trkpt lat="68.47554" lon="20.22989">
        <time>2023-04-09T17:13:00Z</time>
      </trkpt>
      <trkpt lat="68.47506" lon="20.22877">
        <time>2023-04-10T07:29:00Z</time>
      </trkpt>
      <trkpt lat="68.47506" lon="20.22877">
        <time>2023-04-10T07:29:00Z</time>
      </trkpt>
      <trkpt lat="68.48193" lon="20.24119">
        <time>2023-04-10T07:39:00Z</time>
      </trkpt>
      <trkpt lat="68.48193" lon="20.24119">
        <time>2023-04-10T07:39:00Z</time>
      </trkpt>
      <trkpt lat="68.48802" lon="20.25585">
        <time>2023-04-10T07:49:00Z</time>
      </trkpt>
      <trkpt lat="68.48802" lon="20.25585">
        <time>2023-04-10T07:49:00Z</time>
      </trkpt>
      <trkpt lat="68.49787" lon="20.28287">
        <time>2023-04-10T07:59:00Z</time>
      </trkpt>
      <trkpt lat="68.49787" lon="20.28287">
        <time>2023-04-10T07:59:00Z</time>
      </trkpt>
      <trkpt lat="68.50855" lon="20.2925">
        <time>2023-04-10T08:09:00Z</time>
      </trkpt>
      <trkpt lat="68.50855" lon="20.2925">
        <time>2023-04-10T08:09:00Z</time>
      </trkpt>
      <trkpt lat="68.52004" lon="20.29473">
        <time>2023-04-10T08:19:00Z</time>
      </trkpt>
      <trkpt lat="68.52004" lon="20.29473">
        <time>2023-04-10T08:19:00Z</time>
      </trkpt>
      <trkpt lat="68.53177" lon="20.29332">
        <time>2023-04-10T08:29:00Z</time>
      </trkpt>
      <trkpt lat="68.53177" lon="20.29332">
        <time>2023-04-10T08:29:00Z</time>
      </trkpt>
      <trkpt lat="68.54222" lon="20.2945">
        <time>2023-04-10T08:39:00Z</time>
      </trkpt>
      <trkpt lat="68.54222" lon="20.2945">
        <time>2023-04-10T08:39:00Z</time>
      </trkpt>
      <trkpt lat="68.55635" lon="20.3225">
        <time>2023-04-10T08:49:00Z</time>
      </trkpt>
      <trkpt lat="68.55635" lon="20.3225">
        <time>2023-04-10T08:49:00Z</time>
      </trkpt>
      <trkpt lat="68.56091" lon="20.33413">
        <time>2023-04-10T08:59:00Z</time>
      </trkpt>
      <trkpt lat="68.56091" lon="20.33413">
        <time>2023-04-10T08:59:00Z</time>
      </trkpt>
      <trkpt lat="68.57215" lon="20.35769">
        <time>2023-04-10T09:09:00Z</time>
      </trkpt>
      <trkpt lat="68.57215" lon="20.35769">
        <time>2023-04-10T09:09:00Z</time>
      </trkpt>
      <trkpt lat="68.57903" lon="20.37844">
        <time>2023-04-10T09:19:00Z</time>
      </trkpt>
      <trkpt lat="68.57903" lon="20.37844">
        <time>2023-04-10T09:19:00Z</time>
      </trkpt>
      <trkpt lat="68.58512" lon="20.39711">
        <time>2023-04-10T09:29:00Z</time>
      </trkpt>
      <trkpt lat="68.58512" lon="20.39711">
        <time>2023-04-10T09:29:00Z</time>
      </trkpt>
      <trkpt lat="68.59082" lon="20.40618">
        <time>2023-04-10T09:39:00Z</time>
      </trkpt>
      <trkpt lat="68.59082" lon="20.40618">
        <time>2023-04-10T09:39:00Z</time>
      </trkpt>
      <trkpt lat="68.59753" lon="20.41818">
        <time>2023-04-10T09:49:00Z</time>
      </trkpt>
      <trkpt lat="68.59753" lon="20.41818">
        <time>2023-04-10T09:49:00Z</time>
      </trkpt>
      <trkpt lat="68.60261" lon="20.41642">
        <time>2023-04-10T09:59:00Z</time>
      </trkpt>
      <trkpt lat="68.60261" lon="20.41642">
        <time>2023-04-10T09:59:00Z</time>
      </trkpt>
      <trkpt lat="68.60607" lon="20.41273">
        <time>2023-04-10T10:09:00Z</time>
      </trkpt>
      <trkpt lat="68.60607" lon="20.41273">
        <time>2023-04-10T10:09:00Z</time>
      </trkpt>
      <trkpt lat="68.61082" lon="20.41447">
        <time>2023-04-10T10:19:00Z</time>
      </trkpt>
      <trkpt lat="68.61082" lon="20.41447">
        <time>2023-04-10T10:19:00Z</time>
      </trkpt>
      <trkpt lat="68.61809" lon="20.42065">
        <time>2023-04-10T10:29:00Z</time>
      </trkpt>
      <trkpt lat="68.61809" lon="20.42065">
        <time>2023-04-10T10:29:00Z</time>
      </trkpt>
      <trkpt lat="68.62862" lon="20.42972">
        <time>2023-04-10T10:39:00Z</time>
      </trkpt>
      <trkpt lat="68.62862" lon="20.42972">
        <time>2023-04-10T10:39:00Z</time>
      </trkpt>
      <trkpt lat="68.63611" lon="20.43358">
        <time>2023-04-10T10:49:00Z</time>
      </trkpt>
      <trkpt lat="68.63611" lon="20.43358">
        <time>2023-04-10T10:49:00Z</time>
      </trkpt>
      <trkpt lat="68.64659" lon="20.43899">
        <time>2023-04-10T10:59:00Z</time>
      </trkpt>
      <trkpt lat="68.64659" lon="20.43899">
        <time>2023-04-10T10:59:00Z</time>
      </trkpt>
      <trkpt lat="68.65524" lon="20.44991">
        <time>2023-04-10T11:09:00Z</time>
      </trkpt>
      <trkpt lat="68.65524" lon="20.44991">
        <time>2023-04-10T11:09:00Z</time>
      </trkpt>
      <trkpt lat="68.65675" lon="20.45204">
        <time>2023-04-10T11:19:00Z</time>
      </trkpt>
      <trkpt lat="68.65675" lon="20.45204">
        <time>2023-04-10T11:19:00Z</time>
      </trkpt>
      <trkpt lat="68.65677" lon="20.45197">
        <time>2023-04-10T11:29:00Z</time>
      </trkpt>
      <trkpt lat="68.65677" lon="20.45197">
        <time>2023-04-10T11:29:00Z</time>
      </trkpt>
      <trkpt lat="68.6589" lon="20.45472">
        <time>2023-04-10T11:39:00Z</time>
      </trkpt>
      <trkpt lat="68.6589" lon="20.45472">
        <time>2023-04-10T11:39:00Z</time>
      </trkpt>
      <trkpt lat="68.66947" lon="20.46637">
        <time>2023-04-10T11:49:00Z</time>
      </trkpt>
      <trkpt lat="68.66947" lon="20.46637">
        <time>2023-04-10T11:49:00Z</time>
      </trkpt>
      <trkpt lat="68.68131" lon="20.47946">
        <time>2023-04-10T11:59:00Z</time>
      </trkpt>
      <trkpt lat="68.68131" lon="20.47946">
        <time>2023-04-10T11:59:00Z</time>
      </trkpt>
      <trkpt lat="68.68914" lon="20.49264">
        <time>2023-04-10T12:09:00Z</time>
      </trkpt>
      <trkpt lat="68.68914" lon="20.49264">
        <time>2023-04-10T12:09:00Z</time>
      </trkpt>
      <trkpt lat="68.7015" lon="20.50798">
        <time>2023-04-10T12:19:00Z</time>
      </trkpt>
      <trkpt lat="68.7015" lon="20.50798">
        <time>2023-04-10T12:19:00Z</time>
      </trkpt>
      <trkpt lat="68.71159" lon="20.51624">
        <time>2023-04-10T12:29:00Z</time>
      </trkpt>
      <trkpt lat="68.71159" lon="20.51624">
        <time>2023-04-10T12:29:00Z</time>
      </trkpt>
      <trkpt lat="68.72214" lon="20.51946">
        <time>2023-04-10T12:39:00Z</time>
      </trkpt>
      <trkpt lat="68.72214" lon="20.51946">
        <time>2023-04-10T12:39:00Z</time>
      </trkpt>
      <trkpt lat="68.72803" lon="20.54555">
        <time>2023-04-10T12:49:00Z</time>
      </trkpt>
      <trkpt lat="68.72803" lon="20.54555">
        <time>2023-04-10T12:49:00Z</time>
      </trkpt>
      <trkpt lat="68.73489" lon="20.56763">
        <time>2023-04-10T12:59:00Z</time>
      </trkpt>
      <trkpt lat="68.73489" lon="20.56763">
        <time>2023-04-10T12:59:00Z</time>
      </trkpt>
      <trkpt lat="68.73989" lon="20.58851">
        <time>2023-04-10T13:09:00Z</time>
      </trkpt>
      <trkpt lat="68.73989" lon="20.58851">
        <time>2023-04-10T13:09:00Z</time>
      </trkpt>
      <trkpt lat="68.74692" lon="20.60231">
        <time>2023-04-10T13:19:00Z</time>
      </trkpt>
      <trkpt lat="68.74692" lon="20.60231">
        <time>2023-04-10T13:19:00Z</time>
      </trkpt>
      <trkpt lat="68.74947" lon="20.61853">
        <time>2023-04-10T13:29:00Z</time>
      </trkpt>
      <trkpt lat="68.74947" lon="20.61853">
        <time>2023-04-10T13:29:00Z</time>
      </trkpt>
      <trkpt lat="68.75429" lon="20.62265">
        <time>2023-04-10T13:39:00Z</time>
      </trkpt>
      <trkpt lat="68.75429" lon="20.62265">
        <time>2023-04-10T13:39:00Z</time>
      </trkpt>
      <trkpt lat="68.76328" lon="20.63619">
        <time>2023-04-10T13:49:00Z</time>
      </trkpt>
      <trkpt lat="68.76328" lon="20.63619">
        <time>2023-04-10T13:49:00Z</time>
      </trkpt>
      <trkpt lat="68.76509" lon="20.64127">
        <time>2023-04-10T13:59:00Z</time>
      </trkpt>
      <trkpt lat="68.76509" lon="20.64127">
        <time>2023-04-10T13:59:00Z</time>
      </trkpt>
      <trkpt lat="68.76953" lon="20.65374">
        <time>2023-04-10T14:09:00Z</time>
      </trkpt>
      <trkpt lat="68.76953" lon="20.65374">
        <time>2023-04-10T14:09:00Z</time>
      </trkpt>
      <trkpt lat="68.77325" lon="20.66503">
        <time>2023-04-10T14:19:00Z</time>
      </trkpt>
      <trkpt lat="68.77325" lon="20.66503">
        <time>2023-04-10T14:19:00Z</time>
      </trkpt>
      <trkpt lat="68.77962" lon="20.68996">
        <time>2023-04-10T14:29:00Z</time>
      </trkpt>
      <trkpt lat="68.77962" lon="20.68996">
        <time>2023-04-10T14:29:00Z</time>
      </trkpt>
      <trkpt lat="68.78238" lon="20.70449">
        <time>2023-04-10T14:39:00Z</time>
      </trkpt>
      <trkpt lat="68.78238" lon="20.70449">
        <time>2023-04-10T14:39:00Z</time>
      </trkpt>
      <trkpt lat="68.78554" lon="20.72122">
        <time>2023-04-10T14:49:00Z</time>
      </trkpt>
      <trkpt lat="68.78554" lon="20.72122">
        <time>2023-04-10T14:49:00Z</time>
      </trkpt>
      <trkpt lat="68.7902" lon="20.74905">
        <time>2023-04-10T14:59:00Z</time>
      </trkpt>
      <trkpt lat="68.7902" lon="20.74905">
        <time>2023-04-10T14:59:00Z</time>
      </trkpt>
      <trkpt lat="68.7934" lon="20.78055">
        <time>2023-04-10T15:09:00Z</time>
      </trkpt>
      <trkpt lat="68.7934" lon="20.78055">
        <time>2023-04-10T15:09:00Z</time>
      </trkpt>
      <trkpt lat="68.7967" lon="20.80386">
        <time>2023-04-10T15:19:00Z</time>
      </trkpt>
      <trkpt lat="68.7967" lon="20.80386">
        <time>2023-04-10T15:19:00Z</time>
      </trkpt>
      <trkpt lat="68.79764" lon="20.8142">
        <time>2023-04-10T15:29:00Z</time>
      </trkpt>
      <trkpt lat="68.79764" lon="20.8142">
        <time>2023-04-10T15:29:00Z</time>
      </trkpt>
      <trkpt lat="68.79918" lon="20.82956">
        <time>2023-04-10T15:39:00Z</time>
      </trkpt>
      <trkpt lat="68.79918" lon="20.82956">
        <time>2023-04-10T15:39:00Z</time>
      </trkpt>
      <trkpt lat="68.80199" lon="20.85068">
        <time>2023-04-10T15:49:00Z</time>
      </trkpt>
      <trkpt lat="68.80199" lon="20.85068">
        <time>2023-04-10T15:49:00Z</time>
      </trkpt>
      <trkpt lat="68.80493" lon="20.85469">
        <time>2023-04-10T15:59:00Z</time>
      </trkpt>
      <trkpt lat="68.80493" lon="20.85469">
        <time>2023-04-10T15:59:00Z</time>
      </trkpt>
      <trkpt lat="68.81421" lon="20.85029">
        <time>2023-04-10T16:09:00Z</time>
      </trkpt>
      <trkpt lat="68.81421" lon="20.85029">
        <time>2023-04-10T16:09:00Z</time>
      </trkpt>
      <trkpt lat="68.82845" lon="20.858">
        <time>2023-04-10T16:19:00Z</time>
      </trkpt>
      <trkpt lat="68.82845" lon="20.858">
        <time>2023-04-10T16:19:00Z</time>
      </trkpt>
      <trkpt lat="68.84124" lon="20.8683">
        <time>2023-04-10T16:29:00Z</time>
      </trkpt>
      <trkpt lat="68.84124" lon="20.8683">
        <time>2023-04-10T16:29:00Z</time>
      </trkpt>
      <trkpt lat="68.85054" lon="20.88651">
        <time>2023-04-10T16:39:00Z</time>
      </trkpt>
      <trkpt lat="68.85054" lon="20.88651">
        <time>2023-04-10T16:39:00Z</time>
      </trkpt>
      <trkpt lat="68.84911" lon="20.90986">
        <time>2023-04-10T16:49:00Z</time>
      </trkpt>
      <trkpt lat="68.84911" lon="20.90986">
        <time>2023-04-10T16:49:00Z</time>
      </trkpt>
      <trkpt lat="68.84911" lon="20.9099">
        <time>2023-04-10T16:52:00Z</time>
      </trkpt>
      <trkpt lat="68.84911" lon="20.9099">
        <time>2023-04-10T16:52:00Z</time>
      </trkpt>
      <trkpt lat="68.8495" lon="20.91447">
        <time>2023-04-11T07:26:00Z</time>
      </trkpt>
      <trkpt lat="68.8495" lon="20.91447">
        <time>2023-04-11T07:26:00Z</time>
      </trkpt>
      <trkpt lat="68.85033" lon="20.93342">
        <time>2023-04-11T07:36:00Z</time>
      </trkpt>
      <trkpt lat="68.85033" lon="20.93342">
        <time>2023-04-11T07:36:00Z</time>
      </trkpt>
      <trkpt lat="68.85134" lon="20.96541">
        <time>2023-04-11T07:46:00Z</time>
      </trkpt>
      <trkpt lat="68.85134" lon="20.96541">
        <time>2023-04-11T07:46:00Z</time>
      </trkpt>
      <trkpt lat="68.85406" lon="20.99335">
        <time>2023-04-11T07:56:00Z</time>
      </trkpt>
      <trkpt lat="68.85406" lon="20.99335">
        <time>2023-04-11T07:56:00Z</time>
      </trkpt>
      <trkpt lat="68.85673" lon="21.00271">
        <time>2023-04-11T08:06:00Z</time>
      </trkpt>
      <trkpt lat="68.85673" lon="21.00271">
        <time>2023-04-11T08:06:00Z</time>
      </trkpt>
      <trkpt lat="68.86158" lon="21.0071">
        <time>2023-04-11T08:16:00Z</time>
      </trkpt>
      <trkpt lat="68.86158" lon="21.0071">
        <time>2023-04-11T08:16:00Z</time>
      </trkpt>
      <trkpt lat="68.86261" lon="21.01738">
        <time>2023-04-11T08:26:00Z</time>
      </trkpt>
      <trkpt lat="68.86261" lon="21.01738">
        <time>2023-04-11T08:26:00Z</time>
      </trkpt>
      <trkpt lat="68.86964" lon="21.02854">
        <time>2023-04-11T08:36:00Z</time>
      </trkpt>
      <trkpt lat="68.86964" lon="21.02854">
        <time>2023-04-11T08:36:00Z</time>
      </trkpt>
      <trkpt lat="68.87209" lon="21.02612">
        <time>2023-04-11T08:46:00Z</time>
      </trkpt>
      <trkpt lat="68.87209" lon="21.02612">
        <time>2023-04-11T08:46:00Z</time>
      </trkpt>
      <trkpt lat="68.87561" lon="20.99951">
        <time>2023-04-11T08:56:00Z</time>
      </trkpt>
      <trkpt lat="68.87561" lon="20.99951">
        <time>2023-04-11T08:56:00Z</time>
      </trkpt>
      <trkpt lat="68.87806" lon="20.96801">
        <time>2023-04-11T09:06:00Z</time>
      </trkpt>
      <trkpt lat="68.87806" lon="20.96801">
        <time>2023-04-11T09:06:00Z</time>
      </trkpt>
      <trkpt lat="68.88154" lon="20.93767">
        <time>2023-04-11T09:16:00Z</time>
      </trkpt>
      <trkpt lat="68.88154" lon="20.93767">
        <time>2023-04-11T09:16:00Z</time>
      </trkpt>
      <trkpt lat="68.88504" lon="20.90533">
        <time>2023-04-11T09:26:00Z</time>
      </trkpt>
      <trkpt lat="68.88504" lon="20.90533">
        <time>2023-04-11T09:26:00Z</time>
      </trkpt>
      <trkpt lat="68.88847" lon="20.87409">
        <time>2023-04-11T09:36:00Z</time>
      </trkpt>
      <trkpt lat="68.88847" lon="20.87409">
        <time>2023-04-11T09:36:00Z</time>
      </trkpt>
      <trkpt lat="68.89631" lon="20.85179">
        <time>2023-04-11T09:46:00Z</time>
      </trkpt>
      <trkpt lat="68.89631" lon="20.85179">
        <time>2023-04-11T09:46:00Z</time>
      </trkpt>
      <trkpt lat="68.90154" lon="20.85879">
        <time>2023-04-11T09:56:00Z</time>
      </trkpt>
      <trkpt lat="68.90154" lon="20.85879">
        <time>2023-04-11T09:56:00Z</time>
      </trkpt>
      <trkpt lat="68.90581" lon="20.86696">
        <time>2023-04-11T10:06:00Z</time>
      </trkpt>
      <trkpt lat="68.90581" lon="20.86696">
        <time>2023-04-11T10:06:00Z</time>
      </trkpt>
      <trkpt lat="68.91491" lon="20.8639">
        <time>2023-04-11T10:16:00Z</time>
      </trkpt>
      <trkpt lat="68.91491" lon="20.8639">
        <time>2023-04-11T10:16:00Z</time>
      </trkpt>
      <trkpt lat="68.923" lon="20.85278">
        <time>2023-04-11T10:26:00Z</time>
      </trkpt>
      <trkpt lat="68.923" lon="20.85278">
        <time>2023-04-11T10:26:00Z</time>
      </trkpt>
      <trkpt lat="68.93255" lon="20.84969">
        <time>2023-04-11T10:36:00Z</time>
      </trkpt>
      <trkpt lat="68.93255" lon="20.84969">
        <time>2023-04-11T10:36:00Z</time>
      </trkpt>
      <trkpt lat="68.93794" lon="20.85205">
        <time>2023-04-11T10:46:00Z</time>
      </trkpt>
      <trkpt lat="68.93794" lon="20.85205">
        <time>2023-04-11T10:46:00Z</time>
      </trkpt>
      <trkpt lat="68.93878" lon="20.85662">
        <time>2023-04-11T10:56:00Z</time>
      </trkpt>
      <trkpt lat="68.93878" lon="20.85662">
        <time>2023-04-11T10:56:00Z</time>
      </trkpt>
      <trkpt lat="68.94481" lon="20.87765">
        <time>2023-04-11T11:06:00Z</time>
      </trkpt>
      <trkpt lat="68.94481" lon="20.87765">
        <time>2023-04-11T11:06:00Z</time>
      </trkpt>
      <trkpt lat="68.9536" lon="20.89445">
        <time>2023-04-11T11:16:00Z</time>
      </trkpt>
      <trkpt lat="68.9536" lon="20.89445">
        <time>2023-04-11T11:16:00Z</time>
      </trkpt>
      <trkpt lat="68.96362" lon="20.8975">
        <time>2023-04-11T11:26:00Z</time>
      </trkpt>
      <trkpt lat="68.96362" lon="20.8975">
        <time>2023-04-11T11:26:00Z</time>
      </trkpt>
      <trkpt lat="68.97004" lon="20.88705">
        <time>2023-04-11T11:36:00Z</time>
      </trkpt>
      <trkpt lat="68.97004" lon="20.88705">
        <time>2023-04-11T11:36:00Z</time>
      </trkpt>
      <trkpt lat="68.9777" lon="20.87321">
        <time>2023-04-11T11:46:00Z</time>
      </trkpt>
      <trkpt lat="68.9777" lon="20.87321">
        <time>2023-04-11T11:46:00Z</time>
      </trkpt>
      <trkpt lat="68.98584" lon="20.85862">
        <time>2023-04-11T11:56:00Z</time>
      </trkpt>
      <trkpt lat="68.98584" lon="20.85862">
        <time>2023-04-11T11:56:00Z</time>
      </trkpt>
      <trkpt lat="68.98954" lon="20.85203">
        <time>2023-04-11T12:06:00Z</time>
      </trkpt>
      <trkpt lat="68.98954" lon="20.85203">
        <time>2023-04-11T12:06:00Z</time>
      </trkpt>
      <trkpt lat="68.98947" lon="20.85229">
        <time>2023-04-11T12:16:00Z</time>
      </trkpt>
      <trkpt lat="68.98947" lon="20.85229">
        <time>2023-04-11T12:16:00Z</time>
      </trkpt>
      <trkpt lat="68.99356" lon="20.84089">
        <time>2023-04-11T12:46:00Z</time>
      </trkpt>
      <trkpt lat="68.99356" lon="20.84089">
        <time>2023-04-11T12:46:00Z</time>
      </trkpt>
      <trkpt lat="69.00087" lon="20.82111">
        <time>2023-04-11T12:56:00Z</time>
      </trkpt>
      <trkpt lat="69.00087" lon="20.82111">
        <time>2023-04-11T12:56:00Z</time>
      </trkpt>
      <trkpt lat="69.00708" lon="20.79974">
        <time>2023-04-11T13:06:00Z</time>
      </trkpt>
      <trkpt lat="69.00708" lon="20.79974">
        <time>2023-04-11T13:06:00Z</time>
      </trkpt>
      <trkpt lat="69.01323" lon="20.77937">
        <time>2023-04-11T13:16:00Z</time>
      </trkpt>
      <trkpt lat="69.01323" lon="20.77937">
        <time>2023-04-11T13:16:00Z</time>
      </trkpt>
      <trkpt lat="69.01962" lon="20.75957">
        <time>2023-04-11T13:26:00Z</time>
      </trkpt>
      <trkpt lat="69.01962" lon="20.75957">
        <time>2023-04-11T13:26:00Z</time>
      </trkpt>
      <trkpt lat="69.02655" lon="20.74146">
        <time>2023-04-11T13:36:00Z</time>
      </trkpt>
      <trkpt lat="69.02655" lon="20.74146">
        <time>2023-04-11T13:36:00Z</time>
      </trkpt>
      <trkpt lat="69.03009" lon="20.72753">
        <time>2023-04-11T13:46:00Z</time>
      </trkpt>
      <trkpt lat="69.03009" lon="20.72753">
        <time>2023-04-11T13:46:00Z</time>
      </trkpt>
      <trkpt lat="69.0353" lon="20.70762">
        <time>2023-04-11T13:56:00Z</time>
      </trkpt>
      <trkpt lat="69.0353" lon="20.70762">
        <time>2023-04-11T13:56:00Z</time>
      </trkpt>
      <trkpt lat="69.03899" lon="20.68715">
        <time>2023-04-11T14:06:00Z</time>
      </trkpt>
      <trkpt lat="69.03899" lon="20.68715">
        <time>2023-04-11T14:06:00Z</time>
      </trkpt>
      <trkpt lat="69.0417" lon="20.66488">
        <time>2023-04-11T14:16:00Z</time>
      </trkpt>
      <trkpt lat="69.0417" lon="20.66488">
        <time>2023-04-11T14:16:00Z</time>
      </trkpt>
      <trkpt lat="69.04379" lon="20.64026">
        <time>2023-04-11T14:26:00Z</time>
      </trkpt>
      <trkpt lat="69.04379" lon="20.64026">
        <time>2023-04-11T14:26:00Z</time>
      </trkpt>
      <trkpt lat="69.04578" lon="20.61632">
        <time>2023-04-11T14:36:00Z</time>
      </trkpt>
      <trkpt lat="69.04578" lon="20.61632">
        <time>2023-04-11T14:36:00Z</time>
      </trkpt>
      <trkpt lat="69.04633" lon="20.60992">
        <time>2023-04-11T14:46:00Z</time>
      </trkpt>
      <trkpt lat="69.04633" lon="20.60992">
        <time>2023-04-11T14:46:00Z</time>
      </trkpt>
      <trkpt lat="69.04621" lon="20.60945">
        <time>2023-04-11T14:56:00Z</time>
      </trkpt>
      <trkpt lat="69.04621" lon="20.60945">
        <time>2023-04-11T14:56:00Z</time>
      </trkpt>
      <trkpt lat="69.04769" lon="20.60338">
        <time>2023-04-11T15:06:00Z</time>
      </trkpt>
      <trkpt lat="69.04769" lon="20.60338">
        <time>2023-04-11T15:06:00Z</time>
      </trkpt>
      <trkpt lat="69.05257" lon="20.5734">
        <time>2023-04-11T15:16:00Z</time>
      </trkpt>
      <trkpt lat="69.05257" lon="20.5734">
        <time>2023-04-11T15:16:00Z</time>
      </trkpt>
      <trkpt lat="69.05989" lon="20.54883">
        <time>2023-04-11T15:26:00Z</time>
      </trkpt>
      <trkpt lat="69.05989" lon="20.54883">
        <time>2023-04-11T15:26:00Z</time>
      </trkpt>
      <trkpt lat="69.05987" lon="20.54845">
        <time>2023-04-11T15:33:00Z</time>
      </trkpt>
      <trkpt lat="69.05987" lon="20.54845">
        <time>2023-04-11T15:33:00Z</time>
      </trkpt>
    </trkseg>
  </trk>
</gpx>
