<?xml version="1.0" encoding="UTF-8"?>
<gpx xmlns="http://www.topografix.com/GPX/1/1" version="1.1" creator="VitaBandet">
  <metadata>
    <name>Evelina Silokangas's Band</name>
  </metadata>
  <trk>
    <name>Evelina Silokangas's Band</name>
    <trkseg>
      <trkpt lat="62.09831" lon="12.31222">
        <time>2020-02-12T09:25:00Z</time>
      </trkpt>
      <trkpt lat="62.09874" lon="12.31308">
        <time>2020-02-12T09:35:00Z</time>
      </trkpt>
      <trkpt lat="62.0987" lon="12.31308">
        <time>2020-02-12T09:45:00Z</time>
      </trkpt>
      <trkpt lat="62.09872" lon="12.31312">
        <time>2020-02-12T09:54:00Z</time>
      </trkpt>
      <trkpt lat="62.0987" lon="12.3131">
        <time>2020-02-12T09:56:00Z</time>
      </trkpt>
      <trkpt lat="62.09883" lon="12.31331">
        <time>2020-02-12T10:14:00Z</time>
      </trkpt>
      <trkpt lat="62.09809" lon="12.31844">
        <time>2020-02-12T10:25:00Z</time>
      </trkpt>
      <trkpt lat="62.09873" lon="12.32091">
        <time>2020-02-12T10:34:00Z</time>
      </trkpt>
      <trkpt lat="62.09939" lon="12.32406">
        <time>2020-02-12T10:44:00Z</time>
      </trkpt>
      <trkpt lat="62.09812" lon="12.32915">
        <time>2020-02-12T10:54:00Z</time>
      </trkpt>
      <trkpt lat="62.09828" lon="12.33196">
        <time>2020-02-12T11:04:00Z</time>
      </trkpt>
      <trkpt lat="62.10079" lon="12.33494">
        <time>2020-02-12T11:14:00Z</time>
      </trkpt>
      <trkpt lat="62.1039" lon="12.34243">
        <time>2020-02-12T11:24:00Z</time>
      </trkpt>
      <trkpt lat="62.10678" lon="12.34973">
        <time>2020-02-12T11:33:00Z</time>
      </trkpt>
      <trkpt lat="62.11131" lon="12.3549">
        <time>2020-02-12T11:43:00Z</time>
      </trkpt>
      <trkpt lat="62.11489" lon="12.35447">
        <time>2020-02-12T11:53:00Z</time>
      </trkpt>
      <trkpt lat="62.11902" lon="12.35153">
        <time>2020-02-12T12:03:00Z</time>
      </trkpt>
      <trkpt lat="62.12225" lon="12.35342">
        <time>2020-02-12T12:17:00Z</time>
      </trkpt>
      <trkpt lat="62.12614" lon="12.35614">
        <time>2020-02-12T12:24:00Z</time>
      </trkpt>
      <trkpt lat="62.12704" lon="12.35672">
        <time>2020-02-12T12:33:00Z</time>
      </trkpt>
      <trkpt lat="62.12704" lon="12.35672">
        <time>2020-02-12T12:43:00Z</time>
      </trkpt>
      <trkpt lat="62.12891" lon="12.35803">
        <time>2020-02-12T12:53:00Z</time>
      </trkpt>
      <trkpt lat="62.13358" lon="12.3611">
        <time>2020-02-12T13:03:00Z</time>
      </trkpt>
      <trkpt lat="62.13813" lon="12.36239">
        <time>2020-02-12T13:13:00Z</time>
      </trkpt>
      <trkpt lat="62.14469" lon="12.36668">
        <time>2020-02-12T13:24:00Z</time>
      </trkpt>
      <trkpt lat="62.1494" lon="12.36977">
        <time>2020-02-12T13:33:00Z</time>
      </trkpt>
      <trkpt lat="62.15664" lon="12.37518">
        <time>2020-02-12T13:43:00Z</time>
      </trkpt>
      <trkpt lat="62.15838" lon="12.37618">
        <time>2020-02-12T13:53:00Z</time>
      </trkpt>
      <trkpt lat="62.16984" lon="12.37934">
        <time>2020-02-12T14:03:00Z</time>
      </trkpt>
      <trkpt lat="62.1783" lon="12.38442">
        <time>2020-02-12T14:13:00Z</time>
      </trkpt>
      <trkpt lat="62.18137" lon="12.38885">
        <time>2020-02-12T14:22:00Z</time>
      </trkpt>
      <trkpt lat="62.18631" lon="12.39142">
        <time>2020-02-12T14:32:00Z</time>
      </trkpt>
      <trkpt lat="62.18888" lon="12.39065">
        <time>2020-02-12T14:42:00Z</time>
      </trkpt>
      <trkpt lat="62.19558" lon="12.38573">
        <time>2020-02-12T14:52:00Z</time>
      </trkpt>
      <trkpt lat="62.20235" lon="12.38084">
        <time>2020-02-12T15:02:00Z</time>
      </trkpt>
      <trkpt lat="62.20651" lon="12.37769">
        <time>2020-02-12T15:13:00Z</time>
      </trkpt>
      <trkpt lat="62.20657" lon="12.37766">
        <time>2020-02-12T15:23:00Z</time>
      </trkpt>
      <trkpt lat="62.2072" lon="12.37648">
        <time>2020-02-12T15:32:00Z</time>
      </trkpt>
      <trkpt lat="62.21095" lon="12.36827">
        <time>2020-02-12T15:42:00Z</time>
      </trkpt>
      <trkpt lat="62.21492" lon="12.35968">
        <time>2020-02-12T15:52:00Z</time>
      </trkpt>
      <trkpt lat="62.21794" lon="12.35316">
        <time>2020-02-12T16:02:00Z</time>
      </trkpt>
      <trkpt lat="62.22319" lon="12.34859">
        <time>2020-02-12T16:12:00Z</time>
      </trkpt>
      <trkpt lat="62.22675" lon="12.35194">
        <time>2020-02-12T16:22:00Z</time>
      </trkpt>
      <trkpt lat="62.22675" lon="12.35194">
        <time>2020-02-12T16:32:00Z</time>
      </trkpt>
      <trkpt lat="62.22826" lon="12.35331">
        <time>2020-02-12T16:41:00Z</time>
      </trkpt>
      <trkpt lat="62.23539" lon="12.35166">
        <time>2020-02-12T16:51:00Z</time>
      </trkpt>
      <trkpt lat="62.23978" lon="12.3485">
        <time>2020-02-12T17:01:00Z</time>
      </trkpt>
      <trkpt lat="62.24308" lon="12.34758">
        <time>2020-02-12T17:11:00Z</time>
      </trkpt>
      <trkpt lat="62.2438" lon="12.34417">
        <time>2020-02-12T17:22:00Z</time>
      </trkpt>
      <trkpt lat="62.24353" lon="12.34378">
        <time>2020-02-12T17:31:00Z</time>
      </trkpt>
      <trkpt lat="62.24353" lon="12.34381">
        <time>2020-02-12T17:35:00Z</time>
      </trkpt>
      <trkpt lat="62.24353" lon="12.34378">
        <time>2020-02-12T17:41:00Z</time>
      </trkpt>
      <trkpt lat="62.24353" lon="12.34378">
        <time>2020-02-12T17:51:00Z</time>
      </trkpt>
      <trkpt lat="62.24353" lon="12.34376">
        <time>2020-02-12T18:01:00Z</time>
      </trkpt>
      <trkpt lat="62.24353" lon="12.34372">
        <time>2020-02-13T09:10:00Z</time>
      </trkpt>
      <trkpt lat="62.24355" lon="12.34378">
        <time>2020-02-13T09:19:00Z</time>
      </trkpt>
      <trkpt lat="62.24356" lon="12.34372">
        <time>2020-02-13T09:33:00Z</time>
      </trkpt>
      <trkpt lat="62.24381" lon="12.34415">
        <time>2020-02-13T09:39:00Z</time>
      </trkpt>
      <trkpt lat="62.24765" lon="12.34726">
        <time>2020-02-13T09:49:00Z</time>
      </trkpt>
      <trkpt lat="62.25225" lon="12.34891">
        <time>2020-02-13T09:59:00Z</time>
      </trkpt>
      <trkpt lat="62.25827" lon="12.35258">
        <time>2020-02-13T10:09:00Z</time>
      </trkpt>
      <trkpt lat="62.25977" lon="12.35833">
        <time>2020-02-13T10:19:00Z</time>
      </trkpt>
      <trkpt lat="62.2588" lon="12.36524">
        <time>2020-02-13T10:29:00Z</time>
      </trkpt>
      <trkpt lat="62.2594" lon="12.37052">
        <time>2020-02-13T10:39:00Z</time>
      </trkpt>
      <trkpt lat="62.26298" lon="12.38116">
        <time>2020-02-13T10:49:00Z</time>
      </trkpt>
      <trkpt lat="62.26547" lon="12.38373">
        <time>2020-02-13T10:59:00Z</time>
      </trkpt>
      <trkpt lat="62.27221" lon="12.38914">
        <time>2020-02-13T11:09:00Z</time>
      </trkpt>
      <trkpt lat="62.27682" lon="12.39286">
        <time>2020-02-13T11:18:00Z</time>
      </trkpt>
      <trkpt lat="62.28062" lon="12.39773">
        <time>2020-02-13T11:28:00Z</time>
      </trkpt>
      <trkpt lat="62.28085" lon="12.39833">
        <time>2020-02-13T11:38:00Z</time>
      </trkpt>
      <trkpt lat="62.28085" lon="12.39839">
        <time>2020-02-13T11:48:00Z</time>
      </trkpt>
      <trkpt lat="62.29025" lon="12.40663">
        <time>2020-02-13T12:25:00Z</time>
      </trkpt>
      <trkpt lat="62.29235" lon="12.4135">
        <time>2020-02-13T12:35:00Z</time>
      </trkpt>
      <trkpt lat="62.29282" lon="12.42105">
        <time>2020-02-13T12:45:00Z</time>
      </trkpt>
      <trkpt lat="62.29555" lon="12.4285">
        <time>2020-02-13T12:55:00Z</time>
      </trkpt>
      <trkpt lat="62.29961" lon="12.43515">
        <time>2020-02-13T13:04:00Z</time>
      </trkpt>
      <trkpt lat="62.30503" lon="12.43592">
        <time>2020-02-13T13:15:00Z</time>
      </trkpt>
      <trkpt lat="62.30998" lon="12.43996">
        <time>2020-02-13T13:24:00Z</time>
      </trkpt>
      <trkpt lat="62.31469" lon="12.44384">
        <time>2020-02-13T13:34:00Z</time>
      </trkpt>
      <trkpt lat="62.31754" lon="12.44612">
        <time>2020-02-13T13:44:00Z</time>
      </trkpt>
      <trkpt lat="62.31779" lon="12.44581">
        <time>2020-02-13T14:09:00Z</time>
      </trkpt>
      <trkpt lat="62.32048" lon="12.43918">
        <time>2020-02-13T14:19:00Z</time>
      </trkpt>
      <trkpt lat="62.32396" lon="12.43056">
        <time>2020-02-13T14:29:00Z</time>
      </trkpt>
      <trkpt lat="62.32458" lon="12.42901">
        <time>2020-02-13T14:39:00Z</time>
      </trkpt>
      <trkpt lat="62.32799" lon="12.42064">
        <time>2020-02-13T14:49:00Z</time>
      </trkpt>
      <trkpt lat="62.33072" lon="12.41352">
        <time>2020-02-13T14:59:00Z</time>
      </trkpt>
      <trkpt lat="62.33348" lon="12.40537">
        <time>2020-02-13T15:09:00Z</time>
      </trkpt>
      <trkpt lat="62.3348" lon="12.4014">
        <time>2020-02-13T15:19:00Z</time>
      </trkpt>
      <trkpt lat="62.33634" lon="12.39683">
        <time>2020-02-13T15:29:00Z</time>
      </trkpt>
      <trkpt lat="62.33959" lon="12.38717">
        <time>2020-02-13T15:39:00Z</time>
      </trkpt>
      <trkpt lat="62.34205" lon="12.37988">
        <time>2020-02-13T15:49:00Z</time>
      </trkpt>
      <trkpt lat="62.3449" lon="12.37142">
        <time>2020-02-13T15:59:00Z</time>
      </trkpt>
      <trkpt lat="62.34784" lon="12.36269">
        <time>2020-02-13T16:09:00Z</time>
      </trkpt>
      <trkpt lat="62.34805" lon="12.36213">
        <time>2020-02-13T16:19:00Z</time>
      </trkpt>
      <trkpt lat="62.3504" lon="12.35554">
        <time>2020-02-13T16:28:00Z</time>
      </trkpt>
      <trkpt lat="62.35367" lon="12.34872">
        <time>2020-02-13T16:38:00Z</time>
      </trkpt>
      <trkpt lat="62.35507" lon="12.34593">
        <time>2020-02-13T16:48:00Z</time>
      </trkpt>
      <trkpt lat="62.35538" lon="12.34503">
        <time>2020-02-13T16:58:00Z</time>
      </trkpt>
      <trkpt lat="62.35808" lon="12.34121">
        <time>2020-02-13T17:08:00Z</time>
      </trkpt>
      <trkpt lat="62.36081" lon="12.34187">
        <time>2020-02-13T17:19:00Z</time>
      </trkpt>
      <trkpt lat="62.36448" lon="12.34067">
        <time>2020-02-13T17:28:00Z</time>
      </trkpt>
      <trkpt lat="62.36763" lon="12.3385">
        <time>2020-02-13T17:38:00Z</time>
      </trkpt>
      <trkpt lat="62.37089" lon="12.33593">
        <time>2020-02-13T17:48:00Z</time>
      </trkpt>
      <trkpt lat="62.37433" lon="12.32799">
        <time>2020-02-13T17:58:00Z</time>
      </trkpt>
      <trkpt lat="62.3755" lon="12.32499">
        <time>2020-02-13T18:08:00Z</time>
      </trkpt>
      <trkpt lat="62.37816" lon="12.31627">
        <time>2020-02-13T18:18:00Z</time>
      </trkpt>
      <trkpt lat="62.37889" lon="12.31434">
        <time>2020-02-13T18:28:00Z</time>
      </trkpt>
      <trkpt lat="62.38073" lon="12.30688">
        <time>2020-02-13T18:38:00Z</time>
      </trkpt>
      <trkpt lat="62.38393" lon="12.29964">
        <time>2020-02-13T18:48:00Z</time>
      </trkpt>
      <trkpt lat="62.38715" lon="12.29321">
        <time>2020-02-13T18:58:00Z</time>
      </trkpt>
      <trkpt lat="62.38755" lon="12.28928">
        <time>2020-02-13T19:08:00Z</time>
      </trkpt>
      <trkpt lat="62.38761" lon="12.28859">
        <time>2020-02-13T19:18:00Z</time>
      </trkpt>
      <trkpt lat="62.38795" lon="12.28806">
        <time>2020-02-13T19:27:00Z</time>
      </trkpt>
      <trkpt lat="62.38795" lon="12.28804">
        <time>2020-02-13T19:30:00Z</time>
      </trkpt>
      <trkpt lat="62.38795" lon="12.28806">
        <time>2020-02-13T19:37:00Z</time>
      </trkpt>
      <trkpt lat="62.38795" lon="12.2881">
        <time>2020-02-13T19:47:00Z</time>
      </trkpt>
      <trkpt lat="62.38776" lon="12.28814">
        <time>2020-02-14T09:49:00Z</time>
      </trkpt>
      <trkpt lat="62.38776" lon="12.28814">
        <time>2020-02-14T09:49:00Z</time>
      </trkpt>
      <trkpt lat="62.38792" lon="12.28795">
        <time>2020-02-14T09:58:00Z</time>
      </trkpt>
      <trkpt lat="62.38795" lon="12.28808">
        <time>2020-02-14T10:08:00Z</time>
      </trkpt>
      <trkpt lat="62.38794" lon="12.28802">
        <time>2020-02-14T10:18:00Z</time>
      </trkpt>
      <trkpt lat="62.38794" lon="12.28793">
        <time>2020-02-14T10:28:00Z</time>
      </trkpt>
      <trkpt lat="62.38877" lon="12.28649">
        <time>2020-02-14T10:39:00Z</time>
      </trkpt>
      <trkpt lat="62.39216" lon="12.28357">
        <time>2020-02-14T10:49:00Z</time>
      </trkpt>
      <trkpt lat="62.39519" lon="12.28104">
        <time>2020-02-14T10:58:00Z</time>
      </trkpt>
      <trkpt lat="62.39656" lon="12.28057">
        <time>2020-02-14T11:08:00Z</time>
      </trkpt>
      <trkpt lat="62.39811" lon="12.27962">
        <time>2020-02-14T11:18:00Z</time>
      </trkpt>
      <trkpt lat="62.39967" lon="12.27789">
        <time>2020-02-14T11:28:00Z</time>
      </trkpt>
      <trkpt lat="62.39965" lon="12.27789">
        <time>2020-02-14T11:38:00Z</time>
      </trkpt>
      <trkpt lat="62.40195" lon="12.27559">
        <time>2020-02-14T11:48:00Z</time>
      </trkpt>
      <trkpt lat="62.4059" lon="12.2737">
        <time>2020-02-14T11:58:00Z</time>
      </trkpt>
      <trkpt lat="62.4092" lon="12.27372">
        <time>2020-02-14T12:07:00Z</time>
      </trkpt>
      <trkpt lat="62.41219" lon="12.27894">
        <time>2020-02-14T12:17:00Z</time>
      </trkpt>
      <trkpt lat="62.41523" lon="12.27879">
        <time>2020-02-14T12:27:00Z</time>
      </trkpt>
      <trkpt lat="62.41755" lon="12.28012">
        <time>2020-02-14T12:37:00Z</time>
      </trkpt>
      <trkpt lat="62.41848" lon="12.28076">
        <time>2020-02-14T12:48:00Z</time>
      </trkpt>
      <trkpt lat="62.42083" lon="12.28679">
        <time>2020-02-14T12:57:00Z</time>
      </trkpt>
      <trkpt lat="62.42149" lon="12.28795">
        <time>2020-02-14T13:07:00Z</time>
      </trkpt>
      <trkpt lat="62.42297" lon="12.28934">
        <time>2020-02-14T13:17:00Z</time>
      </trkpt>
      <trkpt lat="62.42656" lon="12.29323">
        <time>2020-02-14T13:27:00Z</time>
      </trkpt>
      <trkpt lat="62.42829" lon="12.29514">
        <time>2020-02-14T13:37:00Z</time>
      </trkpt>
      <trkpt lat="62.42957" lon="12.29679">
        <time>2020-02-14T13:47:00Z</time>
      </trkpt>
      <trkpt lat="62.43262" lon="12.2954">
        <time>2020-02-14T13:57:00Z</time>
      </trkpt>
      <trkpt lat="62.43652" lon="12.29336">
        <time>2020-02-14T14:07:00Z</time>
      </trkpt>
      <trkpt lat="62.43653" lon="12.29331">
        <time>2020-02-14T14:17:00Z</time>
      </trkpt>
      <trkpt lat="62.43972" lon="12.29001">
        <time>2020-02-14T14:27:00Z</time>
      </trkpt>
      <trkpt lat="62.44163" lon="12.28754">
        <time>2020-02-14T14:37:00Z</time>
      </trkpt>
      <trkpt lat="62.4447" lon="12.29035">
        <time>2020-02-14T14:47:00Z</time>
      </trkpt>
      <trkpt lat="62.44679" lon="12.28664">
        <time>2020-02-14T14:56:00Z</time>
      </trkpt>
      <trkpt lat="62.4482" lon="12.28392">
        <time>2020-02-14T15:06:00Z</time>
      </trkpt>
      <trkpt lat="62.45057" lon="12.28125">
        <time>2020-02-14T15:16:00Z</time>
      </trkpt>
      <trkpt lat="62.45147" lon="12.28108">
        <time>2020-02-14T15:26:00Z</time>
      </trkpt>
      <trkpt lat="62.45577" lon="12.28061">
        <time>2020-02-14T15:36:00Z</time>
      </trkpt>
      <trkpt lat="62.45828" lon="12.28244">
        <time>2020-02-14T15:47:00Z</time>
      </trkpt>
      <trkpt lat="62.46126" lon="12.28357">
        <time>2020-02-14T15:56:00Z</time>
      </trkpt>
      <trkpt lat="62.46298" lon="12.28666">
        <time>2020-02-14T16:06:00Z</time>
      </trkpt>
      <trkpt lat="62.46541" lon="12.28452">
        <time>2020-02-14T16:16:00Z</time>
      </trkpt>
      <trkpt lat="62.46649" lon="12.28362">
        <time>2020-02-14T16:26:00Z</time>
      </trkpt>
      <trkpt lat="62.46754" lon="12.28422">
        <time>2020-02-14T16:37:00Z</time>
      </trkpt>
      <trkpt lat="62.46754" lon="12.28422">
        <time>2020-02-14T16:47:00Z</time>
      </trkpt>
      <trkpt lat="62.46879" lon="12.28522">
        <time>2020-02-14T16:56:00Z</time>
      </trkpt>
      <trkpt lat="62.47011" lon="12.28664">
        <time>2020-02-14T17:06:00Z</time>
      </trkpt>
      <trkpt lat="62.47113" lon="12.28645">
        <time>2020-02-14T17:16:00Z</time>
      </trkpt>
      <trkpt lat="62.47214" lon="12.28823">
        <time>2020-02-14T17:26:00Z</time>
      </trkpt>
      <trkpt lat="62.47373" lon="12.28737">
        <time>2020-02-14T17:36:00Z</time>
      </trkpt>
      <trkpt lat="62.47674" lon="12.27973">
        <time>2020-02-14T17:46:00Z</time>
      </trkpt>
      <trkpt lat="62.47849" lon="12.27544">
        <time>2020-02-14T17:56:00Z</time>
      </trkpt>
      <trkpt lat="62.48209" lon="12.27263">
        <time>2020-02-14T18:05:00Z</time>
      </trkpt>
      <trkpt lat="62.48318" lon="12.27235">
        <time>2020-02-14T18:15:00Z</time>
      </trkpt>
      <trkpt lat="62.48775" lon="12.27001">
        <time>2020-02-14T18:25:00Z</time>
      </trkpt>
      <trkpt lat="62.49028" lon="12.26917">
        <time>2020-02-14T18:35:00Z</time>
      </trkpt>
      <trkpt lat="62.4967" lon="12.26999">
        <time>2020-02-14T18:46:00Z</time>
      </trkpt>
      <trkpt lat="62.50301" lon="12.27222">
        <time>2020-02-14T18:55:00Z</time>
      </trkpt>
      <trkpt lat="62.50954" lon="12.27525">
        <time>2020-02-14T19:05:00Z</time>
      </trkpt>
      <trkpt lat="62.51403" lon="12.281">
        <time>2020-02-14T19:15:00Z</time>
      </trkpt>
      <trkpt lat="62.52039" lon="12.28774">
        <time>2020-02-14T19:25:00Z</time>
      </trkpt>
      <trkpt lat="62.52038" lon="12.28769">
        <time>2020-02-14T19:32:00Z</time>
      </trkpt>
      <trkpt lat="62.52039" lon="12.28767">
        <time>2020-02-14T19:35:00Z</time>
      </trkpt>
      <trkpt lat="62.52038" lon="12.28769">
        <time>2020-02-14T19:45:00Z</time>
      </trkpt>
      <trkpt lat="62.52039" lon="12.28769">
        <time>2020-02-14T19:55:00Z</time>
      </trkpt>
      <trkpt lat="62.52039" lon="12.28769">
        <time>2020-02-14T20:05:00Z</time>
      </trkpt>
      <trkpt lat="62.52039" lon="12.28769">
        <time>2020-02-14T20:14:00Z</time>
      </trkpt>
      <trkpt lat="62.5204" lon="12.28767">
        <time>2020-02-14T20:24:00Z</time>
      </trkpt>
      <trkpt lat="62.52039" lon="12.28774">
        <time>2020-02-15T10:51:00Z</time>
      </trkpt>
      <trkpt lat="62.52039" lon="12.28774">
        <time>2020-02-15T10:51:00Z</time>
      </trkpt>
      <trkpt lat="62.52408" lon="12.29111">
        <time>2020-02-15T11:00:00Z</time>
      </trkpt>
      <trkpt lat="62.52805" lon="12.29825">
        <time>2020-02-15T11:10:00Z</time>
      </trkpt>
      <trkpt lat="62.53265" lon="12.3104">
        <time>2020-02-15T11:20:00Z</time>
      </trkpt>
      <trkpt lat="62.53954" lon="12.31739">
        <time>2020-02-15T11:30:00Z</time>
      </trkpt>
      <trkpt lat="62.54254" lon="12.32715">
        <time>2020-02-15T11:40:00Z</time>
      </trkpt>
      <trkpt lat="62.54356" lon="12.33097">
        <time>2020-02-15T11:50:00Z</time>
      </trkpt>
      <trkpt lat="62.54566" lon="12.33157">
        <time>2020-02-15T12:00:00Z</time>
      </trkpt>
      <trkpt lat="62.54698" lon="12.33072">
        <time>2020-02-15T12:10:00Z</time>
      </trkpt>
      <trkpt lat="62.54694" lon="12.33065">
        <time>2020-02-15T12:30:00Z</time>
      </trkpt>
      <trkpt lat="62.54771" lon="12.33187">
        <time>2020-02-15T12:40:00Z</time>
      </trkpt>
      <trkpt lat="62.5499" lon="12.33376">
        <time>2020-02-15T12:50:00Z</time>
      </trkpt>
      <trkpt lat="62.55219" lon="12.33526">
        <time>2020-02-15T13:00:00Z</time>
      </trkpt>
      <trkpt lat="62.55434" lon="12.3364">
        <time>2020-02-15T13:10:00Z</time>
      </trkpt>
      <trkpt lat="62.55563" lon="12.33786">
        <time>2020-02-15T13:20:00Z</time>
      </trkpt>
      <trkpt lat="62.55824" lon="12.33868">
        <time>2020-02-15T13:29:00Z</time>
      </trkpt>
      <trkpt lat="62.55944" lon="12.33874">
        <time>2020-02-15T13:40:00Z</time>
      </trkpt>
      <trkpt lat="62.55944" lon="12.33876">
        <time>2020-02-15T13:50:00Z</time>
      </trkpt>
      <trkpt lat="62.56061" lon="12.33804">
        <time>2020-02-15T13:59:00Z</time>
      </trkpt>
      <trkpt lat="62.56374" lon="12.33632">
        <time>2020-02-15T14:09:00Z</time>
      </trkpt>
      <trkpt lat="62.56635" lon="12.33421">
        <time>2020-02-15T14:19:00Z</time>
      </trkpt>
      <trkpt lat="62.57039" lon="12.33089">
        <time>2020-02-15T14:29:00Z</time>
      </trkpt>
      <trkpt lat="62.57412" lon="12.32878">
        <time>2020-02-15T14:40:00Z</time>
      </trkpt>
      <trkpt lat="62.58253" lon="12.33093">
        <time>2020-02-15T14:50:00Z</time>
      </trkpt>
      <trkpt lat="62.58879" lon="12.32915">
        <time>2020-02-15T14:59:00Z</time>
      </trkpt>
      <trkpt lat="62.59286" lon="12.32872">
        <time>2020-02-15T15:09:00Z</time>
      </trkpt>
      <trkpt lat="62.59309" lon="12.32876">
        <time>2020-02-15T15:19:00Z</time>
      </trkpt>
      <trkpt lat="62.59669" lon="12.32981">
        <time>2020-02-15T15:29:00Z</time>
      </trkpt>
      <trkpt lat="62.60162" lon="12.32962">
        <time>2020-02-15T15:39:00Z</time>
      </trkpt>
      <trkpt lat="62.60917" lon="12.32812">
        <time>2020-02-15T15:49:00Z</time>
      </trkpt>
      <trkpt lat="62.61432" lon="12.3263">
        <time>2020-02-15T15:59:00Z</time>
      </trkpt>
      <trkpt lat="62.61432" lon="12.32632">
        <time>2020-02-15T16:09:00Z</time>
      </trkpt>
      <trkpt lat="62.61432" lon="12.32632">
        <time>2020-02-15T16:19:00Z</time>
      </trkpt>
      <trkpt lat="62.61972" lon="12.32896">
        <time>2020-02-15T16:28:00Z</time>
      </trkpt>
      <trkpt lat="62.6227" lon="12.32992">
        <time>2020-02-15T16:38:00Z</time>
      </trkpt>
      <trkpt lat="62.62782" lon="12.33157">
        <time>2020-02-15T16:49:00Z</time>
      </trkpt>
      <trkpt lat="62.633" lon="12.33325">
        <time>2020-02-15T16:58:00Z</time>
      </trkpt>
      <trkpt lat="62.6398" lon="12.33454">
        <time>2020-02-15T17:08:00Z</time>
      </trkpt>
      <trkpt lat="62.64222" lon="12.33509">
        <time>2020-02-15T17:18:00Z</time>
      </trkpt>
      <trkpt lat="62.64721" lon="12.33565">
        <time>2020-02-15T17:28:00Z</time>
      </trkpt>
      <trkpt lat="62.65269" lon="12.34175">
        <time>2020-02-15T17:38:00Z</time>
      </trkpt>
      <trkpt lat="62.66014" lon="12.34848">
        <time>2020-02-15T17:49:00Z</time>
      </trkpt>
      <trkpt lat="62.66381" lon="12.34887">
        <time>2020-02-15T17:58:00Z</time>
      </trkpt>
      <trkpt lat="62.66925" lon="12.35157">
        <time>2020-02-15T18:08:00Z</time>
      </trkpt>
      <trkpt lat="62.66905" lon="12.35292">
        <time>2020-02-15T18:12:00Z</time>
      </trkpt>
      <trkpt lat="62.66901" lon="12.35282">
        <time>2020-02-16T09:09:00Z</time>
      </trkpt>
      <trkpt lat="62.66901" lon="12.35282">
        <time>2020-02-16T09:09:00Z</time>
      </trkpt>
      <trkpt lat="62.66908" lon="12.35273">
        <time>2020-02-16T09:19:00Z</time>
      </trkpt>
      <trkpt lat="62.67417" lon="12.34655">
        <time>2020-02-16T09:29:00Z</time>
      </trkpt>
      <trkpt lat="62.68027" lon="12.33923">
        <time>2020-02-16T09:38:00Z</time>
      </trkpt>
      <trkpt lat="62.68479" lon="12.33094">
        <time>2020-02-16T09:49:00Z</time>
      </trkpt>
      <trkpt lat="62.68968" lon="12.32553">
        <time>2020-02-16T09:59:00Z</time>
      </trkpt>
      <trkpt lat="62.69565" lon="12.31703">
        <time>2020-02-16T10:09:00Z</time>
      </trkpt>
      <trkpt lat="62.69893" lon="12.31147">
        <time>2020-02-16T10:18:00Z</time>
      </trkpt>
      <trkpt lat="62.70215" lon="12.30703">
        <time>2020-02-16T10:28:00Z</time>
      </trkpt>
      <trkpt lat="62.70785" lon="12.30355">
        <time>2020-02-16T10:38:00Z</time>
      </trkpt>
      <trkpt lat="62.70858" lon="12.29737">
        <time>2020-02-16T10:48:00Z</time>
      </trkpt>
      <trkpt lat="62.70984" lon="12.29362">
        <time>2020-02-16T10:58:00Z</time>
      </trkpt>
      <trkpt lat="62.72156" lon="12.30226">
        <time>2020-02-16T11:28:00Z</time>
      </trkpt>
      <trkpt lat="62.72199" lon="12.30217">
        <time>2020-02-16T11:38:00Z</time>
      </trkpt>
      <trkpt lat="62.72233" lon="12.30655">
        <time>2020-02-16T11:48:00Z</time>
      </trkpt>
      <trkpt lat="62.72178" lon="12.32553">
        <time>2020-02-16T11:58:00Z</time>
      </trkpt>
      <trkpt lat="62.72165" lon="12.32733">
        <time>2020-02-16T12:08:00Z</time>
      </trkpt>
      <trkpt lat="62.72165" lon="12.32733">
        <time>2020-02-16T12:18:00Z</time>
      </trkpt>
      <trkpt lat="62.72173" lon="12.32726">
        <time>2020-02-16T12:28:00Z</time>
      </trkpt>
      <trkpt lat="62.7247" lon="12.32267">
        <time>2020-02-16T12:37:00Z</time>
      </trkpt>
      <trkpt lat="62.72586" lon="12.3225">
        <time>2020-02-16T12:47:00Z</time>
      </trkpt>
      <trkpt lat="62.72762" lon="12.32044">
        <time>2020-02-16T12:57:00Z</time>
      </trkpt>
      <trkpt lat="62.72916" lon="12.32027">
        <time>2020-02-16T13:08:00Z</time>
      </trkpt>
      <trkpt lat="62.73164" lon="12.3217">
        <time>2020-02-16T13:17:00Z</time>
      </trkpt>
      <trkpt lat="62.73423" lon="12.32355">
        <time>2020-02-16T13:27:00Z</time>
      </trkpt>
      <trkpt lat="62.73426" lon="12.32355">
        <time>2020-02-16T13:37:00Z</time>
      </trkpt>
      <trkpt lat="62.73649" lon="12.32158">
        <time>2020-02-16T13:47:00Z</time>
      </trkpt>
      <trkpt lat="62.73795" lon="12.32059">
        <time>2020-02-16T13:58:00Z</time>
      </trkpt>
      <trkpt lat="62.74091" lon="12.32342">
        <time>2020-02-16T14:08:00Z</time>
      </trkpt>
      <trkpt lat="62.74367" lon="12.32557">
        <time>2020-02-16T14:17:00Z</time>
      </trkpt>
      <trkpt lat="62.74774" lon="12.32928">
        <time>2020-02-16T14:27:00Z</time>
      </trkpt>
      <trkpt lat="62.75169" lon="12.33329">
        <time>2020-02-16T14:37:00Z</time>
      </trkpt>
      <trkpt lat="62.75611" lon="12.33767">
        <time>2020-02-16T14:47:00Z</time>
      </trkpt>
      <trkpt lat="62.76006" lon="12.34237">
        <time>2020-02-16T14:57:00Z</time>
      </trkpt>
      <trkpt lat="62.76209" lon="12.34496">
        <time>2020-02-16T15:07:00Z</time>
      </trkpt>
      <trkpt lat="62.76634" lon="12.3511">
        <time>2020-02-16T15:16:00Z</time>
      </trkpt>
      <trkpt lat="62.76656" lon="12.35159">
        <time>2020-02-16T15:26:00Z</time>
      </trkpt>
      <trkpt lat="62.76654" lon="12.35162">
        <time>2020-02-16T15:36:00Z</time>
      </trkpt>
      <trkpt lat="62.76656" lon="12.35159">
        <time>2020-02-16T15:46:00Z</time>
      </trkpt>
      <trkpt lat="62.76957" lon="12.35612">
        <time>2020-02-16T15:56:00Z</time>
      </trkpt>
      <trkpt lat="62.77374" lon="12.36155">
        <time>2020-02-16T16:07:00Z</time>
      </trkpt>
      <trkpt lat="62.78232" lon="12.37327">
        <time>2020-02-16T16:16:00Z</time>
      </trkpt>
      <trkpt lat="62.79224" lon="12.39239">
        <time>2020-02-16T16:26:00Z</time>
      </trkpt>
      <trkpt lat="62.79354" lon="12.39631">
        <time>2020-02-16T16:36:00Z</time>
      </trkpt>
      <trkpt lat="62.79503" lon="12.399">
        <time>2020-02-16T16:46:00Z</time>
      </trkpt>
      <trkpt lat="62.79786" lon="12.40535">
        <time>2020-02-16T16:56:00Z</time>
      </trkpt>
      <trkpt lat="62.79908" lon="12.40826">
        <time>2020-02-16T17:06:00Z</time>
      </trkpt>
      <trkpt lat="62.8035" lon="12.41683">
        <time>2020-02-16T17:16:00Z</time>
      </trkpt>
      <trkpt lat="62.80804" lon="12.42489">
        <time>2020-02-16T17:26:00Z</time>
      </trkpt>
      <trkpt lat="62.81185" lon="12.4318">
        <time>2020-02-16T17:36:00Z</time>
      </trkpt>
      <trkpt lat="62.81659" lon="12.44013">
        <time>2020-02-16T17:46:00Z</time>
      </trkpt>
      <trkpt lat="62.81828" lon="12.44577">
        <time>2020-02-16T17:57:00Z</time>
      </trkpt>
      <trkpt lat="62.81836" lon="12.44564">
        <time>2020-02-17T09:42:00Z</time>
      </trkpt>
      <trkpt lat="62.81836" lon="12.44564">
        <time>2020-02-17T09:43:00Z</time>
      </trkpt>
      <trkpt lat="62.82359" lon="12.45015">
        <time>2020-02-17T09:52:00Z</time>
      </trkpt>
      <trkpt lat="62.82513" lon="12.4523">
        <time>2020-02-17T10:02:00Z</time>
      </trkpt>
      <trkpt lat="62.82927" lon="12.45558">
        <time>2020-02-17T10:12:00Z</time>
      </trkpt>
      <trkpt lat="62.83405" lon="12.46225">
        <time>2020-02-17T10:22:00Z</time>
      </trkpt>
      <trkpt lat="62.83995" lon="12.4691">
        <time>2020-02-17T10:32:00Z</time>
      </trkpt>
      <trkpt lat="62.84641" lon="12.47688">
        <time>2020-02-17T10:43:00Z</time>
      </trkpt>
      <trkpt lat="62.85216" lon="12.48079">
        <time>2020-02-17T10:52:00Z</time>
      </trkpt>
      <trkpt lat="62.85596" lon="12.48407">
        <time>2020-02-17T11:02:00Z</time>
      </trkpt>
      <trkpt lat="62.85928" lon="12.4868">
        <time>2020-02-17T11:12:00Z</time>
      </trkpt>
      <trkpt lat="62.86263" lon="12.48957">
        <time>2020-02-17T11:22:00Z</time>
      </trkpt>
      <trkpt lat="62.86829" lon="12.49478">
        <time>2020-02-17T11:32:00Z</time>
      </trkpt>
      <trkpt lat="62.87275" lon="12.49937">
        <time>2020-02-17T11:42:00Z</time>
      </trkpt>
      <trkpt lat="62.87728" lon="12.50336">
        <time>2020-02-17T11:52:00Z</time>
      </trkpt>
      <trkpt lat="62.88157" lon="12.50551">
        <time>2020-02-17T12:01:00Z</time>
      </trkpt>
      <trkpt lat="62.88503" lon="12.50727">
        <time>2020-02-17T12:11:00Z</time>
      </trkpt>
      <trkpt lat="62.88826" lon="12.50886">
        <time>2020-02-17T12:21:00Z</time>
      </trkpt>
      <trkpt lat="62.89061" lon="12.51004">
        <time>2020-02-17T12:31:00Z</time>
      </trkpt>
      <trkpt lat="62.89288" lon="12.51133">
        <time>2020-02-17T12:41:00Z</time>
      </trkpt>
      <trkpt lat="62.89498" lon="12.51253">
        <time>2020-02-17T12:51:00Z</time>
      </trkpt>
      <trkpt lat="62.89941" lon="12.5171">
        <time>2020-02-17T13:01:00Z</time>
      </trkpt>
      <trkpt lat="62.90169" lon="12.51907">
        <time>2020-02-17T13:22:00Z</time>
      </trkpt>
      <trkpt lat="62.90169" lon="12.51907">
        <time>2020-02-17T13:32:00Z</time>
      </trkpt>
      <trkpt lat="62.90379" lon="12.52087">
        <time>2020-02-17T13:42:00Z</time>
      </trkpt>
      <trkpt lat="62.90677" lon="12.52349">
        <time>2020-02-17T13:51:00Z</time>
      </trkpt>
      <trkpt lat="62.91255" lon="12.52205">
        <time>2020-02-17T14:01:00Z</time>
      </trkpt>
      <trkpt lat="62.91484" lon="12.51441">
        <time>2020-02-17T14:11:00Z</time>
      </trkpt>
      <trkpt lat="62.91498" lon="12.51403">
        <time>2020-02-17T14:21:00Z</time>
      </trkpt>
      <trkpt lat="62.91756" lon="12.50542">
        <time>2020-02-17T14:31:00Z</time>
      </trkpt>
      <trkpt lat="62.92188" lon="12.49339">
        <time>2020-02-17T14:41:00Z</time>
      </trkpt>
      <trkpt lat="62.92692" lon="12.48628">
        <time>2020-02-17T14:50:00Z</time>
      </trkpt>
      <trkpt lat="62.93531" lon="12.47693">
        <time>2020-02-17T15:00:00Z</time>
      </trkpt>
      <trkpt lat="62.939" lon="12.47195">
        <time>2020-02-17T15:10:00Z</time>
      </trkpt>
      <trkpt lat="62.94511" lon="12.46191">
        <time>2020-02-17T15:20:00Z</time>
      </trkpt>
      <trkpt lat="62.9498" lon="12.45019">
        <time>2020-02-17T15:30:00Z</time>
      </trkpt>
      <trkpt lat="62.95161" lon="12.44292">
        <time>2020-02-17T15:41:00Z</time>
      </trkpt>
      <trkpt lat="62.95416" lon="12.43071">
        <time>2020-02-17T15:50:00Z</time>
      </trkpt>
      <trkpt lat="62.95545" lon="12.42425">
        <time>2020-02-17T16:00:00Z</time>
      </trkpt>
      <trkpt lat="62.95611" lon="12.42092">
        <time>2020-02-17T16:10:00Z</time>
      </trkpt>
      <trkpt lat="62.95879" lon="12.40762">
        <time>2020-02-17T16:20:00Z</time>
      </trkpt>
      <trkpt lat="62.95907" lon="12.40573">
        <time>2020-02-17T16:30:00Z</time>
      </trkpt>
      <trkpt lat="62.96288" lon="12.39165">
        <time>2020-02-17T16:40:00Z</time>
      </trkpt>
      <trkpt lat="62.96555" lon="12.38483">
        <time>2020-02-17T16:50:00Z</time>
      </trkpt>
      <trkpt lat="62.96954" lon="12.37267">
        <time>2020-02-17T17:00:00Z</time>
      </trkpt>
      <trkpt lat="62.97624" lon="12.36681">
        <time>2020-02-17T17:10:00Z</time>
      </trkpt>
      <trkpt lat="62.98374" lon="12.36181">
        <time>2020-02-17T17:28:00Z</time>
      </trkpt>
      <trkpt lat="62.98391" lon="12.36181">
        <time>2020-02-18T08:46:00Z</time>
      </trkpt>
      <trkpt lat="62.98391" lon="12.36181">
        <time>2020-02-18T08:46:00Z</time>
      </trkpt>
      <trkpt lat="62.98622" lon="12.35664">
        <time>2020-02-18T08:55:00Z</time>
      </trkpt>
      <trkpt lat="62.99257" lon="12.35423">
        <time>2020-02-18T09:05:00Z</time>
      </trkpt>
      <trkpt lat="62.9962" lon="12.34966">
        <time>2020-02-18T09:15:00Z</time>
      </trkpt>
      <trkpt lat="62.99868" lon="12.34565">
        <time>2020-02-18T09:25:00Z</time>
      </trkpt>
      <trkpt lat="63.00064" lon="12.34346">
        <time>2020-02-18T09:35:00Z</time>
      </trkpt>
      <trkpt lat="63.00493" lon="12.33966">
        <time>2020-02-18T09:46:00Z</time>
      </trkpt>
      <trkpt lat="63.00831" lon="12.3357">
        <time>2020-02-18T09:55:00Z</time>
      </trkpt>
      <trkpt lat="63.00968" lon="12.33398">
        <time>2020-02-18T10:05:00Z</time>
      </trkpt>
      <trkpt lat="63.01217" lon="12.32823">
        <time>2020-02-18T10:15:00Z</time>
      </trkpt>
      <trkpt lat="63.01376" lon="12.32284">
        <time>2020-02-18T10:25:00Z</time>
      </trkpt>
      <trkpt lat="63.01568" lon="12.31664">
        <time>2020-02-18T10:36:00Z</time>
      </trkpt>
      <trkpt lat="63.018" lon="12.3114">
        <time>2020-02-18T10:46:00Z</time>
      </trkpt>
      <trkpt lat="63.02112" lon="12.30409">
        <time>2020-02-18T10:55:00Z</time>
      </trkpt>
      <trkpt lat="63.02409" lon="12.29761">
        <time>2020-02-18T11:05:00Z</time>
      </trkpt>
      <trkpt lat="63.025" lon="12.29522">
        <time>2020-02-18T11:15:00Z</time>
      </trkpt>
      <trkpt lat="63.02616" lon="12.28973">
        <time>2020-02-18T11:25:00Z</time>
      </trkpt>
      <trkpt lat="63.02737" lon="12.28428">
        <time>2020-02-18T11:35:00Z</time>
      </trkpt>
      <trkpt lat="63.02778" lon="12.28134">
        <time>2020-02-18T11:45:00Z</time>
      </trkpt>
      <trkpt lat="63.0282" lon="12.27323">
        <time>2020-02-18T11:55:00Z</time>
      </trkpt>
      <trkpt lat="63.03172" lon="12.26195">
        <time>2020-02-18T12:05:00Z</time>
      </trkpt>
      <trkpt lat="63.03769" lon="12.26864">
        <time>2020-02-18T12:15:00Z</time>
      </trkpt>
      <trkpt lat="63.04206" lon="12.27375">
        <time>2020-02-18T12:25:00Z</time>
      </trkpt>
      <trkpt lat="63.04242" lon="12.27435">
        <time>2020-02-18T12:34:00Z</time>
      </trkpt>
      <trkpt lat="63.04245" lon="12.2743">
        <time>2020-02-18T12:44:00Z</time>
      </trkpt>
      <trkpt lat="63.04245" lon="12.2743">
        <time>2020-02-18T12:54:00Z</time>
      </trkpt>
      <trkpt lat="63.04245" lon="12.2743">
        <time>2020-02-18T13:04:00Z</time>
      </trkpt>
      <trkpt lat="63.04305" lon="12.27499">
        <time>2020-02-18T14:09:00Z</time>
      </trkpt>
      <trkpt lat="63.04993" lon="12.27878">
        <time>2020-02-18T14:19:00Z</time>
      </trkpt>
      <trkpt lat="63.05946" lon="12.27784">
        <time>2020-02-18T14:29:00Z</time>
      </trkpt>
      <trkpt lat="63.06365" lon="12.27744">
        <time>2020-02-18T14:38:00Z</time>
      </trkpt>
      <trkpt lat="63.06839" lon="12.28222">
        <time>2020-02-18T14:48:00Z</time>
      </trkpt>
      <trkpt lat="63.07372" lon="12.28804">
        <time>2020-02-18T14:58:00Z</time>
      </trkpt>
      <trkpt lat="63.07605" lon="12.29445">
        <time>2020-02-18T15:09:00Z</time>
      </trkpt>
      <trkpt lat="63.07861" lon="12.29984">
        <time>2020-02-18T15:18:00Z</time>
      </trkpt>
      <trkpt lat="63.0828" lon="12.3052">
        <time>2020-02-18T15:38:00Z</time>
      </trkpt>
      <trkpt lat="63.08799" lon="12.30752">
        <time>2020-02-18T15:48:00Z</time>
      </trkpt>
      <trkpt lat="63.09396" lon="12.31198">
        <time>2020-02-18T15:58:00Z</time>
      </trkpt>
      <trkpt lat="63.09915" lon="12.31619">
        <time>2020-02-18T16:09:00Z</time>
      </trkpt>
      <trkpt lat="63.10468" lon="12.3208">
        <time>2020-02-18T16:18:00Z</time>
      </trkpt>
      <trkpt lat="63.10985" lon="12.32583">
        <time>2020-02-18T16:28:00Z</time>
      </trkpt>
      <trkpt lat="63.11388" lon="12.3266">
        <time>2020-02-18T16:38:00Z</time>
      </trkpt>
      <trkpt lat="63.11791" lon="12.32765">
        <time>2020-02-18T16:48:00Z</time>
      </trkpt>
      <trkpt lat="63.12179" lon="12.33027">
        <time>2020-02-18T16:58:00Z</time>
      </trkpt>
      <trkpt lat="63.12444" lon="12.33281">
        <time>2020-02-18T17:08:00Z</time>
      </trkpt>
      <trkpt lat="63.1271" lon="12.33513">
        <time>2020-02-18T17:18:00Z</time>
      </trkpt>
      <trkpt lat="63.13427" lon="12.33994">
        <time>2020-02-18T17:28:00Z</time>
      </trkpt>
      <trkpt lat="63.14779" lon="12.35026">
        <time>2020-02-18T17:48:00Z</time>
      </trkpt>
      <trkpt lat="63.15376" lon="12.35241">
        <time>2020-02-18T17:58:00Z</time>
      </trkpt>
      <trkpt lat="63.15891" lon="12.3549">
        <time>2020-02-18T18:08:00Z</time>
      </trkpt>
      <trkpt lat="63.16447" lon="12.35601">
        <time>2020-02-18T18:17:00Z</time>
      </trkpt>
      <trkpt lat="63.16936" lon="12.36213">
        <time>2020-02-18T18:27:00Z</time>
      </trkpt>
      <trkpt lat="63.16935" lon="12.36211">
        <time>2020-02-18T18:37:00Z</time>
      </trkpt>
      <trkpt lat="63.16968" lon="12.36286">
        <time>2020-02-18T18:47:00Z</time>
      </trkpt>
      <trkpt lat="63.16979" lon="12.36299">
        <time>2020-02-18T18:49:00Z</time>
      </trkpt>
      <trkpt lat="63.16972" lon="12.36297">
        <time>2020-02-20T09:01:00Z</time>
      </trkpt>
      <trkpt lat="63.16972" lon="12.36297">
        <time>2020-02-20T09:01:00Z</time>
      </trkpt>
      <trkpt lat="63.16776" lon="12.36028">
        <time>2020-02-20T09:10:00Z</time>
      </trkpt>
      <trkpt lat="63.16724" lon="12.35722">
        <time>2020-02-20T09:20:00Z</time>
      </trkpt>
      <trkpt lat="63.16626" lon="12.3526">
        <time>2020-02-20T09:30:00Z</time>
      </trkpt>
      <trkpt lat="63.16565" lon="12.34481">
        <time>2020-02-20T09:40:00Z</time>
      </trkpt>
      <trkpt lat="63.16359" lon="12.337">
        <time>2020-02-20T09:50:00Z</time>
      </trkpt>
      <trkpt lat="63.16155" lon="12.33001">
        <time>2020-02-20T10:00:00Z</time>
      </trkpt>
      <trkpt lat="63.15908" lon="12.32752">
        <time>2020-02-20T10:10:00Z</time>
      </trkpt>
      <trkpt lat="63.15832" lon="12.31836">
        <time>2020-02-20T10:20:00Z</time>
      </trkpt>
      <trkpt lat="63.1584" lon="12.30604">
        <time>2020-02-20T10:29:00Z</time>
      </trkpt>
      <trkpt lat="63.15767" lon="12.29565">
        <time>2020-02-20T10:39:00Z</time>
      </trkpt>
      <trkpt lat="63.15732" lon="12.28771">
        <time>2020-02-20T10:49:00Z</time>
      </trkpt>
      <trkpt lat="63.15694" lon="12.27703">
        <time>2020-02-20T11:00:00Z</time>
      </trkpt>
      <trkpt lat="63.15653" lon="12.26868">
        <time>2020-02-20T11:09:00Z</time>
      </trkpt>
      <trkpt lat="63.15921" lon="12.26207">
        <time>2020-02-20T11:19:00Z</time>
      </trkpt>
      <trkpt lat="63.16055" lon="12.26239">
        <time>2020-02-20T11:29:00Z</time>
      </trkpt>
      <trkpt lat="63.16054" lon="12.26229">
        <time>2020-02-20T11:39:00Z</time>
      </trkpt>
      <trkpt lat="63.16055" lon="12.26231">
        <time>2020-02-20T11:50:00Z</time>
      </trkpt>
      <trkpt lat="63.16055" lon="12.26231">
        <time>2020-02-20T12:00:00Z</time>
      </trkpt>
      <trkpt lat="63.16053" lon="12.26231">
        <time>2020-02-20T12:09:00Z</time>
      </trkpt>
      <trkpt lat="63.16102" lon="12.2631">
        <time>2020-02-20T12:19:00Z</time>
      </trkpt>
      <trkpt lat="63.16412" lon="12.26647">
        <time>2020-02-20T12:29:00Z</time>
      </trkpt>
      <trkpt lat="63.167" lon="12.26759">
        <time>2020-02-20T12:39:00Z</time>
      </trkpt>
      <trkpt lat="63.16838" lon="12.26806">
        <time>2020-02-20T12:49:00Z</time>
      </trkpt>
      <trkpt lat="63.17197" lon="12.27048">
        <time>2020-02-20T13:00:00Z</time>
      </trkpt>
      <trkpt lat="63.17588" lon="12.27293">
        <time>2020-02-20T13:09:00Z</time>
      </trkpt>
      <trkpt lat="63.18106" lon="12.27534">
        <time>2020-02-20T13:19:00Z</time>
      </trkpt>
      <trkpt lat="63.18471" lon="12.27757">
        <time>2020-02-20T13:29:00Z</time>
      </trkpt>
      <trkpt lat="63.18603" lon="12.27879">
        <time>2020-02-20T13:39:00Z</time>
      </trkpt>
      <trkpt lat="63.19147" lon="12.27673">
        <time>2020-02-20T13:49:00Z</time>
      </trkpt>
      <trkpt lat="63.19871" lon="12.26868">
        <time>2020-02-20T13:59:00Z</time>
      </trkpt>
      <trkpt lat="63.20518" lon="12.26357">
        <time>2020-02-20T14:08:00Z</time>
      </trkpt>
      <trkpt lat="63.2091" lon="12.26064">
        <time>2020-02-20T14:18:00Z</time>
      </trkpt>
      <trkpt lat="63.21323" lon="12.25729">
        <time>2020-02-20T14:28:00Z</time>
      </trkpt>
      <trkpt lat="63.21799" lon="12.25274">
        <time>2020-02-20T14:38:00Z</time>
      </trkpt>
      <trkpt lat="63.2248" lon="12.24501">
        <time>2020-02-20T14:48:00Z</time>
      </trkpt>
      <trkpt lat="63.22986" lon="12.23169">
        <time>2020-02-20T14:58:00Z</time>
      </trkpt>
      <trkpt lat="63.23351" lon="12.22053">
        <time>2020-02-20T15:08:00Z</time>
      </trkpt>
      <trkpt lat="63.24095" lon="12.2036">
        <time>2020-02-20T15:18:00Z</time>
      </trkpt>
      <trkpt lat="63.24237" lon="12.20137">
        <time>2020-02-20T15:28:00Z</time>
      </trkpt>
      <trkpt lat="63.24241" lon="12.20137">
        <time>2020-02-20T15:38:00Z</time>
      </trkpt>
      <trkpt lat="63.24222" lon="12.19746">
        <time>2020-02-20T15:48:00Z</time>
      </trkpt>
      <trkpt lat="63.24218" lon="12.1974">
        <time>2020-02-20T15:58:00Z</time>
      </trkpt>
      <trkpt lat="63.24218" lon="12.1974">
        <time>2020-02-20T16:08:00Z</time>
      </trkpt>
      <trkpt lat="63.24222" lon="12.1972">
        <time>2020-02-20T16:17:00Z</time>
      </trkpt>
      <trkpt lat="63.24231" lon="12.19703">
        <time>2020-02-20T16:27:00Z</time>
      </trkpt>
      <trkpt lat="63.24241" lon="12.19695">
        <time>2020-02-20T16:37:00Z</time>
      </trkpt>
      <trkpt lat="63.24241" lon="12.19695">
        <time>2020-02-20T16:47:00Z</time>
      </trkpt>
      <trkpt lat="63.24297" lon="12.19575">
        <time>2020-02-20T16:58:00Z</time>
      </trkpt>
      <trkpt lat="63.24363" lon="12.19409">
        <time>2020-02-20T17:07:00Z</time>
      </trkpt>
      <trkpt lat="63.24632" lon="12.1883">
        <time>2020-02-20T17:17:00Z</time>
      </trkpt>
      <trkpt lat="63.24984" lon="12.18719">
        <time>2020-02-20T17:27:00Z</time>
      </trkpt>
      <trkpt lat="63.25167" lon="12.18094">
        <time>2020-02-20T17:37:00Z</time>
      </trkpt>
      <trkpt lat="63.25172" lon="12.18096">
        <time>2020-02-20T17:40:00Z</time>
      </trkpt>
      <trkpt lat="63.25172" lon="12.18062">
        <time>2020-02-21T09:19:00Z</time>
      </trkpt>
      <trkpt lat="63.25172" lon="12.18062">
        <time>2020-02-21T09:19:00Z</time>
      </trkpt>
      <trkpt lat="63.25519" lon="12.17307">
        <time>2020-02-21T09:28:00Z</time>
      </trkpt>
      <trkpt lat="63.25842" lon="12.16652">
        <time>2020-02-21T09:38:00Z</time>
      </trkpt>
      <trkpt lat="63.26242" lon="12.15624">
        <time>2020-02-21T09:48:00Z</time>
      </trkpt>
      <trkpt lat="63.26484" lon="12.14749">
        <time>2020-02-21T09:58:00Z</time>
      </trkpt>
      <trkpt lat="63.26737" lon="12.13942">
        <time>2020-02-21T10:08:00Z</time>
      </trkpt>
      <trkpt lat="63.27212" lon="12.13217">
        <time>2020-02-21T10:19:00Z</time>
      </trkpt>
      <trkpt lat="63.27353" lon="12.13397">
        <time>2020-02-21T10:28:00Z</time>
      </trkpt>
      <trkpt lat="63.27622" lon="12.14444">
        <time>2020-02-21T10:38:00Z</time>
      </trkpt>
      <trkpt lat="63.281" lon="12.15137">
        <time>2020-02-21T10:48:00Z</time>
      </trkpt>
      <trkpt lat="63.28465" lon="12.15721">
        <time>2020-02-21T10:58:00Z</time>
      </trkpt>
      <trkpt lat="63.28474" lon="12.15755">
        <time>2020-02-21T11:09:00Z</time>
      </trkpt>
      <trkpt lat="63.28689" lon="12.16382">
        <time>2020-02-21T11:19:00Z</time>
      </trkpt>
      <trkpt lat="63.28904" lon="12.168">
        <time>2020-02-21T11:28:00Z</time>
      </trkpt>
      <trkpt lat="63.29221" lon="12.1668">
        <time>2020-02-21T11:38:00Z</time>
      </trkpt>
      <trkpt lat="63.29544" lon="12.15916">
        <time>2020-02-21T11:48:00Z</time>
      </trkpt>
      <trkpt lat="63.29896" lon="12.14903">
        <time>2020-02-21T11:58:00Z</time>
      </trkpt>
      <trkpt lat="63.3013" lon="12.14365">
        <time>2020-02-21T12:08:00Z</time>
      </trkpt>
      <trkpt lat="63.30457" lon="12.13392">
        <time>2020-02-21T12:18:00Z</time>
      </trkpt>
      <trkpt lat="63.30783" lon="12.12431">
        <time>2020-02-21T12:28:00Z</time>
      </trkpt>
      <trkpt lat="63.31115" lon="12.12361">
        <time>2020-02-21T12:38:00Z</time>
      </trkpt>
      <trkpt lat="63.3118" lon="12.1308">
        <time>2020-02-21T12:48:00Z</time>
      </trkpt>
      <trkpt lat="63.3106" lon="12.13097">
        <time>2020-02-21T12:58:00Z</time>
      </trkpt>
      <trkpt lat="63.31056" lon="12.13097">
        <time>2020-02-21T13:08:00Z</time>
      </trkpt>
      <trkpt lat="63.31056" lon="12.1309">
        <time>2020-02-21T13:27:00Z</time>
      </trkpt>
      <trkpt lat="63.31057" lon="12.13092">
        <time>2020-02-21T13:37:00Z</time>
      </trkpt>
      <trkpt lat="63.31056" lon="12.13092">
        <time>2020-02-21T13:47:00Z</time>
      </trkpt>
      <trkpt lat="63.31055" lon="12.13092">
        <time>2020-02-21T13:57:00Z</time>
      </trkpt>
      <trkpt lat="63.31055" lon="12.13092">
        <time>2020-02-21T14:07:00Z</time>
      </trkpt>
      <trkpt lat="63.31056" lon="12.13092">
        <time>2020-02-21T14:17:00Z</time>
      </trkpt>
      <trkpt lat="63.31056" lon="12.13092">
        <time>2020-02-21T14:27:00Z</time>
      </trkpt>
      <trkpt lat="63.31056" lon="12.13097">
        <time>2020-02-21T14:38:00Z</time>
      </trkpt>
      <trkpt lat="63.31056" lon="12.13097">
        <time>2020-02-21T14:48:00Z</time>
      </trkpt>
      <trkpt lat="63.31323" lon="12.13386">
        <time>2020-02-21T14:58:00Z</time>
      </trkpt>
      <trkpt lat="63.31326" lon="12.13386">
        <time>2020-02-21T15:08:00Z</time>
      </trkpt>
      <trkpt lat="63.31331" lon="12.13382">
        <time>2020-02-21T15:18:00Z</time>
      </trkpt>
      <trkpt lat="63.31332" lon="12.13382">
        <time>2020-02-21T15:28:00Z</time>
      </trkpt>
      <trkpt lat="63.31336" lon="12.13373">
        <time>2020-02-21T16:05:00Z</time>
      </trkpt>
      <trkpt lat="63.31334" lon="12.13376">
        <time>2020-02-21T16:23:00Z</time>
      </trkpt>
      <trkpt lat="63.31336" lon="12.13378">
        <time>2020-02-21T18:22:00Z</time>
      </trkpt>
      <trkpt lat="63.31336" lon="12.13373">
        <time>2020-02-21T18:32:00Z</time>
      </trkpt>
      <trkpt lat="63.31336" lon="12.13371">
        <time>2020-02-23T08:31:00Z</time>
      </trkpt>
      <trkpt lat="63.31336" lon="12.13371">
        <time>2020-02-23T08:40:00Z</time>
      </trkpt>
      <trkpt lat="63.31293" lon="12.13391">
        <time>2020-02-23T08:40:00Z</time>
      </trkpt>
      <trkpt lat="63.31132" lon="12.12674">
        <time>2020-02-23T08:50:00Z</time>
      </trkpt>
      <trkpt lat="63.31138" lon="12.12219">
        <time>2020-02-23T09:00:00Z</time>
      </trkpt>
      <trkpt lat="63.3133" lon="12.12157">
        <time>2020-02-23T09:10:00Z</time>
      </trkpt>
      <trkpt lat="63.31498" lon="12.12071">
        <time>2020-02-23T09:20:00Z</time>
      </trkpt>
      <trkpt lat="63.31719" lon="12.11891">
        <time>2020-02-23T09:31:00Z</time>
      </trkpt>
      <trkpt lat="63.32016" lon="12.11809">
        <time>2020-02-23T09:40:00Z</time>
      </trkpt>
      <trkpt lat="63.32179" lon="12.11833">
        <time>2020-02-23T09:50:00Z</time>
      </trkpt>
      <trkpt lat="63.32285" lon="12.11891">
        <time>2020-02-23T10:00:00Z</time>
      </trkpt>
      <trkpt lat="63.32728" lon="12.12389">
        <time>2020-02-23T10:10:00Z</time>
      </trkpt>
      <trkpt lat="63.33231" lon="12.13054">
        <time>2020-02-23T10:20:00Z</time>
      </trkpt>
      <trkpt lat="63.33616" lon="12.1353">
        <time>2020-02-23T10:30:00Z</time>
      </trkpt>
      <trkpt lat="63.3382" lon="12.13721">
        <time>2020-02-23T10:40:00Z</time>
      </trkpt>
      <trkpt lat="63.34274" lon="12.14121">
        <time>2020-02-23T10:50:00Z</time>
      </trkpt>
      <trkpt lat="63.34549" lon="12.14378">
        <time>2020-02-23T11:00:00Z</time>
      </trkpt>
      <trkpt lat="63.34828" lon="12.14551">
        <time>2020-02-23T11:10:00Z</time>
      </trkpt>
      <trkpt lat="63.34998" lon="12.14382">
        <time>2020-02-23T11:19:00Z</time>
      </trkpt>
      <trkpt lat="63.34998" lon="12.1438">
        <time>2020-02-23T11:30:00Z</time>
      </trkpt>
      <trkpt lat="63.35002" lon="12.14384">
        <time>2020-02-23T11:39:00Z</time>
      </trkpt>
      <trkpt lat="63.35002" lon="12.14384">
        <time>2020-02-23T11:49:00Z</time>
      </trkpt>
      <trkpt lat="63.35002" lon="12.14384">
        <time>2020-02-23T11:59:00Z</time>
      </trkpt>
      <trkpt lat="63.35" lon="12.14382">
        <time>2020-02-23T12:09:00Z</time>
      </trkpt>
      <trkpt lat="63.35017" lon="12.14562">
        <time>2020-02-23T12:19:00Z</time>
      </trkpt>
      <trkpt lat="63.35428" lon="12.1583">
        <time>2020-02-23T12:29:00Z</time>
      </trkpt>
      <trkpt lat="63.35556" lon="12.1745">
        <time>2020-02-23T12:39:00Z</time>
      </trkpt>
      <trkpt lat="63.35679" lon="12.18341">
        <time>2020-02-23T12:49:00Z</time>
      </trkpt>
      <trkpt lat="63.35782" lon="12.19062">
        <time>2020-02-23T12:59:00Z</time>
      </trkpt>
      <trkpt lat="63.35614" lon="12.20377">
        <time>2020-02-23T13:09:00Z</time>
      </trkpt>
      <trkpt lat="63.35316" lon="12.21976">
        <time>2020-02-23T13:19:00Z</time>
      </trkpt>
      <trkpt lat="63.35289" lon="12.23392">
        <time>2020-02-23T13:29:00Z</time>
      </trkpt>
      <trkpt lat="63.35428" lon="12.24622">
        <time>2020-02-23T13:39:00Z</time>
      </trkpt>
      <trkpt lat="63.35476" lon="12.26059">
        <time>2020-02-23T13:49:00Z</time>
      </trkpt>
      <trkpt lat="63.35855" lon="12.27802">
        <time>2020-02-23T13:59:00Z</time>
      </trkpt>
      <trkpt lat="63.36131" lon="12.27847">
        <time>2020-02-23T14:08:00Z</time>
      </trkpt>
      <trkpt lat="63.36523" lon="12.27366">
        <time>2020-02-23T14:18:00Z</time>
      </trkpt>
      <trkpt lat="63.37015" lon="12.276">
        <time>2020-02-23T14:29:00Z</time>
      </trkpt>
      <trkpt lat="63.37463" lon="12.2772">
        <time>2020-02-23T14:38:00Z</time>
      </trkpt>
      <trkpt lat="63.37954" lon="12.27488">
        <time>2020-02-23T14:48:00Z</time>
      </trkpt>
      <trkpt lat="63.38339" lon="12.26922">
        <time>2020-02-23T14:58:00Z</time>
      </trkpt>
      <trkpt lat="63.38671" lon="12.26422">
        <time>2020-02-23T15:08:00Z</time>
      </trkpt>
      <trkpt lat="63.38975" lon="12.25926">
        <time>2020-02-23T15:18:00Z</time>
      </trkpt>
      <trkpt lat="63.39361" lon="12.25293">
        <time>2020-02-23T15:28:00Z</time>
      </trkpt>
      <trkpt lat="63.39514" lon="12.25038">
        <time>2020-02-23T15:38:00Z</time>
      </trkpt>
      <trkpt lat="63.39627" lon="12.24853">
        <time>2020-02-23T15:48:00Z</time>
      </trkpt>
      <trkpt lat="63.39931" lon="12.24349">
        <time>2020-02-23T15:58:00Z</time>
      </trkpt>
      <trkpt lat="63.40239" lon="12.23836">
        <time>2020-02-23T16:08:00Z</time>
      </trkpt>
      <trkpt lat="63.40441" lon="12.23506">
        <time>2020-02-23T16:18:00Z</time>
      </trkpt>
      <trkpt lat="63.40953" lon="12.23227">
        <time>2020-02-23T16:29:00Z</time>
      </trkpt>
      <trkpt lat="63.41257" lon="12.23124">
        <time>2020-02-23T16:38:00Z</time>
      </trkpt>
      <trkpt lat="63.41548" lon="12.22735">
        <time>2020-02-23T16:48:00Z</time>
      </trkpt>
      <trkpt lat="63.41809" lon="12.22495">
        <time>2020-02-23T16:58:00Z</time>
      </trkpt>
      <trkpt lat="63.41842" lon="12.22493">
        <time>2020-02-23T17:08:00Z</time>
      </trkpt>
      <trkpt lat="63.42159" lon="12.22051">
        <time>2020-02-23T17:18:00Z</time>
      </trkpt>
      <trkpt lat="63.42193" lon="12.21976">
        <time>2020-02-23T17:21:00Z</time>
      </trkpt>
      <trkpt lat="63.42193" lon="12.21974">
        <time>2020-02-23T17:28:00Z</time>
      </trkpt>
      <trkpt lat="63.42192" lon="12.21974">
        <time>2020-02-23T17:38:00Z</time>
      </trkpt>
      <trkpt lat="63.42192" lon="12.21972">
        <time>2020-02-23T17:48:00Z</time>
      </trkpt>
      <trkpt lat="63.42193" lon="12.21974">
        <time>2020-02-23T17:57:00Z</time>
      </trkpt>
      <trkpt lat="63.42194" lon="12.2198">
        <time>2020-02-23T18:15:00Z</time>
      </trkpt>
      <trkpt lat="63.42192" lon="12.21982">
        <time>2020-02-23T18:25:00Z</time>
      </trkpt>
      <trkpt lat="63.422" lon="12.21959">
        <time>2020-02-24T09:14:00Z</time>
      </trkpt>
      <trkpt lat="63.422" lon="12.21959">
        <time>2020-02-24T09:14:00Z</time>
      </trkpt>
      <trkpt lat="63.42381" lon="12.21847">
        <time>2020-02-24T09:24:00Z</time>
      </trkpt>
      <trkpt lat="63.42691" lon="12.21626">
        <time>2020-02-24T09:34:00Z</time>
      </trkpt>
      <trkpt lat="63.4285" lon="12.21926">
        <time>2020-02-24T09:44:00Z</time>
      </trkpt>
      <trkpt lat="63.43054" lon="12.221">
        <time>2020-02-24T09:54:00Z</time>
      </trkpt>
      <trkpt lat="63.43195" lon="12.22467">
        <time>2020-02-24T10:03:00Z</time>
      </trkpt>
      <trkpt lat="63.43308" lon="12.22815">
        <time>2020-02-24T10:13:00Z</time>
      </trkpt>
      <trkpt lat="63.43467" lon="12.23321">
        <time>2020-02-24T10:24:00Z</time>
      </trkpt>
      <trkpt lat="63.43872" lon="12.23847">
        <time>2020-02-24T10:33:00Z</time>
      </trkpt>
      <trkpt lat="63.44269" lon="12.23922">
        <time>2020-02-24T10:43:00Z</time>
      </trkpt>
      <trkpt lat="63.4465" lon="12.23984">
        <time>2020-02-24T10:53:00Z</time>
      </trkpt>
      <trkpt lat="63.44903" lon="12.24044">
        <time>2020-02-24T11:03:00Z</time>
      </trkpt>
      <trkpt lat="63.45434" lon="12.24122">
        <time>2020-02-24T11:13:00Z</time>
      </trkpt>
      <trkpt lat="63.45872" lon="12.24171">
        <time>2020-02-24T11:23:00Z</time>
      </trkpt>
      <trkpt lat="63.4625" lon="12.24207">
        <time>2020-02-24T11:33:00Z</time>
      </trkpt>
      <trkpt lat="63.46679" lon="12.2425">
        <time>2020-02-24T11:43:00Z</time>
      </trkpt>
      <trkpt lat="63.46835" lon="12.24295">
        <time>2020-02-24T11:53:00Z</time>
      </trkpt>
      <trkpt lat="63.46831" lon="12.24291">
        <time>2020-02-24T12:13:00Z</time>
      </trkpt>
      <trkpt lat="63.4694" lon="12.24353">
        <time>2020-02-24T12:22:00Z</time>
      </trkpt>
      <trkpt lat="63.47658" lon="12.24823">
        <time>2020-02-24T12:32:00Z</time>
      </trkpt>
      <trkpt lat="63.47928" lon="12.24939">
        <time>2020-02-24T12:42:00Z</time>
      </trkpt>
      <trkpt lat="63.48494" lon="12.24993">
        <time>2020-02-24T12:52:00Z</time>
      </trkpt>
      <trkpt lat="63.48806" lon="12.24817">
        <time>2020-02-24T13:02:00Z</time>
      </trkpt>
      <trkpt lat="63.49417" lon="12.24339">
        <time>2020-02-24T13:22:00Z</time>
      </trkpt>
      <trkpt lat="63.49949" lon="12.23716">
        <time>2020-02-24T13:32:00Z</time>
      </trkpt>
      <trkpt lat="63.50146" lon="12.23429">
        <time>2020-02-24T13:42:00Z</time>
      </trkpt>
      <trkpt lat="63.50516" lon="12.23549">
        <time>2020-02-24T13:52:00Z</time>
      </trkpt>
      <trkpt lat="63.51228" lon="12.24047">
        <time>2020-02-24T14:02:00Z</time>
      </trkpt>
      <trkpt lat="63.51564" lon="12.24144">
        <time>2020-02-24T14:12:00Z</time>
      </trkpt>
      <trkpt lat="63.52088" lon="12.24401">
        <time>2020-02-24T14:22:00Z</time>
      </trkpt>
      <trkpt lat="63.52585" lon="12.24602">
        <time>2020-02-24T14:31:00Z</time>
      </trkpt>
      <trkpt lat="63.52928" lon="12.24748">
        <time>2020-02-24T14:41:00Z</time>
      </trkpt>
      <trkpt lat="63.53293" lon="12.25012">
        <time>2020-02-24T14:51:00Z</time>
      </trkpt>
      <trkpt lat="63.53728" lon="12.25774">
        <time>2020-02-24T15:02:00Z</time>
      </trkpt>
      <trkpt lat="63.54397" lon="12.26006">
        <time>2020-02-24T15:12:00Z</time>
      </trkpt>
      <trkpt lat="63.54996" lon="12.26235">
        <time>2020-02-24T15:21:00Z</time>
      </trkpt>
      <trkpt lat="63.55096" lon="12.26293">
        <time>2020-02-24T15:31:00Z</time>
      </trkpt>
      <trkpt lat="63.55096" lon="12.26295">
        <time>2020-02-24T15:41:00Z</time>
      </trkpt>
      <trkpt lat="63.55105" lon="12.26295">
        <time>2020-02-24T15:51:00Z</time>
      </trkpt>
      <trkpt lat="63.55588" lon="12.26576">
        <time>2020-02-24T16:01:00Z</time>
      </trkpt>
      <trkpt lat="63.5592" lon="12.26812">
        <time>2020-02-24T16:12:00Z</time>
      </trkpt>
      <trkpt lat="63.56141" lon="12.26866">
        <time>2020-02-24T16:21:00Z</time>
      </trkpt>
      <trkpt lat="63.56543" lon="12.26903">
        <time>2020-02-24T16:31:00Z</time>
      </trkpt>
      <trkpt lat="63.57097" lon="12.27263">
        <time>2020-02-24T16:41:00Z</time>
      </trkpt>
      <trkpt lat="63.57499" lon="12.27508">
        <time>2020-02-24T16:51:00Z</time>
      </trkpt>
      <trkpt lat="63.57761" lon="12.2752">
        <time>2020-02-24T17:00:00Z</time>
      </trkpt>
      <trkpt lat="63.58163" lon="12.27257">
        <time>2020-02-24T17:11:00Z</time>
      </trkpt>
      <trkpt lat="63.58604" lon="12.27319">
        <time>2020-02-24T17:20:00Z</time>
      </trkpt>
      <trkpt lat="63.58844" lon="12.27671">
        <time>2020-02-24T17:30:00Z</time>
      </trkpt>
      <trkpt lat="63.58998" lon="12.28377">
        <time>2020-02-24T17:40:00Z</time>
      </trkpt>
      <trkpt lat="63.58964" lon="12.28864">
        <time>2020-02-24T17:50:00Z</time>
      </trkpt>
      <trkpt lat="63.58967" lon="12.28853">
        <time>2020-02-25T09:25:00Z</time>
      </trkpt>
      <trkpt lat="63.58967" lon="12.28853">
        <time>2020-02-25T09:25:00Z</time>
      </trkpt>
      <trkpt lat="63.59003" lon="12.29044">
        <time>2020-02-25T09:34:00Z</time>
      </trkpt>
      <trkpt lat="63.59123" lon="12.30398">
        <time>2020-02-25T09:44:00Z</time>
      </trkpt>
      <trkpt lat="63.5921" lon="12.31157">
        <time>2020-02-25T09:54:00Z</time>
      </trkpt>
      <trkpt lat="63.59298" lon="12.31836">
        <time>2020-02-25T10:04:00Z</time>
      </trkpt>
      <trkpt lat="63.59529" lon="12.32494">
        <time>2020-02-25T10:14:00Z</time>
      </trkpt>
      <trkpt lat="63.59835" lon="12.3328">
        <time>2020-02-25T10:25:00Z</time>
      </trkpt>
      <trkpt lat="63.60072" lon="12.33754">
        <time>2020-02-25T10:34:00Z</time>
      </trkpt>
      <trkpt lat="63.60091" lon="12.3381">
        <time>2020-02-25T10:44:00Z</time>
      </trkpt>
      <trkpt lat="63.60225" lon="12.3499">
        <time>2020-02-25T10:54:00Z</time>
      </trkpt>
      <trkpt lat="63.60467" lon="12.36614">
        <time>2020-02-25T11:04:00Z</time>
      </trkpt>
      <trkpt lat="63.60584" lon="12.37756">
        <time>2020-02-25T11:14:00Z</time>
      </trkpt>
      <trkpt lat="63.60623" lon="12.38799">
        <time>2020-02-25T11:24:00Z</time>
      </trkpt>
      <trkpt lat="63.60624" lon="12.38803">
        <time>2020-02-25T11:34:00Z</time>
      </trkpt>
      <trkpt lat="63.60891" lon="12.39015">
        <time>2020-02-25T11:47:00Z</time>
      </trkpt>
      <trkpt lat="63.61457" lon="12.3985">
        <time>2020-02-25T11:57:00Z</time>
      </trkpt>
      <trkpt lat="63.61591" lon="12.40286">
        <time>2020-02-25T12:07:00Z</time>
      </trkpt>
      <trkpt lat="63.61592" lon="12.40283">
        <time>2020-02-25T12:17:00Z</time>
      </trkpt>
      <trkpt lat="63.61591" lon="12.40283">
        <time>2020-02-25T12:27:00Z</time>
      </trkpt>
      <trkpt lat="63.61901" lon="12.41659">
        <time>2020-02-25T12:36:00Z</time>
      </trkpt>
      <trkpt lat="63.62379" lon="12.43122">
        <time>2020-02-25T12:46:00Z</time>
      </trkpt>
      <trkpt lat="63.62655" lon="12.44549">
        <time>2020-02-25T12:56:00Z</time>
      </trkpt>
      <trkpt lat="63.62543" lon="12.45963">
        <time>2020-02-25T13:06:00Z</time>
      </trkpt>
      <trkpt lat="63.6265" lon="12.47448">
        <time>2020-02-25T13:16:00Z</time>
      </trkpt>
      <trkpt lat="63.62853" lon="12.4862">
        <time>2020-02-25T13:27:00Z</time>
      </trkpt>
      <trkpt lat="63.63288" lon="12.49915">
        <time>2020-02-25T13:46:00Z</time>
      </trkpt>
      <trkpt lat="63.63845" lon="12.50392">
        <time>2020-02-25T13:56:00Z</time>
      </trkpt>
      <trkpt lat="63.64022" lon="12.50688">
        <time>2020-02-25T14:06:00Z</time>
      </trkpt>
      <trkpt lat="63.6435" lon="12.50377">
        <time>2020-02-25T14:16:00Z</time>
      </trkpt>
      <trkpt lat="63.64719" lon="12.50969">
        <time>2020-02-25T14:26:00Z</time>
      </trkpt>
      <trkpt lat="63.6523" lon="12.51439">
        <time>2020-02-25T14:36:00Z</time>
      </trkpt>
      <trkpt lat="63.65813" lon="12.51997">
        <time>2020-02-25T14:46:00Z</time>
      </trkpt>
      <trkpt lat="63.66322" lon="12.52939">
        <time>2020-02-25T14:56:00Z</time>
      </trkpt>
      <trkpt lat="63.66414" lon="12.5304">
        <time>2020-02-25T15:06:00Z</time>
      </trkpt>
      <trkpt lat="63.66734" lon="12.53289">
        <time>2020-02-25T15:16:00Z</time>
      </trkpt>
      <trkpt lat="63.67133" lon="12.53795">
        <time>2020-02-25T15:26:00Z</time>
      </trkpt>
      <trkpt lat="63.67596" lon="12.54497">
        <time>2020-02-25T15:36:00Z</time>
      </trkpt>
      <trkpt lat="63.67928" lon="12.54973">
        <time>2020-02-25T15:46:00Z</time>
      </trkpt>
      <trkpt lat="63.68237" lon="12.55564">
        <time>2020-02-25T15:56:00Z</time>
      </trkpt>
      <trkpt lat="63.6849" lon="12.5645">
        <time>2020-02-25T16:06:00Z</time>
      </trkpt>
      <trkpt lat="63.69056" lon="12.56104">
        <time>2020-02-25T16:16:00Z</time>
      </trkpt>
      <trkpt lat="63.69378" lon="12.56894">
        <time>2020-02-25T16:26:00Z</time>
      </trkpt>
      <trkpt lat="63.69709" lon="12.57479">
        <time>2020-02-25T16:35:00Z</time>
      </trkpt>
      <trkpt lat="63.69855" lon="12.58415">
        <time>2020-02-25T16:45:00Z</time>
      </trkpt>
      <trkpt lat="63.69867" lon="12.58505">
        <time>2020-02-25T16:55:00Z</time>
      </trkpt>
      <trkpt lat="63.69956" lon="12.59265">
        <time>2020-02-25T17:05:00Z</time>
      </trkpt>
      <trkpt lat="63.7007" lon="12.60443">
        <time>2020-02-25T17:15:00Z</time>
      </trkpt>
      <trkpt lat="63.70212" lon="12.61516">
        <time>2020-02-25T17:25:00Z</time>
      </trkpt>
      <trkpt lat="63.70491" lon="12.6226">
        <time>2020-02-25T17:35:00Z</time>
      </trkpt>
      <trkpt lat="63.70779" lon="12.6278">
        <time>2020-02-25T17:45:00Z</time>
      </trkpt>
      <trkpt lat="63.71117" lon="12.62756">
        <time>2020-02-25T17:55:00Z</time>
      </trkpt>
      <trkpt lat="63.71127" lon="12.62932">
        <time>2020-02-25T18:05:00Z</time>
      </trkpt>
      <trkpt lat="63.7114" lon="12.62949">
        <time>2020-02-25T18:15:00Z</time>
      </trkpt>
      <trkpt lat="63.71139" lon="12.62932">
        <time>2020-02-25T18:25:00Z</time>
      </trkpt>
      <trkpt lat="63.71133" lon="12.62928">
        <time>2020-02-25T18:30:00Z</time>
      </trkpt>
      <trkpt lat="63.7113" lon="12.62915">
        <time>2020-02-26T09:23:00Z</time>
      </trkpt>
      <trkpt lat="63.7113" lon="12.62915">
        <time>2020-02-26T09:23:00Z</time>
      </trkpt>
      <trkpt lat="63.71055" lon="12.63501">
        <time>2020-02-26T09:32:00Z</time>
      </trkpt>
      <trkpt lat="63.70656" lon="12.64891">
        <time>2020-02-26T09:42:00Z</time>
      </trkpt>
      <trkpt lat="63.70416" lon="12.66033">
        <time>2020-02-26T09:52:00Z</time>
      </trkpt>
      <trkpt lat="63.70333" lon="12.67086">
        <time>2020-02-26T10:02:00Z</time>
      </trkpt>
      <trkpt lat="63.70305" lon="12.67769">
        <time>2020-02-26T10:12:00Z</time>
      </trkpt>
      <trkpt lat="63.70305" lon="12.69134">
        <time>2020-02-26T10:22:00Z</time>
      </trkpt>
      <trkpt lat="63.70292" lon="12.70095">
        <time>2020-02-26T10:32:00Z</time>
      </trkpt>
      <trkpt lat="63.70265" lon="12.705">
        <time>2020-02-26T10:42:00Z</time>
      </trkpt>
      <trkpt lat="63.7035" lon="12.71412">
        <time>2020-02-26T10:52:00Z</time>
      </trkpt>
      <trkpt lat="63.70488" lon="12.72942">
        <time>2020-02-26T11:02:00Z</time>
      </trkpt>
      <trkpt lat="63.706" lon="12.74101">
        <time>2020-02-26T11:12:00Z</time>
      </trkpt>
      <trkpt lat="63.70454" lon="12.75277">
        <time>2020-02-26T11:22:00Z</time>
      </trkpt>
      <trkpt lat="63.70164" lon="12.76875">
        <time>2020-02-26T11:41:00Z</time>
      </trkpt>
      <trkpt lat="63.70164" lon="12.76884">
        <time>2020-02-26T11:51:00Z</time>
      </trkpt>
      <trkpt lat="63.70215" lon="12.76987">
        <time>2020-02-26T12:01:00Z</time>
      </trkpt>
      <trkpt lat="63.70219" lon="12.76991">
        <time>2020-02-26T12:11:00Z</time>
      </trkpt>
      <trkpt lat="63.70212" lon="12.76995">
        <time>2020-02-26T12:22:00Z</time>
      </trkpt>
      <trkpt lat="63.70222" lon="12.76993">
        <time>2020-02-26T12:31:00Z</time>
      </trkpt>
      <trkpt lat="63.70243" lon="12.77113">
        <time>2020-02-26T12:41:00Z</time>
      </trkpt>
      <trkpt lat="63.70224" lon="12.77543">
        <time>2020-02-26T12:51:00Z</time>
      </trkpt>
      <trkpt lat="63.70237" lon="12.77858">
        <time>2020-02-26T13:01:00Z</time>
      </trkpt>
      <trkpt lat="63.70235" lon="12.7853">
        <time>2020-02-26T13:21:00Z</time>
      </trkpt>
      <trkpt lat="63.70345" lon="12.78768">
        <time>2020-02-26T13:31:00Z</time>
      </trkpt>
      <trkpt lat="63.70621" lon="12.79346">
        <time>2020-02-26T13:50:00Z</time>
      </trkpt>
      <trkpt lat="63.70818" lon="12.79629">
        <time>2020-02-26T14:00:00Z</time>
      </trkpt>
      <trkpt lat="63.70882" lon="12.79972">
        <time>2020-02-26T14:10:00Z</time>
      </trkpt>
      <trkpt lat="63.71038" lon="12.80233">
        <time>2020-02-26T14:20:00Z</time>
      </trkpt>
      <trkpt lat="63.71484" lon="12.8104">
        <time>2020-02-26T14:30:00Z</time>
      </trkpt>
      <trkpt lat="63.71757" lon="12.81682">
        <time>2020-02-26T14:40:00Z</time>
      </trkpt>
      <trkpt lat="63.71933" lon="12.823">
        <time>2020-02-26T14:50:00Z</time>
      </trkpt>
      <trkpt lat="63.71905" lon="12.83027">
        <time>2020-02-26T15:00:00Z</time>
      </trkpt>
      <trkpt lat="63.71914" lon="12.83593">
        <time>2020-02-26T15:10:00Z</time>
      </trkpt>
      <trkpt lat="63.7206" lon="12.84117">
        <time>2020-02-26T15:20:00Z</time>
      </trkpt>
      <trkpt lat="63.72275" lon="12.84716">
        <time>2020-02-26T15:30:00Z</time>
      </trkpt>
      <trkpt lat="63.72365" lon="12.85368">
        <time>2020-02-26T15:40:00Z</time>
      </trkpt>
      <trkpt lat="63.72519" lon="12.85823">
        <time>2020-02-26T15:50:00Z</time>
      </trkpt>
      <trkpt lat="63.72532" lon="12.86143">
        <time>2020-02-26T16:00:00Z</time>
      </trkpt>
      <trkpt lat="63.72514" lon="12.86222">
        <time>2020-02-26T16:10:00Z</time>
      </trkpt>
      <trkpt lat="63.72509" lon="12.86224">
        <time>2020-02-26T16:20:00Z</time>
      </trkpt>
      <trkpt lat="63.72562" lon="12.87402">
        <time>2020-02-26T16:39:00Z</time>
      </trkpt>
      <trkpt lat="63.726" lon="12.87857">
        <time>2020-02-26T16:49:00Z</time>
      </trkpt>
      <trkpt lat="63.7285" lon="12.87934">
        <time>2020-02-26T16:59:00Z</time>
      </trkpt>
      <trkpt lat="63.72974" lon="12.8813">
        <time>2020-02-26T17:09:00Z</time>
      </trkpt>
      <trkpt lat="63.73279" lon="12.88355">
        <time>2020-02-26T17:19:00Z</time>
      </trkpt>
      <trkpt lat="63.73777" lon="12.89205">
        <time>2020-02-26T17:29:00Z</time>
      </trkpt>
      <trkpt lat="63.74472" lon="12.91147">
        <time>2020-02-26T17:39:00Z</time>
      </trkpt>
      <trkpt lat="63.74588" lon="12.91954">
        <time>2020-02-26T17:49:00Z</time>
      </trkpt>
      <trkpt lat="63.74864" lon="12.93099">
        <time>2020-02-26T17:59:00Z</time>
      </trkpt>
      <trkpt lat="63.75139" lon="12.94232">
        <time>2020-02-26T18:09:00Z</time>
      </trkpt>
      <trkpt lat="63.7507" lon="12.95181">
        <time>2020-02-26T18:19:00Z</time>
      </trkpt>
      <trkpt lat="63.75061" lon="12.95378">
        <time>2020-02-26T18:29:00Z</time>
      </trkpt>
      <trkpt lat="63.75267" lon="12.95567">
        <time>2020-02-26T18:39:00Z</time>
      </trkpt>
      <trkpt lat="63.75077" lon="12.95913">
        <time>2020-02-26T18:48:00Z</time>
      </trkpt>
      <trkpt lat="63.7506" lon="12.95994">
        <time>2020-02-26T19:05:00Z</time>
      </trkpt>
      <trkpt lat="63.75092" lon="12.96041">
        <time>2020-02-27T14:02:00Z</time>
      </trkpt>
      <trkpt lat="63.74926" lon="12.96262">
        <time>2020-02-27T14:11:00Z</time>
      </trkpt>
      <trkpt lat="63.7448" lon="12.97919">
        <time>2020-02-27T14:21:00Z</time>
      </trkpt>
      <trkpt lat="63.74308" lon="12.99112">
        <time>2020-02-27T14:31:00Z</time>
      </trkpt>
      <trkpt lat="63.74216" lon="12.99757">
        <time>2020-02-27T14:42:00Z</time>
      </trkpt>
      <trkpt lat="63.73976" lon="13.01099">
        <time>2020-02-27T14:51:00Z</time>
      </trkpt>
      <trkpt lat="63.73813" lon="13.01835">
        <time>2020-02-27T15:02:00Z</time>
      </trkpt>
      <trkpt lat="63.73827" lon="13.03167">
        <time>2020-02-27T15:11:00Z</time>
      </trkpt>
      <trkpt lat="63.73885" lon="13.04712">
        <time>2020-02-27T15:21:00Z</time>
      </trkpt>
      <trkpt lat="63.73437" lon="13.06032">
        <time>2020-02-27T15:31:00Z</time>
      </trkpt>
      <trkpt lat="63.73787" lon="13.07412">
        <time>2020-02-27T15:41:00Z</time>
      </trkpt>
      <trkpt lat="63.7417" lon="13.07875">
        <time>2020-02-27T15:51:00Z</time>
      </trkpt>
      <trkpt lat="63.74567" lon="13.08444">
        <time>2020-02-27T16:01:00Z</time>
      </trkpt>
      <trkpt lat="63.74187" lon="13.09502">
        <time>2020-02-27T16:11:00Z</time>
      </trkpt>
      <trkpt lat="63.73809" lon="13.103">
        <time>2020-02-27T16:21:00Z</time>
      </trkpt>
      <trkpt lat="63.73474" lon="13.1169">
        <time>2020-02-27T16:31:00Z</time>
      </trkpt>
      <trkpt lat="63.73021" lon="13.13529">
        <time>2020-02-27T16:41:00Z</time>
      </trkpt>
      <trkpt lat="63.72897" lon="13.14928">
        <time>2020-02-27T16:51:00Z</time>
      </trkpt>
      <trkpt lat="63.73024" lon="13.1573">
        <time>2020-02-27T17:01:00Z</time>
      </trkpt>
      <trkpt lat="63.73144" lon="13.17447">
        <time>2020-02-27T17:11:00Z</time>
      </trkpt>
      <trkpt lat="63.73094" lon="13.19147">
        <time>2020-02-27T17:21:00Z</time>
      </trkpt>
      <trkpt lat="63.72755" lon="13.20591">
        <time>2020-02-27T17:30:00Z</time>
      </trkpt>
      <trkpt lat="63.72512" lon="13.21134">
        <time>2020-02-27T17:46:00Z</time>
      </trkpt>
      <trkpt lat="63.72523" lon="13.21173">
        <time>2020-02-28T09:06:00Z</time>
      </trkpt>
      <trkpt lat="63.72477" lon="13.21496">
        <time>2020-02-28T09:16:00Z</time>
      </trkpt>
      <trkpt lat="63.72523" lon="13.21173">
        <time>2020-02-28T09:20:00Z</time>
      </trkpt>
      <trkpt lat="63.72723" lon="13.22872">
        <time>2020-02-28T09:26:00Z</time>
      </trkpt>
      <trkpt lat="63.73183" lon="13.23215">
        <time>2020-02-28T09:36:00Z</time>
      </trkpt>
      <trkpt lat="63.73216" lon="13.24074">
        <time>2020-02-28T09:46:00Z</time>
      </trkpt>
      <trkpt lat="63.73212" lon="13.24383">
        <time>2020-02-28T09:56:00Z</time>
      </trkpt>
      <trkpt lat="63.72914" lon="13.25881">
        <time>2020-02-28T10:06:00Z</time>
      </trkpt>
      <trkpt lat="63.72575" lon="13.27065">
        <time>2020-02-28T10:16:00Z</time>
      </trkpt>
      <trkpt lat="63.71995" lon="13.26775">
        <time>2020-02-28T10:26:00Z</time>
      </trkpt>
      <trkpt lat="63.71356" lon="13.27631">
        <time>2020-02-28T10:36:00Z</time>
      </trkpt>
      <trkpt lat="63.71038" lon="13.27882">
        <time>2020-02-28T10:46:00Z</time>
      </trkpt>
      <trkpt lat="63.7095" lon="13.28803">
        <time>2020-02-28T10:56:00Z</time>
      </trkpt>
      <trkpt lat="63.70572" lon="13.30223">
        <time>2020-02-28T11:06:00Z</time>
      </trkpt>
      <trkpt lat="63.70919" lon="13.31599">
        <time>2020-02-28T11:15:00Z</time>
      </trkpt>
      <trkpt lat="63.71538" lon="13.32643">
        <time>2020-02-28T11:25:00Z</time>
      </trkpt>
      <trkpt lat="63.7195" lon="13.32918">
        <time>2020-02-28T11:35:00Z</time>
      </trkpt>
      <trkpt lat="63.72429" lon="13.33657">
        <time>2020-02-28T11:45:00Z</time>
      </trkpt>
      <trkpt lat="63.72448" lon="13.34794">
        <time>2020-02-28T11:55:00Z</time>
      </trkpt>
      <trkpt lat="63.72444" lon="13.34794">
        <time>2020-02-28T12:05:00Z</time>
      </trkpt>
      <trkpt lat="63.72454" lon="13.34787">
        <time>2020-02-28T12:15:00Z</time>
      </trkpt>
      <trkpt lat="63.72463" lon="13.34762">
        <time>2020-02-28T12:33:00Z</time>
      </trkpt>
      <trkpt lat="63.72462" lon="13.34764">
        <time>2020-02-28T12:43:00Z</time>
      </trkpt>
      <trkpt lat="63.7229" lon="13.35682">
        <time>2020-02-28T12:53:00Z</time>
      </trkpt>
      <trkpt lat="63.7218" lon="13.3698">
        <time>2020-02-28T13:03:00Z</time>
      </trkpt>
      <trkpt lat="63.71964" lon="13.38755">
        <time>2020-02-28T13:13:00Z</time>
      </trkpt>
      <trkpt lat="63.71991" lon="13.39885">
        <time>2020-02-28T13:22:00Z</time>
      </trkpt>
      <trkpt lat="63.72446" lon="13.41044">
        <time>2020-02-28T13:32:00Z</time>
      </trkpt>
      <trkpt lat="63.73" lon="13.42426">
        <time>2020-02-28T13:42:00Z</time>
      </trkpt>
      <trkpt lat="63.73015" lon="13.45756">
        <time>2020-02-28T14:02:00Z</time>
      </trkpt>
      <trkpt lat="63.72843" lon="13.46855">
        <time>2020-02-28T14:12:00Z</time>
      </trkpt>
      <trkpt lat="63.72105" lon="13.47645">
        <time>2020-02-28T14:22:00Z</time>
      </trkpt>
      <trkpt lat="63.71572" lon="13.49125">
        <time>2020-02-28T14:32:00Z</time>
      </trkpt>
      <trkpt lat="63.71445" lon="13.49773">
        <time>2020-02-28T14:42:00Z</time>
      </trkpt>
      <trkpt lat="63.71427" lon="13.50209">
        <time>2020-02-28T14:52:00Z</time>
      </trkpt>
      <trkpt lat="63.71534" lon="13.52509">
        <time>2020-02-28T15:02:00Z</time>
      </trkpt>
      <trkpt lat="63.71513" lon="13.5243">
        <time>2020-02-28T15:12:00Z</time>
      </trkpt>
      <trkpt lat="63.71463" lon="13.52224">
        <time>2020-02-28T15:22:00Z</time>
      </trkpt>
      <trkpt lat="63.71123" lon="13.53621">
        <time>2020-02-28T15:32:00Z</time>
      </trkpt>
      <trkpt lat="63.70867" lon="13.54108">
        <time>2020-02-28T15:42:00Z</time>
      </trkpt>
      <trkpt lat="63.7076" lon="13.54649">
        <time>2020-02-28T15:52:00Z</time>
      </trkpt>
      <trkpt lat="63.7063" lon="13.55856">
        <time>2020-02-28T16:02:00Z</time>
      </trkpt>
      <trkpt lat="63.70544" lon="13.56842">
        <time>2020-02-28T16:12:00Z</time>
      </trkpt>
      <trkpt lat="63.70415" lon="13.57796">
        <time>2020-02-28T16:22:00Z</time>
      </trkpt>
      <trkpt lat="63.70516" lon="13.58792">
        <time>2020-02-28T16:32:00Z</time>
      </trkpt>
      <trkpt lat="63.70239" lon="13.59833">
        <time>2020-02-28T16:41:00Z</time>
      </trkpt>
      <trkpt lat="63.70786" lon="13.60657">
        <time>2020-02-28T17:04:00Z</time>
      </trkpt>
      <trkpt lat="63.70786" lon="13.60646">
        <time>2020-02-29T08:46:00Z</time>
      </trkpt>
      <trkpt lat="63.70784" lon="13.60652">
        <time>2020-02-29T08:51:00Z</time>
      </trkpt>
      <trkpt lat="63.71511" lon="13.60794">
        <time>2020-02-29T09:21:00Z</time>
      </trkpt>
      <trkpt lat="63.71635" lon="13.61309">
        <time>2020-02-29T09:31:00Z</time>
      </trkpt>
      <trkpt lat="63.71785" lon="13.61403">
        <time>2020-02-29T09:41:00Z</time>
      </trkpt>
      <trkpt lat="63.72136" lon="13.61584">
        <time>2020-02-29T09:51:00Z</time>
      </trkpt>
      <trkpt lat="63.72548" lon="13.6197">
        <time>2020-02-29T10:00:00Z</time>
      </trkpt>
      <trkpt lat="63.72848" lon="13.6202">
        <time>2020-02-29T10:10:00Z</time>
      </trkpt>
      <trkpt lat="63.7338" lon="13.62011">
        <time>2020-02-29T10:20:00Z</time>
      </trkpt>
      <trkpt lat="63.73763" lon="13.62536">
        <time>2020-02-29T10:30:00Z</time>
      </trkpt>
      <trkpt lat="63.74145" lon="13.62648">
        <time>2020-02-29T10:40:00Z</time>
      </trkpt>
      <trkpt lat="63.74562" lon="13.63051">
        <time>2020-02-29T10:51:00Z</time>
      </trkpt>
      <trkpt lat="63.74764" lon="13.63699">
        <time>2020-02-29T11:00:00Z</time>
      </trkpt>
      <trkpt lat="63.74765" lon="13.63706">
        <time>2020-02-29T11:10:00Z</time>
      </trkpt>
      <trkpt lat="63.74933" lon="13.64508">
        <time>2020-02-29T11:20:00Z</time>
      </trkpt>
      <trkpt lat="63.7492" lon="13.65066">
        <time>2020-02-29T11:30:00Z</time>
      </trkpt>
      <trkpt lat="63.7536" lon="13.65294">
        <time>2020-02-29T11:40:00Z</time>
      </trkpt>
      <trkpt lat="63.75438" lon="13.66013">
        <time>2020-02-29T11:50:00Z</time>
      </trkpt>
      <trkpt lat="63.75262" lon="13.67137">
        <time>2020-02-29T12:00:00Z</time>
      </trkpt>
      <trkpt lat="63.75116" lon="13.6806">
        <time>2020-02-29T12:10:00Z</time>
      </trkpt>
      <trkpt lat="63.7511" lon="13.68066">
        <time>2020-02-29T12:20:00Z</time>
      </trkpt>
      <trkpt lat="63.75106" lon="13.68057">
        <time>2020-02-29T12:30:00Z</time>
      </trkpt>
      <trkpt lat="63.75092" lon="13.6821">
        <time>2020-02-29T12:56:00Z</time>
      </trkpt>
      <trkpt lat="63.74922" lon="13.69349">
        <time>2020-02-29T13:06:00Z</time>
      </trkpt>
      <trkpt lat="63.74767" lon="13.70358">
        <time>2020-02-29T13:16:00Z</time>
      </trkpt>
      <trkpt lat="63.74604" lon="13.71336">
        <time>2020-02-29T13:26:00Z</time>
      </trkpt>
      <trkpt lat="63.74364" lon="13.72752">
        <time>2020-02-29T13:36:00Z</time>
      </trkpt>
      <trkpt lat="63.74324" lon="13.73694">
        <time>2020-02-29T13:46:00Z</time>
      </trkpt>
      <trkpt lat="63.74662" lon="13.74368">
        <time>2020-02-29T13:56:00Z</time>
      </trkpt>
      <trkpt lat="63.74903" lon="13.7504">
        <time>2020-02-29T14:06:00Z</time>
      </trkpt>
      <trkpt lat="63.75039" lon="13.76048">
        <time>2020-02-29T14:16:00Z</time>
      </trkpt>
      <trkpt lat="63.7518" lon="13.77042">
        <time>2020-02-29T14:26:00Z</time>
      </trkpt>
      <trkpt lat="63.75219" lon="13.77087">
        <time>2020-02-29T14:35:00Z</time>
      </trkpt>
      <trkpt lat="63.75352" lon="13.77359">
        <time>2020-02-29T14:45:00Z</time>
      </trkpt>
      <trkpt lat="63.75596" lon="13.77872">
        <time>2020-02-29T14:55:00Z</time>
      </trkpt>
      <trkpt lat="63.75918" lon="13.7819">
        <time>2020-02-29T15:05:00Z</time>
      </trkpt>
      <trkpt lat="63.76231" lon="13.78855">
        <time>2020-02-29T15:15:00Z</time>
      </trkpt>
      <trkpt lat="63.76274" lon="13.79524">
        <time>2020-02-29T15:25:00Z</time>
      </trkpt>
      <trkpt lat="63.76599" lon="13.80147">
        <time>2020-02-29T15:45:00Z</time>
      </trkpt>
      <trkpt lat="63.76728" lon="13.80516">
        <time>2020-02-29T15:55:00Z</time>
      </trkpt>
      <trkpt lat="63.7696" lon="13.81237">
        <time>2020-02-29T16:05:00Z</time>
      </trkpt>
      <trkpt lat="63.77253" lon="13.81975">
        <time>2020-02-29T16:15:00Z</time>
      </trkpt>
      <trkpt lat="63.7706" lon="13.82559">
        <time>2020-02-29T16:25:00Z</time>
      </trkpt>
      <trkpt lat="63.76793" lon="13.8317">
        <time>2020-02-29T16:35:00Z</time>
      </trkpt>
      <trkpt lat="63.76882" lon="13.83917">
        <time>2020-02-29T16:45:00Z</time>
      </trkpt>
      <trkpt lat="63.77204" lon="13.83797">
        <time>2020-02-29T16:55:00Z</time>
      </trkpt>
      <trkpt lat="63.77505" lon="13.83314">
        <time>2020-02-29T17:05:00Z</time>
      </trkpt>
      <trkpt lat="63.78054" lon="13.8267">
        <time>2020-02-29T17:15:00Z</time>
      </trkpt>
      <trkpt lat="63.78056" lon="13.82134">
        <time>2020-02-29T17:22:00Z</time>
      </trkpt>
      <trkpt lat="63.78068" lon="13.822">
        <time>2020-03-01T09:35:00Z</time>
      </trkpt>
      <trkpt lat="63.78238" lon="13.82917">
        <time>2020-03-01T09:44:00Z</time>
      </trkpt>
      <trkpt lat="63.78611" lon="13.83893">
        <time>2020-03-01T09:54:00Z</time>
      </trkpt>
      <trkpt lat="63.80599" lon="13.83472">
        <time>2020-03-01T10:24:00Z</time>
      </trkpt>
      <trkpt lat="63.81105" lon="13.82983">
        <time>2020-03-01T10:34:00Z</time>
      </trkpt>
      <trkpt lat="63.81693" lon="13.83026">
        <time>2020-03-01T10:44:00Z</time>
      </trkpt>
      <trkpt lat="63.81747" lon="13.83026">
        <time>2020-03-01T10:54:00Z</time>
      </trkpt>
      <trkpt lat="63.82352" lon="13.82696">
        <time>2020-03-01T11:04:00Z</time>
      </trkpt>
      <trkpt lat="63.82954" lon="13.82211">
        <time>2020-03-01T11:14:00Z</time>
      </trkpt>
      <trkpt lat="63.83551" lon="13.81722">
        <time>2020-03-01T11:24:00Z</time>
      </trkpt>
      <trkpt lat="63.8402" lon="13.81091">
        <time>2020-03-01T11:34:00Z</time>
      </trkpt>
      <trkpt lat="63.84369" lon="13.80694">
        <time>2020-03-01T11:44:00Z</time>
      </trkpt>
      <trkpt lat="63.84741" lon="13.79999">
        <time>2020-03-01T11:53:00Z</time>
      </trkpt>
      <trkpt lat="63.84982" lon="13.79604">
        <time>2020-03-01T12:04:00Z</time>
      </trkpt>
      <trkpt lat="63.85141" lon="13.80904">
        <time>2020-03-01T12:13:00Z</time>
      </trkpt>
      <trkpt lat="63.85192" lon="13.81797">
        <time>2020-03-01T12:23:00Z</time>
      </trkpt>
      <trkpt lat="63.85249" lon="13.82863">
        <time>2020-03-01T12:33:00Z</time>
      </trkpt>
      <trkpt lat="63.85272" lon="13.82874">
        <time>2020-03-01T13:12:00Z</time>
      </trkpt>
      <trkpt lat="63.85272" lon="13.82872">
        <time>2020-03-01T13:22:00Z</time>
      </trkpt>
      <trkpt lat="63.85272" lon="13.8288">
        <time>2020-03-01T13:32:00Z</time>
      </trkpt>
      <trkpt lat="63.85596" lon="13.83179">
        <time>2020-03-01T13:42:00Z</time>
      </trkpt>
      <trkpt lat="63.85806" lon="13.84003">
        <time>2020-03-01T13:52:00Z</time>
      </trkpt>
      <trkpt lat="63.86557" lon="13.85809">
        <time>2020-03-01T14:22:00Z</time>
      </trkpt>
      <trkpt lat="63.871" lon="13.85809">
        <time>2020-03-01T14:32:00Z</time>
      </trkpt>
      <trkpt lat="63.87522" lon="13.86436">
        <time>2020-03-01T14:41:00Z</time>
      </trkpt>
      <trkpt lat="63.8811" lon="13.85998">
        <time>2020-03-01T14:51:00Z</time>
      </trkpt>
      <trkpt lat="63.88707" lon="13.85563">
        <time>2020-03-01T15:01:00Z</time>
      </trkpt>
      <trkpt lat="63.88842" lon="13.8547">
        <time>2020-03-01T15:11:00Z</time>
      </trkpt>
      <trkpt lat="63.88895" lon="13.85586">
        <time>2020-03-01T15:21:00Z</time>
      </trkpt>
      <trkpt lat="63.89416" lon="13.86403">
        <time>2020-03-01T15:31:00Z</time>
      </trkpt>
      <trkpt lat="63.90021" lon="13.86618">
        <time>2020-03-01T15:41:00Z</time>
      </trkpt>
      <trkpt lat="63.90596" lon="13.86567">
        <time>2020-03-01T15:51:00Z</time>
      </trkpt>
      <trkpt lat="63.91108" lon="13.86661">
        <time>2020-03-01T16:01:00Z</time>
      </trkpt>
      <trkpt lat="63.91675" lon="13.86805">
        <time>2020-03-01T16:11:00Z</time>
      </trkpt>
      <trkpt lat="63.92394" lon="13.87309">
        <time>2020-03-01T16:21:00Z</time>
      </trkpt>
      <trkpt lat="63.92575" lon="13.8738">
        <time>2020-03-01T16:31:00Z</time>
      </trkpt>
      <trkpt lat="63.93268" lon="13.89311">
        <time>2020-03-01T16:50:00Z</time>
      </trkpt>
      <trkpt lat="63.94005" lon="13.89915">
        <time>2020-03-01T17:00:00Z</time>
      </trkpt>
      <trkpt lat="63.94383" lon="13.91331">
        <time>2020-03-01T17:10:00Z</time>
      </trkpt>
      <trkpt lat="63.95147" lon="13.92086">
        <time>2020-03-01T17:20:00Z</time>
      </trkpt>
      <trkpt lat="63.95801" lon="13.94094">
        <time>2020-03-01T17:30:00Z</time>
      </trkpt>
      <trkpt lat="63.9602" lon="13.94815">
        <time>2020-03-01T17:40:00Z</time>
      </trkpt>
      <trkpt lat="63.96473" lon="13.94991">
        <time>2020-03-01T17:52:00Z</time>
      </trkpt>
      <trkpt lat="63.9836" lon="13.98156">
        <time>2020-03-02T11:19:00Z</time>
      </trkpt>
      <trkpt lat="63.9836" lon="13.98156">
        <time>2020-03-02T11:20:00Z</time>
      </trkpt>
      <trkpt lat="63.98469" lon="13.98278">
        <time>2020-03-02T11:29:00Z</time>
      </trkpt>
      <trkpt lat="63.98818" lon="13.98693">
        <time>2020-03-02T11:39:00Z</time>
      </trkpt>
      <trkpt lat="63.99097" lon="13.98942">
        <time>2020-03-02T11:49:00Z</time>
      </trkpt>
      <trkpt lat="63.99354" lon="13.9913">
        <time>2020-03-02T11:59:00Z</time>
      </trkpt>
      <trkpt lat="63.99667" lon="13.99527">
        <time>2020-03-02T12:09:00Z</time>
      </trkpt>
      <trkpt lat="64.00053" lon="13.99879">
        <time>2020-03-02T12:19:00Z</time>
      </trkpt>
      <trkpt lat="64.00136" lon="14.00707">
        <time>2020-03-02T12:28:00Z</time>
      </trkpt>
      <trkpt lat="64.00548" lon="14.00836">
        <time>2020-03-02T12:38:00Z</time>
      </trkpt>
      <trkpt lat="64.01839" lon="14.01591">
        <time>2020-03-02T14:36:00Z</time>
      </trkpt>
      <trkpt lat="64.02251" lon="14.03533">
        <time>2020-03-02T15:05:00Z</time>
      </trkpt>
      <trkpt lat="64.02251" lon="14.03542">
        <time>2020-03-02T15:15:00Z</time>
      </trkpt>
      <trkpt lat="64.02249" lon="14.03559">
        <time>2020-03-02T15:25:00Z</time>
      </trkpt>
      <trkpt lat="64.03218" lon="14.08837">
        <time>2020-03-02T16:35:00Z</time>
      </trkpt>
      <trkpt lat="64.03454" lon="14.08906">
        <time>2020-03-02T16:45:00Z</time>
      </trkpt>
      <trkpt lat="64.03793" lon="14.08872">
        <time>2020-03-02T16:55:00Z</time>
      </trkpt>
      <trkpt lat="64.04259" lon="14.09634">
        <time>2020-03-02T17:05:00Z</time>
      </trkpt>
      <trkpt lat="64.04826" lon="14.10262">
        <time>2020-03-02T17:25:00Z</time>
      </trkpt>
      <trkpt lat="64.05052" lon="14.09524">
        <time>2020-03-02T17:35:00Z</time>
      </trkpt>
      <trkpt lat="64.05293" lon="14.08769">
        <time>2020-03-02T17:45:00Z</time>
      </trkpt>
      <trkpt lat="64.06126" lon="14.08909">
        <time>2020-03-02T18:21:00Z</time>
      </trkpt>
      <trkpt lat="64.06134" lon="14.08902">
        <time>2020-03-03T08:57:00Z</time>
      </trkpt>
      <trkpt lat="64.06129" lon="14.08904">
        <time>2020-03-03T09:02:00Z</time>
      </trkpt>
      <trkpt lat="64.06402" lon="14.08793">
        <time>2020-03-03T09:12:00Z</time>
      </trkpt>
      <trkpt lat="64.06707" lon="14.09926">
        <time>2020-03-03T09:21:00Z</time>
      </trkpt>
      <trkpt lat="64.069" lon="14.11059">
        <time>2020-03-03T09:31:00Z</time>
      </trkpt>
      <trkpt lat="64.06647" lon="14.12046">
        <time>2020-03-03T09:41:00Z</time>
      </trkpt>
      <trkpt lat="64.06382" lon="14.13043">
        <time>2020-03-03T09:51:00Z</time>
      </trkpt>
      <trkpt lat="64.06558" lon="14.14044">
        <time>2020-03-03T10:01:00Z</time>
      </trkpt>
      <trkpt lat="64.06704" lon="14.14104">
        <time>2020-03-03T10:11:00Z</time>
      </trkpt>
      <trkpt lat="64.06702" lon="14.14101">
        <time>2020-03-03T10:21:00Z</time>
      </trkpt>
      <trkpt lat="64.06702" lon="14.14101">
        <time>2020-03-03T10:31:00Z</time>
      </trkpt>
      <trkpt lat="64.06638" lon="14.14855">
        <time>2020-03-03T11:07:00Z</time>
      </trkpt>
      <trkpt lat="64.06929" lon="14.14561">
        <time>2020-03-03T11:17:00Z</time>
      </trkpt>
      <trkpt lat="64.07147" lon="14.15436">
        <time>2020-03-03T11:27:00Z</time>
      </trkpt>
      <trkpt lat="64.07455" lon="14.16088">
        <time>2020-03-03T11:47:00Z</time>
      </trkpt>
      <trkpt lat="64.07622" lon="14.16998">
        <time>2020-03-03T11:57:00Z</time>
      </trkpt>
      <trkpt lat="64.07897" lon="14.17822">
        <time>2020-03-03T12:07:00Z</time>
      </trkpt>
      <trkpt lat="64.07989" lon="14.1862">
        <time>2020-03-03T12:17:00Z</time>
      </trkpt>
      <trkpt lat="64.08526" lon="14.20283">
        <time>2020-03-03T12:37:00Z</time>
      </trkpt>
      <trkpt lat="64.08714" lon="14.19588">
        <time>2020-03-03T12:47:00Z</time>
      </trkpt>
      <trkpt lat="64.08904" lon="14.19528">
        <time>2020-03-03T12:57:00Z</time>
      </trkpt>
      <trkpt lat="64.08907" lon="14.19517">
        <time>2020-03-03T13:07:00Z</time>
      </trkpt>
      <trkpt lat="64.08907" lon="14.19515">
        <time>2020-03-03T13:17:00Z</time>
      </trkpt>
      <trkpt lat="64.08907" lon="14.19515">
        <time>2020-03-03T13:41:00Z</time>
      </trkpt>
      <trkpt lat="64.08899" lon="14.19522">
        <time>2020-03-03T13:50:00Z</time>
      </trkpt>
      <trkpt lat="64.09148" lon="14.19642">
        <time>2020-03-03T14:00:00Z</time>
      </trkpt>
      <trkpt lat="64.09425" lon="14.20045">
        <time>2020-03-03T14:11:00Z</time>
      </trkpt>
      <trkpt lat="64.09847" lon="14.20335">
        <time>2020-03-03T14:21:00Z</time>
      </trkpt>
      <trkpt lat="64.10243" lon="14.20918">
        <time>2020-03-03T14:30:00Z</time>
      </trkpt>
      <trkpt lat="64.10812" lon="14.21294">
        <time>2020-03-03T14:40:00Z</time>
      </trkpt>
      <trkpt lat="64.11366" lon="14.21463">
        <time>2020-03-03T14:50:00Z</time>
      </trkpt>
      <trkpt lat="64.11611" lon="14.21328">
        <time>2020-03-03T15:00:00Z</time>
      </trkpt>
      <trkpt lat="64.11853" lon="14.21564">
        <time>2020-03-03T15:11:00Z</time>
      </trkpt>
      <trkpt lat="64.12163" lon="14.21727">
        <time>2020-03-03T15:20:00Z</time>
      </trkpt>
      <trkpt lat="64.12511" lon="14.21852">
        <time>2020-03-03T15:30:00Z</time>
      </trkpt>
      <trkpt lat="64.12923" lon="14.21669">
        <time>2020-03-03T15:40:00Z</time>
      </trkpt>
      <trkpt lat="64.13252" lon="14.21742">
        <time>2020-03-03T15:50:00Z</time>
      </trkpt>
      <trkpt lat="64.13308" lon="14.21764">
        <time>2020-03-03T16:00:00Z</time>
      </trkpt>
      <trkpt lat="64.13306" lon="14.21766">
        <time>2020-03-03T16:10:00Z</time>
      </trkpt>
      <trkpt lat="64.14672" lon="14.2212">
        <time>2020-03-03T16:59:00Z</time>
      </trkpt>
      <trkpt lat="64.14888" lon="14.2277">
        <time>2020-03-03T17:10:00Z</time>
      </trkpt>
      <trkpt lat="64.15264" lon="14.23023">
        <time>2020-03-03T17:19:00Z</time>
      </trkpt>
      <trkpt lat="64.15456" lon="14.23137">
        <time>2020-03-03T17:29:00Z</time>
      </trkpt>
      <trkpt lat="64.15828" lon="14.23369">
        <time>2020-03-03T17:39:00Z</time>
      </trkpt>
      <trkpt lat="64.15963" lon="14.23493">
        <time>2020-03-03T17:44:00Z</time>
      </trkpt>
      <trkpt lat="64.15963" lon="14.23493">
        <time>2020-03-04T09:21:00Z</time>
      </trkpt>
      <trkpt lat="64.15963" lon="14.23493">
        <time>2020-03-04T09:21:00Z</time>
      </trkpt>
      <trkpt lat="64.16073" lon="14.23871">
        <time>2020-03-04T09:30:00Z</time>
      </trkpt>
      <trkpt lat="64.16351" lon="14.2417">
        <time>2020-03-04T09:40:00Z</time>
      </trkpt>
      <trkpt lat="64.16488" lon="14.2441">
        <time>2020-03-04T09:50:00Z</time>
      </trkpt>
      <trkpt lat="64.16951" lon="14.24221">
        <time>2020-03-04T10:00:00Z</time>
      </trkpt>
      <trkpt lat="64.17358" lon="14.24362">
        <time>2020-03-04T10:10:00Z</time>
      </trkpt>
      <trkpt lat="64.17368" lon="14.24358">
        <time>2020-03-04T10:20:00Z</time>
      </trkpt>
      <trkpt lat="64.17543" lon="14.24508">
        <time>2020-03-04T10:29:00Z</time>
      </trkpt>
      <trkpt lat="64.17901" lon="14.24581">
        <time>2020-03-04T10:39:00Z</time>
      </trkpt>
      <trkpt lat="64.18037" lon="14.24648">
        <time>2020-03-04T10:49:00Z</time>
      </trkpt>
      <trkpt lat="64.18331" lon="14.24929">
        <time>2020-03-04T10:59:00Z</time>
      </trkpt>
      <trkpt lat="64.18656" lon="14.24933">
        <time>2020-03-04T11:09:00Z</time>
      </trkpt>
      <trkpt lat="64.19054" lon="14.25515">
        <time>2020-03-04T11:20:00Z</time>
      </trkpt>
      <trkpt lat="64.19513" lon="14.25746">
        <time>2020-03-04T11:29:00Z</time>
      </trkpt>
      <trkpt lat="64.19995" lon="14.26088">
        <time>2020-03-04T11:39:00Z</time>
      </trkpt>
      <trkpt lat="64.20513" lon="14.26493">
        <time>2020-03-04T11:49:00Z</time>
      </trkpt>
      <trkpt lat="64.20787" lon="14.26897">
        <time>2020-03-04T11:59:00Z</time>
      </trkpt>
      <trkpt lat="64.20864" lon="14.26925">
        <time>2020-03-04T12:09:00Z</time>
      </trkpt>
      <trkpt lat="64.20868" lon="14.26927">
        <time>2020-03-04T12:20:00Z</time>
      </trkpt>
      <trkpt lat="64.20868" lon="14.26927">
        <time>2020-03-04T12:29:00Z</time>
      </trkpt>
      <trkpt lat="64.20868" lon="14.26922">
        <time>2020-03-04T12:50:00Z</time>
      </trkpt>
      <trkpt lat="64.20869" lon="14.26925">
        <time>2020-03-04T13:00:00Z</time>
      </trkpt>
      <trkpt lat="64.20968" lon="14.26555">
        <time>2020-03-04T13:10:00Z</time>
      </trkpt>
      <trkpt lat="64.21303" lon="14.25937">
        <time>2020-03-04T13:20:00Z</time>
      </trkpt>
      <trkpt lat="64.21563" lon="14.25326">
        <time>2020-03-04T13:30:00Z</time>
      </trkpt>
      <trkpt lat="64.2168" lon="14.25079">
        <time>2020-03-04T13:40:00Z</time>
      </trkpt>
      <trkpt lat="64.22099" lon="14.24247">
        <time>2020-03-04T13:49:00Z</time>
      </trkpt>
      <trkpt lat="64.22378" lon="14.23586">
        <time>2020-03-04T13:59:00Z</time>
      </trkpt>
      <trkpt lat="64.22535" lon="14.23223">
        <time>2020-03-04T14:09:00Z</time>
      </trkpt>
      <trkpt lat="64.2274" lon="14.22551">
        <time>2020-03-04T14:20:00Z</time>
      </trkpt>
      <trkpt lat="64.22983" lon="14.22053">
        <time>2020-03-04T14:29:00Z</time>
      </trkpt>
      <trkpt lat="64.23184" lon="14.21693">
        <time>2020-03-04T14:39:00Z</time>
      </trkpt>
      <trkpt lat="64.23545" lon="14.21135">
        <time>2020-03-04T14:49:00Z</time>
      </trkpt>
      <trkpt lat="64.2386" lon="14.20728">
        <time>2020-03-04T14:59:00Z</time>
      </trkpt>
      <trkpt lat="64.23981" lon="14.20627">
        <time>2020-03-04T15:09:00Z</time>
      </trkpt>
      <trkpt lat="64.24298" lon="14.20326">
        <time>2020-03-04T15:19:00Z</time>
      </trkpt>
      <trkpt lat="64.24487" lon="14.20043">
        <time>2020-03-04T15:29:00Z</time>
      </trkpt>
      <trkpt lat="64.24746" lon="14.19837">
        <time>2020-03-04T15:39:00Z</time>
      </trkpt>
      <trkpt lat="64.24969" lon="14.19846">
        <time>2020-03-04T15:49:00Z</time>
      </trkpt>
      <trkpt lat="64.24973" lon="14.19863">
        <time>2020-03-04T15:59:00Z</time>
      </trkpt>
      <trkpt lat="64.2497" lon="14.20049">
        <time>2020-03-04T16:09:00Z</time>
      </trkpt>
      <trkpt lat="64.24879" lon="14.20436">
        <time>2020-03-04T16:19:00Z</time>
      </trkpt>
      <trkpt lat="64.24805" lon="14.20963">
        <time>2020-03-04T16:28:00Z</time>
      </trkpt>
      <trkpt lat="64.24623" lon="14.21869">
        <time>2020-03-04T16:38:00Z</time>
      </trkpt>
      <trkpt lat="64.24553" lon="14.22614">
        <time>2020-03-04T16:48:00Z</time>
      </trkpt>
      <trkpt lat="64.24553" lon="14.2379">
        <time>2020-03-04T16:58:00Z</time>
      </trkpt>
      <trkpt lat="64.24533" lon="14.24669">
        <time>2020-03-04T17:08:00Z</time>
      </trkpt>
      <trkpt lat="64.24499" lon="14.2533">
        <time>2020-03-04T17:19:00Z</time>
      </trkpt>
      <trkpt lat="64.2446" lon="14.26283">
        <time>2020-03-04T17:28:00Z</time>
      </trkpt>
      <trkpt lat="64.24491" lon="14.26935">
        <time>2020-03-04T17:38:00Z</time>
      </trkpt>
      <trkpt lat="64.24513" lon="14.27944">
        <time>2020-03-04T17:48:00Z</time>
      </trkpt>
      <trkpt lat="64.24673" lon="14.28238">
        <time>2020-03-04T17:58:00Z</time>
      </trkpt>
      <trkpt lat="64.24677" lon="14.28229">
        <time>2020-03-05T09:18:00Z</time>
      </trkpt>
      <trkpt lat="64.24677" lon="14.28229">
        <time>2020-03-05T09:18:00Z</time>
      </trkpt>
      <trkpt lat="64.24632" lon="14.28654">
        <time>2020-03-05T09:27:00Z</time>
      </trkpt>
      <trkpt lat="64.24628" lon="14.29212">
        <time>2020-03-05T09:37:00Z</time>
      </trkpt>
      <trkpt lat="64.24616" lon="14.29898">
        <time>2020-03-05T09:47:00Z</time>
      </trkpt>
      <trkpt lat="64.24616" lon="14.3019">
        <time>2020-03-05T09:57:00Z</time>
      </trkpt>
      <trkpt lat="64.24603" lon="14.31229">
        <time>2020-03-05T10:07:00Z</time>
      </trkpt>
      <trkpt lat="64.24589" lon="14.31913">
        <time>2020-03-05T10:18:00Z</time>
      </trkpt>
      <trkpt lat="64.24675" lon="14.32377">
        <time>2020-03-05T10:27:00Z</time>
      </trkpt>
      <trkpt lat="64.24789" lon="14.32877">
        <time>2020-03-05T10:37:00Z</time>
      </trkpt>
      <trkpt lat="64.24881" lon="14.33555">
        <time>2020-03-05T10:47:00Z</time>
      </trkpt>
      <trkpt lat="64.24963" lon="14.33999">
        <time>2020-03-05T10:57:00Z</time>
      </trkpt>
      <trkpt lat="64.24992" lon="14.34132">
        <time>2020-03-05T11:07:00Z</time>
      </trkpt>
      <trkpt lat="64.25111" lon="14.3457">
        <time>2020-03-05T11:18:00Z</time>
      </trkpt>
      <trkpt lat="64.25172" lon="14.3492">
        <time>2020-03-05T11:27:00Z</time>
      </trkpt>
      <trkpt lat="64.25349" lon="14.35692">
        <time>2020-03-05T11:37:00Z</time>
      </trkpt>
      <trkpt lat="64.25355" lon="14.35724">
        <time>2020-03-05T11:47:00Z</time>
      </trkpt>
      <trkpt lat="64.25484" lon="14.36814">
        <time>2020-03-05T11:57:00Z</time>
      </trkpt>
      <trkpt lat="64.25784" lon="14.37613">
        <time>2020-03-05T12:07:00Z</time>
      </trkpt>
      <trkpt lat="64.25784" lon="14.37608">
        <time>2020-03-05T12:17:00Z</time>
      </trkpt>
      <trkpt lat="64.26833" lon="14.41842">
        <time>2020-03-05T15:10:00Z</time>
      </trkpt>
      <trkpt lat="64.26967" lon="14.41889">
        <time>2020-03-05T15:20:00Z</time>
      </trkpt>
      <trkpt lat="64.2706" lon="14.42183">
        <time>2020-03-05T15:49:00Z</time>
      </trkpt>
      <trkpt lat="64.2713" lon="14.42767">
        <time>2020-03-05T16:19:00Z</time>
      </trkpt>
      <trkpt lat="64.27212" lon="14.4305">
        <time>2020-03-05T16:29:00Z</time>
      </trkpt>
      <trkpt lat="64.27203" lon="14.43651">
        <time>2020-03-05T16:39:00Z</time>
      </trkpt>
      <trkpt lat="64.27242" lon="14.44372">
        <time>2020-03-05T16:49:00Z</time>
      </trkpt>
      <trkpt lat="64.2724" lon="14.44367">
        <time>2020-03-05T16:59:00Z</time>
      </trkpt>
      <trkpt lat="64.2724" lon="14.44367">
        <time>2020-03-05T17:09:00Z</time>
      </trkpt>
      <trkpt lat="64.27303" lon="14.44211">
        <time>2020-03-05T17:30:00Z</time>
      </trkpt>
      <trkpt lat="64.27293" lon="14.44215">
        <time>2020-03-06T09:29:00Z</time>
      </trkpt>
      <trkpt lat="64.27293" lon="14.44211">
        <time>2020-03-06T09:31:00Z</time>
      </trkpt>
      <trkpt lat="64.27235" lon="14.44728">
        <time>2020-03-06T09:41:00Z</time>
      </trkpt>
      <trkpt lat="64.27222" lon="14.44859">
        <time>2020-03-06T09:51:00Z</time>
      </trkpt>
      <trkpt lat="64.27176" lon="14.45022">
        <time>2020-03-06T10:01:00Z</time>
      </trkpt>
      <trkpt lat="64.26936" lon="14.45992">
        <time>2020-03-06T10:11:00Z</time>
      </trkpt>
      <trkpt lat="64.26748" lon="14.47974">
        <time>2020-03-06T10:31:00Z</time>
      </trkpt>
      <trkpt lat="64.27108" lon="14.48807">
        <time>2020-03-06T10:41:00Z</time>
      </trkpt>
      <trkpt lat="64.27231" lon="14.50609">
        <time>2020-03-06T10:51:00Z</time>
      </trkpt>
      <trkpt lat="64.27249" lon="14.51948">
        <time>2020-03-06T11:01:00Z</time>
      </trkpt>
      <trkpt lat="64.27209" lon="14.52449">
        <time>2020-03-06T11:12:00Z</time>
      </trkpt>
      <trkpt lat="64.27222" lon="14.52483">
        <time>2020-03-06T11:22:00Z</time>
      </trkpt>
      <trkpt lat="64.27267" lon="14.53423">
        <time>2020-03-06T11:31:00Z</time>
      </trkpt>
      <trkpt lat="64.27258" lon="14.5453">
        <time>2020-03-06T11:41:00Z</time>
      </trkpt>
      <trkpt lat="64.27314" lon="14.55388">
        <time>2020-03-06T11:51:00Z</time>
      </trkpt>
      <trkpt lat="64.27293" lon="14.56306">
        <time>2020-03-06T12:01:00Z</time>
      </trkpt>
      <trkpt lat="64.2726" lon="14.5692">
        <time>2020-03-06T12:11:00Z</time>
      </trkpt>
      <trkpt lat="64.2726" lon="14.5692">
        <time>2020-03-06T12:21:00Z</time>
      </trkpt>
      <trkpt lat="64.27252" lon="14.56933">
        <time>2020-03-06T13:02:00Z</time>
      </trkpt>
      <trkpt lat="64.27479" lon="14.59634">
        <time>2020-03-06T13:32:00Z</time>
      </trkpt>
      <trkpt lat="64.2771" lon="14.5954">
        <time>2020-03-06T13:42:00Z</time>
      </trkpt>
      <trkpt lat="64.27874" lon="14.59437">
        <time>2020-03-06T13:52:00Z</time>
      </trkpt>
      <trkpt lat="64.28318" lon="14.59165">
        <time>2020-03-06T14:12:00Z</time>
      </trkpt>
      <trkpt lat="64.28614" lon="14.58985">
        <time>2020-03-06T14:22:00Z</time>
      </trkpt>
      <trkpt lat="64.28879" lon="14.58856">
        <time>2020-03-06T14:32:00Z</time>
      </trkpt>
      <trkpt lat="64.29065" lon="14.59042">
        <time>2020-03-06T14:42:00Z</time>
      </trkpt>
      <trkpt lat="64.31487" lon="14.58382">
        <time>2020-03-06T17:01:00Z</time>
      </trkpt>
      <trkpt lat="64.31545" lon="14.57841">
        <time>2020-03-06T17:11:00Z</time>
      </trkpt>
      <trkpt lat="64.31474" lon="14.57446">
        <time>2020-03-06T17:21:00Z</time>
      </trkpt>
      <trkpt lat="64.31554" lon="14.56879">
        <time>2020-03-06T17:31:00Z</time>
      </trkpt>
      <trkpt lat="64.32462" lon="14.55731">
        <time>2020-03-06T18:39:00Z</time>
      </trkpt>
      <trkpt lat="64.32464" lon="14.55733">
        <time>2020-03-07T09:40:00Z</time>
      </trkpt>
      <trkpt lat="64.32464" lon="14.55733">
        <time>2020-03-07T09:40:00Z</time>
      </trkpt>
      <trkpt lat="64.32556" lon="14.55944">
        <time>2020-03-07T09:49:00Z</time>
      </trkpt>
      <trkpt lat="64.32814" lon="14.5607">
        <time>2020-03-07T09:59:00Z</time>
      </trkpt>
      <trkpt lat="64.33269" lon="14.56249">
        <time>2020-03-07T10:09:00Z</time>
      </trkpt>
      <trkpt lat="64.33552" lon="14.55442">
        <time>2020-03-07T10:19:00Z</time>
      </trkpt>
      <trkpt lat="64.34312" lon="14.54669">
        <time>2020-03-07T10:29:00Z</time>
      </trkpt>
      <trkpt lat="64.3447" lon="14.53476">
        <time>2020-03-07T10:39:00Z</time>
      </trkpt>
      <trkpt lat="64.34533" lon="14.53382">
        <time>2020-03-07T10:49:00Z</time>
      </trkpt>
      <trkpt lat="64.34938" lon="14.53019">
        <time>2020-03-07T10:59:00Z</time>
      </trkpt>
      <trkpt lat="64.35335" lon="14.52626">
        <time>2020-03-07T11:09:00Z</time>
      </trkpt>
      <trkpt lat="64.35535" lon="14.52219">
        <time>2020-03-07T11:19:00Z</time>
      </trkpt>
      <trkpt lat="64.37054" lon="14.52027">
        <time>2020-03-07T11:38:00Z</time>
      </trkpt>
      <trkpt lat="64.37436" lon="14.51013">
        <time>2020-03-07T11:48:00Z</time>
      </trkpt>
      <trkpt lat="64.37676" lon="14.49367">
        <time>2020-03-07T11:58:00Z</time>
      </trkpt>
      <trkpt lat="64.37799" lon="14.49082">
        <time>2020-03-07T12:08:00Z</time>
      </trkpt>
      <trkpt lat="64.37799" lon="14.49095">
        <time>2020-03-07T12:54:00Z</time>
      </trkpt>
      <trkpt lat="64.37949" lon="14.48623">
        <time>2020-03-07T13:04:00Z</time>
      </trkpt>
      <trkpt lat="64.38243" lon="14.47024">
        <time>2020-03-07T13:14:00Z</time>
      </trkpt>
      <trkpt lat="64.38363" lon="14.45522">
        <time>2020-03-07T13:24:00Z</time>
      </trkpt>
      <trkpt lat="64.37848" lon="14.39044">
        <time>2020-03-07T14:14:00Z</time>
      </trkpt>
      <trkpt lat="64.37299" lon="14.3749">
        <time>2020-03-07T14:24:00Z</time>
      </trkpt>
      <trkpt lat="64.37582" lon="14.36005">
        <time>2020-03-07T14:34:00Z</time>
      </trkpt>
      <trkpt lat="64.37891" lon="14.3422">
        <time>2020-03-07T14:43:00Z</time>
      </trkpt>
      <trkpt lat="64.38376" lon="14.3287">
        <time>2020-03-07T14:54:00Z</time>
      </trkpt>
      <trkpt lat="64.38961" lon="14.31883">
        <time>2020-03-07T15:03:00Z</time>
      </trkpt>
      <trkpt lat="64.38974" lon="14.31888">
        <time>2020-03-07T15:13:00Z</time>
      </trkpt>
      <trkpt lat="64.39249" lon="14.3172">
        <time>2020-03-07T15:23:00Z</time>
      </trkpt>
      <trkpt lat="64.39355" lon="14.30381">
        <time>2020-03-07T15:33:00Z</time>
      </trkpt>
      <trkpt lat="64.40375" lon="14.28435">
        <time>2020-03-07T15:53:00Z</time>
      </trkpt>
      <trkpt lat="64.40916" lon="14.27045">
        <time>2020-03-07T16:03:00Z</time>
      </trkpt>
      <trkpt lat="64.41435" lon="14.25131">
        <time>2020-03-07T16:13:00Z</time>
      </trkpt>
      <trkpt lat="64.44022" lon="14.17906">
        <time>2020-03-07T17:23:00Z</time>
      </trkpt>
      <trkpt lat="64.44541" lon="14.16737">
        <time>2020-03-07T17:33:00Z</time>
      </trkpt>
      <trkpt lat="64.45177" lon="14.15518">
        <time>2020-03-07T17:43:00Z</time>
      </trkpt>
      <trkpt lat="64.45565" lon="14.16539">
        <time>2020-03-07T17:53:00Z</time>
      </trkpt>
      <trkpt lat="64.46153" lon="14.16052">
        <time>2020-03-07T18:03:00Z</time>
      </trkpt>
      <trkpt lat="64.46522" lon="14.15477">
        <time>2020-03-07T18:13:00Z</time>
      </trkpt>
      <trkpt lat="64.47199" lon="14.14505">
        <time>2020-03-07T18:23:00Z</time>
      </trkpt>
      <trkpt lat="64.47892" lon="14.12681">
        <time>2020-03-07T18:33:00Z</time>
      </trkpt>
      <trkpt lat="64.48132" lon="14.12655">
        <time>2020-03-07T18:43:00Z</time>
      </trkpt>
      <trkpt lat="64.48784" lon="14.13533">
        <time>2020-03-07T18:53:00Z</time>
      </trkpt>
      <trkpt lat="64.49648" lon="14.1405">
        <time>2020-03-07T19:03:00Z</time>
      </trkpt>
      <trkpt lat="64.50601" lon="14.14754">
        <time>2020-03-09T11:49:00Z</time>
      </trkpt>
      <trkpt lat="64.50601" lon="14.14754">
        <time>2020-03-09T11:55:00Z</time>
      </trkpt>
      <trkpt lat="64.50248" lon="14.15324">
        <time>2020-03-09T11:58:00Z</time>
      </trkpt>
      <trkpt lat="64.50488" lon="14.15711">
        <time>2020-03-09T12:08:00Z</time>
      </trkpt>
      <trkpt lat="64.52051" lon="14.16291">
        <time>2020-03-09T12:28:00Z</time>
      </trkpt>
      <trkpt lat="64.52634" lon="14.16022">
        <time>2020-03-09T12:38:00Z</time>
      </trkpt>
      <trkpt lat="64.53309" lon="14.14771">
        <time>2020-03-09T12:48:00Z</time>
      </trkpt>
      <trkpt lat="64.53339" lon="14.14661">
        <time>2020-03-09T12:58:00Z</time>
      </trkpt>
      <trkpt lat="64.5333" lon="14.14661">
        <time>2020-03-09T13:08:00Z</time>
      </trkpt>
      <trkpt lat="64.53412" lon="14.14275">
        <time>2020-03-09T13:18:00Z</time>
      </trkpt>
      <trkpt lat="64.54113" lon="14.13807">
        <time>2020-03-09T13:28:00Z</time>
      </trkpt>
      <trkpt lat="64.54774" lon="14.1394">
        <time>2020-03-09T13:38:00Z</time>
      </trkpt>
      <trkpt lat="64.55358" lon="14.14228">
        <time>2020-03-09T13:48:00Z</time>
      </trkpt>
      <trkpt lat="64.5601" lon="14.13853">
        <time>2020-03-09T13:57:00Z</time>
      </trkpt>
      <trkpt lat="64.5644" lon="14.13792">
        <time>2020-03-09T14:07:00Z</time>
      </trkpt>
      <trkpt lat="64.57069" lon="14.13528">
        <time>2020-03-09T14:17:00Z</time>
      </trkpt>
      <trkpt lat="64.57769" lon="14.13044">
        <time>2020-03-09T14:27:00Z</time>
      </trkpt>
      <trkpt lat="64.58344" lon="14.12211">
        <time>2020-03-09T14:37:00Z</time>
      </trkpt>
      <trkpt lat="64.5881" lon="14.12138">
        <time>2020-03-09T14:47:00Z</time>
      </trkpt>
      <trkpt lat="64.59059" lon="14.1164">
        <time>2020-03-09T14:57:00Z</time>
      </trkpt>
      <trkpt lat="64.59584" lon="14.11717">
        <time>2020-03-09T15:07:00Z</time>
      </trkpt>
      <trkpt lat="64.60314" lon="14.11992">
        <time>2020-03-09T15:17:00Z</time>
      </trkpt>
      <trkpt lat="64.60509" lon="14.12022">
        <time>2020-03-09T15:27:00Z</time>
      </trkpt>
      <trkpt lat="64.6089" lon="14.11949">
        <time>2020-03-09T15:37:00Z</time>
      </trkpt>
      <trkpt lat="64.61655" lon="14.12252">
        <time>2020-03-09T15:47:00Z</time>
      </trkpt>
      <trkpt lat="64.62335" lon="14.12239">
        <time>2020-03-09T15:57:00Z</time>
      </trkpt>
      <trkpt lat="64.62906" lon="14.12883">
        <time>2020-03-09T16:07:00Z</time>
      </trkpt>
      <trkpt lat="64.63251" lon="14.13968">
        <time>2020-03-09T16:17:00Z</time>
      </trkpt>
      <trkpt lat="64.63579" lon="14.14069">
        <time>2020-03-09T16:27:00Z</time>
      </trkpt>
      <trkpt lat="64.63618" lon="14.14">
        <time>2020-03-09T16:37:00Z</time>
      </trkpt>
      <trkpt lat="64.64184" lon="14.14009">
        <time>2020-03-09T16:47:00Z</time>
      </trkpt>
      <trkpt lat="64.64837" lon="14.13842">
        <time>2020-03-09T16:56:00Z</time>
      </trkpt>
      <trkpt lat="64.66492" lon="14.11541">
        <time>2020-03-09T17:26:00Z</time>
      </trkpt>
      <trkpt lat="64.66862" lon="14.1025">
        <time>2020-03-09T17:36:00Z</time>
      </trkpt>
      <trkpt lat="64.67194" lon="14.09149">
        <time>2020-03-09T17:46:00Z</time>
      </trkpt>
      <trkpt lat="64.68321" lon="14.08037">
        <time>2020-03-09T18:16:00Z</time>
      </trkpt>
      <trkpt lat="64.68339" lon="14.07898">
        <time>2020-03-10T08:46:00Z</time>
      </trkpt>
      <trkpt lat="64.68339" lon="14.07898">
        <time>2020-03-10T08:46:00Z</time>
      </trkpt>
      <trkpt lat="64.68351" lon="14.07984">
        <time>2020-03-10T08:55:00Z</time>
      </trkpt>
      <trkpt lat="64.69687" lon="14.06952">
        <time>2020-03-10T09:26:00Z</time>
      </trkpt>
      <trkpt lat="64.70169" lon="14.06119">
        <time>2020-03-10T09:36:00Z</time>
      </trkpt>
      <trkpt lat="64.7068" lon="14.05561">
        <time>2020-03-10T09:46:00Z</time>
      </trkpt>
      <trkpt lat="64.71227" lon="14.05428">
        <time>2020-03-10T09:55:00Z</time>
      </trkpt>
      <trkpt lat="64.71941" lon="14.04424">
        <time>2020-03-10T10:05:00Z</time>
      </trkpt>
      <trkpt lat="64.72472" lon="14.03207">
        <time>2020-03-10T10:15:00Z</time>
      </trkpt>
      <trkpt lat="64.72967" lon="14.0234">
        <time>2020-03-10T10:25:00Z</time>
      </trkpt>
      <trkpt lat="64.73202" lon="14.02186">
        <time>2020-03-10T10:35:00Z</time>
      </trkpt>
      <trkpt lat="64.73739" lon="14.0222">
        <time>2020-03-10T10:45:00Z</time>
      </trkpt>
      <trkpt lat="64.74194" lon="14.02083">
        <time>2020-03-10T10:55:00Z</time>
      </trkpt>
      <trkpt lat="64.74683" lon="14.02119">
        <time>2020-03-10T11:05:00Z</time>
      </trkpt>
      <trkpt lat="64.75099" lon="14.02763">
        <time>2020-03-10T11:15:00Z</time>
      </trkpt>
      <trkpt lat="64.7557" lon="14.03518">
        <time>2020-03-10T11:25:00Z</time>
      </trkpt>
      <trkpt lat="64.76009" lon="14.04096">
        <time>2020-03-10T11:35:00Z</time>
      </trkpt>
      <trkpt lat="64.76385" lon="14.03892">
        <time>2020-03-10T11:44:00Z</time>
      </trkpt>
      <trkpt lat="64.7654" lon="14.03823">
        <time>2020-03-10T11:54:00Z</time>
      </trkpt>
      <trkpt lat="64.77034" lon="14.03849">
        <time>2020-03-10T12:04:00Z</time>
      </trkpt>
      <trkpt lat="64.7718" lon="14.03894">
        <time>2020-03-10T12:38:00Z</time>
      </trkpt>
      <trkpt lat="64.80077" lon="14.06681">
        <time>2020-03-10T13:34:00Z</time>
      </trkpt>
      <trkpt lat="64.80743" lon="14.0701">
        <time>2020-03-10T13:44:00Z</time>
      </trkpt>
      <trkpt lat="64.81675" lon="14.06215">
        <time>2020-03-10T13:54:00Z</time>
      </trkpt>
      <trkpt lat="64.82272" lon="14.0673">
        <time>2020-03-10T14:04:00Z</time>
      </trkpt>
      <trkpt lat="64.82718" lon="14.07889">
        <time>2020-03-10T14:14:00Z</time>
      </trkpt>
      <trkpt lat="64.83349" lon="14.07717">
        <time>2020-03-10T14:24:00Z</time>
      </trkpt>
      <trkpt lat="64.83727" lon="14.08919">
        <time>2020-03-10T14:34:00Z</time>
      </trkpt>
      <trkpt lat="64.8371" lon="14.10527">
        <time>2020-03-10T14:44:00Z</time>
      </trkpt>
      <trkpt lat="64.83148" lon="14.11385">
        <time>2020-03-10T14:54:00Z</time>
      </trkpt>
      <trkpt lat="64.83189" lon="14.1273">
        <time>2020-03-10T15:04:00Z</time>
      </trkpt>
      <trkpt lat="64.84439" lon="14.16138">
        <time>2020-03-10T15:54:00Z</time>
      </trkpt>
      <trkpt lat="64.84602" lon="14.16996">
        <time>2020-03-10T16:04:00Z</time>
      </trkpt>
      <trkpt lat="64.8604" lon="14.1812">
        <time>2020-03-10T16:14:00Z</time>
      </trkpt>
      <trkpt lat="64.87108" lon="14.20305">
        <time>2020-03-10T16:23:00Z</time>
      </trkpt>
      <trkpt lat="64.87645" lon="14.21176">
        <time>2020-03-10T16:33:00Z</time>
      </trkpt>
      <trkpt lat="64.87688" lon="14.21202">
        <time>2020-03-10T16:43:00Z</time>
      </trkpt>
      <trkpt lat="64.88048" lon="14.21099">
        <time>2020-03-10T16:53:00Z</time>
      </trkpt>
      <trkpt lat="64.8872" lon="14.19582">
        <time>2020-03-10T17:04:00Z</time>
      </trkpt>
      <trkpt lat="64.89339" lon="14.19159">
        <time>2020-03-10T17:13:00Z</time>
      </trkpt>
      <trkpt lat="64.90188" lon="14.19283">
        <time>2020-03-10T17:23:00Z</time>
      </trkpt>
      <trkpt lat="64.90746" lon="14.20485">
        <time>2020-03-10T17:33:00Z</time>
      </trkpt>
      <trkpt lat="64.91521" lon="14.20897">
        <time>2020-03-10T17:43:00Z</time>
      </trkpt>
      <trkpt lat="64.92294" lon="14.20745">
        <time>2020-03-10T17:53:00Z</time>
      </trkpt>
      <trkpt lat="64.9311" lon="14.21055">
        <time>2020-03-10T18:03:00Z</time>
      </trkpt>
      <trkpt lat="64.93767" lon="14.21717">
        <time>2020-03-10T18:13:00Z</time>
      </trkpt>
      <trkpt lat="64.94291" lon="14.21665">
        <time>2020-03-10T18:23:00Z</time>
      </trkpt>
      <trkpt lat="64.94479" lon="14.20841">
        <time>2020-03-10T18:33:00Z</time>
      </trkpt>
      <trkpt lat="64.94618" lon="14.20024">
        <time>2020-03-10T18:43:00Z</time>
      </trkpt>
      <trkpt lat="64.94632" lon="14.20026">
        <time>2020-03-10T18:45:00Z</time>
      </trkpt>
      <trkpt lat="64.94633" lon="14.20058">
        <time>2020-03-11T09:37:00Z</time>
      </trkpt>
      <trkpt lat="64.94627" lon="14.19985">
        <time>2020-03-11T09:57:00Z</time>
      </trkpt>
      <trkpt lat="64.95152" lon="14.19369">
        <time>2020-03-11T10:07:00Z</time>
      </trkpt>
      <trkpt lat="64.95891" lon="14.19635">
        <time>2020-03-11T10:17:00Z</time>
      </trkpt>
      <trkpt lat="64.96355" lon="14.20028">
        <time>2020-03-11T10:26:00Z</time>
      </trkpt>
      <trkpt lat="64.9693" lon="14.20702">
        <time>2020-03-11T10:37:00Z</time>
      </trkpt>
      <trkpt lat="64.97307" lon="14.21127">
        <time>2020-03-11T10:46:00Z</time>
      </trkpt>
      <trkpt lat="64.9815" lon="14.21333">
        <time>2020-03-11T11:06:00Z</time>
      </trkpt>
      <trkpt lat="64.98408" lon="14.21279">
        <time>2020-03-11T11:16:00Z</time>
      </trkpt>
      <trkpt lat="64.98752" lon="14.21536">
        <time>2020-03-11T11:26:00Z</time>
      </trkpt>
      <trkpt lat="64.98877" lon="14.21777">
        <time>2020-03-11T11:36:00Z</time>
      </trkpt>
      <trkpt lat="64.99214" lon="14.22622">
        <time>2020-03-11T11:46:00Z</time>
      </trkpt>
      <trkpt lat="64.99426" lon="14.2335">
        <time>2020-03-11T11:56:00Z</time>
      </trkpt>
      <trkpt lat="64.99552" lon="14.23817">
        <time>2020-03-11T12:06:00Z</time>
      </trkpt>
      <trkpt lat="64.99549" lon="14.23817">
        <time>2020-03-11T12:16:00Z</time>
      </trkpt>
      <trkpt lat="64.99551" lon="14.23813">
        <time>2020-03-11T12:26:00Z</time>
      </trkpt>
      <trkpt lat="64.99554" lon="14.2382">
        <time>2020-03-11T12:39:00Z</time>
      </trkpt>
      <trkpt lat="64.99617" lon="14.24081">
        <time>2020-03-11T12:48:00Z</time>
      </trkpt>
      <trkpt lat="64.99755" lon="14.24751">
        <time>2020-03-11T12:58:00Z</time>
      </trkpt>
      <trkpt lat="64.99751" lon="14.2494">
        <time>2020-03-11T13:08:00Z</time>
      </trkpt>
      <trkpt lat="64.99751" lon="14.24953">
        <time>2020-03-11T13:18:00Z</time>
      </trkpt>
      <trkpt lat="64.99798" lon="14.25322">
        <time>2020-03-11T13:28:00Z</time>
      </trkpt>
      <trkpt lat="64.99948" lon="14.25588">
        <time>2020-03-11T13:38:00Z</time>
      </trkpt>
      <trkpt lat="65.00359" lon="14.26442">
        <time>2020-03-11T13:58:00Z</time>
      </trkpt>
      <trkpt lat="65.00637" lon="14.26974">
        <time>2020-03-11T14:08:00Z</time>
      </trkpt>
      <trkpt lat="65.0087" lon="14.27515">
        <time>2020-03-11T14:18:00Z</time>
      </trkpt>
      <trkpt lat="65.01184" lon="14.28055">
        <time>2020-03-11T14:48:00Z</time>
      </trkpt>
      <trkpt lat="65.01273" lon="14.2833">
        <time>2020-03-11T14:58:00Z</time>
      </trkpt>
      <trkpt lat="65.01278" lon="14.2833">
        <time>2020-03-11T15:08:00Z</time>
      </trkpt>
      <trkpt lat="65.01278" lon="14.2833">
        <time>2020-03-11T15:18:00Z</time>
      </trkpt>
      <trkpt lat="65.0129" lon="14.28491">
        <time>2020-03-11T15:28:00Z</time>
      </trkpt>
      <trkpt lat="65.01316" lon="14.28774">
        <time>2020-03-11T15:38:00Z</time>
      </trkpt>
      <trkpt lat="65.01537" lon="14.29484">
        <time>2020-03-11T15:48:00Z</time>
      </trkpt>
      <trkpt lat="65.01709" lon="14.2996">
        <time>2020-03-11T15:58:00Z</time>
      </trkpt>
      <trkpt lat="65.01902" lon="14.30604">
        <time>2020-03-11T16:08:00Z</time>
      </trkpt>
      <trkpt lat="65.02095" lon="14.31261">
        <time>2020-03-11T16:18:00Z</time>
      </trkpt>
      <trkpt lat="65.02193" lon="14.31566">
        <time>2020-03-11T16:28:00Z</time>
      </trkpt>
      <trkpt lat="65.02341" lon="14.32023">
        <time>2020-03-11T16:38:00Z</time>
      </trkpt>
      <trkpt lat="65.02401" lon="14.32263">
        <time>2020-03-11T16:48:00Z</time>
      </trkpt>
      <trkpt lat="65.02435" lon="14.32561">
        <time>2020-03-11T16:58:00Z</time>
      </trkpt>
      <trkpt lat="65.02494" lon="14.32963">
        <time>2020-03-11T17:08:00Z</time>
      </trkpt>
      <trkpt lat="65.02547" lon="14.33334">
        <time>2020-03-11T17:18:00Z</time>
      </trkpt>
      <trkpt lat="65.02603" lon="14.33769">
        <time>2020-03-11T17:35:00Z</time>
      </trkpt>
      <trkpt lat="65.02607" lon="14.33769">
        <time>2020-03-12T09:25:00Z</time>
      </trkpt>
      <trkpt lat="65.02607" lon="14.33769">
        <time>2020-03-12T09:25:00Z</time>
      </trkpt>
      <trkpt lat="65.02606" lon="14.33793">
        <time>2020-03-12T09:35:00Z</time>
      </trkpt>
      <trkpt lat="65.02988" lon="14.33787">
        <time>2020-03-12T09:55:00Z</time>
      </trkpt>
      <trkpt lat="65.0329" lon="14.33654">
        <time>2020-03-12T10:04:00Z</time>
      </trkpt>
      <trkpt lat="65.03483" lon="14.33439">
        <time>2020-03-12T10:14:00Z</time>
      </trkpt>
      <trkpt lat="65.03793" lon="14.33199">
        <time>2020-03-12T10:25:00Z</time>
      </trkpt>
      <trkpt lat="65.0411" lon="14.33124">
        <time>2020-03-12T10:34:00Z</time>
      </trkpt>
      <trkpt lat="65.04165" lon="14.3313">
        <time>2020-03-12T10:44:00Z</time>
      </trkpt>
      <trkpt lat="65.04434" lon="14.33216">
        <time>2020-03-12T10:54:00Z</time>
      </trkpt>
      <trkpt lat="65.04652" lon="14.33664">
        <time>2020-03-12T11:04:00Z</time>
      </trkpt>
      <trkpt lat="65.04719" lon="14.34124">
        <time>2020-03-12T11:14:00Z</time>
      </trkpt>
      <trkpt lat="65.04754" lon="14.34383">
        <time>2020-03-12T11:25:00Z</time>
      </trkpt>
      <trkpt lat="65.04832" lon="14.34847">
        <time>2020-03-12T11:34:00Z</time>
      </trkpt>
      <trkpt lat="65.05003" lon="14.35239">
        <time>2020-03-12T11:44:00Z</time>
      </trkpt>
      <trkpt lat="65.05243" lon="14.35732">
        <time>2020-03-12T11:54:00Z</time>
      </trkpt>
      <trkpt lat="65.05566" lon="14.3658">
        <time>2020-03-12T12:04:00Z</time>
      </trkpt>
      <trkpt lat="65.05874" lon="14.37372">
        <time>2020-03-12T12:14:00Z</time>
      </trkpt>
      <trkpt lat="65.06041" lon="14.37806">
        <time>2020-03-12T12:24:00Z</time>
      </trkpt>
      <trkpt lat="65.06301" lon="14.38473">
        <time>2020-03-12T12:34:00Z</time>
      </trkpt>
      <trkpt lat="65.06704" lon="14.39524">
        <time>2020-03-12T13:30:00Z</time>
      </trkpt>
      <trkpt lat="65.07022" lon="14.40209">
        <time>2020-03-12T13:39:00Z</time>
      </trkpt>
      <trkpt lat="65.07489" lon="14.41061">
        <time>2020-03-12T13:49:00Z</time>
      </trkpt>
      <trkpt lat="65.07832" lon="14.41919">
        <time>2020-03-12T13:59:00Z</time>
      </trkpt>
      <trkpt lat="65.07931" lon="14.42891">
        <time>2020-03-12T14:09:00Z</time>
      </trkpt>
      <trkpt lat="65.08128" lon="14.44438">
        <time>2020-03-12T14:19:00Z</time>
      </trkpt>
      <trkpt lat="65.08392" lon="14.45406">
        <time>2020-03-12T14:30:00Z</time>
      </trkpt>
      <trkpt lat="65.08667" lon="14.45951">
        <time>2020-03-12T14:39:00Z</time>
      </trkpt>
      <trkpt lat="65.09216" lon="14.46492">
        <time>2020-03-12T14:49:00Z</time>
      </trkpt>
      <trkpt lat="65.09536" lon="14.46752">
        <time>2020-03-12T14:59:00Z</time>
      </trkpt>
      <trkpt lat="65.10223" lon="14.47035">
        <time>2020-03-12T15:09:00Z</time>
      </trkpt>
      <trkpt lat="65.10718" lon="14.47934">
        <time>2020-03-12T15:19:00Z</time>
      </trkpt>
      <trkpt lat="65.11183" lon="14.49011">
        <time>2020-03-12T15:29:00Z</time>
      </trkpt>
      <trkpt lat="65.11694" lon="14.5017">
        <time>2020-03-12T15:39:00Z</time>
      </trkpt>
      <trkpt lat="65.11721" lon="14.50272">
        <time>2020-03-12T15:49:00Z</time>
      </trkpt>
      <trkpt lat="65.11866" lon="14.50727">
        <time>2020-03-12T15:59:00Z</time>
      </trkpt>
      <trkpt lat="65.12036" lon="14.5221">
        <time>2020-03-12T16:09:00Z</time>
      </trkpt>
      <trkpt lat="65.12278" lon="14.52663">
        <time>2020-03-12T16:19:00Z</time>
      </trkpt>
      <trkpt lat="65.12524" lon="14.52908">
        <time>2020-03-12T16:29:00Z</time>
      </trkpt>
      <trkpt lat="65.12956" lon="14.53081">
        <time>2020-03-12T16:38:00Z</time>
      </trkpt>
      <trkpt lat="65.13448" lon="14.53341">
        <time>2020-03-12T16:48:00Z</time>
      </trkpt>
      <trkpt lat="65.13789" lon="14.53996">
        <time>2020-03-12T16:58:00Z</time>
      </trkpt>
      <trkpt lat="65.14026" lon="14.54933">
        <time>2020-03-12T17:08:00Z</time>
      </trkpt>
      <trkpt lat="65.14295" lon="14.55671">
        <time>2020-03-12T17:18:00Z</time>
      </trkpt>
      <trkpt lat="65.14563" lon="14.56221">
        <time>2020-03-12T17:28:00Z</time>
      </trkpt>
      <trkpt lat="65.14827" lon="14.56448">
        <time>2020-03-12T17:38:00Z</time>
      </trkpt>
      <trkpt lat="65.14909" lon="14.56534">
        <time>2020-03-12T17:48:00Z</time>
      </trkpt>
      <trkpt lat="65.15235" lon="14.56763">
        <time>2020-03-12T17:58:00Z</time>
      </trkpt>
      <trkpt lat="65.15696" lon="14.5748">
        <time>2020-03-12T18:08:00Z</time>
      </trkpt>
      <trkpt lat="65.16236" lon="14.57611">
        <time>2020-03-12T18:18:00Z</time>
      </trkpt>
      <trkpt lat="65.16661" lon="14.57594">
        <time>2020-03-12T18:28:00Z</time>
      </trkpt>
      <trkpt lat="65.16861" lon="14.57671">
        <time>2020-03-12T18:38:00Z</time>
      </trkpt>
      <trkpt lat="65.17397" lon="14.57585">
        <time>2020-03-12T18:48:00Z</time>
      </trkpt>
      <trkpt lat="65.17931" lon="14.56924">
        <time>2020-03-12T18:58:00Z</time>
      </trkpt>
      <trkpt lat="65.18254" lon="14.56706">
        <time>2020-03-12T19:15:00Z</time>
      </trkpt>
      <trkpt lat="65.1825" lon="14.56708">
        <time>2020-03-13T09:52:00Z</time>
      </trkpt>
      <trkpt lat="65.1825" lon="14.56708">
        <time>2020-03-13T09:52:00Z</time>
      </trkpt>
      <trkpt lat="65.18523" lon="14.56819">
        <time>2020-03-13T10:02:00Z</time>
      </trkpt>
      <trkpt lat="65.18761" lon="14.57371">
        <time>2020-03-13T10:14:00Z</time>
      </trkpt>
      <trkpt lat="65.19086" lon="14.57186">
        <time>2020-03-13T10:21:00Z</time>
      </trkpt>
      <trkpt lat="65.19244" lon="14.57798">
        <time>2020-03-13T10:31:00Z</time>
      </trkpt>
      <trkpt lat="65.20272" lon="14.61111">
        <time>2020-03-13T11:32:00Z</time>
      </trkpt>
      <trkpt lat="65.20465" lon="14.61609">
        <time>2020-03-13T11:42:00Z</time>
      </trkpt>
      <trkpt lat="65.20555" lon="14.62467">
        <time>2020-03-13T11:52:00Z</time>
      </trkpt>
      <trkpt lat="65.20645" lon="14.65158">
        <time>2020-03-13T12:21:00Z</time>
      </trkpt>
      <trkpt lat="65.21754" lon="14.71727">
        <time>2020-03-13T13:41:00Z</time>
      </trkpt>
      <trkpt lat="65.21805" lon="14.72783">
        <time>2020-03-13T13:51:00Z</time>
      </trkpt>
      <trkpt lat="65.21749" lon="14.7341">
        <time>2020-03-13T14:01:00Z</time>
      </trkpt>
      <trkpt lat="65.21744" lon="14.7341">
        <time>2020-03-13T14:11:00Z</time>
      </trkpt>
      <trkpt lat="65.21742" lon="14.734">
        <time>2020-03-13T15:05:00Z</time>
      </trkpt>
      <trkpt lat="65.2185" lon="14.73073">
        <time>2020-03-13T15:15:00Z</time>
      </trkpt>
      <trkpt lat="65.22272" lon="14.73262">
        <time>2020-03-13T15:25:00Z</time>
      </trkpt>
      <trkpt lat="65.22649" lon="14.73749">
        <time>2020-03-13T15:35:00Z</time>
      </trkpt>
      <trkpt lat="65.23005" lon="14.7473">
        <time>2020-03-13T15:45:00Z</time>
      </trkpt>
      <trkpt lat="65.2324" lon="14.76317">
        <time>2020-03-13T15:55:00Z</time>
      </trkpt>
      <trkpt lat="65.23708" lon="14.77459">
        <time>2020-03-13T16:05:00Z</time>
      </trkpt>
      <trkpt lat="65.23981" lon="14.7862">
        <time>2020-03-13T16:15:00Z</time>
      </trkpt>
      <trkpt lat="65.24168" lon="14.7988">
        <time>2020-03-13T16:25:00Z</time>
      </trkpt>
      <trkpt lat="65.2425" lon="14.8121">
        <time>2020-03-13T16:35:00Z</time>
      </trkpt>
      <trkpt lat="65.23961" lon="14.82023">
        <time>2020-03-13T16:45:00Z</time>
      </trkpt>
      <trkpt lat="65.23948" lon="14.82862">
        <time>2020-03-13T16:55:00Z</time>
      </trkpt>
      <trkpt lat="65.25341" lon="14.93186">
        <time>2020-03-13T19:32:00Z</time>
      </trkpt>
      <trkpt lat="65.25329" lon="14.93188">
        <time>2020-03-14T09:15:00Z</time>
      </trkpt>
      <trkpt lat="65.25329" lon="14.93188">
        <time>2020-03-14T09:16:00Z</time>
      </trkpt>
      <trkpt lat="65.25388" lon="14.94012">
        <time>2020-03-14T09:25:00Z</time>
      </trkpt>
      <trkpt lat="65.25512" lon="14.95527">
        <time>2020-03-14T09:35:00Z</time>
      </trkpt>
      <trkpt lat="65.25681" lon="14.97291">
        <time>2020-03-14T09:45:00Z</time>
      </trkpt>
      <trkpt lat="65.25816" lon="14.98754">
        <time>2020-03-14T09:55:00Z</time>
      </trkpt>
      <trkpt lat="65.25915" lon="14.99739">
        <time>2020-03-14T10:05:00Z</time>
      </trkpt>
      <trkpt lat="65.26133" lon="15.01391">
        <time>2020-03-14T10:15:00Z</time>
      </trkpt>
      <trkpt lat="65.26624" lon="15.01576">
        <time>2020-03-14T10:25:00Z</time>
      </trkpt>
      <trkpt lat="65.27366" lon="15.01496">
        <time>2020-03-14T10:34:00Z</time>
      </trkpt>
      <trkpt lat="65.28073" lon="15.01312">
        <time>2020-03-14T10:44:00Z</time>
      </trkpt>
      <trkpt lat="65.28682" lon="15.01719">
        <time>2020-03-14T10:54:00Z</time>
      </trkpt>
      <trkpt lat="65.28924" lon="15.02009">
        <time>2020-03-14T11:04:00Z</time>
      </trkpt>
      <trkpt lat="65.29076" lon="15.02209">
        <time>2020-03-14T11:14:00Z</time>
      </trkpt>
      <trkpt lat="65.29603" lon="15.02372">
        <time>2020-03-14T11:24:00Z</time>
      </trkpt>
      <trkpt lat="65.30079" lon="15.0259">
        <time>2020-03-14T11:34:00Z</time>
      </trkpt>
      <trkpt lat="65.30697" lon="15.02779">
        <time>2020-03-14T11:44:00Z</time>
      </trkpt>
      <trkpt lat="65.31209" lon="15.02964">
        <time>2020-03-14T11:54:00Z</time>
      </trkpt>
      <trkpt lat="65.3177" lon="15.03238">
        <time>2020-03-14T12:04:00Z</time>
      </trkpt>
      <trkpt lat="65.32019" lon="15.04792">
        <time>2020-03-14T12:14:00Z</time>
      </trkpt>
      <trkpt lat="65.32307" lon="15.06037">
        <time>2020-03-14T12:24:00Z</time>
      </trkpt>
      <trkpt lat="65.32341" lon="15.0608">
        <time>2020-03-14T12:34:00Z</time>
      </trkpt>
      <trkpt lat="65.32331" lon="15.06062">
        <time>2020-03-14T13:22:00Z</time>
      </trkpt>
      <trkpt lat="65.32597" lon="15.0638">
        <time>2020-03-14T13:32:00Z</time>
      </trkpt>
      <trkpt lat="65.32759" lon="15.06571">
        <time>2020-03-14T13:42:00Z</time>
      </trkpt>
      <trkpt lat="65.33234" lon="15.07977">
        <time>2020-03-14T13:52:00Z</time>
      </trkpt>
      <trkpt lat="65.33396" lon="15.09004">
        <time>2020-03-14T14:02:00Z</time>
      </trkpt>
      <trkpt lat="65.33659" lon="15.09768">
        <time>2020-03-14T14:11:00Z</time>
      </trkpt>
      <trkpt lat="65.33981" lon="15.10326">
        <time>2020-03-14T14:21:00Z</time>
      </trkpt>
      <trkpt lat="65.33981" lon="15.10326">
        <time>2020-03-14T14:31:00Z</time>
      </trkpt>
      <trkpt lat="65.33984" lon="15.10328">
        <time>2020-03-14T14:41:00Z</time>
      </trkpt>
      <trkpt lat="65.3416" lon="15.10832">
        <time>2020-03-14T14:51:00Z</time>
      </trkpt>
      <trkpt lat="65.34435" lon="15.11227">
        <time>2020-03-14T15:01:00Z</time>
      </trkpt>
      <trkpt lat="65.34478" lon="15.12523">
        <time>2020-03-14T15:11:00Z</time>
      </trkpt>
      <trkpt lat="65.34484" lon="15.12903">
        <time>2020-03-14T15:22:00Z</time>
      </trkpt>
      <trkpt lat="65.34491" lon="15.13287">
        <time>2020-03-14T15:31:00Z</time>
      </trkpt>
      <trkpt lat="65.34417" lon="15.15124">
        <time>2020-03-14T15:41:00Z</time>
      </trkpt>
      <trkpt lat="65.34663" lon="15.16326">
        <time>2020-03-14T15:51:00Z</time>
      </trkpt>
      <trkpt lat="65.34859" lon="15.17545">
        <time>2020-03-14T16:01:00Z</time>
      </trkpt>
      <trkpt lat="65.34733" lon="15.18545">
        <time>2020-03-14T16:12:00Z</time>
      </trkpt>
      <trkpt lat="65.34699" lon="15.20004">
        <time>2020-03-14T16:22:00Z</time>
      </trkpt>
      <trkpt lat="65.34721" lon="15.21187">
        <time>2020-03-14T16:41:00Z</time>
      </trkpt>
      <trkpt lat="65.3473" lon="15.22346">
        <time>2020-03-14T16:51:00Z</time>
      </trkpt>
      <trkpt lat="65.34824" lon="15.23565">
        <time>2020-03-14T17:01:00Z</time>
      </trkpt>
      <trkpt lat="65.34984" lon="15.24817">
        <time>2020-03-14T17:11:00Z</time>
      </trkpt>
      <trkpt lat="65.34885" lon="15.25967">
        <time>2020-03-14T17:21:00Z</time>
      </trkpt>
      <trkpt lat="65.34768" lon="15.27469">
        <time>2020-03-14T17:31:00Z</time>
      </trkpt>
      <trkpt lat="65.34625" lon="15.27921">
        <time>2020-03-14T17:41:00Z</time>
      </trkpt>
      <trkpt lat="65.34198" lon="15.28973">
        <time>2020-03-14T17:50:00Z</time>
      </trkpt>
      <trkpt lat="65.34161" lon="15.29087">
        <time>2020-03-14T18:07:00Z</time>
      </trkpt>
      <trkpt lat="65.34161" lon="15.29082">
        <time>2020-03-15T09:11:00Z</time>
      </trkpt>
      <trkpt lat="65.34211" lon="15.29211">
        <time>2020-03-15T09:13:00Z</time>
      </trkpt>
      <trkpt lat="65.34763" lon="15.29235">
        <time>2020-03-15T09:23:00Z</time>
      </trkpt>
      <trkpt lat="65.35132" lon="15.29522">
        <time>2020-03-15T09:33:00Z</time>
      </trkpt>
      <trkpt lat="65.34954" lon="15.30604">
        <time>2020-03-15T09:43:00Z</time>
      </trkpt>
      <trkpt lat="65.35572" lon="15.30312">
        <time>2020-03-15T09:53:00Z</time>
      </trkpt>
      <trkpt lat="65.3587" lon="15.2981">
        <time>2020-03-15T10:04:00Z</time>
      </trkpt>
      <trkpt lat="65.36172" lon="15.29621">
        <time>2020-03-15T10:13:00Z</time>
      </trkpt>
      <trkpt lat="65.36463" lon="15.29595">
        <time>2020-03-15T10:23:00Z</time>
      </trkpt>
      <trkpt lat="65.37206" lon="15.29037">
        <time>2020-03-15T10:33:00Z</time>
      </trkpt>
      <trkpt lat="65.37863" lon="15.29175">
        <time>2020-03-15T10:43:00Z</time>
      </trkpt>
      <trkpt lat="65.38543" lon="15.29601">
        <time>2020-03-15T10:52:00Z</time>
      </trkpt>
      <trkpt lat="65.38921" lon="15.29893">
        <time>2020-03-15T11:02:00Z</time>
      </trkpt>
      <trkpt lat="65.39599" lon="15.30408">
        <time>2020-03-15T11:12:00Z</time>
      </trkpt>
      <trkpt lat="65.39761" lon="15.30168">
        <time>2020-03-15T11:22:00Z</time>
      </trkpt>
      <trkpt lat="65.40146" lon="15.2913">
        <time>2020-03-15T11:32:00Z</time>
      </trkpt>
      <trkpt lat="65.40545" lon="15.28074">
        <time>2020-03-15T11:42:00Z</time>
      </trkpt>
      <trkpt lat="65.40996" lon="15.26939">
        <time>2020-03-15T11:52:00Z</time>
      </trkpt>
      <trkpt lat="65.41212" lon="15.26389">
        <time>2020-03-15T12:02:00Z</time>
      </trkpt>
      <trkpt lat="65.41221" lon="15.26394">
        <time>2020-03-15T12:12:00Z</time>
      </trkpt>
      <trkpt lat="65.41629" lon="15.25641">
        <time>2020-03-15T12:22:00Z</time>
      </trkpt>
      <trkpt lat="65.42148" lon="15.24877">
        <time>2020-03-15T12:32:00Z</time>
      </trkpt>
      <trkpt lat="65.42222" lon="15.24801">
        <time>2020-03-15T12:42:00Z</time>
      </trkpt>
      <trkpt lat="65.4222" lon="15.24804">
        <time>2020-03-15T12:52:00Z</time>
      </trkpt>
      <trkpt lat="65.42277" lon="15.24686">
        <time>2020-03-15T13:16:00Z</time>
      </trkpt>
      <trkpt lat="65.4274" lon="15.23666">
        <time>2020-03-15T13:25:00Z</time>
      </trkpt>
      <trkpt lat="65.43085" lon="15.23061">
        <time>2020-03-15T13:35:00Z</time>
      </trkpt>
      <trkpt lat="65.43227" lon="15.23005">
        <time>2020-03-15T13:45:00Z</time>
      </trkpt>
      <trkpt lat="65.43407" lon="15.23398">
        <time>2020-03-15T13:55:00Z</time>
      </trkpt>
      <trkpt lat="65.43899" lon="15.23574">
        <time>2020-03-15T14:05:00Z</time>
      </trkpt>
      <trkpt lat="65.44685" lon="15.23943">
        <time>2020-03-15T14:15:00Z</time>
      </trkpt>
      <trkpt lat="65.4509" lon="15.24982">
        <time>2020-03-15T14:25:00Z</time>
      </trkpt>
      <trkpt lat="65.46378" lon="15.27123">
        <time>2020-03-15T14:55:00Z</time>
      </trkpt>
      <trkpt lat="65.46977" lon="15.2855">
        <time>2020-03-15T15:05:00Z</time>
      </trkpt>
      <trkpt lat="65.47481" lon="15.30477">
        <time>2020-03-15T15:15:00Z</time>
      </trkpt>
      <trkpt lat="65.47523" lon="15.30576">
        <time>2020-03-15T15:25:00Z</time>
      </trkpt>
      <trkpt lat="65.48269" lon="15.33039">
        <time>2020-03-15T15:35:00Z</time>
      </trkpt>
      <trkpt lat="65.48787" lon="15.3506">
        <time>2020-03-15T15:44:00Z</time>
      </trkpt>
      <trkpt lat="65.49032" lon="15.35635">
        <time>2020-03-15T15:54:00Z</time>
      </trkpt>
      <trkpt lat="65.4905" lon="15.35616">
        <time>2020-03-15T16:05:00Z</time>
      </trkpt>
      <trkpt lat="65.49316" lon="15.3462">
        <time>2020-03-15T16:15:00Z</time>
      </trkpt>
      <trkpt lat="65.49717" lon="15.34297">
        <time>2020-03-15T16:24:00Z</time>
      </trkpt>
      <trkpt lat="65.49724" lon="15.3429">
        <time>2020-03-15T16:34:00Z</time>
      </trkpt>
      <trkpt lat="65.50116" lon="15.34384">
        <time>2020-03-15T16:44:00Z</time>
      </trkpt>
      <trkpt lat="65.50537" lon="15.34084">
        <time>2020-03-15T16:54:00Z</time>
      </trkpt>
      <trkpt lat="65.50884" lon="15.33912">
        <time>2020-03-15T17:04:00Z</time>
      </trkpt>
      <trkpt lat="65.51554" lon="15.3339">
        <time>2020-03-15T17:24:00Z</time>
      </trkpt>
      <trkpt lat="65.51751" lon="15.32969">
        <time>2020-03-15T17:34:00Z</time>
      </trkpt>
      <trkpt lat="65.51837" lon="15.32943">
        <time>2020-03-15T17:44:00Z</time>
      </trkpt>
      <trkpt lat="65.51837" lon="15.32932">
        <time>2020-03-15T17:54:00Z</time>
      </trkpt>
      <trkpt lat="65.5184" lon="15.32938">
        <time>2020-03-16T09:11:00Z</time>
      </trkpt>
      <trkpt lat="65.5184" lon="15.32938">
        <time>2020-03-16T09:11:00Z</time>
      </trkpt>
      <trkpt lat="65.51788" lon="15.32973">
        <time>2020-03-16T09:21:00Z</time>
      </trkpt>
      <trkpt lat="65.5184" lon="15.32767">
        <time>2020-03-16T09:31:00Z</time>
      </trkpt>
      <trkpt lat="65.52097" lon="15.32674">
        <time>2020-03-16T09:41:00Z</time>
      </trkpt>
      <trkpt lat="65.52421" lon="15.32093">
        <time>2020-03-16T09:51:00Z</time>
      </trkpt>
      <trkpt lat="65.53397" lon="15.31889">
        <time>2020-03-16T10:11:00Z</time>
      </trkpt>
      <trkpt lat="65.53921" lon="15.32192">
        <time>2020-03-16T10:20:00Z</time>
      </trkpt>
      <trkpt lat="65.54226" lon="15.32149">
        <time>2020-03-16T10:30:00Z</time>
      </trkpt>
      <trkpt lat="65.54496" lon="15.3106">
        <time>2020-03-16T10:40:00Z</time>
      </trkpt>
      <trkpt lat="65.54577" lon="15.30863">
        <time>2020-03-16T10:50:00Z</time>
      </trkpt>
      <trkpt lat="65.54845" lon="15.30411">
        <time>2020-03-16T11:00:00Z</time>
      </trkpt>
      <trkpt lat="65.55445" lon="15.29951">
        <time>2020-03-16T11:11:00Z</time>
      </trkpt>
      <trkpt lat="65.56253" lon="15.3025">
        <time>2020-03-16T11:20:00Z</time>
      </trkpt>
      <trkpt lat="65.56676" lon="15.30464">
        <time>2020-03-16T11:30:00Z</time>
      </trkpt>
      <trkpt lat="65.57671" lon="15.2969">
        <time>2020-03-16T12:49:00Z</time>
      </trkpt>
      <trkpt lat="65.57924" lon="15.30035">
        <time>2020-03-16T12:59:00Z</time>
      </trkpt>
      <trkpt lat="65.58441" lon="15.29419">
        <time>2020-03-16T13:09:00Z</time>
      </trkpt>
      <trkpt lat="65.59083" lon="15.2867">
        <time>2020-03-16T13:18:00Z</time>
      </trkpt>
      <trkpt lat="65.59936" lon="15.27915">
        <time>2020-03-16T13:28:00Z</time>
      </trkpt>
      <trkpt lat="65.60626" lon="15.27138">
        <time>2020-03-16T13:38:00Z</time>
      </trkpt>
      <trkpt lat="65.61105" lon="15.26565">
        <time>2020-03-16T13:48:00Z</time>
      </trkpt>
      <trkpt lat="65.61744" lon="15.24784">
        <time>2020-03-16T13:58:00Z</time>
      </trkpt>
      <trkpt lat="65.62512" lon="15.23402">
        <time>2020-03-16T14:08:00Z</time>
      </trkpt>
      <trkpt lat="65.63216" lon="15.22381">
        <time>2020-03-16T14:18:00Z</time>
      </trkpt>
      <trkpt lat="65.63766" lon="15.21051">
        <time>2020-03-16T14:28:00Z</time>
      </trkpt>
      <trkpt lat="65.64005" lon="15.20398">
        <time>2020-03-16T14:38:00Z</time>
      </trkpt>
      <trkpt lat="65.64413" lon="15.1918">
        <time>2020-03-16T14:48:00Z</time>
      </trkpt>
      <trkpt lat="65.64977" lon="15.17744">
        <time>2020-03-16T14:58:00Z</time>
      </trkpt>
      <trkpt lat="65.65482" lon="15.15933">
        <time>2020-03-16T15:08:00Z</time>
      </trkpt>
      <trkpt lat="65.65884" lon="15.13875">
        <time>2020-03-16T15:38:00Z</time>
      </trkpt>
      <trkpt lat="65.65915" lon="15.13006">
        <time>2020-03-16T15:57:00Z</time>
      </trkpt>
      <trkpt lat="65.66396" lon="15.12946">
        <time>2020-03-16T16:07:00Z</time>
      </trkpt>
      <trkpt lat="65.66705" lon="15.12929">
        <time>2020-03-16T16:17:00Z</time>
      </trkpt>
      <trkpt lat="65.67319" lon="15.12983">
        <time>2020-03-16T16:27:00Z</time>
      </trkpt>
      <trkpt lat="65.67771" lon="15.12565">
        <time>2020-03-16T16:37:00Z</time>
      </trkpt>
      <trkpt lat="65.68227" lon="15.12213">
        <time>2020-03-16T16:47:00Z</time>
      </trkpt>
      <trkpt lat="65.68931" lon="15.12041">
        <time>2020-03-16T16:57:00Z</time>
      </trkpt>
      <trkpt lat="65.69571" lon="15.11049">
        <time>2020-03-16T17:07:00Z</time>
      </trkpt>
      <trkpt lat="65.70065" lon="15.10785">
        <time>2020-03-16T17:17:00Z</time>
      </trkpt>
      <trkpt lat="65.7055" lon="15.10201">
        <time>2020-03-16T17:27:00Z</time>
      </trkpt>
      <trkpt lat="65.70902" lon="15.09841">
        <time>2020-03-16T17:37:00Z</time>
      </trkpt>
      <trkpt lat="65.71438" lon="15.09434">
        <time>2020-03-16T17:47:00Z</time>
      </trkpt>
      <trkpt lat="65.71735" lon="15.09064">
        <time>2020-03-16T17:57:00Z</time>
      </trkpt>
      <trkpt lat="65.71973" lon="15.08897">
        <time>2020-03-16T18:12:00Z</time>
      </trkpt>
      <trkpt lat="65.71975" lon="15.08888">
        <time>2020-03-17T09:24:00Z</time>
      </trkpt>
      <trkpt lat="65.71975" lon="15.08888">
        <time>2020-03-17T09:30:00Z</time>
      </trkpt>
      <trkpt lat="65.72186" lon="15.09303">
        <time>2020-03-17T09:33:00Z</time>
      </trkpt>
      <trkpt lat="65.7377" lon="15.09606">
        <time>2020-03-17T09:43:00Z</time>
      </trkpt>
      <trkpt lat="65.73886" lon="15.09125">
        <time>2020-03-17T09:53:00Z</time>
      </trkpt>
      <trkpt lat="65.74478" lon="15.08996">
        <time>2020-03-17T10:03:00Z</time>
      </trkpt>
      <trkpt lat="65.7457" lon="15.09431">
        <time>2020-03-17T10:13:00Z</time>
      </trkpt>
      <trkpt lat="65.74551" lon="15.0941">
        <time>2020-03-17T10:23:00Z</time>
      </trkpt>
      <trkpt lat="65.74659" lon="15.10148">
        <time>2020-03-17T10:33:00Z</time>
      </trkpt>
      <trkpt lat="65.74764" lon="15.10738">
        <time>2020-03-17T10:43:00Z</time>
      </trkpt>
      <trkpt lat="65.74969" lon="15.11935">
        <time>2020-03-17T10:53:00Z</time>
      </trkpt>
      <trkpt lat="65.75112" lon="15.12785">
        <time>2020-03-17T11:03:00Z</time>
      </trkpt>
      <trkpt lat="65.75508" lon="15.12966">
        <time>2020-03-17T11:12:00Z</time>
      </trkpt>
      <trkpt lat="65.76002" lon="15.1276">
        <time>2020-03-17T11:22:00Z</time>
      </trkpt>
      <trkpt lat="65.76324" lon="15.12322">
        <time>2020-03-17T11:32:00Z</time>
      </trkpt>
      <trkpt lat="65.76482" lon="15.12046">
        <time>2020-03-17T11:42:00Z</time>
      </trkpt>
      <trkpt lat="65.76993" lon="15.11402">
        <time>2020-03-17T11:52:00Z</time>
      </trkpt>
      <trkpt lat="65.7716" lon="15.1129">
        <time>2020-03-17T12:02:00Z</time>
      </trkpt>
      <trkpt lat="65.77161" lon="15.11283">
        <time>2020-03-17T12:12:00Z</time>
      </trkpt>
      <trkpt lat="65.7716" lon="15.11287">
        <time>2020-03-17T12:23:00Z</time>
      </trkpt>
      <trkpt lat="65.77158" lon="15.11287">
        <time>2020-03-17T12:32:00Z</time>
      </trkpt>
      <trkpt lat="65.77616" lon="15.11244">
        <time>2020-03-17T12:42:00Z</time>
      </trkpt>
      <trkpt lat="65.78203" lon="15.11107">
        <time>2020-03-17T12:52:00Z</time>
      </trkpt>
      <trkpt lat="65.78981" lon="15.10427">
        <time>2020-03-17T13:02:00Z</time>
      </trkpt>
      <trkpt lat="65.79876" lon="15.09715">
        <time>2020-03-17T13:12:00Z</time>
      </trkpt>
      <trkpt lat="65.80768" lon="15.08822">
        <time>2020-03-17T13:22:00Z</time>
      </trkpt>
      <trkpt lat="65.81194" lon="15.08736">
        <time>2020-03-17T13:32:00Z</time>
      </trkpt>
      <trkpt lat="65.81193" lon="15.08738">
        <time>2020-03-17T13:42:00Z</time>
      </trkpt>
      <trkpt lat="65.81532" lon="15.08723">
        <time>2020-03-17T13:52:00Z</time>
      </trkpt>
      <trkpt lat="65.81618" lon="15.08919">
        <time>2020-03-17T14:22:00Z</time>
      </trkpt>
      <trkpt lat="65.81614" lon="15.08919">
        <time>2020-03-17T14:31:00Z</time>
      </trkpt>
      <trkpt lat="65.8152" lon="15.08751">
        <time>2020-03-17T14:41:00Z</time>
      </trkpt>
      <trkpt lat="65.81218" lon="15.08704">
        <time>2020-03-18T15:14:00Z</time>
      </trkpt>
      <trkpt lat="65.81513" lon="15.1039">
        <time>2020-03-18T15:43:00Z</time>
      </trkpt>
      <trkpt lat="65.81484" lon="15.10577">
        <time>2020-03-18T15:53:00Z</time>
      </trkpt>
      <trkpt lat="65.81845" lon="15.11809">
        <time>2020-03-18T16:12:00Z</time>
      </trkpt>
      <trkpt lat="65.82079" lon="15.1139">
        <time>2020-03-18T16:22:00Z</time>
      </trkpt>
      <trkpt lat="65.82544" lon="15.10676">
        <time>2020-03-18T16:32:00Z</time>
      </trkpt>
      <trkpt lat="65.82829" lon="15.10343">
        <time>2020-03-18T16:42:00Z</time>
      </trkpt>
      <trkpt lat="65.83042" lon="15.10326">
        <time>2020-03-18T16:52:00Z</time>
      </trkpt>
      <trkpt lat="65.83256" lon="15.10403">
        <time>2020-03-18T17:02:00Z</time>
      </trkpt>
      <trkpt lat="65.83557" lon="15.09779">
        <time>2020-03-18T17:13:00Z</time>
      </trkpt>
      <trkpt lat="65.83763" lon="15.10097">
        <time>2020-03-18T17:22:00Z</time>
      </trkpt>
      <trkpt lat="65.83951" lon="15.105">
        <time>2020-03-18T17:32:00Z</time>
      </trkpt>
      <trkpt lat="65.8409" lon="15.10747">
        <time>2020-03-18T17:42:00Z</time>
      </trkpt>
      <trkpt lat="65.84135" lon="15.10876">
        <time>2020-03-18T17:52:00Z</time>
      </trkpt>
      <trkpt lat="65.8429" lon="15.10905">
        <time>2020-03-18T18:02:00Z</time>
      </trkpt>
      <trkpt lat="65.84444" lon="15.10751">
        <time>2020-03-18T18:12:00Z</time>
      </trkpt>
      <trkpt lat="65.85086" lon="15.10215">
        <time>2020-03-18T18:22:00Z</time>
      </trkpt>
      <trkpt lat="65.85729" lon="15.09246">
        <time>2020-03-18T18:31:00Z</time>
      </trkpt>
      <trkpt lat="65.85802" lon="15.09315">
        <time>2020-03-18T18:41:00Z</time>
      </trkpt>
      <trkpt lat="65.85814" lon="15.09547">
        <time>2020-03-18T18:51:00Z</time>
      </trkpt>
      <trkpt lat="65.86402" lon="15.10567">
        <time>2020-03-18T19:01:00Z</time>
      </trkpt>
      <trkpt lat="65.864" lon="15.10567">
        <time>2020-03-18T19:12:00Z</time>
      </trkpt>
      <trkpt lat="65.86402" lon="15.10562">
        <time>2020-03-19T08:35:00Z</time>
      </trkpt>
      <trkpt lat="65.86402" lon="15.10562">
        <time>2020-03-19T08:35:00Z</time>
      </trkpt>
      <trkpt lat="65.86545" lon="15.10923">
        <time>2020-03-19T08:45:00Z</time>
      </trkpt>
      <trkpt lat="65.86658" lon="15.11187">
        <time>2020-03-19T08:55:00Z</time>
      </trkpt>
      <trkpt lat="65.86857" lon="15.11657">
        <time>2020-03-19T09:04:00Z</time>
      </trkpt>
      <trkpt lat="65.87206" lon="15.12491">
        <time>2020-03-19T09:15:00Z</time>
      </trkpt>
      <trkpt lat="65.87597" lon="15.13418">
        <time>2020-03-19T09:25:00Z</time>
      </trkpt>
      <trkpt lat="65.8797" lon="15.14319">
        <time>2020-03-19T09:35:00Z</time>
      </trkpt>
      <trkpt lat="65.88232" lon="15.14948">
        <time>2020-03-19T09:44:00Z</time>
      </trkpt>
      <trkpt lat="65.88515" lon="15.15643">
        <time>2020-03-19T09:54:00Z</time>
      </trkpt>
      <trkpt lat="65.88811" lon="15.16701">
        <time>2020-03-19T10:04:00Z</time>
      </trkpt>
      <trkpt lat="65.8889" lon="15.17911">
        <time>2020-03-19T10:14:00Z</time>
      </trkpt>
      <trkpt lat="65.88717" lon="15.19353">
        <time>2020-03-19T10:24:00Z</time>
      </trkpt>
      <trkpt lat="65.88203" lon="15.2208">
        <time>2020-03-19T10:44:00Z</time>
      </trkpt>
      <trkpt lat="65.8803" lon="15.23299">
        <time>2020-03-19T10:54:00Z</time>
      </trkpt>
      <trkpt lat="65.87894" lon="15.24415">
        <time>2020-03-19T11:04:00Z</time>
      </trkpt>
      <trkpt lat="65.87703" lon="15.26881">
        <time>2020-03-19T11:24:00Z</time>
      </trkpt>
      <trkpt lat="65.87652" lon="15.2822">
        <time>2020-03-19T11:34:00Z</time>
      </trkpt>
      <trkpt lat="65.87712" lon="15.29241">
        <time>2020-03-19T11:44:00Z</time>
      </trkpt>
      <trkpt lat="65.8772" lon="15.30694">
        <time>2020-03-19T11:54:00Z</time>
      </trkpt>
      <trkpt lat="65.87723" lon="15.3167">
        <time>2020-03-19T12:04:00Z</time>
      </trkpt>
      <trkpt lat="65.87709" lon="15.32689">
        <time>2020-03-19T12:14:00Z</time>
      </trkpt>
      <trkpt lat="65.8745" lon="15.33681">
        <time>2020-03-19T12:24:00Z</time>
      </trkpt>
      <trkpt lat="65.874" lon="15.34161">
        <time>2020-03-19T12:34:00Z</time>
      </trkpt>
      <trkpt lat="65.87609" lon="15.34691">
        <time>2020-03-19T12:43:00Z</time>
      </trkpt>
      <trkpt lat="65.87754" lon="15.35161">
        <time>2020-03-19T12:53:00Z</time>
      </trkpt>
      <trkpt lat="65.88578" lon="15.37744">
        <time>2020-03-19T13:03:00Z</time>
      </trkpt>
      <trkpt lat="65.89216" lon="15.39667">
        <time>2020-03-19T13:13:00Z</time>
      </trkpt>
      <trkpt lat="65.89269" lon="15.39642">
        <time>2020-03-19T13:23:00Z</time>
      </trkpt>
      <trkpt lat="65.89269" lon="15.39642">
        <time>2020-03-19T13:33:00Z</time>
      </trkpt>
      <trkpt lat="65.89269" lon="15.39642">
        <time>2020-03-19T13:43:00Z</time>
      </trkpt>
      <trkpt lat="65.89435" lon="15.41584">
        <time>2020-03-19T14:58:00Z</time>
      </trkpt>
      <trkpt lat="65.89516" lon="15.42545">
        <time>2020-03-19T15:08:00Z</time>
      </trkpt>
      <trkpt lat="65.89895" lon="15.44081">
        <time>2020-03-19T15:18:00Z</time>
      </trkpt>
      <trkpt lat="65.90282" lon="15.4496">
        <time>2020-03-19T15:27:00Z</time>
      </trkpt>
      <trkpt lat="65.90613" lon="15.45029">
        <time>2020-03-19T15:37:00Z</time>
      </trkpt>
      <trkpt lat="65.91179" lon="15.45115">
        <time>2020-03-19T15:47:00Z</time>
      </trkpt>
      <trkpt lat="65.91683" lon="15.45091">
        <time>2020-03-19T15:57:00Z</time>
      </trkpt>
      <trkpt lat="65.9213" lon="15.45366">
        <time>2020-03-19T16:07:00Z</time>
      </trkpt>
      <trkpt lat="65.9267" lon="15.46283">
        <time>2020-03-19T16:17:00Z</time>
      </trkpt>
      <trkpt lat="65.93112" lon="15.46755">
        <time>2020-03-19T16:27:00Z</time>
      </trkpt>
      <trkpt lat="65.93738" lon="15.47154">
        <time>2020-03-19T16:38:00Z</time>
      </trkpt>
      <trkpt lat="65.93938" lon="15.47268">
        <time>2020-03-19T16:47:00Z</time>
      </trkpt>
      <trkpt lat="65.94552" lon="15.47491">
        <time>2020-03-19T16:57:00Z</time>
      </trkpt>
      <trkpt lat="65.94987" lon="15.47826">
        <time>2020-03-19T17:07:00Z</time>
      </trkpt>
      <trkpt lat="65.95534" lon="15.4815">
        <time>2020-03-19T17:17:00Z</time>
      </trkpt>
      <trkpt lat="65.96088" lon="15.48201">
        <time>2020-03-19T17:27:00Z</time>
      </trkpt>
      <trkpt lat="65.96612" lon="15.48055">
        <time>2020-03-19T17:37:00Z</time>
      </trkpt>
      <trkpt lat="65.97114" lon="15.47967">
        <time>2020-03-19T17:47:00Z</time>
      </trkpt>
      <trkpt lat="65.9735" lon="15.48043">
        <time>2020-03-19T17:56:00Z</time>
      </trkpt>
      <trkpt lat="65.9783" lon="15.483">
        <time>2020-03-19T18:06:00Z</time>
      </trkpt>
      <trkpt lat="65.98247" lon="15.48654">
        <time>2020-03-19T18:16:00Z</time>
      </trkpt>
      <trkpt lat="65.98402" lon="15.49338">
        <time>2020-03-19T18:43:00Z</time>
      </trkpt>
      <trkpt lat="65.98397" lon="15.49347">
        <time>2020-03-20T10:10:00Z</time>
      </trkpt>
      <trkpt lat="65.98397" lon="15.49347">
        <time>2020-03-20T10:10:00Z</time>
      </trkpt>
      <trkpt lat="65.98679" lon="15.493">
        <time>2020-03-20T10:20:00Z</time>
      </trkpt>
      <trkpt lat="65.98788" lon="15.49428">
        <time>2020-03-20T10:30:00Z</time>
      </trkpt>
      <trkpt lat="65.98984" lon="15.49896">
        <time>2020-03-20T10:40:00Z</time>
      </trkpt>
      <trkpt lat="65.99173" lon="15.50102">
        <time>2020-03-20T10:49:00Z</time>
      </trkpt>
      <trkpt lat="65.99422" lon="15.50437">
        <time>2020-03-20T10:59:00Z</time>
      </trkpt>
      <trkpt lat="65.99823" lon="15.5111">
        <time>2020-03-20T11:09:00Z</time>
      </trkpt>
      <trkpt lat="66.00085" lon="15.51385">
        <time>2020-03-20T11:19:00Z</time>
      </trkpt>
      <trkpt lat="66.00221" lon="15.51943">
        <time>2020-03-20T11:29:00Z</time>
      </trkpt>
      <trkpt lat="66.00342" lon="15.52362">
        <time>2020-03-20T11:39:00Z</time>
      </trkpt>
      <trkpt lat="66.00408" lon="15.53048">
        <time>2020-03-20T11:49:00Z</time>
      </trkpt>
      <trkpt lat="66.00415" lon="15.53538">
        <time>2020-03-20T11:59:00Z</time>
      </trkpt>
      <trkpt lat="66.00203" lon="15.54381">
        <time>2020-03-20T12:09:00Z</time>
      </trkpt>
      <trkpt lat="66.00206" lon="15.5438">
        <time>2020-03-20T12:19:00Z</time>
      </trkpt>
      <trkpt lat="66.00203" lon="15.54381">
        <time>2020-03-20T12:29:00Z</time>
      </trkpt>
      <trkpt lat="66.00245" lon="15.5511">
        <time>2020-03-20T12:39:00Z</time>
      </trkpt>
      <trkpt lat="66.00197" lon="15.56095">
        <time>2020-03-20T12:49:00Z</time>
      </trkpt>
      <trkpt lat="65.99796" lon="15.57055">
        <time>2020-03-20T12:59:00Z</time>
      </trkpt>
      <trkpt lat="65.99231" lon="15.57402">
        <time>2020-03-20T13:09:00Z</time>
      </trkpt>
      <trkpt lat="65.98877" lon="15.57516">
        <time>2020-03-20T13:19:00Z</time>
      </trkpt>
      <trkpt lat="65.98823" lon="15.57775">
        <time>2020-03-20T13:29:00Z</time>
      </trkpt>
      <trkpt lat="65.9869" lon="15.57844">
        <time>2020-03-20T13:39:00Z</time>
      </trkpt>
      <trkpt lat="65.985" lon="15.58014">
        <time>2020-03-20T13:49:00Z</time>
      </trkpt>
      <trkpt lat="65.983" lon="15.58187">
        <time>2020-03-20T13:59:00Z</time>
      </trkpt>
      <trkpt lat="65.97799" lon="15.58827">
        <time>2020-03-20T14:09:00Z</time>
      </trkpt>
      <trkpt lat="65.97256" lon="15.59413">
        <time>2020-03-20T14:19:00Z</time>
      </trkpt>
      <trkpt lat="65.97076" lon="15.60151">
        <time>2020-03-20T14:29:00Z</time>
      </trkpt>
      <trkpt lat="65.9693" lon="15.60951">
        <time>2020-03-20T14:39:00Z</time>
      </trkpt>
      <trkpt lat="65.96867" lon="15.61408">
        <time>2020-03-20T14:48:00Z</time>
      </trkpt>
      <trkpt lat="65.96825" lon="15.62153">
        <time>2020-03-20T14:58:00Z</time>
      </trkpt>
      <trkpt lat="65.96759" lon="15.62939">
        <time>2020-03-20T15:08:00Z</time>
      </trkpt>
      <trkpt lat="65.96738" lon="15.64681">
        <time>2020-03-20T15:18:00Z</time>
      </trkpt>
      <trkpt lat="65.97009" lon="15.65974">
        <time>2020-03-20T15:28:00Z</time>
      </trkpt>
      <trkpt lat="65.96999" lon="15.66987">
        <time>2020-03-20T15:38:00Z</time>
      </trkpt>
      <trkpt lat="65.97068" lon="15.67657">
        <time>2020-03-20T15:48:00Z</time>
      </trkpt>
      <trkpt lat="65.97147" lon="15.68515">
        <time>2020-03-20T15:58:00Z</time>
      </trkpt>
      <trkpt lat="65.96917" lon="15.6956">
        <time>2020-03-20T16:09:00Z</time>
      </trkpt>
      <trkpt lat="65.96597" lon="15.70337">
        <time>2020-03-20T16:18:00Z</time>
      </trkpt>
      <trkpt lat="65.96303" lon="15.71371">
        <time>2020-03-20T16:28:00Z</time>
      </trkpt>
      <trkpt lat="65.96283" lon="15.72661">
        <time>2020-03-20T16:38:00Z</time>
      </trkpt>
      <trkpt lat="65.96519" lon="15.73577">
        <time>2020-03-20T16:48:00Z</time>
      </trkpt>
      <trkpt lat="65.9692" lon="15.74717">
        <time>2020-03-20T16:57:00Z</time>
      </trkpt>
      <trkpt lat="65.97269" lon="15.76143">
        <time>2020-03-20T17:08:00Z</time>
      </trkpt>
      <trkpt lat="65.97311" lon="15.76236">
        <time>2020-03-20T17:17:00Z</time>
      </trkpt>
      <trkpt lat="65.96725" lon="15.79308">
        <time>2020-03-20T18:00:00Z</time>
      </trkpt>
      <trkpt lat="65.96718" lon="15.793">
        <time>2020-03-21T09:18:00Z</time>
      </trkpt>
      <trkpt lat="65.96718" lon="15.793">
        <time>2020-03-21T09:18:00Z</time>
      </trkpt>
      <trkpt lat="65.97568" lon="15.82868">
        <time>2020-03-21T09:58:00Z</time>
      </trkpt>
      <trkpt lat="65.97468" lon="15.84066">
        <time>2020-03-21T10:08:00Z</time>
      </trkpt>
      <trkpt lat="65.97438" lon="15.85379">
        <time>2020-03-21T10:18:00Z</time>
      </trkpt>
      <trkpt lat="65.97171" lon="15.86591">
        <time>2020-03-21T10:27:00Z</time>
      </trkpt>
      <trkpt lat="65.96471" lon="15.90488">
        <time>2020-03-21T10:57:00Z</time>
      </trkpt>
      <trkpt lat="65.96268" lon="15.91827">
        <time>2020-03-21T11:07:00Z</time>
      </trkpt>
      <trkpt lat="65.96169" lon="15.92505">
        <time>2020-03-21T11:17:00Z</time>
      </trkpt>
      <trkpt lat="65.96158" lon="15.93904">
        <time>2020-03-21T11:27:00Z</time>
      </trkpt>
      <trkpt lat="65.96203" lon="15.95541">
        <time>2020-03-21T11:37:00Z</time>
      </trkpt>
      <trkpt lat="65.96189" lon="15.96831">
        <time>2020-03-21T11:47:00Z</time>
      </trkpt>
      <trkpt lat="65.96176" lon="15.98363">
        <time>2020-03-21T11:57:00Z</time>
      </trkpt>
      <trkpt lat="65.96173" lon="15.99">
        <time>2020-03-21T12:27:00Z</time>
      </trkpt>
      <trkpt lat="65.96174" lon="15.98996">
        <time>2020-03-21T12:37:00Z</time>
      </trkpt>
      <trkpt lat="65.96176" lon="15.98998">
        <time>2020-03-21T12:47:00Z</time>
      </trkpt>
      <trkpt lat="65.96176" lon="15.98998">
        <time>2020-03-21T12:57:00Z</time>
      </trkpt>
      <trkpt lat="65.96171" lon="16.00182">
        <time>2020-03-21T13:07:00Z</time>
      </trkpt>
      <trkpt lat="65.96155" lon="16.01174">
        <time>2020-03-21T13:17:00Z</time>
      </trkpt>
      <trkpt lat="65.96138" lon="16.02465">
        <time>2020-03-21T13:27:00Z</time>
      </trkpt>
      <trkpt lat="65.96133" lon="16.03549">
        <time>2020-03-21T13:36:00Z</time>
      </trkpt>
      <trkpt lat="65.96142" lon="16.0486">
        <time>2020-03-21T13:46:00Z</time>
      </trkpt>
      <trkpt lat="65.96181" lon="16.06169">
        <time>2020-03-21T13:56:00Z</time>
      </trkpt>
      <trkpt lat="65.96295" lon="16.07263">
        <time>2020-03-21T14:06:00Z</time>
      </trkpt>
      <trkpt lat="65.96339" lon="16.08089">
        <time>2020-03-21T14:17:00Z</time>
      </trkpt>
      <trkpt lat="65.96371" lon="16.09628">
        <time>2020-03-21T14:26:00Z</time>
      </trkpt>
      <trkpt lat="65.962" lon="16.10686">
        <time>2020-03-21T14:36:00Z</time>
      </trkpt>
      <trkpt lat="65.95702" lon="16.12591">
        <time>2020-03-21T14:46:00Z</time>
      </trkpt>
      <trkpt lat="65.95332" lon="16.15606">
        <time>2020-03-21T15:06:00Z</time>
      </trkpt>
      <trkpt lat="65.95461" lon="16.16945">
        <time>2020-03-21T15:16:00Z</time>
      </trkpt>
      <trkpt lat="65.95448" lon="16.18464">
        <time>2020-03-21T15:26:00Z</time>
      </trkpt>
      <trkpt lat="65.95448" lon="16.19692">
        <time>2020-03-21T15:36:00Z</time>
      </trkpt>
      <trkpt lat="65.95438" lon="16.20423">
        <time>2020-03-21T15:45:00Z</time>
      </trkpt>
      <trkpt lat="65.95444" lon="16.20433">
        <time>2020-03-21T15:56:00Z</time>
      </trkpt>
      <trkpt lat="65.95617" lon="16.20879">
        <time>2020-03-21T16:06:00Z</time>
      </trkpt>
      <trkpt lat="65.95909" lon="16.2081">
        <time>2020-03-21T16:16:00Z</time>
      </trkpt>
      <trkpt lat="65.95957" lon="16.21889">
        <time>2020-03-21T17:37:00Z</time>
      </trkpt>
      <trkpt lat="65.97302" lon="16.209">
        <time>2020-03-21T18:07:00Z</time>
      </trkpt>
      <trkpt lat="65.97705" lon="16.20994">
        <time>2020-03-21T18:17:00Z</time>
      </trkpt>
      <trkpt lat="65.97774" lon="16.20917">
        <time>2020-03-21T18:27:00Z</time>
      </trkpt>
      <trkpt lat="65.98274" lon="16.20398">
        <time>2020-03-21T19:44:00Z</time>
      </trkpt>
      <trkpt lat="65.98309" lon="16.2044">
        <time>2020-03-22T09:39:00Z</time>
      </trkpt>
      <trkpt lat="65.98842" lon="16.20142">
        <time>2020-03-22T09:46:00Z</time>
      </trkpt>
      <trkpt lat="65.99312" lon="16.19681">
        <time>2020-03-22T09:56:00Z</time>
      </trkpt>
      <trkpt lat="66.00046" lon="16.19498">
        <time>2020-03-22T10:06:00Z</time>
      </trkpt>
      <trkpt lat="66.00749" lon="16.19601">
        <time>2020-03-22T10:16:00Z</time>
      </trkpt>
      <trkpt lat="66.01439" lon="16.19574">
        <time>2020-03-22T10:26:00Z</time>
      </trkpt>
      <trkpt lat="66.01904" lon="16.19625">
        <time>2020-03-22T10:36:00Z</time>
      </trkpt>
      <trkpt lat="66.0305" lon="16.1898">
        <time>2020-03-22T10:56:00Z</time>
      </trkpt>
      <trkpt lat="66.03689" lon="16.18954">
        <time>2020-03-22T11:06:00Z</time>
      </trkpt>
      <trkpt lat="66.03728" lon="16.18954">
        <time>2020-03-22T11:16:00Z</time>
      </trkpt>
      <trkpt lat="66.03805" lon="16.19146">
        <time>2020-03-22T11:26:00Z</time>
      </trkpt>
      <trkpt lat="66.03895" lon="16.20219">
        <time>2020-03-22T11:36:00Z</time>
      </trkpt>
      <trkpt lat="66.03865" lon="16.21664">
        <time>2020-03-22T11:46:00Z</time>
      </trkpt>
      <trkpt lat="66.03869" lon="16.21724">
        <time>2020-03-22T11:56:00Z</time>
      </trkpt>
      <trkpt lat="66.03909" lon="16.2202">
        <time>2020-03-22T12:25:00Z</time>
      </trkpt>
      <trkpt lat="66.03819" lon="16.2273">
        <time>2020-03-22T12:35:00Z</time>
      </trkpt>
      <trkpt lat="66.03776" lon="16.23522">
        <time>2020-03-22T12:45:00Z</time>
      </trkpt>
      <trkpt lat="66.03816" lon="16.24322">
        <time>2020-03-22T12:55:00Z</time>
      </trkpt>
      <trkpt lat="66.03813" lon="16.24657">
        <time>2020-03-22T13:05:00Z</time>
      </trkpt>
      <trkpt lat="66.04015" lon="16.25275">
        <time>2020-03-22T13:15:00Z</time>
      </trkpt>
      <trkpt lat="66.04389" lon="16.26204">
        <time>2020-03-22T13:35:00Z</time>
      </trkpt>
      <trkpt lat="66.04522" lon="16.26427">
        <time>2020-03-22T13:45:00Z</time>
      </trkpt>
      <trkpt lat="66.04749" lon="16.26556">
        <time>2020-03-22T13:55:00Z</time>
      </trkpt>
      <trkpt lat="66.05209" lon="16.26779">
        <time>2020-03-22T14:05:00Z</time>
      </trkpt>
      <trkpt lat="66.05477" lon="16.26929">
        <time>2020-03-22T14:15:00Z</time>
      </trkpt>
      <trkpt lat="66.06027" lon="16.27195">
        <time>2020-03-22T14:25:00Z</time>
      </trkpt>
      <trkpt lat="66.06449" lon="16.27">
        <time>2020-03-22T14:35:00Z</time>
      </trkpt>
      <trkpt lat="66.06967" lon="16.27163">
        <time>2020-03-22T14:45:00Z</time>
      </trkpt>
      <trkpt lat="66.07247" lon="16.27361">
        <time>2020-03-22T14:55:00Z</time>
      </trkpt>
      <trkpt lat="66.07646" lon="16.27648">
        <time>2020-03-22T15:04:00Z</time>
      </trkpt>
      <trkpt lat="66.0819" lon="16.28395">
        <time>2020-03-22T15:14:00Z</time>
      </trkpt>
      <trkpt lat="66.08356" lon="16.28652">
        <time>2020-03-22T15:25:00Z</time>
      </trkpt>
      <trkpt lat="66.08842" lon="16.29395">
        <time>2020-03-22T15:34:00Z</time>
      </trkpt>
      <trkpt lat="66.09381" lon="16.3023">
        <time>2020-03-22T15:44:00Z</time>
      </trkpt>
      <trkpt lat="66.09909" lon="16.31056">
        <time>2020-03-22T15:54:00Z</time>
      </trkpt>
      <trkpt lat="66.10445" lon="16.31886">
        <time>2020-03-22T16:04:00Z</time>
      </trkpt>
      <trkpt lat="66.11002" lon="16.33055">
        <time>2020-03-22T16:14:00Z</time>
      </trkpt>
      <trkpt lat="66.1283" lon="16.35845">
        <time>2020-03-22T16:54:00Z</time>
      </trkpt>
      <trkpt lat="66.13258" lon="16.35845">
        <time>2020-03-22T17:04:00Z</time>
      </trkpt>
      <trkpt lat="66.13847" lon="16.35845">
        <time>2020-03-22T17:14:00Z</time>
      </trkpt>
      <trkpt lat="66.15122" lon="16.35137">
        <time>2020-03-22T17:34:00Z</time>
      </trkpt>
      <trkpt lat="66.1607" lon="16.35188">
        <time>2020-03-22T17:44:00Z</time>
      </trkpt>
      <trkpt lat="66.16757" lon="16.35746">
        <time>2020-03-22T17:54:00Z</time>
      </trkpt>
      <trkpt lat="66.17434" lon="16.36315">
        <time>2020-03-22T18:04:00Z</time>
      </trkpt>
      <trkpt lat="66.18004" lon="16.36821">
        <time>2020-03-22T18:14:00Z</time>
      </trkpt>
      <trkpt lat="66.19571" lon="16.38177">
        <time>2020-03-22T18:43:00Z</time>
      </trkpt>
      <trkpt lat="66.19651" lon="16.38139">
        <time>2020-03-22T18:49:00Z</time>
      </trkpt>
      <trkpt lat="66.19649" lon="16.38152">
        <time>2020-03-23T10:23:00Z</time>
      </trkpt>
      <trkpt lat="66.19773" lon="16.38214">
        <time>2020-03-23T10:25:00Z</time>
      </trkpt>
      <trkpt lat="66.20556" lon="16.38085">
        <time>2020-03-23T10:35:00Z</time>
      </trkpt>
      <trkpt lat="66.20977" lon="16.37888">
        <time>2020-03-23T10:45:00Z</time>
      </trkpt>
      <trkpt lat="66.21438" lon="16.37877">
        <time>2020-03-23T10:55:00Z</time>
      </trkpt>
      <trkpt lat="66.22101" lon="16.37548">
        <time>2020-03-23T11:05:00Z</time>
      </trkpt>
      <trkpt lat="66.22311" lon="16.38149">
        <time>2020-03-23T11:15:00Z</time>
      </trkpt>
      <trkpt lat="66.22588" lon="16.38484">
        <time>2020-03-23T11:25:00Z</time>
      </trkpt>
      <trkpt lat="66.23087" lon="16.39132">
        <time>2020-03-23T11:34:00Z</time>
      </trkpt>
      <trkpt lat="66.23773" lon="16.3881">
        <time>2020-03-23T11:44:00Z</time>
      </trkpt>
      <trkpt lat="66.24475" lon="16.37984">
        <time>2020-03-23T11:54:00Z</time>
      </trkpt>
      <trkpt lat="66.25503" lon="16.38735">
        <time>2020-03-23T12:24:00Z</time>
      </trkpt>
      <trkpt lat="66.26172" lon="16.39121">
        <time>2020-03-23T12:34:00Z</time>
      </trkpt>
      <trkpt lat="66.26627" lon="16.4016">
        <time>2020-03-23T12:44:00Z</time>
      </trkpt>
      <trkpt lat="66.26997" lon="16.42003">
        <time>2020-03-23T12:54:00Z</time>
      </trkpt>
      <trkpt lat="66.28343" lon="16.54623">
        <time>2020-03-23T15:06:00Z</time>
      </trkpt>
      <trkpt lat="66.28502" lon="16.55524">
        <time>2020-03-23T15:16:00Z</time>
      </trkpt>
      <trkpt lat="66.283" lon="16.57369">
        <time>2020-03-23T15:26:00Z</time>
      </trkpt>
      <trkpt lat="66.28395" lon="16.58553">
        <time>2020-03-23T15:36:00Z</time>
      </trkpt>
      <trkpt lat="66.28725" lon="16.59652">
        <time>2020-03-23T15:46:00Z</time>
      </trkpt>
      <trkpt lat="66.28449" lon="16.61298">
        <time>2020-03-23T15:56:00Z</time>
      </trkpt>
      <trkpt lat="66.28152" lon="16.6307">
        <time>2020-03-23T16:06:00Z</time>
      </trkpt>
      <trkpt lat="66.27885" lon="16.64744">
        <time>2020-03-23T16:16:00Z</time>
      </trkpt>
      <trkpt lat="66.27864" lon="16.6604">
        <time>2020-03-23T16:26:00Z</time>
      </trkpt>
      <trkpt lat="66.27864" lon="16.66044">
        <time>2020-03-23T16:36:00Z</time>
      </trkpt>
      <trkpt lat="66.27928" lon="16.66113">
        <time>2020-03-23T16:46:00Z</time>
      </trkpt>
      <trkpt lat="66.28082" lon="16.6621">
        <time>2020-03-23T16:56:00Z</time>
      </trkpt>
      <trkpt lat="66.28327" lon="16.66399">
        <time>2020-03-23T17:06:00Z</time>
      </trkpt>
      <trkpt lat="66.28731" lon="16.66738">
        <time>2020-03-23T17:16:00Z</time>
      </trkpt>
      <trkpt lat="66.29652" lon="16.67465">
        <time>2020-03-23T17:42:00Z</time>
      </trkpt>
      <trkpt lat="66.29655" lon="16.67476">
        <time>2020-03-24T10:34:00Z</time>
      </trkpt>
      <trkpt lat="66.29655" lon="16.67476">
        <time>2020-03-24T10:47:00Z</time>
      </trkpt>
      <trkpt lat="66.32129" lon="16.71383">
        <time>2020-03-24T11:53:00Z</time>
      </trkpt>
      <trkpt lat="66.32304" lon="16.73128">
        <time>2020-03-24T12:03:00Z</time>
      </trkpt>
      <trkpt lat="66.32554" lon="16.74842">
        <time>2020-03-24T12:13:00Z</time>
      </trkpt>
      <trkpt lat="66.32538" lon="16.7487">
        <time>2020-03-24T12:23:00Z</time>
      </trkpt>
      <trkpt lat="66.32547" lon="16.74844">
        <time>2020-03-24T12:33:00Z</time>
      </trkpt>
      <trkpt lat="66.32554" lon="16.74849">
        <time>2020-03-24T12:49:00Z</time>
      </trkpt>
      <trkpt lat="66.32595" lon="16.74997">
        <time>2020-03-24T12:59:00Z</time>
      </trkpt>
      <trkpt lat="66.32659" lon="16.75501">
        <time>2020-03-24T13:09:00Z</time>
      </trkpt>
      <trkpt lat="66.32929" lon="16.76299">
        <time>2020-03-24T13:19:00Z</time>
      </trkpt>
      <trkpt lat="66.33186" lon="16.77089">
        <time>2020-03-24T13:29:00Z</time>
      </trkpt>
      <trkpt lat="66.33362" lon="16.78031">
        <time>2020-03-24T13:39:00Z</time>
      </trkpt>
      <trkpt lat="66.33622" lon="16.7884">
        <time>2020-03-24T13:49:00Z</time>
      </trkpt>
      <trkpt lat="66.34096" lon="16.80286">
        <time>2020-03-24T13:58:00Z</time>
      </trkpt>
      <trkpt lat="66.34627" lon="16.80998">
        <time>2020-03-24T14:08:00Z</time>
      </trkpt>
      <trkpt lat="66.34887" lon="16.82144">
        <time>2020-03-24T14:18:00Z</time>
      </trkpt>
      <trkpt lat="66.35012" lon="16.83047">
        <time>2020-03-24T14:28:00Z</time>
      </trkpt>
      <trkpt lat="66.35073" lon="16.83371">
        <time>2020-03-24T14:38:00Z</time>
      </trkpt>
      <trkpt lat="66.35073" lon="16.83371">
        <time>2020-03-24T14:48:00Z</time>
      </trkpt>
      <trkpt lat="66.3509" lon="16.83457">
        <time>2020-03-24T14:58:00Z</time>
      </trkpt>
      <trkpt lat="66.35204" lon="16.83683">
        <time>2020-03-24T15:08:00Z</time>
      </trkpt>
      <trkpt lat="66.35252" lon="16.84672">
        <time>2020-03-24T15:18:00Z</time>
      </trkpt>
      <trkpt lat="66.35324" lon="16.85082">
        <time>2020-03-24T15:28:00Z</time>
      </trkpt>
      <trkpt lat="66.35496" lon="16.86155">
        <time>2020-03-24T15:38:00Z</time>
      </trkpt>
      <trkpt lat="66.35708" lon="16.87333">
        <time>2020-03-24T15:48:00Z</time>
      </trkpt>
      <trkpt lat="66.35827" lon="16.88509">
        <time>2020-03-24T15:58:00Z</time>
      </trkpt>
      <trkpt lat="66.36008" lon="16.90144">
        <time>2020-03-24T16:08:00Z</time>
      </trkpt>
      <trkpt lat="66.36648" lon="16.91858">
        <time>2020-03-24T16:18:00Z</time>
      </trkpt>
      <trkpt lat="66.36826" lon="16.91418">
        <time>2020-03-24T16:28:00Z</time>
      </trkpt>
      <trkpt lat="66.38376" lon="16.9739">
        <time>2020-03-24T17:07:00Z</time>
      </trkpt>
      <trkpt lat="66.38629" lon="16.99072">
        <time>2020-03-24T17:17:00Z</time>
      </trkpt>
      <trkpt lat="66.38685" lon="17.00454">
        <time>2020-03-24T17:27:00Z</time>
      </trkpt>
      <trkpt lat="66.38683" lon="17.00505">
        <time>2020-03-24T17:36:00Z</time>
      </trkpt>
      <trkpt lat="66.3869" lon="17.0051">
        <time>2020-03-25T08:46:00Z</time>
      </trkpt>
      <trkpt lat="66.3869" lon="17.0051">
        <time>2020-03-25T08:47:00Z</time>
      </trkpt>
      <trkpt lat="66.3893" lon="17.01065">
        <time>2020-03-25T08:56:00Z</time>
      </trkpt>
      <trkpt lat="66.3904" lon="17.019">
        <time>2020-03-25T09:06:00Z</time>
      </trkpt>
      <trkpt lat="66.39216" lon="17.03267">
        <time>2020-03-25T09:16:00Z</time>
      </trkpt>
      <trkpt lat="66.39328" lon="17.04434">
        <time>2020-03-25T09:26:00Z</time>
      </trkpt>
      <trkpt lat="66.39479" lon="17.05846">
        <time>2020-03-25T09:36:00Z</time>
      </trkpt>
      <trkpt lat="66.39691" lon="17.07658">
        <time>2020-03-25T09:46:00Z</time>
      </trkpt>
      <trkpt lat="66.39885" lon="17.09297">
        <time>2020-03-25T09:56:00Z</time>
      </trkpt>
      <trkpt lat="66.40043" lon="17.10618">
        <time>2020-03-25T10:06:00Z</time>
      </trkpt>
      <trkpt lat="66.40253" lon="17.12438">
        <time>2020-03-25T10:16:00Z</time>
      </trkpt>
      <trkpt lat="66.40311" lon="17.12949">
        <time>2020-03-25T10:26:00Z</time>
      </trkpt>
      <trkpt lat="66.40353" lon="17.13318">
        <time>2020-03-25T10:36:00Z</time>
      </trkpt>
      <trkpt lat="66.40304" lon="17.1491">
        <time>2020-03-25T10:46:00Z</time>
      </trkpt>
      <trkpt lat="66.40497" lon="17.14968">
        <time>2020-03-25T10:55:00Z</time>
      </trkpt>
      <trkpt lat="66.40669" lon="17.15983">
        <time>2020-03-25T11:05:00Z</time>
      </trkpt>
      <trkpt lat="66.40948" lon="17.17058">
        <time>2020-03-25T11:15:00Z</time>
      </trkpt>
      <trkpt lat="66.40759" lon="17.18328">
        <time>2020-03-25T11:25:00Z</time>
      </trkpt>
      <trkpt lat="66.41072" lon="17.18865">
        <time>2020-03-25T11:35:00Z</time>
      </trkpt>
      <trkpt lat="66.41348" lon="17.1897">
        <time>2020-03-25T11:45:00Z</time>
      </trkpt>
      <trkpt lat="66.41687" lon="17.18721">
        <time>2020-03-25T11:55:00Z</time>
      </trkpt>
      <trkpt lat="66.4166" lon="17.18749">
        <time>2020-03-25T12:05:00Z</time>
      </trkpt>
      <trkpt lat="66.41686" lon="17.18715">
        <time>2020-03-25T12:15:00Z</time>
      </trkpt>
      <trkpt lat="66.42015" lon="17.18734">
        <time>2020-03-25T12:57:00Z</time>
      </trkpt>
      <trkpt lat="66.42949" lon="17.19343">
        <time>2020-03-25T13:37:00Z</time>
      </trkpt>
      <trkpt lat="66.43378" lon="17.2065">
        <time>2020-03-25T13:47:00Z</time>
      </trkpt>
      <trkpt lat="66.43781" lon="17.23274">
        <time>2020-03-25T13:57:00Z</time>
      </trkpt>
      <trkpt lat="66.43929" lon="17.24167">
        <time>2020-03-25T14:07:00Z</time>
      </trkpt>
      <trkpt lat="66.44413" lon="17.23609">
        <time>2020-03-25T14:17:00Z</time>
      </trkpt>
      <trkpt lat="66.44831" lon="17.22858">
        <time>2020-03-25T14:26:00Z</time>
      </trkpt>
      <trkpt lat="66.4538" lon="17.21828">
        <time>2020-03-25T14:36:00Z</time>
      </trkpt>
      <trkpt lat="66.45786" lon="17.21015">
        <time>2020-03-25T14:47:00Z</time>
      </trkpt>
      <trkpt lat="66.46126" lon="17.20285">
        <time>2020-03-25T14:56:00Z</time>
      </trkpt>
      <trkpt lat="66.46659" lon="17.19395">
        <time>2020-03-25T15:06:00Z</time>
      </trkpt>
      <trkpt lat="66.46966" lon="17.18689">
        <time>2020-03-25T15:16:00Z</time>
      </trkpt>
      <trkpt lat="66.47013" lon="17.1833">
        <time>2020-03-25T15:26:00Z</time>
      </trkpt>
      <trkpt lat="66.47009" lon="17.1832">
        <time>2020-03-25T15:36:00Z</time>
      </trkpt>
      <trkpt lat="66.46758" lon="17.198">
        <time>2020-03-25T15:46:00Z</time>
      </trkpt>
      <trkpt lat="66.46632" lon="17.21056">
        <time>2020-03-25T15:56:00Z</time>
      </trkpt>
      <trkpt lat="66.46601" lon="17.21375">
        <time>2020-03-25T16:06:00Z</time>
      </trkpt>
      <trkpt lat="66.46478" lon="17.22618">
        <time>2020-03-25T16:16:00Z</time>
      </trkpt>
      <trkpt lat="66.46407" lon="17.23311">
        <time>2020-03-25T16:26:00Z</time>
      </trkpt>
      <trkpt lat="66.46639" lon="17.24109">
        <time>2020-03-25T16:36:00Z</time>
      </trkpt>
      <trkpt lat="66.47186" lon="17.23909">
        <time>2020-03-25T16:46:00Z</time>
      </trkpt>
      <trkpt lat="66.4783" lon="17.2365">
        <time>2020-03-25T16:56:00Z</time>
      </trkpt>
      <trkpt lat="66.48054" lon="17.23555">
        <time>2020-03-25T17:06:00Z</time>
      </trkpt>
      <trkpt lat="66.48728" lon="17.23289">
        <time>2020-03-25T17:16:00Z</time>
      </trkpt>
      <trkpt lat="66.49046" lon="17.23285">
        <time>2020-03-25T17:26:00Z</time>
      </trkpt>
      <trkpt lat="66.49303" lon="17.2307">
        <time>2020-03-25T17:36:00Z</time>
      </trkpt>
      <trkpt lat="66.49306" lon="17.2307">
        <time>2020-03-25T17:43:00Z</time>
      </trkpt>
      <trkpt lat="66.49309" lon="17.23072">
        <time>2020-03-26T09:29:00Z</time>
      </trkpt>
      <trkpt lat="66.49399" lon="17.23126">
        <time>2020-03-26T09:41:00Z</time>
      </trkpt>
      <trkpt lat="66.49823" lon="17.23324">
        <time>2020-03-26T09:51:00Z</time>
      </trkpt>
      <trkpt lat="66.50294" lon="17.23716">
        <time>2020-03-26T10:01:00Z</time>
      </trkpt>
      <trkpt lat="66.50574" lon="17.23903">
        <time>2020-03-26T10:11:00Z</time>
      </trkpt>
      <trkpt lat="66.51299" lon="17.24233">
        <time>2020-03-26T10:21:00Z</time>
      </trkpt>
      <trkpt lat="66.51963" lon="17.24152">
        <time>2020-03-26T10:31:00Z</time>
      </trkpt>
      <trkpt lat="66.52567" lon="17.24274">
        <time>2020-03-26T10:40:00Z</time>
      </trkpt>
      <trkpt lat="66.52847" lon="17.24118">
        <time>2020-03-26T10:50:00Z</time>
      </trkpt>
      <trkpt lat="66.53332" lon="17.24049">
        <time>2020-03-26T11:00:00Z</time>
      </trkpt>
      <trkpt lat="66.53762" lon="17.23714">
        <time>2020-03-26T11:10:00Z</time>
      </trkpt>
      <trkpt lat="66.54382" lon="17.23113">
        <time>2020-03-26T11:21:00Z</time>
      </trkpt>
      <trkpt lat="66.54874" lon="17.22995">
        <time>2020-03-26T11:30:00Z</time>
      </trkpt>
      <trkpt lat="66.55285" lon="17.231">
        <time>2020-03-26T11:40:00Z</time>
      </trkpt>
      <trkpt lat="66.55988" lon="17.23004">
        <time>2020-03-26T11:50:00Z</time>
      </trkpt>
      <trkpt lat="66.56268" lon="17.23212">
        <time>2020-03-26T12:10:00Z</time>
      </trkpt>
      <trkpt lat="66.56268" lon="17.23212">
        <time>2020-03-26T12:20:00Z</time>
      </trkpt>
      <trkpt lat="66.56268" lon="17.23212">
        <time>2020-03-26T12:30:00Z</time>
      </trkpt>
      <trkpt lat="66.56279" lon="17.23229">
        <time>2020-03-26T12:40:00Z</time>
      </trkpt>
      <trkpt lat="66.5654" lon="17.2403">
        <time>2020-03-26T12:50:00Z</time>
      </trkpt>
      <trkpt lat="66.56532" lon="17.25085">
        <time>2020-03-26T13:00:00Z</time>
      </trkpt>
      <trkpt lat="66.5651" lon="17.26802">
        <time>2020-03-26T13:10:00Z</time>
      </trkpt>
      <trkpt lat="66.5644" lon="17.27785">
        <time>2020-03-26T13:20:00Z</time>
      </trkpt>
      <trkpt lat="66.56215" lon="17.29319">
        <time>2020-03-26T13:29:00Z</time>
      </trkpt>
      <trkpt lat="66.55958" lon="17.30787">
        <time>2020-03-26T13:39:00Z</time>
      </trkpt>
      <trkpt lat="66.55756" lon="17.3204">
        <time>2020-03-26T13:49:00Z</time>
      </trkpt>
      <trkpt lat="66.55432" lon="17.33516">
        <time>2020-03-26T13:59:00Z</time>
      </trkpt>
      <trkpt lat="66.55457" lon="17.35042">
        <time>2020-03-26T14:09:00Z</time>
      </trkpt>
      <trkpt lat="66.55544" lon="17.36597">
        <time>2020-03-26T14:19:00Z</time>
      </trkpt>
      <trkpt lat="66.55408" lon="17.38048">
        <time>2020-03-26T14:29:00Z</time>
      </trkpt>
      <trkpt lat="66.55406" lon="17.38058">
        <time>2020-03-26T14:39:00Z</time>
      </trkpt>
      <trkpt lat="66.55435" lon="17.38125">
        <time>2020-03-26T14:49:00Z</time>
      </trkpt>
      <trkpt lat="66.55676" lon="17.38711">
        <time>2020-03-26T14:59:00Z</time>
      </trkpt>
      <trkpt lat="66.55914" lon="17.38955">
        <time>2020-03-26T15:09:00Z</time>
      </trkpt>
      <trkpt lat="66.5618" lon="17.39067">
        <time>2020-03-26T15:19:00Z</time>
      </trkpt>
      <trkpt lat="66.56429" lon="17.39149">
        <time>2020-03-26T15:29:00Z</time>
      </trkpt>
      <trkpt lat="66.57156" lon="17.39956">
        <time>2020-03-26T15:39:00Z</time>
      </trkpt>
      <trkpt lat="66.57829" lon="17.39861">
        <time>2020-03-26T15:49:00Z</time>
      </trkpt>
      <trkpt lat="66.58383" lon="17.39247">
        <time>2020-03-26T15:59:00Z</time>
      </trkpt>
      <trkpt lat="66.59155" lon="17.38797">
        <time>2020-03-26T16:09:00Z</time>
      </trkpt>
      <trkpt lat="66.60799" lon="17.38486">
        <time>2020-03-26T16:49:00Z</time>
      </trkpt>
      <trkpt lat="66.61236" lon="17.37618">
        <time>2020-03-26T16:59:00Z</time>
      </trkpt>
      <trkpt lat="66.61776" lon="17.37258">
        <time>2020-03-26T17:09:00Z</time>
      </trkpt>
      <trkpt lat="66.62291" lon="17.37584">
        <time>2020-03-26T17:19:00Z</time>
      </trkpt>
      <trkpt lat="66.62952" lon="17.3876">
        <time>2020-03-26T17:29:00Z</time>
      </trkpt>
      <trkpt lat="66.63673" lon="17.39582">
        <time>2020-03-26T17:39:00Z</time>
      </trkpt>
      <trkpt lat="66.64944" lon="17.39627">
        <time>2020-03-26T17:58:00Z</time>
      </trkpt>
      <trkpt lat="66.64986" lon="17.39623">
        <time>2020-03-26T18:10:00Z</time>
      </trkpt>
      <trkpt lat="66.65061" lon="17.39681">
        <time>2020-03-27T09:11:00Z</time>
      </trkpt>
      <trkpt lat="66.65052" lon="17.39732">
        <time>2020-03-27T09:20:00Z</time>
      </trkpt>
      <trkpt lat="66.65061" lon="17.39681">
        <time>2020-03-27T09:20:00Z</time>
      </trkpt>
      <trkpt lat="66.65555" lon="17.40702">
        <time>2020-03-27T09:30:00Z</time>
      </trkpt>
      <trkpt lat="66.65757" lon="17.41503">
        <time>2020-03-27T09:40:00Z</time>
      </trkpt>
      <trkpt lat="66.66195" lon="17.41846">
        <time>2020-03-27T09:50:00Z</time>
      </trkpt>
      <trkpt lat="66.66578" lon="17.42867">
        <time>2020-03-27T10:00:00Z</time>
      </trkpt>
      <trkpt lat="66.67155" lon="17.43974">
        <time>2020-03-27T10:10:00Z</time>
      </trkpt>
      <trkpt lat="66.67807" lon="17.43382">
        <time>2020-03-27T10:20:00Z</time>
      </trkpt>
      <trkpt lat="66.68468" lon="17.42455">
        <time>2020-03-27T10:30:00Z</time>
      </trkpt>
      <trkpt lat="66.69145" lon="17.41404">
        <time>2020-03-27T10:40:00Z</time>
      </trkpt>
      <trkpt lat="66.69687" lon="17.40595">
        <time>2020-03-27T10:50:00Z</time>
      </trkpt>
      <trkpt lat="66.70289" lon="17.39729">
        <time>2020-03-27T11:00:00Z</time>
      </trkpt>
      <trkpt lat="66.7089" lon="17.38896">
        <time>2020-03-27T11:10:00Z</time>
      </trkpt>
      <trkpt lat="66.71109" lon="17.3875">
        <time>2020-03-27T11:20:00Z</time>
      </trkpt>
      <trkpt lat="66.71445" lon="17.39119">
        <time>2020-03-27T11:30:00Z</time>
      </trkpt>
      <trkpt lat="66.71942" lon="17.39792">
        <time>2020-03-27T11:39:00Z</time>
      </trkpt>
      <trkpt lat="66.72414" lon="17.39715">
        <time>2020-03-27T11:49:00Z</time>
      </trkpt>
      <trkpt lat="66.73027" lon="17.39724">
        <time>2020-03-27T11:59:00Z</time>
      </trkpt>
      <trkpt lat="66.73524" lon="17.39921">
        <time>2020-03-27T12:10:00Z</time>
      </trkpt>
      <trkpt lat="66.73524" lon="17.39917">
        <time>2020-03-27T12:19:00Z</time>
      </trkpt>
      <trkpt lat="66.73524" lon="17.39917">
        <time>2020-03-27T12:29:00Z</time>
      </trkpt>
      <trkpt lat="66.7356" lon="17.39951">
        <time>2020-03-27T12:54:00Z</time>
      </trkpt>
      <trkpt lat="66.74124" lon="17.40674">
        <time>2020-03-27T13:04:00Z</time>
      </trkpt>
      <trkpt lat="66.74463" lon="17.41108">
        <time>2020-03-27T13:14:00Z</time>
      </trkpt>
      <trkpt lat="66.74506" lon="17.41839">
        <time>2020-03-27T13:23:00Z</time>
      </trkpt>
      <trkpt lat="66.74711" lon="17.43087">
        <time>2020-03-27T13:33:00Z</time>
      </trkpt>
      <trkpt lat="66.75003" lon="17.44374">
        <time>2020-03-27T13:43:00Z</time>
      </trkpt>
      <trkpt lat="66.75333" lon="17.45421">
        <time>2020-03-27T13:53:00Z</time>
      </trkpt>
      <trkpt lat="66.75722" lon="17.46552">
        <time>2020-03-27T14:03:00Z</time>
      </trkpt>
      <trkpt lat="66.76067" lon="17.47408">
        <time>2020-03-27T14:13:00Z</time>
      </trkpt>
      <trkpt lat="66.76218" lon="17.48378">
        <time>2020-03-27T14:23:00Z</time>
      </trkpt>
      <trkpt lat="66.76603" lon="17.49118">
        <time>2020-03-27T14:33:00Z</time>
      </trkpt>
      <trkpt lat="66.76819" lon="17.49659">
        <time>2020-03-27T14:43:00Z</time>
      </trkpt>
      <trkpt lat="66.76866" lon="17.49732">
        <time>2020-03-27T14:53:00Z</time>
      </trkpt>
      <trkpt lat="66.76978" lon="17.49792">
        <time>2020-03-27T15:03:00Z</time>
      </trkpt>
      <trkpt lat="66.77686" lon="17.51242">
        <time>2020-03-27T15:13:00Z</time>
      </trkpt>
      <trkpt lat="66.77637" lon="17.52804">
        <time>2020-03-27T15:23:00Z</time>
      </trkpt>
      <trkpt lat="66.7782" lon="17.54101">
        <time>2020-03-27T15:33:00Z</time>
      </trkpt>
      <trkpt lat="66.78176" lon="17.55079">
        <time>2020-03-27T15:43:00Z</time>
      </trkpt>
      <trkpt lat="66.78737" lon="17.55107">
        <time>2020-03-27T15:52:00Z</time>
      </trkpt>
      <trkpt lat="66.79076" lon="17.54083">
        <time>2020-03-27T16:02:00Z</time>
      </trkpt>
      <trkpt lat="66.79095" lon="17.54057">
        <time>2020-03-27T16:22:00Z</time>
      </trkpt>
      <trkpt lat="66.79271" lon="17.53907">
        <time>2020-03-27T16:32:00Z</time>
      </trkpt>
      <trkpt lat="66.79567" lon="17.53894">
        <time>2020-03-27T16:42:00Z</time>
      </trkpt>
      <trkpt lat="66.79852" lon="17.53881">
        <time>2020-03-27T16:52:00Z</time>
      </trkpt>
      <trkpt lat="66.80126" lon="17.5386">
        <time>2020-03-27T17:02:00Z</time>
      </trkpt>
      <trkpt lat="66.80405" lon="17.54014">
        <time>2020-03-27T17:12:00Z</time>
      </trkpt>
      <trkpt lat="66.80632" lon="17.54306">
        <time>2020-03-27T17:22:00Z</time>
      </trkpt>
      <trkpt lat="66.80934" lon="17.54826">
        <time>2020-03-27T17:32:00Z</time>
      </trkpt>
      <trkpt lat="66.8148" lon="17.5553">
        <time>2020-03-27T17:42:00Z</time>
      </trkpt>
      <trkpt lat="66.81968" lon="17.56388">
        <time>2020-03-27T17:52:00Z</time>
      </trkpt>
      <trkpt lat="66.82558" lon="17.57289">
        <time>2020-03-27T18:02:00Z</time>
      </trkpt>
      <trkpt lat="66.83493" lon="17.58031">
        <time>2020-03-27T18:12:00Z</time>
      </trkpt>
      <trkpt lat="66.84341" lon="17.58829">
        <time>2020-03-27T18:22:00Z</time>
      </trkpt>
      <trkpt lat="66.84491" lon="17.58924">
        <time>2020-03-27T18:25:00Z</time>
      </trkpt>
      <trkpt lat="66.84489" lon="17.58918">
        <time>2020-03-28T08:35:00Z</time>
      </trkpt>
      <trkpt lat="66.84489" lon="17.58918">
        <time>2020-03-28T08:35:00Z</time>
      </trkpt>
      <trkpt lat="66.84685" lon="17.58765">
        <time>2020-03-28T08:44:00Z</time>
      </trkpt>
      <trkpt lat="66.84903" lon="17.58937">
        <time>2020-03-28T08:54:00Z</time>
      </trkpt>
      <trkpt lat="66.85225" lon="17.59057">
        <time>2020-03-28T09:04:00Z</time>
      </trkpt>
      <trkpt lat="66.85577" lon="17.59512">
        <time>2020-03-28T09:14:00Z</time>
      </trkpt>
      <trkpt lat="66.8617" lon="17.59804">
        <time>2020-03-28T09:24:00Z</time>
      </trkpt>
      <trkpt lat="66.86632" lon="17.60252">
        <time>2020-03-28T09:33:00Z</time>
      </trkpt>
      <trkpt lat="66.86911" lon="17.60647">
        <time>2020-03-28T09:43:00Z</time>
      </trkpt>
      <trkpt lat="66.87267" lon="17.61814">
        <time>2020-03-28T09:53:00Z</time>
      </trkpt>
      <trkpt lat="66.87524" lon="17.626">
        <time>2020-03-28T10:03:00Z</time>
      </trkpt>
      <trkpt lat="66.87836" lon="17.64125">
        <time>2020-03-28T10:13:00Z</time>
      </trkpt>
      <trkpt lat="66.87811" lon="17.65196">
        <time>2020-03-28T10:23:00Z</time>
      </trkpt>
      <trkpt lat="66.8812" lon="17.65462">
        <time>2020-03-28T10:33:00Z</time>
      </trkpt>
      <trkpt lat="66.88365" lon="17.65359">
        <time>2020-03-28T10:43:00Z</time>
      </trkpt>
      <trkpt lat="66.88569" lon="17.65552">
        <time>2020-03-28T10:53:00Z</time>
      </trkpt>
      <trkpt lat="66.88701" lon="17.65735">
        <time>2020-03-28T11:03:00Z</time>
      </trkpt>
      <trkpt lat="66.89354" lon="17.66303">
        <time>2020-03-28T11:13:00Z</time>
      </trkpt>
      <trkpt lat="66.8993" lon="17.67011">
        <time>2020-03-28T11:23:00Z</time>
      </trkpt>
      <trkpt lat="66.90465" lon="17.66878">
        <time>2020-03-28T11:33:00Z</time>
      </trkpt>
      <trkpt lat="66.90922" lon="17.67101">
        <time>2020-03-28T11:43:00Z</time>
      </trkpt>
      <trkpt lat="66.91721" lon="17.67097">
        <time>2020-03-28T11:53:00Z</time>
      </trkpt>
      <trkpt lat="66.92485" lon="17.66848">
        <time>2020-03-28T12:03:00Z</time>
      </trkpt>
      <trkpt lat="66.92309" lon="17.67833">
        <time>2020-03-28T12:13:00Z</time>
      </trkpt>
      <trkpt lat="66.92303" lon="17.6784">
        <time>2020-03-28T12:33:00Z</time>
      </trkpt>
      <trkpt lat="66.92305" lon="17.67846">
        <time>2020-03-28T13:01:00Z</time>
      </trkpt>
      <trkpt lat="66.91919" lon="17.69442">
        <time>2020-03-28T13:11:00Z</time>
      </trkpt>
      <trkpt lat="66.92357" lon="17.71485">
        <time>2020-03-28T13:21:00Z</time>
      </trkpt>
      <trkpt lat="66.92845" lon="17.72228">
        <time>2020-03-28T13:31:00Z</time>
      </trkpt>
      <trkpt lat="66.93297" lon="17.72732">
        <time>2020-03-28T13:41:00Z</time>
      </trkpt>
      <trkpt lat="66.93872" lon="17.72762">
        <time>2020-03-28T13:51:00Z</time>
      </trkpt>
      <trkpt lat="66.94516" lon="17.72505">
        <time>2020-03-28T14:01:00Z</time>
      </trkpt>
      <trkpt lat="66.95005" lon="17.72406">
        <time>2020-03-28T14:11:00Z</time>
      </trkpt>
      <trkpt lat="66.95372" lon="17.71983">
        <time>2020-03-28T14:52:00Z</time>
      </trkpt>
      <trkpt lat="66.95371" lon="17.71979">
        <time>2020-03-30T11:03:00Z</time>
      </trkpt>
      <trkpt lat="66.95937" lon="17.72264">
        <time>2020-03-30T11:17:00Z</time>
      </trkpt>
      <trkpt lat="66.97533" lon="17.75528">
        <time>2020-03-30T12:17:00Z</time>
      </trkpt>
      <trkpt lat="66.97958" lon="17.76137">
        <time>2020-03-30T12:27:00Z</time>
      </trkpt>
      <trkpt lat="66.98387" lon="17.76978">
        <time>2020-03-30T12:37:00Z</time>
      </trkpt>
      <trkpt lat="66.98692" lon="17.78324">
        <time>2020-03-30T12:47:00Z</time>
      </trkpt>
      <trkpt lat="67.00015" lon="17.79259">
        <time>2020-03-30T13:07:00Z</time>
      </trkpt>
      <trkpt lat="67.00218" lon="17.79019">
        <time>2020-03-30T13:17:00Z</time>
      </trkpt>
      <trkpt lat="67.00578" lon="17.78976">
        <time>2020-03-30T13:27:00Z</time>
      </trkpt>
      <trkpt lat="67.01325" lon="17.79101">
        <time>2020-03-30T13:37:00Z</time>
      </trkpt>
      <trkpt lat="67.02007" lon="17.79485">
        <time>2020-03-30T13:47:00Z</time>
      </trkpt>
      <trkpt lat="67.02216" lon="17.80594">
        <time>2020-03-30T13:57:00Z</time>
      </trkpt>
      <trkpt lat="67.02404" lon="17.82515">
        <time>2020-03-30T14:07:00Z</time>
      </trkpt>
      <trkpt lat="67.02582" lon="17.84499">
        <time>2020-03-30T14:17:00Z</time>
      </trkpt>
      <trkpt lat="67.02618" lon="17.84946">
        <time>2020-03-30T14:27:00Z</time>
      </trkpt>
      <trkpt lat="67.02618" lon="17.84941">
        <time>2020-03-30T14:37:00Z</time>
      </trkpt>
      <trkpt lat="67.02622" lon="17.8495">
        <time>2020-03-30T14:47:00Z</time>
      </trkpt>
      <trkpt lat="67.02669" lon="17.85714">
        <time>2020-03-30T14:57:00Z</time>
      </trkpt>
      <trkpt lat="67.0295" lon="17.86896">
        <time>2020-03-30T15:07:00Z</time>
      </trkpt>
      <trkpt lat="67.03042" lon="17.88347">
        <time>2020-03-30T15:17:00Z</time>
      </trkpt>
      <trkpt lat="67.02925" lon="17.90029">
        <time>2020-03-30T15:27:00Z</time>
      </trkpt>
      <trkpt lat="67.02986" lon="17.91059">
        <time>2020-03-30T15:37:00Z</time>
      </trkpt>
      <trkpt lat="67.03194" lon="17.92074">
        <time>2020-03-30T15:46:00Z</time>
      </trkpt>
      <trkpt lat="67.03655" lon="17.93945">
        <time>2020-03-30T15:56:00Z</time>
      </trkpt>
      <trkpt lat="67.03998" lon="17.95104">
        <time>2020-03-30T16:06:00Z</time>
      </trkpt>
      <trkpt lat="67.04328" lon="17.96177">
        <time>2020-03-30T16:16:00Z</time>
      </trkpt>
      <trkpt lat="67.0429" lon="17.99376">
        <time>2020-03-30T16:36:00Z</time>
      </trkpt>
      <trkpt lat="67.04324" lon="18.01367">
        <time>2020-03-30T16:46:00Z</time>
      </trkpt>
      <trkpt lat="67.04646" lon="18.03247">
        <time>2020-03-30T16:56:00Z</time>
      </trkpt>
      <trkpt lat="67.0475" lon="18.04389">
        <time>2020-03-30T17:06:00Z</time>
      </trkpt>
      <trkpt lat="67.0475" lon="18.0438">
        <time>2020-03-30T17:16:00Z</time>
      </trkpt>
      <trkpt lat="67.04673" lon="18.05455">
        <time>2020-03-30T17:26:00Z</time>
      </trkpt>
      <trkpt lat="67.04922" lon="18.07112">
        <time>2020-03-30T17:36:00Z</time>
      </trkpt>
      <trkpt lat="67.0507" lon="18.08965">
        <time>2020-03-30T17:46:00Z</time>
      </trkpt>
      <trkpt lat="67.05139" lon="18.1036">
        <time>2020-03-30T17:56:00Z</time>
      </trkpt>
      <trkpt lat="67.05283" lon="18.11671">
        <time>2020-03-30T18:06:00Z</time>
      </trkpt>
      <trkpt lat="67.05619" lon="18.12742">
        <time>2020-03-30T18:16:00Z</time>
      </trkpt>
      <trkpt lat="67.05611" lon="18.12806">
        <time>2020-03-31T10:21:00Z</time>
      </trkpt>
      <trkpt lat="67.05622" lon="18.12851">
        <time>2020-03-31T10:30:00Z</time>
      </trkpt>
      <trkpt lat="67.05611" lon="18.12806">
        <time>2020-03-31T10:30:00Z</time>
      </trkpt>
      <trkpt lat="67.05631" lon="18.13405">
        <time>2020-03-31T10:40:00Z</time>
      </trkpt>
      <trkpt lat="67.05692" lon="18.16276">
        <time>2020-03-31T11:00:00Z</time>
      </trkpt>
      <trkpt lat="67.05748" lon="18.18121">
        <time>2020-03-31T11:10:00Z</time>
      </trkpt>
      <trkpt lat="67.05885" lon="18.19735">
        <time>2020-03-31T11:20:00Z</time>
      </trkpt>
      <trkpt lat="67.06276" lon="18.22104">
        <time>2020-03-31T11:39:00Z</time>
      </trkpt>
      <trkpt lat="67.0622" lon="18.23263">
        <time>2020-03-31T11:49:00Z</time>
      </trkpt>
      <trkpt lat="67.06374" lon="18.25374">
        <time>2020-03-31T11:59:00Z</time>
      </trkpt>
      <trkpt lat="67.07026" lon="18.26634">
        <time>2020-03-31T12:09:00Z</time>
      </trkpt>
      <trkpt lat="67.07474" lon="18.27335">
        <time>2020-03-31T12:20:00Z</time>
      </trkpt>
      <trkpt lat="67.07938" lon="18.27728">
        <time>2020-03-31T12:29:00Z</time>
      </trkpt>
      <trkpt lat="67.08282" lon="18.28275">
        <time>2020-03-31T12:39:00Z</time>
      </trkpt>
      <trkpt lat="67.08284" lon="18.28243">
        <time>2020-03-31T12:49:00Z</time>
      </trkpt>
      <trkpt lat="67.0828" lon="18.28286">
        <time>2020-03-31T12:59:00Z</time>
      </trkpt>
      <trkpt lat="67.08322" lon="18.2841">
        <time>2020-03-31T13:09:00Z</time>
      </trkpt>
      <trkpt lat="67.08519" lon="18.2841">
        <time>2020-03-31T13:19:00Z</time>
      </trkpt>
      <trkpt lat="67.08813" lon="18.27831">
        <time>2020-03-31T13:29:00Z</time>
      </trkpt>
      <trkpt lat="67.09063" lon="18.27507">
        <time>2020-03-31T13:39:00Z</time>
      </trkpt>
      <trkpt lat="67.09562" lon="18.27447">
        <time>2020-03-31T13:49:00Z</time>
      </trkpt>
      <trkpt lat="67.09904" lon="18.27254">
        <time>2020-03-31T13:59:00Z</time>
      </trkpt>
      <trkpt lat="67.10286" lon="18.27254">
        <time>2020-03-31T14:09:00Z</time>
      </trkpt>
      <trkpt lat="67.1092" lon="18.27824">
        <time>2020-03-31T14:19:00Z</time>
      </trkpt>
      <trkpt lat="67.11461" lon="18.28674">
        <time>2020-03-31T14:29:00Z</time>
      </trkpt>
      <trkpt lat="67.11933" lon="18.28992">
        <time>2020-03-31T14:39:00Z</time>
      </trkpt>
      <trkpt lat="67.12193" lon="18.29312">
        <time>2020-03-31T14:49:00Z</time>
      </trkpt>
      <trkpt lat="67.12701" lon="18.29947">
        <time>2020-03-31T14:59:00Z</time>
      </trkpt>
      <trkpt lat="67.13235" lon="18.30642">
        <time>2020-03-31T15:08:00Z</time>
      </trkpt>
      <trkpt lat="67.13808" lon="18.31387">
        <time>2020-03-31T15:19:00Z</time>
      </trkpt>
      <trkpt lat="67.141" lon="18.31522">
        <time>2020-03-31T15:28:00Z</time>
      </trkpt>
      <trkpt lat="67.14652" lon="18.30887">
        <time>2020-03-31T16:08:00Z</time>
      </trkpt>
      <trkpt lat="67.14695" lon="18.31393">
        <time>2020-03-31T16:18:00Z</time>
      </trkpt>
      <trkpt lat="67.14725" lon="18.31608">
        <time>2020-03-31T16:28:00Z</time>
      </trkpt>
      <trkpt lat="67.14754" lon="18.31747">
        <time>2020-03-31T16:38:00Z</time>
      </trkpt>
      <trkpt lat="67.14767" lon="18.31876">
        <time>2020-03-31T16:48:00Z</time>
      </trkpt>
      <trkpt lat="67.14812" lon="18.32032">
        <time>2020-03-31T16:58:00Z</time>
      </trkpt>
      <trkpt lat="67.14823" lon="18.32073">
        <time>2020-03-31T17:08:00Z</time>
      </trkpt>
      <trkpt lat="67.14832" lon="18.32187">
        <time>2020-03-31T17:18:00Z</time>
      </trkpt>
      <trkpt lat="67.14845" lon="18.32294">
        <time>2020-03-31T17:28:00Z</time>
      </trkpt>
      <trkpt lat="67.14841" lon="18.32393">
        <time>2020-03-31T17:38:00Z</time>
      </trkpt>
      <trkpt lat="67.14834" lon="18.32616">
        <time>2020-03-31T17:48:00Z</time>
      </trkpt>
      <trkpt lat="67.14874" lon="18.329">
        <time>2020-03-31T17:58:00Z</time>
      </trkpt>
      <trkpt lat="67.14937" lon="18.32994">
        <time>2020-03-31T18:08:00Z</time>
      </trkpt>
      <trkpt lat="67.15009" lon="18.33058">
        <time>2020-03-31T18:18:00Z</time>
      </trkpt>
      <trkpt lat="67.15172" lon="18.33174">
        <time>2020-03-31T18:28:00Z</time>
      </trkpt>
      <trkpt lat="67.15218" lon="18.33434">
        <time>2020-03-31T18:35:00Z</time>
      </trkpt>
      <trkpt lat="67.15218" lon="18.33442">
        <time>2020-04-01T10:00:00Z</time>
      </trkpt>
      <trkpt lat="67.15218" lon="18.33442">
        <time>2020-04-01T10:00:00Z</time>
      </trkpt>
      <trkpt lat="67.15289" lon="18.33419">
        <time>2020-04-01T10:09:00Z</time>
      </trkpt>
      <trkpt lat="67.15514" lon="18.33515">
        <time>2020-04-01T10:19:00Z</time>
      </trkpt>
      <trkpt lat="67.15598" lon="18.33633">
        <time>2020-04-01T10:29:00Z</time>
      </trkpt>
      <trkpt lat="67.15842" lon="18.33921">
        <time>2020-04-01T10:39:00Z</time>
      </trkpt>
      <trkpt lat="67.16082" lon="18.34275">
        <time>2020-04-01T10:49:00Z</time>
      </trkpt>
      <trkpt lat="67.16225" lon="18.34616">
        <time>2020-04-01T10:59:00Z</time>
      </trkpt>
      <trkpt lat="67.16368" lon="18.35047">
        <time>2020-04-01T11:09:00Z</time>
      </trkpt>
      <trkpt lat="67.16645" lon="18.36028">
        <time>2020-04-01T11:19:00Z</time>
      </trkpt>
      <trkpt lat="67.16743" lon="18.37684">
        <time>2020-04-01T11:29:00Z</time>
      </trkpt>
      <trkpt lat="67.16758" lon="18.39">
        <time>2020-04-01T11:38:00Z</time>
      </trkpt>
      <trkpt lat="67.17355" lon="18.41538">
        <time>2020-04-01T11:48:00Z</time>
      </trkpt>
      <trkpt lat="67.18262" lon="18.42643">
        <time>2020-04-01T11:59:00Z</time>
      </trkpt>
      <trkpt lat="67.18684" lon="18.43583">
        <time>2020-04-01T12:08:00Z</time>
      </trkpt>
      <trkpt lat="67.19338" lon="18.4362">
        <time>2020-04-01T12:18:00Z</time>
      </trkpt>
      <trkpt lat="67.19747" lon="18.43373">
        <time>2020-04-01T13:03:00Z</time>
      </trkpt>
      <trkpt lat="67.19747" lon="18.43382">
        <time>2020-04-01T13:12:00Z</time>
      </trkpt>
      <trkpt lat="67.19747" lon="18.43382">
        <time>2020-04-01T13:22:00Z</time>
      </trkpt>
      <trkpt lat="67.21283" lon="18.42667">
        <time>2020-04-01T14:09:00Z</time>
      </trkpt>
      <trkpt lat="67.21487" lon="18.42416">
        <time>2020-04-01T14:14:00Z</time>
      </trkpt>
      <trkpt lat="67.21736" lon="18.41987">
        <time>2020-04-01T14:18:00Z</time>
      </trkpt>
      <trkpt lat="67.22135" lon="18.41197">
        <time>2020-04-01T14:28:00Z</time>
      </trkpt>
      <trkpt lat="67.22565" lon="18.40397">
        <time>2020-04-01T14:38:00Z</time>
      </trkpt>
      <trkpt lat="67.23083" lon="18.39433">
        <time>2020-04-01T14:48:00Z</time>
      </trkpt>
      <trkpt lat="67.23618" lon="18.38437">
        <time>2020-04-01T14:58:00Z</time>
      </trkpt>
      <trkpt lat="67.24048" lon="18.37639">
        <time>2020-04-01T15:08:00Z</time>
      </trkpt>
      <trkpt lat="67.24898" lon="18.36039">
        <time>2020-04-01T15:28:00Z</time>
      </trkpt>
      <trkpt lat="67.25279" lon="18.35301">
        <time>2020-04-01T15:38:00Z</time>
      </trkpt>
      <trkpt lat="67.25696" lon="18.34511">
        <time>2020-04-01T15:48:00Z</time>
      </trkpt>
      <trkpt lat="67.2612" lon="18.33672">
        <time>2020-04-01T16:07:00Z</time>
      </trkpt>
      <trkpt lat="67.2612" lon="18.33672">
        <time>2020-04-01T16:17:00Z</time>
      </trkpt>
      <trkpt lat="67.26479" lon="18.32951">
        <time>2020-04-01T16:27:00Z</time>
      </trkpt>
      <trkpt lat="67.26951" lon="18.32033">
        <time>2020-04-01T16:37:00Z</time>
      </trkpt>
      <trkpt lat="67.27376" lon="18.31063">
        <time>2020-04-01T16:47:00Z</time>
      </trkpt>
      <trkpt lat="67.28292" lon="18.28273">
        <time>2020-04-01T17:17:00Z</time>
      </trkpt>
      <trkpt lat="67.28677" lon="18.26831">
        <time>2020-04-01T17:37:00Z</time>
      </trkpt>
      <trkpt lat="67.28681" lon="18.26831">
        <time>2020-04-01T17:47:00Z</time>
      </trkpt>
      <trkpt lat="67.29046" lon="18.26307">
        <time>2020-04-01T17:57:00Z</time>
      </trkpt>
      <trkpt lat="67.29691" lon="18.25582">
        <time>2020-04-01T18:07:00Z</time>
      </trkpt>
      <trkpt lat="67.2972" lon="18.25668">
        <time>2020-04-01T18:21:00Z</time>
      </trkpt>
      <trkpt lat="67.29725" lon="18.25668">
        <time>2020-04-02T09:58:00Z</time>
      </trkpt>
      <trkpt lat="67.2975" lon="18.24724">
        <time>2020-04-02T10:01:00Z</time>
      </trkpt>
      <trkpt lat="67.29995" lon="18.20742">
        <time>2020-04-02T10:31:00Z</time>
      </trkpt>
      <trkpt lat="67.30184" lon="18.19214">
        <time>2020-04-02T10:41:00Z</time>
      </trkpt>
      <trkpt lat="67.30356" lon="18.17703">
        <time>2020-04-02T10:51:00Z</time>
      </trkpt>
      <trkpt lat="67.30558" lon="18.16167">
        <time>2020-04-02T11:01:00Z</time>
      </trkpt>
      <trkpt lat="67.30956" lon="18.14394">
        <time>2020-04-02T11:21:00Z</time>
      </trkpt>
      <trkpt lat="67.31065" lon="18.13903">
        <time>2020-04-02T11:31:00Z</time>
      </trkpt>
      <trkpt lat="67.31393" lon="18.13021">
        <time>2020-04-02T11:41:00Z</time>
      </trkpt>
      <trkpt lat="67.31671" lon="18.12463">
        <time>2020-04-02T11:51:00Z</time>
      </trkpt>
      <trkpt lat="67.3207" lon="18.11922">
        <time>2020-04-02T12:01:00Z</time>
      </trkpt>
      <trkpt lat="67.3231" lon="18.11416">
        <time>2020-04-02T12:11:00Z</time>
      </trkpt>
      <trkpt lat="67.32684" lon="18.10588">
        <time>2020-04-02T12:21:00Z</time>
      </trkpt>
      <trkpt lat="67.3294" lon="18.10101">
        <time>2020-04-02T12:31:00Z</time>
      </trkpt>
      <trkpt lat="67.32935" lon="18.10118">
        <time>2020-04-02T12:41:00Z</time>
      </trkpt>
      <trkpt lat="67.3294" lon="18.10092">
        <time>2020-04-02T12:51:00Z</time>
      </trkpt>
      <trkpt lat="67.33128" lon="18.09234">
        <time>2020-04-02T13:00:00Z</time>
      </trkpt>
      <trkpt lat="67.3324" lon="18.07413">
        <time>2020-04-02T13:20:00Z</time>
      </trkpt>
      <trkpt lat="67.33223" lon="18.06872">
        <time>2020-04-02T13:30:00Z</time>
      </trkpt>
      <trkpt lat="67.33034" lon="18.06142">
        <time>2020-04-02T13:40:00Z</time>
      </trkpt>
      <trkpt lat="67.32465" lon="18.0506">
        <time>2020-04-02T14:00:00Z</time>
      </trkpt>
      <trkpt lat="67.32101" lon="18.04408">
        <time>2020-04-02T14:10:00Z</time>
      </trkpt>
      <trkpt lat="67.31792" lon="18.0361">
        <time>2020-04-02T14:20:00Z</time>
      </trkpt>
      <trkpt lat="67.31731" lon="18.03181">
        <time>2020-04-02T14:30:00Z</time>
      </trkpt>
      <trkpt lat="67.31498" lon="18.02661">
        <time>2020-04-02T14:40:00Z</time>
      </trkpt>
      <trkpt lat="67.31135" lon="18.00192">
        <time>2020-04-02T15:20:00Z</time>
      </trkpt>
      <trkpt lat="67.31088" lon="17.99651">
        <time>2020-04-02T15:30:00Z</time>
      </trkpt>
      <trkpt lat="67.31049" lon="17.98904">
        <time>2020-04-02T15:40:00Z</time>
      </trkpt>
      <trkpt lat="67.30961" lon="17.97773">
        <time>2020-04-02T16:09:00Z</time>
      </trkpt>
      <trkpt lat="67.30961" lon="17.97516">
        <time>2020-04-02T16:19:00Z</time>
      </trkpt>
      <trkpt lat="67.30947" lon="17.96469">
        <time>2020-04-02T16:29:00Z</time>
      </trkpt>
      <trkpt lat="67.30965" lon="17.95466">
        <time>2020-04-02T16:40:00Z</time>
      </trkpt>
      <trkpt lat="67.30952" lon="17.94814">
        <time>2020-04-02T16:50:00Z</time>
      </trkpt>
      <trkpt lat="67.3134" lon="17.92932">
        <time>2020-04-02T17:09:00Z</time>
      </trkpt>
      <trkpt lat="67.31708" lon="17.91673">
        <time>2020-04-02T17:19:00Z</time>
      </trkpt>
      <trkpt lat="67.32026" lon="17.90042">
        <time>2020-04-02T17:29:00Z</time>
      </trkpt>
      <trkpt lat="67.32023" lon="17.90039">
        <time>2020-04-02T17:39:00Z</time>
      </trkpt>
      <trkpt lat="67.32268" lon="17.88239">
        <time>2020-04-02T17:50:00Z</time>
      </trkpt>
      <trkpt lat="67.32559" lon="17.87044">
        <time>2020-04-02T17:59:00Z</time>
      </trkpt>
      <trkpt lat="67.32875" lon="17.85633">
        <time>2020-04-02T18:09:00Z</time>
      </trkpt>
      <trkpt lat="67.33072" lon="17.84946">
        <time>2020-04-02T18:19:00Z</time>
      </trkpt>
      <trkpt lat="67.3345" lon="17.84156">
        <time>2020-04-02T18:29:00Z</time>
      </trkpt>
      <trkpt lat="67.33926" lon="17.83658">
        <time>2020-04-02T18:39:00Z</time>
      </trkpt>
      <trkpt lat="67.33944" lon="17.83615">
        <time>2020-04-02T18:41:00Z</time>
      </trkpt>
      <trkpt lat="67.33949" lon="17.83615">
        <time>2020-04-03T09:37:00Z</time>
      </trkpt>
      <trkpt lat="67.33949" lon="17.83615">
        <time>2020-04-03T09:37:00Z</time>
      </trkpt>
      <trkpt lat="67.34335" lon="17.82931">
        <time>2020-04-03T09:54:00Z</time>
      </trkpt>
      <trkpt lat="67.34387" lon="17.81637">
        <time>2020-04-03T10:03:00Z</time>
      </trkpt>
      <trkpt lat="67.34505" lon="17.80691">
        <time>2020-04-03T10:13:00Z</time>
      </trkpt>
      <trkpt lat="67.34623" lon="17.7945">
        <time>2020-04-03T10:23:00Z</time>
      </trkpt>
      <trkpt lat="67.34761" lon="17.78609">
        <time>2020-04-03T10:33:00Z</time>
      </trkpt>
      <trkpt lat="67.34873" lon="17.78">
        <time>2020-04-03T10:43:00Z</time>
      </trkpt>
      <trkpt lat="67.35039" lon="17.77017">
        <time>2020-04-03T10:53:00Z</time>
      </trkpt>
      <trkpt lat="67.3514" lon="17.75996">
        <time>2020-04-03T11:03:00Z</time>
      </trkpt>
      <trkpt lat="67.3529" lon="17.7465">
        <time>2020-04-03T11:13:00Z</time>
      </trkpt>
      <trkpt lat="67.35329" lon="17.74307">
        <time>2020-04-03T11:23:00Z</time>
      </trkpt>
      <trkpt lat="67.35486" lon="17.72996">
        <time>2020-04-03T11:33:00Z</time>
      </trkpt>
      <trkpt lat="67.35647" lon="17.71908">
        <time>2020-04-03T11:43:00Z</time>
      </trkpt>
      <trkpt lat="67.35906" lon="17.71031">
        <time>2020-04-03T11:53:00Z</time>
      </trkpt>
      <trkpt lat="67.36176" lon="17.69992">
        <time>2020-04-03T12:03:00Z</time>
      </trkpt>
      <trkpt lat="67.36442" lon="17.68833">
        <time>2020-04-03T12:13:00Z</time>
      </trkpt>
      <trkpt lat="67.36611" lon="17.68288">
        <time>2020-04-03T12:23:00Z</time>
      </trkpt>
      <trkpt lat="67.36606" lon="17.68288">
        <time>2020-04-03T12:33:00Z</time>
      </trkpt>
      <trkpt lat="67.36608" lon="17.68288">
        <time>2020-04-03T12:43:00Z</time>
      </trkpt>
      <trkpt lat="67.36606" lon="17.68288">
        <time>2020-04-03T12:53:00Z</time>
      </trkpt>
      <trkpt lat="67.3661" lon="17.68284">
        <time>2020-04-03T13:02:00Z</time>
      </trkpt>
      <trkpt lat="67.37065" lon="17.66734">
        <time>2020-04-03T13:22:00Z</time>
      </trkpt>
      <trkpt lat="67.37275" lon="17.66288">
        <time>2020-04-03T13:32:00Z</time>
      </trkpt>
      <trkpt lat="67.37567" lon="17.65842">
        <time>2020-04-03T13:42:00Z</time>
      </trkpt>
      <trkpt lat="67.37813" lon="17.65456">
        <time>2020-04-03T13:52:00Z</time>
      </trkpt>
      <trkpt lat="67.38148" lon="17.64967">
        <time>2020-04-03T14:02:00Z</time>
      </trkpt>
      <trkpt lat="67.38534" lon="17.64443">
        <time>2020-04-03T14:12:00Z</time>
      </trkpt>
      <trkpt lat="67.38782" lon="17.64177">
        <time>2020-04-03T14:22:00Z</time>
      </trkpt>
      <trkpt lat="67.39279" lon="17.63393">
        <time>2020-04-03T14:32:00Z</time>
      </trkpt>
      <trkpt lat="67.39717" lon="17.62844">
        <time>2020-04-03T14:42:00Z</time>
      </trkpt>
      <trkpt lat="67.40133" lon="17.62132">
        <time>2020-04-03T14:52:00Z</time>
      </trkpt>
      <trkpt lat="67.40537" lon="17.61748">
        <time>2020-04-03T15:02:00Z</time>
      </trkpt>
      <trkpt lat="67.40577" lon="17.61714">
        <time>2020-04-03T15:12:00Z</time>
      </trkpt>
      <trkpt lat="67.40976" lon="17.61379">
        <time>2020-04-03T15:22:00Z</time>
      </trkpt>
      <trkpt lat="67.41779" lon="17.60495">
        <time>2020-04-03T15:42:00Z</time>
      </trkpt>
      <trkpt lat="67.42178" lon="17.60068">
        <time>2020-04-03T15:52:00Z</time>
      </trkpt>
      <trkpt lat="67.43976" lon="17.54873">
        <time>2020-04-03T17:11:00Z</time>
      </trkpt>
      <trkpt lat="67.44113" lon="17.54298">
        <time>2020-04-03T17:21:00Z</time>
      </trkpt>
      <trkpt lat="67.44328" lon="17.53311">
        <time>2020-04-03T17:31:00Z</time>
      </trkpt>
      <trkpt lat="67.44483" lon="17.52517">
        <time>2020-04-03T17:41:00Z</time>
      </trkpt>
      <trkpt lat="67.4465" lon="17.51753">
        <time>2020-04-03T17:51:00Z</time>
      </trkpt>
      <trkpt lat="67.44866" lon="17.51148">
        <time>2020-04-03T18:01:00Z</time>
      </trkpt>
      <trkpt lat="67.44867" lon="17.51139">
        <time>2020-04-04T10:06:00Z</time>
      </trkpt>
      <trkpt lat="67.44867" lon="17.51139">
        <time>2020-04-04T10:06:00Z</time>
      </trkpt>
      <trkpt lat="67.45007" lon="17.50779">
        <time>2020-04-04T10:15:00Z</time>
      </trkpt>
      <trkpt lat="67.45144" lon="17.50208">
        <time>2020-04-04T10:25:00Z</time>
      </trkpt>
      <trkpt lat="67.45242" lon="17.4958">
        <time>2020-04-04T10:35:00Z</time>
      </trkpt>
      <trkpt lat="67.45654" lon="17.49717">
        <time>2020-04-04T10:45:00Z</time>
      </trkpt>
      <trkpt lat="67.45966" lon="17.49107">
        <time>2020-04-04T10:55:00Z</time>
      </trkpt>
      <trkpt lat="67.46274" lon="17.48369">
        <time>2020-04-04T11:05:00Z</time>
      </trkpt>
      <trkpt lat="67.46368" lon="17.4818">
        <time>2020-04-04T11:15:00Z</time>
      </trkpt>
      <trkpt lat="67.46514" lon="17.47313">
        <time>2020-04-04T11:25:00Z</time>
      </trkpt>
      <trkpt lat="67.467" lon="17.46657">
        <time>2020-04-04T11:35:00Z</time>
      </trkpt>
      <trkpt lat="67.47264" lon="17.44766">
        <time>2020-04-04T12:05:00Z</time>
      </trkpt>
      <trkpt lat="67.4726" lon="17.44749">
        <time>2020-04-04T12:15:00Z</time>
      </trkpt>
      <trkpt lat="67.47269" lon="17.44783">
        <time>2020-04-04T12:25:00Z</time>
      </trkpt>
      <trkpt lat="67.47533" lon="17.44324">
        <time>2020-04-04T12:39:00Z</time>
      </trkpt>
      <trkpt lat="67.47677" lon="17.44271">
        <time>2020-04-04T12:49:00Z</time>
      </trkpt>
      <trkpt lat="67.47942" lon="17.4361">
        <time>2020-04-04T12:59:00Z</time>
      </trkpt>
      <trkpt lat="67.48183" lon="17.4308">
        <time>2020-04-04T13:09:00Z</time>
      </trkpt>
      <trkpt lat="67.48727" lon="17.422">
        <time>2020-04-04T13:29:00Z</time>
      </trkpt>
      <trkpt lat="67.49011" lon="17.41805">
        <time>2020-04-04T13:39:00Z</time>
      </trkpt>
      <trkpt lat="67.49247" lon="17.41608">
        <time>2020-04-04T13:49:00Z</time>
      </trkpt>
      <trkpt lat="67.49565" lon="17.41378">
        <time>2020-04-04T13:58:00Z</time>
      </trkpt>
      <trkpt lat="67.49782" lon="17.41273">
        <time>2020-04-04T14:09:00Z</time>
      </trkpt>
      <trkpt lat="67.50005" lon="17.41142">
        <time>2020-04-04T14:18:00Z</time>
      </trkpt>
      <trkpt lat="67.50264" lon="17.40786">
        <time>2020-04-04T14:28:00Z</time>
      </trkpt>
      <trkpt lat="67.50411" lon="17.40782">
        <time>2020-04-04T14:38:00Z</time>
      </trkpt>
      <trkpt lat="67.50489" lon="17.4091">
        <time>2020-04-04T14:49:00Z</time>
      </trkpt>
      <trkpt lat="67.50763" lon="17.4091">
        <time>2020-04-04T14:59:00Z</time>
      </trkpt>
      <trkpt lat="67.51099" lon="17.40764">
        <time>2020-04-04T15:09:00Z</time>
      </trkpt>
      <trkpt lat="67.51099" lon="17.4076">
        <time>2020-04-04T15:18:00Z</time>
      </trkpt>
      <trkpt lat="67.51099" lon="17.4076">
        <time>2020-04-04T15:28:00Z</time>
      </trkpt>
      <trkpt lat="67.51099" lon="17.4076">
        <time>2020-04-04T15:38:00Z</time>
      </trkpt>
      <trkpt lat="67.5147" lon="17.40625">
        <time>2020-04-04T15:48:00Z</time>
      </trkpt>
      <trkpt lat="67.51785" lon="17.4055">
        <time>2020-04-04T15:58:00Z</time>
      </trkpt>
      <trkpt lat="67.52108" lon="17.40415">
        <time>2020-04-04T16:08:00Z</time>
      </trkpt>
      <trkpt lat="67.52549" lon="17.39649">
        <time>2020-04-04T16:18:00Z</time>
      </trkpt>
      <trkpt lat="67.52807" lon="17.39016">
        <time>2020-04-04T16:28:00Z</time>
      </trkpt>
      <trkpt lat="67.53146" lon="17.38775">
        <time>2020-04-04T16:38:00Z</time>
      </trkpt>
      <trkpt lat="67.53389" lon="17.3829">
        <time>2020-04-04T16:48:00Z</time>
      </trkpt>
      <trkpt lat="67.53496" lon="17.37852">
        <time>2020-04-04T16:58:00Z</time>
      </trkpt>
      <trkpt lat="67.53886" lon="17.37256">
        <time>2020-04-04T17:08:00Z</time>
      </trkpt>
      <trkpt lat="67.53909" lon="17.37243">
        <time>2020-04-04T17:17:00Z</time>
      </trkpt>
      <trkpt lat="67.54143" lon="17.37074">
        <time>2020-04-04T17:27:00Z</time>
      </trkpt>
      <trkpt lat="67.5434" lon="17.36685">
        <time>2020-04-04T17:37:00Z</time>
      </trkpt>
      <trkpt lat="67.546" lon="17.36427">
        <time>2020-04-04T17:47:00Z</time>
      </trkpt>
      <trkpt lat="67.54677" lon="17.36187">
        <time>2020-04-04T17:57:00Z</time>
      </trkpt>
      <trkpt lat="67.54791" lon="17.36149">
        <time>2020-04-04T18:08:00Z</time>
      </trkpt>
      <trkpt lat="67.54704" lon="17.35859">
        <time>2020-04-05T10:04:00Z</time>
      </trkpt>
      <trkpt lat="67.54848" lon="17.35353">
        <time>2020-04-05T10:07:00Z</time>
      </trkpt>
      <trkpt lat="67.54944" lon="17.35179">
        <time>2020-04-05T10:17:00Z</time>
      </trkpt>
      <trkpt lat="67.55583" lon="17.35166">
        <time>2020-04-05T10:47:00Z</time>
      </trkpt>
      <trkpt lat="67.55768" lon="17.34926">
        <time>2020-04-05T10:57:00Z</time>
      </trkpt>
      <trkpt lat="67.55888" lon="17.34917">
        <time>2020-04-05T11:07:00Z</time>
      </trkpt>
      <trkpt lat="67.56159" lon="17.34657">
        <time>2020-04-05T11:17:00Z</time>
      </trkpt>
      <trkpt lat="67.56224" lon="17.34589">
        <time>2020-04-05T11:27:00Z</time>
      </trkpt>
      <trkpt lat="67.565" lon="17.33872">
        <time>2020-04-05T11:37:00Z</time>
      </trkpt>
      <trkpt lat="67.56674" lon="17.33284">
        <time>2020-04-05T11:48:00Z</time>
      </trkpt>
      <trkpt lat="67.5685" lon="17.32941">
        <time>2020-04-05T11:58:00Z</time>
      </trkpt>
      <trkpt lat="67.57037" lon="17.32653">
        <time>2020-04-05T13:06:00Z</time>
      </trkpt>
      <trkpt lat="67.57395" lon="17.32374">
        <time>2020-04-05T13:16:00Z</time>
      </trkpt>
      <trkpt lat="67.57732" lon="17.32407">
        <time>2020-04-05T13:26:00Z</time>
      </trkpt>
      <trkpt lat="67.58094" lon="17.32979">
        <time>2020-04-05T13:35:00Z</time>
      </trkpt>
      <trkpt lat="67.58626" lon="17.3352">
        <time>2020-04-05T13:45:00Z</time>
      </trkpt>
      <trkpt lat="67.5905" lon="17.33763">
        <time>2020-04-05T13:56:00Z</time>
      </trkpt>
      <trkpt lat="67.58967" lon="17.341">
        <time>2020-04-05T14:05:00Z</time>
      </trkpt>
      <trkpt lat="67.59331" lon="17.345">
        <time>2020-04-05T14:15:00Z</time>
      </trkpt>
      <trkpt lat="67.59802" lon="17.34543">
        <time>2020-04-05T14:25:00Z</time>
      </trkpt>
      <trkpt lat="67.60387" lon="17.34758">
        <time>2020-04-05T14:35:00Z</time>
      </trkpt>
      <trkpt lat="67.60746" lon="17.35031">
        <time>2020-04-05T14:45:00Z</time>
      </trkpt>
      <trkpt lat="67.61184" lon="17.35516">
        <time>2020-04-05T14:55:00Z</time>
      </trkpt>
      <trkpt lat="67.62671" lon="17.37174">
        <time>2020-04-05T15:54:00Z</time>
      </trkpt>
      <trkpt lat="67.62851" lon="17.36934">
        <time>2020-04-05T16:04:00Z</time>
      </trkpt>
      <trkpt lat="67.62791" lon="17.36951">
        <time>2020-04-05T16:14:00Z</time>
      </trkpt>
      <trkpt lat="67.63461" lon="17.36104">
        <time>2020-04-05T16:48:00Z</time>
      </trkpt>
      <trkpt lat="67.63466" lon="17.36074">
        <time>2020-04-06T11:09:00Z</time>
      </trkpt>
      <trkpt lat="67.63705" lon="17.3658">
        <time>2020-04-06T11:19:00Z</time>
      </trkpt>
      <trkpt lat="67.63466" lon="17.36074">
        <time>2020-04-06T11:21:00Z</time>
      </trkpt>
      <trkpt lat="67.64145" lon="17.37312">
        <time>2020-04-06T11:29:00Z</time>
      </trkpt>
      <trkpt lat="67.64613" lon="17.37484">
        <time>2020-04-06T11:39:00Z</time>
      </trkpt>
      <trkpt lat="67.64991" lon="17.37074">
        <time>2020-04-06T11:49:00Z</time>
      </trkpt>
      <trkpt lat="67.6557" lon="17.37168">
        <time>2020-04-06T11:59:00Z</time>
      </trkpt>
      <trkpt lat="67.66022" lon="17.37574">
        <time>2020-04-06T12:09:00Z</time>
      </trkpt>
      <trkpt lat="67.66025" lon="17.37582">
        <time>2020-04-06T12:18:00Z</time>
      </trkpt>
      <trkpt lat="67.66029" lon="17.37582">
        <time>2020-04-06T12:28:00Z</time>
      </trkpt>
      <trkpt lat="67.66325" lon="17.37831">
        <time>2020-04-06T12:38:00Z</time>
      </trkpt>
      <trkpt lat="67.66583" lon="17.38116">
        <time>2020-04-06T12:48:00Z</time>
      </trkpt>
      <trkpt lat="67.66833" lon="17.38411">
        <time>2020-04-06T12:58:00Z</time>
      </trkpt>
      <trkpt lat="67.67187" lon="17.38874">
        <time>2020-04-06T13:09:00Z</time>
      </trkpt>
      <trkpt lat="67.67619" lon="17.39824">
        <time>2020-04-06T13:18:00Z</time>
      </trkpt>
      <trkpt lat="67.67975" lon="17.40912">
        <time>2020-04-06T13:28:00Z</time>
      </trkpt>
      <trkpt lat="67.68394" lon="17.41852">
        <time>2020-04-06T13:38:00Z</time>
      </trkpt>
      <trkpt lat="67.69036" lon="17.42258">
        <time>2020-04-06T13:48:00Z</time>
      </trkpt>
      <trkpt lat="67.69507" lon="17.42601">
        <time>2020-04-06T13:58:00Z</time>
      </trkpt>
      <trkpt lat="67.70193" lon="17.42964">
        <time>2020-04-06T14:08:00Z</time>
      </trkpt>
      <trkpt lat="67.70713" lon="17.43159">
        <time>2020-04-06T14:18:00Z</time>
      </trkpt>
      <trkpt lat="67.71263" lon="17.43719">
        <time>2020-04-06T14:28:00Z</time>
      </trkpt>
      <trkpt lat="67.71659" lon="17.44738">
        <time>2020-04-06T14:38:00Z</time>
      </trkpt>
      <trkpt lat="67.71812" lon="17.46159">
        <time>2020-04-06T14:48:00Z</time>
      </trkpt>
      <trkpt lat="67.71957" lon="17.46457">
        <time>2020-04-06T14:57:00Z</time>
      </trkpt>
      <trkpt lat="67.72149" lon="17.46685">
        <time>2020-04-06T15:08:00Z</time>
      </trkpt>
      <trkpt lat="67.72226" lon="17.4697">
        <time>2020-04-06T16:18:00Z</time>
      </trkpt>
      <trkpt lat="67.72243" lon="17.46618">
        <time>2020-04-06T16:28:00Z</time>
      </trkpt>
      <trkpt lat="67.72483" lon="17.45947">
        <time>2020-04-06T16:38:00Z</time>
      </trkpt>
      <trkpt lat="67.72557" lon="17.47296">
        <time>2020-04-06T16:48:00Z</time>
      </trkpt>
      <trkpt lat="67.7296" lon="17.4735">
        <time>2020-04-06T16:58:00Z</time>
      </trkpt>
      <trkpt lat="67.73251" lon="17.476">
        <time>2020-04-06T17:08:00Z</time>
      </trkpt>
      <trkpt lat="67.73714" lon="17.47712">
        <time>2020-04-06T17:18:00Z</time>
      </trkpt>
      <trkpt lat="67.7395" lon="17.4809">
        <time>2020-04-06T17:28:00Z</time>
      </trkpt>
      <trkpt lat="67.74274" lon="17.48624">
        <time>2020-04-06T17:38:00Z</time>
      </trkpt>
      <trkpt lat="67.74758" lon="17.49393">
        <time>2020-04-06T17:48:00Z</time>
      </trkpt>
      <trkpt lat="67.74872" lon="17.50761">
        <time>2020-04-06T17:58:00Z</time>
      </trkpt>
      <trkpt lat="67.74975" lon="17.51171">
        <time>2020-04-06T18:08:00Z</time>
      </trkpt>
      <trkpt lat="67.7535" lon="17.52268">
        <time>2020-04-06T18:18:00Z</time>
      </trkpt>
      <trkpt lat="67.75566" lon="17.53336">
        <time>2020-04-06T18:28:00Z</time>
      </trkpt>
      <trkpt lat="67.75924" lon="17.5428">
        <time>2020-04-06T18:38:00Z</time>
      </trkpt>
      <trkpt lat="67.76218" lon="17.55045">
        <time>2020-04-06T18:48:00Z</time>
      </trkpt>
      <trkpt lat="67.76241" lon="17.55336">
        <time>2020-04-06T18:52:00Z</time>
      </trkpt>
      <trkpt lat="67.76464" lon="17.55918">
        <time>2020-04-07T08:59:00Z</time>
      </trkpt>
      <trkpt lat="67.76927" lon="17.57671">
        <time>2020-04-07T09:09:00Z</time>
      </trkpt>
      <trkpt lat="67.77624" lon="17.59057">
        <time>2020-04-07T09:19:00Z</time>
      </trkpt>
      <trkpt lat="67.77919" lon="17.59311">
        <time>2020-04-07T09:29:00Z</time>
      </trkpt>
      <trkpt lat="67.78449" lon="17.60336">
        <time>2020-04-07T09:39:00Z</time>
      </trkpt>
      <trkpt lat="67.79004" lon="17.60907">
        <time>2020-04-07T09:49:00Z</time>
      </trkpt>
      <trkpt lat="67.79331" lon="17.61063">
        <time>2020-04-07T09:58:00Z</time>
      </trkpt>
      <trkpt lat="67.7979" lon="17.61362">
        <time>2020-04-07T10:08:00Z</time>
      </trkpt>
      <trkpt lat="67.80215" lon="17.61969">
        <time>2020-04-07T10:18:00Z</time>
      </trkpt>
      <trkpt lat="67.80798" lon="17.62263">
        <time>2020-04-07T10:28:00Z</time>
      </trkpt>
      <trkpt lat="67.81063" lon="17.62224">
        <time>2020-04-07T10:38:00Z</time>
      </trkpt>
      <trkpt lat="67.81065" lon="17.62218">
        <time>2020-04-07T10:48:00Z</time>
      </trkpt>
      <trkpt lat="67.81522" lon="17.62941">
        <time>2020-04-07T10:58:00Z</time>
      </trkpt>
      <trkpt lat="67.81822" lon="17.64013">
        <time>2020-04-07T11:08:00Z</time>
      </trkpt>
      <trkpt lat="67.8232" lon="17.64228">
        <time>2020-04-07T11:18:00Z</time>
      </trkpt>
      <trkpt lat="67.83011" lon="17.64421">
        <time>2020-04-07T11:28:00Z</time>
      </trkpt>
      <trkpt lat="67.83432" lon="17.64726">
        <time>2020-04-07T11:38:00Z</time>
      </trkpt>
      <trkpt lat="67.84166" lon="17.6416">
        <time>2020-04-07T11:48:00Z</time>
      </trkpt>
      <trkpt lat="67.84753" lon="17.63735">
        <time>2020-04-07T11:57:00Z</time>
      </trkpt>
      <trkpt lat="67.85046" lon="17.63057">
        <time>2020-04-07T12:07:00Z</time>
      </trkpt>
      <trkpt lat="67.85509" lon="17.61802">
        <time>2020-04-07T12:17:00Z</time>
      </trkpt>
      <trkpt lat="67.85741" lon="17.62168">
        <time>2020-04-07T12:27:00Z</time>
      </trkpt>
      <trkpt lat="67.85796" lon="17.62606">
        <time>2020-04-07T12:37:00Z</time>
      </trkpt>
      <trkpt lat="67.85793" lon="17.62613">
        <time>2020-04-07T12:47:00Z</time>
      </trkpt>
      <trkpt lat="67.85789" lon="17.62606">
        <time>2020-04-07T13:28:00Z</time>
      </trkpt>
      <trkpt lat="67.86054" lon="17.63479">
        <time>2020-04-07T13:38:00Z</time>
      </trkpt>
      <trkpt lat="67.86305" lon="17.63988">
        <time>2020-04-07T13:48:00Z</time>
      </trkpt>
      <trkpt lat="67.86644" lon="17.64194">
        <time>2020-04-07T13:58:00Z</time>
      </trkpt>
      <trkpt lat="67.87151" lon="17.64527">
        <time>2020-04-07T14:08:00Z</time>
      </trkpt>
      <trkpt lat="67.87676" lon="17.64773">
        <time>2020-04-07T14:18:00Z</time>
      </trkpt>
      <trkpt lat="67.8813" lon="17.65347">
        <time>2020-04-07T14:28:00Z</time>
      </trkpt>
      <trkpt lat="67.88254" lon="17.65905">
        <time>2020-04-07T14:38:00Z</time>
      </trkpt>
      <trkpt lat="67.88391" lon="17.67072">
        <time>2020-04-07T14:48:00Z</time>
      </trkpt>
      <trkpt lat="67.88475" lon="17.67964">
        <time>2020-04-07T14:57:00Z</time>
      </trkpt>
      <trkpt lat="67.88534" lon="17.69101">
        <time>2020-04-07T15:07:00Z</time>
      </trkpt>
      <trkpt lat="67.88415" lon="17.70822">
        <time>2020-04-07T15:17:00Z</time>
      </trkpt>
      <trkpt lat="67.88355" lon="17.71532">
        <time>2020-04-07T15:27:00Z</time>
      </trkpt>
      <trkpt lat="67.88222" lon="17.73004">
        <time>2020-04-07T15:37:00Z</time>
      </trkpt>
      <trkpt lat="67.88149" lon="17.74575">
        <time>2020-04-07T15:48:00Z</time>
      </trkpt>
      <trkpt lat="67.88162" lon="17.76043">
        <time>2020-04-07T15:57:00Z</time>
      </trkpt>
      <trkpt lat="67.88292" lon="17.77513">
        <time>2020-04-07T16:07:00Z</time>
      </trkpt>
      <trkpt lat="67.88402" lon="17.78822">
        <time>2020-04-07T16:17:00Z</time>
      </trkpt>
      <trkpt lat="67.88511" lon="17.80169">
        <time>2020-04-07T16:27:00Z</time>
      </trkpt>
      <trkpt lat="67.886" lon="17.8121">
        <time>2020-04-07T16:37:00Z</time>
      </trkpt>
      <trkpt lat="67.88659" lon="17.81682">
        <time>2020-04-07T16:47:00Z</time>
      </trkpt>
      <trkpt lat="67.88693" lon="17.81888">
        <time>2020-04-07T16:57:00Z</time>
      </trkpt>
      <trkpt lat="67.88853" lon="17.8274">
        <time>2020-04-07T17:06:00Z</time>
      </trkpt>
      <trkpt lat="67.89085" lon="17.83976">
        <time>2020-04-07T17:16:00Z</time>
      </trkpt>
      <trkpt lat="67.89248" lon="17.84991">
        <time>2020-04-07T17:26:00Z</time>
      </trkpt>
      <trkpt lat="67.89521" lon="17.86772">
        <time>2020-04-07T17:37:00Z</time>
      </trkpt>
      <trkpt lat="67.8977" lon="17.88454">
        <time>2020-04-07T17:47:00Z</time>
      </trkpt>
      <trkpt lat="67.89767" lon="17.88452">
        <time>2020-04-07T17:48:00Z</time>
      </trkpt>
      <trkpt lat="67.89771" lon="17.8845">
        <time>2020-04-08T09:02:00Z</time>
      </trkpt>
      <trkpt lat="67.90063" lon="17.90106">
        <time>2020-04-08T09:21:00Z</time>
      </trkpt>
      <trkpt lat="67.90199" lon="17.91273">
        <time>2020-04-08T09:31:00Z</time>
      </trkpt>
      <trkpt lat="67.90278" lon="17.92514">
        <time>2020-04-08T09:41:00Z</time>
      </trkpt>
      <trkpt lat="67.90492" lon="17.93501">
        <time>2020-04-08T09:51:00Z</time>
      </trkpt>
      <trkpt lat="67.90698" lon="17.94765">
        <time>2020-04-08T10:02:00Z</time>
      </trkpt>
      <trkpt lat="67.90694" lon="17.9643">
        <time>2020-04-08T10:11:00Z</time>
      </trkpt>
      <trkpt lat="67.90938" lon="17.97809">
        <time>2020-04-08T10:21:00Z</time>
      </trkpt>
      <trkpt lat="67.90998" lon="17.98453">
        <time>2020-04-08T10:31:00Z</time>
      </trkpt>
      <trkpt lat="67.90996" lon="17.9982">
        <time>2020-04-08T10:41:00Z</time>
      </trkpt>
      <trkpt lat="67.91051" lon="18.00436">
        <time>2020-04-08T10:51:00Z</time>
      </trkpt>
      <trkpt lat="67.90649" lon="18.05058">
        <time>2020-04-08T11:30:00Z</time>
      </trkpt>
      <trkpt lat="67.90562" lon="18.0997">
        <time>2020-04-08T12:10:00Z</time>
      </trkpt>
      <trkpt lat="67.90552" lon="18.09976">
        <time>2020-04-08T12:20:00Z</time>
      </trkpt>
      <trkpt lat="67.90591" lon="18.0995">
        <time>2020-04-08T12:30:00Z</time>
      </trkpt>
      <trkpt lat="67.90582" lon="18.09944">
        <time>2020-04-08T12:40:00Z</time>
      </trkpt>
      <trkpt lat="67.90582" lon="18.0995">
        <time>2020-04-08T12:50:00Z</time>
      </trkpt>
      <trkpt lat="67.90582" lon="18.09953">
        <time>2020-04-08T13:01:00Z</time>
      </trkpt>
      <trkpt lat="67.90584" lon="18.09959">
        <time>2020-04-08T13:10:00Z</time>
      </trkpt>
      <trkpt lat="67.90588" lon="18.09946">
        <time>2020-04-08T13:20:00Z</time>
      </trkpt>
      <trkpt lat="67.90586" lon="18.0995">
        <time>2020-04-08T13:30:00Z</time>
      </trkpt>
      <trkpt lat="67.90588" lon="18.09959">
        <time>2020-04-08T13:40:00Z</time>
      </trkpt>
      <trkpt lat="67.90589" lon="18.09946">
        <time>2020-04-08T13:40:00Z</time>
      </trkpt>
      <trkpt lat="67.90588" lon="18.09948">
        <time>2020-04-08T13:50:00Z</time>
      </trkpt>
      <trkpt lat="67.90591" lon="18.09942">
        <time>2020-04-09T10:09:00Z</time>
      </trkpt>
      <trkpt lat="67.90591" lon="18.09942">
        <time>2020-04-09T10:09:00Z</time>
      </trkpt>
      <trkpt lat="67.90776" lon="18.10384">
        <time>2020-04-09T10:18:00Z</time>
      </trkpt>
      <trkpt lat="67.91245" lon="18.11491">
        <time>2020-04-09T10:28:00Z</time>
      </trkpt>
      <trkpt lat="67.91334" lon="18.12615">
        <time>2020-04-09T10:38:00Z</time>
      </trkpt>
      <trkpt lat="67.91" lon="18.14349">
        <time>2020-04-09T10:48:00Z</time>
      </trkpt>
      <trkpt lat="67.90746" lon="18.15755">
        <time>2020-04-09T10:58:00Z</time>
      </trkpt>
      <trkpt lat="67.9057" lon="18.17197">
        <time>2020-04-09T11:08:00Z</time>
      </trkpt>
      <trkpt lat="67.90604" lon="18.18493">
        <time>2020-04-09T11:18:00Z</time>
      </trkpt>
      <trkpt lat="67.90655" lon="18.20559">
        <time>2020-04-09T11:28:00Z</time>
      </trkpt>
      <trkpt lat="67.90698" lon="18.21977">
        <time>2020-04-09T11:38:00Z</time>
      </trkpt>
      <trkpt lat="67.90706" lon="18.23735">
        <time>2020-04-09T11:48:00Z</time>
      </trkpt>
      <trkpt lat="67.9077" lon="18.25417">
        <time>2020-04-09T11:58:00Z</time>
      </trkpt>
      <trkpt lat="67.90794" lon="18.25398">
        <time>2020-04-09T12:08:00Z</time>
      </trkpt>
      <trkpt lat="67.9081" lon="18.25389">
        <time>2020-04-09T12:18:00Z</time>
      </trkpt>
      <trkpt lat="67.90781" lon="18.25542">
        <time>2020-04-09T12:27:00Z</time>
      </trkpt>
      <trkpt lat="67.90716" lon="18.26563">
        <time>2020-04-09T12:37:00Z</time>
      </trkpt>
      <trkpt lat="67.90787" lon="18.28271">
        <time>2020-04-09T12:47:00Z</time>
      </trkpt>
      <trkpt lat="67.90894" lon="18.28516">
        <time>2020-04-09T12:57:00Z</time>
      </trkpt>
      <trkpt lat="67.91433" lon="18.28968">
        <time>2020-04-09T13:08:00Z</time>
      </trkpt>
      <trkpt lat="67.91741" lon="18.29284">
        <time>2020-04-09T13:17:00Z</time>
      </trkpt>
      <trkpt lat="67.92076" lon="18.2858">
        <time>2020-04-09T13:27:00Z</time>
      </trkpt>
      <trkpt lat="67.92547" lon="18.28314">
        <time>2020-04-09T13:37:00Z</time>
      </trkpt>
      <trkpt lat="67.92805" lon="18.28406">
        <time>2020-04-09T13:47:00Z</time>
      </trkpt>
      <trkpt lat="67.93183" lon="18.28758">
        <time>2020-04-09T13:57:00Z</time>
      </trkpt>
      <trkpt lat="67.93489" lon="18.28895">
        <time>2020-04-09T14:07:00Z</time>
      </trkpt>
      <trkpt lat="67.93922" lon="18.28801">
        <time>2020-04-09T14:17:00Z</time>
      </trkpt>
      <trkpt lat="67.9441" lon="18.28473">
        <time>2020-04-09T14:27:00Z</time>
      </trkpt>
      <trkpt lat="67.94615" lon="18.28282">
        <time>2020-04-09T14:37:00Z</time>
      </trkpt>
      <trkpt lat="67.94613" lon="18.28284">
        <time>2020-04-09T14:54:00Z</time>
      </trkpt>
      <trkpt lat="67.952" lon="18.28026">
        <time>2020-04-10T09:33:00Z</time>
      </trkpt>
      <trkpt lat="67.94615" lon="18.28279">
        <time>2020-04-10T09:33:00Z</time>
      </trkpt>
      <trkpt lat="67.95618" lon="18.27786">
        <time>2020-04-10T09:42:00Z</time>
      </trkpt>
      <trkpt lat="67.96674" lon="18.27097">
        <time>2020-04-10T10:02:00Z</time>
      </trkpt>
      <trkpt lat="67.96782" lon="18.27018">
        <time>2020-04-10T10:12:00Z</time>
      </trkpt>
      <trkpt lat="67.97351" lon="18.26563">
        <time>2020-04-10T10:23:00Z</time>
      </trkpt>
      <trkpt lat="67.9786" lon="18.26269">
        <time>2020-04-10T10:42:00Z</time>
      </trkpt>
      <trkpt lat="67.98117" lon="18.26106">
        <time>2020-04-10T10:52:00Z</time>
      </trkpt>
      <trkpt lat="67.98486" lon="18.26106">
        <time>2020-04-10T11:02:00Z</time>
      </trkpt>
      <trkpt lat="68.00229" lon="18.24747">
        <time>2020-04-10T11:42:00Z</time>
      </trkpt>
      <trkpt lat="68.00545" lon="18.24488">
        <time>2020-04-10T11:52:00Z</time>
      </trkpt>
      <trkpt lat="68.00699" lon="18.24368">
        <time>2020-04-10T12:02:00Z</time>
      </trkpt>
      <trkpt lat="68.00699" lon="18.24368">
        <time>2020-04-10T12:12:00Z</time>
      </trkpt>
      <trkpt lat="68.00706" lon="18.24372">
        <time>2020-04-10T12:22:00Z</time>
      </trkpt>
      <trkpt lat="68.00695" lon="18.24372">
        <time>2020-04-10T12:31:00Z</time>
      </trkpt>
      <trkpt lat="68.00704" lon="18.24364">
        <time>2020-04-10T12:49:00Z</time>
      </trkpt>
      <trkpt lat="68.00754" lon="18.24415">
        <time>2020-04-10T12:59:00Z</time>
      </trkpt>
      <trkpt lat="68.0116" lon="18.24046">
        <time>2020-04-10T13:19:00Z</time>
      </trkpt>
      <trkpt lat="68.01297" lon="18.23952">
        <time>2020-04-10T13:29:00Z</time>
      </trkpt>
      <trkpt lat="68.01412" lon="18.23926">
        <time>2020-04-10T13:39:00Z</time>
      </trkpt>
      <trkpt lat="68.01546" lon="18.24029">
        <time>2020-04-10T13:49:00Z</time>
      </trkpt>
      <trkpt lat="68.0154" lon="18.24299">
        <time>2020-04-10T13:59:00Z</time>
      </trkpt>
      <trkpt lat="68.01673" lon="18.24316">
        <time>2020-04-10T14:09:00Z</time>
      </trkpt>
      <trkpt lat="68.01832" lon="18.24428">
        <time>2020-04-10T14:19:00Z</time>
      </trkpt>
      <trkpt lat="68.01891" lon="18.2449">
        <time>2020-04-10T14:29:00Z</time>
      </trkpt>
      <trkpt lat="68.01967" lon="18.24722">
        <time>2020-04-10T14:59:00Z</time>
      </trkpt>
      <trkpt lat="68.01963" lon="18.24726">
        <time>2020-04-10T15:14:00Z</time>
      </trkpt>
      <trkpt lat="68.0204" lon="18.24889">
        <time>2020-04-10T15:24:00Z</time>
      </trkpt>
      <trkpt lat="68.02459" lon="18.24947">
        <time>2020-04-10T15:34:00Z</time>
      </trkpt>
      <trkpt lat="68.02811" lon="18.24825">
        <time>2020-04-10T15:44:00Z</time>
      </trkpt>
      <trkpt lat="68.03107" lon="18.24666">
        <time>2020-04-10T15:53:00Z</time>
      </trkpt>
      <trkpt lat="68.03509" lon="18.24316">
        <time>2020-04-10T16:03:00Z</time>
      </trkpt>
      <trkpt lat="68.03916" lon="18.23969">
        <time>2020-04-10T16:14:00Z</time>
      </trkpt>
      <trkpt lat="68.0434" lon="18.23866">
        <time>2020-04-10T16:24:00Z</time>
      </trkpt>
      <trkpt lat="68.048" lon="18.24003">
        <time>2020-04-10T16:34:00Z</time>
      </trkpt>
      <trkpt lat="68.05183" lon="18.24121">
        <time>2020-04-10T16:43:00Z</time>
      </trkpt>
      <trkpt lat="68.0518" lon="18.24183">
        <time>2020-04-10T16:49:00Z</time>
      </trkpt>
      <trkpt lat="68.0522" lon="18.24226">
        <time>2020-04-11T09:08:00Z</time>
      </trkpt>
      <trkpt lat="68.0522" lon="18.24226">
        <time>2020-04-11T09:09:00Z</time>
      </trkpt>
      <trkpt lat="68.06477" lon="18.25821">
        <time>2020-04-11T09:35:00Z</time>
      </trkpt>
      <trkpt lat="68.06929" lon="18.26522">
        <time>2020-04-11T09:45:00Z</time>
      </trkpt>
      <trkpt lat="68.07438" lon="18.27078">
        <time>2020-04-11T09:56:00Z</time>
      </trkpt>
      <trkpt lat="68.07941" lon="18.27627">
        <time>2020-04-11T10:06:00Z</time>
      </trkpt>
      <trkpt lat="68.08452" lon="18.28176">
        <time>2020-04-11T10:16:00Z</time>
      </trkpt>
      <trkpt lat="68.08817" lon="18.28524">
        <time>2020-04-11T10:25:00Z</time>
      </trkpt>
      <trkpt lat="68.09229" lon="18.29168">
        <time>2020-04-11T10:35:00Z</time>
      </trkpt>
      <trkpt lat="68.09515" lon="18.30017">
        <time>2020-04-11T10:45:00Z</time>
      </trkpt>
      <trkpt lat="68.0972" lon="18.30687">
        <time>2020-04-11T10:55:00Z</time>
      </trkpt>
      <trkpt lat="68.10119" lon="18.31562">
        <time>2020-04-11T11:05:00Z</time>
      </trkpt>
      <trkpt lat="68.10339" lon="18.32144">
        <time>2020-04-11T11:15:00Z</time>
      </trkpt>
      <trkpt lat="68.10505" lon="18.32674">
        <time>2020-04-11T11:25:00Z</time>
      </trkpt>
      <trkpt lat="68.10845" lon="18.34187">
        <time>2020-04-11T11:35:00Z</time>
      </trkpt>
      <trkpt lat="68.11105" lon="18.35642">
        <time>2020-04-11T11:45:00Z</time>
      </trkpt>
      <trkpt lat="68.11459" lon="18.36672">
        <time>2020-04-11T11:55:00Z</time>
      </trkpt>
      <trkpt lat="68.11884" lon="18.38071">
        <time>2020-04-11T12:05:00Z</time>
      </trkpt>
      <trkpt lat="68.12321" lon="18.39418">
        <time>2020-04-11T12:14:00Z</time>
      </trkpt>
      <trkpt lat="68.12772" lon="18.40302">
        <time>2020-04-11T12:24:00Z</time>
      </trkpt>
      <trkpt lat="68.13612" lon="18.41395">
        <time>2020-04-11T12:44:00Z</time>
      </trkpt>
      <trkpt lat="68.13651" lon="18.41455">
        <time>2020-04-11T12:54:00Z</time>
      </trkpt>
      <trkpt lat="68.13651" lon="18.41455">
        <time>2020-04-11T13:04:00Z</time>
      </trkpt>
      <trkpt lat="68.13651" lon="18.41457">
        <time>2020-04-11T13:14:00Z</time>
      </trkpt>
      <trkpt lat="68.13658" lon="18.41459">
        <time>2020-04-11T13:24:00Z</time>
      </trkpt>
      <trkpt lat="68.13651" lon="18.41457">
        <time>2020-04-11T13:34:00Z</time>
      </trkpt>
      <trkpt lat="68.1365" lon="18.41459">
        <time>2020-04-11T13:44:00Z</time>
      </trkpt>
      <trkpt lat="68.14378" lon="18.42534">
        <time>2020-04-11T14:04:00Z</time>
      </trkpt>
      <trkpt lat="68.14793" lon="18.43105">
        <time>2020-04-11T14:14:00Z</time>
      </trkpt>
      <trkpt lat="68.15197" lon="18.43727">
        <time>2020-04-11T14:24:00Z</time>
      </trkpt>
      <trkpt lat="68.1561" lon="18.44296">
        <time>2020-04-11T14:34:00Z</time>
      </trkpt>
      <trkpt lat="68.15958" lon="18.44755">
        <time>2020-04-11T14:44:00Z</time>
      </trkpt>
      <trkpt lat="68.1634" lon="18.45244">
        <time>2020-04-11T14:53:00Z</time>
      </trkpt>
      <trkpt lat="68.16795" lon="18.45802">
        <time>2020-04-11T15:03:00Z</time>
      </trkpt>
      <trkpt lat="68.17376" lon="18.46617">
        <time>2020-04-11T15:14:00Z</time>
      </trkpt>
      <trkpt lat="68.1787" lon="18.47688">
        <time>2020-04-11T15:23:00Z</time>
      </trkpt>
      <trkpt lat="68.17989" lon="18.47885">
        <time>2020-04-11T16:01:00Z</time>
      </trkpt>
      <trkpt lat="68.18437" lon="18.49078">
        <time>2020-04-11T16:11:00Z</time>
      </trkpt>
      <trkpt lat="68.1881" lon="18.50214">
        <time>2020-04-11T16:21:00Z</time>
      </trkpt>
      <trkpt lat="68.19258" lon="18.51417">
        <time>2020-04-11T16:30:00Z</time>
      </trkpt>
      <trkpt lat="68.19764" lon="18.52589">
        <time>2020-04-11T16:40:00Z</time>
      </trkpt>
      <trkpt lat="68.20222" lon="18.53452">
        <time>2020-04-11T16:50:00Z</time>
      </trkpt>
      <trkpt lat="68.20583" lon="18.5423">
        <time>2020-04-11T17:00:00Z</time>
      </trkpt>
      <trkpt lat="68.20874" lon="18.55136">
        <time>2020-04-11T17:10:00Z</time>
      </trkpt>
      <trkpt lat="68.21313" lon="18.55874">
        <time>2020-04-11T17:20:00Z</time>
      </trkpt>
      <trkpt lat="68.21729" lon="18.56423">
        <time>2020-04-11T17:30:00Z</time>
      </trkpt>
      <trkpt lat="68.2205" lon="18.5685">
        <time>2020-04-11T17:40:00Z</time>
      </trkpt>
      <trkpt lat="68.2223" lon="18.57275">
        <time>2020-04-11T17:49:00Z</time>
      </trkpt>
      <trkpt lat="68.22226" lon="18.57267">
        <time>2020-04-12T09:03:00Z</time>
      </trkpt>
      <trkpt lat="68.22226" lon="18.57267">
        <time>2020-04-12T09:03:00Z</time>
      </trkpt>
      <trkpt lat="68.22459" lon="18.5764">
        <time>2020-04-12T09:12:00Z</time>
      </trkpt>
      <trkpt lat="68.22754" lon="18.5829">
        <time>2020-04-12T09:22:00Z</time>
      </trkpt>
      <trkpt lat="68.23036" lon="18.5905">
        <time>2020-04-12T09:32:00Z</time>
      </trkpt>
      <trkpt lat="68.2354" lon="18.60206">
        <time>2020-04-12T09:42:00Z</time>
      </trkpt>
      <trkpt lat="68.25185" lon="18.59889">
        <time>2020-04-12T10:11:00Z</time>
      </trkpt>
      <trkpt lat="68.25409" lon="18.59468">
        <time>2020-04-12T10:21:00Z</time>
      </trkpt>
      <trkpt lat="68.26006" lon="18.57597">
        <time>2020-04-12T10:31:00Z</time>
      </trkpt>
      <trkpt lat="68.26629" lon="18.56949">
        <time>2020-04-12T10:42:00Z</time>
      </trkpt>
      <trkpt lat="68.27148" lon="18.57043">
        <time>2020-04-12T10:52:00Z</time>
      </trkpt>
      <trkpt lat="68.2771" lon="18.57172">
        <time>2020-04-12T11:02:00Z</time>
      </trkpt>
      <trkpt lat="68.28188" lon="18.58104">
        <time>2020-04-12T11:11:00Z</time>
      </trkpt>
      <trkpt lat="68.2861" lon="18.59138">
        <time>2020-04-12T11:21:00Z</time>
      </trkpt>
      <trkpt lat="68.2861" lon="18.59138">
        <time>2020-04-12T11:31:00Z</time>
      </trkpt>
      <trkpt lat="68.28607" lon="18.59138">
        <time>2020-04-12T11:41:00Z</time>
      </trkpt>
      <trkpt lat="68.28613" lon="18.59134">
        <time>2020-04-12T12:14:00Z</time>
      </trkpt>
      <trkpt lat="68.286" lon="18.59151">
        <time>2020-04-12T12:24:00Z</time>
      </trkpt>
      <trkpt lat="68.28703" lon="18.60067">
        <time>2020-04-12T12:34:00Z</time>
      </trkpt>
      <trkpt lat="68.29109" lon="18.61526">
        <time>2020-04-12T12:44:00Z</time>
      </trkpt>
      <trkpt lat="68.29487" lon="18.62747">
        <time>2020-04-12T12:54:00Z</time>
      </trkpt>
      <trkpt lat="68.29899" lon="18.64026">
        <time>2020-04-12T13:04:00Z</time>
      </trkpt>
      <trkpt lat="68.3035" lon="18.65331">
        <time>2020-04-12T13:14:00Z</time>
      </trkpt>
      <trkpt lat="68.30503" lon="18.65886">
        <time>2020-04-12T13:23:00Z</time>
      </trkpt>
      <trkpt lat="68.30878" lon="18.67264">
        <time>2020-04-12T13:33:00Z</time>
      </trkpt>
      <trkpt lat="68.31204" lon="18.68809">
        <time>2020-04-12T13:43:00Z</time>
      </trkpt>
      <trkpt lat="68.31281" lon="18.70448">
        <time>2020-04-12T13:53:00Z</time>
      </trkpt>
      <trkpt lat="68.31363" lon="18.71907">
        <time>2020-04-12T14:03:00Z</time>
      </trkpt>
      <trkpt lat="68.31576" lon="18.7316">
        <time>2020-04-12T14:13:00Z</time>
      </trkpt>
      <trkpt lat="68.31576" lon="18.7316">
        <time>2020-04-12T14:23:00Z</time>
      </trkpt>
      <trkpt lat="68.31613" lon="18.73364">
        <time>2020-04-12T14:33:00Z</time>
      </trkpt>
      <trkpt lat="68.32004" lon="18.74471">
        <time>2020-04-12T14:43:00Z</time>
      </trkpt>
      <trkpt lat="68.32131" lon="18.75984">
        <time>2020-04-12T14:53:00Z</time>
      </trkpt>
      <trkpt lat="68.32726" lon="18.76021">
        <time>2020-04-12T15:03:00Z</time>
      </trkpt>
      <trkpt lat="68.33257" lon="18.76156">
        <time>2020-04-12T15:12:00Z</time>
      </trkpt>
      <trkpt lat="68.33866" lon="18.76019">
        <time>2020-04-12T15:22:00Z</time>
      </trkpt>
      <trkpt lat="68.33942" lon="18.76351">
        <time>2020-04-12T15:32:00Z</time>
      </trkpt>
      <trkpt lat="68.3434" lon="18.76392">
        <time>2020-04-12T15:42:00Z</time>
      </trkpt>
      <trkpt lat="68.34923" lon="18.76667">
        <time>2020-04-12T15:52:00Z</time>
      </trkpt>
      <trkpt lat="68.35559" lon="18.76624">
        <time>2020-04-12T16:02:00Z</time>
      </trkpt>
      <trkpt lat="68.35669" lon="18.77497">
        <time>2020-04-12T16:12:00Z</time>
      </trkpt>
      <trkpt lat="68.35835" lon="18.78063">
        <time>2020-04-12T16:22:00Z</time>
      </trkpt>
      <trkpt lat="68.35831" lon="18.78362">
        <time>2020-04-12T16:37:00Z</time>
      </trkpt>
      <trkpt lat="68.35844" lon="18.78596">
        <time>2020-04-14T11:49:00Z</time>
      </trkpt>
      <trkpt lat="68.35844" lon="18.7851">
        <time>2020-04-14T11:58:00Z</time>
      </trkpt>
      <trkpt lat="68.35844" lon="18.78596">
        <time>2020-04-14T12:05:00Z</time>
      </trkpt>
      <trkpt lat="68.35857" lon="18.78499">
        <time>2020-04-14T12:09:00Z</time>
      </trkpt>
      <trkpt lat="68.35857" lon="18.78493">
        <time>2020-04-14T12:18:00Z</time>
      </trkpt>
      <trkpt lat="68.36254" lon="18.79002">
        <time>2020-04-14T12:28:00Z</time>
      </trkpt>
      <trkpt lat="68.36211" lon="18.80375">
        <time>2020-04-14T12:38:00Z</time>
      </trkpt>
      <trkpt lat="68.36749" lon="18.81846">
        <time>2020-04-14T12:49:00Z</time>
      </trkpt>
      <trkpt lat="68.37106" lon="18.82833">
        <time>2020-04-14T12:58:00Z</time>
      </trkpt>
      <trkpt lat="68.37106" lon="18.82833">
        <time>2020-04-14T13:08:00Z</time>
      </trkpt>
      <trkpt lat="68.37102" lon="18.82845">
        <time>2020-04-14T13:18:00Z</time>
      </trkpt>
      <trkpt lat="68.37102" lon="18.83516">
        <time>2020-04-14T13:28:00Z</time>
      </trkpt>
      <trkpt lat="68.37106" lon="18.84295">
        <time>2020-04-14T13:38:00Z</time>
      </trkpt>
      <trkpt lat="68.37135" lon="18.88061">
        <time>2020-04-14T13:58:00Z</time>
      </trkpt>
      <trkpt lat="68.3713" lon="18.89796">
        <time>2020-04-14T14:08:00Z</time>
      </trkpt>
      <trkpt lat="68.37121" lon="18.91178">
        <time>2020-04-14T14:18:00Z</time>
      </trkpt>
      <trkpt lat="68.37126" lon="18.93071">
        <time>2020-04-14T14:28:00Z</time>
      </trkpt>
      <trkpt lat="68.37121" lon="18.94015">
        <time>2020-04-14T14:38:00Z</time>
      </trkpt>
      <trkpt lat="68.37116" lon="18.9556">
        <time>2020-04-14T14:48:00Z</time>
      </trkpt>
      <trkpt lat="68.37125" lon="18.97225">
        <time>2020-04-14T14:57:00Z</time>
      </trkpt>
      <trkpt lat="68.37129" lon="18.97412">
        <time>2020-04-14T15:07:00Z</time>
      </trkpt>
      <trkpt lat="68.37129" lon="18.97405">
        <time>2020-04-14T15:17:00Z</time>
      </trkpt>
      <trkpt lat="68.37123" lon="18.98746">
        <time>2020-04-14T15:27:00Z</time>
      </trkpt>
      <trkpt lat="68.37132" lon="18.99888">
        <time>2020-04-14T15:37:00Z</time>
      </trkpt>
      <trkpt lat="68.37128" lon="19.01115">
        <time>2020-04-14T15:47:00Z</time>
      </trkpt>
      <trkpt lat="68.37103" lon="19.02568">
        <time>2020-04-14T15:57:00Z</time>
      </trkpt>
      <trkpt lat="68.37083" lon="19.03547">
        <time>2020-04-14T16:07:00Z</time>
      </trkpt>
      <trkpt lat="68.37061" lon="19.04978">
        <time>2020-04-14T16:17:00Z</time>
      </trkpt>
      <trkpt lat="68.37009" lon="19.06493">
        <time>2020-04-14T16:27:00Z</time>
      </trkpt>
      <trkpt lat="68.37014" lon="19.07857">
        <time>2020-04-14T16:37:00Z</time>
      </trkpt>
      <trkpt lat="68.36954" lon="19.09415">
        <time>2020-04-14T16:47:00Z</time>
      </trkpt>
      <trkpt lat="68.36958" lon="19.10578">
        <time>2020-04-14T16:57:00Z</time>
      </trkpt>
      <trkpt lat="68.37018" lon="19.11874">
        <time>2020-04-14T17:07:00Z</time>
      </trkpt>
      <trkpt lat="68.37061" lon="19.13243">
        <time>2020-04-14T17:17:00Z</time>
      </trkpt>
      <trkpt lat="68.37103" lon="19.13973">
        <time>2020-04-14T17:26:00Z</time>
      </trkpt>
      <trkpt lat="68.37175" lon="19.14546">
        <time>2020-04-14T17:36:00Z</time>
      </trkpt>
      <trkpt lat="68.37524" lon="19.15683">
        <time>2020-04-14T17:47:00Z</time>
      </trkpt>
      <trkpt lat="68.37799" lon="19.16672">
        <time>2020-04-14T17:57:00Z</time>
      </trkpt>
      <trkpt lat="68.37864" lon="19.17009">
        <time>2020-04-14T18:10:00Z</time>
      </trkpt>
      <trkpt lat="68.37882" lon="19.16951">
        <time>2020-04-15T09:14:00Z</time>
      </trkpt>
      <trkpt lat="68.37351" lon="19.1782">
        <time>2020-04-15T09:18:00Z</time>
      </trkpt>
      <trkpt lat="68.36793" lon="19.19078">
        <time>2020-04-15T09:28:00Z</time>
      </trkpt>
      <trkpt lat="68.36175" lon="19.20296">
        <time>2020-04-15T09:38:00Z</time>
      </trkpt>
      <trkpt lat="68.35527" lon="19.21472">
        <time>2020-04-15T09:48:00Z</time>
      </trkpt>
      <trkpt lat="68.35035" lon="19.22459">
        <time>2020-04-15T09:58:00Z</time>
      </trkpt>
      <trkpt lat="68.34751" lon="19.2408">
        <time>2020-04-15T10:08:00Z</time>
      </trkpt>
      <trkpt lat="68.34538" lon="19.25682">
        <time>2020-04-15T10:18:00Z</time>
      </trkpt>
      <trkpt lat="68.34413" lon="19.26648">
        <time>2020-04-15T10:28:00Z</time>
      </trkpt>
      <trkpt lat="68.34207" lon="19.28079">
        <time>2020-04-15T10:38:00Z</time>
      </trkpt>
      <trkpt lat="68.34014" lon="19.29244">
        <time>2020-04-15T10:48:00Z</time>
      </trkpt>
      <trkpt lat="68.33905" lon="19.29914">
        <time>2020-04-15T10:58:00Z</time>
      </trkpt>
      <trkpt lat="68.33638" lon="19.31575">
        <time>2020-04-15T11:08:00Z</time>
      </trkpt>
      <trkpt lat="68.33423" lon="19.32847">
        <time>2020-04-15T11:18:00Z</time>
      </trkpt>
      <trkpt lat="68.33215" lon="19.34285">
        <time>2020-04-15T11:28:00Z</time>
      </trkpt>
      <trkpt lat="68.3298" lon="19.35825">
        <time>2020-04-15T11:38:00Z</time>
      </trkpt>
      <trkpt lat="68.32805" lon="19.36939">
        <time>2020-04-15T11:47:00Z</time>
      </trkpt>
      <trkpt lat="68.32599" lon="19.38149">
        <time>2020-04-15T11:57:00Z</time>
      </trkpt>
      <trkpt lat="68.32599" lon="19.38149">
        <time>2020-04-15T12:07:00Z</time>
      </trkpt>
      <trkpt lat="68.32599" lon="19.38158">
        <time>2020-04-15T12:17:00Z</time>
      </trkpt>
      <trkpt lat="68.32566" lon="19.38317">
        <time>2020-04-15T13:01:00Z</time>
      </trkpt>
      <trkpt lat="68.32326" lon="19.39662">
        <time>2020-04-15T13:11:00Z</time>
      </trkpt>
      <trkpt lat="68.32096" lon="19.41016">
        <time>2020-04-15T13:21:00Z</time>
      </trkpt>
      <trkpt lat="68.31994" lon="19.41612">
        <time>2020-04-15T13:31:00Z</time>
      </trkpt>
      <trkpt lat="68.31739" lon="19.43179">
        <time>2020-04-15T13:41:00Z</time>
      </trkpt>
      <trkpt lat="68.315" lon="19.44694">
        <time>2020-04-15T13:51:00Z</time>
      </trkpt>
      <trkpt lat="68.31285" lon="19.46222">
        <time>2020-04-15T14:01:00Z</time>
      </trkpt>
      <trkpt lat="68.31155" lon="19.47342">
        <time>2020-04-15T14:11:00Z</time>
      </trkpt>
      <trkpt lat="68.30919" lon="19.49084">
        <time>2020-04-15T14:21:00Z</time>
      </trkpt>
      <trkpt lat="68.30717" lon="19.50904">
        <time>2020-04-15T14:31:00Z</time>
      </trkpt>
      <trkpt lat="68.30525" lon="19.52547">
        <time>2020-04-15T14:41:00Z</time>
      </trkpt>
      <trkpt lat="68.30186" lon="19.55054">
        <time>2020-04-15T15:01:00Z</time>
      </trkpt>
      <trkpt lat="68.30103" lon="19.5559">
        <time>2020-04-15T15:10:00Z</time>
      </trkpt>
      <trkpt lat="68.30095" lon="19.55669">
        <time>2020-04-15T15:47:00Z</time>
      </trkpt>
      <trkpt lat="68.3009" lon="19.58285">
        <time>2020-04-15T16:07:00Z</time>
      </trkpt>
      <trkpt lat="68.30094" lon="19.59564">
        <time>2020-04-15T16:17:00Z</time>
      </trkpt>
      <trkpt lat="68.30128" lon="19.60791">
        <time>2020-04-15T16:27:00Z</time>
      </trkpt>
      <trkpt lat="68.30177" lon="19.62411">
        <time>2020-04-15T16:37:00Z</time>
      </trkpt>
      <trkpt lat="68.30195" lon="19.6404">
        <time>2020-04-15T16:47:00Z</time>
      </trkpt>
      <trkpt lat="68.30195" lon="19.64641">
        <time>2020-04-15T16:57:00Z</time>
      </trkpt>
      <trkpt lat="68.30219" lon="19.66055">
        <time>2020-04-15T17:07:00Z</time>
      </trkpt>
      <trkpt lat="68.30247" lon="19.67529">
        <time>2020-04-15T17:16:00Z</time>
      </trkpt>
      <trkpt lat="68.30282" lon="19.69033">
        <time>2020-04-15T17:26:00Z</time>
      </trkpt>
      <trkpt lat="68.30338" lon="19.70458">
        <time>2020-04-15T17:36:00Z</time>
      </trkpt>
      <trkpt lat="68.30376" lon="19.7152">
        <time>2020-04-15T17:46:00Z</time>
      </trkpt>
      <trkpt lat="68.30415" lon="19.72376">
        <time>2020-04-15T17:56:00Z</time>
      </trkpt>
      <trkpt lat="68.30473" lon="19.73509">
        <time>2020-04-15T18:06:00Z</time>
      </trkpt>
      <trkpt lat="68.3057" lon="19.73949">
        <time>2020-04-15T18:16:00Z</time>
      </trkpt>
      <trkpt lat="68.30568" lon="19.73956">
        <time>2020-04-16T10:01:00Z</time>
      </trkpt>
      <trkpt lat="68.30568" lon="19.73956">
        <time>2020-04-16T10:02:00Z</time>
      </trkpt>
      <trkpt lat="68.30552" lon="19.74275">
        <time>2020-04-16T10:11:00Z</time>
      </trkpt>
      <trkpt lat="68.30683" lon="19.76064">
        <time>2020-04-16T10:21:00Z</time>
      </trkpt>
      <trkpt lat="68.30967" lon="19.77721">
        <time>2020-04-16T10:31:00Z</time>
      </trkpt>
      <trkpt lat="68.30974" lon="19.77837">
        <time>2020-04-16T10:41:00Z</time>
      </trkpt>
      <trkpt lat="68.31567" lon="19.82397">
        <time>2020-04-16T11:11:00Z</time>
      </trkpt>
      <trkpt lat="68.31498" lon="19.8371">
        <time>2020-04-16T11:21:00Z</time>
      </trkpt>
      <trkpt lat="68.31751" lon="19.84577">
        <time>2020-04-16T11:31:00Z</time>
      </trkpt>
      <trkpt lat="68.31748" lon="19.85148">
        <time>2020-04-16T11:41:00Z</time>
      </trkpt>
      <trkpt lat="68.31223" lon="19.8586">
        <time>2020-04-16T11:51:00Z</time>
      </trkpt>
      <trkpt lat="68.3096" lon="19.89098">
        <time>2020-04-16T12:11:00Z</time>
      </trkpt>
      <trkpt lat="68.31139" lon="19.90045">
        <time>2020-04-16T12:20:00Z</time>
      </trkpt>
      <trkpt lat="68.31426" lon="19.91156">
        <time>2020-04-16T12:30:00Z</time>
      </trkpt>
      <trkpt lat="68.31813" lon="19.91633">
        <time>2020-04-16T12:40:00Z</time>
      </trkpt>
      <trkpt lat="68.31809" lon="19.92268">
        <time>2020-04-16T12:50:00Z</time>
      </trkpt>
      <trkpt lat="68.31807" lon="19.92268">
        <time>2020-04-16T13:01:00Z</time>
      </trkpt>
      <trkpt lat="68.31807" lon="19.9227">
        <time>2020-04-16T13:10:00Z</time>
      </trkpt>
      <trkpt lat="68.31806" lon="19.9226">
        <time>2020-04-16T13:20:00Z</time>
      </trkpt>
      <trkpt lat="68.31806" lon="19.92311">
        <time>2020-04-16T13:30:00Z</time>
      </trkpt>
      <trkpt lat="68.31807" lon="19.93806">
        <time>2020-04-16T13:40:00Z</time>
      </trkpt>
      <trkpt lat="68.32218" lon="19.94624">
        <time>2020-04-16T13:50:00Z</time>
      </trkpt>
      <trkpt lat="68.32355" lon="19.9489">
        <time>2020-04-16T14:00:00Z</time>
      </trkpt>
      <trkpt lat="68.32637" lon="19.95119">
        <time>2020-04-16T14:10:00Z</time>
      </trkpt>
      <trkpt lat="68.33082" lon="19.95381">
        <time>2020-04-16T14:20:00Z</time>
      </trkpt>
      <trkpt lat="68.33333" lon="19.95789">
        <time>2020-04-16T14:30:00Z</time>
      </trkpt>
      <trkpt lat="68.33779" lon="19.96201">
        <time>2020-04-16T14:40:00Z</time>
      </trkpt>
      <trkpt lat="68.34146" lon="19.96327">
        <time>2020-04-16T14:50:00Z</time>
      </trkpt>
      <trkpt lat="68.34644" lon="19.96945">
        <time>2020-04-16T15:00:00Z</time>
      </trkpt>
      <trkpt lat="68.34795" lon="19.97256">
        <time>2020-04-16T15:10:00Z</time>
      </trkpt>
      <trkpt lat="68.35223" lon="19.9842">
        <time>2020-04-16T15:20:00Z</time>
      </trkpt>
      <trkpt lat="68.36179" lon="20.02481">
        <time>2020-04-16T16:09:00Z</time>
      </trkpt>
      <trkpt lat="68.36501" lon="20.03005">
        <time>2020-04-16T16:19:00Z</time>
      </trkpt>
      <trkpt lat="68.36805" lon="20.04344">
        <time>2020-04-16T16:29:00Z</time>
      </trkpt>
      <trkpt lat="68.3725" lon="20.07183">
        <time>2020-04-16T17:09:00Z</time>
      </trkpt>
      <trkpt lat="68.3725" lon="20.07189">
        <time>2020-04-16T17:19:00Z</time>
      </trkpt>
      <trkpt lat="68.37701" lon="20.07713">
        <time>2020-04-16T17:29:00Z</time>
      </trkpt>
      <trkpt lat="68.38166" lon="20.07442">
        <time>2020-04-16T17:39:00Z</time>
      </trkpt>
      <trkpt lat="68.39198" lon="20.06219">
        <time>2020-04-16T18:04:00Z</time>
      </trkpt>
      <trkpt lat="68.39187" lon="20.06213">
        <time>2020-04-17T08:57:00Z</time>
      </trkpt>
      <trkpt lat="68.39187" lon="20.06213">
        <time>2020-04-17T08:57:00Z</time>
      </trkpt>
      <trkpt lat="68.39348" lon="20.06228">
        <time>2020-04-17T09:06:00Z</time>
      </trkpt>
      <trkpt lat="68.39833" lon="20.06391">
        <time>2020-04-17T09:16:00Z</time>
      </trkpt>
      <trkpt lat="68.40266" lon="20.06889">
        <time>2020-04-17T09:26:00Z</time>
      </trkpt>
      <trkpt lat="68.40656" lon="20.07423">
        <time>2020-04-17T09:36:00Z</time>
      </trkpt>
      <trkpt lat="68.40824" lon="20.0769">
        <time>2020-04-17T09:46:00Z</time>
      </trkpt>
      <trkpt lat="68.41283" lon="20.08179">
        <time>2020-04-17T09:56:00Z</time>
      </trkpt>
      <trkpt lat="68.41403" lon="20.08282">
        <time>2020-04-17T10:06:00Z</time>
      </trkpt>
      <trkpt lat="68.41647" lon="20.0923">
        <time>2020-04-17T10:16:00Z</time>
      </trkpt>
      <trkpt lat="68.4197" lon="20.10563">
        <time>2020-04-17T10:26:00Z</time>
      </trkpt>
      <trkpt lat="68.42017" lon="20.11801">
        <time>2020-04-17T10:36:00Z</time>
      </trkpt>
      <trkpt lat="68.42223" lon="20.13403">
        <time>2020-04-17T10:46:00Z</time>
      </trkpt>
      <trkpt lat="68.42233" lon="20.14682">
        <time>2020-04-17T10:56:00Z</time>
      </trkpt>
      <trkpt lat="68.42264" lon="20.15154">
        <time>2020-04-17T11:06:00Z</time>
      </trkpt>
      <trkpt lat="68.42383" lon="20.15566">
        <time>2020-04-17T11:16:00Z</time>
      </trkpt>
      <trkpt lat="68.42465" lon="20.15646">
        <time>2020-04-17T11:25:00Z</time>
      </trkpt>
      <trkpt lat="68.42943" lon="20.1638">
        <time>2020-04-17T11:35:00Z</time>
      </trkpt>
      <trkpt lat="68.43424" lon="20.17407">
        <time>2020-04-17T11:45:00Z</time>
      </trkpt>
      <trkpt lat="68.43871" lon="20.18654">
        <time>2020-04-17T11:56:00Z</time>
      </trkpt>
      <trkpt lat="68.44421" lon="20.19328">
        <time>2020-04-17T12:05:00Z</time>
      </trkpt>
      <trkpt lat="68.44892" lon="20.19867">
        <time>2020-04-17T12:15:00Z</time>
      </trkpt>
      <trkpt lat="68.45426" lon="20.20497">
        <time>2020-04-17T12:25:00Z</time>
      </trkpt>
      <trkpt lat="68.45687" lon="20.20813">
        <time>2020-04-17T12:35:00Z</time>
      </trkpt>
      <trkpt lat="68.46153" lon="20.21364">
        <time>2020-04-17T12:45:00Z</time>
      </trkpt>
      <trkpt lat="68.46711" lon="20.22036">
        <time>2020-04-17T12:56:00Z</time>
      </trkpt>
      <trkpt lat="68.47256" lon="20.22671">
        <time>2020-04-17T13:05:00Z</time>
      </trkpt>
      <trkpt lat="68.47543" lon="20.22978">
        <time>2020-04-17T13:15:00Z</time>
      </trkpt>
      <trkpt lat="68.47543" lon="20.22978">
        <time>2020-04-17T13:25:00Z</time>
      </trkpt>
      <trkpt lat="68.47543" lon="20.22978">
        <time>2020-04-17T13:35:00Z</time>
      </trkpt>
      <trkpt lat="68.47544" lon="20.22978">
        <time>2020-04-17T13:44:00Z</time>
      </trkpt>
      <trkpt lat="68.47544" lon="20.22978">
        <time>2020-04-17T13:54:00Z</time>
      </trkpt>
      <trkpt lat="68.47544" lon="20.22978">
        <time>2020-04-17T14:04:00Z</time>
      </trkpt>
      <trkpt lat="68.47543" lon="20.22976">
        <time>2020-04-17T14:14:00Z</time>
      </trkpt>
      <trkpt lat="68.47819" lon="20.23175">
        <time>2020-04-17T14:24:00Z</time>
      </trkpt>
      <trkpt lat="68.48148" lon="20.23995">
        <time>2020-04-17T14:34:00Z</time>
      </trkpt>
      <trkpt lat="68.48495" lon="20.2489">
        <time>2020-04-17T14:44:00Z</time>
      </trkpt>
      <trkpt lat="68.48948" lon="20.26001">
        <time>2020-04-17T14:54:00Z</time>
      </trkpt>
      <trkpt lat="68.49352" lon="20.276">
        <time>2020-04-17T15:04:00Z</time>
      </trkpt>
      <trkpt lat="68.49767" lon="20.28244">
        <time>2020-04-17T15:14:00Z</time>
      </trkpt>
      <trkpt lat="68.49954" lon="20.28462">
        <time>2020-04-17T15:24:00Z</time>
      </trkpt>
      <trkpt lat="68.50479" lon="20.29368">
        <time>2020-04-17T15:34:00Z</time>
      </trkpt>
      <trkpt lat="68.51054" lon="20.29308">
        <time>2020-04-17T15:44:00Z</time>
      </trkpt>
      <trkpt lat="68.51397" lon="20.29333">
        <time>2020-04-17T15:54:00Z</time>
      </trkpt>
      <trkpt lat="68.51782" lon="20.29469">
        <time>2020-04-17T16:04:00Z</time>
      </trkpt>
      <trkpt lat="68.52334" lon="20.29407">
        <time>2020-04-17T16:14:00Z</time>
      </trkpt>
      <trkpt lat="68.52334" lon="20.29407">
        <time>2020-04-17T16:24:00Z</time>
      </trkpt>
      <trkpt lat="68.52428" lon="20.29398">
        <time>2020-04-17T16:34:00Z</time>
      </trkpt>
      <trkpt lat="68.52924" lon="20.29336">
        <time>2020-04-17T16:43:00Z</time>
      </trkpt>
      <trkpt lat="68.53357" lon="20.29286">
        <time>2020-04-17T16:54:00Z</time>
      </trkpt>
      <trkpt lat="68.537" lon="20.29252">
        <time>2020-04-17T17:03:00Z</time>
      </trkpt>
      <trkpt lat="68.5421" lon="20.29441">
        <time>2020-04-17T17:13:00Z</time>
      </trkpt>
      <trkpt lat="68.5473" lon="20.2999">
        <time>2020-04-17T17:23:00Z</time>
      </trkpt>
      <trkpt lat="68.55038" lon="20.30962">
        <time>2020-04-17T17:33:00Z</time>
      </trkpt>
      <trkpt lat="68.55141" lon="20.31589">
        <time>2020-04-17T17:54:00Z</time>
      </trkpt>
      <trkpt lat="68.5558" lon="20.32194">
        <time>2020-04-17T18:03:00Z</time>
      </trkpt>
      <trkpt lat="68.56035" lon="20.33241">
        <time>2020-04-17T18:13:00Z</time>
      </trkpt>
      <trkpt lat="68.56377" lon="20.33926">
        <time>2020-04-17T18:23:00Z</time>
      </trkpt>
      <trkpt lat="68.56865" lon="20.35267">
        <time>2020-04-17T18:33:00Z</time>
      </trkpt>
      <trkpt lat="68.56847" lon="20.35391">
        <time>2020-04-17T18:36:00Z</time>
      </trkpt>
      <trkpt lat="68.56847" lon="20.35387">
        <time>2020-04-18T09:57:00Z</time>
      </trkpt>
      <trkpt lat="68.56847" lon="20.35387">
        <time>2020-04-18T09:57:00Z</time>
      </trkpt>
      <trkpt lat="68.56964" lon="20.35485">
        <time>2020-04-18T10:07:00Z</time>
      </trkpt>
      <trkpt lat="68.57368" lon="20.35973">
        <time>2020-04-18T10:17:00Z</time>
      </trkpt>
      <trkpt lat="68.57689" lon="20.36964">
        <time>2020-04-18T10:27:00Z</time>
      </trkpt>
      <trkpt lat="68.57959" lon="20.38103">
        <time>2020-04-18T10:37:00Z</time>
      </trkpt>
      <trkpt lat="68.58378" lon="20.39419">
        <time>2020-04-18T10:47:00Z</time>
      </trkpt>
      <trkpt lat="68.58835" lon="20.4024">
        <time>2020-04-18T10:57:00Z</time>
      </trkpt>
      <trkpt lat="68.59247" lon="20.4097">
        <time>2020-04-18T11:07:00Z</time>
      </trkpt>
      <trkpt lat="68.59645" lon="20.41798">
        <time>2020-04-18T11:17:00Z</time>
      </trkpt>
      <trkpt lat="68.59798" lon="20.41824">
        <time>2020-04-18T11:26:00Z</time>
      </trkpt>
      <trkpt lat="68.6008" lon="20.4179">
        <time>2020-04-18T11:36:00Z</time>
      </trkpt>
      <trkpt lat="68.6046" lon="20.41316">
        <time>2020-04-18T11:46:00Z</time>
      </trkpt>
      <trkpt lat="68.60774" lon="20.41196">
        <time>2020-04-18T11:56:00Z</time>
      </trkpt>
      <trkpt lat="68.61263" lon="20.41762">
        <time>2020-04-18T12:06:00Z</time>
      </trkpt>
      <trkpt lat="68.61857" lon="20.42077">
        <time>2020-04-18T13:00:00Z</time>
      </trkpt>
      <trkpt lat="68.62036" lon="20.42174">
        <time>2020-04-18T13:09:00Z</time>
      </trkpt>
      <trkpt lat="68.6253" lon="20.42672">
        <time>2020-04-18T13:19:00Z</time>
      </trkpt>
      <trkpt lat="68.63197" lon="20.43178">
        <time>2020-04-18T13:29:00Z</time>
      </trkpt>
      <trkpt lat="68.63672" lon="20.43375">
        <time>2020-04-18T13:39:00Z</time>
      </trkpt>
      <trkpt lat="68.64241" lon="20.4344">
        <time>2020-04-18T13:49:00Z</time>
      </trkpt>
      <trkpt lat="68.64854" lon="20.4412">
        <time>2020-04-18T13:59:00Z</time>
      </trkpt>
      <trkpt lat="68.6524" lon="20.44618">
        <time>2020-04-18T14:09:00Z</time>
      </trkpt>
      <trkpt lat="68.65459" lon="20.44895">
        <time>2020-04-18T14:19:00Z</time>
      </trkpt>
      <trkpt lat="68.65871" lon="20.45405">
        <time>2020-04-18T14:29:00Z</time>
      </trkpt>
      <trkpt lat="68.66127" lon="20.45719">
        <time>2020-04-18T14:38:00Z</time>
      </trkpt>
      <trkpt lat="68.66569" lon="20.46225">
        <time>2020-04-18T14:48:00Z</time>
      </trkpt>
      <trkpt lat="68.67252" lon="20.46877">
        <time>2020-04-18T14:59:00Z</time>
      </trkpt>
      <trkpt lat="68.67784" lon="20.47461">
        <time>2020-04-18T15:09:00Z</time>
      </trkpt>
      <trkpt lat="68.68241" lon="20.48039">
        <time>2020-04-18T15:18:00Z</time>
      </trkpt>
      <trkpt lat="68.6879" lon="20.49043">
        <time>2020-04-18T15:28:00Z</time>
      </trkpt>
      <trkpt lat="68.6897" lon="20.493">
        <time>2020-04-18T15:38:00Z</time>
      </trkpt>
      <trkpt lat="68.69584" lon="20.50038">
        <time>2020-04-18T15:48:00Z</time>
      </trkpt>
      <trkpt lat="68.73454" lon="20.56467">
        <time>2020-04-18T18:10:00Z</time>
      </trkpt>
      <trkpt lat="68.73757" lon="20.57531">
        <time>2020-04-19T10:18:00Z</time>
      </trkpt>
      <trkpt lat="68.74196" lon="20.59029">
        <time>2020-04-19T10:28:00Z</time>
      </trkpt>
      <trkpt lat="68.74627" lon="20.59926">
        <time>2020-04-19T10:38:00Z</time>
      </trkpt>
      <trkpt lat="68.74802" lon="20.61125">
        <time>2020-04-19T10:48:00Z</time>
      </trkpt>
      <trkpt lat="68.75275" lon="20.62168">
        <time>2020-04-19T10:58:00Z</time>
      </trkpt>
      <trkpt lat="68.75881" lon="20.62428">
        <time>2020-04-19T11:08:00Z</time>
      </trkpt>
      <trkpt lat="68.76199" lon="20.62415">
        <time>2020-04-19T11:18:00Z</time>
      </trkpt>
      <trkpt lat="68.76522" lon="20.61988">
        <time>2020-04-19T11:28:00Z</time>
      </trkpt>
      <trkpt lat="68.76653" lon="20.61569">
        <time>2020-04-19T11:37:00Z</time>
      </trkpt>
      <trkpt lat="68.76855" lon="20.60754">
        <time>2020-04-19T11:47:00Z</time>
      </trkpt>
      <trkpt lat="68.77225" lon="20.59988">
        <time>2020-04-19T11:57:00Z</time>
      </trkpt>
      <trkpt lat="68.77654" lon="20.59338">
        <time>2020-04-19T12:07:00Z</time>
      </trkpt>
      <trkpt lat="68.77692" lon="20.59269">
        <time>2020-04-19T12:17:00Z</time>
      </trkpt>
      <trkpt lat="68.77692" lon="20.59271">
        <time>2020-04-19T12:27:00Z</time>
      </trkpt>
      <trkpt lat="68.77692" lon="20.59267">
        <time>2020-04-19T12:37:00Z</time>
      </trkpt>
      <trkpt lat="68.77786" lon="20.5913">
        <time>2020-04-19T12:47:00Z</time>
      </trkpt>
      <trkpt lat="68.78154" lon="20.59265">
        <time>2020-04-19T12:57:00Z</time>
      </trkpt>
      <trkpt lat="68.7857" lon="20.59406">
        <time>2020-04-19T13:07:00Z</time>
      </trkpt>
      <trkpt lat="68.78879" lon="20.59381">
        <time>2020-04-19T13:17:00Z</time>
      </trkpt>
      <trkpt lat="68.79174" lon="20.59544">
        <time>2020-04-19T13:27:00Z</time>
      </trkpt>
      <trkpt lat="68.79441" lon="20.59452">
        <time>2020-04-19T13:37:00Z</time>
      </trkpt>
      <trkpt lat="68.79449" lon="20.59439">
        <time>2020-04-19T13:47:00Z</time>
      </trkpt>
      <trkpt lat="68.797" lon="20.59791">
        <time>2020-04-19T13:57:00Z</time>
      </trkpt>
      <trkpt lat="68.80034" lon="20.60308">
        <time>2020-04-19T14:07:00Z</time>
      </trkpt>
      <trkpt lat="68.81229" lon="20.60623">
        <time>2020-04-19T14:36:00Z</time>
      </trkpt>
      <trkpt lat="68.81838" lon="20.6066">
        <time>2020-04-19T15:16:00Z</time>
      </trkpt>
      <trkpt lat="68.82351" lon="20.59207">
        <time>2020-04-19T15:36:00Z</time>
      </trkpt>
      <trkpt lat="68.82754" lon="20.58752">
        <time>2020-04-19T15:46:00Z</time>
      </trkpt>
      <trkpt lat="68.83363" lon="20.58915">
        <time>2020-04-19T15:56:00Z</time>
      </trkpt>
      <trkpt lat="68.8361" lon="20.59046">
        <time>2020-04-19T16:06:00Z</time>
      </trkpt>
      <trkpt lat="68.83928" lon="20.59111">
        <time>2020-04-19T16:16:00Z</time>
      </trkpt>
      <trkpt lat="68.84464" lon="20.59686">
        <time>2020-04-19T16:26:00Z</time>
      </trkpt>
      <trkpt lat="68.84985" lon="20.6023">
        <time>2020-04-19T16:36:00Z</time>
      </trkpt>
      <trkpt lat="68.85449" lon="20.60297">
        <time>2020-04-19T16:46:00Z</time>
      </trkpt>
      <trkpt lat="68.85771" lon="20.6013">
        <time>2020-04-19T16:56:00Z</time>
      </trkpt>
      <trkpt lat="68.86283" lon="20.60087">
        <time>2020-04-19T17:06:00Z</time>
      </trkpt>
      <trkpt lat="68.86349" lon="20.60091">
        <time>2020-04-19T17:16:00Z</time>
      </trkpt>
      <trkpt lat="68.86763" lon="20.59767">
        <time>2020-04-19T17:26:00Z</time>
      </trkpt>
      <trkpt lat="68.86884" lon="20.60119">
        <time>2020-04-19T17:31:00Z</time>
      </trkpt>
      <trkpt lat="68.86884" lon="20.60117">
        <time>2020-04-20T08:59:00Z</time>
      </trkpt>
      <trkpt lat="68.86884" lon="20.60117">
        <time>2020-04-20T08:59:00Z</time>
      </trkpt>
      <trkpt lat="68.87309" lon="20.58411">
        <time>2020-04-20T09:18:00Z</time>
      </trkpt>
      <trkpt lat="68.87399" lon="20.57297">
        <time>2020-04-20T09:28:00Z</time>
      </trkpt>
      <trkpt lat="68.87429" lon="20.56688">
        <time>2020-04-20T09:38:00Z</time>
      </trkpt>
      <trkpt lat="68.8745" lon="20.54838">
        <time>2020-04-20T09:48:00Z</time>
      </trkpt>
      <trkpt lat="68.87564" lon="20.52933">
        <time>2020-04-20T09:57:00Z</time>
      </trkpt>
      <trkpt lat="68.87685" lon="20.51422">
        <time>2020-04-20T10:07:00Z</time>
      </trkpt>
      <trkpt lat="68.87873" lon="20.50203">
        <time>2020-04-20T10:17:00Z</time>
      </trkpt>
      <trkpt lat="68.88181" lon="20.48817">
        <time>2020-04-20T10:27:00Z</time>
      </trkpt>
      <trkpt lat="68.88217" lon="20.48573">
        <time>2020-04-20T10:37:00Z</time>
      </trkpt>
      <trkpt lat="68.8847" lon="20.47414">
        <time>2020-04-20T10:47:00Z</time>
      </trkpt>
      <trkpt lat="68.88786" lon="20.4692">
        <time>2020-04-20T10:57:00Z</time>
      </trkpt>
      <trkpt lat="68.89146" lon="20.46302">
        <time>2020-04-20T11:07:00Z</time>
      </trkpt>
      <trkpt lat="68.89615" lon="20.45403">
        <time>2020-04-20T11:17:00Z</time>
      </trkpt>
      <trkpt lat="68.89975" lon="20.44238">
        <time>2020-04-20T11:27:00Z</time>
      </trkpt>
      <trkpt lat="68.90443" lon="20.42642">
        <time>2020-04-20T11:37:00Z</time>
      </trkpt>
      <trkpt lat="68.90759" lon="20.41989">
        <time>2020-04-20T11:48:00Z</time>
      </trkpt>
      <trkpt lat="68.90828" lon="20.41886">
        <time>2020-04-20T11:58:00Z</time>
      </trkpt>
      <trkpt lat="68.90826" lon="20.41895">
        <time>2020-04-20T12:07:00Z</time>
      </trkpt>
      <trkpt lat="68.90826" lon="20.41895">
        <time>2020-04-20T12:17:00Z</time>
      </trkpt>
      <trkpt lat="68.90828" lon="20.41893">
        <time>2020-04-20T12:27:00Z</time>
      </trkpt>
      <trkpt lat="68.91435" lon="20.4065">
        <time>2020-04-20T12:37:00Z</time>
      </trkpt>
      <trkpt lat="68.91826" lon="20.39775">
        <time>2020-04-20T12:47:00Z</time>
      </trkpt>
      <trkpt lat="68.92475" lon="20.38803">
        <time>2020-04-20T12:57:00Z</time>
      </trkpt>
      <trkpt lat="68.92986" lon="20.38082">
        <time>2020-04-20T13:07:00Z</time>
      </trkpt>
      <trkpt lat="68.93405" lon="20.37739">
        <time>2020-04-20T13:17:00Z</time>
      </trkpt>
      <trkpt lat="68.93989" lon="20.37402">
        <time>2020-04-20T13:27:00Z</time>
      </trkpt>
      <trkpt lat="68.94162" lon="20.37127">
        <time>2020-04-20T13:37:00Z</time>
      </trkpt>
      <trkpt lat="68.94356" lon="20.36747">
        <time>2020-04-20T13:47:00Z</time>
      </trkpt>
      <trkpt lat="68.94606" lon="20.36241">
        <time>2020-04-20T13:57:00Z</time>
      </trkpt>
      <trkpt lat="68.95077" lon="20.35803">
        <time>2020-04-20T14:07:00Z</time>
      </trkpt>
      <trkpt lat="68.95416" lon="20.3587">
        <time>2020-04-20T14:16:00Z</time>
      </trkpt>
      <trkpt lat="68.96393" lon="20.35691">
        <time>2020-04-20T14:26:00Z</time>
      </trkpt>
      <trkpt lat="68.97118" lon="20.35239">
        <time>2020-04-20T14:36:00Z</time>
      </trkpt>
      <trkpt lat="68.97331" lon="20.3685">
        <time>2020-04-20T14:58:00Z</time>
      </trkpt>
      <trkpt lat="68.97328" lon="20.36844">
        <time>2020-04-21T09:16:00Z</time>
      </trkpt>
      <trkpt lat="68.97592" lon="20.3693">
        <time>2020-04-21T09:26:00Z</time>
      </trkpt>
      <trkpt lat="68.98079" lon="20.384">
        <time>2020-04-21T09:45:00Z</time>
      </trkpt>
      <trkpt lat="68.98121" lon="20.39421">
        <time>2020-04-21T09:55:00Z</time>
      </trkpt>
      <trkpt lat="68.98108" lon="20.40494">
        <time>2020-04-21T10:05:00Z</time>
      </trkpt>
      <trkpt lat="68.98199" lon="20.41515">
        <time>2020-04-21T10:15:00Z</time>
      </trkpt>
      <trkpt lat="68.9826" lon="20.41998">
        <time>2020-04-21T10:26:00Z</time>
      </trkpt>
      <trkpt lat="68.98361" lon="20.42603">
        <time>2020-04-21T10:35:00Z</time>
      </trkpt>
      <trkpt lat="68.98891" lon="20.43824">
        <time>2020-04-21T10:45:00Z</time>
      </trkpt>
      <trkpt lat="68.99088" lon="20.44502">
        <time>2020-04-21T10:55:00Z</time>
      </trkpt>
      <trkpt lat="68.99312" lon="20.45049">
        <time>2020-04-21T11:05:00Z</time>
      </trkpt>
      <trkpt lat="68.99442" lon="20.45472">
        <time>2020-04-21T11:15:00Z</time>
      </trkpt>
      <trkpt lat="68.99924" lon="20.46461">
        <time>2020-04-21T11:25:00Z</time>
      </trkpt>
      <trkpt lat="69.00149" lon="20.47139">
        <time>2020-04-21T11:35:00Z</time>
      </trkpt>
      <trkpt lat="69.00261" lon="20.47519">
        <time>2020-04-21T11:45:00Z</time>
      </trkpt>
      <trkpt lat="69.00409" lon="20.47882">
        <time>2020-04-21T11:55:00Z</time>
      </trkpt>
      <trkpt lat="69.00635" lon="20.48343">
        <time>2020-04-21T12:05:00Z</time>
      </trkpt>
      <trkpt lat="69.00928" lon="20.48796">
        <time>2020-04-21T12:14:00Z</time>
      </trkpt>
      <trkpt lat="69.01379" lon="20.49371">
        <time>2020-04-21T12:25:00Z</time>
      </trkpt>
      <trkpt lat="69.01682" lon="20.49671">
        <time>2020-04-21T12:35:00Z</time>
      </trkpt>
      <trkpt lat="69.02173" lon="20.50755">
        <time>2020-04-21T12:44:00Z</time>
      </trkpt>
      <trkpt lat="69.02637" lon="20.51742">
        <time>2020-04-21T12:54:00Z</time>
      </trkpt>
      <trkpt lat="69.03628" lon="20.51581">
        <time>2020-04-21T13:04:00Z</time>
      </trkpt>
      <trkpt lat="69.04805" lon="20.52182">
        <time>2020-04-21T13:14:00Z</time>
      </trkpt>
      <trkpt lat="69.05195" lon="20.52628">
        <time>2020-04-21T13:24:00Z</time>
      </trkpt>
      <trkpt lat="69.0575" lon="20.53967">
        <time>2020-04-21T13:34:00Z</time>
      </trkpt>
      <trkpt lat="69.05943" lon="20.548">
        <time>2020-04-21T13:44:00Z</time>
      </trkpt>
      <trkpt lat="69.05944" lon="20.54797">
        <time>2020-04-21T13:54:00Z</time>
      </trkpt>
      <trkpt lat="69.0594" lon="20.54797">
        <time>2020-04-21T14:04:00Z</time>
      </trkpt>
      <trkpt lat="69.05937" lon="20.54791">
        <time>2020-04-21T14:50:00Z</time>
      </trkpt>
      <trkpt lat="69.0594" lon="20.54795">
        <time>2020-04-21T15:00:00Z</time>
      </trkpt>
      <trkpt lat="69.05943" lon="20.54802">
        <time>2020-04-21T15:24:00Z</time>
      </trkpt>
      <trkpt lat="69.05714" lon="20.56134">
        <time>2020-04-21T15:33:00Z</time>
      </trkpt>
      <trkpt lat="69.05453" lon="20.57636">
        <time>2020-04-21T15:43:00Z</time>
      </trkpt>
      <trkpt lat="69.0518" lon="20.59443">
        <time>2020-04-21T15:53:00Z</time>
      </trkpt>
      <trkpt lat="69.04949" lon="20.61106">
        <time>2020-04-21T16:03:00Z</time>
      </trkpt>
      <trkpt lat="69.04749" lon="20.62988">
        <time>2020-04-21T16:13:00Z</time>
      </trkpt>
      <trkpt lat="69.04622" lon="20.64277">
        <time>2020-04-21T16:23:00Z</time>
      </trkpt>
      <trkpt lat="69.04572" lon="20.65496">
        <time>2020-04-21T16:33:00Z</time>
      </trkpt>
      <trkpt lat="69.04567" lon="20.67638">
        <time>2020-04-21T16:43:00Z</time>
      </trkpt>
      <trkpt lat="69.04558" lon="20.69824">
        <time>2020-04-21T16:52:00Z</time>
      </trkpt>
      <trkpt lat="69.04527" lon="20.71118">
        <time>2020-04-21T17:02:00Z</time>
      </trkpt>
      <trkpt lat="69.04524" lon="20.71125">
        <time>2020-04-21T17:12:00Z</time>
      </trkpt>
      <trkpt lat="69.04522" lon="20.71135">
        <time>2020-04-21T17:22:00Z</time>
      </trkpt>
      <trkpt lat="69.04504" lon="20.72129">
        <time>2020-04-21T17:32:00Z</time>
      </trkpt>
      <trkpt lat="69.0448" lon="20.73067">
        <time>2020-04-21T17:42:00Z</time>
      </trkpt>
      <trkpt lat="69.0446" lon="20.75371">
        <time>2020-04-21T17:52:00Z</time>
      </trkpt>
      <trkpt lat="69.0464" lon="20.78751">
        <time>2020-04-21T18:12:00Z</time>
      </trkpt>
      <trkpt lat="69.04801" lon="20.79772">
        <time>2020-04-21T18:27:00Z</time>
      </trkpt>
    </trkseg>
  </trk>
</gpx>
