<?xml version="1.0" encoding="UTF-8"?>
<gpx xmlns="http://www.topografix.com/GPX/1/1" version="1.1" creator="VitaBandet">
  <metadata>
    <name>Lisette Karlsson's  Band</name>
  </metadata>
  <trk>
    <name>Lisette Karlsson's  Band</name>
    <trkseg>
      <trkpt lat="62.0987" lon="12.31299">
        <time>2026-02-22T09:53:00Z</time>
      </trkpt>
      <trkpt lat="62.09809" lon="12.31848">
        <time>2026-02-22T10:03:00Z</time>
      </trkpt>
      <trkpt lat="62.09925" lon="12.32316">
        <time>2026-02-22T10:13:00Z</time>
      </trkpt>
      <trkpt lat="62.1002" lon="12.32799">
        <time>2026-02-22T10:23:00Z</time>
      </trkpt>
      <trkpt lat="62.10232" lon="12.33082">
        <time>2026-02-22T10:33:00Z</time>
      </trkpt>
      <trkpt lat="62.10523" lon="12.33281">
        <time>2026-02-22T10:43:00Z</time>
      </trkpt>
      <trkpt lat="62.10743" lon="12.33449">
        <time>2026-02-22T10:53:00Z</time>
      </trkpt>
      <trkpt lat="62.11027" lon="12.33708">
        <time>2026-02-22T11:03:00Z</time>
      </trkpt>
      <trkpt lat="62.11429" lon="12.33983">
        <time>2026-02-22T11:13:00Z</time>
      </trkpt>
      <trkpt lat="62.11757" lon="12.34163">
        <time>2026-02-22T11:23:00Z</time>
      </trkpt>
      <trkpt lat="62.11945" lon="12.34232">
        <time>2026-02-22T11:33:00Z</time>
      </trkpt>
      <trkpt lat="62.11946" lon="12.34232">
        <time>2026-02-22T11:43:00Z</time>
      </trkpt>
      <trkpt lat="62.11885" lon="12.34496">
        <time>2026-02-22T12:03:00Z</time>
      </trkpt>
      <trkpt lat="62.12355" lon="12.35328">
        <time>2026-02-22T12:13:00Z</time>
      </trkpt>
      <trkpt lat="62.12882" lon="12.35801">
        <time>2026-02-22T12:23:00Z</time>
      </trkpt>
      <trkpt lat="62.13382" lon="12.36116">
        <time>2026-02-22T12:33:00Z</time>
      </trkpt>
      <trkpt lat="62.13897" lon="12.36296">
        <time>2026-02-22T12:43:00Z</time>
      </trkpt>
      <trkpt lat="62.14436" lon="12.3665">
        <time>2026-02-22T12:53:00Z</time>
      </trkpt>
      <trkpt lat="62.15022" lon="12.37037">
        <time>2026-02-22T13:03:00Z</time>
      </trkpt>
      <trkpt lat="62.15598" lon="12.37468">
        <time>2026-02-22T13:13:00Z</time>
      </trkpt>
      <trkpt lat="62.15721" lon="12.37567">
        <time>2026-02-22T13:23:00Z</time>
      </trkpt>
      <trkpt lat="62.1648" lon="12.3803">
        <time>2026-02-22T13:33:00Z</time>
      </trkpt>
      <trkpt lat="62.17195" lon="12.37972">
        <time>2026-02-22T13:43:00Z</time>
      </trkpt>
      <trkpt lat="62.1798" lon="12.38792">
        <time>2026-02-22T13:53:00Z</time>
      </trkpt>
      <trkpt lat="62.18381" lon="12.39064">
        <time>2026-02-22T14:03:00Z</time>
      </trkpt>
      <trkpt lat="62.19038" lon="12.38942">
        <time>2026-02-22T14:13:00Z</time>
      </trkpt>
      <trkpt lat="62.19465" lon="12.38642">
        <time>2026-02-22T14:23:00Z</time>
      </trkpt>
      <trkpt lat="62.20013" lon="12.38249">
        <time>2026-02-22T14:33:00Z</time>
      </trkpt>
      <trkpt lat="62.20598" lon="12.37828">
        <time>2026-02-22T14:43:00Z</time>
      </trkpt>
      <trkpt lat="62.21031" lon="12.36996">
        <time>2026-02-22T14:53:00Z</time>
      </trkpt>
      <trkpt lat="62.21438" lon="12.36105">
        <time>2026-02-22T15:03:00Z</time>
      </trkpt>
      <trkpt lat="62.21799" lon="12.3529">
        <time>2026-02-22T15:13:00Z</time>
      </trkpt>
      <trkpt lat="62.22257" lon="12.34951">
        <time>2026-02-22T15:23:00Z</time>
      </trkpt>
      <trkpt lat="62.22576" lon="12.35174">
        <time>2026-02-22T15:33:00Z</time>
      </trkpt>
      <trkpt lat="62.22996" lon="12.35228">
        <time>2026-02-22T15:43:00Z</time>
      </trkpt>
      <trkpt lat="62.23526" lon="12.35195">
        <time>2026-02-22T15:53:00Z</time>
      </trkpt>
      <trkpt lat="62.2355" lon="12.35264">
        <time>2026-02-22T15:58:00Z</time>
      </trkpt>
      <trkpt lat="62.23521" lon="12.35335">
        <time>2026-02-23T08:40:00Z</time>
      </trkpt>
      <trkpt lat="62.23743" lon="12.3494">
        <time>2026-02-23T08:50:00Z</time>
      </trkpt>
      <trkpt lat="62.24328" lon="12.34766">
        <time>2026-02-23T09:00:00Z</time>
      </trkpt>
      <trkpt lat="62.24725" lon="12.34715">
        <time>2026-02-23T09:10:00Z</time>
      </trkpt>
      <trkpt lat="62.25291" lon="12.34955">
        <time>2026-02-23T09:20:00Z</time>
      </trkpt>
      <trkpt lat="62.25714" lon="12.35204">
        <time>2026-02-23T09:30:00Z</time>
      </trkpt>
      <trkpt lat="62.25996" lon="12.35584">
        <time>2026-02-23T09:40:00Z</time>
      </trkpt>
      <trkpt lat="62.25895" lon="12.36301">
        <time>2026-02-23T09:50:00Z</time>
      </trkpt>
      <trkpt lat="62.25942" lon="12.37163">
        <time>2026-02-23T10:00:00Z</time>
      </trkpt>
      <trkpt lat="62.26083" lon="12.37727">
        <time>2026-02-23T10:10:00Z</time>
      </trkpt>
      <trkpt lat="62.26426" lon="12.38303">
        <time>2026-02-23T10:20:00Z</time>
      </trkpt>
      <trkpt lat="62.26747" lon="12.38551">
        <time>2026-02-23T10:30:00Z</time>
      </trkpt>
      <trkpt lat="62.27276" lon="12.38972">
        <time>2026-02-23T10:40:00Z</time>
      </trkpt>
      <trkpt lat="62.27761" lon="12.39354">
        <time>2026-02-23T10:50:00Z</time>
      </trkpt>
      <trkpt lat="62.28058" lon="12.39751">
        <time>2026-02-23T11:00:00Z</time>
      </trkpt>
      <trkpt lat="62.28325" lon="12.40026">
        <time>2026-02-23T11:10:00Z</time>
      </trkpt>
      <trkpt lat="62.28732" lon="12.40191">
        <time>2026-02-23T11:20:00Z</time>
      </trkpt>
      <trkpt lat="62.29" lon="12.40528">
        <time>2026-02-23T11:30:00Z</time>
      </trkpt>
      <trkpt lat="62.29238" lon="12.41051">
        <time>2026-02-23T11:40:00Z</time>
      </trkpt>
      <trkpt lat="62.2931" lon="12.41624">
        <time>2026-02-23T11:50:00Z</time>
      </trkpt>
      <trkpt lat="62.29368" lon="12.42367">
        <time>2026-02-23T12:00:00Z</time>
      </trkpt>
      <trkpt lat="62.29729" lon="12.43167">
        <time>2026-02-23T12:10:00Z</time>
      </trkpt>
      <trkpt lat="62.30169" lon="12.43467">
        <time>2026-02-23T12:20:00Z</time>
      </trkpt>
      <trkpt lat="62.30669" lon="12.43736">
        <time>2026-02-23T12:30:00Z</time>
      </trkpt>
      <trkpt lat="62.31136" lon="12.4413">
        <time>2026-02-23T12:40:00Z</time>
      </trkpt>
      <trkpt lat="62.31591" lon="12.44517">
        <time>2026-02-23T12:50:00Z</time>
      </trkpt>
      <trkpt lat="62.31737" lon="12.44637">
        <time>2026-02-23T13:00:00Z</time>
      </trkpt>
      <trkpt lat="62.31825" lon="12.44351">
        <time>2026-02-23T13:10:00Z</time>
      </trkpt>
      <trkpt lat="62.32082" lon="12.43536">
        <time>2026-02-23T13:20:00Z</time>
      </trkpt>
      <trkpt lat="62.32332" lon="12.42734">
        <time>2026-02-23T13:30:00Z</time>
      </trkpt>
      <trkpt lat="62.32594" lon="12.41912">
        <time>2026-02-23T13:40:00Z</time>
      </trkpt>
      <trkpt lat="62.32886" lon="12.40987">
        <time>2026-02-23T13:50:00Z</time>
      </trkpt>
      <trkpt lat="62.33112" lon="12.4027">
        <time>2026-02-23T14:00:00Z</time>
      </trkpt>
      <trkpt lat="62.33378" lon="12.39431">
        <time>2026-02-23T14:10:00Z</time>
      </trkpt>
      <trkpt lat="62.33637" lon="12.38627">
        <time>2026-02-23T14:20:00Z</time>
      </trkpt>
      <trkpt lat="62.33949" lon="12.37927">
        <time>2026-02-23T14:30:00Z</time>
      </trkpt>
      <trkpt lat="62.34298" lon="12.37146">
        <time>2026-02-23T14:40:00Z</time>
      </trkpt>
      <trkpt lat="62.34662" lon="12.36328">
        <time>2026-02-23T14:50:00Z</time>
      </trkpt>
      <trkpt lat="62.34988" lon="12.35605">
        <time>2026-02-23T15:00:00Z</time>
      </trkpt>
      <trkpt lat="62.35364" lon="12.34884">
        <time>2026-02-23T15:10:00Z</time>
      </trkpt>
      <trkpt lat="62.35532" lon="12.34522">
        <time>2026-02-23T15:20:00Z</time>
      </trkpt>
      <trkpt lat="62.35856" lon="12.34114">
        <time>2026-02-23T15:30:00Z</time>
      </trkpt>
      <trkpt lat="62.36324" lon="12.34131">
        <time>2026-02-23T15:40:00Z</time>
      </trkpt>
      <trkpt lat="62.3676" lon="12.33867">
        <time>2026-02-23T15:50:00Z</time>
      </trkpt>
      <trkpt lat="62.37133" lon="12.33532">
        <time>2026-02-23T16:00:00Z</time>
      </trkpt>
      <trkpt lat="62.37462" lon="12.32741">
        <time>2026-02-23T16:10:00Z</time>
      </trkpt>
      <trkpt lat="62.3774" lon="12.31878">
        <time>2026-02-23T16:20:00Z</time>
      </trkpt>
      <trkpt lat="62.37971" lon="12.31069">
        <time>2026-02-23T16:30:00Z</time>
      </trkpt>
      <trkpt lat="62.38221" lon="12.30344">
        <time>2026-02-23T16:40:00Z</time>
      </trkpt>
      <trkpt lat="62.38539" lon="12.29745">
        <time>2026-02-23T16:50:00Z</time>
      </trkpt>
      <trkpt lat="62.38747" lon="12.2902">
        <time>2026-02-23T17:00:00Z</time>
      </trkpt>
      <trkpt lat="62.38794" lon="12.28816">
        <time>2026-02-23T17:06:00Z</time>
      </trkpt>
      <trkpt lat="62.38792" lon="12.2881">
        <time>2026-02-24T09:17:00Z</time>
      </trkpt>
      <trkpt lat="62.39014" lon="12.28546">
        <time>2026-02-24T09:27:00Z</time>
      </trkpt>
      <trkpt lat="62.39428" lon="12.28044">
        <time>2026-02-24T09:37:00Z</time>
      </trkpt>
      <trkpt lat="62.39758" lon="12.28035">
        <time>2026-02-24T09:47:00Z</time>
      </trkpt>
      <trkpt lat="62.40075" lon="12.27645">
        <time>2026-02-24T09:57:00Z</time>
      </trkpt>
      <trkpt lat="62.40459" lon="12.27421">
        <time>2026-02-24T10:07:00Z</time>
      </trkpt>
      <trkpt lat="62.40885" lon="12.27368">
        <time>2026-02-24T10:17:00Z</time>
      </trkpt>
      <trkpt lat="62.41349" lon="12.27885">
        <time>2026-02-24T10:27:00Z</time>
      </trkpt>
      <trkpt lat="62.41845" lon="12.28089">
        <time>2026-02-24T10:37:00Z</time>
      </trkpt>
      <trkpt lat="62.4211" lon="12.28737">
        <time>2026-02-24T10:47:00Z</time>
      </trkpt>
      <trkpt lat="62.4232" lon="12.28962">
        <time>2026-02-24T10:57:00Z</time>
      </trkpt>
      <trkpt lat="62.42674" lon="12.2928">
        <time>2026-02-24T11:07:00Z</time>
      </trkpt>
      <trkpt lat="62.42916" lon="12.29621">
        <time>2026-02-24T11:17:00Z</time>
      </trkpt>
      <trkpt lat="62.4335" lon="12.29466">
        <time>2026-02-24T11:27:00Z</time>
      </trkpt>
      <trkpt lat="62.43818" lon="12.29168">
        <time>2026-02-24T11:37:00Z</time>
      </trkpt>
      <trkpt lat="62.44148" lon="12.28659">
        <time>2026-02-24T11:47:00Z</time>
      </trkpt>
      <trkpt lat="62.44502" lon="12.29014">
        <time>2026-02-24T11:57:00Z</time>
      </trkpt>
      <trkpt lat="62.44809" lon="12.28417">
        <time>2026-02-24T12:07:00Z</time>
      </trkpt>
      <trkpt lat="62.45209" lon="12.28106">
        <time>2026-02-24T12:17:00Z</time>
      </trkpt>
      <trkpt lat="62.45574" lon="12.28067">
        <time>2026-02-24T12:27:00Z</time>
      </trkpt>
      <trkpt lat="62.45888" lon="12.28288">
        <time>2026-02-24T12:37:00Z</time>
      </trkpt>
      <trkpt lat="62.46143" lon="12.28381">
        <time>2026-02-24T12:47:00Z</time>
      </trkpt>
      <trkpt lat="62.46458" lon="12.28634">
        <time>2026-02-24T12:57:00Z</time>
      </trkpt>
      <trkpt lat="62.46724" lon="12.28419">
        <time>2026-02-24T13:07:00Z</time>
      </trkpt>
      <trkpt lat="62.46753" lon="12.28436">
        <time>2026-02-24T13:17:00Z</time>
      </trkpt>
      <trkpt lat="62.47002" lon="12.2864">
        <time>2026-02-24T13:57:00Z</time>
      </trkpt>
      <trkpt lat="62.4707" lon="12.28732">
        <time>2026-02-24T14:07:00Z</time>
      </trkpt>
      <trkpt lat="62.472" lon="12.28868">
        <time>2026-02-24T14:27:00Z</time>
      </trkpt>
      <trkpt lat="62.47374" lon="12.28747">
        <time>2026-02-24T14:37:00Z</time>
      </trkpt>
      <trkpt lat="62.4758" lon="12.28205">
        <time>2026-02-24T14:47:00Z</time>
      </trkpt>
      <trkpt lat="62.47678" lon="12.28056">
        <time>2026-02-24T14:57:00Z</time>
      </trkpt>
      <trkpt lat="62.47951" lon="12.27402">
        <time>2026-02-24T15:07:00Z</time>
      </trkpt>
      <trkpt lat="62.48322" lon="12.27239">
        <time>2026-02-24T15:17:00Z</time>
      </trkpt>
      <trkpt lat="62.48771" lon="12.27018">
        <time>2026-02-24T15:27:00Z</time>
      </trkpt>
      <trkpt lat="62.4925" lon="12.26954">
        <time>2026-02-24T15:37:00Z</time>
      </trkpt>
      <trkpt lat="62.49818" lon="12.2705">
        <time>2026-02-24T15:47:00Z</time>
      </trkpt>
      <trkpt lat="62.50418" lon="12.2726">
        <time>2026-02-24T15:57:00Z</time>
      </trkpt>
      <trkpt lat="62.51029" lon="12.27621">
        <time>2026-02-24T16:07:00Z</time>
      </trkpt>
      <trkpt lat="62.51511" lon="12.28239">
        <time>2026-02-24T16:17:00Z</time>
      </trkpt>
      <trkpt lat="62.52311" lon="12.29024">
        <time>2026-02-24T16:27:00Z</time>
      </trkpt>
      <trkpt lat="62.52702" lon="12.29567">
        <time>2026-02-24T16:37:00Z</time>
      </trkpt>
      <trkpt lat="62.53025" lon="12.30822">
        <time>2026-02-24T16:47:00Z</time>
      </trkpt>
      <trkpt lat="62.53143" lon="12.31033">
        <time>2026-02-24T16:51:00Z</time>
      </trkpt>
      <trkpt lat="62.53126" lon="12.31016">
        <time>2026-02-25T08:57:00Z</time>
      </trkpt>
      <trkpt lat="62.53392" lon="12.31063">
        <time>2026-02-25T09:07:00Z</time>
      </trkpt>
      <trkpt lat="62.53816" lon="12.31593">
        <time>2026-02-25T09:17:00Z</time>
      </trkpt>
      <trkpt lat="62.54099" lon="12.32232">
        <time>2026-02-25T09:27:00Z</time>
      </trkpt>
      <trkpt lat="62.54314" lon="12.32966">
        <time>2026-02-25T09:37:00Z</time>
      </trkpt>
      <trkpt lat="62.54349" lon="12.3311">
        <time>2026-02-25T09:47:00Z</time>
      </trkpt>
      <trkpt lat="62.54616" lon="12.32133">
        <time>2026-02-25T09:57:00Z</time>
      </trkpt>
      <trkpt lat="62.54686" lon="12.32275">
        <time>2026-02-25T10:07:00Z</time>
      </trkpt>
      <trkpt lat="62.54688" lon="12.32273">
        <time>2026-02-25T10:17:00Z</time>
      </trkpt>
      <trkpt lat="62.54813" lon="12.31153">
        <time>2026-02-25T10:57:00Z</time>
      </trkpt>
      <trkpt lat="62.54881" lon="12.30031">
        <time>2026-02-25T11:07:00Z</time>
      </trkpt>
      <trkpt lat="62.55102" lon="12.29069">
        <time>2026-02-25T11:17:00Z</time>
      </trkpt>
      <trkpt lat="62.5514" lon="12.27788">
        <time>2026-02-25T11:27:00Z</time>
      </trkpt>
      <trkpt lat="62.55445" lon="12.27327">
        <time>2026-02-25T11:37:00Z</time>
      </trkpt>
      <trkpt lat="62.55714" lon="12.26436">
        <time>2026-02-25T11:47:00Z</time>
      </trkpt>
      <trkpt lat="62.56012" lon="12.25527">
        <time>2026-02-25T11:57:00Z</time>
      </trkpt>
      <trkpt lat="62.56213" lon="12.25334">
        <time>2026-02-25T12:07:00Z</time>
      </trkpt>
      <trkpt lat="62.56578" lon="12.24688">
        <time>2026-02-25T12:17:00Z</time>
      </trkpt>
      <trkpt lat="62.56846" lon="12.23804">
        <time>2026-02-25T12:27:00Z</time>
      </trkpt>
      <trkpt lat="62.57162" lon="12.22883">
        <time>2026-02-25T12:37:00Z</time>
      </trkpt>
      <trkpt lat="62.57431" lon="12.22325">
        <time>2026-02-25T12:47:00Z</time>
      </trkpt>
      <trkpt lat="62.57721" lon="12.21531">
        <time>2026-02-25T12:57:00Z</time>
      </trkpt>
      <trkpt lat="62.57766" lon="12.21578">
        <time>2026-02-25T13:07:00Z</time>
      </trkpt>
      <trkpt lat="62.57895" lon="12.21606">
        <time>2026-02-25T13:17:00Z</time>
      </trkpt>
      <trkpt lat="62.5762" lon="12.21516">
        <time>2026-02-25T13:27:00Z</time>
      </trkpt>
      <trkpt lat="62.57869" lon="12.20759">
        <time>2026-02-25T13:37:00Z</time>
      </trkpt>
      <trkpt lat="62.58012" lon="12.20162">
        <time>2026-02-25T13:47:00Z</time>
      </trkpt>
      <trkpt lat="62.58367" lon="12.19379">
        <time>2026-02-25T13:57:00Z</time>
      </trkpt>
      <trkpt lat="62.58517" lon="12.18654">
        <time>2026-02-25T14:07:00Z</time>
      </trkpt>
      <trkpt lat="62.58784" lon="12.17928">
        <time>2026-02-25T14:17:00Z</time>
      </trkpt>
      <trkpt lat="62.59256" lon="12.17888">
        <time>2026-02-25T14:27:00Z</time>
      </trkpt>
      <trkpt lat="62.59474" lon="12.18265">
        <time>2026-02-25T14:37:00Z</time>
      </trkpt>
      <trkpt lat="62.59474" lon="12.1828">
        <time>2026-02-25T14:45:00Z</time>
      </trkpt>
      <trkpt lat="62.59469" lon="12.18257">
        <time>2026-02-26T09:16:00Z</time>
      </trkpt>
      <trkpt lat="62.59514" lon="12.18527">
        <time>2026-02-26T09:26:00Z</time>
      </trkpt>
      <trkpt lat="62.5956" lon="12.18941">
        <time>2026-02-26T09:36:00Z</time>
      </trkpt>
      <trkpt lat="62.59738" lon="12.19317">
        <time>2026-02-26T09:46:00Z</time>
      </trkpt>
      <trkpt lat="62.60087" lon="12.19443">
        <time>2026-02-26T09:56:00Z</time>
      </trkpt>
      <trkpt lat="62.60168" lon="12.19817">
        <time>2026-02-26T10:06:00Z</time>
      </trkpt>
      <trkpt lat="62.60552" lon="12.19963">
        <time>2026-02-26T10:16:00Z</time>
      </trkpt>
      <trkpt lat="62.60755" lon="12.19293">
        <time>2026-02-26T10:26:00Z</time>
      </trkpt>
      <trkpt lat="62.60945" lon="12.18435">
        <time>2026-02-26T10:36:00Z</time>
      </trkpt>
      <trkpt lat="62.60882" lon="12.18759">
        <time>2026-02-26T10:46:00Z</time>
      </trkpt>
      <trkpt lat="62.6075" lon="12.19484">
        <time>2026-02-26T10:56:00Z</time>
      </trkpt>
      <trkpt lat="62.60261" lon="12.20102">
        <time>2026-02-26T11:06:00Z</time>
      </trkpt>
      <trkpt lat="62.60487" lon="12.20881">
        <time>2026-02-26T11:16:00Z</time>
      </trkpt>
      <trkpt lat="62.60771" lon="12.21111">
        <time>2026-02-26T11:26:00Z</time>
      </trkpt>
      <trkpt lat="62.61023" lon="12.22173">
        <time>2026-02-26T11:36:00Z</time>
      </trkpt>
      <trkpt lat="62.61067" lon="12.23355">
        <time>2026-02-26T11:46:00Z</time>
      </trkpt>
      <trkpt lat="62.61467" lon="12.23679">
        <time>2026-02-26T11:56:00Z</time>
      </trkpt>
      <trkpt lat="62.61973" lon="12.23879">
        <time>2026-02-26T12:06:00Z</time>
      </trkpt>
      <trkpt lat="62.62466" lon="12.23945">
        <time>2026-02-26T12:16:00Z</time>
      </trkpt>
      <trkpt lat="62.63002" lon="12.23834">
        <time>2026-02-26T12:26:00Z</time>
      </trkpt>
      <trkpt lat="62.63601" lon="12.23649">
        <time>2026-02-26T12:36:00Z</time>
      </trkpt>
      <trkpt lat="62.6399" lon="12.22518">
        <time>2026-02-26T12:46:00Z</time>
      </trkpt>
      <trkpt lat="62.64199" lon="12.22804">
        <time>2026-02-26T12:56:00Z</time>
      </trkpt>
      <trkpt lat="62.64444" lon="12.23359">
        <time>2026-02-26T13:06:00Z</time>
      </trkpt>
      <trkpt lat="62.64873" lon="12.23947">
        <time>2026-02-26T13:16:00Z</time>
      </trkpt>
      <trkpt lat="62.65481" lon="12.24582">
        <time>2026-02-26T13:26:00Z</time>
      </trkpt>
      <trkpt lat="62.66058" lon="12.25162">
        <time>2026-02-26T13:36:00Z</time>
      </trkpt>
      <trkpt lat="62.6606" lon="12.25162">
        <time>2026-02-26T13:46:00Z</time>
      </trkpt>
      <trkpt lat="62.66192" lon="12.25117">
        <time>2026-02-26T13:56:00Z</time>
      </trkpt>
      <trkpt lat="62.66304" lon="12.25097">
        <time>2026-02-26T14:06:00Z</time>
      </trkpt>
      <trkpt lat="62.665" lon="12.25061">
        <time>2026-02-26T14:16:00Z</time>
      </trkpt>
      <trkpt lat="62.66774" lon="12.25072">
        <time>2026-02-26T14:26:00Z</time>
      </trkpt>
      <trkpt lat="62.67231" lon="12.25662">
        <time>2026-02-26T14:36:00Z</time>
      </trkpt>
      <trkpt lat="62.67545" lon="12.26162">
        <time>2026-02-26T14:46:00Z</time>
      </trkpt>
      <trkpt lat="62.68068" lon="12.27001">
        <time>2026-02-26T14:56:00Z</time>
      </trkpt>
      <trkpt lat="62.68429" lon="12.27423">
        <time>2026-02-26T15:06:00Z</time>
      </trkpt>
      <trkpt lat="62.68795" lon="12.27808">
        <time>2026-02-26T15:16:00Z</time>
      </trkpt>
      <trkpt lat="62.69066" lon="12.28168">
        <time>2026-02-26T15:26:00Z</time>
      </trkpt>
      <trkpt lat="62.69444" lon="12.28713">
        <time>2026-02-26T15:36:00Z</time>
      </trkpt>
      <trkpt lat="62.70285" lon="12.29556">
        <time>2026-02-26T15:46:00Z</time>
      </trkpt>
      <trkpt lat="62.70438" lon="12.30889">
        <time>2026-02-26T15:56:00Z</time>
      </trkpt>
      <trkpt lat="62.70814" lon="12.30112">
        <time>2026-02-26T16:06:00Z</time>
      </trkpt>
      <trkpt lat="62.70839" lon="12.29449">
        <time>2026-02-26T16:16:00Z</time>
      </trkpt>
      <trkpt lat="62.71226" lon="12.29209">
        <time>2026-02-26T16:26:00Z</time>
      </trkpt>
      <trkpt lat="62.71586" lon="12.30082">
        <time>2026-02-26T16:36:00Z</time>
      </trkpt>
      <trkpt lat="62.72014" lon="12.30185">
        <time>2026-02-26T16:46:00Z</time>
      </trkpt>
      <trkpt lat="62.72182" lon="12.30209">
        <time>2026-02-26T16:53:00Z</time>
      </trkpt>
      <trkpt lat="62.72193" lon="12.30234">
        <time>2026-02-27T08:55:00Z</time>
      </trkpt>
      <trkpt lat="62.72255" lon="12.3132">
        <time>2026-02-27T09:05:00Z</time>
      </trkpt>
      <trkpt lat="62.72165" lon="12.32721">
        <time>2026-02-27T09:15:00Z</time>
      </trkpt>
      <trkpt lat="62.72428" lon="12.32329">
        <time>2026-02-27T09:25:00Z</time>
      </trkpt>
      <trkpt lat="62.7269" lon="12.32086">
        <time>2026-02-27T09:35:00Z</time>
      </trkpt>
      <trkpt lat="62.72855" lon="12.31985">
        <time>2026-02-27T09:45:00Z</time>
      </trkpt>
      <trkpt lat="62.73023" lon="12.32097">
        <time>2026-02-27T09:55:00Z</time>
      </trkpt>
      <trkpt lat="62.73187" lon="12.32187">
        <time>2026-02-27T10:05:00Z</time>
      </trkpt>
      <trkpt lat="62.73391" lon="12.32354">
        <time>2026-02-27T10:15:00Z</time>
      </trkpt>
      <trkpt lat="62.73685" lon="12.32131">
        <time>2026-02-27T10:25:00Z</time>
      </trkpt>
      <trkpt lat="62.73956" lon="12.32236">
        <time>2026-02-27T10:35:00Z</time>
      </trkpt>
      <trkpt lat="62.74226" lon="12.32434">
        <time>2026-02-27T10:45:00Z</time>
      </trkpt>
      <trkpt lat="62.74542" lon="12.327">
        <time>2026-02-27T10:55:00Z</time>
      </trkpt>
      <trkpt lat="62.74828" lon="12.32987">
        <time>2026-02-27T11:05:00Z</time>
      </trkpt>
      <trkpt lat="62.75181" lon="12.33339">
        <time>2026-02-27T11:15:00Z</time>
      </trkpt>
      <trkpt lat="62.75513" lon="12.33676">
        <time>2026-02-27T11:25:00Z</time>
      </trkpt>
      <trkpt lat="62.75855" lon="12.3406">
        <time>2026-02-27T11:35:00Z</time>
      </trkpt>
      <trkpt lat="62.76256" lon="12.34562">
        <time>2026-02-27T11:45:00Z</time>
      </trkpt>
      <trkpt lat="62.7665" lon="12.35163">
        <time>2026-02-27T11:55:00Z</time>
      </trkpt>
      <trkpt lat="62.76653" lon="12.35163">
        <time>2026-02-27T12:05:00Z</time>
      </trkpt>
      <trkpt lat="62.76878" lon="12.35494">
        <time>2026-02-27T12:35:00Z</time>
      </trkpt>
      <trkpt lat="62.77302" lon="12.36067">
        <time>2026-02-27T12:45:00Z</time>
      </trkpt>
      <trkpt lat="62.77945" lon="12.36873">
        <time>2026-02-27T12:55:00Z</time>
      </trkpt>
      <trkpt lat="62.78941" lon="12.38575">
        <time>2026-02-27T13:05:00Z</time>
      </trkpt>
      <trkpt lat="62.79225" lon="12.39234">
        <time>2026-02-27T13:15:00Z</time>
      </trkpt>
      <trkpt lat="62.79462" lon="12.3979">
        <time>2026-02-27T13:25:00Z</time>
      </trkpt>
      <trkpt lat="62.7966" lon="12.40242">
        <time>2026-02-27T13:35:00Z</time>
      </trkpt>
      <trkpt lat="62.79868" lon="12.40725">
        <time>2026-02-27T13:45:00Z</time>
      </trkpt>
      <trkpt lat="62.80118" lon="12.4127">
        <time>2026-02-27T13:55:00Z</time>
      </trkpt>
      <trkpt lat="62.80541" lon="12.42021">
        <time>2026-02-27T14:05:00Z</time>
      </trkpt>
      <trkpt lat="62.8082" lon="12.42519">
        <time>2026-02-27T14:15:00Z</time>
      </trkpt>
      <trkpt lat="62.81071" lon="12.42972">
        <time>2026-02-27T14:25:00Z</time>
      </trkpt>
      <trkpt lat="62.81416" lon="12.43573">
        <time>2026-02-27T14:35:00Z</time>
      </trkpt>
      <trkpt lat="62.81726" lon="12.44141">
        <time>2026-02-27T14:45:00Z</time>
      </trkpt>
      <trkpt lat="62.81823" lon="12.44592">
        <time>2026-02-27T14:55:00Z</time>
      </trkpt>
      <trkpt lat="62.81824" lon="12.4459">
        <time>2026-02-27T15:05:00Z</time>
      </trkpt>
      <trkpt lat="62.8182" lon="12.44585">
        <time>2026-02-27T15:10:00Z</time>
      </trkpt>
      <trkpt lat="62.81829" lon="12.44579">
        <time>2026-02-28T08:53:00Z</time>
      </trkpt>
      <trkpt lat="62.82321" lon="12.44963">
        <time>2026-02-28T09:03:00Z</time>
      </trkpt>
      <trkpt lat="62.82747" lon="12.45527">
        <time>2026-02-28T09:13:00Z</time>
      </trkpt>
      <trkpt lat="62.83273" lon="12.46066">
        <time>2026-02-28T09:23:00Z</time>
      </trkpt>
      <trkpt lat="62.83944" lon="12.46866">
        <time>2026-02-28T09:33:00Z</time>
      </trkpt>
      <trkpt lat="62.84519" lon="12.47647">
        <time>2026-02-28T09:43:00Z</time>
      </trkpt>
      <trkpt lat="62.85076" lon="12.47965">
        <time>2026-02-28T09:53:00Z</time>
      </trkpt>
      <trkpt lat="62.85469" lon="12.48308">
        <time>2026-02-28T10:03:00Z</time>
      </trkpt>
      <trkpt lat="62.85967" lon="12.48707">
        <time>2026-02-28T10:13:00Z</time>
      </trkpt>
      <trkpt lat="62.86339" lon="12.49018">
        <time>2026-02-28T10:23:00Z</time>
      </trkpt>
      <trkpt lat="62.86872" lon="12.49516">
        <time>2026-02-28T10:33:00Z</time>
      </trkpt>
      <trkpt lat="62.87293" lon="12.4995">
        <time>2026-02-28T10:43:00Z</time>
      </trkpt>
      <trkpt lat="62.87626" lon="12.50282">
        <time>2026-02-28T10:53:00Z</time>
      </trkpt>
      <trkpt lat="62.87822" lon="12.50383">
        <time>2026-02-28T11:03:00Z</time>
      </trkpt>
      <trkpt lat="62.88151" lon="12.50544">
        <time>2026-02-28T11:13:00Z</time>
      </trkpt>
      <trkpt lat="62.88451" lon="12.50705">
        <time>2026-02-28T11:23:00Z</time>
      </trkpt>
      <trkpt lat="62.88715" lon="12.50834">
        <time>2026-02-28T11:33:00Z</time>
      </trkpt>
      <trkpt lat="62.88941" lon="12.5095">
        <time>2026-02-28T11:43:00Z</time>
      </trkpt>
      <trkpt lat="62.89142" lon="12.51048">
        <time>2026-02-28T11:53:00Z</time>
      </trkpt>
      <trkpt lat="62.89338" lon="12.51156">
        <time>2026-02-28T12:03:00Z</time>
      </trkpt>
      <trkpt lat="62.8959" lon="12.51351">
        <time>2026-02-28T12:13:00Z</time>
      </trkpt>
      <trkpt lat="62.90327" lon="12.5205">
        <time>2026-02-28T12:23:00Z</time>
      </trkpt>
      <trkpt lat="62.90884" lon="12.52544">
        <time>2026-02-28T12:33:00Z</time>
      </trkpt>
      <trkpt lat="62.91246" lon="12.5319">
        <time>2026-02-28T12:43:00Z</time>
      </trkpt>
      <trkpt lat="62.91351" lon="12.54413">
        <time>2026-02-28T12:53:00Z</time>
      </trkpt>
      <trkpt lat="62.91269" lon="12.55426">
        <time>2026-02-28T13:03:00Z</time>
      </trkpt>
      <trkpt lat="62.91158" lon="12.56739">
        <time>2026-02-28T13:13:00Z</time>
      </trkpt>
      <trkpt lat="62.91148" lon="12.57926">
        <time>2026-02-28T13:23:00Z</time>
      </trkpt>
      <trkpt lat="62.91369" lon="12.58838">
        <time>2026-02-28T13:33:00Z</time>
      </trkpt>
      <trkpt lat="62.91625" lon="12.59876">
        <time>2026-02-28T13:43:00Z</time>
      </trkpt>
      <trkpt lat="62.91772" lon="12.60859">
        <time>2026-02-28T13:53:00Z</time>
      </trkpt>
      <trkpt lat="62.92017" lon="12.61442">
        <time>2026-02-28T14:03:00Z</time>
      </trkpt>
      <trkpt lat="62.92298" lon="12.62118">
        <time>2026-02-28T14:13:00Z</time>
      </trkpt>
      <trkpt lat="62.92373" lon="12.62333">
        <time>2026-02-28T14:23:00Z</time>
      </trkpt>
      <trkpt lat="62.92658" lon="12.62975">
        <time>2026-02-28T14:33:00Z</time>
      </trkpt>
      <trkpt lat="62.93009" lon="12.63372">
        <time>2026-02-28T14:43:00Z</time>
      </trkpt>
      <trkpt lat="62.9333" lon="12.63736">
        <time>2026-02-28T14:53:00Z</time>
      </trkpt>
      <trkpt lat="62.93782" lon="12.64125">
        <time>2026-02-28T15:03:00Z</time>
      </trkpt>
      <trkpt lat="62.94154" lon="12.64174">
        <time>2026-02-28T15:13:00Z</time>
      </trkpt>
      <trkpt lat="62.9456" lon="12.64148">
        <time>2026-02-28T15:23:00Z</time>
      </trkpt>
      <trkpt lat="62.95162" lon="12.63966">
        <time>2026-02-28T15:33:00Z</time>
      </trkpt>
      <trkpt lat="62.95564" lon="12.64245">
        <time>2026-02-28T15:43:00Z</time>
      </trkpt>
      <trkpt lat="62.95958" lon="12.64719">
        <time>2026-02-28T15:53:00Z</time>
      </trkpt>
      <trkpt lat="62.96279" lon="12.65065">
        <time>2026-02-28T16:03:00Z</time>
      </trkpt>
      <trkpt lat="62.96878" lon="12.65367">
        <time>2026-02-28T16:13:00Z</time>
      </trkpt>
      <trkpt lat="62.97371" lon="12.65835">
        <time>2026-02-28T16:23:00Z</time>
      </trkpt>
      <trkpt lat="62.97597" lon="12.66755">
        <time>2026-02-28T16:33:00Z</time>
      </trkpt>
      <trkpt lat="62.97859" lon="12.67109">
        <time>2026-02-28T16:43:00Z</time>
      </trkpt>
      <trkpt lat="62.98098" lon="12.67058">
        <time>2026-02-28T16:53:00Z</time>
      </trkpt>
      <trkpt lat="62.98345" lon="12.67575">
        <time>2026-02-28T17:03:00Z</time>
      </trkpt>
      <trkpt lat="62.98568" lon="12.68137">
        <time>2026-02-28T17:13:00Z</time>
      </trkpt>
      <trkpt lat="62.9879" lon="12.68702">
        <time>2026-02-28T17:23:00Z</time>
      </trkpt>
      <trkpt lat="62.98851" lon="12.68985">
        <time>2026-02-28T17:27:00Z</time>
      </trkpt>
      <trkpt lat="62.98861" lon="12.68972">
        <time>2026-03-01T07:18:00Z</time>
      </trkpt>
      <trkpt lat="62.98999" lon="12.69345">
        <time>2026-03-01T07:28:00Z</time>
      </trkpt>
      <trkpt lat="62.99196" lon="12.70279">
        <time>2026-03-01T07:38:00Z</time>
      </trkpt>
      <trkpt lat="62.99436" lon="12.71686">
        <time>2026-03-01T07:48:00Z</time>
      </trkpt>
      <trkpt lat="62.99612" lon="12.72789">
        <time>2026-03-01T07:58:00Z</time>
      </trkpt>
      <trkpt lat="62.9992" lon="12.73787">
        <time>2026-03-01T08:08:00Z</time>
      </trkpt>
      <trkpt lat="63.0034" lon="12.74375">
        <time>2026-03-01T08:18:00Z</time>
      </trkpt>
      <trkpt lat="63.00855" lon="12.74965">
        <time>2026-03-01T08:28:00Z</time>
      </trkpt>
      <trkpt lat="63.01129" lon="12.75255">
        <time>2026-03-01T08:38:00Z</time>
      </trkpt>
      <trkpt lat="63.01664" lon="12.7589">
        <time>2026-03-01T08:48:00Z</time>
      </trkpt>
      <trkpt lat="63.02193" lon="12.76435">
        <time>2026-03-01T08:58:00Z</time>
      </trkpt>
      <trkpt lat="63.02744" lon="12.76888">
        <time>2026-03-01T09:08:00Z</time>
      </trkpt>
      <trkpt lat="63.03204" lon="12.77718">
        <time>2026-03-01T09:18:00Z</time>
      </trkpt>
      <trkpt lat="63.03474" lon="12.78617">
        <time>2026-03-01T09:28:00Z</time>
      </trkpt>
      <trkpt lat="63.03839" lon="12.79443">
        <time>2026-03-01T09:38:00Z</time>
      </trkpt>
      <trkpt lat="63.04345" lon="12.79521">
        <time>2026-03-01T09:48:00Z</time>
      </trkpt>
      <trkpt lat="63.04872" lon="12.79342">
        <time>2026-03-01T09:58:00Z</time>
      </trkpt>
      <trkpt lat="63.05481" lon="12.79364">
        <time>2026-03-01T10:08:00Z</time>
      </trkpt>
      <trkpt lat="63.06136" lon="12.79742">
        <time>2026-03-01T10:18:00Z</time>
      </trkpt>
      <trkpt lat="63.06659" lon="12.80482">
        <time>2026-03-01T10:28:00Z</time>
      </trkpt>
      <trkpt lat="63.0728" lon="12.81108">
        <time>2026-03-01T10:38:00Z</time>
      </trkpt>
      <trkpt lat="63.07517" lon="12.81334">
        <time>2026-03-01T10:48:00Z</time>
      </trkpt>
      <trkpt lat="63.07903" lon="12.81928">
        <time>2026-03-01T10:58:00Z</time>
      </trkpt>
      <trkpt lat="63.08441" lon="12.81984">
        <time>2026-03-01T11:08:00Z</time>
      </trkpt>
      <trkpt lat="63.08849" lon="12.8187">
        <time>2026-03-01T11:18:00Z</time>
      </trkpt>
      <trkpt lat="63.09264" lon="12.8139">
        <time>2026-03-01T11:28:00Z</time>
      </trkpt>
      <trkpt lat="63.1006" lon="12.81381">
        <time>2026-03-01T11:38:00Z</time>
      </trkpt>
      <trkpt lat="63.10823" lon="12.81853">
        <time>2026-03-01T11:48:00Z</time>
      </trkpt>
      <trkpt lat="63.11208" lon="12.82752">
        <time>2026-03-01T11:58:00Z</time>
      </trkpt>
      <trkpt lat="63.11439" lon="12.8413">
        <time>2026-03-01T12:08:00Z</time>
      </trkpt>
      <trkpt lat="63.11624" lon="12.85363">
        <time>2026-03-01T12:18:00Z</time>
      </trkpt>
      <trkpt lat="63.11831" lon="12.86351">
        <time>2026-03-01T12:28:00Z</time>
      </trkpt>
      <trkpt lat="63.12415" lon="12.86707">
        <time>2026-03-01T12:38:00Z</time>
      </trkpt>
      <trkpt lat="63.12893" lon="12.8723">
        <time>2026-03-01T12:48:00Z</time>
      </trkpt>
      <trkpt lat="63.13345" lon="12.877">
        <time>2026-03-01T12:58:00Z</time>
      </trkpt>
      <trkpt lat="63.13397" lon="12.88451">
        <time>2026-03-01T13:08:00Z</time>
      </trkpt>
      <trkpt lat="63.1365" lon="12.89595">
        <time>2026-03-01T13:18:00Z</time>
      </trkpt>
      <trkpt lat="63.1421" lon="12.90292">
        <time>2026-03-01T13:28:00Z</time>
      </trkpt>
      <trkpt lat="63.14759" lon="12.90887">
        <time>2026-03-01T13:38:00Z</time>
      </trkpt>
      <trkpt lat="63.14867" lon="12.92232">
        <time>2026-03-01T13:48:00Z</time>
      </trkpt>
      <trkpt lat="63.14882" lon="12.93022">
        <time>2026-03-01T13:58:00Z</time>
      </trkpt>
      <trkpt lat="63.14849" lon="12.94296">
        <time>2026-03-01T14:08:00Z</time>
      </trkpt>
      <trkpt lat="63.14804" lon="12.95545">
        <time>2026-03-01T14:18:00Z</time>
      </trkpt>
      <trkpt lat="63.14883" lon="12.9665">
        <time>2026-03-01T14:43:00Z</time>
      </trkpt>
      <trkpt lat="63.1485" lon="12.9683">
        <time>2026-03-02T09:33:00Z</time>
      </trkpt>
      <trkpt lat="63.14823" lon="12.97457">
        <time>2026-03-02T09:43:00Z</time>
      </trkpt>
      <trkpt lat="63.1479" lon="12.98706">
        <time>2026-03-02T09:53:00Z</time>
      </trkpt>
      <trkpt lat="63.15106" lon="12.99249">
        <time>2026-03-02T10:03:00Z</time>
      </trkpt>
      <trkpt lat="63.15311" lon="13.00296">
        <time>2026-03-02T10:13:00Z</time>
      </trkpt>
      <trkpt lat="63.15461" lon="13.01487">
        <time>2026-03-02T10:23:00Z</time>
      </trkpt>
      <trkpt lat="63.15687" lon="13.03036">
        <time>2026-03-02T10:33:00Z</time>
      </trkpt>
      <trkpt lat="63.1598" lon="13.04317">
        <time>2026-03-02T10:43:00Z</time>
      </trkpt>
      <trkpt lat="63.16455" lon="13.05435">
        <time>2026-03-02T10:53:00Z</time>
      </trkpt>
      <trkpt lat="63.16723" lon="13.06128">
        <time>2026-03-02T11:03:00Z</time>
      </trkpt>
      <trkpt lat="63.17237" lon="13.06109">
        <time>2026-03-02T11:13:00Z</time>
      </trkpt>
      <trkpt lat="63.17831" lon="13.0621">
        <time>2026-03-02T11:23:00Z</time>
      </trkpt>
      <trkpt lat="63.18419" lon="13.06371">
        <time>2026-03-02T11:33:00Z</time>
      </trkpt>
      <trkpt lat="63.19003" lon="13.05834">
        <time>2026-03-02T11:43:00Z</time>
      </trkpt>
      <trkpt lat="63.19375" lon="13.05392">
        <time>2026-03-02T11:53:00Z</time>
      </trkpt>
      <trkpt lat="63.19842" lon="13.05952">
        <time>2026-03-02T12:03:00Z</time>
      </trkpt>
      <trkpt lat="63.20132" lon="13.07115">
        <time>2026-03-02T12:13:00Z</time>
      </trkpt>
      <trkpt lat="63.2025" lon="13.08194">
        <time>2026-03-02T12:23:00Z</time>
      </trkpt>
      <trkpt lat="63.20314" lon="13.09347">
        <time>2026-03-02T12:33:00Z</time>
      </trkpt>
      <trkpt lat="63.20259" lon="13.10782">
        <time>2026-03-02T12:43:00Z</time>
      </trkpt>
      <trkpt lat="63.20412" lon="13.12297">
        <time>2026-03-02T12:53:00Z</time>
      </trkpt>
      <trkpt lat="63.20536" lon="13.13698">
        <time>2026-03-02T13:03:00Z</time>
      </trkpt>
      <trkpt lat="63.20607" lon="13.15235">
        <time>2026-03-02T13:13:00Z</time>
      </trkpt>
      <trkpt lat="63.20618" lon="13.16567">
        <time>2026-03-02T13:23:00Z</time>
      </trkpt>
      <trkpt lat="63.21014" lon="13.17172">
        <time>2026-03-02T13:33:00Z</time>
      </trkpt>
      <trkpt lat="63.21658" lon="13.17018">
        <time>2026-03-02T13:43:00Z</time>
      </trkpt>
      <trkpt lat="63.22126" lon="13.17426">
        <time>2026-03-02T13:53:00Z</time>
      </trkpt>
      <trkpt lat="63.22277" lon="13.18215">
        <time>2026-03-02T14:03:00Z</time>
      </trkpt>
      <trkpt lat="63.22078" lon="13.19578">
        <time>2026-03-02T14:13:00Z</time>
      </trkpt>
      <trkpt lat="63.22497" lon="13.20176">
        <time>2026-03-02T14:23:00Z</time>
      </trkpt>
      <trkpt lat="63.2265" lon="13.21249">
        <time>2026-03-02T14:33:00Z</time>
      </trkpt>
      <trkpt lat="63.23041" lon="13.22367">
        <time>2026-03-02T14:43:00Z</time>
      </trkpt>
      <trkpt lat="63.23417" lon="13.2306">
        <time>2026-03-02T14:53:00Z</time>
      </trkpt>
      <trkpt lat="63.23617" lon="13.24515">
        <time>2026-03-02T15:03:00Z</time>
      </trkpt>
      <trkpt lat="63.23963" lon="13.25901">
        <time>2026-03-02T15:13:00Z</time>
      </trkpt>
      <trkpt lat="63.24379" lon="13.25876">
        <time>2026-03-02T15:23:00Z</time>
      </trkpt>
      <trkpt lat="63.24834" lon="13.26037">
        <time>2026-03-02T15:33:00Z</time>
      </trkpt>
      <trkpt lat="63.2522" lon="13.26425">
        <time>2026-03-02T15:43:00Z</time>
      </trkpt>
      <trkpt lat="63.25852" lon="13.27006">
        <time>2026-03-02T15:53:00Z</time>
      </trkpt>
      <trkpt lat="63.2658" lon="13.27234">
        <time>2026-03-02T16:03:00Z</time>
      </trkpt>
      <trkpt lat="63.27543" lon="13.27268">
        <time>2026-03-02T16:13:00Z</time>
      </trkpt>
      <trkpt lat="63.28389" lon="13.27828">
        <time>2026-03-02T16:23:00Z</time>
      </trkpt>
      <trkpt lat="63.29133" lon="13.27099">
        <time>2026-03-02T16:33:00Z</time>
      </trkpt>
      <trkpt lat="63.30193" lon="13.27818">
        <time>2026-03-02T16:43:00Z</time>
      </trkpt>
      <trkpt lat="63.30442" lon="13.27478">
        <time>2026-03-02T16:53:00Z</time>
      </trkpt>
      <trkpt lat="63.30642" lon="13.2614">
        <time>2026-03-02T17:03:00Z</time>
      </trkpt>
      <trkpt lat="63.31087" lon="13.25028">
        <time>2026-03-02T17:13:00Z</time>
      </trkpt>
      <trkpt lat="63.31118" lon="13.23874">
        <time>2026-03-02T17:23:00Z</time>
      </trkpt>
      <trkpt lat="63.31608" lon="13.23678">
        <time>2026-03-02T17:33:00Z</time>
      </trkpt>
      <trkpt lat="63.31601" lon="13.23687">
        <time>2026-03-02T17:36:00Z</time>
      </trkpt>
      <trkpt lat="63.31606" lon="13.23693">
        <time>2026-03-05T08:46:00Z</time>
      </trkpt>
      <trkpt lat="63.31772" lon="13.23854">
        <time>2026-03-05T08:56:00Z</time>
      </trkpt>
      <trkpt lat="63.32159" lon="13.24101">
        <time>2026-03-05T09:06:00Z</time>
      </trkpt>
      <trkpt lat="63.3259" lon="13.24335">
        <time>2026-03-05T09:16:00Z</time>
      </trkpt>
      <trkpt lat="63.32982" lon="13.24749">
        <time>2026-03-05T09:26:00Z</time>
      </trkpt>
      <trkpt lat="63.33156" lon="13.2577">
        <time>2026-03-05T09:36:00Z</time>
      </trkpt>
      <trkpt lat="63.33249" lon="13.26326">
        <time>2026-03-05T09:46:00Z</time>
      </trkpt>
      <trkpt lat="63.33694" lon="13.26554">
        <time>2026-03-05T09:56:00Z</time>
      </trkpt>
      <trkpt lat="63.34274" lon="13.26421">
        <time>2026-03-05T10:06:00Z</time>
      </trkpt>
      <trkpt lat="63.34763" lon="13.26002">
        <time>2026-03-05T10:16:00Z</time>
      </trkpt>
      <trkpt lat="63.35308" lon="13.26146">
        <time>2026-03-05T10:26:00Z</time>
      </trkpt>
      <trkpt lat="63.35835" lon="13.25646">
        <time>2026-03-05T10:36:00Z</time>
      </trkpt>
      <trkpt lat="63.36128" lon="13.2444">
        <time>2026-03-05T10:46:00Z</time>
      </trkpt>
      <trkpt lat="63.36494" lon="13.23738">
        <time>2026-03-05T10:56:00Z</time>
      </trkpt>
      <trkpt lat="63.36977" lon="13.23071">
        <time>2026-03-05T11:06:00Z</time>
      </trkpt>
      <trkpt lat="63.37475" lon="13.22309">
        <time>2026-03-05T11:16:00Z</time>
      </trkpt>
      <trkpt lat="63.3786" lon="13.22028">
        <time>2026-03-05T11:26:00Z</time>
      </trkpt>
      <trkpt lat="63.38188" lon="13.21614">
        <time>2026-03-05T11:36:00Z</time>
      </trkpt>
      <trkpt lat="63.38597" lon="13.21479">
        <time>2026-03-05T11:46:00Z</time>
      </trkpt>
      <trkpt lat="63.38986" lon="13.20953">
        <time>2026-03-05T11:56:00Z</time>
      </trkpt>
      <trkpt lat="63.39261" lon="13.20136">
        <time>2026-03-05T12:06:00Z</time>
      </trkpt>
      <trkpt lat="63.39704" lon="13.19554">
        <time>2026-03-05T12:16:00Z</time>
      </trkpt>
      <trkpt lat="63.39998" lon="13.19835">
        <time>2026-03-05T12:26:00Z</time>
      </trkpt>
      <trkpt lat="63.40205" lon="13.20586">
        <time>2026-03-05T12:36:00Z</time>
      </trkpt>
      <trkpt lat="63.40421" lon="13.20994">
        <time>2026-03-05T12:46:00Z</time>
      </trkpt>
      <trkpt lat="63.40434" lon="13.21236">
        <time>2026-03-05T12:56:00Z</time>
      </trkpt>
      <trkpt lat="63.40435" lon="13.21239">
        <time>2026-03-05T13:06:00Z</time>
      </trkpt>
      <trkpt lat="63.40641" lon="13.21829">
        <time>2026-03-05T13:16:00Z</time>
      </trkpt>
      <trkpt lat="63.40887" lon="13.22311">
        <time>2026-03-05T13:26:00Z</time>
      </trkpt>
      <trkpt lat="63.41125" lon="13.21998">
        <time>2026-03-05T13:36:00Z</time>
      </trkpt>
      <trkpt lat="63.4109" lon="13.21839">
        <time>2026-03-05T13:46:00Z</time>
      </trkpt>
      <trkpt lat="63.41088" lon="13.22573">
        <time>2026-03-05T13:56:00Z</time>
      </trkpt>
      <trkpt lat="63.41676" lon="13.22511">
        <time>2026-03-05T14:06:00Z</time>
      </trkpt>
      <trkpt lat="63.4218" lon="13.22071">
        <time>2026-03-05T14:16:00Z</time>
      </trkpt>
      <trkpt lat="63.42706" lon="13.22698">
        <time>2026-03-05T14:26:00Z</time>
      </trkpt>
      <trkpt lat="63.43128" lon="13.22288">
        <time>2026-03-05T14:36:00Z</time>
      </trkpt>
      <trkpt lat="63.43575" lon="13.22217">
        <time>2026-03-05T14:46:00Z</time>
      </trkpt>
      <trkpt lat="63.44035" lon="13.21618">
        <time>2026-03-05T14:56:00Z</time>
      </trkpt>
      <trkpt lat="63.44208" lon="13.22586">
        <time>2026-03-05T15:06:00Z</time>
      </trkpt>
      <trkpt lat="63.44665" lon="13.22556">
        <time>2026-03-05T15:16:00Z</time>
      </trkpt>
      <trkpt lat="63.44925" lon="13.21631">
        <time>2026-03-05T15:26:00Z</time>
      </trkpt>
      <trkpt lat="63.45215" lon="13.20608">
        <time>2026-03-05T15:36:00Z</time>
      </trkpt>
      <trkpt lat="63.45413" lon="13.20256">
        <time>2026-03-05T15:46:00Z</time>
      </trkpt>
      <trkpt lat="63.4561" lon="13.20925">
        <time>2026-03-05T15:56:00Z</time>
      </trkpt>
      <trkpt lat="63.46174" lon="13.21372">
        <time>2026-03-05T16:06:00Z</time>
      </trkpt>
      <trkpt lat="63.46623" lon="13.21331">
        <time>2026-03-05T16:16:00Z</time>
      </trkpt>
      <trkpt lat="63.47057" lon="13.20584">
        <time>2026-03-05T16:26:00Z</time>
      </trkpt>
      <trkpt lat="63.47411" lon="13.19855">
        <time>2026-03-05T16:36:00Z</time>
      </trkpt>
      <trkpt lat="63.47758" lon="13.19076">
        <time>2026-03-05T16:46:00Z</time>
      </trkpt>
      <trkpt lat="63.48122" lon="13.18325">
        <time>2026-03-05T16:56:00Z</time>
      </trkpt>
      <trkpt lat="63.48572" lon="13.17569">
        <time>2026-03-05T17:06:00Z</time>
      </trkpt>
      <trkpt lat="63.49033" lon="13.16996">
        <time>2026-03-05T17:16:00Z</time>
      </trkpt>
      <trkpt lat="63.49485" lon="13.16507">
        <time>2026-03-05T17:26:00Z</time>
      </trkpt>
      <trkpt lat="63.49861" lon="13.156">
        <time>2026-03-05T17:36:00Z</time>
      </trkpt>
      <trkpt lat="63.50108" lon="13.14979">
        <time>2026-03-05T17:46:00Z</time>
      </trkpt>
      <trkpt lat="63.50378" lon="13.14479">
        <time>2026-03-05T17:56:00Z</time>
      </trkpt>
      <trkpt lat="63.50377" lon="13.14482">
        <time>2026-03-05T18:06:00Z</time>
      </trkpt>
      <trkpt lat="63.50383" lon="13.14413">
        <time>2026-03-05T18:13:00Z</time>
      </trkpt>
      <trkpt lat="63.50382" lon="13.14441">
        <time>2026-03-06T08:02:00Z</time>
      </trkpt>
      <trkpt lat="63.50558" lon="13.13737">
        <time>2026-03-06T08:12:00Z</time>
      </trkpt>
      <trkpt lat="63.50902" lon="13.12763">
        <time>2026-03-06T08:22:00Z</time>
      </trkpt>
      <trkpt lat="63.51391" lon="13.11943">
        <time>2026-03-06T08:32:00Z</time>
      </trkpt>
      <trkpt lat="63.51737" lon="13.11321">
        <time>2026-03-06T08:42:00Z</time>
      </trkpt>
      <trkpt lat="63.51792" lon="13.1119">
        <time>2026-03-06T08:52:00Z</time>
      </trkpt>
      <trkpt lat="63.52154" lon="13.1039">
        <time>2026-03-06T09:02:00Z</time>
      </trkpt>
      <trkpt lat="63.52417" lon="13.09415">
        <time>2026-03-06T09:12:00Z</time>
      </trkpt>
      <trkpt lat="63.52582" lon="13.08229">
        <time>2026-03-06T09:22:00Z</time>
      </trkpt>
      <trkpt lat="63.52773" lon="13.07325">
        <time>2026-03-06T09:32:00Z</time>
      </trkpt>
      <trkpt lat="63.53074" lon="13.06551">
        <time>2026-03-06T09:42:00Z</time>
      </trkpt>
      <trkpt lat="63.53395" lon="13.05641">
        <time>2026-03-06T09:52:00Z</time>
      </trkpt>
      <trkpt lat="63.53759" lon="13.04746">
        <time>2026-03-06T10:02:00Z</time>
      </trkpt>
      <trkpt lat="63.54145" lon="13.03901">
        <time>2026-03-06T10:12:00Z</time>
      </trkpt>
      <trkpt lat="63.54568" lon="13.03203">
        <time>2026-03-06T10:22:00Z</time>
      </trkpt>
      <trkpt lat="63.55023" lon="13.02551">
        <time>2026-03-06T10:32:00Z</time>
      </trkpt>
      <trkpt lat="63.55449" lon="13.01955">
        <time>2026-03-06T10:42:00Z</time>
      </trkpt>
      <trkpt lat="63.55558" lon="13.01845">
        <time>2026-03-06T10:52:00Z</time>
      </trkpt>
      <trkpt lat="63.55904" lon="13.01603">
        <time>2026-03-06T11:02:00Z</time>
      </trkpt>
      <trkpt lat="63.56089" lon="13.01764">
        <time>2026-03-06T11:12:00Z</time>
      </trkpt>
      <trkpt lat="63.56094" lon="13.02577">
        <time>2026-03-06T11:22:00Z</time>
      </trkpt>
      <trkpt lat="63.55991" lon="13.0324">
        <time>2026-03-06T11:32:00Z</time>
      </trkpt>
      <trkpt lat="63.55954" lon="13.03581">
        <time>2026-03-06T11:42:00Z</time>
      </trkpt>
      <trkpt lat="63.5594" lon="13.0419">
        <time>2026-03-06T11:52:00Z</time>
      </trkpt>
      <trkpt lat="63.55855" lon="13.04899">
        <time>2026-03-06T12:02:00Z</time>
      </trkpt>
      <trkpt lat="63.55806" lon="13.05916">
        <time>2026-03-06T12:12:00Z</time>
      </trkpt>
      <trkpt lat="63.55982" lon="13.06641">
        <time>2026-03-06T12:22:00Z</time>
      </trkpt>
      <trkpt lat="63.56229" lon="13.07171">
        <time>2026-03-06T12:32:00Z</time>
      </trkpt>
      <trkpt lat="63.56412" lon="13.08111">
        <time>2026-03-06T12:42:00Z</time>
      </trkpt>
      <trkpt lat="63.56358" lon="13.08922">
        <time>2026-03-06T12:52:00Z</time>
      </trkpt>
      <trkpt lat="63.56145" lon="13.09696">
        <time>2026-03-06T13:02:00Z</time>
      </trkpt>
      <trkpt lat="63.55766" lon="13.11314">
        <time>2026-03-06T13:12:00Z</time>
      </trkpt>
      <trkpt lat="63.55747" lon="13.11892">
        <time>2026-03-06T13:22:00Z</time>
      </trkpt>
      <trkpt lat="63.55598" lon="13.1252">
        <time>2026-03-06T13:32:00Z</time>
      </trkpt>
      <trkpt lat="63.55551" lon="13.13733">
        <time>2026-03-06T13:42:00Z</time>
      </trkpt>
      <trkpt lat="63.55589" lon="13.1458">
        <time>2026-03-06T13:52:00Z</time>
      </trkpt>
      <trkpt lat="63.5547" lon="13.15497">
        <time>2026-03-06T14:02:00Z</time>
      </trkpt>
      <trkpt lat="63.55995" lon="13.15765">
        <time>2026-03-06T14:12:00Z</time>
      </trkpt>
      <trkpt lat="63.56189" lon="13.1622">
        <time>2026-03-06T14:22:00Z</time>
      </trkpt>
      <trkpt lat="63.56492" lon="13.17029">
        <time>2026-03-06T14:32:00Z</time>
      </trkpt>
      <trkpt lat="63.56687" lon="13.17453">
        <time>2026-03-06T14:42:00Z</time>
      </trkpt>
      <trkpt lat="63.57057" lon="13.17773">
        <time>2026-03-06T14:52:00Z</time>
      </trkpt>
      <trkpt lat="63.57394" lon="13.17284">
        <time>2026-03-06T15:02:00Z</time>
      </trkpt>
      <trkpt lat="63.57703" lon="13.17795">
        <time>2026-03-06T15:12:00Z</time>
      </trkpt>
      <trkpt lat="63.58203" lon="13.18666">
        <time>2026-03-06T15:22:00Z</time>
      </trkpt>
      <trkpt lat="63.58695" lon="13.19069">
        <time>2026-03-06T15:32:00Z</time>
      </trkpt>
      <trkpt lat="63.59158" lon="13.18908">
        <time>2026-03-06T15:42:00Z</time>
      </trkpt>
      <trkpt lat="63.59555" lon="13.18224">
        <time>2026-03-06T15:52:00Z</time>
      </trkpt>
      <trkpt lat="63.60145" lon="13.17994">
        <time>2026-03-06T16:02:00Z</time>
      </trkpt>
      <trkpt lat="63.60431" lon="13.19295">
        <time>2026-03-06T16:12:00Z</time>
      </trkpt>
      <trkpt lat="63.61096" lon="13.20481">
        <time>2026-03-06T16:22:00Z</time>
      </trkpt>
      <trkpt lat="63.61488" lon="13.21065">
        <time>2026-03-06T16:32:00Z</time>
      </trkpt>
      <trkpt lat="63.61785" lon="13.21043">
        <time>2026-03-06T16:42:00Z</time>
      </trkpt>
      <trkpt lat="63.61992" lon="13.21043">
        <time>2026-03-06T16:52:00Z</time>
      </trkpt>
      <trkpt lat="63.62388" lon="13.21784">
        <time>2026-03-06T17:02:00Z</time>
      </trkpt>
      <trkpt lat="63.62789" lon="13.22226">
        <time>2026-03-06T17:12:00Z</time>
      </trkpt>
      <trkpt lat="63.63154" lon="13.22372">
        <time>2026-03-06T17:22:00Z</time>
      </trkpt>
      <trkpt lat="63.634" lon="13.22648">
        <time>2026-03-06T17:31:00Z</time>
      </trkpt>
      <trkpt lat="63.63388" lon="13.22668">
        <time>2026-03-07T07:54:00Z</time>
      </trkpt>
      <trkpt lat="63.63476" lon="13.22781">
        <time>2026-03-07T08:04:00Z</time>
      </trkpt>
      <trkpt lat="63.63774" lon="13.23283">
        <time>2026-03-07T08:14:00Z</time>
      </trkpt>
      <trkpt lat="63.63937" lon="13.2406">
        <time>2026-03-07T08:24:00Z</time>
      </trkpt>
      <trkpt lat="63.63991" lon="13.24912">
        <time>2026-03-07T08:34:00Z</time>
      </trkpt>
      <trkpt lat="63.63901" lon="13.26082">
        <time>2026-03-07T08:44:00Z</time>
      </trkpt>
      <trkpt lat="63.64135" lon="13.2729">
        <time>2026-03-07T08:54:00Z</time>
      </trkpt>
      <trkpt lat="63.64089" lon="13.28412">
        <time>2026-03-07T09:04:00Z</time>
      </trkpt>
      <trkpt lat="63.64083" lon="13.2918">
        <time>2026-03-07T09:14:00Z</time>
      </trkpt>
      <trkpt lat="63.64584" lon="13.28822">
        <time>2026-03-07T09:24:00Z</time>
      </trkpt>
      <trkpt lat="63.64968" lon="13.28665">
        <time>2026-03-07T09:34:00Z</time>
      </trkpt>
      <trkpt lat="63.65449" lon="13.28609">
        <time>2026-03-07T09:44:00Z</time>
      </trkpt>
      <trkpt lat="63.65972" lon="13.29026">
        <time>2026-03-07T09:54:00Z</time>
      </trkpt>
      <trkpt lat="63.66434" lon="13.28961">
        <time>2026-03-07T10:04:00Z</time>
      </trkpt>
      <trkpt lat="63.66803" lon="13.29779">
        <time>2026-03-07T10:14:00Z</time>
      </trkpt>
      <trkpt lat="63.66967" lon="13.30682">
        <time>2026-03-07T10:24:00Z</time>
      </trkpt>
      <trkpt lat="63.67353" lon="13.31373">
        <time>2026-03-07T10:34:00Z</time>
      </trkpt>
      <trkpt lat="63.67459" lon="13.31734">
        <time>2026-03-07T10:44:00Z</time>
      </trkpt>
      <trkpt lat="63.67881" lon="13.31665">
        <time>2026-03-07T10:54:00Z</time>
      </trkpt>
      <trkpt lat="63.68072" lon="13.32416">
        <time>2026-03-07T11:04:00Z</time>
      </trkpt>
      <trkpt lat="63.67991" lon="13.33">
        <time>2026-03-07T11:14:00Z</time>
      </trkpt>
      <trkpt lat="63.68233" lon="13.33729">
        <time>2026-03-07T11:24:00Z</time>
      </trkpt>
      <trkpt lat="63.684" lon="13.34727">
        <time>2026-03-07T11:34:00Z</time>
      </trkpt>
      <trkpt lat="63.68565" lon="13.35952">
        <time>2026-03-07T11:44:00Z</time>
      </trkpt>
      <trkpt lat="63.6857" lon="13.36954">
        <time>2026-03-07T11:54:00Z</time>
      </trkpt>
      <trkpt lat="63.68774" lon="13.38044">
        <time>2026-03-07T12:04:00Z</time>
      </trkpt>
      <trkpt lat="63.68783" lon="13.39349">
        <time>2026-03-07T12:14:00Z</time>
      </trkpt>
      <trkpt lat="63.68891" lon="13.40619">
        <time>2026-03-07T12:24:00Z</time>
      </trkpt>
      <trkpt lat="63.68921" lon="13.42031">
        <time>2026-03-07T12:34:00Z</time>
      </trkpt>
      <trkpt lat="63.68807" lon="13.43293">
        <time>2026-03-07T12:44:00Z</time>
      </trkpt>
      <trkpt lat="63.6883" lon="13.43696">
        <time>2026-03-07T12:54:00Z</time>
      </trkpt>
      <trkpt lat="63.69248" lon="13.4469">
        <time>2026-03-07T13:04:00Z</time>
      </trkpt>
      <trkpt lat="63.69264" lon="13.45733">
        <time>2026-03-07T13:14:00Z</time>
      </trkpt>
      <trkpt lat="63.69178" lon="13.46793">
        <time>2026-03-07T13:24:00Z</time>
      </trkpt>
      <trkpt lat="63.69103" lon="13.4791">
        <time>2026-03-07T13:34:00Z</time>
      </trkpt>
      <trkpt lat="63.68975" lon="13.48964">
        <time>2026-03-07T13:44:00Z</time>
      </trkpt>
      <trkpt lat="63.69" lon="13.50086">
        <time>2026-03-07T13:54:00Z</time>
      </trkpt>
      <trkpt lat="63.68904" lon="13.51163">
        <time>2026-03-07T14:04:00Z</time>
      </trkpt>
      <trkpt lat="63.68951" lon="13.51809">
        <time>2026-03-07T14:14:00Z</time>
      </trkpt>
      <trkpt lat="63.69118" lon="13.52822">
        <time>2026-03-07T14:24:00Z</time>
      </trkpt>
      <trkpt lat="63.69324" lon="13.53756">
        <time>2026-03-07T14:34:00Z</time>
      </trkpt>
      <trkpt lat="63.69288" lon="13.54768">
        <time>2026-03-07T14:44:00Z</time>
      </trkpt>
      <trkpt lat="63.69367" lon="13.56011">
        <time>2026-03-07T14:54:00Z</time>
      </trkpt>
      <trkpt lat="63.69306" lon="13.56772">
        <time>2026-03-07T15:04:00Z</time>
      </trkpt>
      <trkpt lat="63.69113" lon="13.57957">
        <time>2026-03-07T15:14:00Z</time>
      </trkpt>
      <trkpt lat="63.69097" lon="13.59195">
        <time>2026-03-07T15:24:00Z</time>
      </trkpt>
      <trkpt lat="63.69428" lon="13.5992">
        <time>2026-03-07T15:34:00Z</time>
      </trkpt>
      <trkpt lat="63.69544" lon="13.61103">
        <time>2026-03-07T15:44:00Z</time>
      </trkpt>
      <trkpt lat="63.69534" lon="13.62377">
        <time>2026-03-07T15:54:00Z</time>
      </trkpt>
      <trkpt lat="63.69634" lon="13.62598">
        <time>2026-03-07T16:03:00Z</time>
      </trkpt>
      <trkpt lat="63.69626" lon="13.62568">
        <time>2026-03-07T18:03:00Z</time>
      </trkpt>
      <trkpt lat="63.69627" lon="13.62564">
        <time>2026-03-07T18:34:00Z</time>
      </trkpt>
      <trkpt lat="63.69632" lon="13.62598">
        <time>2026-03-08T08:45:00Z</time>
      </trkpt>
      <trkpt lat="63.69647" lon="13.62577">
        <time>2026-03-08T08:57:00Z</time>
      </trkpt>
      <trkpt lat="63.70174" lon="13.62748">
        <time>2026-03-08T09:07:00Z</time>
      </trkpt>
      <trkpt lat="63.70764" lon="13.62515">
        <time>2026-03-08T09:17:00Z</time>
      </trkpt>
      <trkpt lat="63.71148" lon="13.61455">
        <time>2026-03-08T09:27:00Z</time>
      </trkpt>
      <trkpt lat="63.71628" lon="13.61313">
        <time>2026-03-08T09:37:00Z</time>
      </trkpt>
      <trkpt lat="63.72124" lon="13.61581">
        <time>2026-03-08T09:47:00Z</time>
      </trkpt>
      <trkpt lat="63.72573" lon="13.61997">
        <time>2026-03-08T09:57:00Z</time>
      </trkpt>
      <trkpt lat="63.73112" lon="13.62017">
        <time>2026-03-08T10:07:00Z</time>
      </trkpt>
      <trkpt lat="63.73553" lon="13.62279">
        <time>2026-03-08T10:17:00Z</time>
      </trkpt>
      <trkpt lat="63.74003" lon="13.62663">
        <time>2026-03-08T10:27:00Z</time>
      </trkpt>
      <trkpt lat="63.745" lon="13.62974">
        <time>2026-03-08T10:37:00Z</time>
      </trkpt>
      <trkpt lat="63.74756" lon="13.63669">
        <time>2026-03-08T10:47:00Z</time>
      </trkpt>
      <trkpt lat="63.74925" lon="13.64212">
        <time>2026-03-08T10:57:00Z</time>
      </trkpt>
      <trkpt lat="63.74955" lon="13.65199">
        <time>2026-03-08T11:07:00Z</time>
      </trkpt>
      <trkpt lat="63.75341" lon="13.6527">
        <time>2026-03-08T11:17:00Z</time>
      </trkpt>
      <trkpt lat="63.75467" lon="13.6581">
        <time>2026-03-08T11:27:00Z</time>
      </trkpt>
      <trkpt lat="63.75299" lon="13.66881">
        <time>2026-03-08T11:37:00Z</time>
      </trkpt>
      <trkpt lat="63.75147" lon="13.67836">
        <time>2026-03-08T11:47:00Z</time>
      </trkpt>
      <trkpt lat="63.74984" lon="13.68939">
        <time>2026-03-08T11:57:00Z</time>
      </trkpt>
      <trkpt lat="63.74808" lon="13.70085">
        <time>2026-03-08T12:07:00Z</time>
      </trkpt>
      <trkpt lat="63.74606" lon="13.71387">
        <time>2026-03-08T12:17:00Z</time>
      </trkpt>
      <trkpt lat="63.74416" lon="13.72529">
        <time>2026-03-08T12:27:00Z</time>
      </trkpt>
      <trkpt lat="63.74466" lon="13.73921">
        <time>2026-03-08T12:37:00Z</time>
      </trkpt>
      <trkpt lat="63.74836" lon="13.74803">
        <time>2026-03-08T12:47:00Z</time>
      </trkpt>
      <trkpt lat="63.74954" lon="13.75612">
        <time>2026-03-08T12:57:00Z</time>
      </trkpt>
      <trkpt lat="63.75059" lon="13.76814">
        <time>2026-03-08T13:07:00Z</time>
      </trkpt>
      <trkpt lat="63.75384" lon="13.77408">
        <time>2026-03-08T13:17:00Z</time>
      </trkpt>
      <trkpt lat="63.75765" lon="13.77822">
        <time>2026-03-08T13:27:00Z</time>
      </trkpt>
      <trkpt lat="63.75922" lon="13.782">
        <time>2026-03-08T13:37:00Z</time>
      </trkpt>
      <trkpt lat="63.76175" lon="13.79106">
        <time>2026-03-08T13:47:00Z</time>
      </trkpt>
      <trkpt lat="63.76552" lon="13.79824">
        <time>2026-03-08T13:57:00Z</time>
      </trkpt>
      <trkpt lat="63.76774" lon="13.80674">
        <time>2026-03-08T14:07:00Z</time>
      </trkpt>
      <trkpt lat="63.7706" lon="13.8153">
        <time>2026-03-08T14:17:00Z</time>
      </trkpt>
      <trkpt lat="63.77436" lon="13.8226">
        <time>2026-03-08T14:27:00Z</time>
      </trkpt>
      <trkpt lat="63.77495" lon="13.82951">
        <time>2026-03-08T14:37:00Z</time>
      </trkpt>
      <trkpt lat="63.78007" lon="13.82603">
        <time>2026-03-08T14:47:00Z</time>
      </trkpt>
      <trkpt lat="63.78048" lon="13.82073">
        <time>2026-03-08T14:57:00Z</time>
      </trkpt>
      <trkpt lat="63.78057" lon="13.82069">
        <time>2026-03-08T15:06:00Z</time>
      </trkpt>
      <trkpt lat="63.78056" lon="13.82084">
        <time>2026-03-08T15:48:00Z</time>
      </trkpt>
      <trkpt lat="63.78078" lon="13.82062">
        <time>2026-03-08T16:49:00Z</time>
      </trkpt>
      <trkpt lat="63.78038" lon="13.82112">
        <time>2026-03-09T07:38:00Z</time>
      </trkpt>
      <trkpt lat="63.78062" lon="13.82118">
        <time>2026-03-09T07:50:00Z</time>
      </trkpt>
      <trkpt lat="63.78249" lon="13.82704">
        <time>2026-03-09T08:00:00Z</time>
      </trkpt>
      <trkpt lat="63.78666" lon="13.83391">
        <time>2026-03-09T08:10:00Z</time>
      </trkpt>
      <trkpt lat="63.79283" lon="13.83708">
        <time>2026-03-09T08:20:00Z</time>
      </trkpt>
      <trkpt lat="63.79927" lon="13.83513">
        <time>2026-03-09T08:30:00Z</time>
      </trkpt>
      <trkpt lat="63.80536" lon="13.8356">
        <time>2026-03-09T08:40:00Z</time>
      </trkpt>
      <trkpt lat="63.81131" lon="13.82987">
        <time>2026-03-09T08:50:00Z</time>
      </trkpt>
      <trkpt lat="63.81856" lon="13.83056">
        <time>2026-03-09T09:00:00Z</time>
      </trkpt>
      <trkpt lat="63.82194" lon="13.837">
        <time>2026-03-09T09:10:00Z</time>
      </trkpt>
      <trkpt lat="63.8247" lon="13.85127">
        <time>2026-03-09T09:20:00Z</time>
      </trkpt>
      <trkpt lat="63.82799" lon="13.86498">
        <time>2026-03-09T09:30:00Z</time>
      </trkpt>
      <trkpt lat="63.83305" lon="13.87026">
        <time>2026-03-09T09:40:00Z</time>
      </trkpt>
      <trkpt lat="63.83669" lon="13.87461">
        <time>2026-03-09T09:50:00Z</time>
      </trkpt>
      <trkpt lat="63.84172" lon="13.87637">
        <time>2026-03-09T10:00:00Z</time>
      </trkpt>
      <trkpt lat="63.84834" lon="13.87852">
        <time>2026-03-09T10:10:00Z</time>
      </trkpt>
      <trkpt lat="63.85435" lon="13.87637">
        <time>2026-03-09T10:20:00Z</time>
      </trkpt>
      <trkpt lat="63.8606" lon="13.87828">
        <time>2026-03-09T10:30:00Z</time>
      </trkpt>
      <trkpt lat="63.86521" lon="13.87418">
        <time>2026-03-09T10:40:00Z</time>
      </trkpt>
      <trkpt lat="63.87061" lon="13.86867">
        <time>2026-03-09T10:50:00Z</time>
      </trkpt>
      <trkpt lat="63.87658" lon="13.86818">
        <time>2026-03-09T11:00:00Z</time>
      </trkpt>
      <trkpt lat="63.88053" lon="13.86041">
        <time>2026-03-09T11:10:00Z</time>
      </trkpt>
      <trkpt lat="63.88586" lon="13.85582">
        <time>2026-03-09T11:20:00Z</time>
      </trkpt>
      <trkpt lat="63.88936" lon="13.85742">
        <time>2026-03-09T11:30:00Z</time>
      </trkpt>
      <trkpt lat="63.89286" lon="13.86431">
        <time>2026-03-09T11:40:00Z</time>
      </trkpt>
      <trkpt lat="63.89766" lon="13.86678">
        <time>2026-03-09T11:50:00Z</time>
      </trkpt>
      <trkpt lat="63.90193" lon="13.86575">
        <time>2026-03-09T12:00:00Z</time>
      </trkpt>
      <trkpt lat="63.90352" lon="13.8641">
        <time>2026-03-09T12:10:00Z</time>
      </trkpt>
      <trkpt lat="63.90547" lon="13.86511">
        <time>2026-03-09T12:20:00Z</time>
      </trkpt>
      <trkpt lat="63.9099" lon="13.86663">
        <time>2026-03-09T12:30:00Z</time>
      </trkpt>
      <trkpt lat="63.91526" lon="13.86792">
        <time>2026-03-09T12:40:00Z</time>
      </trkpt>
      <trkpt lat="63.91995" lon="13.8718">
        <time>2026-03-09T12:50:00Z</time>
      </trkpt>
      <trkpt lat="63.92583" lon="13.87378">
        <time>2026-03-09T13:00:00Z</time>
      </trkpt>
      <trkpt lat="63.9297" lon="13.88453">
        <time>2026-03-09T13:10:00Z</time>
      </trkpt>
      <trkpt lat="63.93334" lon="13.89345">
        <time>2026-03-09T13:20:00Z</time>
      </trkpt>
      <trkpt lat="63.93914" lon="13.89856">
        <time>2026-03-09T13:30:00Z</time>
      </trkpt>
      <trkpt lat="63.94326" lon="13.90884">
        <time>2026-03-09T13:40:00Z</time>
      </trkpt>
      <trkpt lat="63.94816" lon="13.91894">
        <time>2026-03-09T13:50:00Z</time>
      </trkpt>
      <trkpt lat="63.9546" lon="13.9307">
        <time>2026-03-09T14:00:00Z</time>
      </trkpt>
      <trkpt lat="63.95822" lon="13.94321">
        <time>2026-03-09T14:10:00Z</time>
      </trkpt>
      <trkpt lat="63.96009" lon="13.94826">
        <time>2026-03-09T14:20:00Z</time>
      </trkpt>
      <trkpt lat="63.9646" lon="13.94849">
        <time>2026-03-09T14:30:00Z</time>
      </trkpt>
      <trkpt lat="63.96756" lon="13.94742">
        <time>2026-03-09T14:40:00Z</time>
      </trkpt>
      <trkpt lat="63.97189" lon="13.95298">
        <time>2026-03-09T14:50:00Z</time>
      </trkpt>
      <trkpt lat="63.97476" lon="13.96182">
        <time>2026-03-09T15:00:00Z</time>
      </trkpt>
      <trkpt lat="63.9787" lon="13.96999">
        <time>2026-03-09T15:10:00Z</time>
      </trkpt>
      <trkpt lat="63.98196" lon="13.97091">
        <time>2026-03-09T15:20:00Z</time>
      </trkpt>
      <trkpt lat="63.98747" lon="13.97278">
        <time>2026-03-09T15:30:00Z</time>
      </trkpt>
      <trkpt lat="63.99193" lon="13.9801">
        <time>2026-03-09T15:40:00Z</time>
      </trkpt>
      <trkpt lat="63.99663" lon="13.98757">
        <time>2026-03-09T15:50:00Z</time>
      </trkpt>
      <trkpt lat="63.99646" lon="13.9916">
        <time>2026-03-09T16:00:00Z</time>
      </trkpt>
      <trkpt lat="63.99764" lon="13.99636">
        <time>2026-03-09T16:10:00Z</time>
      </trkpt>
      <trkpt lat="64.00057" lon="14.00329">
        <time>2026-03-09T16:20:00Z</time>
      </trkpt>
      <trkpt lat="64.0049" lon="14.00804">
        <time>2026-03-09T16:30:00Z</time>
      </trkpt>
      <trkpt lat="64.00598" lon="14.01943">
        <time>2026-03-09T16:40:00Z</time>
      </trkpt>
      <trkpt lat="64.01076" lon="14.01724">
        <time>2026-03-09T16:50:00Z</time>
      </trkpt>
      <trkpt lat="64.01491" lon="14.01113">
        <time>2026-03-09T17:00:00Z</time>
      </trkpt>
      <trkpt lat="64.01609" lon="14.00892">
        <time>2026-03-09T17:07:00Z</time>
      </trkpt>
      <trkpt lat="64.01614" lon="14.00913">
        <time>2026-03-10T08:12:00Z</time>
      </trkpt>
      <trkpt lat="64.0173" lon="14.01301">
        <time>2026-03-10T08:22:00Z</time>
      </trkpt>
      <trkpt lat="64.01875" lon="14.0172">
        <time>2026-03-10T08:32:00Z</time>
      </trkpt>
      <trkpt lat="64.01986" lon="14.02544">
        <time>2026-03-10T08:42:00Z</time>
      </trkpt>
      <trkpt lat="64.02269" lon="14.03445">
        <time>2026-03-10T08:52:00Z</time>
      </trkpt>
      <trkpt lat="64.02445" lon="14.03913">
        <time>2026-03-10T09:02:00Z</time>
      </trkpt>
      <trkpt lat="64.02571" lon="14.04509">
        <time>2026-03-10T09:12:00Z</time>
      </trkpt>
      <trkpt lat="64.02553" lon="14.05765">
        <time>2026-03-10T09:22:00Z</time>
      </trkpt>
      <trkpt lat="64.02651" lon="14.06951">
        <time>2026-03-10T09:32:00Z</time>
      </trkpt>
      <trkpt lat="64.02835" lon="14.08026">
        <time>2026-03-10T09:42:00Z</time>
      </trkpt>
      <trkpt lat="64.03052" lon="14.08696">
        <time>2026-03-10T09:52:00Z</time>
      </trkpt>
      <trkpt lat="64.03826" lon="14.08848">
        <time>2026-03-10T10:02:00Z</time>
      </trkpt>
      <trkpt lat="64.04455" lon="14.10342">
        <time>2026-03-10T10:12:00Z</time>
      </trkpt>
      <trkpt lat="64.04842" lon="14.10262">
        <time>2026-03-10T10:22:00Z</time>
      </trkpt>
      <trkpt lat="64.05127" lon="14.09331">
        <time>2026-03-10T10:32:00Z</time>
      </trkpt>
      <trkpt lat="64.05459" lon="14.08601">
        <time>2026-03-10T10:42:00Z</time>
      </trkpt>
      <trkpt lat="64.05977" lon="14.09061">
        <time>2026-03-10T10:52:00Z</time>
      </trkpt>
      <trkpt lat="64.06425" lon="14.08863">
        <time>2026-03-10T11:02:00Z</time>
      </trkpt>
      <trkpt lat="64.06748" lon="14.10138">
        <time>2026-03-10T11:12:00Z</time>
      </trkpt>
      <trkpt lat="64.06924" lon="14.11236">
        <time>2026-03-10T11:22:00Z</time>
      </trkpt>
      <trkpt lat="64.0706" lon="14.11273">
        <time>2026-03-10T11:32:00Z</time>
      </trkpt>
      <trkpt lat="64.07241" lon="14.12095">
        <time>2026-03-10T11:42:00Z</time>
      </trkpt>
      <trkpt lat="64.07178" lon="14.13487">
        <time>2026-03-10T11:52:00Z</time>
      </trkpt>
      <trkpt lat="64.07427" lon="14.14067">
        <time>2026-03-10T12:02:00Z</time>
      </trkpt>
      <trkpt lat="64.07939" lon="14.13775">
        <time>2026-03-10T12:12:00Z</time>
      </trkpt>
      <trkpt lat="64.08576" lon="14.13792">
        <time>2026-03-10T12:22:00Z</time>
      </trkpt>
      <trkpt lat="64.09293" lon="14.13854">
        <time>2026-03-10T12:32:00Z</time>
      </trkpt>
      <trkpt lat="64.09815" lon="14.14706">
        <time>2026-03-10T12:42:00Z</time>
      </trkpt>
      <trkpt lat="64.10307" lon="14.15054">
        <time>2026-03-10T12:52:00Z</time>
      </trkpt>
      <trkpt lat="64.10912" lon="14.14942">
        <time>2026-03-10T13:02:00Z</time>
      </trkpt>
      <trkpt lat="64.11508" lon="14.15114">
        <time>2026-03-10T13:12:00Z</time>
      </trkpt>
      <trkpt lat="64.12005" lon="14.14886">
        <time>2026-03-10T13:22:00Z</time>
      </trkpt>
      <trkpt lat="64.1232" lon="14.15354">
        <time>2026-03-10T13:32:00Z</time>
      </trkpt>
      <trkpt lat="64.12528" lon="14.15676">
        <time>2026-03-10T13:42:00Z</time>
      </trkpt>
      <trkpt lat="64.1267" lon="14.16154">
        <time>2026-03-10T13:52:00Z</time>
      </trkpt>
      <trkpt lat="64.12853" lon="14.16747">
        <time>2026-03-10T14:02:00Z</time>
      </trkpt>
      <trkpt lat="64.13019" lon="14.17631">
        <time>2026-03-10T14:12:00Z</time>
      </trkpt>
      <trkpt lat="64.13253" lon="14.1832">
        <time>2026-03-10T14:22:00Z</time>
      </trkpt>
      <trkpt lat="64.13674" lon="14.1885">
        <time>2026-03-10T14:32:00Z</time>
      </trkpt>
      <trkpt lat="64.14023" lon="14.19313">
        <time>2026-03-10T14:42:00Z</time>
      </trkpt>
      <trkpt lat="64.14318" lon="14.20047">
        <time>2026-03-10T14:52:00Z</time>
      </trkpt>
      <trkpt lat="64.14535" lon="14.20695">
        <time>2026-03-10T15:02:00Z</time>
      </trkpt>
      <trkpt lat="64.14713" lon="14.21394">
        <time>2026-03-10T15:12:00Z</time>
      </trkpt>
      <trkpt lat="64.14864" lon="14.21903">
        <time>2026-03-10T15:22:00Z</time>
      </trkpt>
      <trkpt lat="64.15109" lon="14.22124">
        <time>2026-03-10T15:32:00Z</time>
      </trkpt>
      <trkpt lat="64.15393" lon="14.22545">
        <time>2026-03-10T15:42:00Z</time>
      </trkpt>
      <trkpt lat="64.15635" lon="14.23274">
        <time>2026-03-10T15:52:00Z</time>
      </trkpt>
      <trkpt lat="64.15915" lon="14.23984">
        <time>2026-03-10T16:02:00Z</time>
      </trkpt>
      <trkpt lat="64.16212" lon="14.24396">
        <time>2026-03-10T16:12:00Z</time>
      </trkpt>
      <trkpt lat="64.16516" lon="14.24819">
        <time>2026-03-10T16:22:00Z</time>
      </trkpt>
      <trkpt lat="64.16966" lon="14.24903">
        <time>2026-03-10T16:32:00Z</time>
      </trkpt>
      <trkpt lat="64.17335" lon="14.24849">
        <time>2026-03-10T16:42:00Z</time>
      </trkpt>
      <trkpt lat="64.17686" lon="14.24521">
        <time>2026-03-10T16:52:00Z</time>
      </trkpt>
      <trkpt lat="64.18072" lon="14.24465">
        <time>2026-03-10T17:02:00Z</time>
      </trkpt>
      <trkpt lat="64.18294" lon="14.24888">
        <time>2026-03-10T17:12:00Z</time>
      </trkpt>
      <trkpt lat="64.18719" lon="14.25428">
        <time>2026-03-10T17:22:00Z</time>
      </trkpt>
      <trkpt lat="64.18951" lon="14.25639">
        <time>2026-03-10T17:32:00Z</time>
      </trkpt>
      <trkpt lat="64.18958" lon="14.25643">
        <time>2026-03-10T17:40:00Z</time>
      </trkpt>
      <trkpt lat="64.18962" lon="14.25654">
        <time>2026-03-11T07:46:00Z</time>
      </trkpt>
      <trkpt lat="64.19339" lon="14.25952">
        <time>2026-03-11T07:56:00Z</time>
      </trkpt>
      <trkpt lat="64.19621" lon="14.26529">
        <time>2026-03-11T08:06:00Z</time>
      </trkpt>
      <trkpt lat="64.20108" lon="14.27064">
        <time>2026-03-11T08:16:00Z</time>
      </trkpt>
      <trkpt lat="64.20723" lon="14.27357">
        <time>2026-03-11T08:26:00Z</time>
      </trkpt>
      <trkpt lat="64.2086" lon="14.27733">
        <time>2026-03-11T08:36:00Z</time>
      </trkpt>
      <trkpt lat="64.213" lon="14.27508">
        <time>2026-03-11T08:46:00Z</time>
      </trkpt>
      <trkpt lat="64.2185" lon="14.27791">
        <time>2026-03-11T08:56:00Z</time>
      </trkpt>
      <trkpt lat="64.22103" lon="14.28351">
        <time>2026-03-11T09:06:00Z</time>
      </trkpt>
      <trkpt lat="64.22267" lon="14.29377">
        <time>2026-03-11T09:16:00Z</time>
      </trkpt>
      <trkpt lat="64.22487" lon="14.30089">
        <time>2026-03-11T09:26:00Z</time>
      </trkpt>
      <trkpt lat="64.22899" lon="14.30132">
        <time>2026-03-11T09:36:00Z</time>
      </trkpt>
      <trkpt lat="64.23308" lon="14.30134">
        <time>2026-03-11T09:46:00Z</time>
      </trkpt>
      <trkpt lat="64.23779" lon="14.3016">
        <time>2026-03-11T09:56:00Z</time>
      </trkpt>
      <trkpt lat="64.24153" lon="14.30583">
        <time>2026-03-11T10:06:00Z</time>
      </trkpt>
      <trkpt lat="64.24443" lon="14.31284">
        <time>2026-03-11T10:16:00Z</time>
      </trkpt>
      <trkpt lat="64.24627" lon="14.32432">
        <time>2026-03-11T10:26:00Z</time>
      </trkpt>
      <trkpt lat="64.2486" lon="14.33177">
        <time>2026-03-11T10:36:00Z</time>
      </trkpt>
      <trkpt lat="64.25363" lon="14.33662">
        <time>2026-03-11T10:46:00Z</time>
      </trkpt>
      <trkpt lat="64.25828" lon="14.33844">
        <time>2026-03-11T10:56:00Z</time>
      </trkpt>
      <trkpt lat="64.26086" lon="14.3466">
        <time>2026-03-11T11:06:00Z</time>
      </trkpt>
      <trkpt lat="64.26474" lon="14.35207">
        <time>2026-03-11T11:16:00Z</time>
      </trkpt>
      <trkpt lat="64.26596" lon="14.36061">
        <time>2026-03-11T11:26:00Z</time>
      </trkpt>
      <trkpt lat="64.26474" lon="14.36576">
        <time>2026-03-11T11:36:00Z</time>
      </trkpt>
      <trkpt lat="64.26286" lon="14.36953">
        <time>2026-03-11T11:46:00Z</time>
      </trkpt>
      <trkpt lat="64.25986" lon="14.38007">
        <time>2026-03-11T11:56:00Z</time>
      </trkpt>
      <trkpt lat="64.26067" lon="14.39103">
        <time>2026-03-11T12:06:00Z</time>
      </trkpt>
      <trkpt lat="64.261" lon="14.40024">
        <time>2026-03-11T12:16:00Z</time>
      </trkpt>
      <trkpt lat="64.26647" lon="14.39715">
        <time>2026-03-11T12:26:00Z</time>
      </trkpt>
      <trkpt lat="64.26672" lon="14.39655">
        <time>2026-03-11T12:36:00Z</time>
      </trkpt>
      <trkpt lat="64.26818" lon="14.40245">
        <time>2026-03-11T12:46:00Z</time>
      </trkpt>
      <trkpt lat="64.27009" lon="14.41337">
        <time>2026-03-11T12:56:00Z</time>
      </trkpt>
      <trkpt lat="64.27098" lon="14.42251">
        <time>2026-03-11T13:06:00Z</time>
      </trkpt>
      <trkpt lat="64.27185" lon="14.42865">
        <time>2026-03-11T13:16:00Z</time>
      </trkpt>
      <trkpt lat="64.27257" lon="14.41824">
        <time>2026-03-11T13:26:00Z</time>
      </trkpt>
      <trkpt lat="64.27602" lon="14.40839">
        <time>2026-03-11T13:36:00Z</time>
      </trkpt>
      <trkpt lat="64.28066" lon="14.4049">
        <time>2026-03-11T13:46:00Z</time>
      </trkpt>
      <trkpt lat="64.28537" lon="14.40425">
        <time>2026-03-11T13:56:00Z</time>
      </trkpt>
      <trkpt lat="64.28777" lon="14.40138">
        <time>2026-03-11T14:06:00Z</time>
      </trkpt>
      <trkpt lat="64.29002" lon="14.39702">
        <time>2026-03-11T14:16:00Z</time>
      </trkpt>
      <trkpt lat="64.29422" lon="14.39125">
        <time>2026-03-11T14:26:00Z</time>
      </trkpt>
      <trkpt lat="64.29785" lon="14.38958">
        <time>2026-03-11T14:36:00Z</time>
      </trkpt>
      <trkpt lat="64.29991" lon="14.38683">
        <time>2026-03-11T14:46:00Z</time>
      </trkpt>
      <trkpt lat="64.304" lon="14.38606">
        <time>2026-03-11T14:56:00Z</time>
      </trkpt>
      <trkpt lat="64.30522" lon="14.38597">
        <time>2026-03-11T15:06:00Z</time>
      </trkpt>
      <trkpt lat="64.30998" lon="14.38548">
        <time>2026-03-11T15:16:00Z</time>
      </trkpt>
      <trkpt lat="64.3147" lon="14.38636">
        <time>2026-03-11T15:26:00Z</time>
      </trkpt>
      <trkpt lat="64.31883" lon="14.39106">
        <time>2026-03-11T15:36:00Z</time>
      </trkpt>
      <trkpt lat="64.32341" lon="14.39648">
        <time>2026-03-11T15:46:00Z</time>
      </trkpt>
      <trkpt lat="64.32796" lon="14.40494">
        <time>2026-03-11T15:56:00Z</time>
      </trkpt>
      <trkpt lat="64.33285" lon="14.41183">
        <time>2026-03-11T16:06:00Z</time>
      </trkpt>
      <trkpt lat="64.33899" lon="14.4062">
        <time>2026-03-11T16:16:00Z</time>
      </trkpt>
      <trkpt lat="64.34655" lon="14.39578">
        <time>2026-03-11T16:26:00Z</time>
      </trkpt>
      <trkpt lat="64.3513" lon="14.407">
        <time>2026-03-11T16:36:00Z</time>
      </trkpt>
      <trkpt lat="64.35731" lon="14.40545">
        <time>2026-03-11T16:46:00Z</time>
      </trkpt>
      <trkpt lat="64.36248" lon="14.39792">
        <time>2026-03-11T16:56:00Z</time>
      </trkpt>
      <trkpt lat="64.36828" lon="14.39095">
        <time>2026-03-11T17:06:00Z</time>
      </trkpt>
      <trkpt lat="64.37483" lon="14.38041">
        <time>2026-03-11T17:16:00Z</time>
      </trkpt>
      <trkpt lat="64.37376" lon="14.36812">
        <time>2026-03-11T17:26:00Z</time>
      </trkpt>
      <trkpt lat="64.37694" lon="14.35544">
        <time>2026-03-11T17:36:00Z</time>
      </trkpt>
      <trkpt lat="64.37707" lon="14.35263">
        <time>2026-03-11T17:46:00Z</time>
      </trkpt>
      <trkpt lat="64.37781" lon="14.34979">
        <time>2026-03-11T17:56:00Z</time>
      </trkpt>
      <trkpt lat="64.37768" lon="14.35003">
        <time>2026-03-11T18:06:00Z</time>
      </trkpt>
      <trkpt lat="64.37757" lon="14.34992">
        <time>2026-03-11T18:11:00Z</time>
      </trkpt>
      <trkpt lat="64.37781" lon="14.34966">
        <time>2026-03-12T08:38:00Z</time>
      </trkpt>
      <trkpt lat="64.37719" lon="14.34696">
        <time>2026-03-12T08:48:00Z</time>
      </trkpt>
      <trkpt lat="64.3806" lon="14.33743">
        <time>2026-03-12T08:58:00Z</time>
      </trkpt>
      <trkpt lat="64.38509" lon="14.32565">
        <time>2026-03-12T09:08:00Z</time>
      </trkpt>
      <trkpt lat="64.39071" lon="14.31967">
        <time>2026-03-12T09:18:00Z</time>
      </trkpt>
      <trkpt lat="64.39348" lon="14.30724">
        <time>2026-03-12T09:28:00Z</time>
      </trkpt>
      <trkpt lat="64.39763" lon="14.29533">
        <time>2026-03-12T09:38:00Z</time>
      </trkpt>
      <trkpt lat="64.40163" lon="14.28804">
        <time>2026-03-12T09:48:00Z</time>
      </trkpt>
      <trkpt lat="64.40726" lon="14.27744">
        <time>2026-03-12T09:58:00Z</time>
      </trkpt>
      <trkpt lat="64.41054" lon="14.26484">
        <time>2026-03-12T10:08:00Z</time>
      </trkpt>
      <trkpt lat="64.41435" lon="14.25113">
        <time>2026-03-12T10:18:00Z</time>
      </trkpt>
      <trkpt lat="64.41866" lon="14.24132">
        <time>2026-03-12T10:28:00Z</time>
      </trkpt>
      <trkpt lat="64.42305" lon="14.23175">
        <time>2026-03-12T10:38:00Z</time>
      </trkpt>
      <trkpt lat="64.42698" lon="14.21972">
        <time>2026-03-12T10:48:00Z</time>
      </trkpt>
      <trkpt lat="64.43068" lon="14.20864">
        <time>2026-03-12T10:58:00Z</time>
      </trkpt>
      <trkpt lat="64.43425" lon="14.19789">
        <time>2026-03-12T11:08:00Z</time>
      </trkpt>
      <trkpt lat="64.43714" lon="14.18588">
        <time>2026-03-12T11:18:00Z</time>
      </trkpt>
      <trkpt lat="64.44096" lon="14.18307">
        <time>2026-03-12T11:28:00Z</time>
      </trkpt>
      <trkpt lat="64.44517" lon="14.17476">
        <time>2026-03-12T11:38:00Z</time>
      </trkpt>
      <trkpt lat="64.4491" lon="14.16399">
        <time>2026-03-12T11:48:00Z</time>
      </trkpt>
      <trkpt lat="64.45185" lon="14.15526">
        <time>2026-03-12T11:58:00Z</time>
      </trkpt>
      <trkpt lat="64.45497" lon="14.16425">
        <time>2026-03-12T12:08:00Z</time>
      </trkpt>
      <trkpt lat="64.46114" lon="14.16105">
        <time>2026-03-12T12:18:00Z</time>
      </trkpt>
      <trkpt lat="64.46606" lon="14.15363">
        <time>2026-03-12T12:28:00Z</time>
      </trkpt>
      <trkpt lat="64.47122" lon="14.14633">
        <time>2026-03-12T12:38:00Z</time>
      </trkpt>
      <trkpt lat="64.47642" lon="14.13687">
        <time>2026-03-12T12:48:00Z</time>
      </trkpt>
      <trkpt lat="64.47977" lon="14.12575">
        <time>2026-03-12T12:58:00Z</time>
      </trkpt>
      <trkpt lat="64.48254" lon="14.13084">
        <time>2026-03-12T13:08:00Z</time>
      </trkpt>
      <trkpt lat="64.48152" lon="14.12758">
        <time>2026-03-12T13:18:00Z</time>
      </trkpt>
      <trkpt lat="64.48093" lon="14.12378">
        <time>2026-03-12T13:28:00Z</time>
      </trkpt>
      <trkpt lat="64.48064" lon="14.11635">
        <time>2026-03-12T13:38:00Z</time>
      </trkpt>
      <trkpt lat="64.48329" lon="14.11942">
        <time>2026-03-12T13:48:00Z</time>
      </trkpt>
      <trkpt lat="64.48484" lon="14.11314">
        <time>2026-03-12T13:58:00Z</time>
      </trkpt>
      <trkpt lat="64.4877" lon="14.1044">
        <time>2026-03-12T14:08:00Z</time>
      </trkpt>
      <trkpt lat="64.49007" lon="14.1108">
        <time>2026-03-12T14:18:00Z</time>
      </trkpt>
      <trkpt lat="64.4957" lon="14.11363">
        <time>2026-03-12T14:28:00Z</time>
      </trkpt>
      <trkpt lat="64.50031" lon="14.10412">
        <time>2026-03-12T14:38:00Z</time>
      </trkpt>
      <trkpt lat="64.50263" lon="14.11535">
        <time>2026-03-12T14:48:00Z</time>
      </trkpt>
      <trkpt lat="64.50483" lon="14.13183">
        <time>2026-03-12T14:58:00Z</time>
      </trkpt>
      <trkpt lat="64.50588" lon="14.1438">
        <time>2026-03-12T15:08:00Z</time>
      </trkpt>
      <trkpt lat="64.50608" lon="14.14691">
        <time>2026-03-12T15:18:00Z</time>
      </trkpt>
      <trkpt lat="64.5061" lon="14.14685">
        <time>2026-03-12T15:22:00Z</time>
      </trkpt>
      <trkpt lat="64.50608" lon="14.14704">
        <time>2026-03-14T07:55:00Z</time>
      </trkpt>
      <trkpt lat="64.50604" lon="14.14833">
        <time>2026-03-14T08:05:00Z</time>
      </trkpt>
      <trkpt lat="64.50302" lon="14.152">
        <time>2026-03-14T08:15:00Z</time>
      </trkpt>
      <trkpt lat="64.50581" lon="14.15305">
        <time>2026-03-14T08:25:00Z</time>
      </trkpt>
      <trkpt lat="64.50788" lon="14.15459">
        <time>2026-03-14T08:35:00Z</time>
      </trkpt>
      <trkpt lat="64.50624" lon="14.16303">
        <time>2026-03-14T08:45:00Z</time>
      </trkpt>
      <trkpt lat="64.50443" lon="14.17352">
        <time>2026-03-14T08:55:00Z</time>
      </trkpt>
      <trkpt lat="64.50358" lon="14.18309">
        <time>2026-03-14T09:05:00Z</time>
      </trkpt>
      <trkpt lat="64.50243" lon="14.19367">
        <time>2026-03-14T09:15:00Z</time>
      </trkpt>
      <trkpt lat="64.50208" lon="14.20429">
        <time>2026-03-14T09:25:00Z</time>
      </trkpt>
      <trkpt lat="64.50194" lon="14.21266">
        <time>2026-03-14T09:35:00Z</time>
      </trkpt>
      <trkpt lat="64.50378" lon="14.22182">
        <time>2026-03-14T09:45:00Z</time>
      </trkpt>
      <trkpt lat="64.5045" lon="14.23261">
        <time>2026-03-14T09:55:00Z</time>
      </trkpt>
      <trkpt lat="64.50468" lon="14.2395">
        <time>2026-03-14T10:05:00Z</time>
      </trkpt>
      <trkpt lat="64.50665" lon="14.24722">
        <time>2026-03-14T10:15:00Z</time>
      </trkpt>
      <trkpt lat="64.50931" lon="14.24823">
        <time>2026-03-14T10:25:00Z</time>
      </trkpt>
      <trkpt lat="64.51188" lon="14.24278">
        <time>2026-03-14T10:35:00Z</time>
      </trkpt>
      <trkpt lat="64.51637" lon="14.23163">
        <time>2026-03-14T10:45:00Z</time>
      </trkpt>
      <trkpt lat="64.52152" lon="14.22564">
        <time>2026-03-14T10:55:00Z</time>
      </trkpt>
      <trkpt lat="64.52239" lon="14.23611">
        <time>2026-03-14T11:05:00Z</time>
      </trkpt>
      <trkpt lat="64.52169" lon="14.24637">
        <time>2026-03-14T11:15:00Z</time>
      </trkpt>
      <trkpt lat="64.52406" lon="14.25096">
        <time>2026-03-14T11:25:00Z</time>
      </trkpt>
      <trkpt lat="64.52772" lon="14.24553">
        <time>2026-03-14T11:35:00Z</time>
      </trkpt>
      <trkpt lat="64.53131" lon="14.23768">
        <time>2026-03-14T11:45:00Z</time>
      </trkpt>
      <trkpt lat="64.53613" lon="14.23843">
        <time>2026-03-14T11:55:00Z</time>
      </trkpt>
      <trkpt lat="64.54129" lon="14.23137">
        <time>2026-03-14T12:05:00Z</time>
      </trkpt>
      <trkpt lat="64.54652" lon="14.23079">
        <time>2026-03-14T12:15:00Z</time>
      </trkpt>
      <trkpt lat="64.55165" lon="14.22401">
        <time>2026-03-14T12:25:00Z</time>
      </trkpt>
      <trkpt lat="64.55672" lon="14.22916">
        <time>2026-03-14T12:35:00Z</time>
      </trkpt>
      <trkpt lat="64.56127" lon="14.23673">
        <time>2026-03-14T12:45:00Z</time>
      </trkpt>
      <trkpt lat="64.56508" lon="14.24677">
        <time>2026-03-14T12:55:00Z</time>
      </trkpt>
      <trkpt lat="64.56771" lon="14.24995">
        <time>2026-03-14T13:05:00Z</time>
      </trkpt>
      <trkpt lat="64.56773" lon="14.25156">
        <time>2026-03-14T13:15:00Z</time>
      </trkpt>
      <trkpt lat="64.56974" lon="14.26383">
        <time>2026-03-14T13:25:00Z</time>
      </trkpt>
      <trkpt lat="64.57499" lon="14.26885">
        <time>2026-03-14T13:35:00Z</time>
      </trkpt>
      <trkpt lat="64.57977" lon="14.27375">
        <time>2026-03-14T13:45:00Z</time>
      </trkpt>
      <trkpt lat="64.58252" lon="14.26733">
        <time>2026-03-14T13:55:00Z</time>
      </trkpt>
      <trkpt lat="64.58605" lon="14.25838">
        <time>2026-03-14T14:05:00Z</time>
      </trkpt>
      <trkpt lat="64.58875" lon="14.24529">
        <time>2026-03-14T14:15:00Z</time>
      </trkpt>
      <trkpt lat="64.59338" lon="14.23961">
        <time>2026-03-14T14:25:00Z</time>
      </trkpt>
      <trkpt lat="64.59506" lon="14.22761">
        <time>2026-03-14T14:35:00Z</time>
      </trkpt>
      <trkpt lat="64.60024" lon="14.22652">
        <time>2026-03-14T14:45:00Z</time>
      </trkpt>
      <trkpt lat="64.60471" lon="14.22165">
        <time>2026-03-14T14:55:00Z</time>
      </trkpt>
      <trkpt lat="64.60862" lon="14.21424">
        <time>2026-03-14T15:05:00Z</time>
      </trkpt>
      <trkpt lat="64.61178" lon="14.20961">
        <time>2026-03-14T15:15:00Z</time>
      </trkpt>
      <trkpt lat="64.61446" lon="14.20592">
        <time>2026-03-14T15:25:00Z</time>
      </trkpt>
      <trkpt lat="64.61842" lon="14.20654">
        <time>2026-03-14T15:35:00Z</time>
      </trkpt>
      <trkpt lat="64.62129" lon="14.20982">
        <time>2026-03-14T15:45:00Z</time>
      </trkpt>
      <trkpt lat="64.6254" lon="14.21128">
        <time>2026-03-14T15:55:00Z</time>
      </trkpt>
      <trkpt lat="64.62841" lon="14.20229">
        <time>2026-03-14T16:05:00Z</time>
      </trkpt>
      <trkpt lat="64.6297" lon="14.19253">
        <time>2026-03-14T16:15:00Z</time>
      </trkpt>
      <trkpt lat="64.63132" lon="14.17976">
        <time>2026-03-14T16:25:00Z</time>
      </trkpt>
      <trkpt lat="64.63528" lon="14.17523">
        <time>2026-03-14T16:35:00Z</time>
      </trkpt>
      <trkpt lat="64.63772" lon="14.15845">
        <time>2026-03-14T16:45:00Z</time>
      </trkpt>
      <trkpt lat="64.6407" lon="14.14371">
        <time>2026-03-14T16:55:00Z</time>
      </trkpt>
      <trkpt lat="64.64542" lon="14.14348">
        <time>2026-03-14T17:05:00Z</time>
      </trkpt>
      <trkpt lat="64.64985" lon="14.14146">
        <time>2026-03-14T17:15:00Z</time>
      </trkpt>
      <trkpt lat="64.65522" lon="14.14028">
        <time>2026-03-14T17:25:00Z</time>
      </trkpt>
      <trkpt lat="64.66042" lon="14.14805">
        <time>2026-03-14T17:35:00Z</time>
      </trkpt>
      <trkpt lat="64.66287" lon="14.15843">
        <time>2026-03-14T17:45:00Z</time>
      </trkpt>
      <trkpt lat="64.66632" lon="14.17062">
        <time>2026-03-14T17:55:00Z</time>
      </trkpt>
      <trkpt lat="64.67198" lon="14.18322">
        <time>2026-03-14T18:05:00Z</time>
      </trkpt>
      <trkpt lat="64.67483" lon="14.19935">
        <time>2026-03-14T18:15:00Z</time>
      </trkpt>
      <trkpt lat="64.67414" lon="14.20798">
        <time>2026-03-14T18:25:00Z</time>
      </trkpt>
      <trkpt lat="64.67417" lon="14.20798">
        <time>2026-03-14T18:35:00Z</time>
      </trkpt>
      <trkpt lat="64.67429" lon="14.20768">
        <time>2026-03-14T18:38:00Z</time>
      </trkpt>
      <trkpt lat="64.67427" lon="14.20791">
        <time>2026-03-15T08:13:00Z</time>
      </trkpt>
      <trkpt lat="64.67822" lon="14.20826">
        <time>2026-03-15T08:23:00Z</time>
      </trkpt>
      <trkpt lat="64.68083" lon="14.20066">
        <time>2026-03-15T08:33:00Z</time>
      </trkpt>
      <trkpt lat="64.68423" lon="14.19538">
        <time>2026-03-15T08:43:00Z</time>
      </trkpt>
      <trkpt lat="64.68961" lon="14.19547">
        <time>2026-03-15T08:53:00Z</time>
      </trkpt>
      <trkpt lat="64.69432" lon="14.19892">
        <time>2026-03-15T09:03:00Z</time>
      </trkpt>
      <trkpt lat="64.69826" lon="14.20161">
        <time>2026-03-15T09:13:00Z</time>
      </trkpt>
      <trkpt lat="64.69936" lon="14.19242">
        <time>2026-03-15T09:23:00Z</time>
      </trkpt>
      <trkpt lat="64.7031" lon="14.19287">
        <time>2026-03-15T09:33:00Z</time>
      </trkpt>
      <trkpt lat="64.70823" lon="14.1924">
        <time>2026-03-15T09:43:00Z</time>
      </trkpt>
      <trkpt lat="64.71368" lon="14.18523">
        <time>2026-03-15T09:53:00Z</time>
      </trkpt>
      <trkpt lat="64.71826" lon="14.17785">
        <time>2026-03-15T10:03:00Z</time>
      </trkpt>
      <trkpt lat="64.72276" lon="14.16981">
        <time>2026-03-15T10:13:00Z</time>
      </trkpt>
      <trkpt lat="64.72668" lon="14.16393">
        <time>2026-03-15T10:23:00Z</time>
      </trkpt>
      <trkpt lat="64.73097" lon="14.16659">
        <time>2026-03-15T10:33:00Z</time>
      </trkpt>
      <trkpt lat="64.73609" lon="14.17056">
        <time>2026-03-15T10:43:00Z</time>
      </trkpt>
      <trkpt lat="64.74159" lon="14.17251">
        <time>2026-03-15T10:53:00Z</time>
      </trkpt>
      <trkpt lat="64.74558" lon="14.17352">
        <time>2026-03-15T11:03:00Z</time>
      </trkpt>
      <trkpt lat="64.7503" lon="14.17373">
        <time>2026-03-15T11:13:00Z</time>
      </trkpt>
      <trkpt lat="64.75273" lon="14.17656">
        <time>2026-03-15T11:23:00Z</time>
      </trkpt>
      <trkpt lat="64.75644" lon="14.18427">
        <time>2026-03-15T11:33:00Z</time>
      </trkpt>
      <trkpt lat="64.75839" lon="14.18976">
        <time>2026-03-15T11:43:00Z</time>
      </trkpt>
      <trkpt lat="64.76121" lon="14.19712">
        <time>2026-03-15T11:53:00Z</time>
      </trkpt>
      <trkpt lat="64.7653" lon="14.19884">
        <time>2026-03-15T12:03:00Z</time>
      </trkpt>
      <trkpt lat="64.76915" lon="14.19982">
        <time>2026-03-15T12:13:00Z</time>
      </trkpt>
      <trkpt lat="64.77353" lon="14.19965">
        <time>2026-03-15T12:23:00Z</time>
      </trkpt>
      <trkpt lat="64.77864" lon="14.19701">
        <time>2026-03-15T12:33:00Z</time>
      </trkpt>
      <trkpt lat="64.78009" lon="14.19628">
        <time>2026-03-15T12:43:00Z</time>
      </trkpt>
      <trkpt lat="64.78375" lon="14.19671">
        <time>2026-03-15T12:53:00Z</time>
      </trkpt>
      <trkpt lat="64.78848" lon="14.20017">
        <time>2026-03-15T13:03:00Z</time>
      </trkpt>
      <trkpt lat="64.79286" lon="14.20457">
        <time>2026-03-15T13:13:00Z</time>
      </trkpt>
      <trkpt lat="64.79753" lon="14.20821">
        <time>2026-03-15T13:23:00Z</time>
      </trkpt>
      <trkpt lat="64.80253" lon="14.21176">
        <time>2026-03-15T13:33:00Z</time>
      </trkpt>
      <trkpt lat="64.80734" lon="14.21673">
        <time>2026-03-15T13:43:00Z</time>
      </trkpt>
      <trkpt lat="64.81082" lon="14.22111">
        <time>2026-03-15T13:53:00Z</time>
      </trkpt>
      <trkpt lat="64.81365" lon="14.22916">
        <time>2026-03-15T14:03:00Z</time>
      </trkpt>
      <trkpt lat="64.81757" lon="14.2362">
        <time>2026-03-15T14:13:00Z</time>
      </trkpt>
      <trkpt lat="64.81839" lon="14.2427">
        <time>2026-03-15T14:23:00Z</time>
      </trkpt>
      <trkpt lat="64.82155" lon="14.24871">
        <time>2026-03-15T14:33:00Z</time>
      </trkpt>
      <trkpt lat="64.82178" lon="14.24916">
        <time>2026-03-15T14:43:00Z</time>
      </trkpt>
      <trkpt lat="64.82405" lon="14.25334">
        <time>2026-03-15T14:53:00Z</time>
      </trkpt>
      <trkpt lat="64.82627" lon="14.25619">
        <time>2026-03-15T15:03:00Z</time>
      </trkpt>
      <trkpt lat="64.82907" lon="14.25551">
        <time>2026-03-15T15:13:00Z</time>
      </trkpt>
      <trkpt lat="64.83215" lon="14.25682">
        <time>2026-03-15T15:23:00Z</time>
      </trkpt>
      <trkpt lat="64.83253" lon="14.26027">
        <time>2026-03-15T15:33:00Z</time>
      </trkpt>
      <trkpt lat="64.83357" lon="14.26555">
        <time>2026-03-15T15:43:00Z</time>
      </trkpt>
      <trkpt lat="64.83621" lon="14.27263">
        <time>2026-03-15T15:53:00Z</time>
      </trkpt>
      <trkpt lat="64.8393" lon="14.2786">
        <time>2026-03-15T16:03:00Z</time>
      </trkpt>
      <trkpt lat="64.84201" lon="14.28441">
        <time>2026-03-15T16:13:00Z</time>
      </trkpt>
      <trkpt lat="64.84449" lon="14.29042">
        <time>2026-03-15T16:23:00Z</time>
      </trkpt>
      <trkpt lat="64.84569" lon="14.29649">
        <time>2026-03-15T16:33:00Z</time>
      </trkpt>
      <trkpt lat="64.84831" lon="14.30293">
        <time>2026-03-15T16:43:00Z</time>
      </trkpt>
      <trkpt lat="64.84952" lon="14.31276">
        <time>2026-03-15T16:53:00Z</time>
      </trkpt>
      <trkpt lat="64.85025" lon="14.32308">
        <time>2026-03-15T17:03:00Z</time>
      </trkpt>
      <trkpt lat="64.85196" lon="14.32915">
        <time>2026-03-15T17:13:00Z</time>
      </trkpt>
      <trkpt lat="64.85307" lon="14.3364">
        <time>2026-03-15T17:23:00Z</time>
      </trkpt>
      <trkpt lat="64.85525" lon="14.3455">
        <time>2026-03-15T17:33:00Z</time>
      </trkpt>
      <trkpt lat="64.85668" lon="14.35099">
        <time>2026-03-15T17:43:00Z</time>
      </trkpt>
      <trkpt lat="64.85665" lon="14.35102">
        <time>2026-03-15T17:53:00Z</time>
      </trkpt>
      <trkpt lat="64.85672" lon="14.35104">
        <time>2026-03-15T17:57:00Z</time>
      </trkpt>
      <trkpt lat="64.85669" lon="14.35095">
        <time>2026-03-16T07:48:00Z</time>
      </trkpt>
      <trkpt lat="64.85929" lon="14.35355">
        <time>2026-03-16T07:58:00Z</time>
      </trkpt>
      <trkpt lat="64.86204" lon="14.35893">
        <time>2026-03-16T08:08:00Z</time>
      </trkpt>
      <trkpt lat="64.8655" lon="14.37084">
        <time>2026-03-16T08:18:00Z</time>
      </trkpt>
      <trkpt lat="64.86812" lon="14.38039">
        <time>2026-03-16T08:28:00Z</time>
      </trkpt>
      <trkpt lat="64.87102" lon="14.38891">
        <time>2026-03-16T08:38:00Z</time>
      </trkpt>
      <trkpt lat="64.87367" lon="14.39857">
        <time>2026-03-16T08:48:00Z</time>
      </trkpt>
      <trkpt lat="64.87724" lon="14.40365">
        <time>2026-03-16T08:58:00Z</time>
      </trkpt>
      <trkpt lat="64.88129" lon="14.40277">
        <time>2026-03-16T09:08:00Z</time>
      </trkpt>
      <trkpt lat="64.88477" lon="14.4041">
        <time>2026-03-16T09:18:00Z</time>
      </trkpt>
      <trkpt lat="64.88586" lon="14.41264">
        <time>2026-03-16T09:28:00Z</time>
      </trkpt>
      <trkpt lat="64.88745" lon="14.42335">
        <time>2026-03-16T09:38:00Z</time>
      </trkpt>
      <trkpt lat="64.88877" lon="14.43534">
        <time>2026-03-16T09:48:00Z</time>
      </trkpt>
      <trkpt lat="64.88921" lon="14.44785">
        <time>2026-03-16T09:58:00Z</time>
      </trkpt>
      <trkpt lat="64.89022" lon="14.45873">
        <time>2026-03-16T10:08:00Z</time>
      </trkpt>
      <trkpt lat="64.8906" lon="14.46878">
        <time>2026-03-16T10:18:00Z</time>
      </trkpt>
      <trkpt lat="64.89076" lon="14.48307">
        <time>2026-03-16T10:28:00Z</time>
      </trkpt>
      <trkpt lat="64.89174" lon="14.49637">
        <time>2026-03-16T10:38:00Z</time>
      </trkpt>
      <trkpt lat="64.8915" lon="14.50826">
        <time>2026-03-16T10:48:00Z</time>
      </trkpt>
      <trkpt lat="64.88936" lon="14.51836">
        <time>2026-03-16T10:58:00Z</time>
      </trkpt>
      <trkpt lat="64.88903" lon="14.52731">
        <time>2026-03-16T11:08:00Z</time>
      </trkpt>
      <trkpt lat="64.88852" lon="14.53838">
        <time>2026-03-16T11:18:00Z</time>
      </trkpt>
      <trkpt lat="64.88875" lon="14.5507">
        <time>2026-03-16T11:28:00Z</time>
      </trkpt>
      <trkpt lat="64.89003" lon="14.56044">
        <time>2026-03-16T11:38:00Z</time>
      </trkpt>
      <trkpt lat="64.89154" lon="14.57143">
        <time>2026-03-16T11:48:00Z</time>
      </trkpt>
      <trkpt lat="64.89297" lon="14.58638">
        <time>2026-03-16T11:58:00Z</time>
      </trkpt>
      <trkpt lat="64.89836" lon="14.5843">
        <time>2026-03-16T12:08:00Z</time>
      </trkpt>
      <trkpt lat="64.90282" lon="14.57521">
        <time>2026-03-16T12:18:00Z</time>
      </trkpt>
      <trkpt lat="64.9073" lon="14.56495">
        <time>2026-03-16T12:28:00Z</time>
      </trkpt>
      <trkpt lat="64.91159" lon="14.5551">
        <time>2026-03-16T12:38:00Z</time>
      </trkpt>
      <trkpt lat="64.91578" lon="14.54647">
        <time>2026-03-16T12:48:00Z</time>
      </trkpt>
      <trkpt lat="64.91946" lon="14.54986">
        <time>2026-03-16T12:58:00Z</time>
      </trkpt>
      <trkpt lat="64.92076" lon="14.55345">
        <time>2026-03-16T13:08:00Z</time>
      </trkpt>
      <trkpt lat="64.92197" lon="14.55924">
        <time>2026-03-16T13:18:00Z</time>
      </trkpt>
      <trkpt lat="64.92346" lon="14.56225">
        <time>2026-03-16T13:28:00Z</time>
      </trkpt>
      <trkpt lat="64.92499" lon="14.56699">
        <time>2026-03-16T13:38:00Z</time>
      </trkpt>
      <trkpt lat="64.92686" lon="14.57164">
        <time>2026-03-16T13:48:00Z</time>
      </trkpt>
      <trkpt lat="64.92854" lon="14.57394">
        <time>2026-03-16T13:58:00Z</time>
      </trkpt>
      <trkpt lat="64.93083" lon="14.57761">
        <time>2026-03-16T14:08:00Z</time>
      </trkpt>
      <trkpt lat="64.93248" lon="14.58184">
        <time>2026-03-16T14:18:00Z</time>
      </trkpt>
      <trkpt lat="64.93506" lon="14.58748">
        <time>2026-03-16T14:28:00Z</time>
      </trkpt>
      <trkpt lat="64.93836" lon="14.59432">
        <time>2026-03-16T14:38:00Z</time>
      </trkpt>
      <trkpt lat="64.94122" lon="14.60115">
        <time>2026-03-16T14:48:00Z</time>
      </trkpt>
      <trkpt lat="64.9431" lon="14.60949">
        <time>2026-03-16T14:58:00Z</time>
      </trkpt>
      <trkpt lat="64.94428" lon="14.61859">
        <time>2026-03-16T15:08:00Z</time>
      </trkpt>
      <trkpt lat="64.94685" lon="14.62833">
        <time>2026-03-16T15:18:00Z</time>
      </trkpt>
      <trkpt lat="64.94913" lon="14.63507">
        <time>2026-03-16T15:28:00Z</time>
      </trkpt>
      <trkpt lat="64.95108" lon="14.64114">
        <time>2026-03-16T15:38:00Z</time>
      </trkpt>
      <trkpt lat="64.95294" lon="14.64891">
        <time>2026-03-16T15:48:00Z</time>
      </trkpt>
      <trkpt lat="64.95482" lon="14.66241">
        <time>2026-03-16T15:58:00Z</time>
      </trkpt>
      <trkpt lat="64.9593" lon="14.67365">
        <time>2026-03-16T16:08:00Z</time>
      </trkpt>
      <trkpt lat="64.96334" lon="14.6834">
        <time>2026-03-16T16:18:00Z</time>
      </trkpt>
      <trkpt lat="64.96892" lon="14.68784">
        <time>2026-03-16T16:28:00Z</time>
      </trkpt>
      <trkpt lat="64.97415" lon="14.70013">
        <time>2026-03-16T16:38:00Z</time>
      </trkpt>
      <trkpt lat="64.97901" lon="14.70837">
        <time>2026-03-16T16:48:00Z</time>
      </trkpt>
      <trkpt lat="64.98326" lon="14.71719">
        <time>2026-03-16T16:58:00Z</time>
      </trkpt>
      <trkpt lat="64.98415" lon="14.71818">
        <time>2026-03-16T17:08:00Z</time>
      </trkpt>
      <trkpt lat="64.98379" lon="14.7176">
        <time>2026-03-16T17:10:00Z</time>
      </trkpt>
      <trkpt lat="64.984" lon="14.71801">
        <time>2026-03-17T08:47:00Z</time>
      </trkpt>
      <trkpt lat="64.9861" lon="14.71942">
        <time>2026-03-17T08:57:00Z</time>
      </trkpt>
      <trkpt lat="64.99157" lon="14.72429">
        <time>2026-03-17T09:07:00Z</time>
      </trkpt>
      <trkpt lat="64.99737" lon="14.72356">
        <time>2026-03-17T09:17:00Z</time>
      </trkpt>
      <trkpt lat="65.00244" lon="14.72386">
        <time>2026-03-17T09:27:00Z</time>
      </trkpt>
      <trkpt lat="65.00932" lon="14.72775">
        <time>2026-03-17T09:37:00Z</time>
      </trkpt>
      <trkpt lat="65.015" lon="14.73305">
        <time>2026-03-17T09:47:00Z</time>
      </trkpt>
      <trkpt lat="65.02304" lon="14.73472">
        <time>2026-03-17T09:57:00Z</time>
      </trkpt>
      <trkpt lat="65.03378" lon="14.72826">
        <time>2026-03-17T10:07:00Z</time>
      </trkpt>
      <trkpt lat="65.04053" lon="14.72854">
        <time>2026-03-17T10:17:00Z</time>
      </trkpt>
      <trkpt lat="65.04497" lon="14.72992">
        <time>2026-03-17T10:27:00Z</time>
      </trkpt>
      <trkpt lat="65.0488" lon="14.74056">
        <time>2026-03-17T10:37:00Z</time>
      </trkpt>
      <trkpt lat="65.04938" lon="14.75163">
        <time>2026-03-17T10:47:00Z</time>
      </trkpt>
      <trkpt lat="65.05061" lon="14.76266">
        <time>2026-03-17T10:57:00Z</time>
      </trkpt>
      <trkpt lat="65.05191" lon="14.77953">
        <time>2026-03-17T11:07:00Z</time>
      </trkpt>
      <trkpt lat="65.05378" lon="14.79257">
        <time>2026-03-17T11:17:00Z</time>
      </trkpt>
      <trkpt lat="65.05379" lon="14.79268">
        <time>2026-03-17T11:27:00Z</time>
      </trkpt>
      <trkpt lat="65.05689" lon="14.79959">
        <time>2026-03-17T11:37:00Z</time>
      </trkpt>
      <trkpt lat="65.05961" lon="14.8077">
        <time>2026-03-17T11:47:00Z</time>
      </trkpt>
      <trkpt lat="65.06361" lon="14.81038">
        <time>2026-03-17T11:57:00Z</time>
      </trkpt>
      <trkpt lat="65.06341" lon="14.80918">
        <time>2026-03-17T12:09:00Z</time>
      </trkpt>
      <trkpt lat="65.06341" lon="14.80929">
        <time>2026-03-17T12:33:00Z</time>
      </trkpt>
      <trkpt lat="65.0634" lon="14.80922">
        <time>2026-03-18T09:50:00Z</time>
      </trkpt>
      <trkpt lat="65.0655" lon="14.80135">
        <time>2026-03-18T10:00:00Z</time>
      </trkpt>
      <trkpt lat="65.06908" lon="14.79382">
        <time>2026-03-18T10:10:00Z</time>
      </trkpt>
      <trkpt lat="65.0727" lon="14.788">
        <time>2026-03-18T10:20:00Z</time>
      </trkpt>
      <trkpt lat="65.07703" lon="14.78487">
        <time>2026-03-18T10:30:00Z</time>
      </trkpt>
      <trkpt lat="65.08021" lon="14.77614">
        <time>2026-03-18T10:40:00Z</time>
      </trkpt>
      <trkpt lat="65.08428" lon="14.76489">
        <time>2026-03-18T10:50:00Z</time>
      </trkpt>
      <trkpt lat="65.08861" lon="14.7556">
        <time>2026-03-18T11:00:00Z</time>
      </trkpt>
      <trkpt lat="65.09365" lon="14.7506">
        <time>2026-03-18T11:10:00Z</time>
      </trkpt>
      <trkpt lat="65.09981" lon="14.74884">
        <time>2026-03-18T11:20:00Z</time>
      </trkpt>
      <trkpt lat="65.10549" lon="14.7473">
        <time>2026-03-18T11:30:00Z</time>
      </trkpt>
      <trkpt lat="65.11014" lon="14.74528">
        <time>2026-03-18T11:40:00Z</time>
      </trkpt>
      <trkpt lat="65.11271" lon="14.73491">
        <time>2026-03-18T11:50:00Z</time>
      </trkpt>
      <trkpt lat="65.11637" lon="14.72743">
        <time>2026-03-18T12:00:00Z</time>
      </trkpt>
      <trkpt lat="65.11911" lon="14.71807">
        <time>2026-03-18T12:10:00Z</time>
      </trkpt>
      <trkpt lat="65.12415" lon="14.71011">
        <time>2026-03-18T12:20:00Z</time>
      </trkpt>
      <trkpt lat="65.12881" lon="14.69927">
        <time>2026-03-18T12:30:00Z</time>
      </trkpt>
      <trkpt lat="65.13445" lon="14.69372">
        <time>2026-03-18T12:40:00Z</time>
      </trkpt>
      <trkpt lat="65.14234" lon="14.69696">
        <time>2026-03-18T12:50:00Z</time>
      </trkpt>
      <trkpt lat="65.14753" lon="14.68698">
        <time>2026-03-18T13:00:00Z</time>
      </trkpt>
      <trkpt lat="65.15169" lon="14.67509">
        <time>2026-03-18T13:10:00Z</time>
      </trkpt>
      <trkpt lat="65.15461" lon="14.66245">
        <time>2026-03-18T13:20:00Z</time>
      </trkpt>
      <trkpt lat="65.15625" lon="14.64863">
        <time>2026-03-18T13:30:00Z</time>
      </trkpt>
      <trkpt lat="65.15828" lon="14.63499">
        <time>2026-03-18T13:40:00Z</time>
      </trkpt>
      <trkpt lat="65.16053" lon="14.62231">
        <time>2026-03-18T13:50:00Z</time>
      </trkpt>
      <trkpt lat="65.1629" lon="14.61018">
        <time>2026-03-18T14:00:00Z</time>
      </trkpt>
      <trkpt lat="65.16491" lon="14.59626">
        <time>2026-03-18T14:10:00Z</time>
      </trkpt>
      <trkpt lat="65.16582" lon="14.58113">
        <time>2026-03-18T14:20:00Z</time>
      </trkpt>
      <trkpt lat="65.17154" lon="14.57712">
        <time>2026-03-18T14:30:00Z</time>
      </trkpt>
      <trkpt lat="65.17836" lon="14.57126">
        <time>2026-03-18T14:40:00Z</time>
      </trkpt>
      <trkpt lat="65.18249" lon="14.56722">
        <time>2026-03-18T14:48:00Z</time>
      </trkpt>
      <trkpt lat="65.18249" lon="14.56712">
        <time>2026-03-19T09:35:00Z</time>
      </trkpt>
      <trkpt lat="65.18463" lon="14.56716">
        <time>2026-03-19T09:45:00Z</time>
      </trkpt>
      <trkpt lat="65.1878" lon="14.57448">
        <time>2026-03-19T09:55:00Z</time>
      </trkpt>
      <trkpt lat="65.18879" lon="14.58726">
        <time>2026-03-19T10:05:00Z</time>
      </trkpt>
      <trkpt lat="65.19155" lon="14.59962">
        <time>2026-03-19T10:15:00Z</time>
      </trkpt>
      <trkpt lat="65.19207" lon="14.60563">
        <time>2026-03-19T10:25:00Z</time>
      </trkpt>
      <trkpt lat="65.19141" lon="14.61675">
        <time>2026-03-19T10:35:00Z</time>
      </trkpt>
      <trkpt lat="65.19287" lon="14.63072">
        <time>2026-03-19T10:45:00Z</time>
      </trkpt>
      <trkpt lat="65.19282" lon="14.64348">
        <time>2026-03-19T10:55:00Z</time>
      </trkpt>
      <trkpt lat="65.19349" lon="14.65106">
        <time>2026-03-19T11:05:00Z</time>
      </trkpt>
      <trkpt lat="65.19319" lon="14.662">
        <time>2026-03-19T11:15:00Z</time>
      </trkpt>
      <trkpt lat="65.19597" lon="14.67473">
        <time>2026-03-19T11:25:00Z</time>
      </trkpt>
      <trkpt lat="65.19758" lon="14.68168">
        <time>2026-03-19T11:35:00Z</time>
      </trkpt>
      <trkpt lat="65.19798" lon="14.68816">
        <time>2026-03-19T11:45:00Z</time>
      </trkpt>
      <trkpt lat="65.20163" lon="14.68882">
        <time>2026-03-19T11:55:00Z</time>
      </trkpt>
      <trkpt lat="65.20597" lon="14.69614">
        <time>2026-03-19T12:05:00Z</time>
      </trkpt>
      <trkpt lat="65.20812" lon="14.70644">
        <time>2026-03-19T12:15:00Z</time>
      </trkpt>
      <trkpt lat="65.21016" lon="14.71386">
        <time>2026-03-19T12:25:00Z</time>
      </trkpt>
      <trkpt lat="65.21096" lon="14.72153">
        <time>2026-03-19T12:35:00Z</time>
      </trkpt>
      <trkpt lat="65.21167" lon="14.72431">
        <time>2026-03-19T12:45:00Z</time>
      </trkpt>
      <trkpt lat="65.21349" lon="14.73431">
        <time>2026-03-19T12:55:00Z</time>
      </trkpt>
      <trkpt lat="65.21544" lon="14.74161">
        <time>2026-03-19T13:05:00Z</time>
      </trkpt>
      <trkpt lat="65.21716" lon="14.74927">
        <time>2026-03-19T13:15:00Z</time>
      </trkpt>
      <trkpt lat="65.2185" lon="14.75461">
        <time>2026-03-19T13:25:00Z</time>
      </trkpt>
      <trkpt lat="65.22112" lon="14.76204">
        <time>2026-03-19T13:35:00Z</time>
      </trkpt>
      <trkpt lat="65.22312" lon="14.76961">
        <time>2026-03-19T13:45:00Z</time>
      </trkpt>
      <trkpt lat="65.22505" lon="14.78043">
        <time>2026-03-19T13:55:00Z</time>
      </trkpt>
      <trkpt lat="65.22641" lon="14.78809">
        <time>2026-03-19T14:05:00Z</time>
      </trkpt>
      <trkpt lat="65.2275" lon="14.8013">
        <time>2026-03-19T14:15:00Z</time>
      </trkpt>
      <trkpt lat="65.22887" lon="14.81208">
        <time>2026-03-19T14:25:00Z</time>
      </trkpt>
      <trkpt lat="65.23" lon="14.81665">
        <time>2026-03-19T14:35:00Z</time>
      </trkpt>
      <trkpt lat="65.23074" lon="14.8248">
        <time>2026-03-19T14:45:00Z</time>
      </trkpt>
      <trkpt lat="65.23308" lon="14.83343">
        <time>2026-03-19T14:55:00Z</time>
      </trkpt>
      <trkpt lat="65.23475" lon="14.84126">
        <time>2026-03-19T15:05:00Z</time>
      </trkpt>
      <trkpt lat="65.23635" lon="14.8428">
        <time>2026-03-19T15:15:00Z</time>
      </trkpt>
      <trkpt lat="65.23693" lon="14.84302">
        <time>2026-03-19T15:25:00Z</time>
      </trkpt>
      <trkpt lat="65.23747" lon="14.84954">
        <time>2026-03-19T15:35:00Z</time>
      </trkpt>
      <trkpt lat="65.23727" lon="14.85242">
        <time>2026-03-19T15:45:00Z</time>
      </trkpt>
      <trkpt lat="65.23711" lon="14.85328">
        <time>2026-03-19T15:55:00Z</time>
      </trkpt>
      <trkpt lat="65.23703" lon="14.85542">
        <time>2026-03-19T16:05:00Z</time>
      </trkpt>
      <trkpt lat="65.23698" lon="14.85589">
        <time>2026-03-19T16:15:00Z</time>
      </trkpt>
      <trkpt lat="65.23698" lon="14.85821">
        <time>2026-03-19T16:25:00Z</time>
      </trkpt>
      <trkpt lat="65.23699" lon="14.85812">
        <time>2026-03-19T16:35:00Z</time>
      </trkpt>
      <trkpt lat="65.23831" lon="14.85988">
        <time>2026-03-19T16:55:00Z</time>
      </trkpt>
      <trkpt lat="65.23916" lon="14.8695">
        <time>2026-03-19T17:05:00Z</time>
      </trkpt>
      <trkpt lat="65.24079" lon="14.88093">
        <time>2026-03-19T17:15:00Z</time>
      </trkpt>
      <trkpt lat="65.24178" lon="14.8848">
        <time>2026-03-19T17:25:00Z</time>
      </trkpt>
      <trkpt lat="65.24312" lon="14.8895">
        <time>2026-03-19T17:35:00Z</time>
      </trkpt>
      <trkpt lat="65.24371" lon="14.89516">
        <time>2026-03-19T17:45:00Z</time>
      </trkpt>
      <trkpt lat="65.24444" lon="14.90387">
        <time>2026-03-19T17:55:00Z</time>
      </trkpt>
      <trkpt lat="65.24492" lon="14.90971">
        <time>2026-03-19T18:05:00Z</time>
      </trkpt>
      <trkpt lat="65.24612" lon="14.91342">
        <time>2026-03-19T18:15:00Z</time>
      </trkpt>
      <trkpt lat="65.24986" lon="14.9208">
        <time>2026-03-19T18:25:00Z</time>
      </trkpt>
      <trkpt lat="65.2525" lon="14.93018">
        <time>2026-03-19T18:35:00Z</time>
      </trkpt>
      <trkpt lat="65.25331" lon="14.93194">
        <time>2026-03-19T18:41:00Z</time>
      </trkpt>
      <trkpt lat="65.25335" lon="14.93198">
        <time>2026-03-20T07:27:00Z</time>
      </trkpt>
      <trkpt lat="65.2537" lon="14.94091">
        <time>2026-03-20T07:37:00Z</time>
      </trkpt>
      <trkpt lat="65.25551" lon="14.95516">
        <time>2026-03-20T07:47:00Z</time>
      </trkpt>
      <trkpt lat="65.25648" lon="14.97436">
        <time>2026-03-20T07:57:00Z</time>
      </trkpt>
      <trkpt lat="65.25684" lon="14.99224">
        <time>2026-03-20T08:07:00Z</time>
      </trkpt>
      <trkpt lat="65.25866" lon="15.00747">
        <time>2026-03-20T08:17:00Z</time>
      </trkpt>
      <trkpt lat="65.26477" lon="15.01502">
        <time>2026-03-20T08:27:00Z</time>
      </trkpt>
      <trkpt lat="65.2724" lon="15.01607">
        <time>2026-03-20T08:37:00Z</time>
      </trkpt>
      <trkpt lat="65.27941" lon="15.01796">
        <time>2026-03-20T08:47:00Z</time>
      </trkpt>
      <trkpt lat="65.28513" lon="15.01749">
        <time>2026-03-20T08:57:00Z</time>
      </trkpt>
      <trkpt lat="65.29043" lon="15.0182">
        <time>2026-03-20T09:07:00Z</time>
      </trkpt>
      <trkpt lat="65.29522" lon="15.02168">
        <time>2026-03-20T09:17:00Z</time>
      </trkpt>
      <trkpt lat="65.29928" lon="15.02607">
        <time>2026-03-20T09:27:00Z</time>
      </trkpt>
      <trkpt lat="65.30534" lon="15.02749">
        <time>2026-03-20T09:37:00Z</time>
      </trkpt>
      <trkpt lat="65.31082" lon="15.03609">
        <time>2026-03-20T09:47:00Z</time>
      </trkpt>
      <trkpt lat="65.31174" lon="15.03762">
        <time>2026-03-20T09:57:00Z</time>
      </trkpt>
      <trkpt lat="65.31177" lon="15.03768">
        <time>2026-03-20T10:07:00Z</time>
      </trkpt>
      <trkpt lat="65.31564" lon="15.04322">
        <time>2026-03-20T10:17:00Z</time>
      </trkpt>
      <trkpt lat="65.32172" lon="15.05792">
        <time>2026-03-20T10:27:00Z</time>
      </trkpt>
      <trkpt lat="65.32681" lon="15.06476">
        <time>2026-03-20T10:37:00Z</time>
      </trkpt>
      <trkpt lat="65.33221" lon="15.07678">
        <time>2026-03-20T10:47:00Z</time>
      </trkpt>
      <trkpt lat="65.33407" lon="15.0907">
        <time>2026-03-20T10:57:00Z</time>
      </trkpt>
      <trkpt lat="65.33768" lon="15.09779">
        <time>2026-03-20T11:07:00Z</time>
      </trkpt>
      <trkpt lat="65.34114" lon="15.10351">
        <time>2026-03-20T11:17:00Z</time>
      </trkpt>
      <trkpt lat="65.34368" lon="15.11148">
        <time>2026-03-20T11:27:00Z</time>
      </trkpt>
      <trkpt lat="65.34714" lon="15.10482">
        <time>2026-03-20T11:37:00Z</time>
      </trkpt>
      <trkpt lat="65.35195" lon="15.09944">
        <time>2026-03-20T11:47:00Z</time>
      </trkpt>
      <trkpt lat="65.35765" lon="15.09564">
        <time>2026-03-20T11:57:00Z</time>
      </trkpt>
      <trkpt lat="65.35772" lon="15.09708">
        <time>2026-03-20T12:07:00Z</time>
      </trkpt>
      <trkpt lat="65.35915" lon="15.11293">
        <time>2026-03-20T12:17:00Z</time>
      </trkpt>
      <trkpt lat="65.36035" lon="15.12708">
        <time>2026-03-20T12:27:00Z</time>
      </trkpt>
      <trkpt lat="65.36329" lon="15.13965">
        <time>2026-03-20T12:37:00Z</time>
      </trkpt>
      <trkpt lat="65.36746" lon="15.14574">
        <time>2026-03-20T12:47:00Z</time>
      </trkpt>
      <trkpt lat="65.37108" lon="15.1481">
        <time>2026-03-20T12:57:00Z</time>
      </trkpt>
      <trkpt lat="65.3712" lon="15.14808">
        <time>2026-03-20T13:07:00Z</time>
      </trkpt>
      <trkpt lat="65.3758" lon="15.13753">
        <time>2026-03-20T13:47:00Z</time>
      </trkpt>
      <trkpt lat="65.38088" lon="15.13272">
        <time>2026-03-20T13:57:00Z</time>
      </trkpt>
      <trkpt lat="65.38396" lon="15.13871">
        <time>2026-03-20T14:07:00Z</time>
      </trkpt>
      <trkpt lat="65.38885" lon="15.1487">
        <time>2026-03-20T14:17:00Z</time>
      </trkpt>
      <trkpt lat="65.39139" lon="15.15546">
        <time>2026-03-20T14:27:00Z</time>
      </trkpt>
      <trkpt lat="65.39566" lon="15.16529">
        <time>2026-03-20T14:37:00Z</time>
      </trkpt>
      <trkpt lat="65.39827" lon="15.16864">
        <time>2026-03-20T14:47:00Z</time>
      </trkpt>
      <trkpt lat="65.40483" lon="15.17151">
        <time>2026-03-20T14:57:00Z</time>
      </trkpt>
      <trkpt lat="65.41047" lon="15.1778">
        <time>2026-03-20T15:07:00Z</time>
      </trkpt>
      <trkpt lat="65.41611" lon="15.18729">
        <time>2026-03-20T15:17:00Z</time>
      </trkpt>
      <trkpt lat="65.41963" lon="15.19522">
        <time>2026-03-20T15:27:00Z</time>
      </trkpt>
      <trkpt lat="65.42357" lon="15.2075">
        <time>2026-03-20T15:37:00Z</time>
      </trkpt>
      <trkpt lat="65.4275" lon="15.21911">
        <time>2026-03-20T15:47:00Z</time>
      </trkpt>
      <trkpt lat="65.43101" lon="15.23054">
        <time>2026-03-20T15:57:00Z</time>
      </trkpt>
      <trkpt lat="65.43106" lon="15.23059">
        <time>2026-03-20T16:07:00Z</time>
      </trkpt>
      <trkpt lat="65.43246" lon="15.23024">
        <time>2026-03-20T16:27:00Z</time>
      </trkpt>
      <trkpt lat="65.4348" lon="15.23514">
        <time>2026-03-20T16:37:00Z</time>
      </trkpt>
      <trkpt lat="65.43742" lon="15.24185">
        <time>2026-03-20T16:47:00Z</time>
      </trkpt>
      <trkpt lat="65.43763" lon="15.24537">
        <time>2026-03-20T16:57:00Z</time>
      </trkpt>
      <trkpt lat="65.43616" lon="15.2361">
        <time>2026-03-20T17:07:00Z</time>
      </trkpt>
      <trkpt lat="65.43993" lon="15.23503">
        <time>2026-03-20T17:17:00Z</time>
      </trkpt>
      <trkpt lat="65.44636" lon="15.2381">
        <time>2026-03-20T17:27:00Z</time>
      </trkpt>
      <trkpt lat="65.44819" lon="15.24365">
        <time>2026-03-20T17:37:00Z</time>
      </trkpt>
      <trkpt lat="65.44826" lon="15.24363">
        <time>2026-03-20T17:47:00Z</time>
      </trkpt>
      <trkpt lat="65.44826" lon="15.24363">
        <time>2026-03-20T17:48:00Z</time>
      </trkpt>
      <trkpt lat="65.44817" lon="15.24363">
        <time>2026-03-21T07:33:00Z</time>
      </trkpt>
      <trkpt lat="65.45226" lon="15.25009">
        <time>2026-03-21T07:43:00Z</time>
      </trkpt>
      <trkpt lat="65.45893" lon="15.25353">
        <time>2026-03-21T07:53:00Z</time>
      </trkpt>
      <trkpt lat="65.46294" lon="15.26897">
        <time>2026-03-21T08:03:00Z</time>
      </trkpt>
      <trkpt lat="65.46808" lon="15.27968">
        <time>2026-03-21T08:13:00Z</time>
      </trkpt>
      <trkpt lat="65.47085" lon="15.29208">
        <time>2026-03-21T08:23:00Z</time>
      </trkpt>
      <trkpt lat="65.47463" lon="15.30406">
        <time>2026-03-21T08:33:00Z</time>
      </trkpt>
      <trkpt lat="65.47965" lon="15.31575">
        <time>2026-03-21T08:43:00Z</time>
      </trkpt>
      <trkpt lat="65.48233" lon="15.32341">
        <time>2026-03-21T08:53:00Z</time>
      </trkpt>
      <trkpt lat="65.48468" lon="15.33326">
        <time>2026-03-21T09:03:00Z</time>
      </trkpt>
      <trkpt lat="65.48644" lon="15.34041">
        <time>2026-03-21T09:13:00Z</time>
      </trkpt>
      <trkpt lat="65.48819" lon="15.35124">
        <time>2026-03-21T09:23:00Z</time>
      </trkpt>
      <trkpt lat="65.49151" lon="15.35596">
        <time>2026-03-21T09:33:00Z</time>
      </trkpt>
      <trkpt lat="65.49215" lon="15.35111">
        <time>2026-03-21T09:43:00Z</time>
      </trkpt>
      <trkpt lat="65.49433" lon="15.3418">
        <time>2026-03-21T09:53:00Z</time>
      </trkpt>
      <trkpt lat="65.49659" lon="15.34345">
        <time>2026-03-21T10:03:00Z</time>
      </trkpt>
      <trkpt lat="65.50102" lon="15.34695">
        <time>2026-03-21T10:13:00Z</time>
      </trkpt>
      <trkpt lat="65.50743" lon="15.34564">
        <time>2026-03-21T10:23:00Z</time>
      </trkpt>
      <trkpt lat="65.51264" lon="15.3476">
        <time>2026-03-21T10:33:00Z</time>
      </trkpt>
      <trkpt lat="65.51802" lon="15.34109">
        <time>2026-03-21T10:43:00Z</time>
      </trkpt>
      <trkpt lat="65.52391" lon="15.33567">
        <time>2026-03-21T10:53:00Z</time>
      </trkpt>
      <trkpt lat="65.52551" lon="15.33438">
        <time>2026-03-21T11:03:00Z</time>
      </trkpt>
      <trkpt lat="65.52554" lon="15.3344">
        <time>2026-03-21T11:13:00Z</time>
      </trkpt>
      <trkpt lat="65.52874" lon="15.33197">
        <time>2026-03-21T11:33:00Z</time>
      </trkpt>
      <trkpt lat="65.53545" lon="15.33258">
        <time>2026-03-21T11:43:00Z</time>
      </trkpt>
      <trkpt lat="65.54222" lon="15.33264">
        <time>2026-03-21T11:53:00Z</time>
      </trkpt>
      <trkpt lat="65.54767" lon="15.33506">
        <time>2026-03-21T12:03:00Z</time>
      </trkpt>
      <trkpt lat="65.55394" lon="15.34356">
        <time>2026-03-21T12:13:00Z</time>
      </trkpt>
      <trkpt lat="65.55582" lon="15.34509">
        <time>2026-03-21T12:23:00Z</time>
      </trkpt>
      <trkpt lat="65.55818" lon="15.34903">
        <time>2026-03-21T12:33:00Z</time>
      </trkpt>
      <trkpt lat="65.56257" lon="15.35354">
        <time>2026-03-21T12:43:00Z</time>
      </trkpt>
      <trkpt lat="65.56573" lon="15.36006">
        <time>2026-03-21T12:53:00Z</time>
      </trkpt>
      <trkpt lat="65.56943" lon="15.36202">
        <time>2026-03-21T13:03:00Z</time>
      </trkpt>
      <trkpt lat="65.57344" lon="15.3595">
        <time>2026-03-21T13:13:00Z</time>
      </trkpt>
      <trkpt lat="65.57657" lon="15.36092">
        <time>2026-03-21T13:23:00Z</time>
      </trkpt>
      <trkpt lat="65.57657" lon="15.36081">
        <time>2026-03-21T13:33:00Z</time>
      </trkpt>
      <trkpt lat="65.5799" lon="15.36028">
        <time>2026-03-21T14:03:00Z</time>
      </trkpt>
      <trkpt lat="65.58479" lon="15.36592">
        <time>2026-03-21T14:13:00Z</time>
      </trkpt>
      <trkpt lat="65.59004" lon="15.36541">
        <time>2026-03-21T14:23:00Z</time>
      </trkpt>
      <trkpt lat="65.59616" lon="15.36794">
        <time>2026-03-21T14:33:00Z</time>
      </trkpt>
      <trkpt lat="65.60289" lon="15.36839">
        <time>2026-03-21T14:43:00Z</time>
      </trkpt>
      <trkpt lat="65.60465" lon="15.36081">
        <time>2026-03-21T14:53:00Z</time>
      </trkpt>
      <trkpt lat="65.61175" lon="15.36062">
        <time>2026-03-21T15:03:00Z</time>
      </trkpt>
      <trkpt lat="65.61969" lon="15.36423">
        <time>2026-03-21T15:13:00Z</time>
      </trkpt>
      <trkpt lat="65.62752" lon="15.3636">
        <time>2026-03-21T15:23:00Z</time>
      </trkpt>
      <trkpt lat="65.63093" lon="15.34961">
        <time>2026-03-21T15:33:00Z</time>
      </trkpt>
      <trkpt lat="65.63567" lon="15.33588">
        <time>2026-03-21T15:43:00Z</time>
      </trkpt>
      <trkpt lat="65.63503" lon="15.32037">
        <time>2026-03-21T15:53:00Z</time>
      </trkpt>
      <trkpt lat="65.63871" lon="15.31386">
        <time>2026-03-21T16:03:00Z</time>
      </trkpt>
      <trkpt lat="65.63876" lon="15.31386">
        <time>2026-03-21T16:13:00Z</time>
      </trkpt>
      <trkpt lat="65.646" lon="15.31653">
        <time>2026-03-21T16:33:00Z</time>
      </trkpt>
      <trkpt lat="65.65088" lon="15.30477">
        <time>2026-03-21T16:43:00Z</time>
      </trkpt>
      <trkpt lat="65.65504" lon="15.29178">
        <time>2026-03-21T16:53:00Z</time>
      </trkpt>
      <trkpt lat="65.66003" lon="15.29136">
        <time>2026-03-21T17:03:00Z</time>
      </trkpt>
      <trkpt lat="65.66188" lon="15.28739">
        <time>2026-03-21T17:13:00Z</time>
      </trkpt>
      <trkpt lat="65.66591" lon="15.27357">
        <time>2026-03-21T17:23:00Z</time>
      </trkpt>
      <trkpt lat="65.66766" lon="15.26739">
        <time>2026-03-21T17:31:00Z</time>
      </trkpt>
      <trkpt lat="65.66761" lon="15.26762">
        <time>2026-03-22T07:31:00Z</time>
      </trkpt>
      <trkpt lat="65.66908" lon="15.26387">
        <time>2026-03-22T07:41:00Z</time>
      </trkpt>
      <trkpt lat="65.67158" lon="15.24973">
        <time>2026-03-22T07:51:00Z</time>
      </trkpt>
      <trkpt lat="65.67345" lon="15.2423">
        <time>2026-03-22T08:01:00Z</time>
      </trkpt>
      <trkpt lat="65.67495" lon="15.23112">
        <time>2026-03-22T08:11:00Z</time>
      </trkpt>
      <trkpt lat="65.67873" lon="15.217">
        <time>2026-03-22T08:21:00Z</time>
      </trkpt>
      <trkpt lat="65.68201" lon="15.20643">
        <time>2026-03-22T08:31:00Z</time>
      </trkpt>
      <trkpt lat="65.68617" lon="15.19321">
        <time>2026-03-22T08:41:00Z</time>
      </trkpt>
      <trkpt lat="65.69202" lon="15.18671">
        <time>2026-03-22T08:51:00Z</time>
      </trkpt>
      <trkpt lat="65.69848" lon="15.1792">
        <time>2026-03-22T09:01:00Z</time>
      </trkpt>
      <trkpt lat="65.70279" lon="15.1683">
        <time>2026-03-22T09:11:00Z</time>
      </trkpt>
      <trkpt lat="65.70554" lon="15.15246">
        <time>2026-03-22T09:21:00Z</time>
      </trkpt>
      <trkpt lat="65.71186" lon="15.14546">
        <time>2026-03-22T09:31:00Z</time>
      </trkpt>
      <trkpt lat="65.71801" lon="15.13916">
        <time>2026-03-22T09:41:00Z</time>
      </trkpt>
      <trkpt lat="65.71837" lon="15.13834">
        <time>2026-03-22T09:51:00Z</time>
      </trkpt>
      <trkpt lat="65.72136" lon="15.11965">
        <time>2026-03-22T10:21:00Z</time>
      </trkpt>
      <trkpt lat="65.72629" lon="15.10901">
        <time>2026-03-22T10:31:00Z</time>
      </trkpt>
      <trkpt lat="65.72997" lon="15.11205">
        <time>2026-03-22T10:41:00Z</time>
      </trkpt>
      <trkpt lat="65.73322" lon="15.1109">
        <time>2026-03-22T10:51:00Z</time>
      </trkpt>
      <trkpt lat="65.7368" lon="15.11482">
        <time>2026-03-22T11:01:00Z</time>
      </trkpt>
      <trkpt lat="65.73948" lon="15.1209">
        <time>2026-03-22T11:11:00Z</time>
      </trkpt>
      <trkpt lat="65.74489" lon="15.12435">
        <time>2026-03-22T11:21:00Z</time>
      </trkpt>
      <trkpt lat="65.75047" lon="15.12787">
        <time>2026-03-22T11:31:00Z</time>
      </trkpt>
      <trkpt lat="65.75587" lon="15.12991">
        <time>2026-03-22T11:41:00Z</time>
      </trkpt>
      <trkpt lat="65.7595" lon="15.12759">
        <time>2026-03-22T11:51:00Z</time>
      </trkpt>
      <trkpt lat="65.76266" lon="15.12433">
        <time>2026-03-22T12:01:00Z</time>
      </trkpt>
      <trkpt lat="65.7626" lon="15.12439">
        <time>2026-03-22T12:11:00Z</time>
      </trkpt>
      <trkpt lat="65.76443" lon="15.12117">
        <time>2026-03-22T12:41:00Z</time>
      </trkpt>
      <trkpt lat="65.76934" lon="15.1142">
        <time>2026-03-22T12:51:00Z</time>
      </trkpt>
      <trkpt lat="65.77367" lon="15.10894">
        <time>2026-03-22T13:01:00Z</time>
      </trkpt>
      <trkpt lat="65.77878" lon="15.10332">
        <time>2026-03-22T13:11:00Z</time>
      </trkpt>
      <trkpt lat="65.78493" lon="15.10049">
        <time>2026-03-22T13:21:00Z</time>
      </trkpt>
      <trkpt lat="65.79043" lon="15.09156">
        <time>2026-03-22T13:31:00Z</time>
      </trkpt>
      <trkpt lat="65.79355" lon="15.0789">
        <time>2026-03-22T13:41:00Z</time>
      </trkpt>
      <trkpt lat="65.79805" lon="15.07156">
        <time>2026-03-22T13:51:00Z</time>
      </trkpt>
      <trkpt lat="65.80335" lon="15.07644">
        <time>2026-03-22T14:01:00Z</time>
      </trkpt>
      <trkpt lat="65.80995" lon="15.07371">
        <time>2026-03-22T14:11:00Z</time>
      </trkpt>
      <trkpt lat="65.81435" lon="15.07963">
        <time>2026-03-22T14:21:00Z</time>
      </trkpt>
      <trkpt lat="65.81253" lon="15.08598">
        <time>2026-03-22T14:31:00Z</time>
      </trkpt>
      <trkpt lat="65.81248" lon="15.08667">
        <time>2026-03-22T14:41:00Z</time>
      </trkpt>
      <trkpt lat="65.8121" lon="15.0874">
        <time>2026-03-22T14:49:00Z</time>
      </trkpt>
      <trkpt lat="65.8123" lon="15.08766">
        <time>2026-03-24T08:37:00Z</time>
      </trkpt>
      <trkpt lat="65.81439" lon="15.0806">
        <time>2026-03-24T08:47:00Z</time>
      </trkpt>
      <trkpt lat="65.81966" lon="15.07528">
        <time>2026-03-24T08:57:00Z</time>
      </trkpt>
      <trkpt lat="65.82442" lon="15.06684">
        <time>2026-03-24T09:07:00Z</time>
      </trkpt>
      <trkpt lat="65.82911" lon="15.05968">
        <time>2026-03-24T09:17:00Z</time>
      </trkpt>
      <trkpt lat="65.83332" lon="15.05163">
        <time>2026-03-24T09:27:00Z</time>
      </trkpt>
      <trkpt lat="65.8382" lon="15.0491">
        <time>2026-03-24T09:37:00Z</time>
      </trkpt>
      <trkpt lat="65.83981" lon="15.04989">
        <time>2026-03-24T09:47:00Z</time>
      </trkpt>
      <trkpt lat="65.84196" lon="15.0526">
        <time>2026-03-24T09:57:00Z</time>
      </trkpt>
      <trkpt lat="65.84391" lon="15.05929">
        <time>2026-03-24T10:07:00Z</time>
      </trkpt>
      <trkpt lat="65.84335" lon="15.06659">
        <time>2026-03-24T10:17:00Z</time>
      </trkpt>
      <trkpt lat="65.84308" lon="15.07221">
        <time>2026-03-24T10:27:00Z</time>
      </trkpt>
      <trkpt lat="65.84512" lon="15.07927">
        <time>2026-03-24T10:37:00Z</time>
      </trkpt>
      <trkpt lat="65.84579" lon="15.08603">
        <time>2026-03-24T10:47:00Z</time>
      </trkpt>
      <trkpt lat="65.84979" lon="15.08884">
        <time>2026-03-24T10:57:00Z</time>
      </trkpt>
      <trkpt lat="65.85391" lon="15.09379">
        <time>2026-03-24T11:07:00Z</time>
      </trkpt>
      <trkpt lat="65.85801" lon="15.09474">
        <time>2026-03-24T11:17:00Z</time>
      </trkpt>
      <trkpt lat="65.8622" lon="15.10006">
        <time>2026-03-24T11:27:00Z</time>
      </trkpt>
      <trkpt lat="65.8655" lon="15.10937">
        <time>2026-03-24T11:37:00Z</time>
      </trkpt>
      <trkpt lat="65.86903" lon="15.11781">
        <time>2026-03-24T11:47:00Z</time>
      </trkpt>
      <trkpt lat="65.87332" lon="15.12796">
        <time>2026-03-24T11:57:00Z</time>
      </trkpt>
      <trkpt lat="65.87728" lon="15.13731">
        <time>2026-03-24T12:07:00Z</time>
      </trkpt>
      <trkpt lat="65.88128" lon="15.14645">
        <time>2026-03-24T12:17:00Z</time>
      </trkpt>
      <trkpt lat="65.8846" lon="15.15686">
        <time>2026-03-24T12:27:00Z</time>
      </trkpt>
      <trkpt lat="65.88512" lon="15.15806">
        <time>2026-03-24T12:37:00Z</time>
      </trkpt>
      <trkpt lat="65.88885" lon="15.17124">
        <time>2026-03-24T14:07:00Z</time>
      </trkpt>
      <trkpt lat="65.88839" lon="15.18606">
        <time>2026-03-24T14:17:00Z</time>
      </trkpt>
      <trkpt lat="65.88598" lon="15.19934">
        <time>2026-03-24T14:27:00Z</time>
      </trkpt>
      <trkpt lat="65.88429" lon="15.20876">
        <time>2026-03-24T14:37:00Z</time>
      </trkpt>
      <trkpt lat="65.88174" lon="15.22282">
        <time>2026-03-24T14:47:00Z</time>
      </trkpt>
      <trkpt lat="65.87977" lon="15.2375">
        <time>2026-03-24T14:57:00Z</time>
      </trkpt>
      <trkpt lat="65.87858" lon="15.24803">
        <time>2026-03-24T15:07:00Z</time>
      </trkpt>
      <trkpt lat="65.87742" lon="15.26393">
        <time>2026-03-24T15:17:00Z</time>
      </trkpt>
      <trkpt lat="65.876" lon="15.27912">
        <time>2026-03-24T15:27:00Z</time>
      </trkpt>
      <trkpt lat="65.87367" lon="15.28923">
        <time>2026-03-24T15:37:00Z</time>
      </trkpt>
      <trkpt lat="65.87305" lon="15.29185">
        <time>2026-03-24T15:47:00Z</time>
      </trkpt>
      <trkpt lat="65.86942" lon="15.3056">
        <time>2026-03-24T15:57:00Z</time>
      </trkpt>
      <trkpt lat="65.86802" lon="15.32376">
        <time>2026-03-24T16:07:00Z</time>
      </trkpt>
      <trkpt lat="65.87" lon="15.333">
        <time>2026-03-24T16:17:00Z</time>
      </trkpt>
      <trkpt lat="65.87277" lon="15.33899">
        <time>2026-03-24T16:27:00Z</time>
      </trkpt>
      <trkpt lat="65.87571" lon="15.34551">
        <time>2026-03-24T16:37:00Z</time>
      </trkpt>
      <trkpt lat="65.88015" lon="15.36032">
        <time>2026-03-24T16:47:00Z</time>
      </trkpt>
      <trkpt lat="65.88447" lon="15.37322">
        <time>2026-03-24T16:57:00Z</time>
      </trkpt>
      <trkpt lat="65.88973" lon="15.38856">
        <time>2026-03-24T17:07:00Z</time>
      </trkpt>
      <trkpt lat="65.89278" lon="15.39669">
        <time>2026-03-24T17:17:00Z</time>
      </trkpt>
      <trkpt lat="65.89267" lon="15.39641">
        <time>2026-03-25T07:23:00Z</time>
      </trkpt>
      <trkpt lat="65.89241" lon="15.40145">
        <time>2026-03-25T07:33:00Z</time>
      </trkpt>
      <trkpt lat="65.89237" lon="15.40489">
        <time>2026-03-25T07:43:00Z</time>
      </trkpt>
      <trkpt lat="65.89435" lon="15.42027">
        <time>2026-03-25T07:53:00Z</time>
      </trkpt>
      <trkpt lat="65.89685" lon="15.43686">
        <time>2026-03-25T08:03:00Z</time>
      </trkpt>
      <trkpt lat="65.9023" lon="15.44782">
        <time>2026-03-25T08:13:00Z</time>
      </trkpt>
      <trkpt lat="65.90764" lon="15.45074">
        <time>2026-03-25T08:23:00Z</time>
      </trkpt>
      <trkpt lat="65.91086" lon="15.45102">
        <time>2026-03-25T08:33:00Z</time>
      </trkpt>
      <trkpt lat="65.91367" lon="15.45109">
        <time>2026-03-25T08:43:00Z</time>
      </trkpt>
      <trkpt lat="65.91992" lon="15.45143">
        <time>2026-03-25T08:53:00Z</time>
      </trkpt>
      <trkpt lat="65.92441" lon="15.45991">
        <time>2026-03-25T09:03:00Z</time>
      </trkpt>
      <trkpt lat="65.93011" lon="15.46641">
        <time>2026-03-25T09:13:00Z</time>
      </trkpt>
      <trkpt lat="65.93672" lon="15.47046">
        <time>2026-03-25T09:23:00Z</time>
      </trkpt>
      <trkpt lat="65.94341" lon="15.47323">
        <time>2026-03-25T09:33:00Z</time>
      </trkpt>
      <trkpt lat="65.94975" lon="15.47542">
        <time>2026-03-25T09:43:00Z</time>
      </trkpt>
      <trkpt lat="65.95611" lon="15.47741">
        <time>2026-03-25T09:53:00Z</time>
      </trkpt>
      <trkpt lat="65.95736" lon="15.47774">
        <time>2026-03-25T10:03:00Z</time>
      </trkpt>
      <trkpt lat="65.95736" lon="15.47776">
        <time>2026-03-25T10:13:00Z</time>
      </trkpt>
      <trkpt lat="65.96094" lon="15.47872">
        <time>2026-03-25T10:23:00Z</time>
      </trkpt>
      <trkpt lat="65.96669" lon="15.47958">
        <time>2026-03-25T10:33:00Z</time>
      </trkpt>
      <trkpt lat="65.97209" lon="15.47956">
        <time>2026-03-25T10:43:00Z</time>
      </trkpt>
      <trkpt lat="65.97617" lon="15.48121">
        <time>2026-03-25T10:53:00Z</time>
      </trkpt>
      <trkpt lat="65.98235" lon="15.48568">
        <time>2026-03-25T11:03:00Z</time>
      </trkpt>
      <trkpt lat="65.98767" lon="15.49175">
        <time>2026-03-25T11:13:00Z</time>
      </trkpt>
      <trkpt lat="65.98868" lon="15.49694">
        <time>2026-03-25T11:23:00Z</time>
      </trkpt>
      <trkpt lat="65.98875" lon="15.49692">
        <time>2026-03-25T11:33:00Z</time>
      </trkpt>
      <trkpt lat="65.99225" lon="15.5013">
        <time>2026-03-25T11:43:00Z</time>
      </trkpt>
      <trkpt lat="65.99605" lon="15.50909">
        <time>2026-03-25T11:53:00Z</time>
      </trkpt>
      <trkpt lat="65.99922" lon="15.51282">
        <time>2026-03-25T12:03:00Z</time>
      </trkpt>
      <trkpt lat="66.00184" lon="15.51675">
        <time>2026-03-25T12:13:00Z</time>
      </trkpt>
      <trkpt lat="66.00296" lon="15.52896">
        <time>2026-03-25T12:23:00Z</time>
      </trkpt>
      <trkpt lat="66.00307" lon="15.54108">
        <time>2026-03-25T12:33:00Z</time>
      </trkpt>
      <trkpt lat="66.00274" lon="15.5544">
        <time>2026-03-25T12:43:00Z</time>
      </trkpt>
      <trkpt lat="66.00005" lon="15.56747">
        <time>2026-03-25T12:53:00Z</time>
      </trkpt>
      <trkpt lat="65.99605" lon="15.57247">
        <time>2026-03-25T13:03:00Z</time>
      </trkpt>
      <trkpt lat="65.99604" lon="15.57234">
        <time>2026-03-25T13:13:00Z</time>
      </trkpt>
      <trkpt lat="65.9908" lon="15.57408">
        <time>2026-03-25T13:53:00Z</time>
      </trkpt>
      <trkpt lat="65.98675" lon="15.57865">
        <time>2026-03-25T14:03:00Z</time>
      </trkpt>
      <trkpt lat="65.98293" lon="15.58196">
        <time>2026-03-25T14:13:00Z</time>
      </trkpt>
      <trkpt lat="65.97628" lon="15.58857">
        <time>2026-03-25T14:23:00Z</time>
      </trkpt>
      <trkpt lat="65.97123" lon="15.59964">
        <time>2026-03-25T14:33:00Z</time>
      </trkpt>
      <trkpt lat="65.96886" lon="15.61249">
        <time>2026-03-25T14:43:00Z</time>
      </trkpt>
      <trkpt lat="65.96834" lon="15.62118">
        <time>2026-03-25T14:53:00Z</time>
      </trkpt>
      <trkpt lat="65.967" lon="15.6385">
        <time>2026-03-25T15:03:00Z</time>
      </trkpt>
      <trkpt lat="65.96936" lon="15.65571">
        <time>2026-03-25T15:13:00Z</time>
      </trkpt>
      <trkpt lat="65.97009" lon="15.67294">
        <time>2026-03-25T15:23:00Z</time>
      </trkpt>
      <trkpt lat="65.97278" lon="15.68532">
        <time>2026-03-25T15:33:00Z</time>
      </trkpt>
      <trkpt lat="65.97278" lon="15.68532">
        <time>2026-03-25T15:43:00Z</time>
      </trkpt>
      <trkpt lat="65.96834" lon="15.69815">
        <time>2026-03-25T16:03:00Z</time>
      </trkpt>
      <trkpt lat="65.9637" lon="15.71029">
        <time>2026-03-25T16:13:00Z</time>
      </trkpt>
      <trkpt lat="65.96285" lon="15.72707">
        <time>2026-03-25T16:23:00Z</time>
      </trkpt>
      <trkpt lat="65.96592" lon="15.73825">
        <time>2026-03-25T16:33:00Z</time>
      </trkpt>
      <trkpt lat="65.97088" lon="15.75261">
        <time>2026-03-25T16:43:00Z</time>
      </trkpt>
      <trkpt lat="65.9722" lon="15.76394">
        <time>2026-03-25T16:51:00Z</time>
      </trkpt>
      <trkpt lat="65.97242" lon="15.76435">
        <time>2026-03-26T07:36:00Z</time>
      </trkpt>
      <trkpt lat="65.97312" lon="15.76673">
        <time>2026-03-26T07:46:00Z</time>
      </trkpt>
      <trkpt lat="65.96766" lon="15.7789">
        <time>2026-03-26T07:56:00Z</time>
      </trkpt>
      <trkpt lat="65.96739" lon="15.79709">
        <time>2026-03-26T08:06:00Z</time>
      </trkpt>
      <trkpt lat="65.97007" lon="15.81181">
        <time>2026-03-26T08:16:00Z</time>
      </trkpt>
      <trkpt lat="65.97331" lon="15.82428">
        <time>2026-03-26T08:26:00Z</time>
      </trkpt>
      <trkpt lat="65.97572" lon="15.83202">
        <time>2026-03-26T08:36:00Z</time>
      </trkpt>
      <trkpt lat="65.97502" lon="15.84009">
        <time>2026-03-26T08:46:00Z</time>
      </trkpt>
      <trkpt lat="65.9746" lon="15.85754">
        <time>2026-03-26T08:56:00Z</time>
      </trkpt>
      <trkpt lat="65.9703" lon="15.87303">
        <time>2026-03-26T09:06:00Z</time>
      </trkpt>
      <trkpt lat="65.96798" lon="15.88949">
        <time>2026-03-26T09:16:00Z</time>
      </trkpt>
      <trkpt lat="65.96763" lon="15.89054">
        <time>2026-03-26T09:26:00Z</time>
      </trkpt>
      <trkpt lat="65.96671" lon="15.8944">
        <time>2026-03-26T09:56:00Z</time>
      </trkpt>
      <trkpt lat="65.96371" lon="15.91258">
        <time>2026-03-26T10:06:00Z</time>
      </trkpt>
      <trkpt lat="65.96156" lon="15.92367">
        <time>2026-03-26T10:16:00Z</time>
      </trkpt>
      <trkpt lat="65.9619" lon="15.94208">
        <time>2026-03-26T10:26:00Z</time>
      </trkpt>
      <trkpt lat="65.96398" lon="15.96139">
        <time>2026-03-26T10:36:00Z</time>
      </trkpt>
      <trkpt lat="65.96454" lon="15.98103">
        <time>2026-03-26T10:46:00Z</time>
      </trkpt>
      <trkpt lat="65.9633" lon="16.00077">
        <time>2026-03-26T10:56:00Z</time>
      </trkpt>
      <trkpt lat="65.96264" lon="16.02017">
        <time>2026-03-26T11:06:00Z</time>
      </trkpt>
      <trkpt lat="65.96341" lon="16.03978">
        <time>2026-03-26T11:16:00Z</time>
      </trkpt>
      <trkpt lat="65.96152" lon="16.05639">
        <time>2026-03-26T11:26:00Z</time>
      </trkpt>
      <trkpt lat="65.96244" lon="16.07263">
        <time>2026-03-26T11:36:00Z</time>
      </trkpt>
      <trkpt lat="65.96328" lon="16.08377">
        <time>2026-03-26T11:46:00Z</time>
      </trkpt>
      <trkpt lat="65.96329" lon="16.08377">
        <time>2026-03-26T11:56:00Z</time>
      </trkpt>
      <trkpt lat="65.96296" lon="16.10003">
        <time>2026-03-26T12:46:00Z</time>
      </trkpt>
      <trkpt lat="65.96171" lon="16.12168">
        <time>2026-03-26T12:56:00Z</time>
      </trkpt>
      <trkpt lat="65.95751" lon="16.13973">
        <time>2026-03-26T13:06:00Z</time>
      </trkpt>
      <trkpt lat="65.95525" lon="16.15451">
        <time>2026-03-26T13:16:00Z</time>
      </trkpt>
      <trkpt lat="65.95391" lon="16.16668">
        <time>2026-03-26T13:26:00Z</time>
      </trkpt>
      <trkpt lat="65.95453" lon="16.18414">
        <time>2026-03-26T13:36:00Z</time>
      </trkpt>
      <trkpt lat="65.95421" lon="16.19895">
        <time>2026-03-26T13:46:00Z</time>
      </trkpt>
      <trkpt lat="65.95691" lon="16.20828">
        <time>2026-03-26T13:56:00Z</time>
      </trkpt>
      <trkpt lat="65.95733" lon="16.20794">
        <time>2026-03-26T14:06:00Z</time>
      </trkpt>
      <trkpt lat="65.9572" lon="16.20637">
        <time>2026-03-26T14:16:00Z</time>
      </trkpt>
      <trkpt lat="65.95721" lon="16.2058">
        <time>2026-03-27T07:27:00Z</time>
      </trkpt>
      <trkpt lat="65.95733" lon="16.20796">
        <time>2026-03-27T07:37:00Z</time>
      </trkpt>
      <trkpt lat="65.95775" lon="16.21867">
        <time>2026-03-27T07:47:00Z</time>
      </trkpt>
      <trkpt lat="65.95967" lon="16.23152">
        <time>2026-03-27T07:57:00Z</time>
      </trkpt>
      <trkpt lat="65.96468" lon="16.22352">
        <time>2026-03-27T08:07:00Z</time>
      </trkpt>
      <trkpt lat="65.97004" lon="16.21831">
        <time>2026-03-27T08:17:00Z</time>
      </trkpt>
      <trkpt lat="65.97462" lon="16.21292">
        <time>2026-03-27T08:27:00Z</time>
      </trkpt>
      <trkpt lat="65.97881" lon="16.20803">
        <time>2026-03-27T08:37:00Z</time>
      </trkpt>
      <trkpt lat="65.98466" lon="16.20294">
        <time>2026-03-27T08:47:00Z</time>
      </trkpt>
      <trkpt lat="65.99059" lon="16.20135">
        <time>2026-03-27T08:57:00Z</time>
      </trkpt>
      <trkpt lat="65.99665" lon="16.19571">
        <time>2026-03-27T09:07:00Z</time>
      </trkpt>
      <trkpt lat="66.00256" lon="16.19511">
        <time>2026-03-27T09:17:00Z</time>
      </trkpt>
      <trkpt lat="66.00905" lon="16.1961">
        <time>2026-03-27T09:27:00Z</time>
      </trkpt>
      <trkpt lat="66.01548" lon="16.19573">
        <time>2026-03-27T09:37:00Z</time>
      </trkpt>
      <trkpt lat="66.02233" lon="16.19592">
        <time>2026-03-27T09:47:00Z</time>
      </trkpt>
      <trkpt lat="66.02905" lon="16.19095">
        <time>2026-03-27T09:57:00Z</time>
      </trkpt>
      <trkpt lat="66.0352" lon="16.18998">
        <time>2026-03-27T10:07:00Z</time>
      </trkpt>
      <trkpt lat="66.03737" lon="16.18992">
        <time>2026-03-27T10:17:00Z</time>
      </trkpt>
      <trkpt lat="66.03739" lon="16.18996">
        <time>2026-03-27T10:27:00Z</time>
      </trkpt>
      <trkpt lat="66.03906" lon="16.2056">
        <time>2026-03-27T11:07:00Z</time>
      </trkpt>
      <trkpt lat="66.03887" lon="16.21865">
        <time>2026-03-27T11:17:00Z</time>
      </trkpt>
      <trkpt lat="66.03797" lon="16.22809">
        <time>2026-03-27T11:27:00Z</time>
      </trkpt>
      <trkpt lat="66.03766" lon="16.23431">
        <time>2026-03-27T11:37:00Z</time>
      </trkpt>
      <trkpt lat="66.03801" lon="16.24451">
        <time>2026-03-27T11:47:00Z</time>
      </trkpt>
      <trkpt lat="66.03923" lon="16.25101">
        <time>2026-03-27T11:57:00Z</time>
      </trkpt>
      <trkpt lat="66.04167" lon="16.25845">
        <time>2026-03-27T12:07:00Z</time>
      </trkpt>
      <trkpt lat="66.04449" lon="16.26362">
        <time>2026-03-27T12:17:00Z</time>
      </trkpt>
      <trkpt lat="66.0462" lon="16.26485">
        <time>2026-03-27T12:27:00Z</time>
      </trkpt>
      <trkpt lat="66.05108" lon="16.26734">
        <time>2026-03-27T12:37:00Z</time>
      </trkpt>
      <trkpt lat="66.05501" lon="16.26955">
        <time>2026-03-27T12:47:00Z</time>
      </trkpt>
      <trkpt lat="66.06099" lon="16.27238">
        <time>2026-03-27T12:57:00Z</time>
      </trkpt>
      <trkpt lat="66.06514" lon="16.26985">
        <time>2026-03-27T13:07:00Z</time>
      </trkpt>
      <trkpt lat="66.07095" lon="16.27264">
        <time>2026-03-27T13:17:00Z</time>
      </trkpt>
      <trkpt lat="66.07472" lon="16.27525">
        <time>2026-03-27T13:27:00Z</time>
      </trkpt>
      <trkpt lat="66.07482" lon="16.27525">
        <time>2026-03-27T13:37:00Z</time>
      </trkpt>
      <trkpt lat="66.07731" lon="16.27721">
        <time>2026-03-27T14:17:00Z</time>
      </trkpt>
      <trkpt lat="66.08277" lon="16.28538">
        <time>2026-03-27T14:27:00Z</time>
      </trkpt>
      <trkpt lat="66.08841" lon="16.29401">
        <time>2026-03-27T14:37:00Z</time>
      </trkpt>
      <trkpt lat="66.09424" lon="16.30306">
        <time>2026-03-27T14:47:00Z</time>
      </trkpt>
      <trkpt lat="66.09984" lon="16.31177">
        <time>2026-03-27T14:57:00Z</time>
      </trkpt>
      <trkpt lat="66.10407" lon="16.31832">
        <time>2026-03-27T15:07:00Z</time>
      </trkpt>
      <trkpt lat="66.1095" lon="16.32943">
        <time>2026-03-27T15:17:00Z</time>
      </trkpt>
      <trkpt lat="66.11413" lon="16.34021">
        <time>2026-03-27T15:27:00Z</time>
      </trkpt>
      <trkpt lat="66.12077" lon="16.35289">
        <time>2026-03-27T15:37:00Z</time>
      </trkpt>
      <trkpt lat="66.12795" lon="16.35902">
        <time>2026-03-27T15:47:00Z</time>
      </trkpt>
      <trkpt lat="66.13427" lon="16.3584">
        <time>2026-03-27T15:57:00Z</time>
      </trkpt>
      <trkpt lat="66.14182" lon="16.35769">
        <time>2026-03-27T16:07:00Z</time>
      </trkpt>
      <trkpt lat="66.1492" lon="16.3528">
        <time>2026-03-27T16:17:00Z</time>
      </trkpt>
      <trkpt lat="66.15231" lon="16.35033">
        <time>2026-03-27T16:27:00Z</time>
      </trkpt>
      <trkpt lat="66.15881" lon="16.35072">
        <time>2026-03-27T16:37:00Z</time>
      </trkpt>
      <trkpt lat="66.16686" lon="16.3569">
        <time>2026-03-27T16:47:00Z</time>
      </trkpt>
      <trkpt lat="66.17391" lon="16.36261">
        <time>2026-03-27T16:57:00Z</time>
      </trkpt>
      <trkpt lat="66.18009" lon="16.36829">
        <time>2026-03-27T17:07:00Z</time>
      </trkpt>
      <trkpt lat="66.18733" lon="16.37568">
        <time>2026-03-27T17:17:00Z</time>
      </trkpt>
      <trkpt lat="66.19402" lon="16.38018">
        <time>2026-03-27T17:27:00Z</time>
      </trkpt>
      <trkpt lat="66.20096" lon="16.38136">
        <time>2026-03-27T17:37:00Z</time>
      </trkpt>
      <trkpt lat="66.20683" lon="16.38005">
        <time>2026-03-27T17:47:00Z</time>
      </trkpt>
      <trkpt lat="66.20985" lon="16.37701">
        <time>2026-03-27T17:54:00Z</time>
      </trkpt>
      <trkpt lat="66.20981" lon="16.37744">
        <time>2026-03-28T07:31:00Z</time>
      </trkpt>
      <trkpt lat="66.21635" lon="16.37748">
        <time>2026-03-28T07:41:00Z</time>
      </trkpt>
      <trkpt lat="66.22243" lon="16.37769">
        <time>2026-03-28T07:51:00Z</time>
      </trkpt>
      <trkpt lat="66.22772" lon="16.38825">
        <time>2026-03-28T08:01:00Z</time>
      </trkpt>
      <trkpt lat="66.23532" lon="16.39102">
        <time>2026-03-28T08:11:00Z</time>
      </trkpt>
      <trkpt lat="66.24194" lon="16.38269">
        <time>2026-03-28T08:21:00Z</time>
      </trkpt>
      <trkpt lat="66.24633" lon="16.3802">
        <time>2026-03-28T08:31:00Z</time>
      </trkpt>
      <trkpt lat="66.25122" lon="16.38248">
        <time>2026-03-28T08:41:00Z</time>
      </trkpt>
      <trkpt lat="66.25593" lon="16.38763">
        <time>2026-03-28T08:51:00Z</time>
      </trkpt>
      <trkpt lat="66.26186" lon="16.39104">
        <time>2026-03-28T09:01:00Z</time>
      </trkpt>
      <trkpt lat="66.2662" lon="16.40082">
        <time>2026-03-28T09:11:00Z</time>
      </trkpt>
      <trkpt lat="66.26949" lon="16.41707">
        <time>2026-03-28T09:21:00Z</time>
      </trkpt>
      <trkpt lat="66.26973" lon="16.41851">
        <time>2026-03-28T09:31:00Z</time>
      </trkpt>
      <trkpt lat="66.27078" lon="16.42348">
        <time>2026-03-28T10:31:00Z</time>
      </trkpt>
      <trkpt lat="66.27512" lon="16.44144">
        <time>2026-03-28T10:41:00Z</time>
      </trkpt>
      <trkpt lat="66.2781" lon="16.46056">
        <time>2026-03-28T10:51:00Z</time>
      </trkpt>
      <trkpt lat="66.28084" lon="16.47758">
        <time>2026-03-28T11:01:00Z</time>
      </trkpt>
      <trkpt lat="66.28328" lon="16.49073">
        <time>2026-03-28T11:11:00Z</time>
      </trkpt>
      <trkpt lat="66.2815" lon="16.50148">
        <time>2026-03-28T11:21:00Z</time>
      </trkpt>
      <trkpt lat="66.28254" lon="16.51803">
        <time>2026-03-28T11:31:00Z</time>
      </trkpt>
      <trkpt lat="66.28228" lon="16.53193">
        <time>2026-03-28T11:41:00Z</time>
      </trkpt>
      <trkpt lat="66.28331" lon="16.54457">
        <time>2026-03-28T11:51:00Z</time>
      </trkpt>
      <trkpt lat="66.28586" lon="16.55377">
        <time>2026-03-28T12:01:00Z</time>
      </trkpt>
      <trkpt lat="66.28587" lon="16.55377">
        <time>2026-03-28T12:11:00Z</time>
      </trkpt>
      <trkpt lat="66.28498" lon="16.55811">
        <time>2026-03-28T13:41:00Z</time>
      </trkpt>
      <trkpt lat="66.28288" lon="16.57598">
        <time>2026-03-28T13:51:00Z</time>
      </trkpt>
      <trkpt lat="66.2864" lon="16.59038">
        <time>2026-03-28T14:01:00Z</time>
      </trkpt>
      <trkpt lat="66.28704" lon="16.59776">
        <time>2026-03-28T14:11:00Z</time>
      </trkpt>
      <trkpt lat="66.28445" lon="16.61454">
        <time>2026-03-28T14:21:00Z</time>
      </trkpt>
      <trkpt lat="66.28169" lon="16.63104">
        <time>2026-03-28T14:31:00Z</time>
      </trkpt>
      <trkpt lat="66.27894" lon="16.64703">
        <time>2026-03-28T14:41:00Z</time>
      </trkpt>
      <trkpt lat="66.27952" lon="16.65124">
        <time>2026-03-28T14:51:00Z</time>
      </trkpt>
      <trkpt lat="66.2785" lon="16.65456">
        <time>2026-03-28T15:01:00Z</time>
      </trkpt>
      <trkpt lat="66.27847" lon="16.65458">
        <time>2026-03-28T15:11:00Z</time>
      </trkpt>
      <trkpt lat="66.27827" lon="16.65319">
        <time>2026-03-28T16:16:00Z</time>
      </trkpt>
      <trkpt lat="66.27814" lon="16.6533">
        <time>2026-03-29T08:10:00Z</time>
      </trkpt>
      <trkpt lat="66.27895" lon="16.65699">
        <time>2026-03-29T08:20:00Z</time>
      </trkpt>
      <trkpt lat="66.28052" lon="16.66235">
        <time>2026-03-29T08:30:00Z</time>
      </trkpt>
      <trkpt lat="66.28494" lon="16.66321">
        <time>2026-03-29T08:40:00Z</time>
      </trkpt>
      <trkpt lat="66.28803" lon="16.66995">
        <time>2026-03-29T08:50:00Z</time>
      </trkpt>
      <trkpt lat="66.29358" lon="16.67377">
        <time>2026-03-29T09:00:00Z</time>
      </trkpt>
      <trkpt lat="66.29815" lon="16.67668">
        <time>2026-03-29T09:10:00Z</time>
      </trkpt>
      <trkpt lat="66.30197" lon="16.67797">
        <time>2026-03-29T09:20:00Z</time>
      </trkpt>
      <trkpt lat="66.30559" lon="16.68209">
        <time>2026-03-29T09:30:00Z</time>
      </trkpt>
      <trkpt lat="66.30958" lon="16.68836">
        <time>2026-03-29T09:40:00Z</time>
      </trkpt>
      <trkpt lat="66.31364" lon="16.70014">
        <time>2026-03-29T09:50:00Z</time>
      </trkpt>
      <trkpt lat="66.32065" lon="16.70806">
        <time>2026-03-29T10:00:00Z</time>
      </trkpt>
      <trkpt lat="66.32214" lon="16.72157">
        <time>2026-03-29T10:10:00Z</time>
      </trkpt>
      <trkpt lat="66.32371" lon="16.7376">
        <time>2026-03-29T10:20:00Z</time>
      </trkpt>
      <trkpt lat="66.32611" lon="16.75112">
        <time>2026-03-29T10:30:00Z</time>
      </trkpt>
      <trkpt lat="66.3284" lon="16.76121">
        <time>2026-03-29T10:40:00Z</time>
      </trkpt>
      <trkpt lat="66.33153" lon="16.76992">
        <time>2026-03-29T10:50:00Z</time>
      </trkpt>
      <trkpt lat="66.3336" lon="16.77914">
        <time>2026-03-29T11:00:00Z</time>
      </trkpt>
      <trkpt lat="66.33561" lon="16.78706">
        <time>2026-03-29T11:10:00Z</time>
      </trkpt>
      <trkpt lat="66.33916" lon="16.79507">
        <time>2026-03-29T11:20:00Z</time>
      </trkpt>
      <trkpt lat="66.3416" lon="16.80586">
        <time>2026-03-29T11:30:00Z</time>
      </trkpt>
      <trkpt lat="66.34542" lon="16.80921">
        <time>2026-03-29T11:40:00Z</time>
      </trkpt>
      <trkpt lat="66.34823" lon="16.81948">
        <time>2026-03-29T11:50:00Z</time>
      </trkpt>
      <trkpt lat="66.34995" lon="16.82923">
        <time>2026-03-29T12:00:00Z</time>
      </trkpt>
      <trkpt lat="66.35106" lon="16.83418">
        <time>2026-03-29T12:10:00Z</time>
      </trkpt>
      <trkpt lat="66.35099" lon="16.83414">
        <time>2026-03-29T12:20:00Z</time>
      </trkpt>
      <trkpt lat="66.3516" lon="16.84369">
        <time>2026-03-29T13:10:00Z</time>
      </trkpt>
      <trkpt lat="66.35342" lon="16.85219">
        <time>2026-03-29T13:20:00Z</time>
      </trkpt>
      <trkpt lat="66.35528" lon="16.86356">
        <time>2026-03-29T13:30:00Z</time>
      </trkpt>
      <trkpt lat="66.35722" lon="16.87525">
        <time>2026-03-29T13:40:00Z</time>
      </trkpt>
      <trkpt lat="66.35888" lon="16.89049">
        <time>2026-03-29T13:50:00Z</time>
      </trkpt>
      <trkpt lat="66.36078" lon="16.90772">
        <time>2026-03-29T14:00:00Z</time>
      </trkpt>
      <trkpt lat="66.36815" lon="16.91501">
        <time>2026-03-29T14:10:00Z</time>
      </trkpt>
      <trkpt lat="66.37701" lon="16.9207">
        <time>2026-03-29T14:20:00Z</time>
      </trkpt>
      <trkpt lat="66.37985" lon="16.94173">
        <time>2026-03-29T14:30:00Z</time>
      </trkpt>
      <trkpt lat="66.3826" lon="16.95508">
        <time>2026-03-29T14:40:00Z</time>
      </trkpt>
      <trkpt lat="66.38354" lon="16.95971">
        <time>2026-03-29T14:50:00Z</time>
      </trkpt>
      <trkpt lat="66.38691" lon="16.96435">
        <time>2026-03-29T15:00:00Z</time>
      </trkpt>
      <trkpt lat="66.38756" lon="16.9658">
        <time>2026-03-29T15:10:00Z</time>
      </trkpt>
      <trkpt lat="66.38717" lon="16.96636">
        <time>2026-03-29T15:24:00Z</time>
      </trkpt>
      <trkpt lat="66.38765" lon="16.96623">
        <time>2026-03-31T07:32:00Z</time>
      </trkpt>
      <trkpt lat="66.38394" lon="16.97231">
        <time>2026-03-31T07:42:00Z</time>
      </trkpt>
      <trkpt lat="66.38614" lon="16.98816">
        <time>2026-03-31T07:52:00Z</time>
      </trkpt>
      <trkpt lat="66.38864" lon="17.00537">
        <time>2026-03-31T08:02:00Z</time>
      </trkpt>
      <trkpt lat="66.39115" lon="17.0223">
        <time>2026-03-31T08:12:00Z</time>
      </trkpt>
      <trkpt lat="66.39332" lon="17.03919">
        <time>2026-03-31T08:22:00Z</time>
      </trkpt>
      <trkpt lat="66.39533" lon="17.05599">
        <time>2026-03-31T08:32:00Z</time>
      </trkpt>
      <trkpt lat="66.39736" lon="17.07339">
        <time>2026-03-31T08:42:00Z</time>
      </trkpt>
      <trkpt lat="66.39927" lon="17.08964">
        <time>2026-03-31T08:52:00Z</time>
      </trkpt>
      <trkpt lat="66.39988" lon="17.09504">
        <time>2026-03-31T09:02:00Z</time>
      </trkpt>
      <trkpt lat="66.40166" lon="17.11155">
        <time>2026-03-31T09:12:00Z</time>
      </trkpt>
      <trkpt lat="66.40327" lon="17.12753">
        <time>2026-03-31T09:22:00Z</time>
      </trkpt>
      <trkpt lat="66.40366" lon="17.14313">
        <time>2026-03-31T09:32:00Z</time>
      </trkpt>
      <trkpt lat="66.40527" lon="17.15017">
        <time>2026-03-31T09:42:00Z</time>
      </trkpt>
      <trkpt lat="66.40748" lon="17.16126">
        <time>2026-03-31T09:52:00Z</time>
      </trkpt>
      <trkpt lat="66.40948" lon="17.17021">
        <time>2026-03-31T10:02:00Z</time>
      </trkpt>
      <trkpt lat="66.40723" lon="17.18549">
        <time>2026-03-31T10:12:00Z</time>
      </trkpt>
      <trkpt lat="66.41076" lon="17.18851">
        <time>2026-03-31T10:22:00Z</time>
      </trkpt>
      <trkpt lat="66.41106" lon="17.18823">
        <time>2026-03-31T10:32:00Z</time>
      </trkpt>
      <trkpt lat="66.4143" lon="17.18817">
        <time>2026-03-31T10:52:00Z</time>
      </trkpt>
      <trkpt lat="66.41863" lon="17.18648">
        <time>2026-03-31T11:02:00Z</time>
      </trkpt>
      <trkpt lat="66.42139" lon="17.18708">
        <time>2026-03-31T11:12:00Z</time>
      </trkpt>
      <trkpt lat="66.42459" lon="17.18744">
        <time>2026-03-31T11:22:00Z</time>
      </trkpt>
      <trkpt lat="66.42817" lon="17.18948">
        <time>2026-03-31T11:32:00Z</time>
      </trkpt>
      <trkpt lat="66.43046" lon="17.19583">
        <time>2026-03-31T11:42:00Z</time>
      </trkpt>
      <trkpt lat="66.43395" lon="17.20695">
        <time>2026-03-31T11:52:00Z</time>
      </trkpt>
      <trkpt lat="66.43753" lon="17.22785">
        <time>2026-03-31T12:02:00Z</time>
      </trkpt>
      <trkpt lat="66.43827" lon="17.24014">
        <time>2026-03-31T12:12:00Z</time>
      </trkpt>
      <trkpt lat="66.44385" lon="17.24113">
        <time>2026-03-31T12:22:00Z</time>
      </trkpt>
      <trkpt lat="66.4492" lon="17.24003">
        <time>2026-03-31T12:32:00Z</time>
      </trkpt>
      <trkpt lat="66.45407" lon="17.24246">
        <time>2026-03-31T12:42:00Z</time>
      </trkpt>
      <trkpt lat="66.4601" lon="17.24201">
        <time>2026-03-31T12:52:00Z</time>
      </trkpt>
      <trkpt lat="66.4668" lon="17.24149">
        <time>2026-03-31T13:02:00Z</time>
      </trkpt>
      <trkpt lat="66.47354" lon="17.23952">
        <time>2026-03-31T13:12:00Z</time>
      </trkpt>
      <trkpt lat="66.48035" lon="17.23639">
        <time>2026-03-31T13:22:00Z</time>
      </trkpt>
      <trkpt lat="66.48714" lon="17.23351">
        <time>2026-03-31T13:32:00Z</time>
      </trkpt>
      <trkpt lat="66.4899" lon="17.23242">
        <time>2026-03-31T13:42:00Z</time>
      </trkpt>
      <trkpt lat="66.49299" lon="17.23212">
        <time>2026-03-31T13:52:00Z</time>
      </trkpt>
      <trkpt lat="66.49301" lon="17.23209">
        <time>2026-03-31T14:02:00Z</time>
      </trkpt>
      <trkpt lat="66.49578" lon="17.23188">
        <time>2026-03-31T14:32:00Z</time>
      </trkpt>
      <trkpt lat="66.50065" lon="17.2357">
        <time>2026-03-31T14:42:00Z</time>
      </trkpt>
      <trkpt lat="66.50586" lon="17.23935">
        <time>2026-03-31T14:52:00Z</time>
      </trkpt>
      <trkpt lat="66.51098" lon="17.24216">
        <time>2026-03-31T15:02:00Z</time>
      </trkpt>
      <trkpt lat="66.51756" lon="17.24299">
        <time>2026-03-31T15:12:00Z</time>
      </trkpt>
      <trkpt lat="66.52349" lon="17.24224">
        <time>2026-03-31T15:22:00Z</time>
      </trkpt>
      <trkpt lat="66.52921" lon="17.24212">
        <time>2026-03-31T15:32:00Z</time>
      </trkpt>
      <trkpt lat="66.53386" lon="17.23993">
        <time>2026-03-31T15:42:00Z</time>
      </trkpt>
      <trkpt lat="66.54015" lon="17.23194">
        <time>2026-03-31T15:52:00Z</time>
      </trkpt>
      <trkpt lat="66.5449" lon="17.231">
        <time>2026-03-31T16:02:00Z</time>
      </trkpt>
      <trkpt lat="66.54488" lon="17.23096">
        <time>2026-03-31T16:12:00Z</time>
      </trkpt>
      <trkpt lat="66.54676" lon="17.23018">
        <time>2026-03-31T16:22:00Z</time>
      </trkpt>
      <trkpt lat="66.54775" lon="17.22973">
        <time>2026-03-31T16:32:00Z</time>
      </trkpt>
      <trkpt lat="66.55413" lon="17.23038">
        <time>2026-03-31T16:42:00Z</time>
      </trkpt>
      <trkpt lat="66.56036" lon="17.23038">
        <time>2026-03-31T16:52:00Z</time>
      </trkpt>
      <trkpt lat="66.56482" lon="17.23609">
        <time>2026-03-31T17:02:00Z</time>
      </trkpt>
      <trkpt lat="66.56564" lon="17.2478">
        <time>2026-03-31T17:12:00Z</time>
      </trkpt>
      <trkpt lat="66.56502" lon="17.26344">
        <time>2026-03-31T17:22:00Z</time>
      </trkpt>
      <trkpt lat="66.56447" lon="17.27784">
        <time>2026-03-31T17:32:00Z</time>
      </trkpt>
      <trkpt lat="66.56297" lon="17.28788">
        <time>2026-03-31T17:42:00Z</time>
      </trkpt>
      <trkpt lat="66.5609" lon="17.30001">
        <time>2026-03-31T17:52:00Z</time>
      </trkpt>
      <trkpt lat="66.55972" lon="17.30402">
        <time>2026-03-31T18:02:00Z</time>
      </trkpt>
      <trkpt lat="66.55972" lon="17.30408">
        <time>2026-03-31T18:12:00Z</time>
      </trkpt>
      <trkpt lat="66.55987" lon="17.30406">
        <time>2026-03-31T18:27:00Z</time>
      </trkpt>
      <trkpt lat="66.55969" lon="17.30402">
        <time>2026-04-01T07:29:00Z</time>
      </trkpt>
      <trkpt lat="66.5601" lon="17.30378">
        <time>2026-04-01T07:39:00Z</time>
      </trkpt>
      <trkpt lat="66.55812" lon="17.31829">
        <time>2026-04-01T07:49:00Z</time>
      </trkpt>
      <trkpt lat="66.55583" lon="17.33054">
        <time>2026-04-01T07:59:00Z</time>
      </trkpt>
      <trkpt lat="66.55332" lon="17.34176">
        <time>2026-04-01T08:09:00Z</time>
      </trkpt>
      <trkpt lat="66.55474" lon="17.35335">
        <time>2026-04-01T08:19:00Z</time>
      </trkpt>
      <trkpt lat="66.5555" lon="17.36378">
        <time>2026-04-01T08:29:00Z</time>
      </trkpt>
      <trkpt lat="66.5552" lon="17.3697">
        <time>2026-04-01T08:40:00Z</time>
      </trkpt>
      <trkpt lat="66.55374" lon="17.37925">
        <time>2026-04-01T08:50:00Z</time>
      </trkpt>
      <trkpt lat="66.55628" lon="17.38653">
        <time>2026-04-01T09:00:00Z</time>
      </trkpt>
      <trkpt lat="66.55899" lon="17.38936">
        <time>2026-04-01T09:10:00Z</time>
      </trkpt>
      <trkpt lat="66.56228" lon="17.3908">
        <time>2026-04-01T09:20:00Z</time>
      </trkpt>
      <trkpt lat="66.56337" lon="17.39095">
        <time>2026-04-01T09:30:00Z</time>
      </trkpt>
      <trkpt lat="66.57073" lon="17.39953">
        <time>2026-04-01T09:40:00Z</time>
      </trkpt>
      <trkpt lat="66.57599" lon="17.39899">
        <time>2026-04-01T09:50:00Z</time>
      </trkpt>
      <trkpt lat="66.58352" lon="17.39286">
        <time>2026-04-01T10:00:00Z</time>
      </trkpt>
      <trkpt lat="66.59178" lon="17.38672">
        <time>2026-04-01T10:10:00Z</time>
      </trkpt>
      <trkpt lat="66.59457" lon="17.38854">
        <time>2026-04-01T10:20:00Z</time>
      </trkpt>
      <trkpt lat="66.59454" lon="17.38852">
        <time>2026-04-01T10:30:00Z</time>
      </trkpt>
      <trkpt lat="66.59596" lon="17.39307">
        <time>2026-04-01T11:00:00Z</time>
      </trkpt>
      <trkpt lat="66.60199" lon="17.3932">
        <time>2026-04-01T11:10:00Z</time>
      </trkpt>
      <trkpt lat="66.60778" lon="17.38539">
        <time>2026-04-01T11:20:00Z</time>
      </trkpt>
      <trkpt lat="66.61259" lon="17.37468">
        <time>2026-04-01T11:30:00Z</time>
      </trkpt>
      <trkpt lat="66.61824" lon="17.37288">
        <time>2026-04-01T11:40:00Z</time>
      </trkpt>
      <trkpt lat="66.62013" lon="17.37303">
        <time>2026-04-01T11:50:00Z</time>
      </trkpt>
      <trkpt lat="66.62577" lon="17.38232">
        <time>2026-04-01T12:00:00Z</time>
      </trkpt>
      <trkpt lat="66.63108" lon="17.38839">
        <time>2026-04-01T12:10:00Z</time>
      </trkpt>
      <trkpt lat="66.63812" lon="17.39813">
        <time>2026-04-01T12:20:00Z</time>
      </trkpt>
      <trkpt lat="66.64176" lon="17.40313">
        <time>2026-04-01T12:30:00Z</time>
      </trkpt>
      <trkpt lat="66.64714" lon="17.39781">
        <time>2026-04-01T12:40:00Z</time>
      </trkpt>
      <trkpt lat="66.6524" lon="17.39998">
        <time>2026-04-01T12:50:00Z</time>
      </trkpt>
      <trkpt lat="66.65637" lon="17.40839">
        <time>2026-04-01T13:00:00Z</time>
      </trkpt>
      <trkpt lat="66.65832" lon="17.41603">
        <time>2026-04-01T13:10:00Z</time>
      </trkpt>
      <trkpt lat="66.66187" lon="17.41839">
        <time>2026-04-01T13:20:00Z</time>
      </trkpt>
      <trkpt lat="66.66185" lon="17.41841">
        <time>2026-04-01T13:30:00Z</time>
      </trkpt>
      <trkpt lat="66.66287" lon="17.41944">
        <time>2026-04-01T14:00:00Z</time>
      </trkpt>
      <trkpt lat="66.66788" lon="17.43281">
        <time>2026-04-01T14:10:00Z</time>
      </trkpt>
      <trkpt lat="66.67395" lon="17.43875">
        <time>2026-04-01T14:20:00Z</time>
      </trkpt>
      <trkpt lat="66.68039" lon="17.43154">
        <time>2026-04-01T14:30:00Z</time>
      </trkpt>
      <trkpt lat="66.68625" lon="17.42324">
        <time>2026-04-01T14:40:00Z</time>
      </trkpt>
      <trkpt lat="66.69194" lon="17.41335">
        <time>2026-04-01T14:50:00Z</time>
      </trkpt>
      <trkpt lat="66.69763" lon="17.40455">
        <time>2026-04-01T15:00:00Z</time>
      </trkpt>
      <trkpt lat="66.70381" lon="17.39642">
        <time>2026-04-01T15:10:00Z</time>
      </trkpt>
      <trkpt lat="66.70898" lon="17.38891">
        <time>2026-04-01T15:20:00Z</time>
      </trkpt>
      <trkpt lat="66.71177" lon="17.38801">
        <time>2026-04-01T15:30:00Z</time>
      </trkpt>
      <trkpt lat="66.71635" lon="17.39208">
        <time>2026-04-01T15:40:00Z</time>
      </trkpt>
      <trkpt lat="66.71819" lon="17.39401">
        <time>2026-04-01T15:50:00Z</time>
      </trkpt>
      <trkpt lat="66.71819" lon="17.39397">
        <time>2026-04-01T16:00:00Z</time>
      </trkpt>
      <trkpt lat="66.72313" lon="17.40022">
        <time>2026-04-01T16:30:00Z</time>
      </trkpt>
      <trkpt lat="66.72794" lon="17.39751">
        <time>2026-04-01T16:40:00Z</time>
      </trkpt>
      <trkpt lat="66.73484" lon="17.39912">
        <time>2026-04-01T16:50:00Z</time>
      </trkpt>
      <trkpt lat="66.74123" lon="17.40695">
        <time>2026-04-01T17:00:00Z</time>
      </trkpt>
      <trkpt lat="66.74434" lon="17.41026">
        <time>2026-04-01T17:10:00Z</time>
      </trkpt>
      <trkpt lat="66.74465" lon="17.41204">
        <time>2026-04-01T17:20:00Z</time>
      </trkpt>
      <trkpt lat="66.74624" lon="17.42427">
        <time>2026-04-01T17:30:00Z</time>
      </trkpt>
      <trkpt lat="66.74886" lon="17.43989">
        <time>2026-04-01T17:40:00Z</time>
      </trkpt>
      <trkpt lat="66.74974" lon="17.44122">
        <time>2026-04-01T17:50:00Z</time>
      </trkpt>
      <trkpt lat="66.74978" lon="17.44126">
        <time>2026-04-01T18:00:00Z</time>
      </trkpt>
      <trkpt lat="66.75007" lon="17.44077">
        <time>2026-04-01T18:13:00Z</time>
      </trkpt>
      <trkpt lat="66.74978" lon="17.44131">
        <time>2026-04-02T07:37:00Z</time>
      </trkpt>
      <trkpt lat="66.75033" lon="17.44474">
        <time>2026-04-02T07:47:00Z</time>
      </trkpt>
      <trkpt lat="66.75503" lon="17.45944">
        <time>2026-04-02T07:57:00Z</time>
      </trkpt>
      <trkpt lat="66.75888" lon="17.47182">
        <time>2026-04-02T08:07:00Z</time>
      </trkpt>
      <trkpt lat="66.7613" lon="17.47834">
        <time>2026-04-02T08:17:00Z</time>
      </trkpt>
      <trkpt lat="66.76483" lon="17.48847">
        <time>2026-04-02T08:27:00Z</time>
      </trkpt>
      <trkpt lat="66.76759" lon="17.49444">
        <time>2026-04-02T08:37:00Z</time>
      </trkpt>
      <trkpt lat="66.77172" lon="17.49888">
        <time>2026-04-02T08:47:00Z</time>
      </trkpt>
      <trkpt lat="66.77717" lon="17.51246">
        <time>2026-04-02T08:57:00Z</time>
      </trkpt>
      <trkpt lat="66.77638" lon="17.52793">
        <time>2026-04-02T09:07:00Z</time>
      </trkpt>
      <trkpt lat="66.77762" lon="17.54102">
        <time>2026-04-02T09:17:00Z</time>
      </trkpt>
      <trkpt lat="66.78307" lon="17.55267">
        <time>2026-04-02T09:27:00Z</time>
      </trkpt>
      <trkpt lat="66.78793" lon="17.54902">
        <time>2026-04-02T09:37:00Z</time>
      </trkpt>
      <trkpt lat="66.79152" lon="17.54048">
        <time>2026-04-02T09:47:00Z</time>
      </trkpt>
      <trkpt lat="66.79431" lon="17.53896">
        <time>2026-04-02T09:57:00Z</time>
      </trkpt>
      <trkpt lat="66.79728" lon="17.53883">
        <time>2026-04-02T10:07:00Z</time>
      </trkpt>
      <trkpt lat="66.79999" lon="17.53836">
        <time>2026-04-02T10:17:00Z</time>
      </trkpt>
      <trkpt lat="66.80259" lon="17.53928">
        <time>2026-04-02T10:27:00Z</time>
      </trkpt>
      <trkpt lat="66.80542" lon="17.54147">
        <time>2026-04-02T10:37:00Z</time>
      </trkpt>
      <trkpt lat="66.80919" lon="17.54789">
        <time>2026-04-02T10:47:00Z</time>
      </trkpt>
      <trkpt lat="66.81429" lon="17.55441">
        <time>2026-04-02T10:57:00Z</time>
      </trkpt>
      <trkpt lat="66.82103" lon="17.56574">
        <time>2026-04-02T11:07:00Z</time>
      </trkpt>
      <trkpt lat="66.82962" lon="17.57703">
        <time>2026-04-02T11:17:00Z</time>
      </trkpt>
      <trkpt lat="66.83914" lon="17.58559">
        <time>2026-04-02T11:27:00Z</time>
      </trkpt>
      <trkpt lat="66.84493" lon="17.58917">
        <time>2026-04-02T11:37:00Z</time>
      </trkpt>
      <trkpt lat="66.84487" lon="17.58919">
        <time>2026-04-02T11:47:00Z</time>
      </trkpt>
      <trkpt lat="66.85014" lon="17.59012">
        <time>2026-04-02T12:47:00Z</time>
      </trkpt>
      <trkpt lat="66.85614" lon="17.59548">
        <time>2026-04-02T12:57:00Z</time>
      </trkpt>
      <trkpt lat="66.86223" lon="17.59831">
        <time>2026-04-02T13:07:00Z</time>
      </trkpt>
      <trkpt lat="66.86736" lon="17.60342">
        <time>2026-04-02T13:17:00Z</time>
      </trkpt>
      <trkpt lat="66.87089" lon="17.61108">
        <time>2026-04-02T13:27:00Z</time>
      </trkpt>
      <trkpt lat="66.87475" lon="17.62464">
        <time>2026-04-02T13:37:00Z</time>
      </trkpt>
      <trkpt lat="66.87697" lon="17.63739">
        <time>2026-04-02T13:47:00Z</time>
      </trkpt>
      <trkpt lat="66.87833" lon="17.6479">
        <time>2026-04-02T13:57:00Z</time>
      </trkpt>
      <trkpt lat="66.88131" lon="17.65466">
        <time>2026-04-02T14:07:00Z</time>
      </trkpt>
      <trkpt lat="66.88488" lon="17.65384">
        <time>2026-04-02T14:17:00Z</time>
      </trkpt>
      <trkpt lat="66.88951" lon="17.66">
        <time>2026-04-02T14:27:00Z</time>
      </trkpt>
      <trkpt lat="66.89579" lon="17.6655">
        <time>2026-04-02T14:37:00Z</time>
      </trkpt>
      <trkpt lat="66.90052" lon="17.67303">
        <time>2026-04-02T14:47:00Z</time>
      </trkpt>
      <trkpt lat="66.90508" lon="17.67024">
        <time>2026-04-02T14:57:00Z</time>
      </trkpt>
      <trkpt lat="66.91154" lon="17.66942">
        <time>2026-04-02T15:07:00Z</time>
      </trkpt>
      <trkpt lat="66.91827" lon="17.66921">
        <time>2026-04-02T15:17:00Z</time>
      </trkpt>
      <trkpt lat="66.92415" lon="17.66191">
        <time>2026-04-02T15:27:00Z</time>
      </trkpt>
      <trkpt lat="66.92275" lon="17.67955">
        <time>2026-04-02T15:37:00Z</time>
      </trkpt>
      <trkpt lat="66.91935" lon="17.69652">
        <time>2026-04-02T15:47:00Z</time>
      </trkpt>
      <trkpt lat="66.92276" lon="17.71178">
        <time>2026-04-02T15:57:00Z</time>
      </trkpt>
      <trkpt lat="66.92626" lon="17.71972">
        <time>2026-04-02T16:07:00Z</time>
      </trkpt>
      <trkpt lat="66.92636" lon="17.72002">
        <time>2026-04-02T16:17:00Z</time>
      </trkpt>
      <trkpt lat="66.93271" lon="17.72723">
        <time>2026-04-02T16:27:00Z</time>
      </trkpt>
      <trkpt lat="66.93954" lon="17.72815">
        <time>2026-04-02T16:37:00Z</time>
      </trkpt>
      <trkpt lat="66.94659" lon="17.72455">
        <time>2026-04-02T16:47:00Z</time>
      </trkpt>
      <trkpt lat="66.94935" lon="17.72418">
        <time>2026-04-02T16:57:00Z</time>
      </trkpt>
      <trkpt lat="66.95114" lon="17.73038">
        <time>2026-04-02T17:07:00Z</time>
      </trkpt>
      <trkpt lat="66.95101" lon="17.73354">
        <time>2026-04-02T17:16:00Z</time>
      </trkpt>
      <trkpt lat="66.95114" lon="17.73339">
        <time>2026-04-03T08:21:00Z</time>
      </trkpt>
      <trkpt lat="66.95228" lon="17.73727">
        <time>2026-04-03T08:31:00Z</time>
      </trkpt>
      <trkpt lat="66.95496" lon="17.73912">
        <time>2026-04-03T08:41:00Z</time>
      </trkpt>
      <trkpt lat="66.95585" lon="17.74053">
        <time>2026-04-03T08:51:00Z</time>
      </trkpt>
      <trkpt lat="66.95799" lon="17.74079">
        <time>2026-04-03T09:01:00Z</time>
      </trkpt>
      <trkpt lat="66.96392" lon="17.73764">
        <time>2026-04-03T09:11:00Z</time>
      </trkpt>
      <trkpt lat="66.96572" lon="17.74086">
        <time>2026-04-03T09:21:00Z</time>
      </trkpt>
      <trkpt lat="66.9702" lon="17.74667">
        <time>2026-04-03T09:31:00Z</time>
      </trkpt>
      <trkpt lat="66.97442" lon="17.75461">
        <time>2026-04-03T09:41:00Z</time>
      </trkpt>
      <trkpt lat="66.98056" lon="17.76304">
        <time>2026-04-03T09:51:00Z</time>
      </trkpt>
      <trkpt lat="66.98459" lon="17.77669">
        <time>2026-04-03T10:01:00Z</time>
      </trkpt>
      <trkpt lat="66.99068" lon="17.78585">
        <time>2026-04-03T10:11:00Z</time>
      </trkpt>
      <trkpt lat="66.99884" lon="17.79167">
        <time>2026-04-03T10:21:00Z</time>
      </trkpt>
      <trkpt lat="67.00248" lon="17.78997">
        <time>2026-04-03T10:31:00Z</time>
      </trkpt>
      <trkpt lat="67.01048" lon="17.79167">
        <time>2026-04-03T10:41:00Z</time>
      </trkpt>
      <trkpt lat="67.01817" lon="17.79169">
        <time>2026-04-03T10:51:00Z</time>
      </trkpt>
      <trkpt lat="67.02228" lon="17.80682">
        <time>2026-04-03T11:01:00Z</time>
      </trkpt>
      <trkpt lat="67.02405" lon="17.82621">
        <time>2026-04-03T11:11:00Z</time>
      </trkpt>
      <trkpt lat="67.02555" lon="17.84544">
        <time>2026-04-03T11:21:00Z</time>
      </trkpt>
      <trkpt lat="67.02799" lon="17.86267">
        <time>2026-04-03T11:31:00Z</time>
      </trkpt>
      <trkpt lat="67.0303" lon="17.87906">
        <time>2026-04-03T11:41:00Z</time>
      </trkpt>
      <trkpt lat="67.02978" lon="17.89893">
        <time>2026-04-03T11:51:00Z</time>
      </trkpt>
      <trkpt lat="67.03111" lon="17.91704">
        <time>2026-04-03T12:01:00Z</time>
      </trkpt>
      <trkpt lat="67.03509" lon="17.93299">
        <time>2026-04-03T12:11:00Z</time>
      </trkpt>
      <trkpt lat="67.03885" lon="17.94904">
        <time>2026-04-03T12:21:00Z</time>
      </trkpt>
      <trkpt lat="67.03922" lon="17.95054">
        <time>2026-04-03T12:31:00Z</time>
      </trkpt>
      <trkpt lat="67.0425" lon="17.95693">
        <time>2026-04-03T13:11:00Z</time>
      </trkpt>
      <trkpt lat="67.04332" lon="17.97447">
        <time>2026-04-03T13:21:00Z</time>
      </trkpt>
      <trkpt lat="67.04272" lon="17.99232">
        <time>2026-04-03T13:31:00Z</time>
      </trkpt>
      <trkpt lat="67.043" lon="18.00571">
        <time>2026-04-03T13:41:00Z</time>
      </trkpt>
      <trkpt lat="67.04454" lon="18.02511">
        <time>2026-04-03T13:51:00Z</time>
      </trkpt>
      <trkpt lat="67.04747" lon="18.04253">
        <time>2026-04-03T14:01:00Z</time>
      </trkpt>
      <trkpt lat="67.04722" lon="18.06004">
        <time>2026-04-03T14:11:00Z</time>
      </trkpt>
      <trkpt lat="67.05009" lon="18.07911">
        <time>2026-04-03T14:21:00Z</time>
      </trkpt>
      <trkpt lat="67.05129" lon="18.09967">
        <time>2026-04-03T14:31:00Z</time>
      </trkpt>
      <trkpt lat="67.0529" lon="18.1169">
        <time>2026-04-03T14:41:00Z</time>
      </trkpt>
      <trkpt lat="67.05664" lon="18.13038">
        <time>2026-04-03T14:51:00Z</time>
      </trkpt>
      <trkpt lat="67.05775" lon="18.14229">
        <time>2026-04-03T15:01:00Z</time>
      </trkpt>
      <trkpt lat="67.06158" lon="18.15952">
        <time>2026-04-03T15:11:00Z</time>
      </trkpt>
      <trkpt lat="67.06143" lon="18.18035">
        <time>2026-04-03T15:21:00Z</time>
      </trkpt>
      <trkpt lat="67.06236" lon="18.19947">
        <time>2026-04-03T15:31:00Z</time>
      </trkpt>
      <trkpt lat="67.06624" lon="18.21232">
        <time>2026-04-03T15:41:00Z</time>
      </trkpt>
      <trkpt lat="67.07123" lon="18.2176">
        <time>2026-04-03T15:51:00Z</time>
      </trkpt>
      <trkpt lat="67.07122" lon="18.21762">
        <time>2026-04-03T16:01:00Z</time>
      </trkpt>
      <trkpt lat="67.07425" lon="18.22417">
        <time>2026-04-03T16:11:00Z</time>
      </trkpt>
      <trkpt lat="67.07429" lon="18.24194">
        <time>2026-04-03T16:21:00Z</time>
      </trkpt>
      <trkpt lat="67.07269" lon="18.25552">
        <time>2026-04-03T16:31:00Z</time>
      </trkpt>
      <trkpt lat="67.07358" lon="18.27258">
        <time>2026-04-03T16:41:00Z</time>
      </trkpt>
      <trkpt lat="67.0796" lon="18.27863">
        <time>2026-04-03T16:51:00Z</time>
      </trkpt>
      <trkpt lat="67.08217" lon="18.28135">
        <time>2026-04-03T17:01:00Z</time>
      </trkpt>
      <trkpt lat="67.08533" lon="18.28406">
        <time>2026-04-03T17:11:00Z</time>
      </trkpt>
      <trkpt lat="67.08924" lon="18.27653">
        <time>2026-04-03T17:21:00Z</time>
      </trkpt>
      <trkpt lat="67.09424" lon="18.27421">
        <time>2026-04-03T17:31:00Z</time>
      </trkpt>
      <trkpt lat="67.10014" lon="18.27243">
        <time>2026-04-03T17:41:00Z</time>
      </trkpt>
      <trkpt lat="67.10505" lon="18.27333">
        <time>2026-04-03T17:51:00Z</time>
      </trkpt>
      <trkpt lat="67.11203" lon="18.28354">
        <time>2026-04-03T18:01:00Z</time>
      </trkpt>
      <trkpt lat="67.11802" lon="18.28897">
        <time>2026-04-03T18:11:00Z</time>
      </trkpt>
      <trkpt lat="67.12342" lon="18.29592">
        <time>2026-04-03T18:21:00Z</time>
      </trkpt>
      <trkpt lat="67.1303" lon="18.3044">
        <time>2026-04-03T18:31:00Z</time>
      </trkpt>
      <trkpt lat="67.13753" lon="18.31311">
        <time>2026-04-03T18:41:00Z</time>
      </trkpt>
      <trkpt lat="67.14249" lon="18.3133">
        <time>2026-04-03T18:51:00Z</time>
      </trkpt>
      <trkpt lat="67.14766" lon="18.30494">
        <time>2026-04-03T19:01:00Z</time>
      </trkpt>
      <trkpt lat="67.14874" lon="18.30627">
        <time>2026-04-03T19:09:00Z</time>
      </trkpt>
      <trkpt lat="67.1487" lon="18.30637">
        <time>2026-04-04T07:33:00Z</time>
      </trkpt>
      <trkpt lat="67.14649" lon="18.30953">
        <time>2026-04-04T07:43:00Z</time>
      </trkpt>
      <trkpt lat="67.14694" lon="18.31425">
        <time>2026-04-04T07:53:00Z</time>
      </trkpt>
      <trkpt lat="67.14805" lon="18.32032">
        <time>2026-04-04T08:03:00Z</time>
      </trkpt>
      <trkpt lat="67.1483" lon="18.32766">
        <time>2026-04-04T08:13:00Z</time>
      </trkpt>
      <trkpt lat="67.15097" lon="18.33118">
        <time>2026-04-04T08:23:00Z</time>
      </trkpt>
      <trkpt lat="67.15474" lon="18.33487">
        <time>2026-04-04T08:33:00Z</time>
      </trkpt>
      <trkpt lat="67.15802" lon="18.33873">
        <time>2026-04-04T08:43:00Z</time>
      </trkpt>
      <trkpt lat="67.16163" lon="18.3439">
        <time>2026-04-04T08:53:00Z</time>
      </trkpt>
      <trkpt lat="67.16527" lon="18.35521">
        <time>2026-04-04T09:03:00Z</time>
      </trkpt>
      <trkpt lat="67.16688" lon="18.36221">
        <time>2026-04-04T09:13:00Z</time>
      </trkpt>
      <trkpt lat="67.16742" lon="18.37072">
        <time>2026-04-04T09:23:00Z</time>
      </trkpt>
      <trkpt lat="67.16824" lon="18.39315">
        <time>2026-04-04T09:33:00Z</time>
      </trkpt>
      <trkpt lat="67.17185" lon="18.4087">
        <time>2026-04-04T09:43:00Z</time>
      </trkpt>
      <trkpt lat="67.17826" lon="18.42315">
        <time>2026-04-04T09:53:00Z</time>
      </trkpt>
      <trkpt lat="67.18552" lon="18.43226">
        <time>2026-04-04T10:03:00Z</time>
      </trkpt>
      <trkpt lat="67.19225" lon="18.43589">
        <time>2026-04-04T10:13:00Z</time>
      </trkpt>
      <trkpt lat="67.19845" lon="18.43351">
        <time>2026-04-04T10:23:00Z</time>
      </trkpt>
      <trkpt lat="67.20581" lon="18.43036">
        <time>2026-04-04T10:33:00Z</time>
      </trkpt>
      <trkpt lat="67.21292" lon="18.4292">
        <time>2026-04-04T10:43:00Z</time>
      </trkpt>
      <trkpt lat="67.21959" lon="18.43387">
        <time>2026-04-04T10:53:00Z</time>
      </trkpt>
      <trkpt lat="67.22629" lon="18.43194">
        <time>2026-04-04T11:03:00Z</time>
      </trkpt>
      <trkpt lat="67.23143" lon="18.44119">
        <time>2026-04-04T11:13:00Z</time>
      </trkpt>
      <trkpt lat="67.23144" lon="18.44123">
        <time>2026-04-04T11:23:00Z</time>
      </trkpt>
      <trkpt lat="67.23441" lon="18.44668">
        <time>2026-04-04T12:03:00Z</time>
      </trkpt>
      <trkpt lat="67.23892" lon="18.45053">
        <time>2026-04-04T12:13:00Z</time>
      </trkpt>
      <trkpt lat="67.24324" lon="18.45821">
        <time>2026-04-04T12:23:00Z</time>
      </trkpt>
      <trkpt lat="67.24873" lon="18.46574">
        <time>2026-04-04T12:33:00Z</time>
      </trkpt>
      <trkpt lat="67.25499" lon="18.46778">
        <time>2026-04-04T12:43:00Z</time>
      </trkpt>
      <trkpt lat="67.26172" lon="18.47072">
        <time>2026-04-04T12:53:00Z</time>
      </trkpt>
      <trkpt lat="67.26862" lon="18.46673">
        <time>2026-04-04T13:03:00Z</time>
      </trkpt>
      <trkpt lat="67.27509" lon="18.46364">
        <time>2026-04-04T13:13:00Z</time>
      </trkpt>
      <trkpt lat="67.2816" lon="18.46164">
        <time>2026-04-04T13:23:00Z</time>
      </trkpt>
      <trkpt lat="67.28744" lon="18.47061">
        <time>2026-04-04T13:33:00Z</time>
      </trkpt>
      <trkpt lat="67.29361" lon="18.48035">
        <time>2026-04-04T13:43:00Z</time>
      </trkpt>
      <trkpt lat="67.3" lon="18.48722">
        <time>2026-04-04T13:53:00Z</time>
      </trkpt>
      <trkpt lat="67.30644" lon="18.48954">
        <time>2026-04-04T14:03:00Z</time>
      </trkpt>
      <trkpt lat="67.30885" lon="18.48994">
        <time>2026-04-04T14:13:00Z</time>
      </trkpt>
      <trkpt lat="67.31664" lon="18.49372">
        <time>2026-04-04T14:23:00Z</time>
      </trkpt>
      <trkpt lat="67.32349" lon="18.49971">
        <time>2026-04-04T14:33:00Z</time>
      </trkpt>
      <trkpt lat="67.3235" lon="18.49971">
        <time>2026-04-04T14:43:00Z</time>
      </trkpt>
      <trkpt lat="67.3268" lon="18.50473">
        <time>2026-04-04T15:03:00Z</time>
      </trkpt>
      <trkpt lat="67.33344" lon="18.50739">
        <time>2026-04-04T15:13:00Z</time>
      </trkpt>
      <trkpt lat="67.34211" lon="18.50363">
        <time>2026-04-04T15:23:00Z</time>
      </trkpt>
      <trkpt lat="67.34997" lon="18.50187">
        <time>2026-04-04T15:33:00Z</time>
      </trkpt>
      <trkpt lat="67.35651" lon="18.50177">
        <time>2026-04-04T15:43:00Z</time>
      </trkpt>
      <trkpt lat="67.3618" lon="18.50919">
        <time>2026-04-04T15:53:00Z</time>
      </trkpt>
      <trkpt lat="67.36818" lon="18.51816">
        <time>2026-04-04T16:03:00Z</time>
      </trkpt>
      <trkpt lat="67.37778" lon="18.53181">
        <time>2026-04-04T16:13:00Z</time>
      </trkpt>
      <trkpt lat="67.38533" lon="18.53462">
        <time>2026-04-04T16:23:00Z</time>
      </trkpt>
      <trkpt lat="67.38883" lon="18.52985">
        <time>2026-04-04T16:33:00Z</time>
      </trkpt>
      <trkpt lat="67.39246" lon="18.52007">
        <time>2026-04-04T16:43:00Z</time>
      </trkpt>
      <trkpt lat="67.39378" lon="18.51951">
        <time>2026-04-04T16:47:00Z</time>
      </trkpt>
      <trkpt lat="67.39394" lon="18.52033">
        <time>2026-04-06T08:30:00Z</time>
      </trkpt>
      <trkpt lat="67.39589" lon="18.5146">
        <time>2026-04-06T08:40:00Z</time>
      </trkpt>
      <trkpt lat="67.40145" lon="18.49958">
        <time>2026-04-06T08:50:00Z</time>
      </trkpt>
      <trkpt lat="67.40688" lon="18.48481">
        <time>2026-04-06T09:00:00Z</time>
      </trkpt>
      <trkpt lat="67.4117" lon="18.47009">
        <time>2026-04-06T09:10:00Z</time>
      </trkpt>
      <trkpt lat="67.41697" lon="18.45563">
        <time>2026-04-06T09:20:00Z</time>
      </trkpt>
      <trkpt lat="67.42294" lon="18.44319">
        <time>2026-04-06T09:30:00Z</time>
      </trkpt>
      <trkpt lat="67.42948" lon="18.43261">
        <time>2026-04-06T09:40:00Z</time>
      </trkpt>
      <trkpt lat="67.4356" lon="18.42057">
        <time>2026-04-06T09:50:00Z</time>
      </trkpt>
      <trkpt lat="67.44048" lon="18.40615">
        <time>2026-04-06T10:00:00Z</time>
      </trkpt>
      <trkpt lat="67.44471" lon="18.39733">
        <time>2026-04-06T10:10:00Z</time>
      </trkpt>
      <trkpt lat="67.45145" lon="18.38845">
        <time>2026-04-06T10:20:00Z</time>
      </trkpt>
      <trkpt lat="67.45805" lon="18.37952">
        <time>2026-04-06T10:30:00Z</time>
      </trkpt>
      <trkpt lat="67.463" lon="18.37285">
        <time>2026-04-06T10:40:00Z</time>
      </trkpt>
      <trkpt lat="67.46708" lon="18.36397">
        <time>2026-04-06T10:50:00Z</time>
      </trkpt>
      <trkpt lat="67.47343" lon="18.36427">
        <time>2026-04-06T11:00:00Z</time>
      </trkpt>
      <trkpt lat="67.47725" lon="18.36257">
        <time>2026-04-06T11:10:00Z</time>
      </trkpt>
      <trkpt lat="67.48213" lon="18.36002">
        <time>2026-04-06T11:20:00Z</time>
      </trkpt>
      <trkpt lat="67.48521" lon="18.35875">
        <time>2026-04-06T11:30:00Z</time>
      </trkpt>
      <trkpt lat="67.4892" lon="18.36776">
        <time>2026-04-06T11:40:00Z</time>
      </trkpt>
      <trkpt lat="67.49288" lon="18.36963">
        <time>2026-04-06T11:50:00Z</time>
      </trkpt>
      <trkpt lat="67.49799" lon="18.38328">
        <time>2026-04-06T12:00:00Z</time>
      </trkpt>
      <trkpt lat="67.50179" lon="18.3972">
        <time>2026-04-06T12:10:00Z</time>
      </trkpt>
      <trkpt lat="67.50464" lon="18.40733">
        <time>2026-04-06T12:20:00Z</time>
      </trkpt>
      <trkpt lat="67.50462" lon="18.40744">
        <time>2026-04-06T12:30:00Z</time>
      </trkpt>
      <trkpt lat="67.50633" lon="18.41787">
        <time>2026-04-06T13:20:00Z</time>
      </trkpt>
      <trkpt lat="67.50638" lon="18.43812">
        <time>2026-04-06T13:30:00Z</time>
      </trkpt>
      <trkpt lat="67.51032" lon="18.44488">
        <time>2026-04-06T13:40:00Z</time>
      </trkpt>
      <trkpt lat="67.51599" lon="18.43952">
        <time>2026-04-06T13:50:00Z</time>
      </trkpt>
      <trkpt lat="67.51905" lon="18.44096">
        <time>2026-04-06T14:00:00Z</time>
      </trkpt>
      <trkpt lat="67.52225" lon="18.45138">
        <time>2026-04-06T14:10:00Z</time>
      </trkpt>
      <trkpt lat="67.52587" lon="18.47059">
        <time>2026-04-06T14:20:00Z</time>
      </trkpt>
      <trkpt lat="67.53055" lon="18.48155">
        <time>2026-04-06T14:30:00Z</time>
      </trkpt>
      <trkpt lat="67.53618" lon="18.4873">
        <time>2026-04-06T14:40:00Z</time>
      </trkpt>
      <trkpt lat="67.53934" lon="18.48591">
        <time>2026-04-06T14:50:00Z</time>
      </trkpt>
      <trkpt lat="67.54268" lon="18.47097">
        <time>2026-04-06T15:00:00Z</time>
      </trkpt>
      <trkpt lat="67.54851" lon="18.46055">
        <time>2026-04-06T15:10:00Z</time>
      </trkpt>
      <trkpt lat="67.55073" lon="18.45857">
        <time>2026-04-06T15:20:00Z</time>
      </trkpt>
      <trkpt lat="67.55074" lon="18.45857">
        <time>2026-04-06T15:30:00Z</time>
      </trkpt>
      <trkpt lat="67.55296" lon="18.45465">
        <time>2026-04-06T15:50:00Z</time>
      </trkpt>
      <trkpt lat="67.55861" lon="18.44147">
        <time>2026-04-06T16:00:00Z</time>
      </trkpt>
      <trkpt lat="67.5644" lon="18.42898">
        <time>2026-04-06T16:10:00Z</time>
      </trkpt>
      <trkpt lat="67.5698" lon="18.41564">
        <time>2026-04-06T16:20:00Z</time>
      </trkpt>
      <trkpt lat="67.5747" lon="18.40087">
        <time>2026-04-06T16:30:00Z</time>
      </trkpt>
      <trkpt lat="67.57975" lon="18.3871">
        <time>2026-04-06T16:40:00Z</time>
      </trkpt>
      <trkpt lat="67.58617" lon="18.37828">
        <time>2026-04-06T16:50:00Z</time>
      </trkpt>
      <trkpt lat="67.5928" lon="18.37671">
        <time>2026-04-06T17:00:00Z</time>
      </trkpt>
      <trkpt lat="67.59595" lon="18.37823">
        <time>2026-04-06T17:10:00Z</time>
      </trkpt>
      <trkpt lat="67.60183" lon="18.38017">
        <time>2026-04-06T17:20:00Z</time>
      </trkpt>
      <trkpt lat="67.605" lon="18.37673">
        <time>2026-04-06T17:30:00Z</time>
      </trkpt>
      <trkpt lat="67.60811" lon="18.37122">
        <time>2026-04-06T17:40:00Z</time>
      </trkpt>
      <trkpt lat="67.6109" lon="18.36748">
        <time>2026-04-06T17:49:00Z</time>
      </trkpt>
      <trkpt lat="67.61061" lon="18.36746">
        <time>2026-04-07T07:40:00Z</time>
      </trkpt>
      <trkpt lat="67.61524" lon="18.36369">
        <time>2026-04-07T07:50:00Z</time>
      </trkpt>
      <trkpt lat="67.6199" lon="18.36379">
        <time>2026-04-07T08:00:00Z</time>
      </trkpt>
      <trkpt lat="67.62461" lon="18.3597">
        <time>2026-04-07T08:10:00Z</time>
      </trkpt>
      <trkpt lat="67.62714" lon="18.34712">
        <time>2026-04-07T08:20:00Z</time>
      </trkpt>
      <trkpt lat="67.63251" lon="18.34371">
        <time>2026-04-07T08:30:00Z</time>
      </trkpt>
      <trkpt lat="67.63424" lon="18.33227">
        <time>2026-04-07T08:40:00Z</time>
      </trkpt>
      <trkpt lat="67.6351" lon="18.32369">
        <time>2026-04-07T08:50:00Z</time>
      </trkpt>
      <trkpt lat="67.63814" lon="18.31856">
        <time>2026-04-07T09:00:00Z</time>
      </trkpt>
      <trkpt lat="67.64001" lon="18.31461">
        <time>2026-04-07T09:10:00Z</time>
      </trkpt>
      <trkpt lat="67.64355" lon="18.30953">
        <time>2026-04-07T09:20:00Z</time>
      </trkpt>
      <trkpt lat="67.64791" lon="18.29489">
        <time>2026-04-07T09:30:00Z</time>
      </trkpt>
      <trkpt lat="67.65253" lon="18.28062">
        <time>2026-04-07T09:40:00Z</time>
      </trkpt>
      <trkpt lat="67.6559" lon="18.26657">
        <time>2026-04-07T09:50:00Z</time>
      </trkpt>
      <trkpt lat="67.65949" lon="18.25187">
        <time>2026-04-07T10:00:00Z</time>
      </trkpt>
      <trkpt lat="67.66328" lon="18.23651">
        <time>2026-04-07T10:10:00Z</time>
      </trkpt>
      <trkpt lat="67.66768" lon="18.22037">
        <time>2026-04-07T10:20:00Z</time>
      </trkpt>
      <trkpt lat="67.66923" lon="18.21728">
        <time>2026-04-07T10:30:00Z</time>
      </trkpt>
      <trkpt lat="67.66926" lon="18.21734">
        <time>2026-04-07T10:40:00Z</time>
      </trkpt>
      <trkpt lat="67.67062" lon="18.21338">
        <time>2026-04-07T11:00:00Z</time>
      </trkpt>
      <trkpt lat="67.67613" lon="18.199">
        <time>2026-04-07T11:10:00Z</time>
      </trkpt>
      <trkpt lat="67.68118" lon="18.18428">
        <time>2026-04-07T11:20:00Z</time>
      </trkpt>
      <trkpt lat="67.68612" lon="18.16999">
        <time>2026-04-07T11:30:00Z</time>
      </trkpt>
      <trkpt lat="67.69129" lon="18.1602">
        <time>2026-04-07T11:40:00Z</time>
      </trkpt>
      <trkpt lat="67.6947" lon="18.15658">
        <time>2026-04-07T11:50:00Z</time>
      </trkpt>
      <trkpt lat="67.69478" lon="18.15668">
        <time>2026-04-07T12:00:00Z</time>
      </trkpt>
      <trkpt lat="67.6959" lon="18.16179">
        <time>2026-04-07T12:20:00Z</time>
      </trkpt>
      <trkpt lat="67.69629" lon="18.16651">
        <time>2026-04-07T12:30:00Z</time>
      </trkpt>
      <trkpt lat="67.69683" lon="18.17089">
        <time>2026-04-07T12:40:00Z</time>
      </trkpt>
      <trkpt lat="67.69923" lon="18.16911">
        <time>2026-04-07T12:50:00Z</time>
      </trkpt>
      <trkpt lat="67.70263" lon="18.17683">
        <time>2026-04-07T13:00:00Z</time>
      </trkpt>
      <trkpt lat="67.70494" lon="18.18449">
        <time>2026-04-07T13:10:00Z</time>
      </trkpt>
      <trkpt lat="67.70871" lon="18.19486">
        <time>2026-04-07T13:20:00Z</time>
      </trkpt>
      <trkpt lat="67.71322" lon="18.20681">
        <time>2026-04-07T13:30:00Z</time>
      </trkpt>
      <trkpt lat="67.72084" lon="18.22009">
        <time>2026-04-07T13:40:00Z</time>
      </trkpt>
      <trkpt lat="67.72623" lon="18.22852">
        <time>2026-04-07T13:50:00Z</time>
      </trkpt>
      <trkpt lat="67.72625" lon="18.22861">
        <time>2026-04-07T14:00:00Z</time>
      </trkpt>
      <trkpt lat="67.72851" lon="18.2329">
        <time>2026-04-07T14:40:00Z</time>
      </trkpt>
      <trkpt lat="67.73334" lon="18.24567">
        <time>2026-04-07T14:50:00Z</time>
      </trkpt>
      <trkpt lat="67.73619" lon="18.26541">
        <time>2026-04-07T15:00:00Z</time>
      </trkpt>
      <trkpt lat="67.74029" lon="18.28195">
        <time>2026-04-07T15:10:00Z</time>
      </trkpt>
      <trkpt lat="67.74363" lon="18.29494">
        <time>2026-04-07T15:20:00Z</time>
      </trkpt>
      <trkpt lat="67.74661" lon="18.29536">
        <time>2026-04-07T15:30:00Z</time>
      </trkpt>
      <trkpt lat="67.74625" lon="18.29541">
        <time>2026-04-07T15:40:00Z</time>
      </trkpt>
      <trkpt lat="67.74669" lon="18.29539">
        <time>2026-04-07T16:21:00Z</time>
      </trkpt>
      <trkpt lat="67.74661" lon="18.29562">
        <time>2026-04-08T07:31:00Z</time>
      </trkpt>
      <trkpt lat="67.74941" lon="18.29631">
        <time>2026-04-08T07:41:00Z</time>
      </trkpt>
      <trkpt lat="67.75432" lon="18.29388">
        <time>2026-04-08T07:51:00Z</time>
      </trkpt>
      <trkpt lat="67.75866" lon="18.28753">
        <time>2026-04-08T08:01:00Z</time>
      </trkpt>
      <trkpt lat="67.7642" lon="18.28468">
        <time>2026-04-08T08:11:00Z</time>
      </trkpt>
      <trkpt lat="67.77054" lon="18.28343">
        <time>2026-04-08T08:21:00Z</time>
      </trkpt>
      <trkpt lat="67.77548" lon="18.28446">
        <time>2026-04-08T08:31:00Z</time>
      </trkpt>
      <trkpt lat="67.78202" lon="18.28964">
        <time>2026-04-08T08:41:00Z</time>
      </trkpt>
      <trkpt lat="67.7882" lon="18.29444">
        <time>2026-04-08T08:51:00Z</time>
      </trkpt>
      <trkpt lat="67.79533" lon="18.29549">
        <time>2026-04-08T09:01:00Z</time>
      </trkpt>
      <trkpt lat="67.80245" lon="18.29277">
        <time>2026-04-08T09:11:00Z</time>
      </trkpt>
      <trkpt lat="67.80949" lon="18.29352">
        <time>2026-04-08T09:21:00Z</time>
      </trkpt>
      <trkpt lat="67.81664" lon="18.29725">
        <time>2026-04-08T09:31:00Z</time>
      </trkpt>
      <trkpt lat="67.82333" lon="18.30236">
        <time>2026-04-08T09:41:00Z</time>
      </trkpt>
      <trkpt lat="67.82845" lon="18.30594">
        <time>2026-04-08T09:51:00Z</time>
      </trkpt>
      <trkpt lat="67.83564" lon="18.30899">
        <time>2026-04-08T10:01:00Z</time>
      </trkpt>
      <trkpt lat="67.84216" lon="18.31234">
        <time>2026-04-08T10:11:00Z</time>
      </trkpt>
      <trkpt lat="67.84825" lon="18.31476">
        <time>2026-04-08T10:21:00Z</time>
      </trkpt>
      <trkpt lat="67.85109" lon="18.31665">
        <time>2026-04-08T10:31:00Z</time>
      </trkpt>
      <trkpt lat="67.85115" lon="18.3165">
        <time>2026-04-08T10:41:00Z</time>
      </trkpt>
      <trkpt lat="67.85883" lon="18.31401">
        <time>2026-04-08T11:51:00Z</time>
      </trkpt>
      <trkpt lat="67.8637" lon="18.30951">
        <time>2026-04-08T12:01:00Z</time>
      </trkpt>
      <trkpt lat="67.8689" lon="18.31036">
        <time>2026-04-08T12:11:00Z</time>
      </trkpt>
      <trkpt lat="67.8777" lon="18.31135">
        <time>2026-04-08T12:21:00Z</time>
      </trkpt>
      <trkpt lat="67.8851" lon="18.30931">
        <time>2026-04-08T12:31:00Z</time>
      </trkpt>
      <trkpt lat="67.89222" lon="18.30159">
        <time>2026-04-08T12:41:00Z</time>
      </trkpt>
      <trkpt lat="67.89807" lon="18.29908">
        <time>2026-04-08T12:51:00Z</time>
      </trkpt>
      <trkpt lat="67.90419" lon="18.29427">
        <time>2026-04-08T13:01:00Z</time>
      </trkpt>
      <trkpt lat="67.91063" lon="18.28925">
        <time>2026-04-08T13:11:00Z</time>
      </trkpt>
      <trkpt lat="67.91758" lon="18.28792">
        <time>2026-04-08T13:21:00Z</time>
      </trkpt>
      <trkpt lat="67.92407" lon="18.28305">
        <time>2026-04-08T13:31:00Z</time>
      </trkpt>
      <trkpt lat="67.93016" lon="18.28391">
        <time>2026-04-08T13:41:00Z</time>
      </trkpt>
      <trkpt lat="67.93515" lon="18.28335">
        <time>2026-04-08T13:51:00Z</time>
      </trkpt>
      <trkpt lat="67.93967" lon="18.28311">
        <time>2026-04-08T14:01:00Z</time>
      </trkpt>
      <trkpt lat="67.9462" lon="18.2824">
        <time>2026-04-08T14:11:00Z</time>
      </trkpt>
      <trkpt lat="67.94625" lon="18.28243">
        <time>2026-04-08T14:21:00Z</time>
      </trkpt>
      <trkpt lat="67.94652" lon="18.28228">
        <time>2026-04-09T07:17:00Z</time>
      </trkpt>
      <trkpt lat="67.9504" lon="18.28092">
        <time>2026-04-09T07:27:00Z</time>
      </trkpt>
      <trkpt lat="67.95635" lon="18.2779">
        <time>2026-04-09T07:37:00Z</time>
      </trkpt>
      <trkpt lat="67.96329" lon="18.27346">
        <time>2026-04-09T07:47:00Z</time>
      </trkpt>
      <trkpt lat="67.96999" lon="18.26891">
        <time>2026-04-09T07:57:00Z</time>
      </trkpt>
      <trkpt lat="67.97608" lon="18.26485">
        <time>2026-04-09T08:07:00Z</time>
      </trkpt>
      <trkpt lat="67.98132" lon="18.26105">
        <time>2026-04-09T08:17:00Z</time>
      </trkpt>
      <trkpt lat="67.98683" lon="18.2609">
        <time>2026-04-09T08:27:00Z</time>
      </trkpt>
      <trkpt lat="67.99387" lon="18.25528">
        <time>2026-04-09T08:37:00Z</time>
      </trkpt>
      <trkpt lat="67.99881" lon="18.25026">
        <time>2026-04-09T08:47:00Z</time>
      </trkpt>
      <trkpt lat="68.0044" lon="18.24518">
        <time>2026-04-09T08:57:00Z</time>
      </trkpt>
      <trkpt lat="68.00811" lon="18.24191">
        <time>2026-04-09T09:07:00Z</time>
      </trkpt>
      <trkpt lat="68.0113" lon="18.24061">
        <time>2026-04-09T09:17:00Z</time>
      </trkpt>
      <trkpt lat="68.01247" lon="18.24043">
        <time>2026-04-09T09:27:00Z</time>
      </trkpt>
      <trkpt lat="68.01568" lon="18.24035">
        <time>2026-04-09T09:37:00Z</time>
      </trkpt>
      <trkpt lat="68.01779" lon="18.24402">
        <time>2026-04-09T09:47:00Z</time>
      </trkpt>
      <trkpt lat="68.01973" lon="18.2473">
        <time>2026-04-09T09:57:00Z</time>
      </trkpt>
      <trkpt lat="68.01973" lon="18.24721">
        <time>2026-04-09T10:07:00Z</time>
      </trkpt>
      <trkpt lat="68.02593" lon="18.2491">
        <time>2026-04-09T10:37:00Z</time>
      </trkpt>
      <trkpt lat="68.03335" lon="18.24754">
        <time>2026-04-09T10:47:00Z</time>
      </trkpt>
      <trkpt lat="68.04137" lon="18.24552">
        <time>2026-04-09T10:57:00Z</time>
      </trkpt>
      <trkpt lat="68.04998" lon="18.24818">
        <time>2026-04-09T11:07:00Z</time>
      </trkpt>
      <trkpt lat="68.05806" lon="18.25256">
        <time>2026-04-09T11:17:00Z</time>
      </trkpt>
      <trkpt lat="68.06602" lon="18.25732">
        <time>2026-04-09T11:27:00Z</time>
      </trkpt>
      <trkpt lat="68.0733" lon="18.26927">
        <time>2026-04-09T11:37:00Z</time>
      </trkpt>
      <trkpt lat="68.08108" lon="18.27882">
        <time>2026-04-09T11:47:00Z</time>
      </trkpt>
      <trkpt lat="68.08784" lon="18.28515">
        <time>2026-04-09T11:57:00Z</time>
      </trkpt>
      <trkpt lat="68.09007" lon="18.28886">
        <time>2026-04-09T12:07:00Z</time>
      </trkpt>
      <trkpt lat="68.0934" lon="18.29554">
        <time>2026-04-09T12:17:00Z</time>
      </trkpt>
      <trkpt lat="68.09709" lon="18.30712">
        <time>2026-04-09T12:27:00Z</time>
      </trkpt>
      <trkpt lat="68.10202" lon="18.31777">
        <time>2026-04-09T12:37:00Z</time>
      </trkpt>
      <trkpt lat="68.10638" lon="18.33174">
        <time>2026-04-09T12:47:00Z</time>
      </trkpt>
      <trkpt lat="68.1107" lon="18.35229">
        <time>2026-04-09T12:57:00Z</time>
      </trkpt>
      <trkpt lat="68.11521" lon="18.36656">
        <time>2026-04-09T13:07:00Z</time>
      </trkpt>
      <trkpt lat="68.12235" lon="18.38497">
        <time>2026-04-09T13:17:00Z</time>
      </trkpt>
      <trkpt lat="68.12695" lon="18.4007">
        <time>2026-04-09T13:27:00Z</time>
      </trkpt>
      <trkpt lat="68.13245" lon="18.41263">
        <time>2026-04-09T13:37:00Z</time>
      </trkpt>
      <trkpt lat="68.13648" lon="18.41478">
        <time>2026-04-09T13:47:00Z</time>
      </trkpt>
      <trkpt lat="68.13648" lon="18.41482">
        <time>2026-04-09T13:57:00Z</time>
      </trkpt>
      <trkpt lat="68.13744" lon="18.41405">
        <time>2026-04-09T15:37:00Z</time>
      </trkpt>
      <trkpt lat="68.14291" lon="18.4236">
        <time>2026-04-09T15:47:00Z</time>
      </trkpt>
      <trkpt lat="68.14995" lon="18.43345">
        <time>2026-04-09T15:57:00Z</time>
      </trkpt>
      <trkpt lat="68.15702" lon="18.4431">
        <time>2026-04-09T16:07:00Z</time>
      </trkpt>
      <trkpt lat="68.16449" lon="18.45325">
        <time>2026-04-09T16:17:00Z</time>
      </trkpt>
      <trkpt lat="68.17213" lon="18.4652">
        <time>2026-04-09T16:27:00Z</time>
      </trkpt>
      <trkpt lat="68.17888" lon="18.47827">
        <time>2026-04-09T16:37:00Z</time>
      </trkpt>
      <trkpt lat="68.18393" lon="18.48984">
        <time>2026-04-09T16:47:00Z</time>
      </trkpt>
      <trkpt lat="68.18829" lon="18.5025">
        <time>2026-04-09T16:57:00Z</time>
      </trkpt>
      <trkpt lat="68.19314" lon="18.52052">
        <time>2026-04-09T17:07:00Z</time>
      </trkpt>
      <trkpt lat="68.19853" lon="18.5335">
        <time>2026-04-09T17:17:00Z</time>
      </trkpt>
      <trkpt lat="68.20531" lon="18.54209">
        <time>2026-04-09T17:27:00Z</time>
      </trkpt>
      <trkpt lat="68.21046" lon="18.555">
        <time>2026-04-09T17:37:00Z</time>
      </trkpt>
      <trkpt lat="68.21817" lon="18.56528">
        <time>2026-04-09T17:47:00Z</time>
      </trkpt>
      <trkpt lat="68.22422" lon="18.57543">
        <time>2026-04-09T17:57:00Z</time>
      </trkpt>
      <trkpt lat="68.23008" lon="18.5894">
        <time>2026-04-09T18:07:00Z</time>
      </trkpt>
      <trkpt lat="68.23582" lon="18.6009">
        <time>2026-04-09T18:17:00Z</time>
      </trkpt>
      <trkpt lat="68.2453" lon="18.60272">
        <time>2026-04-09T18:27:00Z</time>
      </trkpt>
      <trkpt lat="68.25306" lon="18.59667">
        <time>2026-04-09T18:37:00Z</time>
      </trkpt>
      <trkpt lat="68.25609" lon="18.59">
        <time>2026-04-09T18:47:00Z</time>
      </trkpt>
      <trkpt lat="68.26072" lon="18.58022">
        <time>2026-04-09T18:57:00Z</time>
      </trkpt>
      <trkpt lat="68.2625" lon="18.57077">
        <time>2026-04-09T19:07:00Z</time>
      </trkpt>
      <trkpt lat="68.26227" lon="18.56923">
        <time>2026-04-09T19:17:00Z</time>
      </trkpt>
      <trkpt lat="68.26213" lon="18.56959">
        <time>2026-04-09T19:18:00Z</time>
      </trkpt>
      <trkpt lat="68.26262" lon="18.5694">
        <time>2026-04-10T07:24:00Z</time>
      </trkpt>
      <trkpt lat="68.2664" lon="18.56992">
        <time>2026-04-10T07:34:00Z</time>
      </trkpt>
      <trkpt lat="68.27423" lon="18.57155">
        <time>2026-04-10T07:44:00Z</time>
      </trkpt>
      <trkpt lat="68.28055" lon="18.57582">
        <time>2026-04-10T07:54:00Z</time>
      </trkpt>
      <trkpt lat="68.28557" lon="18.58923">
        <time>2026-04-10T08:04:00Z</time>
      </trkpt>
      <trkpt lat="68.28588" lon="18.59127">
        <time>2026-04-10T08:14:00Z</time>
      </trkpt>
      <trkpt lat="68.28901" lon="18.6091">
        <time>2026-04-10T08:24:00Z</time>
      </trkpt>
      <trkpt lat="68.29455" lon="18.62423">
        <time>2026-04-10T08:34:00Z</time>
      </trkpt>
      <trkpt lat="68.29996" lon="18.64188">
        <time>2026-04-10T08:44:00Z</time>
      </trkpt>
      <trkpt lat="68.30451" lon="18.65633">
        <time>2026-04-10T08:54:00Z</time>
      </trkpt>
      <trkpt lat="68.30543" lon="18.66038">
        <time>2026-04-10T09:04:00Z</time>
      </trkpt>
      <trkpt lat="68.30812" lon="18.67066">
        <time>2026-04-10T09:14:00Z</time>
      </trkpt>
      <trkpt lat="68.31189" lon="18.68615">
        <time>2026-04-10T09:24:00Z</time>
      </trkpt>
      <trkpt lat="68.31283" lon="18.7051">
        <time>2026-04-10T09:34:00Z</time>
      </trkpt>
      <trkpt lat="68.31399" lon="18.71954">
        <time>2026-04-10T09:44:00Z</time>
      </trkpt>
      <trkpt lat="68.31543" lon="18.73081">
        <time>2026-04-10T09:54:00Z</time>
      </trkpt>
      <trkpt lat="68.31547" lon="18.73128">
        <time>2026-04-10T10:04:00Z</time>
      </trkpt>
      <trkpt lat="68.31768" lon="18.7396">
        <time>2026-04-10T10:54:00Z</time>
      </trkpt>
      <trkpt lat="68.32207" lon="18.75055">
        <time>2026-04-10T11:04:00Z</time>
      </trkpt>
      <trkpt lat="68.32133" lon="18.76374">
        <time>2026-04-10T11:14:00Z</time>
      </trkpt>
      <trkpt lat="68.32196" lon="18.76533">
        <time>2026-04-10T11:24:00Z</time>
      </trkpt>
      <trkpt lat="68.32537" lon="18.77904">
        <time>2026-04-10T11:44:00Z</time>
      </trkpt>
      <trkpt lat="68.33017" lon="18.78623">
        <time>2026-04-10T11:54:00Z</time>
      </trkpt>
      <trkpt lat="68.33166" lon="18.78754">
        <time>2026-04-10T12:04:00Z</time>
      </trkpt>
      <trkpt lat="68.33774" lon="18.79456">
        <time>2026-04-10T12:14:00Z</time>
      </trkpt>
      <trkpt lat="68.34388" lon="18.80035">
        <time>2026-04-10T12:24:00Z</time>
      </trkpt>
      <trkpt lat="68.34664" lon="18.81273">
        <time>2026-04-10T12:34:00Z</time>
      </trkpt>
      <trkpt lat="68.34842" lon="18.81885">
        <time>2026-04-10T12:44:00Z</time>
      </trkpt>
      <trkpt lat="68.34961" lon="18.82367">
        <time>2026-04-10T12:54:00Z</time>
      </trkpt>
      <trkpt lat="68.34971" lon="18.82333">
        <time>2026-04-10T13:04:00Z</time>
      </trkpt>
      <trkpt lat="68.35038" lon="18.82125">
        <time>2026-04-10T14:14:00Z</time>
      </trkpt>
      <trkpt lat="68.3529" lon="18.81383">
        <time>2026-04-10T14:24:00Z</time>
      </trkpt>
      <trkpt lat="68.35623" lon="18.80007">
        <time>2026-04-10T14:34:00Z</time>
      </trkpt>
      <trkpt lat="68.35831" lon="18.78664">
        <time>2026-04-10T14:44:00Z</time>
      </trkpt>
      <trkpt lat="68.35842" lon="18.78456">
        <time>2026-04-10T14:54:00Z</time>
      </trkpt>
      <trkpt lat="68.35823" lon="18.78383">
        <time>2026-04-10T15:11:00Z</time>
      </trkpt>
      <trkpt lat="68.35904" lon="18.78511">
        <time>2026-04-11T08:37:00Z</time>
      </trkpt>
      <trkpt lat="68.36138" lon="18.78677">
        <time>2026-04-11T08:47:00Z</time>
      </trkpt>
      <trkpt lat="68.36109" lon="18.78748">
        <time>2026-04-11T08:49:00Z</time>
      </trkpt>
      <trkpt lat="68.3617" lon="18.80099">
        <time>2026-04-11T08:59:00Z</time>
      </trkpt>
      <trkpt lat="68.36267" lon="18.80492">
        <time>2026-04-11T09:09:00Z</time>
      </trkpt>
      <trkpt lat="68.36211" lon="18.82518">
        <time>2026-04-11T09:19:00Z</time>
      </trkpt>
      <trkpt lat="68.36206" lon="18.83161">
        <time>2026-04-11T09:29:00Z</time>
      </trkpt>
      <trkpt lat="68.36352" lon="18.84919">
        <time>2026-04-11T09:39:00Z</time>
      </trkpt>
      <trkpt lat="68.36512" lon="18.87127">
        <time>2026-04-11T09:49:00Z</time>
      </trkpt>
      <trkpt lat="68.3666" lon="18.89148">
        <time>2026-04-11T09:59:00Z</time>
      </trkpt>
      <trkpt lat="68.36684" lon="18.91023">
        <time>2026-04-11T10:09:00Z</time>
      </trkpt>
      <trkpt lat="68.36792" lon="18.93038">
        <time>2026-04-11T10:19:00Z</time>
      </trkpt>
      <trkpt lat="68.36792" lon="18.95092">
        <time>2026-04-11T10:29:00Z</time>
      </trkpt>
      <trkpt lat="68.36837" lon="18.97158">
        <time>2026-04-11T10:39:00Z</time>
      </trkpt>
      <trkpt lat="68.36861" lon="18.99188">
        <time>2026-04-11T10:49:00Z</time>
      </trkpt>
      <trkpt lat="68.3691" lon="19.01285">
        <time>2026-04-11T10:59:00Z</time>
      </trkpt>
      <trkpt lat="68.36917" lon="19.02166">
        <time>2026-04-11T11:09:00Z</time>
      </trkpt>
      <trkpt lat="68.36916" lon="19.02169">
        <time>2026-04-11T11:19:00Z</time>
      </trkpt>
      <trkpt lat="68.3694" lon="19.04093">
        <time>2026-04-11T11:39:00Z</time>
      </trkpt>
      <trkpt lat="68.3702" lon="19.0617">
        <time>2026-04-11T11:49:00Z</time>
      </trkpt>
      <trkpt lat="68.36977" lon="19.08233">
        <time>2026-04-11T11:59:00Z</time>
      </trkpt>
      <trkpt lat="68.36741" lon="19.10303">
        <time>2026-04-11T12:09:00Z</time>
      </trkpt>
      <trkpt lat="68.36386" lon="19.12282">
        <time>2026-04-11T12:19:00Z</time>
      </trkpt>
      <trkpt lat="68.36046" lon="19.14251">
        <time>2026-04-11T12:29:00Z</time>
      </trkpt>
      <trkpt lat="68.35791" lon="19.15758">
        <time>2026-04-11T12:39:00Z</time>
      </trkpt>
      <trkpt lat="68.35526" lon="19.17343">
        <time>2026-04-11T12:49:00Z</time>
      </trkpt>
      <trkpt lat="68.35208" lon="19.1936">
        <time>2026-04-11T12:59:00Z</time>
      </trkpt>
      <trkpt lat="68.34964" lon="19.21362">
        <time>2026-04-11T13:09:00Z</time>
      </trkpt>
      <trkpt lat="68.34727" lon="19.22925">
        <time>2026-04-11T13:19:00Z</time>
      </trkpt>
      <trkpt lat="68.34396" lon="19.24862">
        <time>2026-04-11T13:29:00Z</time>
      </trkpt>
      <trkpt lat="68.34091" lon="19.26847">
        <time>2026-04-11T13:39:00Z</time>
      </trkpt>
      <trkpt lat="68.33821" lon="19.28795">
        <time>2026-04-11T13:49:00Z</time>
      </trkpt>
      <trkpt lat="68.33831" lon="19.28817">
        <time>2026-04-11T13:59:00Z</time>
      </trkpt>
      <trkpt lat="68.33754" lon="19.2913">
        <time>2026-04-11T14:29:00Z</time>
      </trkpt>
      <trkpt lat="68.3346" lon="19.31119">
        <time>2026-04-11T14:39:00Z</time>
      </trkpt>
      <trkpt lat="68.33196" lon="19.33085">
        <time>2026-04-11T14:49:00Z</time>
      </trkpt>
      <trkpt lat="68.32924" lon="19.3501">
        <time>2026-04-11T14:59:00Z</time>
      </trkpt>
      <trkpt lat="68.32632" lon="19.36932">
        <time>2026-04-11T15:09:00Z</time>
      </trkpt>
      <trkpt lat="68.32351" lon="19.38902">
        <time>2026-04-11T15:19:00Z</time>
      </trkpt>
      <trkpt lat="68.32077" lon="19.40831">
        <time>2026-04-11T15:29:00Z</time>
      </trkpt>
      <trkpt lat="68.31808" lon="19.42681">
        <time>2026-04-11T15:39:00Z</time>
      </trkpt>
      <trkpt lat="68.31552" lon="19.44584">
        <time>2026-04-11T15:49:00Z</time>
      </trkpt>
      <trkpt lat="68.31293" lon="19.46487">
        <time>2026-04-11T15:59:00Z</time>
      </trkpt>
      <trkpt lat="68.3107" lon="19.48373">
        <time>2026-04-11T16:09:00Z</time>
      </trkpt>
      <trkpt lat="68.30826" lon="19.50393">
        <time>2026-04-11T16:19:00Z</time>
      </trkpt>
      <trkpt lat="68.30601" lon="19.52107">
        <time>2026-04-11T16:29:00Z</time>
      </trkpt>
      <trkpt lat="68.30349" lon="19.54027">
        <time>2026-04-11T16:39:00Z</time>
      </trkpt>
      <trkpt lat="68.30116" lon="19.55967">
        <time>2026-04-11T16:49:00Z</time>
      </trkpt>
      <trkpt lat="68.3016" lon="19.57871">
        <time>2026-04-11T16:59:00Z</time>
      </trkpt>
      <trkpt lat="68.30263" lon="19.57851">
        <time>2026-04-11T17:01:00Z</time>
      </trkpt>
      <trkpt lat="68.3027" lon="19.57886">
        <time>2026-04-12T07:32:00Z</time>
      </trkpt>
      <trkpt lat="68.30132" lon="19.58602">
        <time>2026-04-12T07:42:00Z</time>
      </trkpt>
      <trkpt lat="68.3011" lon="19.60553">
        <time>2026-04-12T07:52:00Z</time>
      </trkpt>
      <trkpt lat="68.30173" lon="19.62651">
        <time>2026-04-12T08:02:00Z</time>
      </trkpt>
      <trkpt lat="68.30248" lon="19.64771">
        <time>2026-04-12T08:12:00Z</time>
      </trkpt>
      <trkpt lat="68.30304" lon="19.66784">
        <time>2026-04-12T08:22:00Z</time>
      </trkpt>
      <trkpt lat="68.3035" lon="19.68752">
        <time>2026-04-12T08:32:00Z</time>
      </trkpt>
      <trkpt lat="68.30401" lon="19.70644">
        <time>2026-04-12T08:42:00Z</time>
      </trkpt>
      <trkpt lat="68.30454" lon="19.72513">
        <time>2026-04-12T08:52:00Z</time>
      </trkpt>
      <trkpt lat="68.30559" lon="19.74417">
        <time>2026-04-12T09:02:00Z</time>
      </trkpt>
      <trkpt lat="68.30703" lon="19.76333">
        <time>2026-04-12T09:12:00Z</time>
      </trkpt>
      <trkpt lat="68.30933" lon="19.78058">
        <time>2026-04-12T09:22:00Z</time>
      </trkpt>
      <trkpt lat="68.31222" lon="19.79751">
        <time>2026-04-12T09:32:00Z</time>
      </trkpt>
      <trkpt lat="68.31489" lon="19.8121">
        <time>2026-04-12T09:42:00Z</time>
      </trkpt>
      <trkpt lat="68.3151" lon="19.82903">
        <time>2026-04-12T09:52:00Z</time>
      </trkpt>
      <trkpt lat="68.31369" lon="19.84285">
        <time>2026-04-12T10:02:00Z</time>
      </trkpt>
      <trkpt lat="68.30854" lon="19.85315">
        <time>2026-04-12T10:12:00Z</time>
      </trkpt>
      <trkpt lat="68.30742" lon="19.85497">
        <time>2026-04-12T10:22:00Z</time>
      </trkpt>
      <trkpt lat="68.30743" lon="19.85497">
        <time>2026-04-12T10:32:00Z</time>
      </trkpt>
      <trkpt lat="68.3025" lon="19.85525">
        <time>2026-04-12T11:02:00Z</time>
      </trkpt>
      <trkpt lat="68.29735" lon="19.86944">
        <time>2026-04-12T11:12:00Z</time>
      </trkpt>
      <trkpt lat="68.29307" lon="19.88353">
        <time>2026-04-12T11:22:00Z</time>
      </trkpt>
      <trkpt lat="68.2923" lon="19.89272">
        <time>2026-04-12T11:32:00Z</time>
      </trkpt>
      <trkpt lat="68.29201" lon="19.90079">
        <time>2026-04-12T11:42:00Z</time>
      </trkpt>
      <trkpt lat="68.29681" lon="19.90387">
        <time>2026-04-12T11:52:00Z</time>
      </trkpt>
      <trkpt lat="68.29985" lon="19.91329">
        <time>2026-04-12T12:02:00Z</time>
      </trkpt>
      <trkpt lat="68.30443" lon="19.92692">
        <time>2026-04-12T12:12:00Z</time>
      </trkpt>
      <trkpt lat="68.30915" lon="19.93608">
        <time>2026-04-12T12:22:00Z</time>
      </trkpt>
      <trkpt lat="68.31612" lon="19.93829">
        <time>2026-04-12T12:32:00Z</time>
      </trkpt>
      <trkpt lat="68.32059" lon="19.94422">
        <time>2026-04-12T12:42:00Z</time>
      </trkpt>
      <trkpt lat="68.32421" lon="19.94997">
        <time>2026-04-12T12:52:00Z</time>
      </trkpt>
      <trkpt lat="68.32906" lon="19.95235">
        <time>2026-04-12T13:02:00Z</time>
      </trkpt>
      <trkpt lat="68.33327" lon="19.95791">
        <time>2026-04-12T13:12:00Z</time>
      </trkpt>
      <trkpt lat="68.33759" lon="19.96211">
        <time>2026-04-12T13:22:00Z</time>
      </trkpt>
      <trkpt lat="68.34071" lon="19.96288">
        <time>2026-04-12T13:32:00Z</time>
      </trkpt>
      <trkpt lat="68.3407" lon="19.96286">
        <time>2026-04-12T13:42:00Z</time>
      </trkpt>
      <trkpt lat="68.34238" lon="19.96531">
        <time>2026-04-12T14:12:00Z</time>
      </trkpt>
      <trkpt lat="68.34747" lon="19.97194">
        <time>2026-04-12T14:22:00Z</time>
      </trkpt>
      <trkpt lat="68.35309" lon="19.9872">
        <time>2026-04-12T14:32:00Z</time>
      </trkpt>
      <trkpt lat="68.35633" lon="20.00389">
        <time>2026-04-12T14:42:00Z</time>
      </trkpt>
      <trkpt lat="68.35924" lon="20.01447">
        <time>2026-04-12T14:52:00Z</time>
      </trkpt>
      <trkpt lat="68.36254" lon="20.02552">
        <time>2026-04-12T15:02:00Z</time>
      </trkpt>
      <trkpt lat="68.36552" lon="20.03453">
        <time>2026-04-12T15:12:00Z</time>
      </trkpt>
      <trkpt lat="68.36812" lon="20.04689">
        <time>2026-04-12T15:22:00Z</time>
      </trkpt>
      <trkpt lat="68.3714" lon="20.0567">
        <time>2026-04-12T15:32:00Z</time>
      </trkpt>
      <trkpt lat="68.37258" lon="20.07006">
        <time>2026-04-12T15:42:00Z</time>
      </trkpt>
      <trkpt lat="68.3772" lon="20.0773">
        <time>2026-04-12T15:52:00Z</time>
      </trkpt>
      <trkpt lat="68.3804" lon="20.07693">
        <time>2026-04-12T16:02:00Z</time>
      </trkpt>
      <trkpt lat="68.38037" lon="20.07695">
        <time>2026-04-12T16:12:00Z</time>
      </trkpt>
      <trkpt lat="68.38628" lon="20.0715">
        <time>2026-04-12T16:32:00Z</time>
      </trkpt>
      <trkpt lat="68.39224" lon="20.06275">
        <time>2026-04-12T16:42:00Z</time>
      </trkpt>
      <trkpt lat="68.39757" lon="20.06328">
        <time>2026-04-12T16:52:00Z</time>
      </trkpt>
      <trkpt lat="68.40251" lon="20.06901">
        <time>2026-04-12T17:02:00Z</time>
      </trkpt>
      <trkpt lat="68.40698" lon="20.07564">
        <time>2026-04-12T17:12:00Z</time>
      </trkpt>
      <trkpt lat="68.41126" lon="20.08077">
        <time>2026-04-12T17:22:00Z</time>
      </trkpt>
      <trkpt lat="68.41119" lon="20.08077">
        <time>2026-04-12T17:32:00Z</time>
      </trkpt>
      <trkpt lat="68.4144" lon="20.08676">
        <time>2026-04-12T17:42:00Z</time>
      </trkpt>
      <trkpt lat="68.41834" lon="20.10047">
        <time>2026-04-12T17:52:00Z</time>
      </trkpt>
      <trkpt lat="68.41989" lon="20.11729">
        <time>2026-04-12T18:02:00Z</time>
      </trkpt>
      <trkpt lat="68.42198" lon="20.13418">
        <time>2026-04-12T18:12:00Z</time>
      </trkpt>
      <trkpt lat="68.42216" lon="20.14742">
        <time>2026-04-12T18:22:00Z</time>
      </trkpt>
      <trkpt lat="68.42631" lon="20.15796">
        <time>2026-04-12T18:32:00Z</time>
      </trkpt>
      <trkpt lat="68.43437" lon="20.17437">
        <time>2026-04-12T18:42:00Z</time>
      </trkpt>
      <trkpt lat="68.44243" lon="20.18995">
        <time>2026-04-12T18:52:00Z</time>
      </trkpt>
      <trkpt lat="68.44255" lon="20.19001">
        <time>2026-04-12T19:02:00Z</time>
      </trkpt>
      <trkpt lat="68.44263" lon="20.18956">
        <time>2026-04-12T19:09:00Z</time>
      </trkpt>
      <trkpt lat="68.44264" lon="20.18982">
        <time>2026-04-13T07:37:00Z</time>
      </trkpt>
      <trkpt lat="68.444" lon="20.19289">
        <time>2026-04-13T07:47:00Z</time>
      </trkpt>
      <trkpt lat="68.44993" lon="20.19986">
        <time>2026-04-13T07:57:00Z</time>
      </trkpt>
      <trkpt lat="68.45577" lon="20.20673">
        <time>2026-04-13T08:07:00Z</time>
      </trkpt>
      <trkpt lat="68.46111" lon="20.2131">
        <time>2026-04-13T08:17:00Z</time>
      </trkpt>
      <trkpt lat="68.46729" lon="20.22055">
        <time>2026-04-13T08:27:00Z</time>
      </trkpt>
      <trkpt lat="68.47355" lon="20.2284">
        <time>2026-04-13T08:37:00Z</time>
      </trkpt>
      <trkpt lat="68.47549" lon="20.22967">
        <time>2026-04-13T08:47:00Z</time>
      </trkpt>
      <trkpt lat="68.47958" lon="20.23434">
        <time>2026-04-13T08:57:00Z</time>
      </trkpt>
      <trkpt lat="68.48368" lon="20.24499">
        <time>2026-04-13T09:07:00Z</time>
      </trkpt>
      <trkpt lat="68.48822" lon="20.25602">
        <time>2026-04-13T09:17:00Z</time>
      </trkpt>
      <trkpt lat="68.49207" lon="20.2734">
        <time>2026-04-13T09:27:00Z</time>
      </trkpt>
      <trkpt lat="68.49825" lon="20.2832">
        <time>2026-04-13T09:37:00Z</time>
      </trkpt>
      <trkpt lat="68.50542" lon="20.2941">
        <time>2026-04-13T09:47:00Z</time>
      </trkpt>
      <trkpt lat="68.51249" lon="20.29211">
        <time>2026-04-13T09:57:00Z</time>
      </trkpt>
      <trkpt lat="68.51848" lon="20.29464">
        <time>2026-04-13T10:07:00Z</time>
      </trkpt>
      <trkpt lat="68.52315" lon="20.29443">
        <time>2026-04-13T10:17:00Z</time>
      </trkpt>
      <trkpt lat="68.52316" lon="20.2944">
        <time>2026-04-13T10:27:00Z</time>
      </trkpt>
      <trkpt lat="68.52588" lon="20.29383">
        <time>2026-04-13T10:47:00Z</time>
      </trkpt>
      <trkpt lat="68.5312" lon="20.29314">
        <time>2026-04-13T10:57:00Z</time>
      </trkpt>
      <trkpt lat="68.53791" lon="20.29237">
        <time>2026-04-13T11:07:00Z</time>
      </trkpt>
      <trkpt lat="68.54559" lon="20.29646">
        <time>2026-04-13T11:17:00Z</time>
      </trkpt>
      <trkpt lat="68.55053" lon="20.31061">
        <time>2026-04-13T11:27:00Z</time>
      </trkpt>
      <trkpt lat="68.55533" lon="20.32151">
        <time>2026-04-13T11:37:00Z</time>
      </trkpt>
      <trkpt lat="68.55899" lon="20.3282">
        <time>2026-04-13T11:47:00Z</time>
      </trkpt>
      <trkpt lat="68.56367" lon="20.33914">
        <time>2026-04-13T11:57:00Z</time>
      </trkpt>
      <trkpt lat="68.56586" lon="20.34464">
        <time>2026-04-13T12:07:00Z</time>
      </trkpt>
      <trkpt lat="68.57163" lon="20.3565">
        <time>2026-04-13T12:17:00Z</time>
      </trkpt>
      <trkpt lat="68.57315" lon="20.35876">
        <time>2026-04-13T12:27:00Z</time>
      </trkpt>
      <trkpt lat="68.57172" lon="20.3562">
        <time>2026-04-13T12:37:00Z</time>
      </trkpt>
      <trkpt lat="68.57174" lon="20.35622">
        <time>2026-04-13T12:47:00Z</time>
      </trkpt>
      <trkpt lat="68.57158" lon="20.35614">
        <time>2026-04-13T13:33:00Z</time>
      </trkpt>
      <trkpt lat="68.57131" lon="20.35661">
        <time>2026-04-14T07:40:00Z</time>
      </trkpt>
      <trkpt lat="68.57309" lon="20.35854">
        <time>2026-04-14T07:50:00Z</time>
      </trkpt>
      <trkpt lat="68.57769" lon="20.37309">
        <time>2026-04-14T08:00:00Z</time>
      </trkpt>
      <trkpt lat="68.5813" lon="20.38779">
        <time>2026-04-14T08:10:00Z</time>
      </trkpt>
      <trkpt lat="68.58584" lon="20.39886">
        <time>2026-04-14T08:20:00Z</time>
      </trkpt>
      <trkpt lat="68.591" lon="20.40659">
        <time>2026-04-14T08:30:00Z</time>
      </trkpt>
      <trkpt lat="68.59688" lon="20.41822">
        <time>2026-04-14T08:40:00Z</time>
      </trkpt>
      <trkpt lat="68.60033" lon="20.41809">
        <time>2026-04-14T08:50:00Z</time>
      </trkpt>
      <trkpt lat="68.60502" lon="20.41287">
        <time>2026-04-14T09:00:00Z</time>
      </trkpt>
      <trkpt lat="68.60904" lon="20.41253">
        <time>2026-04-14T09:10:00Z</time>
      </trkpt>
      <trkpt lat="68.61083" lon="20.41455">
        <time>2026-04-14T09:20:00Z</time>
      </trkpt>
      <trkpt lat="68.61768" lon="20.42073">
        <time>2026-04-14T09:30:00Z</time>
      </trkpt>
      <trkpt lat="68.62411" lon="20.4253">
        <time>2026-04-14T09:40:00Z</time>
      </trkpt>
      <trkpt lat="68.63174" lon="20.43158">
        <time>2026-04-14T09:50:00Z</time>
      </trkpt>
      <trkpt lat="68.63774" lon="20.43388">
        <time>2026-04-14T10:00:00Z</time>
      </trkpt>
      <trkpt lat="68.64561" lon="20.43766">
        <time>2026-04-14T10:10:00Z</time>
      </trkpt>
      <trkpt lat="68.64903" lon="20.44165">
        <time>2026-04-14T10:20:00Z</time>
      </trkpt>
      <trkpt lat="68.64905" lon="20.44167">
        <time>2026-04-14T10:30:00Z</time>
      </trkpt>
      <trkpt lat="68.65243" lon="20.44596">
        <time>2026-04-14T11:00:00Z</time>
      </trkpt>
      <trkpt lat="68.6586" lon="20.45392">
        <time>2026-04-14T11:10:00Z</time>
      </trkpt>
      <trkpt lat="68.6645" lon="20.46098">
        <time>2026-04-14T11:20:00Z</time>
      </trkpt>
      <trkpt lat="68.6726" lon="20.46873">
        <time>2026-04-14T11:30:00Z</time>
      </trkpt>
      <trkpt lat="68.67741" lon="20.46682">
        <time>2026-04-14T11:40:00Z</time>
      </trkpt>
      <trkpt lat="68.6836" lon="20.46489">
        <time>2026-04-14T11:50:00Z</time>
      </trkpt>
      <trkpt lat="68.68934" lon="20.46437">
        <time>2026-04-14T12:00:00Z</time>
      </trkpt>
      <trkpt lat="68.69354" lon="20.46261">
        <time>2026-04-14T12:10:00Z</time>
      </trkpt>
      <trkpt lat="68.70013" lon="20.45922">
        <time>2026-04-14T12:20:00Z</time>
      </trkpt>
      <trkpt lat="68.70631" lon="20.45487">
        <time>2026-04-14T12:30:00Z</time>
      </trkpt>
      <trkpt lat="68.7122" lon="20.45021">
        <time>2026-04-14T12:40:00Z</time>
      </trkpt>
      <trkpt lat="68.71874" lon="20.4457">
        <time>2026-04-14T12:50:00Z</time>
      </trkpt>
      <trkpt lat="68.72447" lon="20.4424">
        <time>2026-04-14T13:00:00Z</time>
      </trkpt>
      <trkpt lat="68.73128" lon="20.43809">
        <time>2026-04-14T13:10:00Z</time>
      </trkpt>
      <trkpt lat="68.73834" lon="20.43454">
        <time>2026-04-14T13:20:00Z</time>
      </trkpt>
      <trkpt lat="68.74083" lon="20.43358">
        <time>2026-04-14T13:30:00Z</time>
      </trkpt>
      <trkpt lat="68.74082" lon="20.43362">
        <time>2026-04-14T13:40:00Z</time>
      </trkpt>
      <trkpt lat="68.74716" lon="20.43184">
        <time>2026-04-14T14:10:00Z</time>
      </trkpt>
      <trkpt lat="68.75324" lon="20.42523">
        <time>2026-04-14T14:20:00Z</time>
      </trkpt>
      <trkpt lat="68.75817" lon="20.41515">
        <time>2026-04-14T14:30:00Z</time>
      </trkpt>
      <trkpt lat="68.76312" lon="20.4048">
        <time>2026-04-14T14:40:00Z</time>
      </trkpt>
      <trkpt lat="68.76579" lon="20.39946">
        <time>2026-04-14T14:50:00Z</time>
      </trkpt>
      <trkpt lat="68.771" lon="20.38841">
        <time>2026-04-14T15:00:00Z</time>
      </trkpt>
      <trkpt lat="68.77603" lon="20.37712">
        <time>2026-04-14T15:10:00Z</time>
      </trkpt>
      <trkpt lat="68.78068" lon="20.36721">
        <time>2026-04-14T15:20:00Z</time>
      </trkpt>
      <trkpt lat="68.78573" lon="20.35612">
        <time>2026-04-14T15:30:00Z</time>
      </trkpt>
      <trkpt lat="68.78783" lon="20.35215">
        <time>2026-04-14T15:40:00Z</time>
      </trkpt>
      <trkpt lat="68.78782" lon="20.35215">
        <time>2026-04-14T15:50:00Z</time>
      </trkpt>
      <trkpt lat="68.79228" lon="20.34296">
        <time>2026-04-14T16:10:00Z</time>
      </trkpt>
      <trkpt lat="68.79753" lon="20.33178">
        <time>2026-04-14T16:20:00Z</time>
      </trkpt>
      <trkpt lat="68.80299" lon="20.31981">
        <time>2026-04-14T16:30:00Z</time>
      </trkpt>
      <trkpt lat="68.80841" lon="20.30794">
        <time>2026-04-14T16:40:00Z</time>
      </trkpt>
      <trkpt lat="68.81405" lon="20.29966">
        <time>2026-04-14T16:50:00Z</time>
      </trkpt>
      <trkpt lat="68.8205" lon="20.29187">
        <time>2026-04-14T17:00:00Z</time>
      </trkpt>
      <trkpt lat="68.82691" lon="20.28533">
        <time>2026-04-14T17:10:00Z</time>
      </trkpt>
      <trkpt lat="68.82893" lon="20.28402">
        <time>2026-04-14T17:20:00Z</time>
      </trkpt>
      <trkpt lat="68.82893" lon="20.284">
        <time>2026-04-14T17:30:00Z</time>
      </trkpt>
      <trkpt lat="68.8289" lon="20.28389">
        <time>2026-04-14T17:33:00Z</time>
      </trkpt>
      <trkpt lat="68.82907" lon="20.28333">
        <time>2026-04-15T07:41:00Z</time>
      </trkpt>
      <trkpt lat="68.83237" lon="20.28303">
        <time>2026-04-15T07:51:00Z</time>
      </trkpt>
      <trkpt lat="68.83924" lon="20.28271">
        <time>2026-04-15T08:01:00Z</time>
      </trkpt>
      <trkpt lat="68.84592" lon="20.284">
        <time>2026-04-15T08:11:00Z</time>
      </trkpt>
      <trkpt lat="68.85277" lon="20.2861">
        <time>2026-04-15T08:21:00Z</time>
      </trkpt>
      <trkpt lat="68.8595" lon="20.28496">
        <time>2026-04-15T08:31:00Z</time>
      </trkpt>
      <trkpt lat="68.86603" lon="20.28327">
        <time>2026-04-15T08:41:00Z</time>
      </trkpt>
      <trkpt lat="68.87233" lon="20.28209">
        <time>2026-04-15T08:51:00Z</time>
      </trkpt>
      <trkpt lat="68.87973" lon="20.27812">
        <time>2026-04-15T09:01:00Z</time>
      </trkpt>
      <trkpt lat="68.88532" lon="20.27473">
        <time>2026-04-15T09:11:00Z</time>
      </trkpt>
      <trkpt lat="68.8917" lon="20.27548">
        <time>2026-04-15T09:21:00Z</time>
      </trkpt>
      <trkpt lat="68.89867" lon="20.28398">
        <time>2026-04-15T09:31:00Z</time>
      </trkpt>
      <trkpt lat="68.90501" lon="20.29129">
        <time>2026-04-15T09:41:00Z</time>
      </trkpt>
      <trkpt lat="68.91017" lon="20.29709">
        <time>2026-04-15T09:51:00Z</time>
      </trkpt>
      <trkpt lat="68.91495" lon="20.29638">
        <time>2026-04-15T10:01:00Z</time>
      </trkpt>
      <trkpt lat="68.91588" lon="20.29745">
        <time>2026-04-15T10:11:00Z</time>
      </trkpt>
      <trkpt lat="68.91589" lon="20.29749">
        <time>2026-04-15T10:21:00Z</time>
      </trkpt>
      <trkpt lat="68.91898" lon="20.30073">
        <time>2026-04-15T10:41:00Z</time>
      </trkpt>
      <trkpt lat="68.92525" lon="20.30945">
        <time>2026-04-15T10:51:00Z</time>
      </trkpt>
      <trkpt lat="68.93056" lon="20.31704">
        <time>2026-04-15T11:01:00Z</time>
      </trkpt>
      <trkpt lat="68.93474" lon="20.32994">
        <time>2026-04-15T11:11:00Z</time>
      </trkpt>
      <trkpt lat="68.93713" lon="20.3412">
        <time>2026-04-15T11:21:00Z</time>
      </trkpt>
      <trkpt lat="68.93894" lon="20.35446">
        <time>2026-04-15T11:31:00Z</time>
      </trkpt>
      <trkpt lat="68.9399" lon="20.3679">
        <time>2026-04-15T11:41:00Z</time>
      </trkpt>
      <trkpt lat="68.94468" lon="20.3627">
        <time>2026-04-15T11:51:00Z</time>
      </trkpt>
      <trkpt lat="68.94959" lon="20.35811">
        <time>2026-04-15T12:01:00Z</time>
      </trkpt>
      <trkpt lat="68.95835" lon="20.35944">
        <time>2026-04-15T12:11:00Z</time>
      </trkpt>
      <trkpt lat="68.96827" lon="20.35292">
        <time>2026-04-15T12:21:00Z</time>
      </trkpt>
      <trkpt lat="68.97372" lon="20.36444">
        <time>2026-04-15T12:31:00Z</time>
      </trkpt>
      <trkpt lat="68.97425" lon="20.36876">
        <time>2026-04-15T12:41:00Z</time>
      </trkpt>
      <trkpt lat="68.97423" lon="20.3688">
        <time>2026-04-15T12:51:00Z</time>
      </trkpt>
      <trkpt lat="68.97883" lon="20.36951">
        <time>2026-04-15T14:01:00Z</time>
      </trkpt>
      <trkpt lat="68.97985" lon="20.37925">
        <time>2026-04-15T14:11:00Z</time>
      </trkpt>
      <trkpt lat="68.98167" lon="20.39189">
        <time>2026-04-15T14:21:00Z</time>
      </trkpt>
      <trkpt lat="68.98108" lon="20.40422">
        <time>2026-04-15T14:31:00Z</time>
      </trkpt>
      <trkpt lat="68.98217" lon="20.41448">
        <time>2026-04-15T14:41:00Z</time>
      </trkpt>
      <trkpt lat="68.98305" lon="20.42352">
        <time>2026-04-15T14:51:00Z</time>
      </trkpt>
      <trkpt lat="68.98664" lon="20.43699">
        <time>2026-04-15T15:01:00Z</time>
      </trkpt>
      <trkpt lat="68.99016" lon="20.44362">
        <time>2026-04-15T15:11:00Z</time>
      </trkpt>
      <trkpt lat="68.99259" lon="20.44948">
        <time>2026-04-15T15:21:00Z</time>
      </trkpt>
      <trkpt lat="68.99551" lon="20.46362">
        <time>2026-04-15T15:31:00Z</time>
      </trkpt>
      <trkpt lat="69.001" lon="20.46937">
        <time>2026-04-15T15:41:00Z</time>
      </trkpt>
      <trkpt lat="69.00394" lon="20.47855">
        <time>2026-04-15T15:51:00Z</time>
      </trkpt>
      <trkpt lat="69.00889" lon="20.48761">
        <time>2026-04-15T16:01:00Z</time>
      </trkpt>
      <trkpt lat="69.01524" lon="20.49495">
        <time>2026-04-15T16:11:00Z</time>
      </trkpt>
      <trkpt lat="69.02128" lon="20.50645">
        <time>2026-04-15T16:21:00Z</time>
      </trkpt>
      <trkpt lat="69.02798" lon="20.51935">
        <time>2026-04-15T16:31:00Z</time>
      </trkpt>
      <trkpt lat="69.03402" lon="20.51606">
        <time>2026-04-15T16:41:00Z</time>
      </trkpt>
      <trkpt lat="69.04263" lon="20.51405">
        <time>2026-04-15T16:51:00Z</time>
      </trkpt>
      <trkpt lat="69.04943" lon="20.52432">
        <time>2026-04-15T17:01:00Z</time>
      </trkpt>
      <trkpt lat="69.05349" lon="20.52681">
        <time>2026-04-15T17:11:00Z</time>
      </trkpt>
      <trkpt lat="69.05627" lon="20.53464">
        <time>2026-04-15T17:21:00Z</time>
      </trkpt>
      <trkpt lat="69.0599" lon="20.54859">
        <time>2026-04-15T17:31:00Z</time>
      </trkpt>
      <trkpt lat="69.05988" lon="20.54853">
        <time>2026-04-15T17:31:00Z</time>
      </trkpt>
    </trkseg>
  </trk>
</gpx>
