<?xml version="1.0" encoding="UTF-8"?>
<gpx xmlns="http://www.topografix.com/GPX/1/1" version="1.1" creator="VitaBandet">
  <metadata>
    <name>Mika</name>
  </metadata>
  <trk>
    <name>Mika</name>
    <trkseg>
      <trkpt lat="62.09878" lon="12.31333">
        <time>2026-02-09T10:30:00Z</time>
      </trkpt>
      <trkpt lat="62.09878" lon="12.31333">
        <time>2026-02-09T10:30:00Z</time>
      </trkpt>
      <trkpt lat="62.0988" lon="12.31335">
        <time>2026-02-09T10:32:00Z</time>
      </trkpt>
      <trkpt lat="62.09915" lon="12.322">
        <time>2026-02-09T11:00:00Z</time>
      </trkpt>
      <trkpt lat="62.10078" lon="12.33432">
        <time>2026-02-09T11:30:00Z</time>
      </trkpt>
      <trkpt lat="62.10675" lon="12.34929">
        <time>2026-02-09T12:00:00Z</time>
      </trkpt>
      <trkpt lat="62.12144" lon="12.35292">
        <time>2026-02-09T12:30:00Z</time>
      </trkpt>
      <trkpt lat="62.13327" lon="12.36105">
        <time>2026-02-09T13:00:00Z</time>
      </trkpt>
      <trkpt lat="62.14934" lon="12.36981">
        <time>2026-02-09T13:30:00Z</time>
      </trkpt>
      <trkpt lat="62.16573" lon="12.38039">
        <time>2026-02-09T14:00:00Z</time>
      </trkpt>
      <trkpt lat="62.18107" lon="12.38863">
        <time>2026-02-09T14:30:00Z</time>
      </trkpt>
      <trkpt lat="62.18665" lon="12.38978">
        <time>2026-02-09T15:00:00Z</time>
      </trkpt>
      <trkpt lat="62.18602" lon="12.39032">
        <time>2026-02-09T15:16:00Z</time>
      </trkpt>
      <trkpt lat="62.18614" lon="12.39036">
        <time>2026-02-09T15:30:00Z</time>
      </trkpt>
      <trkpt lat="62.18643" lon="12.39056">
        <time>2026-02-09T15:30:00Z</time>
      </trkpt>
      <trkpt lat="62.18628" lon="12.39036">
        <time>2026-02-10T08:04:00Z</time>
      </trkpt>
      <trkpt lat="62.19902" lon="12.38326">
        <time>2026-02-10T08:34:00Z</time>
      </trkpt>
      <trkpt lat="62.21152" lon="12.36713">
        <time>2026-02-10T09:04:00Z</time>
      </trkpt>
      <trkpt lat="62.22196" lon="12.35133">
        <time>2026-02-10T09:34:00Z</time>
      </trkpt>
      <trkpt lat="62.23462" lon="12.35238">
        <time>2026-02-10T10:04:00Z</time>
      </trkpt>
      <trkpt lat="62.24461" lon="12.34668">
        <time>2026-02-10T10:34:00Z</time>
      </trkpt>
      <trkpt lat="62.25961" lon="12.35397">
        <time>2026-02-10T11:04:00Z</time>
      </trkpt>
      <trkpt lat="62.26124" lon="12.37794">
        <time>2026-02-10T11:34:00Z</time>
      </trkpt>
      <trkpt lat="62.27563" lon="12.39199">
        <time>2026-02-10T12:04:00Z</time>
      </trkpt>
      <trkpt lat="62.28229" lon="12.40021">
        <time>2026-02-10T12:34:00Z</time>
      </trkpt>
      <trkpt lat="62.29241" lon="12.41077">
        <time>2026-02-10T13:04:00Z</time>
      </trkpt>
      <trkpt lat="62.2992" lon="12.43489">
        <time>2026-02-10T13:34:00Z</time>
      </trkpt>
      <trkpt lat="62.31079" lon="12.4409">
        <time>2026-02-10T14:04:00Z</time>
      </trkpt>
      <trkpt lat="62.31677" lon="12.45027">
        <time>2026-02-10T14:28:00Z</time>
      </trkpt>
      <trkpt lat="62.31686" lon="12.45025">
        <time>2026-02-10T14:32:00Z</time>
      </trkpt>
      <trkpt lat="62.3167" lon="12.45036">
        <time>2026-02-11T08:22:00Z</time>
      </trkpt>
      <trkpt lat="62.32437" lon="12.4233">
        <time>2026-02-11T08:52:00Z</time>
      </trkpt>
      <trkpt lat="62.33188" lon="12.39974">
        <time>2026-02-11T09:22:00Z</time>
      </trkpt>
      <trkpt lat="62.34359" lon="12.37052">
        <time>2026-02-11T09:52:00Z</time>
      </trkpt>
      <trkpt lat="62.35405" lon="12.34867">
        <time>2026-02-11T10:22:00Z</time>
      </trkpt>
      <trkpt lat="62.36334" lon="12.34138">
        <time>2026-02-11T10:52:00Z</time>
      </trkpt>
      <trkpt lat="62.37463" lon="12.32799">
        <time>2026-02-11T11:22:00Z</time>
      </trkpt>
      <trkpt lat="62.38171" lon="12.30359">
        <time>2026-02-11T11:52:00Z</time>
      </trkpt>
      <trkpt lat="62.38772" lon="12.28767">
        <time>2026-02-11T12:22:00Z</time>
      </trkpt>
      <trkpt lat="62.39782" lon="12.27996">
        <time>2026-02-11T12:52:00Z</time>
      </trkpt>
      <trkpt lat="62.40832" lon="12.27361">
        <time>2026-02-11T13:22:00Z</time>
      </trkpt>
      <trkpt lat="62.42037" lon="12.2846">
        <time>2026-02-11T13:52:00Z</time>
      </trkpt>
      <trkpt lat="62.42735" lon="12.2941">
        <time>2026-02-11T14:22:00Z</time>
      </trkpt>
      <trkpt lat="62.43649" lon="12.29361">
        <time>2026-02-11T14:52:00Z</time>
      </trkpt>
      <trkpt lat="62.44564" lon="12.28923">
        <time>2026-02-11T15:22:00Z</time>
      </trkpt>
      <trkpt lat="62.45488" lon="12.27969">
        <time>2026-02-11T15:52:00Z</time>
      </trkpt>
      <trkpt lat="62.46235" lon="12.28546">
        <time>2026-02-11T16:22:00Z</time>
      </trkpt>
      <trkpt lat="62.46752" lon="12.28436">
        <time>2026-02-11T16:52:00Z</time>
      </trkpt>
      <trkpt lat="62.4676" lon="12.28432">
        <time>2026-02-11T16:53:00Z</time>
      </trkpt>
      <trkpt lat="62.46761" lon="12.2843">
        <time>2026-02-11T16:55:00Z</time>
      </trkpt>
      <trkpt lat="62.46708" lon="12.28434">
        <time>2026-02-12T08:29:00Z</time>
      </trkpt>
      <trkpt lat="62.4703" lon="12.28726">
        <time>2026-02-12T08:59:00Z</time>
      </trkpt>
      <trkpt lat="62.47309" lon="12.28863">
        <time>2026-02-12T09:30:00Z</time>
      </trkpt>
      <trkpt lat="62.48021" lon="12.27353">
        <time>2026-02-12T10:00:00Z</time>
      </trkpt>
      <trkpt lat="62.49328" lon="12.26954">
        <time>2026-02-12T10:30:00Z</time>
      </trkpt>
      <trkpt lat="62.50629" lon="12.27333">
        <time>2026-02-12T11:00:00Z</time>
      </trkpt>
      <trkpt lat="62.52111" lon="12.28833">
        <time>2026-02-12T11:31:00Z</time>
      </trkpt>
      <trkpt lat="62.52978" lon="12.30758">
        <time>2026-02-12T12:01:00Z</time>
      </trkpt>
      <trkpt lat="62.54177" lon="12.32442">
        <time>2026-02-12T12:31:00Z</time>
      </trkpt>
      <trkpt lat="62.54782" lon="12.3232">
        <time>2026-02-12T13:01:00Z</time>
      </trkpt>
      <trkpt lat="62.55321" lon="12.32842">
        <time>2026-02-12T13:31:00Z</time>
      </trkpt>
      <trkpt lat="62.56068" lon="12.3244">
        <time>2026-02-12T14:01:00Z</time>
      </trkpt>
      <trkpt lat="62.57035" lon="12.33063">
        <time>2026-02-12T14:36:00Z</time>
      </trkpt>
      <trkpt lat="62.57044" lon="12.3302">
        <time>2026-02-12T15:11:00Z</time>
      </trkpt>
      <trkpt lat="62.5836" lon="12.33078">
        <time>2026-02-12T16:11:00Z</time>
      </trkpt>
      <trkpt lat="62.59418" lon="12.32936">
        <time>2026-02-12T16:41:00Z</time>
      </trkpt>
      <trkpt lat="62.60257" lon="12.32985">
        <time>2026-02-12T17:11:00Z</time>
      </trkpt>
      <trkpt lat="62.61432" lon="12.32612">
        <time>2026-02-12T17:40:00Z</time>
      </trkpt>
      <trkpt lat="62.61437" lon="12.3261">
        <time>2026-02-12T17:41:00Z</time>
      </trkpt>
      <trkpt lat="62.61447" lon="12.32554">
        <time>2026-02-12T18:11:00Z</time>
      </trkpt>
      <trkpt lat="62.61451" lon="12.32509">
        <time>2026-02-12T18:13:00Z</time>
      </trkpt>
      <trkpt lat="62.61432" lon="12.32672">
        <time>2026-02-13T09:09:00Z</time>
      </trkpt>
      <trkpt lat="62.62236" lon="12.32977">
        <time>2026-02-13T09:39:00Z</time>
      </trkpt>
      <trkpt lat="62.63193" lon="12.33307">
        <time>2026-02-13T10:09:00Z</time>
      </trkpt>
      <trkpt lat="62.64411" lon="12.3358">
        <time>2026-02-13T10:39:00Z</time>
      </trkpt>
      <trkpt lat="62.65911" lon="12.34676">
        <time>2026-02-13T11:09:00Z</time>
      </trkpt>
      <trkpt lat="62.66972" lon="12.3517">
        <time>2026-02-13T11:39:00Z</time>
      </trkpt>
      <trkpt lat="62.68215" lon="12.33661">
        <time>2026-02-13T12:09:00Z</time>
      </trkpt>
      <trkpt lat="62.68493" lon="12.33088">
        <time>2026-02-13T12:39:00Z</time>
      </trkpt>
      <trkpt lat="62.68723" lon="12.32848">
        <time>2026-02-13T13:09:00Z</time>
      </trkpt>
      <trkpt lat="62.69772" lon="12.31303">
        <time>2026-02-13T13:39:00Z</time>
      </trkpt>
      <trkpt lat="62.70808" lon="12.3032">
        <time>2026-02-13T14:09:00Z</time>
      </trkpt>
      <trkpt lat="62.70971" lon="12.29391">
        <time>2026-02-13T14:39:00Z</time>
      </trkpt>
      <trkpt lat="62.72262" lon="12.30217">
        <time>2026-02-13T15:09:00Z</time>
      </trkpt>
      <trkpt lat="62.72739" lon="12.3052">
        <time>2026-02-13T15:39:00Z</time>
      </trkpt>
      <trkpt lat="62.73068" lon="12.31206">
        <time>2026-02-13T16:09:00Z</time>
      </trkpt>
      <trkpt lat="62.7339" lon="12.31636">
        <time>2026-02-13T16:39:00Z</time>
      </trkpt>
      <trkpt lat="62.73431" lon="12.31642">
        <time>2026-02-13T17:09:00Z</time>
      </trkpt>
      <trkpt lat="62.73431" lon="12.31623">
        <time>2026-02-13T17:21:00Z</time>
      </trkpt>
      <trkpt lat="62.73432" lon="12.3161">
        <time>2026-02-13T17:34:00Z</time>
      </trkpt>
      <trkpt lat="62.73427" lon="12.31649">
        <time>2026-02-14T09:43:00Z</time>
      </trkpt>
      <trkpt lat="62.73944" lon="12.32228">
        <time>2026-02-14T10:13:00Z</time>
      </trkpt>
      <trkpt lat="62.74701" lon="12.32859">
        <time>2026-02-14T10:43:00Z</time>
      </trkpt>
      <trkpt lat="62.75544" lon="12.33711">
        <time>2026-02-14T11:13:00Z</time>
      </trkpt>
      <trkpt lat="62.76494" lon="12.34906">
        <time>2026-02-14T11:43:00Z</time>
      </trkpt>
      <trkpt lat="62.77365" lon="12.3614">
        <time>2026-02-14T12:13:00Z</time>
      </trkpt>
      <trkpt lat="62.79214" lon="12.39204">
        <time>2026-02-14T12:43:00Z</time>
      </trkpt>
      <trkpt lat="62.79658" lon="12.40247">
        <time>2026-02-14T13:13:00Z</time>
      </trkpt>
      <trkpt lat="62.79997" lon="12.41041">
        <time>2026-02-14T13:43:00Z</time>
      </trkpt>
      <trkpt lat="62.80852" lon="12.4257">
        <time>2026-02-14T14:13:00Z</time>
      </trkpt>
      <trkpt lat="62.81617" lon="12.43892">
        <time>2026-02-14T14:43:00Z</time>
      </trkpt>
      <trkpt lat="62.81823" lon="12.44615">
        <time>2026-02-14T15:13:00Z</time>
      </trkpt>
      <trkpt lat="62.8182" lon="12.44549">
        <time>2026-02-14T15:16:00Z</time>
      </trkpt>
      <trkpt lat="62.8184" lon="12.4459">
        <time>2026-02-14T15:17:00Z</time>
      </trkpt>
      <trkpt lat="62.81834" lon="12.44592">
        <time>2026-02-15T08:42:00Z</time>
      </trkpt>
      <trkpt lat="62.82845" lon="12.45624">
        <time>2026-02-15T09:12:00Z</time>
      </trkpt>
      <trkpt lat="62.84361" lon="12.47388">
        <time>2026-02-15T09:42:00Z</time>
      </trkpt>
      <trkpt lat="62.85587" lon="12.48398">
        <time>2026-02-15T10:12:00Z</time>
      </trkpt>
      <trkpt lat="62.86878" lon="12.49538">
        <time>2026-02-15T10:42:00Z</time>
      </trkpt>
      <trkpt lat="62.87805" lon="12.50375">
        <time>2026-02-15T11:12:00Z</time>
      </trkpt>
      <trkpt lat="62.88583" lon="12.50765">
        <time>2026-02-15T11:42:00Z</time>
      </trkpt>
      <trkpt lat="62.89159" lon="12.51057">
        <time>2026-02-15T12:12:00Z</time>
      </trkpt>
      <trkpt lat="62.90435" lon="12.52147">
        <time>2026-02-15T12:42:00Z</time>
      </trkpt>
      <trkpt lat="62.91102" lon="12.54531">
        <time>2026-02-15T13:12:00Z</time>
      </trkpt>
      <trkpt lat="62.91115" lon="12.57896">
        <time>2026-02-15T13:42:00Z</time>
      </trkpt>
      <trkpt lat="62.91735" lon="12.60537">
        <time>2026-02-15T14:12:00Z</time>
      </trkpt>
      <trkpt lat="62.92633" lon="12.6294">
        <time>2026-02-15T14:42:00Z</time>
      </trkpt>
      <trkpt lat="62.93829" lon="12.64129">
        <time>2026-02-15T15:12:00Z</time>
      </trkpt>
      <trkpt lat="62.95243" lon="12.63959">
        <time>2026-02-15T15:42:00Z</time>
      </trkpt>
      <trkpt lat="62.96354" lon="12.65097">
        <time>2026-02-15T16:12:00Z</time>
      </trkpt>
      <trkpt lat="62.97587" lon="12.657">
        <time>2026-02-15T16:40:00Z</time>
      </trkpt>
      <trkpt lat="62.9757" lon="12.6568">
        <time>2026-02-15T16:41:00Z</time>
      </trkpt>
      <trkpt lat="62.97565" lon="12.6568">
        <time>2026-02-16T09:21:00Z</time>
      </trkpt>
      <trkpt lat="62.98181" lon="12.67176">
        <time>2026-02-16T09:51:00Z</time>
      </trkpt>
      <trkpt lat="62.98715" lon="12.68508">
        <time>2026-02-16T10:21:00Z</time>
      </trkpt>
      <trkpt lat="62.9927" lon="12.70747">
        <time>2026-02-16T10:51:00Z</time>
      </trkpt>
      <trkpt lat="62.99986" lon="12.73886">
        <time>2026-02-16T11:21:00Z</time>
      </trkpt>
      <trkpt lat="63.01301" lon="12.75521">
        <time>2026-02-16T11:51:00Z</time>
      </trkpt>
      <trkpt lat="63.02865" lon="12.77023">
        <time>2026-02-16T12:21:00Z</time>
      </trkpt>
      <trkpt lat="63.0404" lon="12.79722">
        <time>2026-02-16T12:51:00Z</time>
      </trkpt>
      <trkpt lat="63.04064" lon="12.79943">
        <time>2026-02-16T13:16:00Z</time>
      </trkpt>
      <trkpt lat="63.04049" lon="12.80023">
        <time>2026-02-16T13:48:00Z</time>
      </trkpt>
      <trkpt lat="63.04087" lon="12.80003">
        <time>2026-02-17T08:02:00Z</time>
      </trkpt>
      <trkpt lat="63.05588" lon="12.7939">
        <time>2026-02-17T08:32:00Z</time>
      </trkpt>
      <trkpt lat="63.07307" lon="12.81145">
        <time>2026-02-17T09:02:00Z</time>
      </trkpt>
      <trkpt lat="63.08846" lon="12.81866">
        <time>2026-02-17T09:32:00Z</time>
      </trkpt>
      <trkpt lat="63.1108" lon="12.82171">
        <time>2026-02-17T10:02:00Z</time>
      </trkpt>
      <trkpt lat="63.11477" lon="12.84821">
        <time>2026-02-17T10:32:00Z</time>
      </trkpt>
      <trkpt lat="63.12452" lon="12.86846">
        <time>2026-02-17T11:02:00Z</time>
      </trkpt>
      <trkpt lat="63.13415" lon="12.88906">
        <time>2026-02-17T11:32:00Z</time>
      </trkpt>
      <trkpt lat="63.14768" lon="12.90908">
        <time>2026-02-17T12:02:00Z</time>
      </trkpt>
      <trkpt lat="63.1492" lon="12.93326">
        <time>2026-02-17T12:32:00Z</time>
      </trkpt>
      <trkpt lat="63.14883" lon="12.96607">
        <time>2026-02-17T13:02:00Z</time>
      </trkpt>
      <trkpt lat="63.14899" lon="12.96646">
        <time>2026-02-17T13:25:00Z</time>
      </trkpt>
      <trkpt lat="63.14894" lon="12.96878">
        <time>2026-02-18T08:45:00Z</time>
      </trkpt>
      <trkpt lat="63.15278" lon="12.99646">
        <time>2026-02-18T09:15:00Z</time>
      </trkpt>
      <trkpt lat="63.15646" lon="13.02761">
        <time>2026-02-18T09:45:00Z</time>
      </trkpt>
      <trkpt lat="63.16631" lon="13.05506">
        <time>2026-02-18T10:15:00Z</time>
      </trkpt>
      <trkpt lat="63.17975" lon="13.06317">
        <time>2026-02-18T10:45:00Z</time>
      </trkpt>
      <trkpt lat="63.19627" lon="13.05386">
        <time>2026-02-18T11:15:00Z</time>
      </trkpt>
      <trkpt lat="63.21083" lon="13.05287">
        <time>2026-02-18T11:45:00Z</time>
      </trkpt>
      <trkpt lat="63.21533" lon="13.05598">
        <time>2026-02-18T12:17:00Z</time>
      </trkpt>
      <trkpt lat="63.22135" lon="13.05742">
        <time>2026-02-18T12:47:00Z</time>
      </trkpt>
      <trkpt lat="63.22599" lon="13.06866">
        <time>2026-02-18T13:17:00Z</time>
      </trkpt>
      <trkpt lat="63.22946" lon="13.06362">
        <time>2026-02-18T13:47:00Z</time>
      </trkpt>
      <trkpt lat="63.24104" lon="13.08791">
        <time>2026-02-18T14:17:00Z</time>
      </trkpt>
      <trkpt lat="63.24823" lon="13.10314">
        <time>2026-02-18T14:47:00Z</time>
      </trkpt>
      <trkpt lat="63.24867" lon="13.12362">
        <time>2026-02-18T15:17:00Z</time>
      </trkpt>
      <trkpt lat="63.24543" lon="13.15303">
        <time>2026-02-18T15:47:00Z</time>
      </trkpt>
      <trkpt lat="63.24921" lon="13.16587">
        <time>2026-02-18T16:11:00Z</time>
      </trkpt>
      <trkpt lat="63.2492" lon="13.16591">
        <time>2026-02-18T16:11:00Z</time>
      </trkpt>
      <trkpt lat="63.2493" lon="13.16593">
        <time>2026-02-19T09:07:00Z</time>
      </trkpt>
      <trkpt lat="63.25777" lon="13.18528">
        <time>2026-02-19T09:37:00Z</time>
      </trkpt>
      <trkpt lat="63.26795" lon="13.1976">
        <time>2026-02-19T10:07:00Z</time>
      </trkpt>
      <trkpt lat="63.29351" lon="13.21365">
        <time>2026-02-19T10:37:00Z</time>
      </trkpt>
      <trkpt lat="63.30548" lon="13.20003">
        <time>2026-02-19T11:07:00Z</time>
      </trkpt>
      <trkpt lat="63.3079" lon="13.22573">
        <time>2026-02-19T11:37:00Z</time>
      </trkpt>
      <trkpt lat="63.31313" lon="13.24161">
        <time>2026-02-19T12:18:00Z</time>
      </trkpt>
      <trkpt lat="63.31457" lon="13.24165">
        <time>2026-02-19T12:49:00Z</time>
      </trkpt>
      <trkpt lat="63.31471" lon="13.24127">
        <time>2026-02-19T13:19:00Z</time>
      </trkpt>
      <trkpt lat="63.32132" lon="13.24168">
        <time>2026-02-19T13:49:00Z</time>
      </trkpt>
      <trkpt lat="63.33216" lon="13.255">
        <time>2026-02-19T14:19:00Z</time>
      </trkpt>
      <trkpt lat="63.34353" lon="13.27242">
        <time>2026-02-19T14:49:00Z</time>
      </trkpt>
      <trkpt lat="63.35652" lon="13.26116">
        <time>2026-02-19T15:19:00Z</time>
      </trkpt>
      <trkpt lat="63.36261" lon="13.23929">
        <time>2026-02-19T15:49:00Z</time>
      </trkpt>
      <trkpt lat="63.37492" lon="13.22281">
        <time>2026-02-19T16:19:00Z</time>
      </trkpt>
      <trkpt lat="63.37901" lon="13.21972">
        <time>2026-02-19T16:49:00Z</time>
      </trkpt>
      <trkpt lat="63.37897" lon="13.21977">
        <time>2026-02-19T17:01:00Z</time>
      </trkpt>
      <trkpt lat="63.37904" lon="13.21968">
        <time>2026-02-19T17:01:00Z</time>
      </trkpt>
      <trkpt lat="63.37901" lon="13.21966">
        <time>2026-02-20T09:00:00Z</time>
      </trkpt>
      <trkpt lat="63.38971" lon="13.20968">
        <time>2026-02-20T09:30:00Z</time>
      </trkpt>
      <trkpt lat="63.39775" lon="13.19277">
        <time>2026-02-20T10:00:00Z</time>
      </trkpt>
      <trkpt lat="63.40434" lon="13.21013">
        <time>2026-02-20T10:30:00Z</time>
      </trkpt>
      <trkpt lat="63.4112" lon="13.2258">
        <time>2026-02-20T11:00:00Z</time>
      </trkpt>
      <trkpt lat="63.42674" lon="13.22762">
        <time>2026-02-20T11:30:00Z</time>
      </trkpt>
      <trkpt lat="63.44205" lon="13.22185">
        <time>2026-02-20T12:00:00Z</time>
      </trkpt>
      <trkpt lat="63.45179" lon="13.21573">
        <time>2026-02-20T12:30:00Z</time>
      </trkpt>
      <trkpt lat="63.46828" lon="13.22254">
        <time>2026-02-20T13:00:00Z</time>
      </trkpt>
      <trkpt lat="63.47333" lon="13.22985">
        <time>2026-02-20T13:30:00Z</time>
      </trkpt>
      <trkpt lat="63.47441" lon="13.23316">
        <time>2026-02-20T14:00:00Z</time>
      </trkpt>
      <trkpt lat="63.48499" lon="13.24605">
        <time>2026-02-20T14:30:00Z</time>
      </trkpt>
      <trkpt lat="63.49531" lon="13.24753">
        <time>2026-02-20T15:00:00Z</time>
      </trkpt>
      <trkpt lat="63.5083" lon="13.245">
        <time>2026-02-20T15:30:00Z</time>
      </trkpt>
      <trkpt lat="63.51947" lon="13.2532">
        <time>2026-02-20T16:00:00Z</time>
      </trkpt>
      <trkpt lat="63.52799" lon="13.25908">
        <time>2026-02-20T16:30:00Z</time>
      </trkpt>
      <trkpt lat="63.53136" lon="13.25951">
        <time>2026-02-20T16:44:00Z</time>
      </trkpt>
      <trkpt lat="63.53136" lon="13.25951">
        <time>2026-02-20T16:45:00Z</time>
      </trkpt>
      <trkpt lat="63.53137" lon="13.25927">
        <time>2026-02-21T08:50:00Z</time>
      </trkpt>
      <trkpt lat="63.5408" lon="13.26403">
        <time>2026-02-21T09:20:00Z</time>
      </trkpt>
      <trkpt lat="63.5502" lon="13.2594">
        <time>2026-02-21T09:50:00Z</time>
      </trkpt>
      <trkpt lat="63.56388" lon="13.25234">
        <time>2026-02-21T10:20:00Z</time>
      </trkpt>
      <trkpt lat="63.57266" lon="13.23489">
        <time>2026-02-21T10:50:00Z</time>
      </trkpt>
      <trkpt lat="63.57951" lon="13.21863">
        <time>2026-02-21T11:20:00Z</time>
      </trkpt>
      <trkpt lat="63.5896" lon="13.19009">
        <time>2026-02-21T11:50:00Z</time>
      </trkpt>
      <trkpt lat="63.60495" lon="13.19434">
        <time>2026-02-21T12:20:00Z</time>
      </trkpt>
      <trkpt lat="63.61543" lon="13.20863">
        <time>2026-02-21T12:50:00Z</time>
      </trkpt>
      <trkpt lat="63.623" lon="13.21747">
        <time>2026-02-21T13:20:00Z</time>
      </trkpt>
      <trkpt lat="63.63137" lon="13.22363">
        <time>2026-02-21T13:50:00Z</time>
      </trkpt>
      <trkpt lat="63.63883" lon="13.23824">
        <time>2026-02-21T14:20:00Z</time>
      </trkpt>
      <trkpt lat="63.6416" lon="13.27064">
        <time>2026-02-21T14:50:00Z</time>
      </trkpt>
      <trkpt lat="63.6483" lon="13.28695">
        <time>2026-02-21T15:20:00Z</time>
      </trkpt>
      <trkpt lat="63.6609" lon="13.28702">
        <time>2026-02-21T15:50:00Z</time>
      </trkpt>
      <trkpt lat="63.66371" lon="13.28867">
        <time>2026-02-21T16:05:00Z</time>
      </trkpt>
      <trkpt lat="63.66371" lon="13.28867">
        <time>2026-02-21T16:20:00Z</time>
      </trkpt>
      <trkpt lat="63.66369" lon="13.28871">
        <time>2026-02-21T16:40:00Z</time>
      </trkpt>
      <trkpt lat="63.66374" lon="13.28869">
        <time>2026-02-22T08:40:00Z</time>
      </trkpt>
      <trkpt lat="63.67238" lon="13.3097">
        <time>2026-02-22T09:10:00Z</time>
      </trkpt>
      <trkpt lat="63.67389" lon="13.34611">
        <time>2026-02-22T09:40:00Z</time>
      </trkpt>
      <trkpt lat="63.67892" lon="13.37639">
        <time>2026-02-22T10:10:00Z</time>
      </trkpt>
      <trkpt lat="63.68099" lon="13.40319">
        <time>2026-02-22T10:40:00Z</time>
      </trkpt>
      <trkpt lat="63.687" lon="13.43269">
        <time>2026-02-22T11:10:00Z</time>
      </trkpt>
      <trkpt lat="63.69392" lon="13.45241">
        <time>2026-02-22T11:40:00Z</time>
      </trkpt>
      <trkpt lat="63.69018" lon="13.48677">
        <time>2026-02-22T12:10:00Z</time>
      </trkpt>
      <trkpt lat="63.68902" lon="13.51968">
        <time>2026-02-22T12:40:00Z</time>
      </trkpt>
      <trkpt lat="63.6924" lon="13.54713">
        <time>2026-02-22T13:10:00Z</time>
      </trkpt>
      <trkpt lat="63.69114" lon="13.56925">
        <time>2026-02-22T13:40:00Z</time>
      </trkpt>
      <trkpt lat="63.69495" lon="13.60079">
        <time>2026-02-22T14:10:00Z</time>
      </trkpt>
      <trkpt lat="63.69619" lon="13.62564">
        <time>2026-02-22T14:40:00Z</time>
      </trkpt>
      <trkpt lat="63.69609" lon="13.6262">
        <time>2026-02-22T14:42:00Z</time>
      </trkpt>
      <trkpt lat="63.6963" lon="13.62611">
        <time>2026-02-22T14:43:00Z</time>
      </trkpt>
      <trkpt lat="63.69643" lon="13.62581">
        <time>2026-02-23T08:17:00Z</time>
      </trkpt>
      <trkpt lat="63.70483" lon="13.6062">
        <time>2026-02-23T08:47:00Z</time>
      </trkpt>
      <trkpt lat="63.71639" lon="13.61332">
        <time>2026-02-23T09:17:00Z</time>
      </trkpt>
      <trkpt lat="63.72974" lon="13.6201">
        <time>2026-02-23T09:47:00Z</time>
      </trkpt>
      <trkpt lat="63.74132" lon="13.62654">
        <time>2026-02-23T10:17:00Z</time>
      </trkpt>
      <trkpt lat="63.749" lon="13.64918">
        <time>2026-02-23T10:47:00Z</time>
      </trkpt>
      <trkpt lat="63.75312" lon="13.66843">
        <time>2026-02-23T11:17:00Z</time>
      </trkpt>
      <trkpt lat="63.74788" lon="13.70235">
        <time>2026-02-23T11:47:00Z</time>
      </trkpt>
      <trkpt lat="63.74566" lon="13.74188">
        <time>2026-02-23T12:17:00Z</time>
      </trkpt>
      <trkpt lat="63.75059" lon="13.76767">
        <time>2026-02-23T12:47:00Z</time>
      </trkpt>
      <trkpt lat="63.7588" lon="13.78043">
        <time>2026-02-23T13:17:00Z</time>
      </trkpt>
      <trkpt lat="63.76561" lon="13.79908">
        <time>2026-02-23T13:47:00Z</time>
      </trkpt>
      <trkpt lat="63.7733" lon="13.82067">
        <time>2026-02-23T14:17:00Z</time>
      </trkpt>
      <trkpt lat="63.78075" lon="13.82">
        <time>2026-02-23T14:50:00Z</time>
      </trkpt>
      <trkpt lat="63.78051" lon="13.8208">
        <time>2026-02-23T15:01:00Z</time>
      </trkpt>
      <trkpt lat="63.78051" lon="13.8208">
        <time>2026-02-23T15:06:00Z</time>
      </trkpt>
      <trkpt lat="63.78062" lon="13.82125">
        <time>2026-02-24T08:09:00Z</time>
      </trkpt>
      <trkpt lat="63.79168" lon="13.83871">
        <time>2026-02-24T08:39:00Z</time>
      </trkpt>
      <trkpt lat="63.80553" lon="13.83545">
        <time>2026-02-24T09:09:00Z</time>
      </trkpt>
      <trkpt lat="63.82136" lon="13.83444">
        <time>2026-02-24T09:39:00Z</time>
      </trkpt>
      <trkpt lat="63.82819" lon="13.86629">
        <time>2026-02-24T10:09:00Z</time>
      </trkpt>
      <trkpt lat="63.84305" lon="13.87629">
        <time>2026-02-24T10:39:00Z</time>
      </trkpt>
      <trkpt lat="63.85819" lon="13.87455">
        <time>2026-02-24T11:09:00Z</time>
      </trkpt>
      <trkpt lat="63.87215" lon="13.86871">
        <time>2026-02-24T11:39:00Z</time>
      </trkpt>
      <trkpt lat="63.8845" lon="13.85616">
        <time>2026-02-24T12:09:00Z</time>
      </trkpt>
      <trkpt lat="63.89454" lon="13.86427">
        <time>2026-02-24T12:39:00Z</time>
      </trkpt>
      <trkpt lat="63.90615" lon="13.86667">
        <time>2026-02-24T13:09:00Z</time>
      </trkpt>
      <trkpt lat="63.92034" lon="13.87238">
        <time>2026-02-24T13:39:00Z</time>
      </trkpt>
      <trkpt lat="63.93164" lon="13.89208">
        <time>2026-02-24T14:09:00Z</time>
      </trkpt>
      <trkpt lat="63.94587" lon="13.91802">
        <time>2026-02-24T14:39:00Z</time>
      </trkpt>
      <trkpt lat="63.95843" lon="13.94871">
        <time>2026-02-24T15:09:00Z</time>
      </trkpt>
      <trkpt lat="63.9697" lon="13.95044">
        <time>2026-02-24T15:39:00Z</time>
      </trkpt>
      <trkpt lat="63.98084" lon="13.97128">
        <time>2026-02-24T16:09:00Z</time>
      </trkpt>
      <trkpt lat="63.99447" lon="13.98478">
        <time>2026-02-24T16:39:00Z</time>
      </trkpt>
      <trkpt lat="63.99754" lon="13.9869">
        <time>2026-02-24T16:59:00Z</time>
      </trkpt>
      <trkpt lat="63.99751" lon="13.98688">
        <time>2026-02-24T16:59:00Z</time>
      </trkpt>
      <trkpt lat="63.99748" lon="13.98692">
        <time>2026-02-25T08:36:00Z</time>
      </trkpt>
      <trkpt lat="64.00053" lon="14.00409">
        <time>2026-02-25T09:06:00Z</time>
      </trkpt>
      <trkpt lat="64.0069" lon="14.02173">
        <time>2026-02-25T09:36:00Z</time>
      </trkpt>
      <trkpt lat="64.0181" lon="14.01475">
        <time>2026-02-25T10:06:00Z</time>
      </trkpt>
      <trkpt lat="64.02339" lon="14.03842">
        <time>2026-02-25T10:36:00Z</time>
      </trkpt>
      <trkpt lat="64.02512" lon="14.06308">
        <time>2026-02-25T11:06:00Z</time>
      </trkpt>
      <trkpt lat="64.03119" lon="14.0884">
        <time>2026-02-25T11:36:00Z</time>
      </trkpt>
      <trkpt lat="64.04742" lon="14.1029">
        <time>2026-02-25T12:06:00Z</time>
      </trkpt>
      <trkpt lat="64.05165" lon="14.1197">
        <time>2026-02-25T12:36:00Z</time>
      </trkpt>
      <trkpt lat="64.06069" lon="14.13363">
        <time>2026-02-25T13:06:00Z</time>
      </trkpt>
      <trkpt lat="64.06697" lon="14.14073">
        <time>2026-02-25T13:37:00Z</time>
      </trkpt>
      <trkpt lat="64.0662" lon="14.14421">
        <time>2026-02-25T14:01:00Z</time>
      </trkpt>
      <trkpt lat="64.06612" lon="14.14434">
        <time>2026-02-25T14:02:00Z</time>
      </trkpt>
      <trkpt lat="64.06703" lon="14.14071">
        <time>2026-02-26T12:58:00Z</time>
      </trkpt>
      <trkpt lat="64.07915" lon="14.13858">
        <time>2026-02-26T13:28:00Z</time>
      </trkpt>
      <trkpt lat="64.09408" lon="14.1394">
        <time>2026-02-26T13:58:00Z</time>
      </trkpt>
      <trkpt lat="64.10803" lon="14.15021">
        <time>2026-02-26T14:28:00Z</time>
      </trkpt>
      <trkpt lat="64.1188" lon="14.15322">
        <time>2026-02-26T14:58:00Z</time>
      </trkpt>
      <trkpt lat="64.12677" lon="14.15888">
        <time>2026-02-26T15:28:00Z</time>
      </trkpt>
      <trkpt lat="64.12829" lon="14.16629">
        <time>2026-02-26T15:58:00Z</time>
      </trkpt>
      <trkpt lat="64.13186" lon="14.18199">
        <time>2026-02-26T16:28:00Z</time>
      </trkpt>
      <trkpt lat="64.14178" lon="14.19922">
        <time>2026-02-26T16:58:00Z</time>
      </trkpt>
      <trkpt lat="64.14642" lon="14.21231">
        <time>2026-02-26T17:28:00Z</time>
      </trkpt>
      <trkpt lat="64.15343" lon="14.2216">
        <time>2026-02-26T17:58:00Z</time>
      </trkpt>
      <trkpt lat="64.15772" lon="14.23356">
        <time>2026-02-26T18:26:00Z</time>
      </trkpt>
      <trkpt lat="64.15771" lon="14.23358">
        <time>2026-02-26T18:26:00Z</time>
      </trkpt>
      <trkpt lat="64.15766" lon="14.23356">
        <time>2026-02-26T22:08:00Z</time>
      </trkpt>
      <trkpt lat="64.15777" lon="14.23328">
        <time>2026-02-26T22:17:00Z</time>
      </trkpt>
      <trkpt lat="64.15768" lon="14.23343">
        <time>2026-02-26T22:17:00Z</time>
      </trkpt>
      <trkpt lat="64.15765" lon="14.23353">
        <time>2026-02-27T09:55:00Z</time>
      </trkpt>
      <trkpt lat="64.16345" lon="14.24639">
        <time>2026-02-27T10:25:00Z</time>
      </trkpt>
      <trkpt lat="64.1713" lon="14.24441">
        <time>2026-02-27T10:55:00Z</time>
      </trkpt>
      <trkpt lat="64.17886" lon="14.24414">
        <time>2026-02-27T11:25:00Z</time>
      </trkpt>
      <trkpt lat="64.1851" lon="14.24866">
        <time>2026-02-27T11:55:00Z</time>
      </trkpt>
      <trkpt lat="64.18904" lon="14.25598">
        <time>2026-02-27T12:25:00Z</time>
      </trkpt>
      <trkpt lat="64.19348" lon="14.27038">
        <time>2026-02-27T12:55:00Z</time>
      </trkpt>
      <trkpt lat="64.19902" lon="14.27624">
        <time>2026-02-27T13:25:00Z</time>
      </trkpt>
      <trkpt lat="64.20334" lon="14.30035">
        <time>2026-02-27T13:55:00Z</time>
      </trkpt>
      <trkpt lat="64.20432" lon="14.3257">
        <time>2026-02-27T14:25:00Z</time>
      </trkpt>
      <trkpt lat="64.21592" lon="14.34574">
        <time>2026-02-27T14:55:00Z</time>
      </trkpt>
      <trkpt lat="64.22545" lon="14.36114">
        <time>2026-02-27T15:25:00Z</time>
      </trkpt>
      <trkpt lat="64.23241" lon="14.37252">
        <time>2026-02-27T15:55:00Z</time>
      </trkpt>
      <trkpt lat="64.24136" lon="14.37232">
        <time>2026-02-27T16:25:00Z</time>
      </trkpt>
      <trkpt lat="64.25136" lon="14.38232">
        <time>2026-02-27T16:55:00Z</time>
      </trkpt>
      <trkpt lat="64.2553" lon="14.38698">
        <time>2026-02-27T17:08:00Z</time>
      </trkpt>
      <trkpt lat="64.25528" lon="14.38683">
        <time>2026-02-27T17:08:00Z</time>
      </trkpt>
      <trkpt lat="64.25527" lon="14.38683">
        <time>2026-02-28T09:24:00Z</time>
      </trkpt>
      <trkpt lat="64.25687" lon="14.39934">
        <time>2026-02-28T09:54:00Z</time>
      </trkpt>
      <trkpt lat="64.25711" lon="14.40105">
        <time>2026-02-28T10:24:00Z</time>
      </trkpt>
      <trkpt lat="64.26041" lon="14.40487">
        <time>2026-02-28T10:54:00Z</time>
      </trkpt>
      <trkpt lat="64.26616" lon="14.40728">
        <time>2026-02-28T11:24:00Z</time>
      </trkpt>
      <trkpt lat="64.27126" lon="14.42756">
        <time>2026-02-28T11:54:00Z</time>
      </trkpt>
      <trkpt lat="64.27579" lon="14.40899">
        <time>2026-02-28T12:24:00Z</time>
      </trkpt>
      <trkpt lat="64.28624" lon="14.40208">
        <time>2026-02-28T12:54:00Z</time>
      </trkpt>
      <trkpt lat="64.29436" lon="14.39125">
        <time>2026-02-28T13:24:00Z</time>
      </trkpt>
      <trkpt lat="64.29948" lon="14.38657">
        <time>2026-02-28T13:54:00Z</time>
      </trkpt>
      <trkpt lat="64.30473" lon="14.38614">
        <time>2026-02-28T14:24:00Z</time>
      </trkpt>
      <trkpt lat="64.31525" lon="14.38644">
        <time>2026-02-28T14:54:00Z</time>
      </trkpt>
      <trkpt lat="64.32441" lon="14.39794">
        <time>2026-02-28T15:24:00Z</time>
      </trkpt>
      <trkpt lat="64.33868" lon="14.40608">
        <time>2026-02-28T15:54:00Z</time>
      </trkpt>
      <trkpt lat="64.35382" lon="14.40657">
        <time>2026-02-28T16:24:00Z</time>
      </trkpt>
      <trkpt lat="64.36808" lon="14.39151">
        <time>2026-02-28T16:54:00Z</time>
      </trkpt>
      <trkpt lat="64.3746" lon="14.38129">
        <time>2026-02-28T17:09:00Z</time>
      </trkpt>
      <trkpt lat="64.37462" lon="14.38116">
        <time>2026-02-28T17:24:00Z</time>
      </trkpt>
      <trkpt lat="64.3746" lon="14.38123">
        <time>2026-02-28T17:54:00Z</time>
      </trkpt>
      <trkpt lat="64.37455" lon="14.38108">
        <time>2026-03-01T09:03:00Z</time>
      </trkpt>
      <trkpt lat="64.37752" lon="14.34614">
        <time>2026-03-01T09:33:00Z</time>
      </trkpt>
      <trkpt lat="64.38953" lon="14.31866">
        <time>2026-03-01T10:03:00Z</time>
      </trkpt>
      <trkpt lat="64.39905" lon="14.29332">
        <time>2026-03-01T10:33:00Z</time>
      </trkpt>
      <trkpt lat="64.4099" lon="14.26804">
        <time>2026-03-01T11:03:00Z</time>
      </trkpt>
      <trkpt lat="64.42345" lon="14.23057">
        <time>2026-03-01T11:33:00Z</time>
      </trkpt>
      <trkpt lat="64.43427" lon="14.19792">
        <time>2026-03-01T12:03:00Z</time>
      </trkpt>
      <trkpt lat="64.44551" lon="14.16669">
        <time>2026-03-01T12:33:00Z</time>
      </trkpt>
      <trkpt lat="64.45559" lon="14.16541">
        <time>2026-03-01T13:03:00Z</time>
      </trkpt>
      <trkpt lat="64.47107" lon="14.14633">
        <time>2026-03-01T13:33:00Z</time>
      </trkpt>
      <trkpt lat="64.48345" lon="14.13213">
        <time>2026-03-01T14:03:00Z</time>
      </trkpt>
      <trkpt lat="64.49935" lon="14.14249">
        <time>2026-03-01T14:33:00Z</time>
      </trkpt>
      <trkpt lat="64.50534" lon="14.14567">
        <time>2026-03-01T15:03:00Z</time>
      </trkpt>
      <trkpt lat="64.50611" lon="14.14689">
        <time>2026-03-01T15:13:00Z</time>
      </trkpt>
      <trkpt lat="64.50614" lon="14.14695">
        <time>2026-03-01T15:14:00Z</time>
      </trkpt>
      <trkpt lat="64.50601" lon="14.14678">
        <time>2026-03-02T07:45:00Z</time>
      </trkpt>
      <trkpt lat="64.506" lon="14.14704">
        <time>2026-03-02T08:15:00Z</time>
      </trkpt>
      <trkpt lat="64.50578" lon="14.14674">
        <time>2026-03-02T08:30:00Z</time>
      </trkpt>
      <trkpt lat="64.50615" lon="14.14689">
        <time>2026-03-03T07:20:00Z</time>
      </trkpt>
      <trkpt lat="64.51332" lon="14.15682">
        <time>2026-03-03T07:50:00Z</time>
      </trkpt>
      <trkpt lat="64.53166" lon="14.15064">
        <time>2026-03-03T08:20:00Z</time>
      </trkpt>
      <trkpt lat="64.54685" lon="14.13889">
        <time>2026-03-03T08:50:00Z</time>
      </trkpt>
      <trkpt lat="64.5598" lon="14.13867">
        <time>2026-03-03T09:20:00Z</time>
      </trkpt>
      <trkpt lat="64.57868" lon="14.12916">
        <time>2026-03-03T09:50:00Z</time>
      </trkpt>
      <trkpt lat="64.59353" lon="14.11558">
        <time>2026-03-03T10:20:00Z</time>
      </trkpt>
      <trkpt lat="64.61173" lon="14.11921">
        <time>2026-03-03T10:50:00Z</time>
      </trkpt>
      <trkpt lat="64.62836" lon="14.12562">
        <time>2026-03-03T11:20:00Z</time>
      </trkpt>
      <trkpt lat="64.64277" lon="14.14185">
        <time>2026-03-03T11:50:00Z</time>
      </trkpt>
      <trkpt lat="64.65533" lon="14.14043">
        <time>2026-03-03T12:20:00Z</time>
      </trkpt>
      <trkpt lat="64.66206" lon="14.14541">
        <time>2026-03-03T12:50:00Z</time>
      </trkpt>
      <trkpt lat="64.67197" lon="14.17251">
        <time>2026-03-03T13:20:00Z</time>
      </trkpt>
      <trkpt lat="64.67289" lon="14.17931">
        <time>2026-03-03T13:50:00Z</time>
      </trkpt>
      <trkpt lat="64.67779" lon="14.20903">
        <time>2026-03-03T14:20:00Z</time>
      </trkpt>
      <trkpt lat="64.68592" lon="14.19478">
        <time>2026-03-03T14:50:00Z</time>
      </trkpt>
      <trkpt lat="64.69836" lon="14.20038">
        <time>2026-03-03T15:20:00Z</time>
      </trkpt>
      <trkpt lat="64.70115" lon="14.19079">
        <time>2026-03-03T15:50:00Z</time>
      </trkpt>
      <trkpt lat="64.70107" lon="14.19064">
        <time>2026-03-03T15:57:00Z</time>
      </trkpt>
      <trkpt lat="64.70106" lon="14.19075">
        <time>2026-03-03T15:57:00Z</time>
      </trkpt>
      <trkpt lat="64.70114" lon="14.19094">
        <time>2026-03-04T10:06:00Z</time>
      </trkpt>
      <trkpt lat="64.70959" lon="14.1924">
        <time>2026-03-04T10:36:00Z</time>
      </trkpt>
      <trkpt lat="64.71681" lon="14.17798">
        <time>2026-03-04T11:06:00Z</time>
      </trkpt>
      <trkpt lat="64.72439" lon="14.16586">
        <time>2026-03-04T11:36:00Z</time>
      </trkpt>
      <trkpt lat="64.73095" lon="14.16669">
        <time>2026-03-04T12:06:00Z</time>
      </trkpt>
      <trkpt lat="64.73688" lon="14.17118">
        <time>2026-03-04T12:36:00Z</time>
      </trkpt>
      <trkpt lat="64.7466" lon="14.17309">
        <time>2026-03-04T13:06:00Z</time>
      </trkpt>
      <trkpt lat="64.75497" lon="14.18103">
        <time>2026-03-04T13:36:00Z</time>
      </trkpt>
      <trkpt lat="64.75986" lon="14.1953">
        <time>2026-03-04T14:06:00Z</time>
      </trkpt>
      <trkpt lat="64.76689" lon="14.1995">
        <time>2026-03-04T14:36:00Z</time>
      </trkpt>
      <trkpt lat="64.77874" lon="14.19695">
        <time>2026-03-04T15:06:00Z</time>
      </trkpt>
      <trkpt lat="64.7954" lon="14.20673">
        <time>2026-03-04T15:36:00Z</time>
      </trkpt>
      <trkpt lat="64.80812" lon="14.21676">
        <time>2026-03-04T16:06:00Z</time>
      </trkpt>
      <trkpt lat="64.81851" lon="14.2421">
        <time>2026-03-04T16:36:00Z</time>
      </trkpt>
      <trkpt lat="64.82121" lon="14.24823">
        <time>2026-03-04T16:48:00Z</time>
      </trkpt>
      <trkpt lat="64.82132" lon="14.24806">
        <time>2026-03-04T16:48:00Z</time>
      </trkpt>
      <trkpt lat="64.8213" lon="14.24789">
        <time>2026-03-05T08:25:00Z</time>
      </trkpt>
      <trkpt lat="64.83052" lon="14.25592">
        <time>2026-03-05T08:55:00Z</time>
      </trkpt>
      <trkpt lat="64.83921" lon="14.27827">
        <time>2026-03-05T09:25:00Z</time>
      </trkpt>
      <trkpt lat="64.84587" lon="14.29619">
        <time>2026-03-05T09:55:00Z</time>
      </trkpt>
      <trkpt lat="64.84965" lon="14.31267">
        <time>2026-03-05T10:25:00Z</time>
      </trkpt>
      <trkpt lat="64.85212" lon="14.32962">
        <time>2026-03-05T10:55:00Z</time>
      </trkpt>
      <trkpt lat="64.85525" lon="14.34582">
        <time>2026-03-05T11:25:00Z</time>
      </trkpt>
      <trkpt lat="64.86199" lon="14.35868">
        <time>2026-03-05T11:55:00Z</time>
      </trkpt>
      <trkpt lat="64.8697" lon="14.38644">
        <time>2026-03-05T12:25:00Z</time>
      </trkpt>
      <trkpt lat="64.87772" lon="14.40365">
        <time>2026-03-05T12:55:00Z</time>
      </trkpt>
      <trkpt lat="64.88573" lon="14.40848">
        <time>2026-03-05T13:25:00Z</time>
      </trkpt>
      <trkpt lat="64.88858" lon="14.44363">
        <time>2026-03-05T13:55:00Z</time>
      </trkpt>
      <trkpt lat="64.89049" lon="14.47957">
        <time>2026-03-05T14:25:00Z</time>
      </trkpt>
      <trkpt lat="64.89145" lon="14.50485">
        <time>2026-03-05T14:55:00Z</time>
      </trkpt>
      <trkpt lat="64.88904" lon="14.52731">
        <time>2026-03-05T15:25:00Z</time>
      </trkpt>
      <trkpt lat="64.89034" lon="14.56411">
        <time>2026-03-05T15:55:00Z</time>
      </trkpt>
      <trkpt lat="64.89286" lon="14.5857">
        <time>2026-03-05T16:17:00Z</time>
      </trkpt>
      <trkpt lat="64.89286" lon="14.58576">
        <time>2026-03-05T16:18:00Z</time>
      </trkpt>
      <trkpt lat="64.8928" lon="14.58593">
        <time>2026-03-06T09:21:00Z</time>
      </trkpt>
      <trkpt lat="64.90631" lon="14.56712">
        <time>2026-03-06T09:51:00Z</time>
      </trkpt>
      <trkpt lat="64.91541" lon="14.55122">
        <time>2026-03-06T10:21:00Z</time>
      </trkpt>
      <trkpt lat="64.92073" lon="14.55285">
        <time>2026-03-06T10:51:00Z</time>
      </trkpt>
      <trkpt lat="64.92446" lon="14.56553">
        <time>2026-03-06T11:21:00Z</time>
      </trkpt>
      <trkpt lat="64.93164" lon="14.58083">
        <time>2026-03-06T11:51:00Z</time>
      </trkpt>
      <trkpt lat="64.93925" lon="14.59583">
        <time>2026-03-06T12:21:00Z</time>
      </trkpt>
      <trkpt lat="64.94558" lon="14.62391">
        <time>2026-03-06T12:51:00Z</time>
      </trkpt>
      <trkpt lat="64.94978" lon="14.6372">
        <time>2026-03-06T13:21:00Z</time>
      </trkpt>
      <trkpt lat="64.95517" lon="14.6637">
        <time>2026-03-06T13:51:00Z</time>
      </trkpt>
      <trkpt lat="64.96661" lon="14.68492">
        <time>2026-03-06T14:21:00Z</time>
      </trkpt>
      <trkpt lat="64.97982" lon="14.71148">
        <time>2026-03-06T14:51:00Z</time>
      </trkpt>
      <trkpt lat="64.98406" lon="14.71798">
        <time>2026-03-06T15:01:00Z</time>
      </trkpt>
      <trkpt lat="64.98398" lon="14.71816">
        <time>2026-03-06T15:06:00Z</time>
      </trkpt>
      <trkpt lat="64.98409" lon="14.71798">
        <time>2026-03-07T09:55:00Z</time>
      </trkpt>
      <trkpt lat="64.9987" lon="14.72363">
        <time>2026-03-07T10:25:00Z</time>
      </trkpt>
      <trkpt lat="64.9987" lon="14.72363">
        <time>2026-03-07T10:25:00Z</time>
      </trkpt>
      <trkpt lat="65.01298" lon="14.73097">
        <time>2026-03-07T10:55:00Z</time>
      </trkpt>
      <trkpt lat="65.03431" lon="14.72728">
        <time>2026-03-07T11:25:00Z</time>
      </trkpt>
      <trkpt lat="65.03424" lon="14.7273">
        <time>2026-03-07T11:25:00Z</time>
      </trkpt>
      <trkpt lat="65.04851" lon="14.73964">
        <time>2026-03-07T11:55:00Z</time>
      </trkpt>
      <trkpt lat="65.05235" lon="14.78498">
        <time>2026-03-07T12:25:00Z</time>
      </trkpt>
      <trkpt lat="65.05966" lon="14.79472">
        <time>2026-03-07T12:55:00Z</time>
      </trkpt>
      <trkpt lat="65.05966" lon="14.79472">
        <time>2026-03-07T12:55:00Z</time>
      </trkpt>
      <trkpt lat="65.06074" lon="14.79607">
        <time>2026-03-07T13:32:00Z</time>
      </trkpt>
      <trkpt lat="65.06073" lon="14.796">
        <time>2026-03-07T13:32:00Z</time>
      </trkpt>
      <trkpt lat="65.06405" lon="14.80948">
        <time>2026-03-07T14:02:00Z</time>
      </trkpt>
      <trkpt lat="65.06347" lon="14.80939">
        <time>2026-03-07T14:07:00Z</time>
      </trkpt>
      <trkpt lat="65.06334" lon="14.80969">
        <time>2026-03-07T14:08:00Z</time>
      </trkpt>
      <trkpt lat="65.06336" lon="14.80969">
        <time>2026-03-07T15:08:00Z</time>
      </trkpt>
      <trkpt lat="65.06334" lon="14.80976">
        <time>2026-03-07T16:08:00Z</time>
      </trkpt>
      <trkpt lat="65.06337" lon="14.80978">
        <time>2026-03-07T16:39:00Z</time>
      </trkpt>
      <trkpt lat="65.0634" lon="14.80967">
        <time>2026-03-07T17:39:00Z</time>
      </trkpt>
      <trkpt lat="65.06342" lon="14.80976">
        <time>2026-03-07T19:39:00Z</time>
      </trkpt>
      <trkpt lat="65.06333" lon="14.8098">
        <time>2026-03-07T20:57:00Z</time>
      </trkpt>
      <trkpt lat="65.06341" lon="14.80965">
        <time>2026-03-07T20:57:00Z</time>
      </trkpt>
      <trkpt lat="65.06335" lon="14.80985">
        <time>2026-03-07T21:27:00Z</time>
      </trkpt>
      <trkpt lat="65.06338" lon="14.8098">
        <time>2026-03-07T23:27:00Z</time>
      </trkpt>
      <trkpt lat="65.06337" lon="14.80963">
        <time>2026-03-08T01:27:00Z</time>
      </trkpt>
      <trkpt lat="65.06333" lon="14.80985">
        <time>2026-03-08T01:38:00Z</time>
      </trkpt>
      <trkpt lat="65.06338" lon="14.80976">
        <time>2026-03-08T03:57:00Z</time>
      </trkpt>
      <trkpt lat="65.06336" lon="14.80967">
        <time>2026-03-08T08:55:00Z</time>
      </trkpt>
      <trkpt lat="65.06057" lon="14.85072">
        <time>2026-03-08T09:25:00Z</time>
      </trkpt>
      <trkpt lat="65.05671" lon="14.89332">
        <time>2026-03-08T09:55:00Z</time>
      </trkpt>
      <trkpt lat="65.05446" lon="14.94312">
        <time>2026-03-08T10:25:00Z</time>
      </trkpt>
      <trkpt lat="65.05561" lon="14.9617">
        <time>2026-03-08T10:36:00Z</time>
      </trkpt>
      <trkpt lat="65.05708" lon="14.98082">
        <time>2026-03-08T10:55:00Z</time>
      </trkpt>
      <trkpt lat="65.06005" lon="15.0288">
        <time>2026-03-08T11:25:00Z</time>
      </trkpt>
      <trkpt lat="65.06382" lon="15.05365">
        <time>2026-03-08T11:55:00Z</time>
      </trkpt>
      <trkpt lat="65.0762" lon="15.07109">
        <time>2026-03-08T12:25:00Z</time>
      </trkpt>
      <trkpt lat="65.07619" lon="15.07109">
        <time>2026-03-08T12:25:00Z</time>
      </trkpt>
      <trkpt lat="65.08962" lon="15.08888">
        <time>2026-03-08T12:55:00Z</time>
      </trkpt>
      <trkpt lat="65.10465" lon="15.0791">
        <time>2026-03-08T13:25:00Z</time>
      </trkpt>
      <trkpt lat="65.12051" lon="15.05729">
        <time>2026-03-08T13:55:00Z</time>
      </trkpt>
      <trkpt lat="65.12051" lon="15.05729">
        <time>2026-03-08T13:55:00Z</time>
      </trkpt>
      <trkpt lat="65.13525" lon="15.04446">
        <time>2026-03-08T14:25:00Z</time>
      </trkpt>
      <trkpt lat="65.15156" lon="15.04993">
        <time>2026-03-08T14:55:00Z</time>
      </trkpt>
      <trkpt lat="65.15156" lon="15.04993">
        <time>2026-03-08T14:55:00Z</time>
      </trkpt>
      <trkpt lat="65.16878" lon="15.07159">
        <time>2026-03-08T15:25:00Z</time>
      </trkpt>
      <trkpt lat="65.1788" lon="15.07139">
        <time>2026-03-08T15:54:00Z</time>
      </trkpt>
      <trkpt lat="65.17879" lon="15.07129">
        <time>2026-03-08T15:55:00Z</time>
      </trkpt>
      <trkpt lat="65.17878" lon="15.07129">
        <time>2026-03-08T15:55:00Z</time>
      </trkpt>
      <trkpt lat="65.17877" lon="15.07133">
        <time>2026-03-08T15:56:00Z</time>
      </trkpt>
      <trkpt lat="65.1788" lon="15.07126">
        <time>2026-03-08T17:56:00Z</time>
      </trkpt>
      <trkpt lat="65.17887" lon="15.07126">
        <time>2026-03-09T08:35:00Z</time>
      </trkpt>
      <trkpt lat="65.19365" lon="15.06697">
        <time>2026-03-09T09:05:00Z</time>
      </trkpt>
      <trkpt lat="65.19364" lon="15.06699">
        <time>2026-03-09T09:05:00Z</time>
      </trkpt>
      <trkpt lat="65.21215" lon="15.05137">
        <time>2026-03-09T09:35:00Z</time>
      </trkpt>
      <trkpt lat="65.22627" lon="15.04041">
        <time>2026-03-09T10:05:00Z</time>
      </trkpt>
      <trkpt lat="65.22627" lon="15.04039">
        <time>2026-03-09T10:05:00Z</time>
      </trkpt>
      <trkpt lat="65.2415" lon="15.02856">
        <time>2026-03-09T10:35:00Z</time>
      </trkpt>
      <trkpt lat="65.25358" lon="15.02099">
        <time>2026-03-09T11:05:00Z</time>
      </trkpt>
      <trkpt lat="65.26331" lon="15.02112">
        <time>2026-03-09T11:35:00Z</time>
      </trkpt>
      <trkpt lat="65.2633" lon="15.02114">
        <time>2026-03-09T11:35:00Z</time>
      </trkpt>
      <trkpt lat="65.2823" lon="15.01895">
        <time>2026-03-09T12:05:00Z</time>
      </trkpt>
      <trkpt lat="65.29729" lon="15.02419">
        <time>2026-03-09T12:35:00Z</time>
      </trkpt>
      <trkpt lat="65.31343" lon="15.04056">
        <time>2026-03-09T13:05:00Z</time>
      </trkpt>
      <trkpt lat="65.31343" lon="15.04056">
        <time>2026-03-09T13:05:00Z</time>
      </trkpt>
      <trkpt lat="65.3269" lon="15.06491">
        <time>2026-03-09T13:35:00Z</time>
      </trkpt>
      <trkpt lat="65.33641" lon="15.09749">
        <time>2026-03-09T14:05:00Z</time>
      </trkpt>
      <trkpt lat="65.34117" lon="15.10718">
        <time>2026-03-09T14:26:00Z</time>
      </trkpt>
      <trkpt lat="65.34424" lon="15.11068">
        <time>2026-03-09T14:35:00Z</time>
      </trkpt>
      <trkpt lat="65.35604" lon="15.08714">
        <time>2026-03-09T15:05:00Z</time>
      </trkpt>
      <trkpt lat="65.36964" lon="15.08892">
        <time>2026-03-09T15:35:00Z</time>
      </trkpt>
      <trkpt lat="65.37462" lon="15.07723">
        <time>2026-03-09T15:45:00Z</time>
      </trkpt>
      <trkpt lat="65.38024" lon="15.05341">
        <time>2026-03-09T16:05:00Z</time>
      </trkpt>
      <trkpt lat="65.39557" lon="15.03655">
        <time>2026-03-09T16:35:00Z</time>
      </trkpt>
      <trkpt lat="65.40007" lon="15.02146">
        <time>2026-03-09T16:49:00Z</time>
      </trkpt>
      <trkpt lat="65.40003" lon="15.02159">
        <time>2026-03-09T16:49:00Z</time>
      </trkpt>
      <trkpt lat="65.40012" lon="15.02144">
        <time>2026-03-10T08:09:00Z</time>
      </trkpt>
      <trkpt lat="65.40458" lon="15.05388">
        <time>2026-03-10T08:39:00Z</time>
      </trkpt>
      <trkpt lat="65.40751" lon="15.0851">
        <time>2026-03-10T09:09:00Z</time>
      </trkpt>
      <trkpt lat="65.41202" lon="15.12888">
        <time>2026-03-10T09:39:00Z</time>
      </trkpt>
      <trkpt lat="65.41472" lon="15.16488">
        <time>2026-03-10T10:09:00Z</time>
      </trkpt>
      <trkpt lat="65.42474" lon="15.2014">
        <time>2026-03-10T10:39:00Z</time>
      </trkpt>
      <trkpt lat="65.43342" lon="15.22687">
        <time>2026-03-10T11:09:00Z</time>
      </trkpt>
      <trkpt lat="65.44878" lon="15.24546">
        <time>2026-03-10T11:39:00Z</time>
      </trkpt>
      <trkpt lat="65.46172" lon="15.26576">
        <time>2026-03-10T12:09:00Z</time>
      </trkpt>
      <trkpt lat="65.47822" lon="15.31204">
        <time>2026-03-10T12:39:00Z</time>
      </trkpt>
      <trkpt lat="65.49273" lon="15.34871">
        <time>2026-03-10T13:09:00Z</time>
      </trkpt>
      <trkpt lat="65.50958" lon="15.33908">
        <time>2026-03-10T13:39:00Z</time>
      </trkpt>
      <trkpt lat="65.52628" lon="15.31919">
        <time>2026-03-10T14:09:00Z</time>
      </trkpt>
      <trkpt lat="65.54255" lon="15.31485">
        <time>2026-03-10T14:39:00Z</time>
      </trkpt>
      <trkpt lat="65.557" lon="15.29837">
        <time>2026-03-10T15:09:00Z</time>
      </trkpt>
      <trkpt lat="65.57505" lon="15.29889">
        <time>2026-03-10T15:39:00Z</time>
      </trkpt>
      <trkpt lat="65.58827" lon="15.28833">
        <time>2026-03-10T16:09:00Z</time>
      </trkpt>
      <trkpt lat="65.5923" lon="15.28571">
        <time>2026-03-10T16:39:00Z</time>
      </trkpt>
      <trkpt lat="65.59222" lon="15.28591">
        <time>2026-03-10T16:47:00Z</time>
      </trkpt>
      <trkpt lat="65.59232" lon="15.28573">
        <time>2026-03-10T16:48:00Z</time>
      </trkpt>
      <trkpt lat="65.5924" lon="15.28588">
        <time>2026-03-11T07:54:00Z</time>
      </trkpt>
      <trkpt lat="65.61276" lon="15.26224">
        <time>2026-03-11T08:24:00Z</time>
      </trkpt>
      <trkpt lat="65.62774" lon="15.2281">
        <time>2026-03-11T08:54:00Z</time>
      </trkpt>
      <trkpt lat="65.64182" lon="15.19454">
        <time>2026-03-11T09:24:00Z</time>
      </trkpt>
      <trkpt lat="65.65353" lon="15.16102">
        <time>2026-03-11T09:54:00Z</time>
      </trkpt>
      <trkpt lat="65.66004" lon="15.14031">
        <time>2026-03-11T10:24:00Z</time>
      </trkpt>
      <trkpt lat="65.66435" lon="15.12963">
        <time>2026-03-11T10:54:00Z</time>
      </trkpt>
      <trkpt lat="65.68036" lon="15.12259">
        <time>2026-03-11T11:24:00Z</time>
      </trkpt>
      <trkpt lat="65.69418" lon="15.1098">
        <time>2026-03-11T11:54:00Z</time>
      </trkpt>
      <trkpt lat="65.70985" lon="15.09841">
        <time>2026-03-11T12:24:00Z</time>
      </trkpt>
      <trkpt lat="65.72117" lon="15.09337">
        <time>2026-03-11T12:54:00Z</time>
      </trkpt>
      <trkpt lat="65.72475" lon="15.11096">
        <time>2026-03-11T13:24:00Z</time>
      </trkpt>
      <trkpt lat="65.73899" lon="15.12083">
        <time>2026-03-11T13:54:00Z</time>
      </trkpt>
      <trkpt lat="65.75627" lon="15.12997">
        <time>2026-03-11T14:24:00Z</time>
      </trkpt>
      <trkpt lat="65.76715" lon="15.11648">
        <time>2026-03-11T14:54:00Z</time>
      </trkpt>
      <trkpt lat="65.78156" lon="15.1013">
        <time>2026-03-11T15:24:00Z</time>
      </trkpt>
      <trkpt lat="65.79177" lon="15.08697">
        <time>2026-03-11T15:54:00Z</time>
      </trkpt>
      <trkpt lat="65.79172" lon="15.08712">
        <time>2026-03-11T16:01:00Z</time>
      </trkpt>
      <trkpt lat="65.79177" lon="15.08691">
        <time>2026-03-11T16:01:00Z</time>
      </trkpt>
      <trkpt lat="65.79177" lon="15.08706">
        <time>2026-03-12T08:49:00Z</time>
      </trkpt>
      <trkpt lat="65.80836" lon="15.07562">
        <time>2026-03-12T09:19:00Z</time>
      </trkpt>
      <trkpt lat="65.81755" lon="15.09081">
        <time>2026-03-12T09:49:00Z</time>
      </trkpt>
      <trkpt lat="65.81747" lon="15.09085">
        <time>2026-03-12T09:51:00Z</time>
      </trkpt>
      <trkpt lat="65.81765" lon="15.09111">
        <time>2026-03-12T09:51:00Z</time>
      </trkpt>
      <trkpt lat="65.81755" lon="15.09139">
        <time>2026-03-12T17:38:00Z</time>
      </trkpt>
      <trkpt lat="65.81732" lon="15.09118">
        <time>2026-03-13T08:21:00Z</time>
      </trkpt>
      <trkpt lat="65.81491" lon="15.1048">
        <time>2026-03-13T08:51:00Z</time>
      </trkpt>
      <trkpt lat="65.81865" lon="15.11705">
        <time>2026-03-13T09:21:00Z</time>
      </trkpt>
      <trkpt lat="65.82904" lon="15.09903">
        <time>2026-03-13T09:51:00Z</time>
      </trkpt>
      <trkpt lat="65.83559" lon="15.09002">
        <time>2026-03-13T10:21:00Z</time>
      </trkpt>
      <trkpt lat="65.84446" lon="15.09306">
        <time>2026-03-13T10:51:00Z</time>
      </trkpt>
      <trkpt lat="65.85811" lon="15.09401">
        <time>2026-03-13T11:21:00Z</time>
      </trkpt>
      <trkpt lat="65.86726" lon="15.1136">
        <time>2026-03-13T11:51:00Z</time>
      </trkpt>
      <trkpt lat="65.87654" lon="15.13581">
        <time>2026-03-13T12:21:00Z</time>
      </trkpt>
      <trkpt lat="65.88468" lon="15.1566">
        <time>2026-03-13T12:51:00Z</time>
      </trkpt>
      <trkpt lat="65.88495" lon="15.15862">
        <time>2026-03-13T13:14:00Z</time>
      </trkpt>
      <trkpt lat="65.88489" lon="15.1586">
        <time>2026-03-13T13:14:00Z</time>
      </trkpt>
      <trkpt lat="65.88495" lon="15.15834">
        <time>2026-03-14T08:12:00Z</time>
      </trkpt>
      <trkpt lat="65.88821" lon="15.18776">
        <time>2026-03-14T08:42:00Z</time>
      </trkpt>
      <trkpt lat="65.88155" lon="15.22391">
        <time>2026-03-14T09:12:00Z</time>
      </trkpt>
      <trkpt lat="65.87807" lon="15.25524">
        <time>2026-03-14T09:42:00Z</time>
      </trkpt>
      <trkpt lat="65.87637" lon="15.28606">
        <time>2026-03-14T10:12:00Z</time>
      </trkpt>
      <trkpt lat="65.87691" lon="15.31474">
        <time>2026-03-14T10:42:00Z</time>
      </trkpt>
      <trkpt lat="65.87593" lon="15.33981">
        <time>2026-03-14T11:12:00Z</time>
      </trkpt>
      <trkpt lat="65.88585" lon="15.3771">
        <time>2026-03-14T11:42:00Z</time>
      </trkpt>
      <trkpt lat="65.89234" lon="15.39678">
        <time>2026-03-14T12:12:00Z</time>
      </trkpt>
      <trkpt lat="65.89965" lon="15.44134">
        <time>2026-03-14T12:42:00Z</time>
      </trkpt>
      <trkpt lat="65.91541" lon="15.45102">
        <time>2026-03-14T13:12:00Z</time>
      </trkpt>
      <trkpt lat="65.9306" lon="15.46688">
        <time>2026-03-14T13:42:00Z</time>
      </trkpt>
      <trkpt lat="65.94719" lon="15.47458">
        <time>2026-03-14T14:12:00Z</time>
      </trkpt>
      <trkpt lat="65.96278" lon="15.47924">
        <time>2026-03-14T14:42:00Z</time>
      </trkpt>
      <trkpt lat="65.9808" lon="15.4846">
        <time>2026-03-14T15:12:00Z</time>
      </trkpt>
      <trkpt lat="65.98894" lon="15.49709">
        <time>2026-03-14T15:42:00Z</time>
      </trkpt>
      <trkpt lat="65.98882" lon="15.49705">
        <time>2026-03-14T15:51:00Z</time>
      </trkpt>
      <trkpt lat="65.98881" lon="15.49701">
        <time>2026-03-14T15:51:00Z</time>
      </trkpt>
      <trkpt lat="65.98871" lon="15.49718">
        <time>2026-03-15T07:46:00Z</time>
      </trkpt>
      <trkpt lat="66.00415" lon="15.491">
        <time>2026-03-15T08:16:00Z</time>
      </trkpt>
      <trkpt lat="66.00359" lon="15.51651">
        <time>2026-03-15T08:46:00Z</time>
      </trkpt>
      <trkpt lat="66.00248" lon="15.55095">
        <time>2026-03-15T09:16:00Z</time>
      </trkpt>
      <trkpt lat="65.99902" lon="15.56912">
        <time>2026-03-15T09:46:00Z</time>
      </trkpt>
      <trkpt lat="65.98857" lon="15.57554">
        <time>2026-03-15T10:16:00Z</time>
      </trkpt>
      <trkpt lat="65.98002" lon="15.58633">
        <time>2026-03-15T10:46:00Z</time>
      </trkpt>
      <trkpt lat="65.96862" lon="15.61477">
        <time>2026-03-15T11:16:00Z</time>
      </trkpt>
      <trkpt lat="65.96807" lon="15.62268">
        <time>2026-03-15T11:46:00Z</time>
      </trkpt>
      <trkpt lat="65.96995" lon="15.65871">
        <time>2026-03-15T12:16:00Z</time>
      </trkpt>
      <trkpt lat="65.96477" lon="15.70233">
        <time>2026-03-15T12:46:00Z</time>
      </trkpt>
      <trkpt lat="65.96649" lon="15.7401">
        <time>2026-03-15T13:16:00Z</time>
      </trkpt>
      <trkpt lat="65.97231" lon="15.76445">
        <time>2026-03-15T13:46:00Z</time>
      </trkpt>
      <trkpt lat="65.97231" lon="15.76456">
        <time>2026-03-15T13:51:00Z</time>
      </trkpt>
      <trkpt lat="65.9723" lon="15.76428">
        <time>2026-03-15T13:53:00Z</time>
      </trkpt>
      <trkpt lat="65.97228" lon="15.76435">
        <time>2026-03-16T07:28:00Z</time>
      </trkpt>
      <trkpt lat="65.96742" lon="15.79628">
        <time>2026-03-16T07:58:00Z</time>
      </trkpt>
      <trkpt lat="65.97532" lon="15.83947">
        <time>2026-03-16T08:28:00Z</time>
      </trkpt>
      <trkpt lat="65.96879" lon="15.8876">
        <time>2026-03-16T08:58:00Z</time>
      </trkpt>
      <trkpt lat="65.96192" lon="15.92255">
        <time>2026-03-16T09:28:00Z</time>
      </trkpt>
      <trkpt lat="65.96495" lon="15.97598">
        <time>2026-03-16T09:58:00Z</time>
      </trkpt>
      <trkpt lat="65.96288" lon="16.02662">
        <time>2026-03-16T10:28:00Z</time>
      </trkpt>
      <trkpt lat="65.96206" lon="16.06829">
        <time>2026-03-16T10:58:00Z</time>
      </trkpt>
      <trkpt lat="65.96256" lon="16.11252">
        <time>2026-03-16T11:28:00Z</time>
      </trkpt>
      <trkpt lat="65.95445" lon="16.15715">
        <time>2026-03-16T11:58:00Z</time>
      </trkpt>
      <trkpt lat="65.95664" lon="16.19196">
        <time>2026-03-16T12:28:00Z</time>
      </trkpt>
      <trkpt lat="65.95664" lon="16.19196">
        <time>2026-03-16T12:28:00Z</time>
      </trkpt>
      <trkpt lat="65.96045" lon="16.21232">
        <time>2026-03-16T12:53:00Z</time>
      </trkpt>
      <trkpt lat="65.96048" lon="16.21232">
        <time>2026-03-16T12:53:00Z</time>
      </trkpt>
      <trkpt lat="65.96046" lon="16.21232">
        <time>2026-03-16T12:53:00Z</time>
      </trkpt>
      <trkpt lat="65.96043" lon="16.21268">
        <time>2026-03-17T07:35:00Z</time>
      </trkpt>
      <trkpt lat="65.9753" lon="16.21234">
        <time>2026-03-17T08:05:00Z</time>
      </trkpt>
      <trkpt lat="65.99061" lon="16.20133">
        <time>2026-03-17T08:35:00Z</time>
      </trkpt>
      <trkpt lat="66.01016" lon="16.19665">
        <time>2026-03-17T09:05:00Z</time>
      </trkpt>
      <trkpt lat="66.02666" lon="16.19314">
        <time>2026-03-17T09:35:00Z</time>
      </trkpt>
      <trkpt lat="66.03901" lon="16.20335">
        <time>2026-03-17T10:05:00Z</time>
      </trkpt>
      <trkpt lat="66.03746" lon="16.23075">
        <time>2026-03-17T10:35:00Z</time>
      </trkpt>
      <trkpt lat="66.03923" lon="16.25088">
        <time>2026-03-17T11:05:00Z</time>
      </trkpt>
      <trkpt lat="66.04372" lon="16.26159">
        <time>2026-03-17T11:35:00Z</time>
      </trkpt>
      <trkpt lat="66.05312" lon="16.26841">
        <time>2026-03-17T12:05:00Z</time>
      </trkpt>
      <trkpt lat="66.06683" lon="16.2697">
        <time>2026-03-17T12:35:00Z</time>
      </trkpt>
      <trkpt lat="66.08068" lon="16.28223">
        <time>2026-03-17T13:05:00Z</time>
      </trkpt>
      <trkpt lat="66.09378" lon="16.30231">
        <time>2026-03-17T13:35:00Z</time>
      </trkpt>
      <trkpt lat="66.10776" lon="16.32512">
        <time>2026-03-17T14:05:00Z</time>
      </trkpt>
      <trkpt lat="66.1276" lon="16.35885">
        <time>2026-03-17T14:35:00Z</time>
      </trkpt>
      <trkpt lat="66.14192" lon="16.35769">
        <time>2026-03-17T15:05:00Z</time>
      </trkpt>
      <trkpt lat="66.16143" lon="16.35252">
        <time>2026-03-17T15:35:00Z</time>
      </trkpt>
      <trkpt lat="66.17884" lon="16.36707">
        <time>2026-03-17T16:05:00Z</time>
      </trkpt>
      <trkpt lat="66.1987" lon="16.38203">
        <time>2026-03-17T16:35:00Z</time>
      </trkpt>
      <trkpt lat="66.20997" lon="16.3772">
        <time>2026-03-17T16:54:00Z</time>
      </trkpt>
      <trkpt lat="66.20997" lon="16.37718">
        <time>2026-03-17T16:54:00Z</time>
      </trkpt>
      <trkpt lat="66.21002" lon="16.37701">
        <time>2026-03-18T07:07:00Z</time>
      </trkpt>
      <trkpt lat="66.22529" lon="16.38385">
        <time>2026-03-18T07:37:00Z</time>
      </trkpt>
      <trkpt lat="66.24446" lon="16.37975">
        <time>2026-03-18T08:07:00Z</time>
      </trkpt>
      <trkpt lat="66.25589" lon="16.38761">
        <time>2026-03-18T08:37:00Z</time>
      </trkpt>
      <trkpt lat="66.27072" lon="16.4229">
        <time>2026-03-18T09:07:00Z</time>
      </trkpt>
      <trkpt lat="66.28336" lon="16.49135">
        <time>2026-03-18T09:37:00Z</time>
      </trkpt>
      <trkpt lat="66.28154" lon="16.49936">
        <time>2026-03-18T10:07:00Z</time>
      </trkpt>
      <trkpt lat="66.28478" lon="16.5535">
        <time>2026-03-18T10:37:00Z</time>
      </trkpt>
      <trkpt lat="66.28715" lon="16.59751">
        <time>2026-03-18T11:07:00Z</time>
      </trkpt>
      <trkpt lat="66.27819" lon="16.65053">
        <time>2026-03-18T11:37:00Z</time>
      </trkpt>
      <trkpt lat="66.27822" lon="16.65443">
        <time>2026-03-18T11:44:00Z</time>
      </trkpt>
      <trkpt lat="66.27881" lon="16.65364">
        <time>2026-03-18T13:55:00Z</time>
      </trkpt>
      <trkpt lat="66.27985" lon="16.65387">
        <time>2026-03-20T07:31:00Z</time>
      </trkpt>
      <trkpt lat="66.28766" lon="16.66907">
        <time>2026-03-20T08:01:00Z</time>
      </trkpt>
      <trkpt lat="66.30285" lon="16.67894">
        <time>2026-03-20T08:31:00Z</time>
      </trkpt>
      <trkpt lat="66.31579" lon="16.70082">
        <time>2026-03-20T09:01:00Z</time>
      </trkpt>
      <trkpt lat="66.32604" lon="16.75056">
        <time>2026-03-20T09:31:00Z</time>
      </trkpt>
      <trkpt lat="66.33326" lon="16.77751">
        <time>2026-03-20T10:01:00Z</time>
      </trkpt>
      <trkpt lat="66.34368" lon="16.80627">
        <time>2026-03-20T10:31:00Z</time>
      </trkpt>
      <trkpt lat="66.35082" lon="16.83457">
        <time>2026-03-20T11:01:00Z</time>
      </trkpt>
      <trkpt lat="66.35248" lon="16.84671">
        <time>2026-03-20T11:31:00Z</time>
      </trkpt>
      <trkpt lat="66.36" lon="16.90002">
        <time>2026-03-20T12:01:00Z</time>
      </trkpt>
      <trkpt lat="66.38028" lon="16.93686">
        <time>2026-03-20T12:31:00Z</time>
      </trkpt>
      <trkpt lat="66.38963" lon="16.96611">
        <time>2026-03-20T13:01:00Z</time>
      </trkpt>
      <trkpt lat="66.38985" lon="16.96555">
        <time>2026-03-20T14:12:00Z</time>
      </trkpt>
      <trkpt lat="66.38776" lon="16.99668">
        <time>2026-03-20T14:42:00Z</time>
      </trkpt>
      <trkpt lat="66.39387" lon="17.04337">
        <time>2026-03-20T15:12:00Z</time>
      </trkpt>
      <trkpt lat="66.39974" lon="17.09204">
        <time>2026-03-20T15:42:00Z</time>
      </trkpt>
      <trkpt lat="66.40354" lon="17.12845">
        <time>2026-03-20T16:12:00Z</time>
      </trkpt>
      <trkpt lat="66.40612" lon="17.15066">
        <time>2026-03-20T16:42:00Z</time>
      </trkpt>
      <trkpt lat="66.40611" lon="17.15051">
        <time>2026-03-20T16:55:00Z</time>
      </trkpt>
      <trkpt lat="66.40604" lon="17.15068">
        <time>2026-03-20T16:55:00Z</time>
      </trkpt>
      <trkpt lat="66.40607" lon="17.15056">
        <time>2026-03-21T08:14:00Z</time>
      </trkpt>
      <trkpt lat="66.40689" lon="17.18946">
        <time>2026-03-21T08:44:00Z</time>
      </trkpt>
      <trkpt lat="66.42055" lon="17.18729">
        <time>2026-03-21T09:14:00Z</time>
      </trkpt>
      <trkpt lat="66.42996" lon="17.19592">
        <time>2026-03-21T09:44:00Z</time>
      </trkpt>
      <trkpt lat="66.43764" lon="17.23407">
        <time>2026-03-21T10:14:00Z</time>
      </trkpt>
      <trkpt lat="66.45619" lon="17.23827">
        <time>2026-03-21T10:44:00Z</time>
      </trkpt>
      <trkpt lat="66.4714" lon="17.24025">
        <time>2026-03-21T11:14:00Z</time>
      </trkpt>
      <trkpt lat="66.48993" lon="17.23246">
        <time>2026-03-21T11:44:00Z</time>
      </trkpt>
      <trkpt lat="66.49746" lon="17.23237">
        <time>2026-03-21T12:14:00Z</time>
      </trkpt>
      <trkpt lat="66.49745" lon="17.23237">
        <time>2026-03-21T12:14:00Z</time>
      </trkpt>
      <trkpt lat="66.51074" lon="17.24235">
        <time>2026-03-21T12:44:00Z</time>
      </trkpt>
      <trkpt lat="66.51074" lon="17.24235">
        <time>2026-03-21T12:44:00Z</time>
      </trkpt>
      <trkpt lat="66.52513" lon="17.24297">
        <time>2026-03-21T13:14:00Z</time>
      </trkpt>
      <trkpt lat="66.54173" lon="17.23106">
        <time>2026-03-21T13:44:00Z</time>
      </trkpt>
      <trkpt lat="66.55687" lon="17.22815">
        <time>2026-03-21T14:14:00Z</time>
      </trkpt>
      <trkpt lat="66.56576" lon="17.24465">
        <time>2026-03-21T14:44:00Z</time>
      </trkpt>
      <trkpt lat="66.56284" lon="17.28707">
        <time>2026-03-21T15:14:00Z</time>
      </trkpt>
      <trkpt lat="66.56059" lon="17.30003">
        <time>2026-03-21T15:44:00Z</time>
      </trkpt>
      <trkpt lat="66.56073" lon="17.30016">
        <time>2026-03-21T15:59:00Z</time>
      </trkpt>
      <trkpt lat="66.56059" lon="17.30001">
        <time>2026-03-21T16:00:00Z</time>
      </trkpt>
      <trkpt lat="66.56057" lon="17.30003">
        <time>2026-03-22T08:09:00Z</time>
      </trkpt>
      <trkpt lat="66.5532" lon="17.34232">
        <time>2026-03-22T08:39:00Z</time>
      </trkpt>
      <trkpt lat="66.55406" lon="17.38058">
        <time>2026-03-22T09:09:00Z</time>
      </trkpt>
      <trkpt lat="66.56183" lon="17.39073">
        <time>2026-03-22T09:39:00Z</time>
      </trkpt>
      <trkpt lat="66.5873" lon="17.38899">
        <time>2026-03-22T10:09:00Z</time>
      </trkpt>
      <trkpt lat="66.5989" lon="17.39599">
        <time>2026-03-22T10:39:00Z</time>
      </trkpt>
      <trkpt lat="66.61831" lon="17.3729">
        <time>2026-03-22T11:09:00Z</time>
      </trkpt>
      <trkpt lat="66.63238" lon="17.39019">
        <time>2026-03-22T11:39:00Z</time>
      </trkpt>
      <trkpt lat="66.6458" lon="17.39912">
        <time>2026-03-22T12:09:00Z</time>
      </trkpt>
      <trkpt lat="66.65713" lon="17.41279">
        <time>2026-03-22T12:39:00Z</time>
      </trkpt>
      <trkpt lat="66.67066" lon="17.43938">
        <time>2026-03-22T13:09:00Z</time>
      </trkpt>
      <trkpt lat="66.68851" lon="17.41933">
        <time>2026-03-22T13:39:00Z</time>
      </trkpt>
      <trkpt lat="66.70175" lon="17.39893">
        <time>2026-03-22T14:09:00Z</time>
      </trkpt>
      <trkpt lat="66.71314" lon="17.39026">
        <time>2026-03-22T14:39:00Z</time>
      </trkpt>
      <trkpt lat="66.72527" lon="17.39607">
        <time>2026-03-22T15:09:00Z</time>
      </trkpt>
      <trkpt lat="66.73518" lon="17.39873">
        <time>2026-03-22T15:39:00Z</time>
      </trkpt>
      <trkpt lat="66.73516" lon="17.39884">
        <time>2026-03-22T15:44:00Z</time>
      </trkpt>
      <trkpt lat="66.73516" lon="17.3988">
        <time>2026-03-22T15:44:00Z</time>
      </trkpt>
      <trkpt lat="66.73514" lon="17.39852">
        <time>2026-03-23T06:07:00Z</time>
      </trkpt>
      <trkpt lat="66.73514" lon="17.39867">
        <time>2026-03-23T07:28:00Z</time>
      </trkpt>
      <trkpt lat="66.74498" lon="17.41695">
        <time>2026-03-23T07:58:00Z</time>
      </trkpt>
      <trkpt lat="66.75113" lon="17.44755">
        <time>2026-03-23T08:28:00Z</time>
      </trkpt>
      <trkpt lat="66.76206" lon="17.48339">
        <time>2026-03-23T08:58:00Z</time>
      </trkpt>
      <trkpt lat="66.76832" lon="17.49693">
        <time>2026-03-23T09:28:00Z</time>
      </trkpt>
      <trkpt lat="66.77624" lon="17.53388">
        <time>2026-03-23T09:58:00Z</time>
      </trkpt>
      <trkpt lat="66.78789" lon="17.54902">
        <time>2026-03-23T10:28:00Z</time>
      </trkpt>
      <trkpt lat="66.79312" lon="17.53892">
        <time>2026-03-23T10:58:00Z</time>
      </trkpt>
      <trkpt lat="66.79941" lon="17.53857">
        <time>2026-03-23T11:28:00Z</time>
      </trkpt>
      <trkpt lat="66.80458" lon="17.54057">
        <time>2026-03-23T11:58:00Z</time>
      </trkpt>
      <trkpt lat="66.8122" lon="17.55096">
        <time>2026-03-23T12:28:00Z</time>
      </trkpt>
      <trkpt lat="66.83045" lon="17.57763">
        <time>2026-03-23T12:58:00Z</time>
      </trkpt>
      <trkpt lat="66.84493" lon="17.58919">
        <time>2026-03-23T13:28:00Z</time>
      </trkpt>
      <trkpt lat="66.84549" lon="17.58904">
        <time>2026-03-23T13:58:00Z</time>
      </trkpt>
      <trkpt lat="66.85256" lon="17.59074">
        <time>2026-03-23T14:28:00Z</time>
      </trkpt>
      <trkpt lat="66.8686" lon="17.60576">
        <time>2026-03-23T14:58:00Z</time>
      </trkpt>
      <trkpt lat="66.87784" lon="17.6385">
        <time>2026-03-23T15:28:00Z</time>
      </trkpt>
      <trkpt lat="66.8856" lon="17.65548">
        <time>2026-03-23T15:58:00Z</time>
      </trkpt>
      <trkpt lat="66.89986" lon="17.67041">
        <time>2026-03-23T16:28:00Z</time>
      </trkpt>
      <trkpt lat="66.91112" lon="17.66846">
        <time>2026-03-23T16:58:00Z</time>
      </trkpt>
      <trkpt lat="66.91111" lon="17.66839">
        <time>2026-03-23T17:04:00Z</time>
      </trkpt>
      <trkpt lat="66.91111" lon="17.66841">
        <time>2026-03-23T17:04:00Z</time>
      </trkpt>
      <trkpt lat="66.91092" lon="17.66841">
        <time>2026-03-24T09:01:00Z</time>
      </trkpt>
      <trkpt lat="66.92482" lon="17.67264">
        <time>2026-03-24T09:31:00Z</time>
      </trkpt>
      <trkpt lat="66.9257" lon="17.71938">
        <time>2026-03-24T10:01:00Z</time>
      </trkpt>
      <trkpt lat="66.94572" lon="17.72401">
        <time>2026-03-24T10:31:00Z</time>
      </trkpt>
      <trkpt lat="66.95022" lon="17.7176">
        <time>2026-03-24T11:01:00Z</time>
      </trkpt>
      <trkpt lat="66.95184" lon="17.71725">
        <time>2026-03-24T11:31:00Z</time>
      </trkpt>
      <trkpt lat="66.95427" lon="17.71981">
        <time>2026-03-24T11:53:00Z</time>
      </trkpt>
      <trkpt lat="66.9539" lon="17.71963">
        <time>2026-03-24T11:53:00Z</time>
      </trkpt>
      <trkpt lat="66.95382" lon="17.71828">
        <time>2026-03-24T17:33:00Z</time>
      </trkpt>
      <trkpt lat="66.95401" lon="17.71996">
        <time>2026-03-24T17:34:00Z</time>
      </trkpt>
      <trkpt lat="66.95405" lon="17.72006">
        <time>2026-03-25T08:10:00Z</time>
      </trkpt>
      <trkpt lat="66.96355" lon="17.73161">
        <time>2026-03-25T08:40:00Z</time>
      </trkpt>
      <trkpt lat="66.97235" lon="17.75124">
        <time>2026-03-25T09:10:00Z</time>
      </trkpt>
      <trkpt lat="66.98468" lon="17.77686">
        <time>2026-03-25T09:40:00Z</time>
      </trkpt>
      <trkpt lat="66.99992" lon="17.79246">
        <time>2026-03-25T10:10:00Z</time>
      </trkpt>
      <trkpt lat="67.01032" lon="17.7916">
        <time>2026-03-25T10:40:00Z</time>
      </trkpt>
      <trkpt lat="67.02118" lon="17.79675">
        <time>2026-03-25T11:10:00Z</time>
      </trkpt>
      <trkpt lat="67.02482" lon="17.83267">
        <time>2026-03-25T11:40:00Z</time>
      </trkpt>
      <trkpt lat="67.03033" lon="17.87168">
        <time>2026-03-25T12:10:00Z</time>
      </trkpt>
      <trkpt lat="67.03007" lon="17.91243">
        <time>2026-03-25T12:40:00Z</time>
      </trkpt>
      <trkpt lat="67.03454" lon="17.93179">
        <time>2026-03-25T13:10:00Z</time>
      </trkpt>
      <trkpt lat="67.04228" lon="17.94312">
        <time>2026-03-25T13:40:00Z</time>
      </trkpt>
      <trkpt lat="67.04233" lon="17.94288">
        <time>2026-03-25T13:43:00Z</time>
      </trkpt>
      <trkpt lat="67.04214" lon="17.94305">
        <time>2026-03-25T13:43:00Z</time>
      </trkpt>
      <trkpt lat="67.0423" lon="17.94314">
        <time>2026-03-26T07:03:00Z</time>
      </trkpt>
      <trkpt lat="67.04237" lon="17.94301">
        <time>2026-03-26T07:03:00Z</time>
      </trkpt>
      <trkpt lat="67.0437" lon="17.96427">
        <time>2026-03-26T07:33:00Z</time>
      </trkpt>
      <trkpt lat="67.04309" lon="17.99773">
        <time>2026-03-26T08:03:00Z</time>
      </trkpt>
      <trkpt lat="67.04686" lon="18.0344">
        <time>2026-03-26T08:33:00Z</time>
      </trkpt>
      <trkpt lat="67.04953" lon="18.0712">
        <time>2026-03-26T09:03:00Z</time>
      </trkpt>
      <trkpt lat="67.05252" lon="18.11576">
        <time>2026-03-26T09:33:00Z</time>
      </trkpt>
      <trkpt lat="67.05697" lon="18.1492">
        <time>2026-03-26T10:03:00Z</time>
      </trkpt>
      <trkpt lat="67.05814" lon="18.19074">
        <time>2026-03-26T10:33:00Z</time>
      </trkpt>
      <trkpt lat="67.06244" lon="18.21953">
        <time>2026-03-26T11:03:00Z</time>
      </trkpt>
      <trkpt lat="67.06932" lon="18.26264">
        <time>2026-03-26T11:33:00Z</time>
      </trkpt>
      <trkpt lat="67.08265" lon="18.2821">
        <time>2026-03-26T12:03:00Z</time>
      </trkpt>
      <trkpt lat="67.09026" lon="18.27573">
        <time>2026-03-26T12:33:00Z</time>
      </trkpt>
      <trkpt lat="67.10823" lon="18.2764">
        <time>2026-03-26T13:03:00Z</time>
      </trkpt>
      <trkpt lat="67.12156" lon="18.2935">
        <time>2026-03-26T13:33:00Z</time>
      </trkpt>
      <trkpt lat="67.13543" lon="18.31079">
        <time>2026-03-26T14:03:00Z</time>
      </trkpt>
      <trkpt lat="67.14738" lon="18.30476">
        <time>2026-03-26T14:33:00Z</time>
      </trkpt>
      <trkpt lat="67.14874" lon="18.30642">
        <time>2026-03-26T14:52:00Z</time>
      </trkpt>
      <trkpt lat="67.14871" lon="18.30642">
        <time>2026-03-26T14:52:00Z</time>
      </trkpt>
      <trkpt lat="67.14867" lon="18.30616">
        <time>2026-03-27T07:33:00Z</time>
      </trkpt>
      <trkpt lat="67.14784" lon="18.31957">
        <time>2026-03-27T08:03:00Z</time>
      </trkpt>
      <trkpt lat="67.1491" lon="18.32938">
        <time>2026-03-27T08:33:00Z</time>
      </trkpt>
      <trkpt lat="67.15398" lon="18.33405">
        <time>2026-03-27T09:03:00Z</time>
      </trkpt>
      <trkpt lat="67.16021" lon="18.34148">
        <time>2026-03-27T09:33:00Z</time>
      </trkpt>
      <trkpt lat="67.16742" lon="18.37502">
        <time>2026-03-27T10:03:00Z</time>
      </trkpt>
      <trkpt lat="67.17559" lon="18.42179">
        <time>2026-03-27T10:33:00Z</time>
      </trkpt>
      <trkpt lat="67.19374" lon="18.43613">
        <time>2026-03-27T11:03:00Z</time>
      </trkpt>
      <trkpt lat="67.2111" lon="18.42782">
        <time>2026-03-27T11:33:00Z</time>
      </trkpt>
      <trkpt lat="67.22696" lon="18.43287">
        <time>2026-03-27T12:03:00Z</time>
      </trkpt>
      <trkpt lat="67.23205" lon="18.44057">
        <time>2026-03-27T12:33:00Z</time>
      </trkpt>
      <trkpt lat="67.23229" lon="18.44096">
        <time>2026-03-27T13:04:00Z</time>
      </trkpt>
      <trkpt lat="67.23762" lon="18.449">
        <time>2026-03-27T13:34:00Z</time>
      </trkpt>
      <trkpt lat="67.24894" lon="18.46595">
        <time>2026-03-27T14:04:00Z</time>
      </trkpt>
      <trkpt lat="67.26171" lon="18.47072">
        <time>2026-03-27T14:34:00Z</time>
      </trkpt>
      <trkpt lat="67.27306" lon="18.46469">
        <time>2026-03-27T15:04:00Z</time>
      </trkpt>
      <trkpt lat="67.28488" lon="18.46668">
        <time>2026-03-27T15:34:00Z</time>
      </trkpt>
      <trkpt lat="67.29803" lon="18.4861">
        <time>2026-03-27T16:04:00Z</time>
      </trkpt>
      <trkpt lat="67.31831" lon="18.49602">
        <time>2026-03-27T16:34:00Z</time>
      </trkpt>
      <trkpt lat="67.32347" lon="18.49958">
        <time>2026-03-27T16:52:00Z</time>
      </trkpt>
      <trkpt lat="67.32353" lon="18.49964">
        <time>2026-03-27T16:52:00Z</time>
      </trkpt>
      <trkpt lat="67.32352" lon="18.49988">
        <time>2026-03-28T07:32:00Z</time>
      </trkpt>
      <trkpt lat="67.33789" lon="18.50271">
        <time>2026-03-28T08:02:00Z</time>
      </trkpt>
      <trkpt lat="67.35509" lon="18.4996">
        <time>2026-03-28T08:32:00Z</time>
      </trkpt>
      <trkpt lat="67.37198" lon="18.5235">
        <time>2026-03-28T09:02:00Z</time>
      </trkpt>
      <trkpt lat="67.3924" lon="18.52005">
        <time>2026-03-28T09:32:00Z</time>
      </trkpt>
      <trkpt lat="67.39405" lon="18.52058">
        <time>2026-03-28T10:12:00Z</time>
      </trkpt>
      <trkpt lat="67.39427" lon="18.51983">
        <time>2026-03-29T08:38:00Z</time>
      </trkpt>
      <trkpt lat="67.4072" lon="18.49505">
        <time>2026-03-29T09:08:00Z</time>
      </trkpt>
      <trkpt lat="67.41709" lon="18.45533">
        <time>2026-03-29T09:38:00Z</time>
      </trkpt>
      <trkpt lat="67.43456" lon="18.42394">
        <time>2026-03-29T10:08:00Z</time>
      </trkpt>
      <trkpt lat="67.44586" lon="18.39574">
        <time>2026-03-29T10:38:00Z</time>
      </trkpt>
      <trkpt lat="67.46575" lon="18.36641">
        <time>2026-03-29T11:08:00Z</time>
      </trkpt>
      <trkpt lat="67.48401" lon="18.35772">
        <time>2026-03-29T11:38:00Z</time>
      </trkpt>
      <trkpt lat="67.48411" lon="18.35772">
        <time>2026-03-29T12:08:00Z</time>
      </trkpt>
      <trkpt lat="67.48595" lon="18.36188">
        <time>2026-03-29T12:38:00Z</time>
      </trkpt>
      <trkpt lat="67.50149" lon="18.39609">
        <time>2026-03-29T13:08:00Z</time>
      </trkpt>
      <trkpt lat="67.50654" lon="18.44411">
        <time>2026-03-29T13:38:00Z</time>
      </trkpt>
      <trkpt lat="67.51798" lon="18.47033">
        <time>2026-03-29T14:08:00Z</time>
      </trkpt>
      <trkpt lat="67.52734" lon="18.48378">
        <time>2026-03-29T14:38:00Z</time>
      </trkpt>
      <trkpt lat="67.54016" lon="18.4819">
        <time>2026-03-29T15:08:00Z</time>
      </trkpt>
      <trkpt lat="67.55712" lon="18.44445">
        <time>2026-03-29T15:38:00Z</time>
      </trkpt>
      <trkpt lat="67.57208" lon="18.40761">
        <time>2026-03-29T16:08:00Z</time>
      </trkpt>
      <trkpt lat="67.58743" lon="18.37686">
        <time>2026-03-29T16:38:00Z</time>
      </trkpt>
      <trkpt lat="67.60397" lon="18.37866">
        <time>2026-03-29T17:08:00Z</time>
      </trkpt>
      <trkpt lat="67.6041" lon="18.37853">
        <time>2026-03-29T17:10:00Z</time>
      </trkpt>
      <trkpt lat="67.60418" lon="18.37879">
        <time>2026-03-29T17:11:00Z</time>
      </trkpt>
      <trkpt lat="67.60414" lon="18.37823">
        <time>2026-03-30T07:42:00Z</time>
      </trkpt>
      <trkpt lat="67.60408" lon="18.37836">
        <time>2026-03-30T07:42:00Z</time>
      </trkpt>
      <trkpt lat="67.60414" lon="18.37819">
        <time>2026-03-31T06:36:00Z</time>
      </trkpt>
      <trkpt lat="67.60402" lon="18.37864">
        <time>2026-03-31T11:55:00Z</time>
      </trkpt>
      <trkpt lat="67.61842" lon="18.36386">
        <time>2026-03-31T12:25:00Z</time>
      </trkpt>
      <trkpt lat="67.6275" lon="18.34742">
        <time>2026-03-31T12:55:00Z</time>
      </trkpt>
      <trkpt lat="67.6343" lon="18.32504">
        <time>2026-03-31T13:25:00Z</time>
      </trkpt>
      <trkpt lat="67.64375" lon="18.30826">
        <time>2026-03-31T13:55:00Z</time>
      </trkpt>
      <trkpt lat="67.65334" lon="18.27906">
        <time>2026-03-31T14:25:00Z</time>
      </trkpt>
      <trkpt lat="67.66222" lon="18.24294">
        <time>2026-03-31T14:55:00Z</time>
      </trkpt>
      <trkpt lat="67.67136" lon="18.21093">
        <time>2026-03-31T15:25:00Z</time>
      </trkpt>
      <trkpt lat="67.68059" lon="18.18687">
        <time>2026-03-31T15:55:00Z</time>
      </trkpt>
      <trkpt lat="67.68986" lon="18.16441">
        <time>2026-03-31T16:25:00Z</time>
      </trkpt>
      <trkpt lat="67.69477" lon="18.15643">
        <time>2026-03-31T16:41:00Z</time>
      </trkpt>
      <trkpt lat="67.69479" lon="18.15638">
        <time>2026-03-31T16:43:00Z</time>
      </trkpt>
      <trkpt lat="67.69413" lon="18.15696">
        <time>2026-04-03T07:40:00Z</time>
      </trkpt>
      <trkpt lat="67.69563" lon="18.16074">
        <time>2026-04-03T08:10:00Z</time>
      </trkpt>
      <trkpt lat="67.69629" lon="18.16516">
        <time>2026-04-03T08:40:00Z</time>
      </trkpt>
      <trkpt lat="67.7008" lon="18.17052">
        <time>2026-04-03T09:10:00Z</time>
      </trkpt>
      <trkpt lat="67.70889" lon="18.19496">
        <time>2026-04-03T09:40:00Z</time>
      </trkpt>
      <trkpt lat="67.71943" lon="18.21773">
        <time>2026-04-03T10:10:00Z</time>
      </trkpt>
      <trkpt lat="67.73621" lon="18.26554">
        <time>2026-04-03T10:40:00Z</time>
      </trkpt>
      <trkpt lat="67.74577" lon="18.29494">
        <time>2026-04-03T11:10:00Z</time>
      </trkpt>
      <trkpt lat="67.74644" lon="18.29442">
        <time>2026-04-03T11:43:00Z</time>
      </trkpt>
      <trkpt lat="67.74619" lon="18.2962">
        <time>2026-04-03T12:01:00Z</time>
      </trkpt>
      <trkpt lat="67.74637" lon="18.29612">
        <time>2026-04-03T12:01:00Z</time>
      </trkpt>
      <trkpt lat="67.74632" lon="18.29603">
        <time>2026-04-04T07:16:00Z</time>
      </trkpt>
      <trkpt lat="67.75521" lon="18.292">
        <time>2026-04-04T07:46:00Z</time>
      </trkpt>
      <trkpt lat="67.76815" lon="18.28358">
        <time>2026-04-04T08:16:00Z</time>
      </trkpt>
      <trkpt lat="67.78585" lon="18.29352">
        <time>2026-04-04T08:46:00Z</time>
      </trkpt>
      <trkpt lat="67.80076" lon="18.29326">
        <time>2026-04-04T09:16:00Z</time>
      </trkpt>
      <trkpt lat="67.81983" lon="18.29991">
        <time>2026-04-04T09:46:00Z</time>
      </trkpt>
      <trkpt lat="67.83604" lon="18.30927">
        <time>2026-04-04T10:16:00Z</time>
      </trkpt>
      <trkpt lat="67.84943" lon="18.31678">
        <time>2026-04-04T10:46:00Z</time>
      </trkpt>
      <trkpt lat="67.8504" lon="18.31519">
        <time>2026-04-04T11:16:00Z</time>
      </trkpt>
      <trkpt lat="67.85047" lon="18.31547">
        <time>2026-04-04T11:46:00Z</time>
      </trkpt>
      <trkpt lat="67.86351" lon="18.308">
        <time>2026-04-04T12:16:00Z</time>
      </trkpt>
      <trkpt lat="67.87847" lon="18.31841">
        <time>2026-04-04T12:46:00Z</time>
      </trkpt>
      <trkpt lat="67.89359" lon="18.32189">
        <time>2026-04-04T13:16:00Z</time>
      </trkpt>
      <trkpt lat="67.90613" lon="18.31345">
        <time>2026-04-04T13:46:00Z</time>
      </trkpt>
      <trkpt lat="67.92338" lon="18.30144">
        <time>2026-04-04T14:16:00Z</time>
      </trkpt>
      <trkpt lat="67.94084" lon="18.28783">
        <time>2026-04-04T14:46:00Z</time>
      </trkpt>
      <trkpt lat="67.94622" lon="18.28245">
        <time>2026-04-04T15:10:00Z</time>
      </trkpt>
      <trkpt lat="67.94622" lon="18.2826">
        <time>2026-04-04T15:21:00Z</time>
      </trkpt>
      <trkpt lat="67.94566" lon="18.2829">
        <time>2026-04-05T07:13:00Z</time>
      </trkpt>
      <trkpt lat="67.96158" lon="18.27457">
        <time>2026-04-05T07:43:00Z</time>
      </trkpt>
      <trkpt lat="67.97697" lon="18.26414">
        <time>2026-04-05T08:13:00Z</time>
      </trkpt>
      <trkpt lat="67.99141" lon="18.25814">
        <time>2026-04-05T08:43:00Z</time>
      </trkpt>
      <trkpt lat="68.00455" lon="18.24503">
        <time>2026-04-05T09:13:00Z</time>
      </trkpt>
      <trkpt lat="68.01249" lon="18.2405">
        <time>2026-04-05T09:43:00Z</time>
      </trkpt>
      <trkpt lat="68.01648" lon="18.24301">
        <time>2026-04-05T10:13:00Z</time>
      </trkpt>
      <trkpt lat="68.01973" lon="18.24741">
        <time>2026-04-05T10:43:00Z</time>
      </trkpt>
      <trkpt lat="68.03764" lon="18.24657">
        <time>2026-04-05T11:13:00Z</time>
      </trkpt>
      <trkpt lat="68.062" lon="18.2549">
        <time>2026-04-05T11:43:00Z</time>
      </trkpt>
      <trkpt lat="68.07789" lon="18.27756">
        <time>2026-04-05T12:13:00Z</time>
      </trkpt>
      <trkpt lat="68.0906" lon="18.30103">
        <time>2026-04-05T12:43:00Z</time>
      </trkpt>
      <trkpt lat="68.10593" lon="18.32888">
        <time>2026-04-05T13:13:00Z</time>
      </trkpt>
      <trkpt lat="68.11483" lon="18.36545">
        <time>2026-04-05T13:43:00Z</time>
      </trkpt>
      <trkpt lat="68.12861" lon="18.4069">
        <time>2026-04-05T14:13:00Z</time>
      </trkpt>
      <trkpt lat="68.13639" lon="18.41461">
        <time>2026-04-05T14:44:00Z</time>
      </trkpt>
      <trkpt lat="68.13696" lon="18.41525">
        <time>2026-04-05T15:09:00Z</time>
      </trkpt>
      <trkpt lat="68.13681" lon="18.4154">
        <time>2026-04-06T07:37:00Z</time>
      </trkpt>
      <trkpt lat="68.14865" lon="18.43222">
        <time>2026-04-06T08:07:00Z</time>
      </trkpt>
      <trkpt lat="68.16499" lon="18.45394">
        <time>2026-04-06T08:37:00Z</time>
      </trkpt>
      <trkpt lat="68.17938" lon="18.47924">
        <time>2026-04-06T09:07:00Z</time>
      </trkpt>
      <trkpt lat="68.18999" lon="18.50917">
        <time>2026-04-06T09:37:00Z</time>
      </trkpt>
      <trkpt lat="68.20166" lon="18.5538">
        <time>2026-04-06T10:07:00Z</time>
      </trkpt>
      <trkpt lat="68.2118" lon="18.59798">
        <time>2026-04-06T10:37:00Z</time>
      </trkpt>
      <trkpt lat="68.22561" lon="18.59996">
        <time>2026-04-06T11:07:00Z</time>
      </trkpt>
      <trkpt lat="68.23891" lon="18.60489">
        <time>2026-04-06T11:37:00Z</time>
      </trkpt>
      <trkpt lat="68.25987" lon="18.58479">
        <time>2026-04-06T12:07:00Z</time>
      </trkpt>
      <trkpt lat="68.27086" lon="18.5703">
        <time>2026-04-06T12:37:00Z</time>
      </trkpt>
      <trkpt lat="68.28601" lon="18.59094">
        <time>2026-04-06T13:07:00Z</time>
      </trkpt>
      <trkpt lat="68.28589" lon="18.59109">
        <time>2026-04-06T13:12:00Z</time>
      </trkpt>
      <trkpt lat="68.28592" lon="18.5912">
        <time>2026-04-06T13:12:00Z</time>
      </trkpt>
      <trkpt lat="68.28592" lon="18.59116">
        <time>2026-04-07T07:09:00Z</time>
      </trkpt>
      <trkpt lat="68.29599" lon="18.63092">
        <time>2026-04-07T07:39:00Z</time>
      </trkpt>
      <trkpt lat="68.30835" lon="18.67077">
        <time>2026-04-07T08:09:00Z</time>
      </trkpt>
      <trkpt lat="68.31453" lon="18.71823">
        <time>2026-04-07T08:39:00Z</time>
      </trkpt>
      <trkpt lat="68.32244" lon="18.75055">
        <time>2026-04-07T09:09:00Z</time>
      </trkpt>
      <trkpt lat="68.32489" lon="18.77582">
        <time>2026-04-07T09:39:00Z</time>
      </trkpt>
      <trkpt lat="68.34061" lon="18.78763">
        <time>2026-04-07T10:09:00Z</time>
      </trkpt>
      <trkpt lat="68.35647" lon="18.78351">
        <time>2026-04-07T10:39:00Z</time>
      </trkpt>
      <trkpt lat="68.35835" lon="18.78346">
        <time>2026-04-07T10:47:00Z</time>
      </trkpt>
      <trkpt lat="68.35825" lon="18.78333">
        <time>2026-04-07T10:47:00Z</time>
      </trkpt>
      <trkpt lat="68.35887" lon="18.78408">
        <time>2026-04-09T07:50:00Z</time>
      </trkpt>
      <trkpt lat="68.3621" lon="18.82533">
        <time>2026-04-09T08:20:00Z</time>
      </trkpt>
      <trkpt lat="68.36605" lon="18.88648">
        <time>2026-04-09T08:50:00Z</time>
      </trkpt>
      <trkpt lat="68.36791" lon="18.94296">
        <time>2026-04-09T09:20:00Z</time>
      </trkpt>
      <trkpt lat="68.36856" lon="18.99044">
        <time>2026-04-09T09:50:00Z</time>
      </trkpt>
      <trkpt lat="68.36937" lon="19.04164">
        <time>2026-04-09T10:20:00Z</time>
      </trkpt>
      <trkpt lat="68.36819" lon="19.09305">
        <time>2026-04-09T10:50:00Z</time>
      </trkpt>
      <trkpt lat="68.36098" lon="19.14524">
        <time>2026-04-09T11:20:00Z</time>
      </trkpt>
      <trkpt lat="68.35424" lon="19.19335">
        <time>2026-04-09T11:50:00Z</time>
      </trkpt>
      <trkpt lat="68.34651" lon="19.24886">
        <time>2026-04-09T12:20:00Z</time>
      </trkpt>
      <trkpt lat="68.33997" lon="19.30229">
        <time>2026-04-09T12:50:00Z</time>
      </trkpt>
      <trkpt lat="68.3336" lon="19.34784">
        <time>2026-04-09T13:20:00Z</time>
      </trkpt>
      <trkpt lat="68.32685" lon="19.39329">
        <time>2026-04-09T13:50:00Z</time>
      </trkpt>
      <trkpt lat="68.32022" lon="19.4356">
        <time>2026-04-09T14:20:00Z</time>
      </trkpt>
      <trkpt lat="68.31294" lon="19.47906">
        <time>2026-04-09T14:50:00Z</time>
      </trkpt>
      <trkpt lat="68.30529" lon="19.52753">
        <time>2026-04-09T15:20:00Z</time>
      </trkpt>
      <trkpt lat="68.30354" lon="19.54671">
        <time>2026-04-09T15:40:00Z</time>
      </trkpt>
      <trkpt lat="68.3036" lon="19.54654">
        <time>2026-04-09T15:41:00Z</time>
      </trkpt>
      <trkpt lat="68.30362" lon="19.54656">
        <time>2026-04-10T08:08:00Z</time>
      </trkpt>
      <trkpt lat="68.30129" lon="19.61158">
        <time>2026-04-10T08:38:00Z</time>
      </trkpt>
      <trkpt lat="68.30243" lon="19.66516">
        <time>2026-04-10T09:08:00Z</time>
      </trkpt>
      <trkpt lat="68.30398" lon="19.72582">
        <time>2026-04-10T09:38:00Z</time>
      </trkpt>
      <trkpt lat="68.30744" lon="19.77511">
        <time>2026-04-10T10:08:00Z</time>
      </trkpt>
      <trkpt lat="68.30768" lon="19.83223">
        <time>2026-04-10T10:38:00Z</time>
      </trkpt>
      <trkpt lat="68.29598" lon="19.87291">
        <time>2026-04-10T11:08:00Z</time>
      </trkpt>
      <trkpt lat="68.28766" lon="19.89205">
        <time>2026-04-10T11:38:00Z</time>
      </trkpt>
      <trkpt lat="68.29747" lon="19.90508">
        <time>2026-04-10T12:08:00Z</time>
      </trkpt>
      <trkpt lat="68.31101" lon="19.9358">
        <time>2026-04-10T12:38:00Z</time>
      </trkpt>
      <trkpt lat="68.32252" lon="19.94673">
        <time>2026-04-10T13:08:00Z</time>
      </trkpt>
      <trkpt lat="68.33288" lon="19.95683">
        <time>2026-04-10T13:38:00Z</time>
      </trkpt>
      <trkpt lat="68.34301" lon="19.9655">
        <time>2026-04-10T14:08:00Z</time>
      </trkpt>
      <trkpt lat="68.35535" lon="19.99835">
        <time>2026-04-10T14:38:00Z</time>
      </trkpt>
      <trkpt lat="68.364" lon="20.02616">
        <time>2026-04-10T15:08:00Z</time>
      </trkpt>
      <trkpt lat="68.36489" lon="20.02934">
        <time>2026-04-10T15:27:00Z</time>
      </trkpt>
      <trkpt lat="68.3649" lon="20.02927">
        <time>2026-04-10T15:27:00Z</time>
      </trkpt>
      <trkpt lat="68.36486" lon="20.02921">
        <time>2026-04-11T08:19:00Z</time>
      </trkpt>
      <trkpt lat="68.37243" lon="20.06079">
        <time>2026-04-11T08:49:00Z</time>
      </trkpt>
      <trkpt lat="68.38216" lon="20.07363">
        <time>2026-04-11T09:19:00Z</time>
      </trkpt>
      <trkpt lat="68.39678" lon="20.06243">
        <time>2026-04-11T09:49:00Z</time>
      </trkpt>
      <trkpt lat="68.4074" lon="20.07569">
        <time>2026-04-11T10:19:00Z</time>
      </trkpt>
      <trkpt lat="68.41846" lon="20.09991">
        <time>2026-04-11T10:49:00Z</time>
      </trkpt>
      <trkpt lat="68.42235" lon="20.14257">
        <time>2026-04-11T11:19:00Z</time>
      </trkpt>
      <trkpt lat="68.42631" lon="20.15798">
        <time>2026-04-11T11:49:00Z</time>
      </trkpt>
      <trkpt lat="68.44312" lon="20.19182">
        <time>2026-04-11T12:19:00Z</time>
      </trkpt>
      <trkpt lat="68.45731" lon="20.20855">
        <time>2026-04-11T12:49:00Z</time>
      </trkpt>
      <trkpt lat="68.4755" lon="20.22982">
        <time>2026-04-11T13:19:00Z</time>
      </trkpt>
      <trkpt lat="68.47545" lon="20.22995">
        <time>2026-04-11T13:33:00Z</time>
      </trkpt>
      <trkpt lat="68.47552" lon="20.23001">
        <time>2026-04-11T13:33:00Z</time>
      </trkpt>
      <trkpt lat="68.47548" lon="20.22975">
        <time>2026-04-12T07:01:00Z</time>
      </trkpt>
      <trkpt lat="68.48875" lon="20.25758">
        <time>2026-04-12T07:31:00Z</time>
      </trkpt>
      <trkpt lat="68.50664" lon="20.29434">
        <time>2026-04-12T08:01:00Z</time>
      </trkpt>
      <trkpt lat="68.52599" lon="20.2937">
        <time>2026-04-12T08:31:00Z</time>
      </trkpt>
      <trkpt lat="68.54311" lon="20.29473">
        <time>2026-04-12T09:01:00Z</time>
      </trkpt>
      <trkpt lat="68.55777" lon="20.32438">
        <time>2026-04-12T09:31:00Z</time>
      </trkpt>
      <trkpt lat="68.5727" lon="20.35801">
        <time>2026-04-12T10:01:00Z</time>
      </trkpt>
      <trkpt lat="68.58086" lon="20.38614">
        <time>2026-04-12T10:31:00Z</time>
      </trkpt>
      <trkpt lat="68.5934" lon="20.41176">
        <time>2026-04-12T11:01:00Z</time>
      </trkpt>
      <trkpt lat="68.60648" lon="20.41225">
        <time>2026-04-12T11:31:00Z</time>
      </trkpt>
      <trkpt lat="68.61828" lon="20.42066">
        <time>2026-04-12T12:01:00Z</time>
      </trkpt>
      <trkpt lat="68.63898" lon="20.43388">
        <time>2026-04-12T12:31:00Z</time>
      </trkpt>
      <trkpt lat="68.65637" lon="20.45117">
        <time>2026-04-12T13:01:00Z</time>
      </trkpt>
      <trkpt lat="68.67609" lon="20.47195">
        <time>2026-04-12T13:31:00Z</time>
      </trkpt>
      <trkpt lat="68.69255" lon="20.49681">
        <time>2026-04-12T14:01:00Z</time>
      </trkpt>
      <trkpt lat="68.71144" lon="20.51608">
        <time>2026-04-12T14:31:00Z</time>
      </trkpt>
      <trkpt lat="68.71782" lon="20.51222">
        <time>2026-04-12T15:01:00Z</time>
      </trkpt>
      <trkpt lat="68.71776" lon="20.51209">
        <time>2026-04-12T15:15:00Z</time>
      </trkpt>
      <trkpt lat="68.71794" lon="20.51216">
        <time>2026-04-12T15:15:00Z</time>
      </trkpt>
      <trkpt lat="68.7178" lon="20.51211">
        <time>2026-04-13T08:17:00Z</time>
      </trkpt>
      <trkpt lat="68.73024" lon="20.5546">
        <time>2026-04-13T08:47:00Z</time>
      </trkpt>
      <trkpt lat="68.74243" lon="20.59492">
        <time>2026-04-13T09:17:00Z</time>
      </trkpt>
      <trkpt lat="68.75595" lon="20.62275">
        <time>2026-04-13T09:47:00Z</time>
      </trkpt>
      <trkpt lat="68.76731" lon="20.64762">
        <time>2026-04-13T10:17:00Z</time>
      </trkpt>
      <trkpt lat="68.78015" lon="20.69309">
        <time>2026-04-13T10:47:00Z</time>
      </trkpt>
      <trkpt lat="68.79172" lon="20.72836">
        <time>2026-04-13T11:17:00Z</time>
      </trkpt>
      <trkpt lat="68.80979" lon="20.74027">
        <time>2026-04-13T11:47:00Z</time>
      </trkpt>
      <trkpt lat="68.82193" lon="20.74448">
        <time>2026-04-13T12:17:00Z</time>
      </trkpt>
      <trkpt lat="68.83303" lon="20.73645">
        <time>2026-04-13T12:47:00Z</time>
      </trkpt>
      <trkpt lat="68.85409" lon="20.71873">
        <time>2026-04-13T13:17:00Z</time>
      </trkpt>
      <trkpt lat="68.85497" lon="20.71676">
        <time>2026-04-13T13:30:00Z</time>
      </trkpt>
      <trkpt lat="68.85497" lon="20.71699">
        <time>2026-04-13T13:31:00Z</time>
      </trkpt>
      <trkpt lat="68.85493" lon="20.71688">
        <time>2026-04-14T07:12:00Z</time>
      </trkpt>
      <trkpt lat="68.86206" lon="20.6706">
        <time>2026-04-14T07:42:00Z</time>
      </trkpt>
      <trkpt lat="68.86544" lon="20.62711">
        <time>2026-04-14T08:12:00Z</time>
      </trkpt>
      <trkpt lat="68.87421" lon="20.577">
        <time>2026-04-14T08:42:00Z</time>
      </trkpt>
      <trkpt lat="68.87667" lon="20.53651">
        <time>2026-04-14T09:12:00Z</time>
      </trkpt>
      <trkpt lat="68.88249" lon="20.48381">
        <time>2026-04-14T09:42:00Z</time>
      </trkpt>
      <trkpt lat="68.89352" lon="20.45959">
        <time>2026-04-14T10:12:00Z</time>
      </trkpt>
      <trkpt lat="68.90818" lon="20.41892">
        <time>2026-04-14T10:42:00Z</time>
      </trkpt>
      <trkpt lat="68.92106" lon="20.3935">
        <time>2026-04-14T11:12:00Z</time>
      </trkpt>
      <trkpt lat="68.93853" lon="20.37543">
        <time>2026-04-14T11:42:00Z</time>
      </trkpt>
      <trkpt lat="68.951" lon="20.35805">
        <time>2026-04-14T12:12:00Z</time>
      </trkpt>
      <trkpt lat="68.96033" lon="20.35976">
        <time>2026-04-14T12:42:00Z</time>
      </trkpt>
      <trkpt lat="68.97407" lon="20.36678">
        <time>2026-04-14T13:12:00Z</time>
      </trkpt>
      <trkpt lat="68.97423" lon="20.36867">
        <time>2026-04-14T13:42:00Z</time>
      </trkpt>
      <trkpt lat="68.97391" lon="20.36764">
        <time>2026-04-14T14:05:00Z</time>
      </trkpt>
      <trkpt lat="68.97437" lon="20.36865">
        <time>2026-04-14T14:06:00Z</time>
      </trkpt>
      <trkpt lat="68.97411" lon="20.36878">
        <time>2026-04-15T06:32:00Z</time>
      </trkpt>
      <trkpt lat="68.98074" lon="20.38802">
        <time>2026-04-15T07:02:00Z</time>
      </trkpt>
      <trkpt lat="68.98141" lon="20.41489">
        <time>2026-04-15T07:32:00Z</time>
      </trkpt>
      <trkpt lat="68.98709" lon="20.43819">
        <time>2026-04-15T08:02:00Z</time>
      </trkpt>
      <trkpt lat="68.99851" lon="20.46413">
        <time>2026-04-15T08:32:00Z</time>
      </trkpt>
      <trkpt lat="69.00553" lon="20.48197">
        <time>2026-04-15T09:02:00Z</time>
      </trkpt>
      <trkpt lat="69.02375" lon="20.51173">
        <time>2026-04-15T09:32:00Z</time>
      </trkpt>
      <trkpt lat="69.04835" lon="20.52241">
        <time>2026-04-15T10:02:00Z</time>
      </trkpt>
      <trkpt lat="69.05995" lon="20.54872">
        <time>2026-04-15T10:32:00Z</time>
      </trkpt>
      <trkpt lat="69.05963" lon="20.55552">
        <time>2026-04-15T11:02:00Z</time>
      </trkpt>
      <trkpt lat="69.05179" lon="20.59475">
        <time>2026-04-15T11:32:00Z</time>
      </trkpt>
      <trkpt lat="69.04672" lon="20.6385">
        <time>2026-04-15T12:02:00Z</time>
      </trkpt>
      <trkpt lat="69.04521" lon="20.69635">
        <time>2026-04-15T12:32:00Z</time>
      </trkpt>
      <trkpt lat="69.04484" lon="20.75414">
        <time>2026-04-15T13:02:00Z</time>
      </trkpt>
      <trkpt lat="69.04661" lon="20.78812">
        <time>2026-04-15T13:32:00Z</time>
      </trkpt>
    </trkseg>
  </trk>
</gpx>
