<?xml version="1.0" encoding="UTF-8"?>
<gpx xmlns="http://www.topografix.com/GPX/1/1" version="1.1" creator="VitaBandet">
  <metadata>
    <name>Roy Evans's Band</name>
  </metadata>
  <trk>
    <name>Roy Evans's Band</name>
    <trkseg>
      <trkpt lat="61.31328" lon="12.26529">
        <time>2023-01-26T08:08:00Z</time>
      </trkpt>
      <trkpt lat="61.31329" lon="12.26523">
        <time>2023-01-26T08:18:00Z</time>
      </trkpt>
      <trkpt lat="61.31536" lon="12.26476">
        <time>2023-01-26T08:38:00Z</time>
      </trkpt>
      <trkpt lat="61.31618" lon="12.27087">
        <time>2023-01-26T08:48:00Z</time>
      </trkpt>
      <trkpt lat="61.31552" lon="12.27177">
        <time>2023-01-26T08:58:00Z</time>
      </trkpt>
      <trkpt lat="61.31351" lon="12.27626">
        <time>2023-01-26T09:18:00Z</time>
      </trkpt>
      <trkpt lat="61.31014" lon="12.28096">
        <time>2023-01-26T09:33:00Z</time>
      </trkpt>
      <trkpt lat="61.30797" lon="12.2848">
        <time>2023-01-26T09:43:00Z</time>
      </trkpt>
      <trkpt lat="61.30776" lon="12.28857">
        <time>2023-01-26T09:53:00Z</time>
      </trkpt>
      <trkpt lat="61.30777" lon="12.28866">
        <time>2023-01-26T10:03:00Z</time>
      </trkpt>
      <trkpt lat="61.30779" lon="12.29523">
        <time>2023-01-26T10:13:00Z</time>
      </trkpt>
      <trkpt lat="61.31134" lon="12.30574">
        <time>2023-01-26T10:23:00Z</time>
      </trkpt>
      <trkpt lat="61.31167" lon="12.30606">
        <time>2023-01-26T10:33:00Z</time>
      </trkpt>
      <trkpt lat="61.3154" lon="12.31119">
        <time>2023-01-26T10:43:00Z</time>
      </trkpt>
      <trkpt lat="61.32028" lon="12.30907">
        <time>2023-01-26T10:53:00Z</time>
      </trkpt>
      <trkpt lat="61.32679" lon="12.31138">
        <time>2023-01-26T11:03:00Z</time>
      </trkpt>
      <trkpt lat="61.33311" lon="12.31209">
        <time>2023-01-26T11:13:00Z</time>
      </trkpt>
      <trkpt lat="61.33652" lon="12.31754">
        <time>2023-01-26T11:23:00Z</time>
      </trkpt>
      <trkpt lat="61.34078" lon="12.32303">
        <time>2023-01-26T11:33:00Z</time>
      </trkpt>
      <trkpt lat="61.34208" lon="12.32327">
        <time>2023-01-26T11:43:00Z</time>
      </trkpt>
      <trkpt lat="61.34406" lon="12.3243">
        <time>2023-01-26T11:53:00Z</time>
      </trkpt>
      <trkpt lat="61.34934" lon="12.3196">
        <time>2023-01-26T12:03:00Z</time>
      </trkpt>
      <trkpt lat="61.3515" lon="12.3134">
        <time>2023-01-26T12:13:00Z</time>
      </trkpt>
      <trkpt lat="61.35689" lon="12.30795">
        <time>2023-01-26T12:23:00Z</time>
      </trkpt>
      <trkpt lat="61.36543" lon="12.30992">
        <time>2023-01-26T12:33:00Z</time>
      </trkpt>
      <trkpt lat="61.37173" lon="12.30947">
        <time>2023-01-26T12:44:00Z</time>
      </trkpt>
      <trkpt lat="61.37317" lon="12.31007">
        <time>2023-01-26T12:54:00Z</time>
      </trkpt>
      <trkpt lat="61.37327" lon="12.31224">
        <time>2023-01-26T13:04:00Z</time>
      </trkpt>
      <trkpt lat="61.3748" lon="12.32087">
        <time>2023-01-26T13:14:00Z</time>
      </trkpt>
      <trkpt lat="61.38058" lon="12.31898">
        <time>2023-01-26T13:24:00Z</time>
      </trkpt>
      <trkpt lat="61.38484" lon="12.31814">
        <time>2023-01-26T13:34:00Z</time>
      </trkpt>
      <trkpt lat="61.38782" lon="12.32314">
        <time>2023-01-26T13:44:00Z</time>
      </trkpt>
      <trkpt lat="61.38843" lon="12.32188">
        <time>2023-01-26T13:54:00Z</time>
      </trkpt>
      <trkpt lat="61.39146" lon="12.31842">
        <time>2023-01-26T14:05:00Z</time>
      </trkpt>
      <trkpt lat="61.39416" lon="12.31855">
        <time>2023-01-26T14:15:00Z</time>
      </trkpt>
      <trkpt lat="61.39729" lon="12.32065">
        <time>2023-01-26T14:25:00Z</time>
      </trkpt>
      <trkpt lat="61.39901" lon="12.31967">
        <time>2023-01-26T14:35:00Z</time>
      </trkpt>
      <trkpt lat="61.40159" lon="12.31786">
        <time>2023-01-26T14:45:00Z</time>
      </trkpt>
      <trkpt lat="61.40337" lon="12.3154">
        <time>2023-01-26T14:55:00Z</time>
      </trkpt>
      <trkpt lat="61.40485" lon="12.31381">
        <time>2023-01-26T15:05:00Z</time>
      </trkpt>
      <trkpt lat="61.40486" lon="12.31381">
        <time>2023-01-26T15:15:00Z</time>
      </trkpt>
      <trkpt lat="61.40487" lon="12.31374">
        <time>2023-01-26T16:16:00Z</time>
      </trkpt>
      <trkpt lat="61.40483" lon="12.31379">
        <time>2023-01-27T07:09:00Z</time>
      </trkpt>
      <trkpt lat="61.40485" lon="12.31381">
        <time>2023-01-27T07:19:00Z</time>
      </trkpt>
      <trkpt lat="61.40657" lon="12.3122">
        <time>2023-01-27T08:09:00Z</time>
      </trkpt>
      <trkpt lat="61.41041" lon="12.3108">
        <time>2023-01-27T08:19:00Z</time>
      </trkpt>
      <trkpt lat="61.41385" lon="12.30915">
        <time>2023-01-27T08:29:00Z</time>
      </trkpt>
      <trkpt lat="61.41456" lon="12.30879">
        <time>2023-01-27T08:39:00Z</time>
      </trkpt>
      <trkpt lat="61.41688" lon="12.30537">
        <time>2023-01-27T08:59:00Z</time>
      </trkpt>
      <trkpt lat="61.41945" lon="12.30213">
        <time>2023-01-27T09:10:00Z</time>
      </trkpt>
      <trkpt lat="61.42014" lon="12.30126">
        <time>2023-01-27T09:20:00Z</time>
      </trkpt>
      <trkpt lat="61.42254" lon="12.29941">
        <time>2023-01-27T09:49:00Z</time>
      </trkpt>
      <trkpt lat="61.42313" lon="12.29915">
        <time>2023-01-27T09:59:00Z</time>
      </trkpt>
      <trkpt lat="61.42445" lon="12.30121">
        <time>2023-01-27T10:09:00Z</time>
      </trkpt>
      <trkpt lat="61.42512" lon="12.301">
        <time>2023-01-27T10:19:00Z</time>
      </trkpt>
      <trkpt lat="61.42596" lon="12.3002">
        <time>2023-01-27T10:39:00Z</time>
      </trkpt>
      <trkpt lat="61.4271" lon="12.29636">
        <time>2023-01-27T10:49:00Z</time>
      </trkpt>
      <trkpt lat="61.42799" lon="12.29516">
        <time>2023-01-27T10:59:00Z</time>
      </trkpt>
      <trkpt lat="61.42794" lon="12.29293">
        <time>2023-01-27T11:09:00Z</time>
      </trkpt>
      <trkpt lat="61.42845" lon="12.29033">
        <time>2023-01-27T11:19:00Z</time>
      </trkpt>
      <trkpt lat="61.4286" lon="12.2866">
        <time>2023-01-27T11:29:00Z</time>
      </trkpt>
      <trkpt lat="61.42887" lon="12.2833">
        <time>2023-01-27T11:39:00Z</time>
      </trkpt>
      <trkpt lat="61.42926" lon="12.28085">
        <time>2023-01-27T11:49:00Z</time>
      </trkpt>
      <trkpt lat="61.42964" lon="12.27197">
        <time>2023-01-27T12:00:00Z</time>
      </trkpt>
      <trkpt lat="61.42926" lon="12.2684">
        <time>2023-01-27T12:20:00Z</time>
      </trkpt>
      <trkpt lat="61.43223" lon="12.26549">
        <time>2023-01-27T12:40:00Z</time>
      </trkpt>
      <trkpt lat="61.43924" lon="12.25789">
        <time>2023-01-27T12:53:00Z</time>
      </trkpt>
      <trkpt lat="61.44544" lon="12.25658">
        <time>2023-01-27T13:03:00Z</time>
      </trkpt>
      <trkpt lat="61.45012" lon="12.25922">
        <time>2023-01-27T13:13:00Z</time>
      </trkpt>
      <trkpt lat="61.45587" lon="12.2574">
        <time>2023-01-27T13:23:00Z</time>
      </trkpt>
      <trkpt lat="61.46133" lon="12.25752">
        <time>2023-01-27T13:33:00Z</time>
      </trkpt>
      <trkpt lat="61.46449" lon="12.26111">
        <time>2023-01-27T13:43:00Z</time>
      </trkpt>
      <trkpt lat="61.46888" lon="12.2578">
        <time>2023-01-27T13:53:00Z</time>
      </trkpt>
      <trkpt lat="61.47329" lon="12.25375">
        <time>2023-01-27T14:03:00Z</time>
      </trkpt>
      <trkpt lat="61.4762" lon="12.25175">
        <time>2023-01-27T14:13:00Z</time>
      </trkpt>
      <trkpt lat="61.48216" lon="12.25227">
        <time>2023-01-27T14:23:00Z</time>
      </trkpt>
      <trkpt lat="61.48738" lon="12.25379">
        <time>2023-01-27T14:33:00Z</time>
      </trkpt>
      <trkpt lat="61.49162" lon="12.25263">
        <time>2023-01-27T14:43:00Z</time>
      </trkpt>
      <trkpt lat="61.49757" lon="12.24939">
        <time>2023-01-27T14:53:00Z</time>
      </trkpt>
      <trkpt lat="61.50106" lon="12.24705">
        <time>2023-01-27T15:03:00Z</time>
      </trkpt>
      <trkpt lat="61.50105" lon="12.24677">
        <time>2023-01-27T15:13:00Z</time>
      </trkpt>
      <trkpt lat="61.50107" lon="12.24673">
        <time>2023-01-27T16:01:00Z</time>
      </trkpt>
      <trkpt lat="61.50104" lon="12.24658">
        <time>2023-01-28T07:08:00Z</time>
      </trkpt>
      <trkpt lat="61.50106" lon="12.24677">
        <time>2023-01-28T07:18:00Z</time>
      </trkpt>
      <trkpt lat="61.50376" lon="12.24654">
        <time>2023-01-28T08:07:00Z</time>
      </trkpt>
      <trkpt lat="61.50992" lon="12.24495">
        <time>2023-01-28T08:17:00Z</time>
      </trkpt>
      <trkpt lat="61.51079" lon="12.24257">
        <time>2023-01-28T08:28:00Z</time>
      </trkpt>
      <trkpt lat="61.5109" lon="12.24248">
        <time>2023-01-28T08:38:00Z</time>
      </trkpt>
      <trkpt lat="61.51413" lon="12.23903">
        <time>2023-01-28T08:48:00Z</time>
      </trkpt>
      <trkpt lat="61.51842" lon="12.23356">
        <time>2023-01-28T08:58:00Z</time>
      </trkpt>
      <trkpt lat="61.52107" lon="12.2304">
        <time>2023-01-28T09:12:00Z</time>
      </trkpt>
      <trkpt lat="61.52217" lon="12.22806">
        <time>2023-01-28T09:22:00Z</time>
      </trkpt>
      <trkpt lat="61.52395" lon="12.22519">
        <time>2023-01-28T09:32:00Z</time>
      </trkpt>
      <trkpt lat="61.52659" lon="12.22072">
        <time>2023-01-28T09:42:00Z</time>
      </trkpt>
      <trkpt lat="61.52771" lon="12.21912">
        <time>2023-01-28T09:52:00Z</time>
      </trkpt>
      <trkpt lat="61.53137" lon="12.21585">
        <time>2023-01-28T10:02:00Z</time>
      </trkpt>
      <trkpt lat="61.53654" lon="12.21839">
        <time>2023-01-28T10:12:00Z</time>
      </trkpt>
      <trkpt lat="61.53875" lon="12.21678">
        <time>2023-01-28T10:22:00Z</time>
      </trkpt>
      <trkpt lat="61.54185" lon="12.21467">
        <time>2023-01-28T10:32:00Z</time>
      </trkpt>
      <trkpt lat="61.54391" lon="12.21377">
        <time>2023-01-28T10:42:00Z</time>
      </trkpt>
      <trkpt lat="61.54572" lon="12.21148">
        <time>2023-01-28T10:52:00Z</time>
      </trkpt>
      <trkpt lat="61.5467" lon="12.2103">
        <time>2023-01-28T11:03:00Z</time>
      </trkpt>
      <trkpt lat="61.54888" lon="12.20787">
        <time>2023-01-28T11:13:00Z</time>
      </trkpt>
      <trkpt lat="61.54969" lon="12.20281">
        <time>2023-01-28T11:23:00Z</time>
      </trkpt>
      <trkpt lat="61.54964" lon="12.19731">
        <time>2023-01-28T11:33:00Z</time>
      </trkpt>
      <trkpt lat="61.55436" lon="12.19281">
        <time>2023-01-28T11:43:00Z</time>
      </trkpt>
      <trkpt lat="61.55715" lon="12.19272">
        <time>2023-01-28T11:53:00Z</time>
      </trkpt>
      <trkpt lat="61.55716" lon="12.1927">
        <time>2023-01-28T12:03:00Z</time>
      </trkpt>
      <trkpt lat="61.55974" lon="12.19135">
        <time>2023-01-28T12:13:00Z</time>
      </trkpt>
      <trkpt lat="61.56127" lon="12.19092">
        <time>2023-01-28T12:23:00Z</time>
      </trkpt>
      <trkpt lat="61.56388" lon="12.18931">
        <time>2023-01-28T12:33:00Z</time>
      </trkpt>
      <trkpt lat="61.56827" lon="12.19051">
        <time>2023-01-28T12:43:00Z</time>
      </trkpt>
      <trkpt lat="61.57231" lon="12.19006">
        <time>2023-01-28T12:53:00Z</time>
      </trkpt>
      <trkpt lat="61.57987" lon="12.18834">
        <time>2023-01-28T13:04:00Z</time>
      </trkpt>
      <trkpt lat="61.58541" lon="12.18845">
        <time>2023-01-28T13:14:00Z</time>
      </trkpt>
      <trkpt lat="61.58876" lon="12.19257">
        <time>2023-01-28T13:24:00Z</time>
      </trkpt>
      <trkpt lat="61.59246" lon="12.19422">
        <time>2023-01-28T13:34:00Z</time>
      </trkpt>
      <trkpt lat="61.59455" lon="12.1954">
        <time>2023-01-28T13:44:00Z</time>
      </trkpt>
      <trkpt lat="61.59559" lon="12.19603">
        <time>2023-01-28T13:54:00Z</time>
      </trkpt>
      <trkpt lat="61.59959" lon="12.19774">
        <time>2023-01-28T14:04:00Z</time>
      </trkpt>
      <trkpt lat="61.60369" lon="12.20094">
        <time>2023-01-28T14:14:00Z</time>
      </trkpt>
      <trkpt lat="61.60688" lon="12.20238">
        <time>2023-01-28T14:24:00Z</time>
      </trkpt>
      <trkpt lat="61.61062" lon="12.20783">
        <time>2023-01-28T14:34:00Z</time>
      </trkpt>
      <trkpt lat="61.6143" lon="12.21092">
        <time>2023-01-28T14:44:00Z</time>
      </trkpt>
      <trkpt lat="61.61428" lon="12.21094">
        <time>2023-01-28T14:54:00Z</time>
      </trkpt>
      <trkpt lat="61.6143" lon="12.21094">
        <time>2023-01-28T15:29:00Z</time>
      </trkpt>
      <trkpt lat="61.61423" lon="12.21092">
        <time>2023-01-29T07:01:00Z</time>
      </trkpt>
      <trkpt lat="61.61425" lon="12.21096">
        <time>2023-01-29T07:11:00Z</time>
      </trkpt>
      <trkpt lat="61.61585" lon="12.21169">
        <time>2023-01-29T07:41:00Z</time>
      </trkpt>
      <trkpt lat="61.61885" lon="12.21603">
        <time>2023-01-29T07:51:00Z</time>
      </trkpt>
      <trkpt lat="61.62151" lon="12.218">
        <time>2023-01-29T08:01:00Z</time>
      </trkpt>
      <trkpt lat="61.62576" lon="12.21888">
        <time>2023-01-29T08:11:00Z</time>
      </trkpt>
      <trkpt lat="61.62945" lon="12.21729">
        <time>2023-01-29T08:21:00Z</time>
      </trkpt>
      <trkpt lat="61.63048" lon="12.22289">
        <time>2023-01-29T08:31:00Z</time>
      </trkpt>
      <trkpt lat="61.63218" lon="12.22766">
        <time>2023-01-29T08:41:00Z</time>
      </trkpt>
      <trkpt lat="61.63499" lon="12.2322">
        <time>2023-01-29T08:51:00Z</time>
      </trkpt>
      <trkpt lat="61.63678" lon="12.23914">
        <time>2023-01-29T09:01:00Z</time>
      </trkpt>
      <trkpt lat="61.6384" lon="12.24604">
        <time>2023-01-29T09:11:00Z</time>
      </trkpt>
      <trkpt lat="61.64284" lon="12.25205">
        <time>2023-01-29T09:21:00Z</time>
      </trkpt>
      <trkpt lat="61.64682" lon="12.25722">
        <time>2023-01-29T09:31:00Z</time>
      </trkpt>
      <trkpt lat="61.64759" lon="12.25819">
        <time>2023-01-29T09:41:00Z</time>
      </trkpt>
      <trkpt lat="61.65049" lon="12.26104">
        <time>2023-01-29T09:51:00Z</time>
      </trkpt>
      <trkpt lat="61.65546" lon="12.26518">
        <time>2023-01-29T10:01:00Z</time>
      </trkpt>
      <trkpt lat="61.66081" lon="12.26632">
        <time>2023-01-29T10:11:00Z</time>
      </trkpt>
      <trkpt lat="61.6654" lon="12.26482">
        <time>2023-01-29T10:21:00Z</time>
      </trkpt>
      <trkpt lat="61.67068" lon="12.26452">
        <time>2023-01-29T10:31:00Z</time>
      </trkpt>
      <trkpt lat="61.6736" lon="12.26274">
        <time>2023-01-29T10:41:00Z</time>
      </trkpt>
      <trkpt lat="61.67414" lon="12.25789">
        <time>2023-01-29T10:51:00Z</time>
      </trkpt>
      <trkpt lat="61.67415" lon="12.25795">
        <time>2023-01-29T11:01:00Z</time>
      </trkpt>
      <trkpt lat="61.67603" lon="12.24905">
        <time>2023-01-29T11:21:00Z</time>
      </trkpt>
      <trkpt lat="61.6782" lon="12.24351">
        <time>2023-01-29T11:31:00Z</time>
      </trkpt>
      <trkpt lat="61.67954" lon="12.2401">
        <time>2023-01-29T11:41:00Z</time>
      </trkpt>
      <trkpt lat="61.67999" lon="12.23622">
        <time>2023-01-29T11:51:00Z</time>
      </trkpt>
      <trkpt lat="61.6808" lon="12.23283">
        <time>2023-01-29T12:01:00Z</time>
      </trkpt>
      <trkpt lat="61.68153" lon="12.2295">
        <time>2023-01-29T12:11:00Z</time>
      </trkpt>
      <trkpt lat="61.68254" lon="12.2271">
        <time>2023-01-29T12:23:00Z</time>
      </trkpt>
      <trkpt lat="61.68454" lon="12.22216">
        <time>2023-01-29T12:33:00Z</time>
      </trkpt>
      <trkpt lat="61.68648" lon="12.2183">
        <time>2023-01-29T12:44:00Z</time>
      </trkpt>
      <trkpt lat="61.68686" lon="12.21755">
        <time>2023-01-29T12:54:00Z</time>
      </trkpt>
      <trkpt lat="61.68795" lon="12.21534">
        <time>2023-01-29T13:14:00Z</time>
      </trkpt>
      <trkpt lat="61.68951" lon="12.21229">
        <time>2023-01-29T13:24:00Z</time>
      </trkpt>
      <trkpt lat="61.69183" lon="12.20879">
        <time>2023-01-29T13:34:00Z</time>
      </trkpt>
      <trkpt lat="61.6949" lon="12.20665">
        <time>2023-01-29T13:45:00Z</time>
      </trkpt>
      <trkpt lat="61.69891" lon="12.20379">
        <time>2023-01-29T13:55:00Z</time>
      </trkpt>
      <trkpt lat="61.69983" lon="12.19688">
        <time>2023-01-29T14:05:00Z</time>
      </trkpt>
      <trkpt lat="61.69971" lon="12.19094">
        <time>2023-01-29T14:15:00Z</time>
      </trkpt>
      <trkpt lat="61.70026" lon="12.1842">
        <time>2023-01-29T14:25:00Z</time>
      </trkpt>
      <trkpt lat="61.70167" lon="12.18178">
        <time>2023-01-29T14:36:00Z</time>
      </trkpt>
      <trkpt lat="61.70442" lon="12.17798">
        <time>2023-01-29T14:46:00Z</time>
      </trkpt>
      <trkpt lat="61.70523" lon="12.17556">
        <time>2023-01-29T14:56:00Z</time>
      </trkpt>
      <trkpt lat="61.70518" lon="12.1756">
        <time>2023-01-30T07:30:00Z</time>
      </trkpt>
      <trkpt lat="61.70767" lon="12.17648">
        <time>2023-01-30T07:50:00Z</time>
      </trkpt>
      <trkpt lat="61.71296" lon="12.17287">
        <time>2023-01-30T08:10:00Z</time>
      </trkpt>
      <trkpt lat="61.71635" lon="12.16815">
        <time>2023-01-30T08:30:00Z</time>
      </trkpt>
      <trkpt lat="61.71924" lon="12.16335">
        <time>2023-01-30T08:50:00Z</time>
      </trkpt>
      <trkpt lat="61.71981" lon="12.16337">
        <time>2023-01-30T09:10:00Z</time>
      </trkpt>
      <trkpt lat="61.72485" lon="12.17214">
        <time>2023-01-30T09:30:00Z</time>
      </trkpt>
      <trkpt lat="61.73446" lon="12.17717">
        <time>2023-01-30T09:50:00Z</time>
      </trkpt>
      <trkpt lat="61.74106" lon="12.18096">
        <time>2023-01-30T10:10:00Z</time>
      </trkpt>
      <trkpt lat="61.75411" lon="12.18974">
        <time>2023-01-30T10:33:00Z</time>
      </trkpt>
      <trkpt lat="61.75741" lon="12.18901">
        <time>2023-01-30T10:53:00Z</time>
      </trkpt>
      <trkpt lat="61.76455" lon="12.18">
        <time>2023-01-30T11:13:00Z</time>
      </trkpt>
      <trkpt lat="61.77258" lon="12.18495">
        <time>2023-01-30T11:33:00Z</time>
      </trkpt>
      <trkpt lat="61.7836" lon="12.18811">
        <time>2023-01-30T11:55:00Z</time>
      </trkpt>
      <trkpt lat="61.79076" lon="12.1953">
        <time>2023-01-30T12:15:00Z</time>
      </trkpt>
      <trkpt lat="61.79724" lon="12.20809">
        <time>2023-01-30T12:35:00Z</time>
      </trkpt>
      <trkpt lat="61.79873" lon="12.20884">
        <time>2023-01-30T12:55:00Z</time>
      </trkpt>
      <trkpt lat="61.81021" lon="12.20976">
        <time>2023-01-30T13:15:00Z</time>
      </trkpt>
      <trkpt lat="61.82014" lon="12.20605">
        <time>2023-01-30T13:35:00Z</time>
      </trkpt>
      <trkpt lat="61.82692" lon="12.21077">
        <time>2023-01-30T13:55:00Z</time>
      </trkpt>
      <trkpt lat="61.83464" lon="12.20847">
        <time>2023-01-30T14:15:00Z</time>
      </trkpt>
      <trkpt lat="61.8469" lon="12.21324">
        <time>2023-01-30T14:35:00Z</time>
      </trkpt>
      <trkpt lat="61.8538" lon="12.2142">
        <time>2023-01-30T14:55:00Z</time>
      </trkpt>
      <trkpt lat="61.85293" lon="12.21212">
        <time>2023-01-30T15:15:00Z</time>
      </trkpt>
      <trkpt lat="61.85289" lon="12.21225">
        <time>2023-01-30T15:35:00Z</time>
      </trkpt>
      <trkpt lat="61.85292" lon="12.21231">
        <time>2023-01-30T15:51:00Z</time>
      </trkpt>
      <trkpt lat="61.85293" lon="12.21223">
        <time>2023-01-31T06:57:00Z</time>
      </trkpt>
      <trkpt lat="61.85287" lon="12.21236">
        <time>2023-01-31T07:18:00Z</time>
      </trkpt>
      <trkpt lat="61.85724" lon="12.21279">
        <time>2023-01-31T07:38:00Z</time>
      </trkpt>
      <trkpt lat="61.8621" lon="12.21341">
        <time>2023-01-31T07:58:00Z</time>
      </trkpt>
      <trkpt lat="61.86854" lon="12.21633">
        <time>2023-01-31T08:18:00Z</time>
      </trkpt>
      <trkpt lat="61.87824" lon="12.21399">
        <time>2023-01-31T08:38:00Z</time>
      </trkpt>
      <trkpt lat="61.88534" lon="12.20143">
        <time>2023-01-31T08:58:00Z</time>
      </trkpt>
      <trkpt lat="61.89123" lon="12.19483">
        <time>2023-01-31T09:18:00Z</time>
      </trkpt>
      <trkpt lat="61.89398" lon="12.20504">
        <time>2023-01-31T09:38:00Z</time>
      </trkpt>
      <trkpt lat="61.89455" lon="12.22534">
        <time>2023-01-31T10:04:00Z</time>
      </trkpt>
      <trkpt lat="61.89374" lon="12.23476">
        <time>2023-01-31T10:24:00Z</time>
      </trkpt>
      <trkpt lat="61.90241" lon="12.24223">
        <time>2023-01-31T10:44:00Z</time>
      </trkpt>
      <trkpt lat="61.91283" lon="12.24383">
        <time>2023-01-31T11:04:00Z</time>
      </trkpt>
      <trkpt lat="61.92115" lon="12.23946">
        <time>2023-01-31T11:24:00Z</time>
      </trkpt>
      <trkpt lat="61.92857" lon="12.24725">
        <time>2023-01-31T11:44:00Z</time>
      </trkpt>
      <trkpt lat="61.93145" lon="12.24918">
        <time>2023-01-31T12:04:00Z</time>
      </trkpt>
      <trkpt lat="61.93888" lon="12.25358">
        <time>2023-01-31T12:24:00Z</time>
      </trkpt>
      <trkpt lat="61.94561" lon="12.26106">
        <time>2023-01-31T12:44:00Z</time>
      </trkpt>
      <trkpt lat="61.9513" lon="12.26982">
        <time>2023-01-31T13:04:00Z</time>
      </trkpt>
      <trkpt lat="61.9525" lon="12.2866">
        <time>2023-01-31T13:24:00Z</time>
      </trkpt>
      <trkpt lat="61.95528" lon="12.2966">
        <time>2023-01-31T13:44:00Z</time>
      </trkpt>
      <trkpt lat="61.96547" lon="12.29166">
        <time>2023-01-31T14:04:00Z</time>
      </trkpt>
      <trkpt lat="61.96968" lon="12.28574">
        <time>2023-01-31T14:25:00Z</time>
      </trkpt>
      <trkpt lat="61.97758" lon="12.27293">
        <time>2023-01-31T14:45:00Z</time>
      </trkpt>
      <trkpt lat="61.98019" lon="12.27317">
        <time>2023-01-31T15:07:00Z</time>
      </trkpt>
      <trkpt lat="61.98009" lon="12.27295">
        <time>2023-02-01T06:43:00Z</time>
      </trkpt>
      <trkpt lat="61.98116" lon="12.27381">
        <time>2023-02-01T07:03:00Z</time>
      </trkpt>
      <trkpt lat="61.98374" lon="12.284">
        <time>2023-02-01T07:23:00Z</time>
      </trkpt>
      <trkpt lat="61.98593" lon="12.28336">
        <time>2023-02-01T07:43:00Z</time>
      </trkpt>
      <trkpt lat="61.9886" lon="12.28677">
        <time>2023-02-01T08:03:00Z</time>
      </trkpt>
      <trkpt lat="61.9904" lon="12.28746">
        <time>2023-02-01T08:23:00Z</time>
      </trkpt>
      <trkpt lat="61.99142" lon="12.28808">
        <time>2023-02-01T08:43:00Z</time>
      </trkpt>
      <trkpt lat="61.99376" lon="12.28662">
        <time>2023-02-01T09:03:00Z</time>
      </trkpt>
      <trkpt lat="61.99682" lon="12.27827">
        <time>2023-02-01T09:23:00Z</time>
      </trkpt>
      <trkpt lat="61.99944" lon="12.27965">
        <time>2023-02-01T09:43:00Z</time>
      </trkpt>
      <trkpt lat="62.00153" lon="12.27887">
        <time>2023-02-01T10:03:00Z</time>
      </trkpt>
      <trkpt lat="62.00421" lon="12.27411">
        <time>2023-02-01T10:23:00Z</time>
      </trkpt>
      <trkpt lat="62.00712" lon="12.26836">
        <time>2023-02-01T10:44:00Z</time>
      </trkpt>
      <trkpt lat="62.00929" lon="12.26531">
        <time>2023-02-01T11:06:00Z</time>
      </trkpt>
      <trkpt lat="62.00929" lon="12.26531">
        <time>2023-02-01T11:06:00Z</time>
      </trkpt>
      <trkpt lat="62.01117" lon="12.26377">
        <time>2023-02-01T11:26:00Z</time>
      </trkpt>
      <trkpt lat="62.01259" lon="12.26808">
        <time>2023-02-01T11:48:00Z</time>
      </trkpt>
      <trkpt lat="62.01302" lon="12.26881">
        <time>2023-02-01T12:08:00Z</time>
      </trkpt>
      <trkpt lat="62.01583" lon="12.26703">
        <time>2023-02-01T12:28:00Z</time>
      </trkpt>
      <trkpt lat="62.01341" lon="12.26862">
        <time>2023-02-01T12:48:00Z</time>
      </trkpt>
      <trkpt lat="62.00848" lon="12.2654">
        <time>2023-02-01T13:09:00Z</time>
      </trkpt>
      <trkpt lat="62.00473" lon="12.27321">
        <time>2023-02-01T13:29:00Z</time>
      </trkpt>
      <trkpt lat="62.00115" lon="12.27945">
        <time>2023-02-01T13:49:00Z</time>
      </trkpt>
      <trkpt lat="61.99661" lon="12.27928">
        <time>2023-02-01T14:09:00Z</time>
      </trkpt>
      <trkpt lat="61.99367" lon="12.28707">
        <time>2023-02-01T14:29:00Z</time>
      </trkpt>
      <trkpt lat="61.99411" lon="12.28774">
        <time>2023-02-01T14:49:00Z</time>
      </trkpt>
      <trkpt lat="61.99792" lon="12.29623">
        <time>2023-02-01T15:09:00Z</time>
      </trkpt>
      <trkpt lat="62.00722" lon="12.30387">
        <time>2023-02-02T06:42:00Z</time>
      </trkpt>
      <trkpt lat="62.00719" lon="12.30379">
        <time>2023-02-02T06:42:00Z</time>
      </trkpt>
      <trkpt lat="62.0072" lon="12.30381">
        <time>2023-02-02T06:43:00Z</time>
      </trkpt>
      <trkpt lat="62.00724" lon="12.30389">
        <time>2023-02-02T07:13:00Z</time>
      </trkpt>
      <trkpt lat="62.00918" lon="12.30849">
        <time>2023-02-02T08:00:00Z</time>
      </trkpt>
      <trkpt lat="62.01334" lon="12.32005">
        <time>2023-02-02T08:30:00Z</time>
      </trkpt>
      <trkpt lat="62.01694" lon="12.33104">
        <time>2023-02-02T09:00:00Z</time>
      </trkpt>
      <trkpt lat="62.02277" lon="12.36621">
        <time>2023-02-02T09:30:00Z</time>
      </trkpt>
      <trkpt lat="62.02268" lon="12.37567">
        <time>2023-02-02T10:01:00Z</time>
      </trkpt>
      <trkpt lat="62.02527" lon="12.37372">
        <time>2023-02-02T10:31:00Z</time>
      </trkpt>
      <trkpt lat="62.03694" lon="12.35117">
        <time>2023-02-02T11:01:00Z</time>
      </trkpt>
      <trkpt lat="62.04569" lon="12.34125">
        <time>2023-02-02T11:31:00Z</time>
      </trkpt>
      <trkpt lat="62.06161" lon="12.31752">
        <time>2023-02-02T12:01:00Z</time>
      </trkpt>
      <trkpt lat="62.06173" lon="12.31773">
        <time>2023-02-02T12:31:00Z</time>
      </trkpt>
      <trkpt lat="62.07306" lon="12.31029">
        <time>2023-02-02T13:01:00Z</time>
      </trkpt>
      <trkpt lat="62.08913" lon="12.30771">
        <time>2023-02-02T13:31:00Z</time>
      </trkpt>
      <trkpt lat="62.09843" lon="12.31265">
        <time>2023-02-02T14:01:00Z</time>
      </trkpt>
      <trkpt lat="62.09863" lon="12.31241">
        <time>2023-02-02T14:38:00Z</time>
      </trkpt>
      <trkpt lat="62.09827" lon="12.3131">
        <time>2023-02-02T14:51:00Z</time>
      </trkpt>
      <trkpt lat="62.0988" lon="12.31258">
        <time>2023-02-03T07:19:00Z</time>
      </trkpt>
      <trkpt lat="62.0991" lon="12.31739">
        <time>2023-02-03T07:49:00Z</time>
      </trkpt>
      <trkpt lat="62.10046" lon="12.32902">
        <time>2023-02-03T08:19:00Z</time>
      </trkpt>
      <trkpt lat="62.10655" lon="12.33372">
        <time>2023-02-03T08:50:00Z</time>
      </trkpt>
      <trkpt lat="62.11316" lon="12.33881">
        <time>2023-02-03T09:20:00Z</time>
      </trkpt>
      <trkpt lat="62.12541" lon="12.35571">
        <time>2023-02-03T09:50:00Z</time>
      </trkpt>
      <trkpt lat="62.13878" lon="12.36286">
        <time>2023-02-03T10:20:00Z</time>
      </trkpt>
      <trkpt lat="62.15083" lon="12.37076">
        <time>2023-02-03T10:50:00Z</time>
      </trkpt>
      <trkpt lat="62.16431" lon="12.37983">
        <time>2023-02-03T11:20:00Z</time>
      </trkpt>
      <trkpt lat="62.18204" lon="12.38908">
        <time>2023-02-03T11:51:00Z</time>
      </trkpt>
      <trkpt lat="62.18627" lon="12.3914">
        <time>2023-02-03T12:21:00Z</time>
      </trkpt>
      <trkpt lat="62.19033" lon="12.38973">
        <time>2023-02-03T12:51:00Z</time>
      </trkpt>
      <trkpt lat="62.20546" lon="12.37859">
        <time>2023-02-03T13:21:00Z</time>
      </trkpt>
      <trkpt lat="62.21509" lon="12.35943">
        <time>2023-02-03T13:51:00Z</time>
      </trkpt>
      <trkpt lat="62.22546" lon="12.35054">
        <time>2023-02-03T14:21:00Z</time>
      </trkpt>
      <trkpt lat="62.23927" lon="12.34861">
        <time>2023-02-03T14:52:00Z</time>
      </trkpt>
      <trkpt lat="62.25357" lon="12.3496">
        <time>2023-02-03T15:22:00Z</time>
      </trkpt>
      <trkpt lat="62.25968" lon="12.35846">
        <time>2023-02-03T15:52:00Z</time>
      </trkpt>
      <trkpt lat="62.25968" lon="12.35842">
        <time>2023-02-03T16:22:00Z</time>
      </trkpt>
      <trkpt lat="62.25966" lon="12.35846">
        <time>2023-02-03T16:26:00Z</time>
      </trkpt>
      <trkpt lat="62.25964" lon="12.35848">
        <time>2023-02-04T07:23:00Z</time>
      </trkpt>
      <trkpt lat="62.25959" lon="12.3585">
        <time>2023-02-04T07:53:00Z</time>
      </trkpt>
      <trkpt lat="62.25926" lon="12.36698">
        <time>2023-02-04T08:23:00Z</time>
      </trkpt>
      <trkpt lat="62.26422" lon="12.38286">
        <time>2023-02-04T08:53:00Z</time>
      </trkpt>
      <trkpt lat="62.27592" lon="12.39108">
        <time>2023-02-04T09:24:00Z</time>
      </trkpt>
      <trkpt lat="62.28081" lon="12.39872">
        <time>2023-02-04T09:54:00Z</time>
      </trkpt>
      <trkpt lat="62.28774" lon="12.40249">
        <time>2023-02-04T10:24:00Z</time>
      </trkpt>
      <trkpt lat="62.29264" lon="12.41919">
        <time>2023-02-04T10:54:00Z</time>
      </trkpt>
      <trkpt lat="62.30139" lon="12.43717">
        <time>2023-02-04T11:25:00Z</time>
      </trkpt>
      <trkpt lat="62.3055" lon="12.43949">
        <time>2023-02-04T11:55:00Z</time>
      </trkpt>
      <trkpt lat="62.31881" lon="12.44545">
        <time>2023-02-04T12:25:00Z</time>
      </trkpt>
      <trkpt lat="62.3292" lon="12.41663">
        <time>2023-02-04T12:55:00Z</time>
      </trkpt>
      <trkpt lat="62.33505" lon="12.40039">
        <time>2023-02-04T13:25:00Z</time>
      </trkpt>
      <trkpt lat="62.34168" lon="12.38099">
        <time>2023-02-04T13:55:00Z</time>
      </trkpt>
      <trkpt lat="62.3466" lon="12.36728">
        <time>2023-02-04T14:25:00Z</time>
      </trkpt>
      <trkpt lat="62.34989" lon="12.35754">
        <time>2023-02-04T14:57:00Z</time>
      </trkpt>
      <trkpt lat="62.35522" lon="12.34533">
        <time>2023-02-04T15:27:00Z</time>
      </trkpt>
      <trkpt lat="62.35527" lon="12.34531">
        <time>2023-02-04T15:33:00Z</time>
      </trkpt>
      <trkpt lat="62.35527" lon="12.34526">
        <time>2023-02-05T07:21:00Z</time>
      </trkpt>
      <trkpt lat="62.35521" lon="12.34548">
        <time>2023-02-05T07:51:00Z</time>
      </trkpt>
      <trkpt lat="62.35766" lon="12.34147">
        <time>2023-02-05T08:21:00Z</time>
      </trkpt>
      <trkpt lat="62.36335" lon="12.34082">
        <time>2023-02-05T08:51:00Z</time>
      </trkpt>
      <trkpt lat="62.37299" lon="12.33664">
        <time>2023-02-05T09:21:00Z</time>
      </trkpt>
      <trkpt lat="62.38175" lon="12.31694">
        <time>2023-02-05T09:51:00Z</time>
      </trkpt>
      <trkpt lat="62.38529" lon="12.29741">
        <time>2023-02-05T10:22:00Z</time>
      </trkpt>
      <trkpt lat="62.3875" lon="12.29003">
        <time>2023-02-05T10:52:00Z</time>
      </trkpt>
      <trkpt lat="62.38791" lon="12.28808">
        <time>2023-02-05T11:22:00Z</time>
      </trkpt>
      <trkpt lat="62.3879" lon="12.28804">
        <time>2023-02-05T11:55:00Z</time>
      </trkpt>
      <trkpt lat="62.39247" lon="12.28102">
        <time>2023-02-05T12:25:00Z</time>
      </trkpt>
      <trkpt lat="62.39837" lon="12.27892">
        <time>2023-02-05T12:55:00Z</time>
      </trkpt>
      <trkpt lat="62.40717" lon="12.27383">
        <time>2023-02-05T13:25:00Z</time>
      </trkpt>
      <trkpt lat="62.4127" lon="12.27902">
        <time>2023-02-05T13:55:00Z</time>
      </trkpt>
      <trkpt lat="62.41999" lon="12.28302">
        <time>2023-02-05T14:25:00Z</time>
      </trkpt>
      <trkpt lat="62.42336" lon="12.28978">
        <time>2023-02-05T14:55:00Z</time>
      </trkpt>
      <trkpt lat="62.42689" lon="12.29289">
        <time>2023-02-05T15:26:00Z</time>
      </trkpt>
      <trkpt lat="62.42683" lon="12.29274">
        <time>2023-02-05T15:56:00Z</time>
      </trkpt>
      <trkpt lat="62.42686" lon="12.29274">
        <time>2023-02-05T15:58:00Z</time>
      </trkpt>
      <trkpt lat="62.42685" lon="12.29276">
        <time>2023-02-06T06:37:00Z</time>
      </trkpt>
      <trkpt lat="62.42685" lon="12.29276">
        <time>2023-02-06T07:07:00Z</time>
      </trkpt>
      <trkpt lat="62.42843" lon="12.29636">
        <time>2023-02-06T07:37:00Z</time>
      </trkpt>
      <trkpt lat="62.43468" lon="12.2939">
        <time>2023-02-06T08:07:00Z</time>
      </trkpt>
      <trkpt lat="62.44104" lon="12.28555">
        <time>2023-02-06T08:37:00Z</time>
      </trkpt>
      <trkpt lat="62.44615" lon="12.28872">
        <time>2023-02-06T09:07:00Z</time>
      </trkpt>
      <trkpt lat="62.45174" lon="12.28106">
        <time>2023-02-06T09:38:00Z</time>
      </trkpt>
      <trkpt lat="62.45614" lon="12.28111">
        <time>2023-02-06T10:08:00Z</time>
      </trkpt>
      <trkpt lat="62.46127" lon="12.28351">
        <time>2023-02-06T10:38:00Z</time>
      </trkpt>
      <trkpt lat="62.46278" lon="12.28623">
        <time>2023-02-06T11:08:00Z</time>
      </trkpt>
      <trkpt lat="62.46729" lon="12.2842">
        <time>2023-02-06T11:38:00Z</time>
      </trkpt>
      <trkpt lat="62.4692" lon="12.28563">
        <time>2023-02-06T12:08:00Z</time>
      </trkpt>
      <trkpt lat="62.47029" lon="12.28654">
        <time>2023-02-06T12:38:00Z</time>
      </trkpt>
      <trkpt lat="62.47131" lon="12.28892">
        <time>2023-02-06T13:08:00Z</time>
      </trkpt>
      <trkpt lat="62.47245" lon="12.29044">
        <time>2023-02-06T13:38:00Z</time>
      </trkpt>
      <trkpt lat="62.47868" lon="12.27473">
        <time>2023-02-06T14:09:00Z</time>
      </trkpt>
      <trkpt lat="62.48548" lon="12.2713">
        <time>2023-02-06T14:39:00Z</time>
      </trkpt>
      <trkpt lat="62.49699" lon="12.2698">
        <time>2023-02-06T15:09:00Z</time>
      </trkpt>
      <trkpt lat="62.50935" lon="12.27503">
        <time>2023-02-06T15:39:00Z</time>
      </trkpt>
      <trkpt lat="62.52635" lon="12.29327">
        <time>2023-02-06T16:09:00Z</time>
      </trkpt>
      <trkpt lat="62.53075" lon="12.29765">
        <time>2023-02-06T16:39:00Z</time>
      </trkpt>
      <trkpt lat="62.53072" lon="12.29761">
        <time>2023-02-06T17:09:00Z</time>
      </trkpt>
      <trkpt lat="62.53073" lon="12.29761">
        <time>2023-02-06T17:14:00Z</time>
      </trkpt>
      <trkpt lat="62.53074" lon="12.29761">
        <time>2023-02-07T06:43:00Z</time>
      </trkpt>
      <trkpt lat="62.53077" lon="12.29767">
        <time>2023-02-07T07:13:00Z</time>
      </trkpt>
      <trkpt lat="62.53462" lon="12.30207">
        <time>2023-02-07T07:43:00Z</time>
      </trkpt>
      <trkpt lat="62.5402" lon="12.30488">
        <time>2023-02-07T08:13:00Z</time>
      </trkpt>
      <trkpt lat="62.54555" lon="12.2981">
        <time>2023-02-07T08:43:00Z</time>
      </trkpt>
      <trkpt lat="62.54968" lon="12.2722">
        <time>2023-02-07T09:20:00Z</time>
      </trkpt>
      <trkpt lat="62.55891" lon="12.25195">
        <time>2023-02-07T09:50:00Z</time>
      </trkpt>
      <trkpt lat="62.56093" lon="12.24789">
        <time>2023-02-07T10:54:00Z</time>
      </trkpt>
      <trkpt lat="62.56982" lon="12.23109">
        <time>2023-02-07T11:24:00Z</time>
      </trkpt>
      <trkpt lat="62.57298" lon="12.22461">
        <time>2023-02-07T12:10:00Z</time>
      </trkpt>
      <trkpt lat="62.57345" lon="12.22388">
        <time>2023-02-08T06:25:00Z</time>
      </trkpt>
      <trkpt lat="62.57936" lon="12.21622">
        <time>2023-02-08T06:55:00Z</time>
      </trkpt>
      <trkpt lat="62.58299" lon="12.21615">
        <time>2023-02-08T07:25:00Z</time>
      </trkpt>
      <trkpt lat="62.59364" lon="12.21113">
        <time>2023-02-08T07:55:00Z</time>
      </trkpt>
      <trkpt lat="62.59999" lon="12.20736">
        <time>2023-02-08T08:25:00Z</time>
      </trkpt>
      <trkpt lat="62.61" lon="12.21594">
        <time>2023-02-08T08:55:00Z</time>
      </trkpt>
      <trkpt lat="62.61519" lon="12.23716">
        <time>2023-02-08T09:25:00Z</time>
      </trkpt>
      <trkpt lat="62.6255" lon="12.23926">
        <time>2023-02-08T09:55:00Z</time>
      </trkpt>
      <trkpt lat="62.63686" lon="12.23536">
        <time>2023-02-08T10:25:00Z</time>
      </trkpt>
      <trkpt lat="62.64017" lon="12.22439">
        <time>2023-02-08T10:55:00Z</time>
      </trkpt>
      <trkpt lat="62.64445" lon="12.23349">
        <time>2023-02-08T11:25:00Z</time>
      </trkpt>
      <trkpt lat="62.65417" lon="12.24506">
        <time>2023-02-08T11:55:00Z</time>
      </trkpt>
      <trkpt lat="62.66086" lon="12.25149">
        <time>2023-02-08T12:29:00Z</time>
      </trkpt>
      <trkpt lat="62.66647" lon="12.25055">
        <time>2023-02-08T12:59:00Z</time>
      </trkpt>
      <trkpt lat="62.67547" lon="12.26164">
        <time>2023-02-08T13:29:00Z</time>
      </trkpt>
      <trkpt lat="62.68593" lon="12.27568">
        <time>2023-02-08T13:59:00Z</time>
      </trkpt>
      <trkpt lat="62.69385" lon="12.28621">
        <time>2023-02-08T14:29:00Z</time>
      </trkpt>
      <trkpt lat="62.70152" lon="12.29351">
        <time>2023-02-08T15:01:00Z</time>
      </trkpt>
      <trkpt lat="62.70635" lon="12.30799">
        <time>2023-02-08T15:31:00Z</time>
      </trkpt>
      <trkpt lat="62.70634" lon="12.30799">
        <time>2023-02-08T16:01:00Z</time>
      </trkpt>
      <trkpt lat="62.70637" lon="12.30804">
        <time>2023-02-08T16:08:00Z</time>
      </trkpt>
      <trkpt lat="62.7063" lon="12.30801">
        <time>2023-02-09T06:38:00Z</time>
      </trkpt>
      <trkpt lat="62.7064" lon="12.30797">
        <time>2023-02-09T07:08:00Z</time>
      </trkpt>
      <trkpt lat="62.70874" lon="12.29881">
        <time>2023-02-09T07:38:00Z</time>
      </trkpt>
      <trkpt lat="62.7102" lon="12.29321">
        <time>2023-02-09T08:08:00Z</time>
      </trkpt>
      <trkpt lat="62.71712" lon="12.30023">
        <time>2023-02-09T08:38:00Z</time>
      </trkpt>
      <trkpt lat="62.72242" lon="12.3051">
        <time>2023-02-09T09:08:00Z</time>
      </trkpt>
      <trkpt lat="62.72171" lon="12.32724">
        <time>2023-02-09T09:39:00Z</time>
      </trkpt>
      <trkpt lat="62.72283" lon="12.32452">
        <time>2023-02-09T10:09:00Z</time>
      </trkpt>
      <trkpt lat="62.72744" lon="12.32046">
        <time>2023-02-09T10:39:00Z</time>
      </trkpt>
      <trkpt lat="62.73058" lon="12.32089">
        <time>2023-02-09T11:09:00Z</time>
      </trkpt>
      <trkpt lat="62.7342" lon="12.32351">
        <time>2023-02-09T11:39:00Z</time>
      </trkpt>
      <trkpt lat="62.73623" lon="12.32188">
        <time>2023-02-09T12:09:00Z</time>
      </trkpt>
      <trkpt lat="62.74585" lon="12.32806">
        <time>2023-02-09T12:39:00Z</time>
      </trkpt>
      <trkpt lat="62.75731" lon="12.33876">
        <time>2023-02-09T13:09:00Z</time>
      </trkpt>
      <trkpt lat="62.76645" lon="12.35166">
        <time>2023-02-09T13:40:00Z</time>
      </trkpt>
      <trkpt lat="62.77304" lon="12.35994">
        <time>2023-02-09T14:10:00Z</time>
      </trkpt>
      <trkpt lat="62.78688" lon="12.38131">
        <time>2023-02-09T14:41:00Z</time>
      </trkpt>
      <trkpt lat="62.79566" lon="12.40011">
        <time>2023-02-09T15:11:00Z</time>
      </trkpt>
      <trkpt lat="62.80152" lon="12.41223">
        <time>2023-02-09T15:41:00Z</time>
      </trkpt>
      <trkpt lat="62.80896" lon="12.42659">
        <time>2023-02-09T16:11:00Z</time>
      </trkpt>
      <trkpt lat="62.81721" lon="12.44144">
        <time>2023-02-09T16:41:00Z</time>
      </trkpt>
      <trkpt lat="62.81819" lon="12.44579">
        <time>2023-02-10T07:28:00Z</time>
      </trkpt>
      <trkpt lat="62.82318" lon="12.44979">
        <time>2023-02-10T07:58:00Z</time>
      </trkpt>
      <trkpt lat="62.83085" lon="12.45854">
        <time>2023-02-10T08:28:00Z</time>
      </trkpt>
      <trkpt lat="62.84077" lon="12.47047">
        <time>2023-02-10T08:58:00Z</time>
      </trkpt>
      <trkpt lat="62.84506" lon="12.47624">
        <time>2023-02-10T09:28:00Z</time>
      </trkpt>
      <trkpt lat="62.8544" lon="12.48277">
        <time>2023-02-10T09:58:00Z</time>
      </trkpt>
      <trkpt lat="62.86404" lon="12.49028">
        <time>2023-02-10T10:28:00Z</time>
      </trkpt>
      <trkpt lat="62.87116" lon="12.49774">
        <time>2023-02-10T10:59:00Z</time>
      </trkpt>
      <trkpt lat="62.8767" lon="12.50296">
        <time>2023-02-10T11:29:00Z</time>
      </trkpt>
      <trkpt lat="62.8827" lon="12.50603">
        <time>2023-02-10T11:59:00Z</time>
      </trkpt>
      <trkpt lat="62.88892" lon="12.50939">
        <time>2023-02-10T12:29:00Z</time>
      </trkpt>
      <trkpt lat="62.89265" lon="12.51115">
        <time>2023-02-10T12:59:00Z</time>
      </trkpt>
      <trkpt lat="62.89692" lon="12.51952">
        <time>2023-02-10T13:29:00Z</time>
      </trkpt>
      <trkpt lat="62.90894" lon="12.52484">
        <time>2023-02-10T13:59:00Z</time>
      </trkpt>
      <trkpt lat="62.9154" lon="12.51755">
        <time>2023-02-10T14:29:00Z</time>
      </trkpt>
      <trkpt lat="62.91684" lon="12.50588">
        <time>2023-02-10T14:56:00Z</time>
      </trkpt>
      <trkpt lat="62.91844" lon="12.50111">
        <time>2023-02-11T06:40:00Z</time>
      </trkpt>
      <trkpt lat="62.92653" lon="12.48671">
        <time>2023-02-11T07:10:00Z</time>
      </trkpt>
      <trkpt lat="62.93849" lon="12.47255">
        <time>2023-02-11T07:40:00Z</time>
      </trkpt>
      <trkpt lat="62.94173" lon="12.46684">
        <time>2023-02-11T08:10:00Z</time>
      </trkpt>
      <trkpt lat="62.94999" lon="12.4497">
        <time>2023-02-11T08:40:00Z</time>
      </trkpt>
      <trkpt lat="62.95471" lon="12.42747">
        <time>2023-02-11T09:10:00Z</time>
      </trkpt>
      <trkpt lat="62.95848" lon="12.41015">
        <time>2023-02-11T09:40:00Z</time>
      </trkpt>
      <trkpt lat="62.96289" lon="12.39166">
        <time>2023-02-11T10:10:00Z</time>
      </trkpt>
      <trkpt lat="62.97127" lon="12.3694">
        <time>2023-02-11T10:40:00Z</time>
      </trkpt>
      <trkpt lat="62.98231" lon="12.36262">
        <time>2023-02-11T11:10:00Z</time>
      </trkpt>
      <trkpt lat="62.98421" lon="12.36089">
        <time>2023-02-11T11:40:00Z</time>
      </trkpt>
      <trkpt lat="62.9936" lon="12.35314">
        <time>2023-02-11T12:10:00Z</time>
      </trkpt>
      <trkpt lat="62.99988" lon="12.34572">
        <time>2023-02-11T12:41:00Z</time>
      </trkpt>
      <trkpt lat="63.00719" lon="12.3372">
        <time>2023-02-11T13:11:00Z</time>
      </trkpt>
      <trkpt lat="63.01156" lon="12.33076">
        <time>2023-02-11T13:41:00Z</time>
      </trkpt>
      <trkpt lat="63.01577" lon="12.31701">
        <time>2023-02-11T14:12:00Z</time>
      </trkpt>
      <trkpt lat="63.02121" lon="12.30424">
        <time>2023-02-11T14:42:00Z</time>
      </trkpt>
      <trkpt lat="63.02595" lon="12.29106">
        <time>2023-02-11T15:12:00Z</time>
      </trkpt>
      <trkpt lat="63.02792" lon="12.2804">
        <time>2023-02-11T15:42:00Z</time>
      </trkpt>
      <trkpt lat="63.03252" lon="12.26244">
        <time>2023-02-11T16:12:00Z</time>
      </trkpt>
      <trkpt lat="63.04242" lon="12.2743">
        <time>2023-02-11T16:42:00Z</time>
      </trkpt>
      <trkpt lat="63.04239" lon="12.27418">
        <time>2023-02-11T16:55:00Z</time>
      </trkpt>
      <trkpt lat="63.04275" lon="12.27484">
        <time>2023-02-12T09:13:00Z</time>
      </trkpt>
      <trkpt lat="63.05952" lon="12.27334">
        <time>2023-02-12T09:43:00Z</time>
      </trkpt>
      <trkpt lat="63.07251" lon="12.25823">
        <time>2023-02-12T10:13:00Z</time>
      </trkpt>
      <trkpt lat="63.08077" lon="12.23826">
        <time>2023-02-12T10:43:00Z</time>
      </trkpt>
      <trkpt lat="63.08672" lon="12.21718">
        <time>2023-02-12T11:13:00Z</time>
      </trkpt>
      <trkpt lat="63.08667" lon="12.21693">
        <time>2023-02-12T11:44:00Z</time>
      </trkpt>
      <trkpt lat="63.09518" lon="12.1971">
        <time>2023-02-12T12:14:00Z</time>
      </trkpt>
      <trkpt lat="63.10585" lon="12.18813">
        <time>2023-02-12T12:44:00Z</time>
      </trkpt>
      <trkpt lat="63.10694" lon="12.18568">
        <time>2023-02-12T13:14:00Z</time>
      </trkpt>
      <trkpt lat="63.11613" lon="12.1718">
        <time>2023-02-12T13:44:00Z</time>
      </trkpt>
      <trkpt lat="63.11992" lon="12.1535">
        <time>2023-02-12T14:14:00Z</time>
      </trkpt>
      <trkpt lat="63.1199" lon="12.1536">
        <time>2023-02-12T14:38:00Z</time>
      </trkpt>
      <trkpt lat="63.11991" lon="12.1535">
        <time>2023-02-13T08:52:00Z</time>
      </trkpt>
      <trkpt lat="63.11999" lon="12.15127">
        <time>2023-02-13T09:22:00Z</time>
      </trkpt>
      <trkpt lat="63.12596" lon="12.12455">
        <time>2023-02-13T09:52:00Z</time>
      </trkpt>
      <trkpt lat="63.13585" lon="12.10794">
        <time>2023-02-13T10:22:00Z</time>
      </trkpt>
      <trkpt lat="63.13939" lon="12.09691">
        <time>2023-02-13T10:52:00Z</time>
      </trkpt>
      <trkpt lat="63.14811" lon="12.09359">
        <time>2023-02-13T11:23:00Z</time>
      </trkpt>
      <trkpt lat="63.15469" lon="12.08393">
        <time>2023-02-13T11:53:00Z</time>
      </trkpt>
      <trkpt lat="63.16273" lon="12.09492">
        <time>2023-02-13T12:23:00Z</time>
      </trkpt>
      <trkpt lat="63.17139" lon="12.11432">
        <time>2023-02-13T12:53:00Z</time>
      </trkpt>
      <trkpt lat="63.17678" lon="12.11934">
        <time>2023-02-13T13:27:00Z</time>
      </trkpt>
      <trkpt lat="63.1867" lon="12.11756">
        <time>2023-02-13T13:57:00Z</time>
      </trkpt>
      <trkpt lat="63.19419" lon="12.1091">
        <time>2023-02-13T14:27:00Z</time>
      </trkpt>
      <trkpt lat="63.20046" lon="12.0994">
        <time>2023-02-13T14:57:00Z</time>
      </trkpt>
      <trkpt lat="63.20725" lon="12.0953">
        <time>2023-02-13T15:27:00Z</time>
      </trkpt>
      <trkpt lat="63.20725" lon="12.0953">
        <time>2023-02-13T15:27:00Z</time>
      </trkpt>
      <trkpt lat="63.20728" lon="12.09528">
        <time>2023-02-13T15:50:00Z</time>
      </trkpt>
      <trkpt lat="63.20724" lon="12.09526">
        <time>2023-02-14T06:36:00Z</time>
      </trkpt>
      <trkpt lat="63.20723" lon="12.09528">
        <time>2023-02-14T07:06:00Z</time>
      </trkpt>
      <trkpt lat="63.21512" lon="12.10114">
        <time>2023-02-14T07:37:00Z</time>
      </trkpt>
      <trkpt lat="63.21874" lon="12.11957">
        <time>2023-02-14T08:07:00Z</time>
      </trkpt>
      <trkpt lat="63.22175" lon="12.13305">
        <time>2023-02-14T08:37:00Z</time>
      </trkpt>
      <trkpt lat="63.22598" lon="12.14592">
        <time>2023-02-14T09:07:00Z</time>
      </trkpt>
      <trkpt lat="63.22885" lon="12.15927">
        <time>2023-02-14T09:37:00Z</time>
      </trkpt>
      <trkpt lat="63.23536" lon="12.14908">
        <time>2023-02-14T10:07:00Z</time>
      </trkpt>
      <trkpt lat="63.2392" lon="12.14208">
        <time>2023-02-14T10:37:00Z</time>
      </trkpt>
      <trkpt lat="63.24073" lon="12.13964">
        <time>2023-02-14T11:07:00Z</time>
      </trkpt>
      <trkpt lat="63.25326" lon="12.1264">
        <time>2023-02-14T11:38:00Z</time>
      </trkpt>
      <trkpt lat="63.26469" lon="12.12208">
        <time>2023-02-14T12:08:00Z</time>
      </trkpt>
      <trkpt lat="63.27419" lon="12.11955">
        <time>2023-02-14T12:38:00Z</time>
      </trkpt>
      <trkpt lat="63.28115" lon="12.11698">
        <time>2023-02-14T13:08:00Z</time>
      </trkpt>
      <trkpt lat="63.28674" lon="12.1203">
        <time>2023-02-14T13:38:00Z</time>
      </trkpt>
      <trkpt lat="63.28947" lon="12.12129">
        <time>2023-02-14T14:09:00Z</time>
      </trkpt>
      <trkpt lat="63.30896" lon="12.10799">
        <time>2023-02-14T16:12:00Z</time>
      </trkpt>
      <trkpt lat="63.29138" lon="12.12092">
        <time>2023-02-14T16:42:00Z</time>
      </trkpt>
      <trkpt lat="63.28688" lon="12.12026">
        <time>2023-02-14T17:39:00Z</time>
      </trkpt>
      <trkpt lat="63.28675" lon="12.12047">
        <time>2023-02-15T07:00:00Z</time>
      </trkpt>
      <trkpt lat="63.292" lon="12.12101">
        <time>2023-02-15T07:30:00Z</time>
      </trkpt>
      <trkpt lat="63.29704" lon="12.12386">
        <time>2023-02-15T08:00:00Z</time>
      </trkpt>
      <trkpt lat="63.30371" lon="12.12846">
        <time>2023-02-15T08:30:00Z</time>
      </trkpt>
      <trkpt lat="63.31244" lon="12.12174">
        <time>2023-02-15T09:00:00Z</time>
      </trkpt>
      <trkpt lat="63.3183" lon="12.11764">
        <time>2023-02-15T09:30:00Z</time>
      </trkpt>
      <trkpt lat="63.32295" lon="12.11893">
        <time>2023-02-15T10:00:00Z</time>
      </trkpt>
      <trkpt lat="63.3327" lon="12.13103">
        <time>2023-02-15T10:30:00Z</time>
      </trkpt>
      <trkpt lat="63.34176" lon="12.13981">
        <time>2023-02-15T11:00:00Z</time>
      </trkpt>
      <trkpt lat="63.35" lon="12.14348">
        <time>2023-02-15T11:30:00Z</time>
      </trkpt>
      <trkpt lat="63.35509" lon="12.1456">
        <time>2023-02-15T12:00:00Z</time>
      </trkpt>
      <trkpt lat="63.36432" lon="12.14981">
        <time>2023-02-15T12:30:00Z</time>
      </trkpt>
      <trkpt lat="63.37143" lon="12.15521">
        <time>2023-02-15T13:00:00Z</time>
      </trkpt>
      <trkpt lat="63.37595" lon="12.17461">
        <time>2023-02-15T13:30:00Z</time>
      </trkpt>
      <trkpt lat="63.37908" lon="12.19255">
        <time>2023-02-15T14:00:00Z</time>
      </trkpt>
      <trkpt lat="63.38825" lon="12.19791">
        <time>2023-02-15T14:30:00Z</time>
      </trkpt>
      <trkpt lat="63.40193" lon="12.20738">
        <time>2023-02-15T15:00:00Z</time>
      </trkpt>
      <trkpt lat="63.40848" lon="12.21274">
        <time>2023-02-15T15:31:00Z</time>
      </trkpt>
      <trkpt lat="63.40848" lon="12.2133">
        <time>2023-02-15T15:58:00Z</time>
      </trkpt>
      <trkpt lat="63.40845" lon="12.21328">
        <time>2023-02-16T06:18:00Z</time>
      </trkpt>
      <trkpt lat="63.40955" lon="12.21422">
        <time>2023-02-16T06:48:00Z</time>
      </trkpt>
      <trkpt lat="63.41284" lon="12.2145">
        <time>2023-02-16T07:18:00Z</time>
      </trkpt>
      <trkpt lat="63.41734" lon="12.21697">
        <time>2023-02-16T07:48:00Z</time>
      </trkpt>
      <trkpt lat="63.42073" lon="12.22158">
        <time>2023-02-16T08:18:00Z</time>
      </trkpt>
      <trkpt lat="63.426" lon="12.21588">
        <time>2023-02-16T08:48:00Z</time>
      </trkpt>
      <trkpt lat="63.4305" lon="12.22102">
        <time>2023-02-16T09:19:00Z</time>
      </trkpt>
      <trkpt lat="63.43537" lon="12.23536">
        <time>2023-02-16T09:49:00Z</time>
      </trkpt>
      <trkpt lat="63.4424" lon="12.23905">
        <time>2023-02-16T10:19:00Z</time>
      </trkpt>
      <trkpt lat="63.45128" lon="12.24089">
        <time>2023-02-16T10:49:00Z</time>
      </trkpt>
      <trkpt lat="63.45493" lon="12.24128">
        <time>2023-02-16T11:20:00Z</time>
      </trkpt>
      <trkpt lat="63.46222" lon="12.24231">
        <time>2023-02-16T11:50:00Z</time>
      </trkpt>
      <trkpt lat="63.47137" lon="12.24499">
        <time>2023-02-16T12:23:00Z</time>
      </trkpt>
      <trkpt lat="63.48264" lon="12.25004">
        <time>2023-02-16T12:53:00Z</time>
      </trkpt>
      <trkpt lat="63.49354" lon="12.24381">
        <time>2023-02-16T13:23:00Z</time>
      </trkpt>
      <trkpt lat="63.50261" lon="12.23452">
        <time>2023-02-16T13:53:00Z</time>
      </trkpt>
      <trkpt lat="63.51475" lon="12.24115">
        <time>2023-02-16T14:31:00Z</time>
      </trkpt>
      <trkpt lat="63.52416" lon="12.24568">
        <time>2023-02-16T15:01:00Z</time>
      </trkpt>
      <trkpt lat="63.53522" lon="12.25465">
        <time>2023-02-16T15:31:00Z</time>
      </trkpt>
      <trkpt lat="63.5469" lon="12.261">
        <time>2023-02-16T16:01:00Z</time>
      </trkpt>
      <trkpt lat="63.54811" lon="12.26143">
        <time>2023-02-16T16:10:00Z</time>
      </trkpt>
      <trkpt lat="63.54799" lon="12.26132">
        <time>2023-02-17T06:30:00Z</time>
      </trkpt>
      <trkpt lat="63.5544" lon="12.26473">
        <time>2023-02-17T07:00:00Z</time>
      </trkpt>
      <trkpt lat="63.56716" lon="12.26793">
        <time>2023-02-17T07:30:00Z</time>
      </trkpt>
      <trkpt lat="63.57996" lon="12.26729">
        <time>2023-02-17T08:01:00Z</time>
      </trkpt>
      <trkpt lat="63.58548" lon="12.25347">
        <time>2023-02-17T08:31:00Z</time>
      </trkpt>
      <trkpt lat="63.59757" lon="12.24467">
        <time>2023-02-17T09:02:00Z</time>
      </trkpt>
      <trkpt lat="63.60706" lon="12.22527">
        <time>2023-02-17T09:32:00Z</time>
      </trkpt>
      <trkpt lat="63.61287" lon="12.21881">
        <time>2023-02-17T10:02:00Z</time>
      </trkpt>
      <trkpt lat="63.61617" lon="12.19899">
        <time>2023-02-17T10:32:00Z</time>
      </trkpt>
      <trkpt lat="63.61952" lon="12.18963">
        <time>2023-02-17T11:02:00Z</time>
      </trkpt>
      <trkpt lat="63.62648" lon="12.18991">
        <time>2023-02-17T11:32:00Z</time>
      </trkpt>
      <trkpt lat="63.63277" lon="12.18725">
        <time>2023-02-17T12:02:00Z</time>
      </trkpt>
      <trkpt lat="63.63388" lon="12.18888">
        <time>2023-02-17T12:32:00Z</time>
      </trkpt>
      <trkpt lat="63.63739" lon="12.19697">
        <time>2023-02-17T13:02:00Z</time>
      </trkpt>
      <trkpt lat="63.63848" lon="12.19903">
        <time>2023-02-17T13:32:00Z</time>
      </trkpt>
      <trkpt lat="63.64031" lon="12.19725">
        <time>2023-02-17T14:03:00Z</time>
      </trkpt>
      <trkpt lat="63.64429" lon="12.19547">
        <time>2023-02-17T14:33:00Z</time>
      </trkpt>
      <trkpt lat="63.6488" lon="12.19043">
        <time>2023-02-17T15:03:00Z</time>
      </trkpt>
      <trkpt lat="63.65068" lon="12.19186">
        <time>2023-02-17T15:33:00Z</time>
      </trkpt>
      <trkpt lat="63.64742" lon="12.19791">
        <time>2023-02-17T16:03:00Z</time>
      </trkpt>
      <trkpt lat="63.64733" lon="12.19789">
        <time>2023-02-17T16:20:00Z</time>
      </trkpt>
      <trkpt lat="63.64739" lon="12.19779">
        <time>2023-02-18T06:36:00Z</time>
      </trkpt>
      <trkpt lat="63.64634" lon="12.2">
        <time>2023-02-18T07:06:00Z</time>
      </trkpt>
      <trkpt lat="63.64701" lon="12.21083">
        <time>2023-02-18T07:36:00Z</time>
      </trkpt>
      <trkpt lat="63.65211" lon="12.21965">
        <time>2023-02-18T08:06:00Z</time>
      </trkpt>
      <trkpt lat="63.65902" lon="12.23362">
        <time>2023-02-18T08:36:00Z</time>
      </trkpt>
      <trkpt lat="63.66554" lon="12.22856">
        <time>2023-02-18T09:06:00Z</time>
      </trkpt>
      <trkpt lat="63.67097" lon="12.22055">
        <time>2023-02-18T09:36:00Z</time>
      </trkpt>
      <trkpt lat="63.6697" lon="12.23677">
        <time>2023-02-18T10:07:00Z</time>
      </trkpt>
      <trkpt lat="63.674" lon="12.23139">
        <time>2023-02-18T10:37:00Z</time>
      </trkpt>
      <trkpt lat="63.67484" lon="12.23534">
        <time>2023-02-18T11:07:00Z</time>
      </trkpt>
      <trkpt lat="63.67884" lon="12.23645">
        <time>2023-02-18T11:37:00Z</time>
      </trkpt>
      <trkpt lat="63.68276" lon="12.23991">
        <time>2023-02-18T12:07:00Z</time>
      </trkpt>
      <trkpt lat="63.68873" lon="12.25295">
        <time>2023-02-18T12:37:00Z</time>
      </trkpt>
      <trkpt lat="63.68795" lon="12.27257">
        <time>2023-02-18T13:07:00Z</time>
      </trkpt>
      <trkpt lat="63.68683" lon="12.28604">
        <time>2023-02-18T13:37:00Z</time>
      </trkpt>
      <trkpt lat="63.69206" lon="12.29121">
        <time>2023-02-18T14:07:00Z</time>
      </trkpt>
      <trkpt lat="63.70342" lon="12.27924">
        <time>2023-02-18T15:02:00Z</time>
      </trkpt>
      <trkpt lat="63.70932" lon="12.27276">
        <time>2023-02-18T15:32:00Z</time>
      </trkpt>
      <trkpt lat="63.7116" lon="12.27403">
        <time>2023-02-18T16:02:00Z</time>
      </trkpt>
      <trkpt lat="63.71157" lon="12.27407">
        <time>2023-02-18T16:32:00Z</time>
      </trkpt>
      <trkpt lat="63.71139" lon="12.2742">
        <time>2023-02-19T06:25:00Z</time>
      </trkpt>
      <trkpt lat="63.71132" lon="12.27544">
        <time>2023-02-19T06:55:00Z</time>
      </trkpt>
      <trkpt lat="63.71457" lon="12.28982">
        <time>2023-02-19T07:25:00Z</time>
      </trkpt>
      <trkpt lat="63.71821" lon="12.29821">
        <time>2023-02-19T07:55:00Z</time>
      </trkpt>
      <trkpt lat="63.7256" lon="12.30613">
        <time>2023-02-19T08:25:00Z</time>
      </trkpt>
      <trkpt lat="63.7333" lon="12.30681">
        <time>2023-02-19T08:55:00Z</time>
      </trkpt>
      <trkpt lat="63.74161" lon="12.30675">
        <time>2023-02-19T09:25:00Z</time>
      </trkpt>
      <trkpt lat="63.74621" lon="12.3125">
        <time>2023-02-19T09:55:00Z</time>
      </trkpt>
      <trkpt lat="63.74841" lon="12.31962">
        <time>2023-02-19T10:25:00Z</time>
      </trkpt>
      <trkpt lat="63.75691" lon="12.32572">
        <time>2023-02-19T10:55:00Z</time>
      </trkpt>
      <trkpt lat="63.7618" lon="12.34702">
        <time>2023-02-19T11:27:00Z</time>
      </trkpt>
      <trkpt lat="63.76776" lon="12.35604">
        <time>2023-02-19T11:57:00Z</time>
      </trkpt>
      <trkpt lat="63.77255" lon="12.36447">
        <time>2023-02-19T12:27:00Z</time>
      </trkpt>
      <trkpt lat="63.77921" lon="12.37155">
        <time>2023-02-19T12:57:00Z</time>
      </trkpt>
      <trkpt lat="63.78587" lon="12.37127">
        <time>2023-02-19T13:29:00Z</time>
      </trkpt>
      <trkpt lat="63.79177" lon="12.38415">
        <time>2023-02-19T13:59:00Z</time>
      </trkpt>
      <trkpt lat="63.79807" lon="12.39071">
        <time>2023-02-19T14:29:00Z</time>
      </trkpt>
      <trkpt lat="63.80339" lon="12.38254">
        <time>2023-02-19T14:59:00Z</time>
      </trkpt>
      <trkpt lat="63.80619" lon="12.38376">
        <time>2023-02-19T15:29:00Z</time>
      </trkpt>
      <trkpt lat="63.80702" lon="12.38314">
        <time>2023-02-19T15:59:00Z</time>
      </trkpt>
      <trkpt lat="63.80704" lon="12.38309">
        <time>2023-02-19T16:34:00Z</time>
      </trkpt>
      <trkpt lat="63.80702" lon="12.38314">
        <time>2023-02-20T06:29:00Z</time>
      </trkpt>
      <trkpt lat="63.80701" lon="12.38318">
        <time>2023-02-20T06:59:00Z</time>
      </trkpt>
      <trkpt lat="63.80802" lon="12.38322">
        <time>2023-02-20T07:29:00Z</time>
      </trkpt>
      <trkpt lat="63.80962" lon="12.38599">
        <time>2023-02-20T07:59:00Z</time>
      </trkpt>
      <trkpt lat="63.81176" lon="12.38335">
        <time>2023-02-20T08:30:00Z</time>
      </trkpt>
      <trkpt lat="63.81284" lon="12.38288">
        <time>2023-02-20T09:00:00Z</time>
      </trkpt>
      <trkpt lat="63.81431" lon="12.38129">
        <time>2023-02-20T09:30:00Z</time>
      </trkpt>
      <trkpt lat="63.81667" lon="12.3796">
        <time>2023-02-20T10:00:00Z</time>
      </trkpt>
      <trkpt lat="63.81621" lon="12.37413">
        <time>2023-02-20T10:30:00Z</time>
      </trkpt>
      <trkpt lat="63.81765" lon="12.37389">
        <time>2023-02-20T11:00:00Z</time>
      </trkpt>
      <trkpt lat="63.82215" lon="12.36297">
        <time>2023-02-20T11:30:00Z</time>
      </trkpt>
      <trkpt lat="63.8257" lon="12.349">
        <time>2023-02-20T12:00:00Z</time>
      </trkpt>
      <trkpt lat="63.82593" lon="12.34696">
        <time>2023-02-20T12:30:00Z</time>
      </trkpt>
      <trkpt lat="63.82682" lon="12.34584">
        <time>2023-02-20T13:00:00Z</time>
      </trkpt>
      <trkpt lat="63.8312" lon="12.33308">
        <time>2023-02-20T13:31:00Z</time>
      </trkpt>
      <trkpt lat="63.83355" lon="12.3263">
        <time>2023-02-20T14:11:00Z</time>
      </trkpt>
      <trkpt lat="63.8338" lon="12.32582">
        <time>2023-02-20T14:41:00Z</time>
      </trkpt>
      <trkpt lat="63.83865" lon="12.32282">
        <time>2023-02-20T15:11:00Z</time>
      </trkpt>
      <trkpt lat="63.84282" lon="12.32421">
        <time>2023-02-20T15:41:00Z</time>
      </trkpt>
      <trkpt lat="63.84513" lon="12.31724">
        <time>2023-02-20T16:11:00Z</time>
      </trkpt>
      <trkpt lat="63.85031" lon="12.30846">
        <time>2023-02-20T16:41:00Z</time>
      </trkpt>
      <trkpt lat="63.85034" lon="12.30849">
        <time>2023-02-20T17:12:00Z</time>
      </trkpt>
      <trkpt lat="63.85035" lon="12.30851">
        <time>2023-02-20T17:23:00Z</time>
      </trkpt>
      <trkpt lat="63.85033" lon="12.30857">
        <time>2023-02-21T06:30:00Z</time>
      </trkpt>
      <trkpt lat="63.85036" lon="12.30851">
        <time>2023-02-21T07:00:00Z</time>
      </trkpt>
      <trkpt lat="63.85478" lon="12.30383">
        <time>2023-02-21T08:00:00Z</time>
      </trkpt>
      <trkpt lat="63.85621" lon="12.30344">
        <time>2023-02-21T08:30:00Z</time>
      </trkpt>
      <trkpt lat="63.86119" lon="12.30516">
        <time>2023-02-21T09:00:00Z</time>
      </trkpt>
      <trkpt lat="63.86396" lon="12.30121">
        <time>2023-02-21T09:31:00Z</time>
      </trkpt>
      <trkpt lat="63.86693" lon="12.29312">
        <time>2023-02-21T10:01:00Z</time>
      </trkpt>
      <trkpt lat="63.87092" lon="12.289">
        <time>2023-02-21T10:31:00Z</time>
      </trkpt>
      <trkpt lat="63.87265" lon="12.2896">
        <time>2023-02-21T11:01:00Z</time>
      </trkpt>
      <trkpt lat="63.8726" lon="12.28956">
        <time>2023-02-21T11:31:00Z</time>
      </trkpt>
      <trkpt lat="63.87642" lon="12.28696">
        <time>2023-02-21T12:01:00Z</time>
      </trkpt>
      <trkpt lat="63.87825" lon="12.28679">
        <time>2023-02-21T12:31:00Z</time>
      </trkpt>
      <trkpt lat="63.87739" lon="12.2887">
        <time>2023-02-21T13:01:00Z</time>
      </trkpt>
      <trkpt lat="63.87444" lon="12.29617">
        <time>2023-02-21T13:31:00Z</time>
      </trkpt>
      <trkpt lat="63.86931" lon="12.29136">
        <time>2023-02-21T14:01:00Z</time>
      </trkpt>
      <trkpt lat="63.86006" lon="12.3054">
        <time>2023-02-21T14:31:00Z</time>
      </trkpt>
      <trkpt lat="63.85824" lon="12.30428">
        <time>2023-02-21T15:01:00Z</time>
      </trkpt>
      <trkpt lat="63.84839" lon="12.3125">
        <time>2023-02-21T15:32:00Z</time>
      </trkpt>
      <trkpt lat="63.83972" lon="12.32334">
        <time>2023-02-21T16:02:00Z</time>
      </trkpt>
      <trkpt lat="63.83758" lon="12.32318">
        <time>2023-02-21T16:32:00Z</time>
      </trkpt>
      <trkpt lat="63.83769" lon="12.32336">
        <time>2023-02-21T17:03:00Z</time>
      </trkpt>
      <trkpt lat="63.83771" lon="12.32327">
        <time>2023-02-21T17:14:00Z</time>
      </trkpt>
      <trkpt lat="63.83769" lon="12.32323">
        <time>2023-02-22T07:17:00Z</time>
      </trkpt>
      <trkpt lat="63.83408" lon="12.31994">
        <time>2023-02-22T07:48:00Z</time>
      </trkpt>
      <trkpt lat="63.83097" lon="12.32394">
        <time>2023-02-22T08:18:00Z</time>
      </trkpt>
      <trkpt lat="63.82062" lon="12.32147">
        <time>2023-02-22T08:52:00Z</time>
      </trkpt>
      <trkpt lat="63.81296" lon="12.31158">
        <time>2023-02-22T09:22:00Z</time>
      </trkpt>
      <trkpt lat="63.80402" lon="12.31947">
        <time>2023-02-22T09:52:00Z</time>
      </trkpt>
      <trkpt lat="63.79671" lon="12.32381">
        <time>2023-02-22T10:22:00Z</time>
      </trkpt>
      <trkpt lat="63.78754" lon="12.32711">
        <time>2023-02-22T10:54:00Z</time>
      </trkpt>
      <trkpt lat="63.78404" lon="12.31495">
        <time>2023-02-22T11:24:00Z</time>
      </trkpt>
      <trkpt lat="63.77877" lon="12.30696">
        <time>2023-02-22T11:54:00Z</time>
      </trkpt>
      <trkpt lat="63.77339" lon="12.30887">
        <time>2023-02-22T12:24:00Z</time>
      </trkpt>
      <trkpt lat="63.76656" lon="12.31239">
        <time>2023-02-22T12:54:00Z</time>
      </trkpt>
      <trkpt lat="63.75894" lon="12.3164">
        <time>2023-02-22T13:24:00Z</time>
      </trkpt>
      <trkpt lat="63.75396" lon="12.32404">
        <time>2023-02-22T13:54:00Z</time>
      </trkpt>
      <trkpt lat="63.75019" lon="12.32198">
        <time>2023-02-22T14:24:00Z</time>
      </trkpt>
      <trkpt lat="63.74684" lon="12.31265">
        <time>2023-02-22T14:54:00Z</time>
      </trkpt>
      <trkpt lat="63.74306" lon="12.31902">
        <time>2023-02-22T15:26:00Z</time>
      </trkpt>
      <trkpt lat="63.73638" lon="12.31746">
        <time>2023-02-22T15:56:00Z</time>
      </trkpt>
      <trkpt lat="63.73297" lon="12.30784">
        <time>2023-02-22T16:26:00Z</time>
      </trkpt>
      <trkpt lat="63.72856" lon="12.29696">
        <time>2023-02-22T16:56:00Z</time>
      </trkpt>
      <trkpt lat="63.72853" lon="12.29696">
        <time>2023-02-22T17:26:00Z</time>
      </trkpt>
      <trkpt lat="63.7285" lon="12.29705">
        <time>2023-02-22T17:45:00Z</time>
      </trkpt>
      <trkpt lat="63.72843" lon="12.29722">
        <time>2023-02-23T06:25:00Z</time>
      </trkpt>
      <trkpt lat="63.72849" lon="12.29711">
        <time>2023-02-23T06:55:00Z</time>
      </trkpt>
      <trkpt lat="63.7218" lon="12.29898">
        <time>2023-02-23T07:25:00Z</time>
      </trkpt>
      <trkpt lat="63.71537" lon="12.29894">
        <time>2023-02-23T07:55:00Z</time>
      </trkpt>
      <trkpt lat="63.71055" lon="12.29066">
        <time>2023-02-23T08:26:00Z</time>
      </trkpt>
      <trkpt lat="63.70916" lon="12.28551">
        <time>2023-02-23T08:56:00Z</time>
      </trkpt>
      <trkpt lat="63.70765" lon="12.28426">
        <time>2023-02-23T09:26:00Z</time>
      </trkpt>
      <trkpt lat="63.70535" lon="12.2822">
        <time>2023-02-23T09:56:00Z</time>
      </trkpt>
      <trkpt lat="63.7016" lon="12.28126">
        <time>2023-02-23T10:27:00Z</time>
      </trkpt>
      <trkpt lat="63.6975" lon="12.28688">
        <time>2023-02-23T10:57:00Z</time>
      </trkpt>
      <trkpt lat="63.69585" lon="12.28555">
        <time>2023-02-23T11:27:00Z</time>
      </trkpt>
      <trkpt lat="63.6907" lon="12.27969">
        <time>2023-02-23T11:57:00Z</time>
      </trkpt>
      <trkpt lat="63.68206" lon="12.27197">
        <time>2023-02-23T12:27:00Z</time>
      </trkpt>
      <trkpt lat="63.68301" lon="12.26117">
        <time>2023-02-23T12:57:00Z</time>
      </trkpt>
      <trkpt lat="63.68292" lon="12.26149">
        <time>2023-02-23T13:32:00Z</time>
      </trkpt>
      <trkpt lat="63.67689" lon="12.25918">
        <time>2023-02-23T14:02:00Z</time>
      </trkpt>
      <trkpt lat="63.66162" lon="12.25849">
        <time>2023-02-23T14:32:00Z</time>
      </trkpt>
      <trkpt lat="63.65835" lon="12.23536">
        <time>2023-02-23T15:02:00Z</time>
      </trkpt>
      <trkpt lat="63.65849" lon="12.22143">
        <time>2023-02-23T15:32:00Z</time>
      </trkpt>
      <trkpt lat="63.65456" lon="12.21744">
        <time>2023-02-23T16:02:00Z</time>
      </trkpt>
      <trkpt lat="63.65215" lon="12.21903">
        <time>2023-02-23T16:32:00Z</time>
      </trkpt>
      <trkpt lat="63.65249" lon="12.21871">
        <time>2023-02-23T17:02:00Z</time>
      </trkpt>
      <trkpt lat="63.65213" lon="12.21903">
        <time>2023-02-23T17:12:00Z</time>
      </trkpt>
      <trkpt lat="63.65192" lon="12.21886">
        <time>2023-02-24T06:35:00Z</time>
      </trkpt>
      <trkpt lat="63.64686" lon="12.2207">
        <time>2023-02-24T07:05:00Z</time>
      </trkpt>
      <trkpt lat="63.64109" lon="12.22495">
        <time>2023-02-24T07:36:00Z</time>
      </trkpt>
      <trkpt lat="63.63974" lon="12.21497">
        <time>2023-02-24T08:06:00Z</time>
      </trkpt>
      <trkpt lat="63.63251" lon="12.21506">
        <time>2023-02-24T08:36:00Z</time>
      </trkpt>
      <trkpt lat="63.62622" lon="12.21369">
        <time>2023-02-24T09:06:00Z</time>
      </trkpt>
      <trkpt lat="63.62355" lon="12.21287">
        <time>2023-02-24T09:36:00Z</time>
      </trkpt>
      <trkpt lat="63.61882" lon="12.21319">
        <time>2023-02-24T10:06:00Z</time>
      </trkpt>
      <trkpt lat="63.61434" lon="12.21995">
        <time>2023-02-24T10:37:00Z</time>
      </trkpt>
      <trkpt lat="63.60629" lon="12.22587">
        <time>2023-02-24T11:07:00Z</time>
      </trkpt>
      <trkpt lat="63.59711" lon="12.24566">
        <time>2023-02-24T11:41:00Z</time>
      </trkpt>
      <trkpt lat="63.58537" lon="12.25443">
        <time>2023-02-24T12:11:00Z</time>
      </trkpt>
      <trkpt lat="63.57453" lon="12.27572">
        <time>2023-02-24T12:41:00Z</time>
      </trkpt>
      <trkpt lat="63.5748" lon="12.27572">
        <time>2023-02-24T13:12:00Z</time>
      </trkpt>
      <trkpt lat="63.57508" lon="12.27501">
        <time>2023-02-24T14:33:00Z</time>
      </trkpt>
      <trkpt lat="63.57721" lon="12.27031">
        <time>2023-02-25T07:32:00Z</time>
      </trkpt>
      <trkpt lat="63.58666" lon="12.27353">
        <time>2023-02-25T08:02:00Z</time>
      </trkpt>
      <trkpt lat="63.58992" lon="12.28175">
        <time>2023-02-25T08:32:00Z</time>
      </trkpt>
      <trkpt lat="63.59168" lon="12.3081">
        <time>2023-02-25T09:02:00Z</time>
      </trkpt>
      <trkpt lat="63.59643" lon="12.32902">
        <time>2023-02-25T09:32:00Z</time>
      </trkpt>
      <trkpt lat="63.60168" lon="12.34162">
        <time>2023-02-25T10:02:00Z</time>
      </trkpt>
      <trkpt lat="63.60612" lon="12.37962">
        <time>2023-02-25T10:32:00Z</time>
      </trkpt>
      <trkpt lat="63.61639" lon="12.40455">
        <time>2023-02-25T11:03:00Z</time>
      </trkpt>
      <trkpt lat="63.62505" lon="12.43251">
        <time>2023-02-25T11:33:00Z</time>
      </trkpt>
      <trkpt lat="63.62551" lon="12.46255">
        <time>2023-02-25T12:04:00Z</time>
      </trkpt>
      <trkpt lat="63.62868" lon="12.48787">
        <time>2023-02-25T12:34:00Z</time>
      </trkpt>
      <trkpt lat="63.63765" lon="12.50283">
        <time>2023-02-25T13:04:00Z</time>
      </trkpt>
      <trkpt lat="63.65303" lon="12.51989">
        <time>2023-02-25T13:34:00Z</time>
      </trkpt>
      <trkpt lat="63.66659" lon="12.53193">
        <time>2023-02-25T14:04:00Z</time>
      </trkpt>
      <trkpt lat="63.67783" lon="12.54752">
        <time>2023-02-25T14:34:00Z</time>
      </trkpt>
      <trkpt lat="63.6835" lon="12.55915">
        <time>2023-02-25T15:04:00Z</time>
      </trkpt>
      <trkpt lat="63.6908" lon="12.56975">
        <time>2023-02-25T15:34:00Z</time>
      </trkpt>
      <trkpt lat="63.69537" lon="12.57617">
        <time>2023-02-25T16:04:00Z</time>
      </trkpt>
      <trkpt lat="63.69921" lon="12.59765">
        <time>2023-02-25T16:34:00Z</time>
      </trkpt>
      <trkpt lat="63.70138" lon="12.60776">
        <time>2023-02-25T17:04:00Z</time>
      </trkpt>
      <trkpt lat="63.7014" lon="12.60769">
        <time>2023-02-25T17:15:00Z</time>
      </trkpt>
      <trkpt lat="63.70139" lon="12.60778">
        <time>2023-02-26T06:26:00Z</time>
      </trkpt>
      <trkpt lat="63.70675" lon="12.62627">
        <time>2023-02-26T06:56:00Z</time>
      </trkpt>
      <trkpt lat="63.70288" lon="12.64531">
        <time>2023-02-26T07:26:00Z</time>
      </trkpt>
      <trkpt lat="63.69991" lon="12.6697">
        <time>2023-02-26T07:56:00Z</time>
      </trkpt>
      <trkpt lat="63.6986" lon="12.70271">
        <time>2023-02-26T08:39:00Z</time>
      </trkpt>
      <trkpt lat="63.70124" lon="12.73333">
        <time>2023-02-26T09:09:00Z</time>
      </trkpt>
      <trkpt lat="63.70166" lon="12.7645">
        <time>2023-02-26T09:40:00Z</time>
      </trkpt>
      <trkpt lat="63.7022" lon="12.77504">
        <time>2023-02-26T10:13:00Z</time>
      </trkpt>
      <trkpt lat="63.70196" lon="12.78519">
        <time>2023-02-26T10:43:00Z</time>
      </trkpt>
      <trkpt lat="63.71128" lon="12.80231">
        <time>2023-02-26T11:13:00Z</time>
      </trkpt>
      <trkpt lat="63.72071" lon="12.82504">
        <time>2023-02-26T11:43:00Z</time>
      </trkpt>
      <trkpt lat="63.72598" lon="12.84321">
        <time>2023-02-26T12:13:00Z</time>
      </trkpt>
      <trkpt lat="63.72466" lon="12.86619">
        <time>2023-02-26T12:43:00Z</time>
      </trkpt>
      <trkpt lat="63.72666" lon="12.87902">
        <time>2023-02-26T13:16:00Z</time>
      </trkpt>
      <trkpt lat="63.73509" lon="12.88458">
        <time>2023-02-26T13:47:00Z</time>
      </trkpt>
      <trkpt lat="63.74617" lon="12.91634">
        <time>2023-02-26T14:17:00Z</time>
      </trkpt>
      <trkpt lat="63.75099" lon="12.94046">
        <time>2023-02-26T14:48:00Z</time>
      </trkpt>
      <trkpt lat="63.75287" lon="12.95559">
        <time>2023-02-26T15:19:00Z</time>
      </trkpt>
      <trkpt lat="63.75114" lon="12.96058">
        <time>2023-02-26T16:44:00Z</time>
      </trkpt>
      <trkpt lat="63.75077" lon="12.95874">
        <time>2023-02-27T06:48:00Z</time>
      </trkpt>
      <trkpt lat="63.7415" lon="12.95865">
        <time>2023-02-27T07:18:00Z</time>
      </trkpt>
      <trkpt lat="63.72998" lon="12.96593">
        <time>2023-02-27T07:52:00Z</time>
      </trkpt>
      <trkpt lat="63.71663" lon="12.97462">
        <time>2023-02-27T08:22:00Z</time>
      </trkpt>
      <trkpt lat="63.70874" lon="12.96513">
        <time>2023-02-27T08:52:00Z</time>
      </trkpt>
      <trkpt lat="63.70153" lon="12.95634">
        <time>2023-02-27T09:22:00Z</time>
      </trkpt>
      <trkpt lat="63.69633" lon="12.97275">
        <time>2023-02-27T09:52:00Z</time>
      </trkpt>
      <trkpt lat="63.69092" lon="12.99408">
        <time>2023-02-27T10:23:00Z</time>
      </trkpt>
      <trkpt lat="63.68638" lon="13.01123">
        <time>2023-02-27T10:53:00Z</time>
      </trkpt>
      <trkpt lat="63.68277" lon="13.02543">
        <time>2023-02-27T11:23:00Z</time>
      </trkpt>
      <trkpt lat="63.67951" lon="13.05041">
        <time>2023-02-27T11:53:00Z</time>
      </trkpt>
      <trkpt lat="63.67651" lon="13.06294">
        <time>2023-02-27T12:23:00Z</time>
      </trkpt>
      <trkpt lat="63.67313" lon="13.07764">
        <time>2023-02-27T12:53:00Z</time>
      </trkpt>
      <trkpt lat="63.66932" lon="13.08867">
        <time>2023-02-27T13:26:00Z</time>
      </trkpt>
      <trkpt lat="63.66456" lon="13.10369">
        <time>2023-02-27T13:56:00Z</time>
      </trkpt>
      <trkpt lat="63.66005" lon="13.11652">
        <time>2023-02-27T14:26:00Z</time>
      </trkpt>
      <trkpt lat="63.6548" lon="13.12828">
        <time>2023-02-27T14:56:00Z</time>
      </trkpt>
      <trkpt lat="63.6476" lon="13.14937">
        <time>2023-02-27T15:26:00Z</time>
      </trkpt>
      <trkpt lat="63.64213" lon="13.17184">
        <time>2023-02-27T15:56:00Z</time>
      </trkpt>
      <trkpt lat="63.63669" lon="13.1899">
        <time>2023-02-27T16:26:00Z</time>
      </trkpt>
      <trkpt lat="63.63663" lon="13.19007">
        <time>2023-02-27T16:49:00Z</time>
      </trkpt>
      <trkpt lat="63.63686" lon="13.19297">
        <time>2023-02-28T06:11:00Z</time>
      </trkpt>
      <trkpt lat="63.63096" lon="13.21868">
        <time>2023-02-28T06:41:00Z</time>
      </trkpt>
      <trkpt lat="63.63739" lon="13.23213">
        <time>2023-02-28T07:11:00Z</time>
      </trkpt>
      <trkpt lat="63.639" lon="13.26217">
        <time>2023-02-28T07:43:00Z</time>
      </trkpt>
      <trkpt lat="63.64037" lon="13.28902">
        <time>2023-02-28T08:13:00Z</time>
      </trkpt>
      <trkpt lat="63.64608" lon="13.28792">
        <time>2023-02-28T08:43:00Z</time>
      </trkpt>
      <trkpt lat="63.65559" lon="13.28747">
        <time>2023-02-28T09:13:00Z</time>
      </trkpt>
      <trkpt lat="63.66209" lon="13.28732">
        <time>2023-02-28T09:43:00Z</time>
      </trkpt>
      <trkpt lat="63.66981" lon="13.30689">
        <time>2023-02-28T10:13:00Z</time>
      </trkpt>
      <trkpt lat="63.67403" lon="13.31663">
        <time>2023-02-28T10:43:00Z</time>
      </trkpt>
      <trkpt lat="63.68051" lon="13.31674">
        <time>2023-02-28T11:13:00Z</time>
      </trkpt>
      <trkpt lat="63.68014" lon="13.33099">
        <time>2023-02-28T11:44:00Z</time>
      </trkpt>
      <trkpt lat="63.68508" lon="13.35543">
        <time>2023-02-28T12:14:00Z</time>
      </trkpt>
      <trkpt lat="63.68778" lon="13.3774">
        <time>2023-02-28T12:44:00Z</time>
      </trkpt>
      <trkpt lat="63.68947" lon="13.42029">
        <time>2023-02-28T13:33:00Z</time>
      </trkpt>
      <trkpt lat="63.68799" lon="13.4327">
        <time>2023-02-28T14:03:00Z</time>
      </trkpt>
      <trkpt lat="63.6931" lon="13.44894">
        <time>2023-02-28T14:33:00Z</time>
      </trkpt>
      <trkpt lat="63.69185" lon="13.46769">
        <time>2023-02-28T15:03:00Z</time>
      </trkpt>
      <trkpt lat="63.68795" lon="13.51293">
        <time>2023-02-28T16:03:00Z</time>
      </trkpt>
      <trkpt lat="63.69226" lon="13.53129">
        <time>2023-02-28T16:33:00Z</time>
      </trkpt>
      <trkpt lat="63.69237" lon="13.53153">
        <time>2023-02-28T16:58:00Z</time>
      </trkpt>
      <trkpt lat="63.69245" lon="13.53157">
        <time>2023-03-01T06:21:00Z</time>
      </trkpt>
      <trkpt lat="63.69383" lon="13.55812">
        <time>2023-03-01T06:51:00Z</time>
      </trkpt>
      <trkpt lat="63.69572" lon="13.59232">
        <time>2023-03-01T07:22:00Z</time>
      </trkpt>
      <trkpt lat="63.70193" lon="13.60279">
        <time>2023-03-01T07:53:00Z</time>
      </trkpt>
      <trkpt lat="63.70766" lon="13.60732">
        <time>2023-03-01T08:23:00Z</time>
      </trkpt>
      <trkpt lat="63.71709" lon="13.61397">
        <time>2023-03-01T08:53:00Z</time>
      </trkpt>
      <trkpt lat="63.7263" lon="13.62075">
        <time>2023-03-01T09:23:00Z</time>
      </trkpt>
      <trkpt lat="63.73781" lon="13.62545">
        <time>2023-03-01T09:53:00Z</time>
      </trkpt>
      <trkpt lat="63.74483" lon="13.62929">
        <time>2023-03-01T10:23:00Z</time>
      </trkpt>
      <trkpt lat="63.74924" lon="13.64528">
        <time>2023-03-01T10:53:00Z</time>
      </trkpt>
      <trkpt lat="63.75449" lon="13.6556">
        <time>2023-03-01T11:24:00Z</time>
      </trkpt>
      <trkpt lat="63.75202" lon="13.67513">
        <time>2023-03-01T11:54:00Z</time>
      </trkpt>
      <trkpt lat="63.74665" lon="13.71021">
        <time>2023-03-01T12:24:00Z</time>
      </trkpt>
      <trkpt lat="63.74297" lon="13.73471">
        <time>2023-03-01T12:54:00Z</time>
      </trkpt>
      <trkpt lat="63.74827" lon="13.74806">
        <time>2023-03-01T13:24:00Z</time>
      </trkpt>
      <trkpt lat="63.75228" lon="13.77104">
        <time>2023-03-01T13:54:00Z</time>
      </trkpt>
      <trkpt lat="63.75725" lon="13.77849">
        <time>2023-03-01T14:25:00Z</time>
      </trkpt>
      <trkpt lat="63.7619" lon="13.79417">
        <time>2023-03-01T14:55:00Z</time>
      </trkpt>
      <trkpt lat="63.77301" lon="13.82134">
        <time>2023-03-01T15:42:00Z</time>
      </trkpt>
      <trkpt lat="63.78153" lon="13.82121">
        <time>2023-03-01T16:12:00Z</time>
      </trkpt>
      <trkpt lat="63.78191" lon="13.82559">
        <time>2023-03-01T16:42:00Z</time>
      </trkpt>
      <trkpt lat="63.7818" lon="13.82597">
        <time>2023-03-01T16:46:00Z</time>
      </trkpt>
      <trkpt lat="63.78179" lon="13.82621">
        <time>2023-03-02T06:28:00Z</time>
      </trkpt>
      <trkpt lat="63.79252" lon="13.83737">
        <time>2023-03-02T06:59:00Z</time>
      </trkpt>
      <trkpt lat="63.80459" lon="13.83571">
        <time>2023-03-02T07:29:00Z</time>
      </trkpt>
      <trkpt lat="63.81572" lon="13.83018">
        <time>2023-03-02T07:59:00Z</time>
      </trkpt>
      <trkpt lat="63.82172" lon="13.83612">
        <time>2023-03-02T08:29:00Z</time>
      </trkpt>
      <trkpt lat="63.82676" lon="13.85966">
        <time>2023-03-02T08:59:00Z</time>
      </trkpt>
      <trkpt lat="63.82863" lon="13.86844">
        <time>2023-03-02T09:29:00Z</time>
      </trkpt>
      <trkpt lat="63.83969" lon="13.87648">
        <time>2023-03-02T10:00:00Z</time>
      </trkpt>
      <trkpt lat="63.84735" lon="13.87814">
        <time>2023-03-02T10:30:00Z</time>
      </trkpt>
      <trkpt lat="63.85314" lon="13.87691">
        <time>2023-03-02T11:00:00Z</time>
      </trkpt>
      <trkpt lat="63.86045" lon="13.87831">
        <time>2023-03-02T11:30:00Z</time>
      </trkpt>
      <trkpt lat="63.86872" lon="13.8693">
        <time>2023-03-02T12:00:00Z</time>
      </trkpt>
      <trkpt lat="63.87622" lon="13.8685">
        <time>2023-03-02T12:30:00Z</time>
      </trkpt>
      <trkpt lat="63.88541" lon="13.85586">
        <time>2023-03-02T13:02:00Z</time>
      </trkpt>
      <trkpt lat="63.88916" lon="13.85657">
        <time>2023-03-02T13:32:00Z</time>
      </trkpt>
      <trkpt lat="63.89506" lon="13.86458">
        <time>2023-03-02T14:02:00Z</time>
      </trkpt>
      <trkpt lat="63.90033" lon="13.86636">
        <time>2023-03-02T14:32:00Z</time>
      </trkpt>
      <trkpt lat="63.90639" lon="13.8667">
        <time>2023-03-02T15:02:00Z</time>
      </trkpt>
      <trkpt lat="63.91512" lon="13.86773">
        <time>2023-03-02T15:32:00Z</time>
      </trkpt>
      <trkpt lat="63.92554" lon="13.87387">
        <time>2023-03-02T16:02:00Z</time>
      </trkpt>
      <trkpt lat="63.92732" lon="13.87436">
        <time>2023-03-02T16:17:00Z</time>
      </trkpt>
      <trkpt lat="63.92793" lon="13.87678">
        <time>2023-03-03T06:04:00Z</time>
      </trkpt>
      <trkpt lat="63.93266" lon="13.89311">
        <time>2023-03-03T06:34:00Z</time>
      </trkpt>
      <trkpt lat="63.9398" lon="13.89874">
        <time>2023-03-03T07:09:00Z</time>
      </trkpt>
      <trkpt lat="63.9446" lon="13.9168">
        <time>2023-03-03T07:39:00Z</time>
      </trkpt>
      <trkpt lat="63.95532" lon="13.93107">
        <time>2023-03-03T08:09:00Z</time>
      </trkpt>
      <trkpt lat="63.9565" lon="13.93223">
        <time>2023-03-03T08:39:00Z</time>
      </trkpt>
      <trkpt lat="63.95981" lon="13.94835">
        <time>2023-03-03T09:09:00Z</time>
      </trkpt>
      <trkpt lat="63.96796" lon="13.94837">
        <time>2023-03-03T09:39:00Z</time>
      </trkpt>
      <trkpt lat="63.9747" lon="13.96051">
        <time>2023-03-03T10:09:00Z</time>
      </trkpt>
      <trkpt lat="63.98173" lon="13.97088">
        <time>2023-03-03T10:39:00Z</time>
      </trkpt>
      <trkpt lat="63.99186" lon="13.98083">
        <time>2023-03-03T11:09:00Z</time>
      </trkpt>
      <trkpt lat="63.99756" lon="13.98691">
        <time>2023-03-03T11:40:00Z</time>
      </trkpt>
      <trkpt lat="63.99554" lon="13.99326">
        <time>2023-03-03T12:10:00Z</time>
      </trkpt>
      <trkpt lat="64.00006" lon="13.99725">
        <time>2023-03-03T12:40:00Z</time>
      </trkpt>
      <trkpt lat="64.00429" lon="14.00796">
        <time>2023-03-03T13:10:00Z</time>
      </trkpt>
      <trkpt lat="64.00905" lon="14.01913">
        <time>2023-03-03T13:40:00Z</time>
      </trkpt>
      <trkpt lat="64.0171" lon="14.01407">
        <time>2023-03-03T14:10:00Z</time>
      </trkpt>
      <trkpt lat="64.01843" lon="14.02032">
        <time>2023-03-03T14:40:00Z</time>
      </trkpt>
      <trkpt lat="64.02257" lon="14.0357">
        <time>2023-03-03T15:10:00Z</time>
      </trkpt>
      <trkpt lat="64.02555" lon="14.05735">
        <time>2023-03-03T15:40:00Z</time>
      </trkpt>
      <trkpt lat="64.03023" lon="14.08578">
        <time>2023-03-03T16:10:00Z</time>
      </trkpt>
      <trkpt lat="64.04181" lon="14.0934">
        <time>2023-03-03T16:40:00Z</time>
      </trkpt>
      <trkpt lat="64.0448" lon="14.10439">
        <time>2023-03-03T17:10:00Z</time>
      </trkpt>
      <trkpt lat="64.04483" lon="14.10426">
        <time>2023-03-03T17:26:00Z</time>
      </trkpt>
      <trkpt lat="64.04754" lon="14.10261">
        <time>2023-03-04T07:49:00Z</time>
      </trkpt>
      <trkpt lat="64.05491" lon="14.08589">
        <time>2023-03-04T08:19:00Z</time>
      </trkpt>
      <trkpt lat="64.06323" lon="14.08713">
        <time>2023-03-04T08:49:00Z</time>
      </trkpt>
      <trkpt lat="64.06882" lon="14.11492">
        <time>2023-03-04T09:19:00Z</time>
      </trkpt>
      <trkpt lat="64.0648" lon="14.13803">
        <time>2023-03-04T09:49:00Z</time>
      </trkpt>
      <trkpt lat="64.06698" lon="14.14099">
        <time>2023-03-04T10:19:00Z</time>
      </trkpt>
      <trkpt lat="64.06697" lon="14.14121">
        <time>2023-03-04T10:50:00Z</time>
      </trkpt>
      <trkpt lat="64.06829" lon="14.14417">
        <time>2023-03-04T11:49:00Z</time>
      </trkpt>
      <trkpt lat="64.07215" lon="14.15797">
        <time>2023-03-04T12:19:00Z</time>
      </trkpt>
      <trkpt lat="64.07638" lon="14.17121">
        <time>2023-03-04T12:49:00Z</time>
      </trkpt>
      <trkpt lat="64.07991" lon="14.18532">
        <time>2023-03-04T13:19:00Z</time>
      </trkpt>
      <trkpt lat="64.08614" lon="14.20013">
        <time>2023-03-04T13:49:00Z</time>
      </trkpt>
      <trkpt lat="64.08798" lon="14.19341">
        <time>2023-03-04T14:19:00Z</time>
      </trkpt>
      <trkpt lat="64.0959" lon="14.20159">
        <time>2023-03-04T14:49:00Z</time>
      </trkpt>
      <trkpt lat="64.10292" lon="14.21019">
        <time>2023-03-04T15:19:00Z</time>
      </trkpt>
      <trkpt lat="64.10991" lon="14.21307">
        <time>2023-03-04T15:50:00Z</time>
      </trkpt>
      <trkpt lat="64.1197" lon="14.20901">
        <time>2023-03-04T16:20:00Z</time>
      </trkpt>
      <trkpt lat="64.12665" lon="14.20084">
        <time>2023-03-04T16:50:00Z</time>
      </trkpt>
      <trkpt lat="64.12668" lon="14.20075">
        <time>2023-03-04T17:14:00Z</time>
      </trkpt>
      <trkpt lat="64.1266" lon="14.2009">
        <time>2023-03-05T05:46:00Z</time>
      </trkpt>
      <trkpt lat="64.12664" lon="14.20092">
        <time>2023-03-05T06:02:00Z</time>
      </trkpt>
      <trkpt lat="64.12661" lon="14.20095">
        <time>2023-03-05T06:05:00Z</time>
      </trkpt>
      <trkpt lat="64.25763" lon="14.27729">
        <time>2023-03-06T06:04:00Z</time>
      </trkpt>
      <trkpt lat="64.25765" lon="14.27723">
        <time>2023-03-06T06:34:00Z</time>
      </trkpt>
      <trkpt lat="64.26583" lon="14.28105">
        <time>2023-03-06T07:04:00Z</time>
      </trkpt>
      <trkpt lat="64.27576" lon="14.27847">
        <time>2023-03-06T07:34:00Z</time>
      </trkpt>
      <trkpt lat="64.28036" lon="14.28935">
        <time>2023-03-06T08:07:00Z</time>
      </trkpt>
      <trkpt lat="64.29018" lon="14.28984">
        <time>2023-03-06T08:37:00Z</time>
      </trkpt>
      <trkpt lat="64.30246" lon="14.28721">
        <time>2023-03-06T09:07:00Z</time>
      </trkpt>
      <trkpt lat="64.31225" lon="14.28772">
        <time>2023-03-06T09:38:00Z</time>
      </trkpt>
      <trkpt lat="64.32266" lon="14.28806">
        <time>2023-03-06T10:08:00Z</time>
      </trkpt>
      <trkpt lat="64.3289" lon="14.29551">
        <time>2023-03-06T10:38:00Z</time>
      </trkpt>
      <trkpt lat="64.3364" lon="14.27903">
        <time>2023-03-06T11:08:00Z</time>
      </trkpt>
      <trkpt lat="64.34604" lon="14.29748">
        <time>2023-03-06T11:38:00Z</time>
      </trkpt>
      <trkpt lat="64.34635" lon="14.32499">
        <time>2023-03-06T12:08:00Z</time>
      </trkpt>
      <trkpt lat="64.34269" lon="14.34205">
        <time>2023-03-06T12:41:00Z</time>
      </trkpt>
      <trkpt lat="64.34677" lon="14.36992">
        <time>2023-03-06T13:11:00Z</time>
      </trkpt>
      <trkpt lat="64.36193" lon="14.37956">
        <time>2023-03-06T13:41:00Z</time>
      </trkpt>
      <trkpt lat="64.36997" lon="14.36456">
        <time>2023-03-06T14:11:00Z</time>
      </trkpt>
      <trkpt lat="64.37712" lon="14.3504">
        <time>2023-03-06T14:41:00Z</time>
      </trkpt>
      <trkpt lat="64.38215" lon="14.33958">
        <time>2023-03-06T15:12:00Z</time>
      </trkpt>
      <trkpt lat="64.39243" lon="14.32525">
        <time>2023-03-06T15:42:00Z</time>
      </trkpt>
      <trkpt lat="64.4029" lon="14.30959">
        <time>2023-03-06T16:13:00Z</time>
      </trkpt>
      <trkpt lat="64.41386" lon="14.28615">
        <time>2023-03-06T16:43:00Z</time>
      </trkpt>
      <trkpt lat="64.42477" lon="14.25779">
        <time>2023-03-06T17:13:00Z</time>
      </trkpt>
      <trkpt lat="64.43471" lon="14.23199">
        <time>2023-03-06T17:43:00Z</time>
      </trkpt>
      <trkpt lat="64.43785" lon="14.23043">
        <time>2023-03-06T18:08:00Z</time>
      </trkpt>
      <trkpt lat="64.43787" lon="14.23034">
        <time>2023-03-07T05:57:00Z</time>
      </trkpt>
      <trkpt lat="64.44463" lon="14.20378">
        <time>2023-03-07T06:27:00Z</time>
      </trkpt>
      <trkpt lat="64.45281" lon="14.1856">
        <time>2023-03-07T06:58:00Z</time>
      </trkpt>
      <trkpt lat="64.46094" lon="14.16623">
        <time>2023-03-07T07:30:00Z</time>
      </trkpt>
      <trkpt lat="64.46561" lon="14.1541">
        <time>2023-03-07T08:00:00Z</time>
      </trkpt>
      <trkpt lat="64.4758" lon="14.13807">
        <time>2023-03-07T08:30:00Z</time>
      </trkpt>
      <trkpt lat="64.48544" lon="14.13526">
        <time>2023-03-07T09:00:00Z</time>
      </trkpt>
      <trkpt lat="64.49917" lon="14.14159">
        <time>2023-03-07T09:30:00Z</time>
      </trkpt>
      <trkpt lat="64.49916" lon="14.14138">
        <time>2023-03-07T10:01:00Z</time>
      </trkpt>
      <trkpt lat="64.49836" lon="14.14569">
        <time>2023-03-07T12:00:00Z</time>
      </trkpt>
      <trkpt lat="64.50671" lon="14.15752">
        <time>2023-03-07T12:30:00Z</time>
      </trkpt>
      <trkpt lat="64.50432" lon="14.17481">
        <time>2023-03-07T13:00:00Z</time>
      </trkpt>
      <trkpt lat="64.50328" lon="14.18854">
        <time>2023-03-07T13:30:00Z</time>
      </trkpt>
      <trkpt lat="64.50124" lon="14.20208">
        <time>2023-03-07T14:00:00Z</time>
      </trkpt>
      <trkpt lat="64.5021" lon="14.2185">
        <time>2023-03-07T14:30:00Z</time>
      </trkpt>
      <trkpt lat="64.50436" lon="14.2339">
        <time>2023-03-07T15:00:00Z</time>
      </trkpt>
      <trkpt lat="64.50721" lon="14.24905">
        <time>2023-03-07T15:31:00Z</time>
      </trkpt>
      <trkpt lat="64.51394" lon="14.25804">
        <time>2023-03-07T16:01:00Z</time>
      </trkpt>
      <trkpt lat="64.51883" lon="14.27223">
        <time>2023-03-07T16:31:00Z</time>
      </trkpt>
      <trkpt lat="64.52057" lon="14.27414">
        <time>2023-03-07T17:01:00Z</time>
      </trkpt>
      <trkpt lat="64.52065" lon="14.27407">
        <time>2023-03-07T17:30:00Z</time>
      </trkpt>
      <trkpt lat="64.52056" lon="14.27418">
        <time>2023-03-08T05:51:00Z</time>
      </trkpt>
      <trkpt lat="64.52124" lon="14.27536">
        <time>2023-03-08T06:21:00Z</time>
      </trkpt>
      <trkpt lat="64.52341" lon="14.27671">
        <time>2023-03-08T06:51:00Z</time>
      </trkpt>
      <trkpt lat="64.52538" lon="14.27993">
        <time>2023-03-08T07:21:00Z</time>
      </trkpt>
      <trkpt lat="64.52984" lon="14.28382">
        <time>2023-03-08T07:51:00Z</time>
      </trkpt>
      <trkpt lat="64.53822" lon="14.29431">
        <time>2023-03-08T08:22:00Z</time>
      </trkpt>
      <trkpt lat="64.54132" lon="14.29755">
        <time>2023-03-08T08:52:00Z</time>
      </trkpt>
      <trkpt lat="64.54591" lon="14.30257">
        <time>2023-03-08T09:22:00Z</time>
      </trkpt>
      <trkpt lat="64.54938" lon="14.30708">
        <time>2023-03-08T09:52:00Z</time>
      </trkpt>
      <trkpt lat="64.55219" lon="14.30965">
        <time>2023-03-08T10:22:00Z</time>
      </trkpt>
      <trkpt lat="64.55411" lon="14.31534">
        <time>2023-03-08T10:53:00Z</time>
      </trkpt>
      <trkpt lat="64.55658" lon="14.32169">
        <time>2023-03-08T11:23:00Z</time>
      </trkpt>
      <trkpt lat="64.56282" lon="14.31598">
        <time>2023-03-08T11:53:00Z</time>
      </trkpt>
      <trkpt lat="64.5696" lon="14.30851">
        <time>2023-03-08T12:23:00Z</time>
      </trkpt>
      <trkpt lat="64.57816" lon="14.29847">
        <time>2023-03-08T12:53:00Z</time>
      </trkpt>
      <trkpt lat="64.58176" lon="14.28199">
        <time>2023-03-08T13:23:00Z</time>
      </trkpt>
      <trkpt lat="64.58195" lon="14.27075">
        <time>2023-03-08T13:53:00Z</time>
      </trkpt>
      <trkpt lat="64.58744" lon="14.26586">
        <time>2023-03-08T14:23:00Z</time>
      </trkpt>
      <trkpt lat="64.59293" lon="14.25847">
        <time>2023-03-08T14:53:00Z</time>
      </trkpt>
      <trkpt lat="64.59529" lon="14.26159">
        <time>2023-03-08T15:23:00Z</time>
      </trkpt>
      <trkpt lat="64.60178" lon="14.26279">
        <time>2023-03-08T15:53:00Z</time>
      </trkpt>
      <trkpt lat="64.60688" lon="14.26704">
        <time>2023-03-08T16:23:00Z</time>
      </trkpt>
      <trkpt lat="64.6118" lon="14.27343">
        <time>2023-03-08T16:53:00Z</time>
      </trkpt>
      <trkpt lat="64.61778" lon="14.27824">
        <time>2023-03-08T17:24:00Z</time>
      </trkpt>
      <trkpt lat="64.61778" lon="14.27821">
        <time>2023-03-08T17:54:00Z</time>
      </trkpt>
      <trkpt lat="64.61782" lon="14.27813">
        <time>2023-03-08T18:11:00Z</time>
      </trkpt>
      <trkpt lat="64.6178" lon="14.2783">
        <time>2023-03-09T06:13:00Z</time>
      </trkpt>
      <trkpt lat="64.62127" lon="14.27927">
        <time>2023-03-09T06:43:00Z</time>
      </trkpt>
      <trkpt lat="64.6292" lon="14.27746">
        <time>2023-03-09T07:13:00Z</time>
      </trkpt>
      <trkpt lat="64.63842" lon="14.27794">
        <time>2023-03-09T07:43:00Z</time>
      </trkpt>
      <trkpt lat="64.6448" lon="14.27901">
        <time>2023-03-09T08:13:00Z</time>
      </trkpt>
      <trkpt lat="64.65858" lon="14.28751">
        <time>2023-03-09T08:44:00Z</time>
      </trkpt>
      <trkpt lat="64.67071" lon="14.25706">
        <time>2023-03-09T10:00:00Z</time>
      </trkpt>
      <trkpt lat="64.67192" lon="14.23174">
        <time>2023-03-09T10:30:00Z</time>
      </trkpt>
      <trkpt lat="64.6741" lon="14.20492">
        <time>2023-03-09T11:00:00Z</time>
      </trkpt>
      <trkpt lat="64.67833" lon="14.20708">
        <time>2023-03-09T11:30:00Z</time>
      </trkpt>
      <trkpt lat="64.68133" lon="14.19781">
        <time>2023-03-09T12:00:00Z</time>
      </trkpt>
      <trkpt lat="64.68946" lon="14.19537">
        <time>2023-03-09T12:31:00Z</time>
      </trkpt>
      <trkpt lat="64.69443" lon="14.19899">
        <time>2023-03-09T13:01:00Z</time>
      </trkpt>
      <trkpt lat="64.70412" lon="14.20322">
        <time>2023-03-09T13:31:00Z</time>
      </trkpt>
      <trkpt lat="64.71312" lon="14.20316">
        <time>2023-03-09T14:01:00Z</time>
      </trkpt>
      <trkpt lat="64.72265" lon="14.20457">
        <time>2023-03-09T14:31:00Z</time>
      </trkpt>
      <trkpt lat="64.73236" lon="14.19726">
        <time>2023-03-09T15:01:00Z</time>
      </trkpt>
      <trkpt lat="64.74325" lon="14.20571">
        <time>2023-03-09T15:31:00Z</time>
      </trkpt>
      <trkpt lat="64.7505" lon="14.22017">
        <time>2023-03-09T16:01:00Z</time>
      </trkpt>
      <trkpt lat="64.75666" lon="14.21455">
        <time>2023-03-09T16:31:00Z</time>
      </trkpt>
      <trkpt lat="64.76539" lon="14.20618">
        <time>2023-03-09T17:01:00Z</time>
      </trkpt>
      <trkpt lat="64.76556" lon="14.2065">
        <time>2023-03-09T17:32:00Z</time>
      </trkpt>
      <trkpt lat="64.76554" lon="14.20674">
        <time>2023-03-09T18:28:00Z</time>
      </trkpt>
      <trkpt lat="64.76561" lon="14.20663">
        <time>2023-03-10T05:37:00Z</time>
      </trkpt>
      <trkpt lat="64.76635" lon="14.21318">
        <time>2023-03-10T06:08:00Z</time>
      </trkpt>
      <trkpt lat="64.77518" lon="14.21421">
        <time>2023-03-10T06:38:00Z</time>
      </trkpt>
      <trkpt lat="64.78555" lon="14.20876">
        <time>2023-03-10T07:08:00Z</time>
      </trkpt>
      <trkpt lat="64.79301" lon="14.21498">
        <time>2023-03-10T07:38:00Z</time>
      </trkpt>
      <trkpt lat="64.79981" lon="14.22324">
        <time>2023-03-10T08:09:00Z</time>
      </trkpt>
      <trkpt lat="64.80948" lon="14.23245">
        <time>2023-03-10T08:39:00Z</time>
      </trkpt>
      <trkpt lat="64.8127" lon="14.23337">
        <time>2023-03-10T09:09:00Z</time>
      </trkpt>
      <trkpt lat="64.81856" lon="14.23961">
        <time>2023-03-10T09:39:00Z</time>
      </trkpt>
      <trkpt lat="64.82393" lon="14.25311">
        <time>2023-03-10T10:13:00Z</time>
      </trkpt>
      <trkpt lat="64.83119" lon="14.25577">
        <time>2023-03-10T10:43:00Z</time>
      </trkpt>
      <trkpt lat="64.83379" lon="14.26708">
        <time>2023-03-10T11:13:00Z</time>
      </trkpt>
      <trkpt lat="64.84186" lon="14.2842">
        <time>2023-03-10T11:43:00Z</time>
      </trkpt>
      <trkpt lat="64.84514" lon="14.29403">
        <time>2023-03-10T12:13:00Z</time>
      </trkpt>
      <trkpt lat="64.84828" lon="14.30317">
        <time>2023-03-10T12:44:00Z</time>
      </trkpt>
      <trkpt lat="64.85046" lon="14.31832">
        <time>2023-03-10T13:14:00Z</time>
      </trkpt>
      <trkpt lat="64.85266" lon="14.33501">
        <time>2023-03-10T13:44:00Z</time>
      </trkpt>
      <trkpt lat="64.85608" lon="14.35008">
        <time>2023-03-10T14:14:00Z</time>
      </trkpt>
      <trkpt lat="64.86268" lon="14.36226">
        <time>2023-03-10T14:44:00Z</time>
      </trkpt>
      <trkpt lat="64.86999" lon="14.3866">
        <time>2023-03-10T15:14:00Z</time>
      </trkpt>
      <trkpt lat="64.87728" lon="14.40235">
        <time>2023-03-10T15:44:00Z</time>
      </trkpt>
      <trkpt lat="64.88279" lon="14.39896">
        <time>2023-03-10T16:14:00Z</time>
      </trkpt>
      <trkpt lat="64.88361" lon="14.40027">
        <time>2023-03-11T05:45:00Z</time>
      </trkpt>
      <trkpt lat="64.88745" lon="14.42484">
        <time>2023-03-11T06:16:00Z</time>
      </trkpt>
      <trkpt lat="64.88887" lon="14.44535">
        <time>2023-03-11T06:46:00Z</time>
      </trkpt>
      <trkpt lat="64.89138" lon="14.46554">
        <time>2023-03-11T07:16:00Z</time>
      </trkpt>
      <trkpt lat="64.89825" lon="14.48713">
        <time>2023-03-11T07:46:00Z</time>
      </trkpt>
      <trkpt lat="64.90605" lon="14.51101">
        <time>2023-03-11T08:16:00Z</time>
      </trkpt>
      <trkpt lat="64.90756" lon="14.52382">
        <time>2023-03-11T08:46:00Z</time>
      </trkpt>
      <trkpt lat="64.9134" lon="14.53729">
        <time>2023-03-11T09:18:00Z</time>
      </trkpt>
      <trkpt lat="64.91979" lon="14.55109">
        <time>2023-03-11T09:48:00Z</time>
      </trkpt>
      <trkpt lat="64.92152" lon="14.55781">
        <time>2023-03-11T10:18:00Z</time>
      </trkpt>
      <trkpt lat="64.92446" lon="14.5645">
        <time>2023-03-11T10:48:00Z</time>
      </trkpt>
      <trkpt lat="64.92787" lon="14.57276">
        <time>2023-03-11T11:18:00Z</time>
      </trkpt>
      <trkpt lat="64.93216" lon="14.58148">
        <time>2023-03-11T11:48:00Z</time>
      </trkpt>
      <trkpt lat="64.94007" lon="14.59738">
        <time>2023-03-11T12:18:00Z</time>
      </trkpt>
      <trkpt lat="64.94352" lon="14.61463">
        <time>2023-03-11T12:48:00Z</time>
      </trkpt>
      <trkpt lat="64.94553" lon="14.62358">
        <time>2023-03-11T13:19:00Z</time>
      </trkpt>
      <trkpt lat="64.94911" lon="14.63574">
        <time>2023-03-11T13:49:00Z</time>
      </trkpt>
      <trkpt lat="64.95202" lon="14.64415">
        <time>2023-03-11T14:19:00Z</time>
      </trkpt>
      <trkpt lat="64.95328" lon="14.65235">
        <time>2023-03-11T14:49:00Z</time>
      </trkpt>
      <trkpt lat="64.95888" lon="14.67271">
        <time>2023-03-11T15:19:00Z</time>
      </trkpt>
      <trkpt lat="64.96768" lon="14.6858">
        <time>2023-03-11T15:49:00Z</time>
      </trkpt>
      <trkpt lat="64.97635" lon="14.70222">
        <time>2023-03-11T16:19:00Z</time>
      </trkpt>
      <trkpt lat="64.97627" lon="14.70215">
        <time>2023-03-11T16:49:00Z</time>
      </trkpt>
      <trkpt lat="64.97622" lon="14.70218">
        <time>2023-03-11T17:03:00Z</time>
      </trkpt>
      <trkpt lat="64.97616" lon="14.70213">
        <time>2023-03-12T07:01:00Z</time>
      </trkpt>
      <trkpt lat="64.97694" lon="14.70338">
        <time>2023-03-12T07:31:00Z</time>
      </trkpt>
      <trkpt lat="64.98399" lon="14.71778">
        <time>2023-03-12T08:12:00Z</time>
      </trkpt>
      <trkpt lat="64.9912" lon="14.7238">
        <time>2023-03-12T08:42:00Z</time>
      </trkpt>
      <trkpt lat="64.99898" lon="14.72359">
        <time>2023-03-12T09:12:00Z</time>
      </trkpt>
      <trkpt lat="65.00878" lon="14.72747">
        <time>2023-03-12T09:42:00Z</time>
      </trkpt>
      <trkpt lat="65.01268" lon="14.73076">
        <time>2023-03-12T10:12:00Z</time>
      </trkpt>
      <trkpt lat="65.0263" lon="14.73421">
        <time>2023-03-12T10:42:00Z</time>
      </trkpt>
      <trkpt lat="65.03825" lon="14.74715">
        <time>2023-03-12T11:12:00Z</time>
      </trkpt>
      <trkpt lat="65.04526" lon="14.75803">
        <time>2023-03-12T11:42:00Z</time>
      </trkpt>
      <trkpt lat="65.04789" lon="14.77449">
        <time>2023-03-12T12:13:00Z</time>
      </trkpt>
      <trkpt lat="65.05581" lon="14.79983">
        <time>2023-03-12T12:43:00Z</time>
      </trkpt>
      <trkpt lat="65.06329" lon="14.80972">
        <time>2023-03-12T13:13:00Z</time>
      </trkpt>
      <trkpt lat="65.06302" lon="14.80996">
        <time>2023-03-12T13:43:00Z</time>
      </trkpt>
      <trkpt lat="65.06329" lon="14.80959">
        <time>2023-03-12T13:47:00Z</time>
      </trkpt>
      <trkpt lat="65.06344" lon="14.80946">
        <time>2023-03-13T08:10:00Z</time>
      </trkpt>
      <trkpt lat="65.06055" lon="14.7973">
        <time>2023-03-13T08:48:00Z</time>
      </trkpt>
      <trkpt lat="65.06227" lon="14.81569">
        <time>2023-03-13T09:18:00Z</time>
      </trkpt>
      <trkpt lat="65.05841" lon="14.85277">
        <time>2023-03-13T09:48:00Z</time>
      </trkpt>
      <trkpt lat="65.05615" lon="14.89354">
        <time>2023-03-13T10:18:00Z</time>
      </trkpt>
      <trkpt lat="65.0547" lon="14.92877">
        <time>2023-03-13T10:48:00Z</time>
      </trkpt>
      <trkpt lat="65.05562" lon="14.95829">
        <time>2023-03-13T11:18:00Z</time>
      </trkpt>
      <trkpt lat="65.0607" lon="14.98894">
        <time>2023-03-13T11:48:00Z</time>
      </trkpt>
      <trkpt lat="65.06211" lon="15.0225">
        <time>2023-03-13T12:18:00Z</time>
      </trkpt>
      <trkpt lat="65.06047" lon="15.05052">
        <time>2023-03-13T12:48:00Z</time>
      </trkpt>
      <trkpt lat="65.06351" lon="15.06013">
        <time>2023-03-13T13:18:00Z</time>
      </trkpt>
      <trkpt lat="65.06964" lon="15.08071">
        <time>2023-03-13T13:48:00Z</time>
      </trkpt>
      <trkpt lat="65.07313" lon="15.07974">
        <time>2023-03-13T14:18:00Z</time>
      </trkpt>
      <trkpt lat="65.08254" lon="15.08891">
        <time>2023-03-13T14:48:00Z</time>
      </trkpt>
      <trkpt lat="65.09539" lon="15.09987">
        <time>2023-03-13T15:18:00Z</time>
      </trkpt>
      <trkpt lat="65.10609" lon="15.09228">
        <time>2023-03-13T15:53:00Z</time>
      </trkpt>
      <trkpt lat="65.11867" lon="15.07153">
        <time>2023-03-13T16:23:00Z</time>
      </trkpt>
      <trkpt lat="65.12894" lon="15.04745">
        <time>2023-03-13T16:53:00Z</time>
      </trkpt>
      <trkpt lat="65.14218" lon="15.04378">
        <time>2023-03-13T17:23:00Z</time>
      </trkpt>
      <trkpt lat="65.14369" lon="15.04548">
        <time>2023-03-13T17:53:00Z</time>
      </trkpt>
      <trkpt lat="65.14376" lon="15.04535">
        <time>2023-03-13T18:14:00Z</time>
      </trkpt>
      <trkpt lat="65.1437" lon="15.04543">
        <time>2023-03-14T05:49:00Z</time>
      </trkpt>
      <trkpt lat="65.14394" lon="15.04561">
        <time>2023-03-14T06:19:00Z</time>
      </trkpt>
      <trkpt lat="65.15195" lon="15.0508">
        <time>2023-03-14T06:49:00Z</time>
      </trkpt>
      <trkpt lat="65.15732" lon="15.06232">
        <time>2023-03-14T07:20:00Z</time>
      </trkpt>
      <trkpt lat="65.16489" lon="15.06897">
        <time>2023-03-14T07:50:00Z</time>
      </trkpt>
      <trkpt lat="65.17623" lon="15.07876">
        <time>2023-03-14T08:20:00Z</time>
      </trkpt>
      <trkpt lat="65.18027" lon="15.07994">
        <time>2023-03-14T08:50:00Z</time>
      </trkpt>
      <trkpt lat="65.18669" lon="15.07017">
        <time>2023-03-14T09:20:00Z</time>
      </trkpt>
      <trkpt lat="65.19714" lon="15.06176">
        <time>2023-03-14T09:51:00Z</time>
      </trkpt>
      <trkpt lat="65.20321" lon="15.05636">
        <time>2023-03-14T10:21:00Z</time>
      </trkpt>
      <trkpt lat="65.2107" lon="15.05048">
        <time>2023-03-14T10:51:00Z</time>
      </trkpt>
      <trkpt lat="65.21873" lon="15.04494">
        <time>2023-03-14T11:21:00Z</time>
      </trkpt>
      <trkpt lat="65.22478" lon="15.04069">
        <time>2023-03-14T11:51:00Z</time>
      </trkpt>
      <trkpt lat="65.23367" lon="15.03183">
        <time>2023-03-14T12:21:00Z</time>
      </trkpt>
      <trkpt lat="65.24403" lon="15.02486">
        <time>2023-03-14T12:51:00Z</time>
      </trkpt>
      <trkpt lat="65.25476" lon="15.0182">
        <time>2023-03-14T13:21:00Z</time>
      </trkpt>
      <trkpt lat="65.26437" lon="15.01484">
        <time>2023-03-14T13:51:00Z</time>
      </trkpt>
      <trkpt lat="65.27269" lon="15.01986">
        <time>2023-03-14T14:21:00Z</time>
      </trkpt>
      <trkpt lat="65.27773" lon="15.02275">
        <time>2023-03-14T14:51:00Z</time>
      </trkpt>
      <trkpt lat="65.28157" lon="15.03054">
        <time>2023-03-14T15:22:00Z</time>
      </trkpt>
      <trkpt lat="65.29023" lon="15.03295">
        <time>2023-03-14T15:52:00Z</time>
      </trkpt>
      <trkpt lat="65.30102" lon="15.0258">
        <time>2023-03-14T16:22:00Z</time>
      </trkpt>
      <trkpt lat="65.30841" lon="15.03151">
        <time>2023-03-14T16:52:00Z</time>
      </trkpt>
      <trkpt lat="65.31531" lon="15.04277">
        <time>2023-03-14T17:22:00Z</time>
      </trkpt>
      <trkpt lat="65.31532" lon="15.04271">
        <time>2023-03-14T17:52:00Z</time>
      </trkpt>
      <trkpt lat="65.3153" lon="15.04264">
        <time>2023-03-14T18:18:00Z</time>
      </trkpt>
      <trkpt lat="65.31523" lon="15.04264">
        <time>2023-03-15T05:26:00Z</time>
      </trkpt>
      <trkpt lat="65.31527" lon="15.04294">
        <time>2023-03-15T05:56:00Z</time>
      </trkpt>
      <trkpt lat="65.32682" lon="15.06483">
        <time>2023-03-15T06:57:00Z</time>
      </trkpt>
      <trkpt lat="65.33296" lon="15.07013">
        <time>2023-03-15T07:27:00Z</time>
      </trkpt>
      <trkpt lat="65.33569" lon="15.08715">
        <time>2023-03-15T07:57:00Z</time>
      </trkpt>
      <trkpt lat="65.33997" lon="15.10298">
        <time>2023-03-15T08:28:00Z</time>
      </trkpt>
      <trkpt lat="65.3447" lon="15.09824">
        <time>2023-03-15T08:58:00Z</time>
      </trkpt>
      <trkpt lat="65.34834" lon="15.0791">
        <time>2023-03-15T09:28:00Z</time>
      </trkpt>
      <trkpt lat="65.35236" lon="15.05985">
        <time>2023-03-15T09:58:00Z</time>
      </trkpt>
      <trkpt lat="65.36341" lon="15.04385">
        <time>2023-03-15T10:28:00Z</time>
      </trkpt>
      <trkpt lat="65.37485" lon="15.03342">
        <time>2023-03-15T10:58:00Z</time>
      </trkpt>
      <trkpt lat="65.37873" lon="15.02634">
        <time>2023-03-15T11:28:00Z</time>
      </trkpt>
      <trkpt lat="65.38926" lon="15.0149">
        <time>2023-03-15T11:58:00Z</time>
      </trkpt>
      <trkpt lat="65.3966" lon="14.98975">
        <time>2023-03-15T12:28:00Z</time>
      </trkpt>
      <trkpt lat="65.40421" lon="14.97085">
        <time>2023-03-15T12:58:00Z</time>
      </trkpt>
      <trkpt lat="65.40965" lon="14.9757">
        <time>2023-03-15T13:28:00Z</time>
      </trkpt>
      <trkpt lat="65.41438" lon="14.99488">
        <time>2023-03-15T13:58:00Z</time>
      </trkpt>
      <trkpt lat="65.4179" lon="14.99602">
        <time>2023-03-15T14:28:00Z</time>
      </trkpt>
      <trkpt lat="65.42002" lon="14.99454">
        <time>2023-03-15T14:58:00Z</time>
      </trkpt>
      <trkpt lat="65.42007" lon="14.99454">
        <time>2023-03-15T15:18:00Z</time>
      </trkpt>
      <trkpt lat="65.42007" lon="14.99449">
        <time>2023-03-16T05:14:00Z</time>
      </trkpt>
      <trkpt lat="65.4201" lon="14.99449">
        <time>2023-03-16T05:44:00Z</time>
      </trkpt>
      <trkpt lat="65.42681" lon="14.98439">
        <time>2023-03-16T06:44:00Z</time>
      </trkpt>
      <trkpt lat="65.43373" lon="14.97044">
        <time>2023-03-16T07:14:00Z</time>
      </trkpt>
      <trkpt lat="65.43837" lon="14.9522">
        <time>2023-03-16T07:44:00Z</time>
      </trkpt>
      <trkpt lat="65.44279" lon="14.94248">
        <time>2023-03-16T08:14:00Z</time>
      </trkpt>
      <trkpt lat="65.45281" lon="14.92394">
        <time>2023-03-16T08:45:00Z</time>
      </trkpt>
      <trkpt lat="65.45732" lon="14.91695">
        <time>2023-03-16T09:15:00Z</time>
      </trkpt>
      <trkpt lat="65.46208" lon="14.91053">
        <time>2023-03-16T09:48:00Z</time>
      </trkpt>
      <trkpt lat="65.46991" lon="14.9121">
        <time>2023-03-16T10:18:00Z</time>
      </trkpt>
      <trkpt lat="65.47844" lon="14.90699">
        <time>2023-03-16T10:48:00Z</time>
      </trkpt>
      <trkpt lat="65.48345" lon="14.8971">
        <time>2023-03-16T11:18:00Z</time>
      </trkpt>
      <trkpt lat="65.49206" lon="14.89544">
        <time>2023-03-16T11:48:00Z</time>
      </trkpt>
      <trkpt lat="65.49543" lon="14.90192">
        <time>2023-03-16T12:18:00Z</time>
      </trkpt>
      <trkpt lat="65.50036" lon="14.90707">
        <time>2023-03-16T12:48:00Z</time>
      </trkpt>
      <trkpt lat="65.51336" lon="14.91654">
        <time>2023-03-16T13:19:00Z</time>
      </trkpt>
      <trkpt lat="65.52431" lon="14.92529">
        <time>2023-03-16T13:49:00Z</time>
      </trkpt>
      <trkpt lat="65.5291" lon="14.92218">
        <time>2023-03-16T14:19:00Z</time>
      </trkpt>
      <trkpt lat="65.53898" lon="14.91536">
        <time>2023-03-16T14:49:00Z</time>
      </trkpt>
      <trkpt lat="65.54247" lon="14.90489">
        <time>2023-03-16T15:19:00Z</time>
      </trkpt>
      <trkpt lat="65.54756" lon="14.89592">
        <time>2023-03-16T15:49:00Z</time>
      </trkpt>
      <trkpt lat="65.55529" lon="14.88688">
        <time>2023-03-16T16:19:00Z</time>
      </trkpt>
      <trkpt lat="65.56086" lon="14.89768">
        <time>2023-03-16T16:49:00Z</time>
      </trkpt>
      <trkpt lat="65.56086" lon="14.89763">
        <time>2023-03-16T17:19:00Z</time>
      </trkpt>
      <trkpt lat="65.56086" lon="14.89768">
        <time>2023-03-16T17:41:00Z</time>
      </trkpt>
      <trkpt lat="65.56082" lon="14.89774">
        <time>2023-03-17T06:13:00Z</time>
      </trkpt>
      <trkpt lat="65.56115" lon="14.89937">
        <time>2023-03-17T06:43:00Z</time>
      </trkpt>
      <trkpt lat="65.56594" lon="14.91259">
        <time>2023-03-17T07:13:00Z</time>
      </trkpt>
      <trkpt lat="65.57612" lon="14.91903">
        <time>2023-03-17T07:43:00Z</time>
      </trkpt>
      <trkpt lat="65.58458" lon="14.92737">
        <time>2023-03-17T08:13:00Z</time>
      </trkpt>
      <trkpt lat="65.58954" lon="14.93008">
        <time>2023-03-17T08:43:00Z</time>
      </trkpt>
      <trkpt lat="65.5984" lon="14.94757">
        <time>2023-03-17T09:14:00Z</time>
      </trkpt>
      <trkpt lat="65.60531" lon="14.96774">
        <time>2023-03-17T09:44:00Z</time>
      </trkpt>
      <trkpt lat="65.60731" lon="14.98458">
        <time>2023-03-17T10:14:00Z</time>
      </trkpt>
      <trkpt lat="65.61364" lon="14.99237">
        <time>2023-03-17T10:44:00Z</time>
      </trkpt>
      <trkpt lat="65.62336" lon="14.99808">
        <time>2023-03-17T11:14:00Z</time>
      </trkpt>
      <trkpt lat="65.6327" lon="15.00782">
        <time>2023-03-17T11:44:00Z</time>
      </trkpt>
      <trkpt lat="65.64034" lon="14.9917">
        <time>2023-03-17T12:14:00Z</time>
      </trkpt>
      <trkpt lat="65.64633" lon="14.97964">
        <time>2023-03-17T12:44:00Z</time>
      </trkpt>
      <trkpt lat="65.65797" lon="14.97591">
        <time>2023-03-17T13:14:00Z</time>
      </trkpt>
      <trkpt lat="65.66119" lon="14.96626">
        <time>2023-03-17T13:44:00Z</time>
      </trkpt>
      <trkpt lat="65.66803" lon="14.9602">
        <time>2023-03-17T14:14:00Z</time>
      </trkpt>
      <trkpt lat="65.67348" lon="14.9613">
        <time>2023-03-17T14:44:00Z</time>
      </trkpt>
      <trkpt lat="65.67995" lon="14.96123">
        <time>2023-03-17T15:14:00Z</time>
      </trkpt>
      <trkpt lat="65.68508" lon="14.9657">
        <time>2023-03-17T15:44:00Z</time>
      </trkpt>
      <trkpt lat="65.6897" lon="14.96866">
        <time>2023-03-17T16:15:00Z</time>
      </trkpt>
      <trkpt lat="65.69337" lon="14.97306">
        <time>2023-03-17T16:45:00Z</time>
      </trkpt>
      <trkpt lat="65.6959" lon="14.97106">
        <time>2023-03-17T17:16:00Z</time>
      </trkpt>
      <trkpt lat="65.69581" lon="14.97106">
        <time>2023-03-17T17:36:00Z</time>
      </trkpt>
      <trkpt lat="65.69595" lon="14.97093">
        <time>2023-03-18T05:26:00Z</time>
      </trkpt>
      <trkpt lat="65.6978" lon="14.96765">
        <time>2023-03-18T05:56:00Z</time>
      </trkpt>
      <trkpt lat="65.70237" lon="14.96619">
        <time>2023-03-18T06:26:00Z</time>
      </trkpt>
      <trkpt lat="65.70818" lon="14.9645">
        <time>2023-03-18T06:56:00Z</time>
      </trkpt>
      <trkpt lat="65.71114" lon="14.96136">
        <time>2023-03-18T07:26:00Z</time>
      </trkpt>
      <trkpt lat="65.71289" lon="14.96224">
        <time>2023-03-18T07:56:00Z</time>
      </trkpt>
      <trkpt lat="65.71642" lon="14.97136">
        <time>2023-03-18T08:26:00Z</time>
      </trkpt>
      <trkpt lat="65.71759" lon="14.97658">
        <time>2023-03-18T08:57:00Z</time>
      </trkpt>
      <trkpt lat="65.72258" lon="14.9752">
        <time>2023-03-18T09:27:00Z</time>
      </trkpt>
      <trkpt lat="65.72827" lon="14.99252">
        <time>2023-03-18T09:57:00Z</time>
      </trkpt>
      <trkpt lat="65.73268" lon="15.00155">
        <time>2023-03-18T10:27:00Z</time>
      </trkpt>
      <trkpt lat="65.7399" lon="15.00741">
        <time>2023-03-18T10:57:00Z</time>
      </trkpt>
      <trkpt lat="65.74319" lon="15.01801">
        <time>2023-03-18T11:27:00Z</time>
      </trkpt>
      <trkpt lat="65.74315" lon="15.01814">
        <time>2023-03-18T11:59:00Z</time>
      </trkpt>
      <trkpt lat="65.74197" lon="15.05545">
        <time>2023-03-18T12:29:00Z</time>
      </trkpt>
      <trkpt lat="65.74482" lon="15.08989">
        <time>2023-03-18T12:59:00Z</time>
      </trkpt>
      <trkpt lat="65.74811" lon="15.11227">
        <time>2023-03-18T13:29:00Z</time>
      </trkpt>
      <trkpt lat="65.75585" lon="15.12985">
        <time>2023-03-18T13:59:00Z</time>
      </trkpt>
      <trkpt lat="65.76647" lon="15.11772">
        <time>2023-03-18T14:29:00Z</time>
      </trkpt>
      <trkpt lat="65.77696" lon="15.10511">
        <time>2023-03-18T14:59:00Z</time>
      </trkpt>
      <trkpt lat="65.7901" lon="15.0921">
        <time>2023-03-18T15:29:00Z</time>
      </trkpt>
      <trkpt lat="65.79155" lon="15.08631">
        <time>2023-03-18T15:59:00Z</time>
      </trkpt>
      <trkpt lat="65.79158" lon="15.08635">
        <time>2023-03-18T16:29:00Z</time>
      </trkpt>
      <trkpt lat="65.79159" lon="15.08631">
        <time>2023-03-18T17:12:00Z</time>
      </trkpt>
      <trkpt lat="65.79163" lon="15.08635">
        <time>2023-03-19T06:22:00Z</time>
      </trkpt>
      <trkpt lat="65.79713" lon="15.07208">
        <time>2023-03-19T06:52:00Z</time>
      </trkpt>
      <trkpt lat="65.80715" lon="15.07635">
        <time>2023-03-19T07:23:00Z</time>
      </trkpt>
      <trkpt lat="65.81647" lon="15.08545">
        <time>2023-03-19T07:53:00Z</time>
      </trkpt>
      <trkpt lat="65.81765" lon="15.08698">
        <time>2023-03-19T08:32:00Z</time>
      </trkpt>
      <trkpt lat="65.82175" lon="15.08187">
        <time>2023-03-19T10:19:00Z</time>
      </trkpt>
      <trkpt lat="65.83153" lon="15.05983">
        <time>2023-03-19T10:49:00Z</time>
      </trkpt>
      <trkpt lat="65.84112" lon="15.0514">
        <time>2023-03-19T11:19:00Z</time>
      </trkpt>
      <trkpt lat="65.8445" lon="15.05947">
        <time>2023-03-19T11:49:00Z</time>
      </trkpt>
      <trkpt lat="65.84232" lon="15.07187">
        <time>2023-03-19T12:19:00Z</time>
      </trkpt>
      <trkpt lat="65.84497" lon="15.08245">
        <time>2023-03-19T12:49:00Z</time>
      </trkpt>
      <trkpt lat="65.85023" lon="15.08992">
        <time>2023-03-19T13:19:00Z</time>
      </trkpt>
      <trkpt lat="65.85794" lon="15.09363">
        <time>2023-03-19T13:49:00Z</time>
      </trkpt>
      <trkpt lat="65.86265" lon="15.10247">
        <time>2023-03-19T14:20:00Z</time>
      </trkpt>
      <trkpt lat="65.8729" lon="15.12704">
        <time>2023-03-19T14:50:00Z</time>
      </trkpt>
      <trkpt lat="65.88159" lon="15.14766">
        <time>2023-03-19T15:21:00Z</time>
      </trkpt>
      <trkpt lat="65.88505" lon="15.15834">
        <time>2023-03-19T16:09:00Z</time>
      </trkpt>
      <trkpt lat="65.8888" lon="15.18169">
        <time>2023-03-19T16:39:00Z</time>
      </trkpt>
      <trkpt lat="65.88474" lon="15.20675">
        <time>2023-03-19T17:09:00Z</time>
      </trkpt>
      <trkpt lat="65.88401" lon="15.21068">
        <time>2023-03-19T17:39:00Z</time>
      </trkpt>
      <trkpt lat="65.88403" lon="15.21062">
        <time>2023-03-19T18:02:00Z</time>
      </trkpt>
      <trkpt lat="65.88398" lon="15.2107">
        <time>2023-03-20T05:46:00Z</time>
      </trkpt>
      <trkpt lat="65.88408" lon="15.21083">
        <time>2023-03-20T06:16:00Z</time>
      </trkpt>
      <trkpt lat="65.87988" lon="15.23651">
        <time>2023-03-20T06:46:00Z</time>
      </trkpt>
      <trkpt lat="65.87718" lon="15.26748">
        <time>2023-03-20T07:16:00Z</time>
      </trkpt>
      <trkpt lat="65.8743" lon="15.28767">
        <time>2023-03-20T07:46:00Z</time>
      </trkpt>
      <trkpt lat="65.8719" lon="15.29576">
        <time>2023-03-20T08:17:00Z</time>
      </trkpt>
      <trkpt lat="65.8679" lon="15.32108">
        <time>2023-03-20T08:47:00Z</time>
      </trkpt>
      <trkpt lat="65.87174" lon="15.33683">
        <time>2023-03-20T09:17:00Z</time>
      </trkpt>
      <trkpt lat="65.87743" lon="15.35103">
        <time>2023-03-20T09:47:00Z</time>
      </trkpt>
      <trkpt lat="65.88775" lon="15.37863">
        <time>2023-03-20T10:17:00Z</time>
      </trkpt>
      <trkpt lat="65.89257" lon="15.3971">
        <time>2023-03-20T10:47:00Z</time>
      </trkpt>
      <trkpt lat="65.89263" lon="15.39667">
        <time>2023-03-20T11:33:00Z</time>
      </trkpt>
      <trkpt lat="65.89592" lon="15.4303">
        <time>2023-03-20T12:03:00Z</time>
      </trkpt>
      <trkpt lat="65.9039" lon="15.44993">
        <time>2023-03-20T12:33:00Z</time>
      </trkpt>
      <trkpt lat="65.91186" lon="15.45131">
        <time>2023-03-20T13:03:00Z</time>
      </trkpt>
      <trkpt lat="65.92269" lon="15.45731">
        <time>2023-03-20T13:33:00Z</time>
      </trkpt>
      <trkpt lat="65.93013" lon="15.46667">
        <time>2023-03-20T14:03:00Z</time>
      </trkpt>
      <trkpt lat="65.94412" lon="15.47399">
        <time>2023-03-20T14:34:00Z</time>
      </trkpt>
      <trkpt lat="65.9524" lon="15.4771">
        <time>2023-03-20T15:04:00Z</time>
      </trkpt>
      <trkpt lat="65.96489" lon="15.4803">
        <time>2023-03-20T15:34:00Z</time>
      </trkpt>
      <trkpt lat="65.97713" lon="15.4821">
        <time>2023-03-20T16:04:00Z</time>
      </trkpt>
      <trkpt lat="65.98798" lon="15.49246">
        <time>2023-03-20T16:34:00Z</time>
      </trkpt>
      <trkpt lat="65.9888" lon="15.49697">
        <time>2023-03-20T17:05:00Z</time>
      </trkpt>
      <trkpt lat="65.98884" lon="15.49701">
        <time>2023-03-21T06:18:00Z</time>
      </trkpt>
      <trkpt lat="65.99637" lon="15.48847">
        <time>2023-03-21T06:48:00Z</time>
      </trkpt>
      <trkpt lat="66.00646" lon="15.49695">
        <time>2023-03-21T07:18:00Z</time>
      </trkpt>
      <trkpt lat="66.00361" lon="15.51673">
        <time>2023-03-21T07:48:00Z</time>
      </trkpt>
      <trkpt lat="66.00183" lon="15.54454">
        <time>2023-03-21T08:18:00Z</time>
      </trkpt>
      <trkpt lat="66.00163" lon="15.56428">
        <time>2023-03-21T08:48:00Z</time>
      </trkpt>
      <trkpt lat="65.99203" lon="15.57396">
        <time>2023-03-21T09:19:00Z</time>
      </trkpt>
      <trkpt lat="65.98519" lon="15.58001">
        <time>2023-03-21T09:49:00Z</time>
      </trkpt>
      <trkpt lat="65.97285" lon="15.59284">
        <time>2023-03-21T10:19:00Z</time>
      </trkpt>
      <trkpt lat="65.96875" lon="15.6182">
        <time>2023-03-21T10:49:00Z</time>
      </trkpt>
      <trkpt lat="65.96896" lon="15.65378">
        <time>2023-03-21T11:19:00Z</time>
      </trkpt>
      <trkpt lat="65.9727" lon="15.68618">
        <time>2023-03-21T11:49:00Z</time>
      </trkpt>
      <trkpt lat="65.96681" lon="15.70116">
        <time>2023-03-21T12:19:00Z</time>
      </trkpt>
      <trkpt lat="65.96436" lon="15.73392">
        <time>2023-03-21T12:49:00Z</time>
      </trkpt>
      <trkpt lat="65.97225" lon="15.7574">
        <time>2023-03-21T13:19:00Z</time>
      </trkpt>
      <trkpt lat="65.97231" lon="15.76364">
        <time>2023-03-21T13:49:00Z</time>
      </trkpt>
      <trkpt lat="65.96828" lon="15.77259">
        <time>2023-03-21T14:19:00Z</time>
      </trkpt>
      <trkpt lat="65.96747" lon="15.79984">
        <time>2023-03-21T14:49:00Z</time>
      </trkpt>
      <trkpt lat="65.97315" lon="15.82143">
        <time>2023-03-21T15:19:00Z</time>
      </trkpt>
      <trkpt lat="65.97434" lon="15.84214">
        <time>2023-03-21T15:49:00Z</time>
      </trkpt>
      <trkpt lat="65.97221" lon="15.86409">
        <time>2023-03-21T16:19:00Z</time>
      </trkpt>
      <trkpt lat="65.97231" lon="15.86413">
        <time>2023-03-21T16:49:00Z</time>
      </trkpt>
      <trkpt lat="65.97231" lon="15.86413">
        <time>2023-03-21T17:16:00Z</time>
      </trkpt>
      <trkpt lat="65.97232" lon="15.86402">
        <time>2023-03-22T05:34:00Z</time>
      </trkpt>
      <trkpt lat="65.97236" lon="15.864">
        <time>2023-03-22T06:04:00Z</time>
      </trkpt>
      <trkpt lat="65.96922" lon="15.88642">
        <time>2023-03-22T06:34:00Z</time>
      </trkpt>
      <trkpt lat="65.96477" lon="15.90458">
        <time>2023-03-22T07:04:00Z</time>
      </trkpt>
      <trkpt lat="65.9611" lon="15.92646">
        <time>2023-03-22T07:34:00Z</time>
      </trkpt>
      <trkpt lat="65.96141" lon="15.94007">
        <time>2023-03-22T08:04:00Z</time>
      </trkpt>
      <trkpt lat="65.96388" lon="15.96116">
        <time>2023-03-22T08:35:00Z</time>
      </trkpt>
      <trkpt lat="65.96451" lon="15.98324">
        <time>2023-03-22T09:05:00Z</time>
      </trkpt>
      <trkpt lat="65.96279" lon="16.01187">
        <time>2023-03-22T09:35:00Z</time>
      </trkpt>
      <trkpt lat="65.96291" lon="16.02637">
        <time>2023-03-22T10:05:00Z</time>
      </trkpt>
      <trkpt lat="65.96519" lon="16.04822">
        <time>2023-03-22T10:35:00Z</time>
      </trkpt>
      <trkpt lat="65.96886" lon="16.0709">
        <time>2023-03-22T11:05:00Z</time>
      </trkpt>
      <trkpt lat="65.96788" lon="16.10746">
        <time>2023-03-22T11:35:00Z</time>
      </trkpt>
      <trkpt lat="65.95959" lon="16.15497">
        <time>2023-03-22T12:05:00Z</time>
      </trkpt>
      <trkpt lat="65.95753" lon="16.19207">
        <time>2023-03-22T12:35:00Z</time>
      </trkpt>
      <trkpt lat="65.95748" lon="16.20599">
        <time>2023-03-22T13:05:00Z</time>
      </trkpt>
      <trkpt lat="65.95756" lon="16.20606">
        <time>2023-03-22T13:44:00Z</time>
      </trkpt>
      <trkpt lat="65.95843" lon="16.21432">
        <time>2023-03-23T07:51:00Z</time>
      </trkpt>
      <trkpt lat="65.96325" lon="16.22475">
        <time>2023-03-23T08:21:00Z</time>
      </trkpt>
      <trkpt lat="65.97507" lon="16.21252">
        <time>2023-03-23T08:52:00Z</time>
      </trkpt>
      <trkpt lat="65.98803" lon="16.20174">
        <time>2023-03-23T09:22:00Z</time>
      </trkpt>
      <trkpt lat="65.99534" lon="16.19578">
        <time>2023-03-23T09:52:00Z</time>
      </trkpt>
      <trkpt lat="66.00993" lon="16.19664">
        <time>2023-03-23T10:22:00Z</time>
      </trkpt>
      <trkpt lat="66.02219" lon="16.19604">
        <time>2023-03-23T10:52:00Z</time>
      </trkpt>
      <trkpt lat="66.03438" lon="16.18992">
        <time>2023-03-23T11:23:00Z</time>
      </trkpt>
      <trkpt lat="66.0379" lon="16.19799">
        <time>2023-03-23T11:53:00Z</time>
      </trkpt>
      <trkpt lat="66.03899" lon="16.21893">
        <time>2023-03-23T12:23:00Z</time>
      </trkpt>
      <trkpt lat="66.03746" lon="16.23086">
        <time>2023-03-23T12:53:00Z</time>
      </trkpt>
      <trkpt lat="66.03854" lon="16.2396">
        <time>2023-03-23T13:23:00Z</time>
      </trkpt>
      <trkpt lat="66.04062" lon="16.25498">
        <time>2023-03-23T13:53:00Z</time>
      </trkpt>
      <trkpt lat="66.04562" lon="16.26451">
        <time>2023-03-23T14:23:00Z</time>
      </trkpt>
      <trkpt lat="66.0542" lon="16.26901">
        <time>2023-03-23T14:53:00Z</time>
      </trkpt>
      <trkpt lat="66.06477" lon="16.26959">
        <time>2023-03-23T15:23:00Z</time>
      </trkpt>
      <trkpt lat="66.07258" lon="16.2738">
        <time>2023-03-23T15:53:00Z</time>
      </trkpt>
      <trkpt lat="66.08243" lon="16.28479">
        <time>2023-03-23T16:23:00Z</time>
      </trkpt>
      <trkpt lat="66.09315" lon="16.30135">
        <time>2023-03-23T16:53:00Z</time>
      </trkpt>
      <trkpt lat="66.10329" lon="16.31708">
        <time>2023-03-23T17:23:00Z</time>
      </trkpt>
      <trkpt lat="66.10728" lon="16.32382">
        <time>2023-03-23T17:53:00Z</time>
      </trkpt>
      <trkpt lat="66.10733" lon="16.3238">
        <time>2023-03-23T18:22:00Z</time>
      </trkpt>
      <trkpt lat="66.10728" lon="16.32388">
        <time>2023-03-24T05:55:00Z</time>
      </trkpt>
      <trkpt lat="66.10796" lon="16.32562">
        <time>2023-03-24T06:25:00Z</time>
      </trkpt>
      <trkpt lat="66.11979" lon="16.35088">
        <time>2023-03-24T06:55:00Z</time>
      </trkpt>
      <trkpt lat="66.12754" lon="16.35918">
        <time>2023-03-24T07:25:00Z</time>
      </trkpt>
      <trkpt lat="66.14002" lon="16.35828">
        <time>2023-03-24T07:56:00Z</time>
      </trkpt>
      <trkpt lat="66.14861" lon="16.35306">
        <time>2023-03-24T08:26:00Z</time>
      </trkpt>
      <trkpt lat="66.15887" lon="16.3507">
        <time>2023-03-24T08:56:00Z</time>
      </trkpt>
      <trkpt lat="66.16704" lon="16.3571">
        <time>2023-03-24T09:26:00Z</time>
      </trkpt>
      <trkpt lat="66.17657" lon="16.36525">
        <time>2023-03-24T09:56:00Z</time>
      </trkpt>
      <trkpt lat="66.18158" lon="16.3695">
        <time>2023-03-24T10:26:00Z</time>
      </trkpt>
      <trkpt lat="66.19271" lon="16.37918">
        <time>2023-03-24T10:56:00Z</time>
      </trkpt>
      <trkpt lat="66.20312" lon="16.38047">
        <time>2023-03-24T11:26:00Z</time>
      </trkpt>
      <trkpt lat="66.21063" lon="16.3789">
        <time>2023-03-24T11:56:00Z</time>
      </trkpt>
      <trkpt lat="66.21873" lon="16.37624">
        <time>2023-03-24T12:26:00Z</time>
      </trkpt>
      <trkpt lat="66.22413" lon="16.38315">
        <time>2023-03-24T12:56:00Z</time>
      </trkpt>
      <trkpt lat="66.23669" lon="16.38948">
        <time>2023-03-24T13:26:00Z</time>
      </trkpt>
      <trkpt lat="66.24493" lon="16.37963">
        <time>2023-03-24T13:56:00Z</time>
      </trkpt>
      <trkpt lat="66.25211" lon="16.38328">
        <time>2023-03-24T14:26:00Z</time>
      </trkpt>
      <trkpt lat="66.26057" lon="16.39001">
        <time>2023-03-24T14:56:00Z</time>
      </trkpt>
      <trkpt lat="66.26603" lon="16.40019">
        <time>2023-03-24T15:26:00Z</time>
      </trkpt>
      <trkpt lat="66.27215" lon="16.43066">
        <time>2023-03-24T15:57:00Z</time>
      </trkpt>
      <trkpt lat="66.27931" lon="16.46376">
        <time>2023-03-24T16:28:00Z</time>
      </trkpt>
      <trkpt lat="66.28321" lon="16.49074">
        <time>2023-03-24T16:58:00Z</time>
      </trkpt>
      <trkpt lat="66.28046" lon="16.48949">
        <time>2023-03-24T17:29:00Z</time>
      </trkpt>
      <trkpt lat="66.28059" lon="16.48932">
        <time>2023-03-24T17:34:00Z</time>
      </trkpt>
      <trkpt lat="66.28067" lon="16.48921">
        <time>2023-03-25T05:35:00Z</time>
      </trkpt>
      <trkpt lat="66.28225" lon="16.49617">
        <time>2023-03-25T06:05:00Z</time>
      </trkpt>
      <trkpt lat="66.28288" lon="16.52228">
        <time>2023-03-25T06:35:00Z</time>
      </trkpt>
      <trkpt lat="66.28485" lon="16.5526">
        <time>2023-03-25T07:05:00Z</time>
      </trkpt>
      <trkpt lat="66.28319" lon="16.57159">
        <time>2023-03-25T07:35:00Z</time>
      </trkpt>
      <trkpt lat="66.28723" lon="16.59685">
        <time>2023-03-25T08:05:00Z</time>
      </trkpt>
      <trkpt lat="66.28201" lon="16.6274">
        <time>2023-03-25T08:35:00Z</time>
      </trkpt>
      <trkpt lat="66.27943" lon="16.65085">
        <time>2023-03-25T09:05:00Z</time>
      </trkpt>
      <trkpt lat="66.27996" lon="16.66175">
        <time>2023-03-25T09:35:00Z</time>
      </trkpt>
      <trkpt lat="66.28365" lon="16.66381">
        <time>2023-03-25T10:05:00Z</time>
      </trkpt>
      <trkpt lat="66.29447" lon="16.67364">
        <time>2023-03-25T10:35:00Z</time>
      </trkpt>
      <trkpt lat="66.30165" lon="16.6778">
        <time>2023-03-25T11:05:00Z</time>
      </trkpt>
      <trkpt lat="66.30576" lon="16.68225">
        <time>2023-03-25T11:35:00Z</time>
      </trkpt>
      <trkpt lat="66.31081" lon="16.69604">
        <time>2023-03-25T12:05:00Z</time>
      </trkpt>
      <trkpt lat="66.32149" lon="16.71493">
        <time>2023-03-25T12:36:00Z</time>
      </trkpt>
      <trkpt lat="66.32414" lon="16.74179">
        <time>2023-03-25T13:06:00Z</time>
      </trkpt>
      <trkpt lat="66.32809" lon="16.76115">
        <time>2023-03-25T13:36:00Z</time>
      </trkpt>
      <trkpt lat="66.33305" lon="16.7766">
        <time>2023-03-25T14:06:00Z</time>
      </trkpt>
      <trkpt lat="66.33924" lon="16.79524">
        <time>2023-03-25T14:36:00Z</time>
      </trkpt>
      <trkpt lat="66.3452" lon="16.80906">
        <time>2023-03-25T15:06:00Z</time>
      </trkpt>
      <trkpt lat="66.3487" lon="16.82069">
        <time>2023-03-25T15:36:00Z</time>
      </trkpt>
      <trkpt lat="66.35114" lon="16.8349">
        <time>2023-03-25T16:06:00Z</time>
      </trkpt>
      <trkpt lat="66.35235" lon="16.84605">
        <time>2023-03-25T16:36:00Z</time>
      </trkpt>
      <trkpt lat="66.35542" lon="16.86479">
        <time>2023-03-25T17:06:00Z</time>
      </trkpt>
      <trkpt lat="66.35622" lon="16.86929">
        <time>2023-03-25T17:36:00Z</time>
      </trkpt>
      <trkpt lat="66.3562" lon="16.86925">
        <time>2023-03-25T17:55:00Z</time>
      </trkpt>
      <trkpt lat="66.35619" lon="16.86914">
        <time>2023-03-26T05:04:00Z</time>
      </trkpt>
      <trkpt lat="66.3562" lon="16.86923">
        <time>2023-03-26T05:35:00Z</time>
      </trkpt>
      <trkpt lat="66.35968" lon="16.89768">
        <time>2023-03-26T06:05:00Z</time>
      </trkpt>
      <trkpt lat="66.36794" lon="16.91581">
        <time>2023-03-26T06:35:00Z</time>
      </trkpt>
      <trkpt lat="66.37639" lon="16.91987">
        <time>2023-03-26T07:05:00Z</time>
      </trkpt>
      <trkpt lat="66.3821" lon="16.94924">
        <time>2023-03-26T07:35:00Z</time>
      </trkpt>
      <trkpt lat="66.3888" lon="16.96437">
        <time>2023-03-26T08:06:00Z</time>
      </trkpt>
      <trkpt lat="66.38989" lon="16.96527">
        <time>2023-03-26T09:23:00Z</time>
      </trkpt>
      <trkpt lat="66.38664" lon="16.96675">
        <time>2023-03-26T09:53:00Z</time>
      </trkpt>
      <trkpt lat="66.38705" lon="16.99377">
        <time>2023-03-26T10:23:00Z</time>
      </trkpt>
      <trkpt lat="66.3916" lon="17.02705">
        <time>2023-03-26T10:53:00Z</time>
      </trkpt>
      <trkpt lat="66.39505" lon="17.05505">
        <time>2023-03-26T11:23:00Z</time>
      </trkpt>
      <trkpt lat="66.39684" lon="17.06999">
        <time>2023-03-26T11:53:00Z</time>
      </trkpt>
      <trkpt lat="66.39996" lon="17.09992">
        <time>2023-03-26T12:23:00Z</time>
      </trkpt>
      <trkpt lat="66.40319" lon="17.13039">
        <time>2023-03-26T12:53:00Z</time>
      </trkpt>
      <trkpt lat="66.40592" lon="17.15146">
        <time>2023-03-26T13:23:00Z</time>
      </trkpt>
      <trkpt lat="66.40991" lon="17.16687">
        <time>2023-03-26T13:53:00Z</time>
      </trkpt>
      <trkpt lat="66.41063" lon="17.18867">
        <time>2023-03-26T14:23:00Z</time>
      </trkpt>
      <trkpt lat="66.41868" lon="17.18654">
        <time>2023-03-26T14:54:00Z</time>
      </trkpt>
      <trkpt lat="66.42542" lon="17.18796">
        <time>2023-03-26T15:24:00Z</time>
      </trkpt>
      <trkpt lat="66.4307" lon="17.19596">
        <time>2023-03-26T15:54:00Z</time>
      </trkpt>
      <trkpt lat="66.43756" lon="17.23045">
        <time>2023-03-26T16:24:00Z</time>
      </trkpt>
      <trkpt lat="66.44451" lon="17.24412">
        <time>2023-03-26T16:54:00Z</time>
      </trkpt>
      <trkpt lat="66.45148" lon="17.24476">
        <time>2023-03-26T17:24:00Z</time>
      </trkpt>
      <trkpt lat="66.4515" lon="17.24472">
        <time>2023-03-26T17:54:00Z</time>
      </trkpt>
      <trkpt lat="66.45148" lon="17.24489">
        <time>2023-03-26T18:00:00Z</time>
      </trkpt>
      <trkpt lat="66.45154" lon="17.24463">
        <time>2023-03-27T05:30:00Z</time>
      </trkpt>
      <trkpt lat="66.45151" lon="17.24467">
        <time>2023-03-27T06:00:00Z</time>
      </trkpt>
      <trkpt lat="66.46295" lon="17.24133">
        <time>2023-03-27T06:30:00Z</time>
      </trkpt>
      <trkpt lat="66.47229" lon="17.23802">
        <time>2023-03-27T07:00:00Z</time>
      </trkpt>
      <trkpt lat="66.47807" lon="17.23613">
        <time>2023-03-27T07:30:00Z</time>
      </trkpt>
      <trkpt lat="66.4903" lon="17.2327">
        <time>2023-03-27T08:00:00Z</time>
      </trkpt>
      <trkpt lat="66.4958" lon="17.23167">
        <time>2023-03-27T08:30:00Z</time>
      </trkpt>
      <trkpt lat="66.49912" lon="17.2339">
        <time>2023-03-27T09:02:00Z</time>
      </trkpt>
      <trkpt lat="66.50588" lon="17.23914">
        <time>2023-03-27T09:32:00Z</time>
      </trkpt>
      <trkpt lat="66.51453" lon="17.24251">
        <time>2023-03-27T10:02:00Z</time>
      </trkpt>
      <trkpt lat="66.52007" lon="17.24141">
        <time>2023-03-27T10:32:00Z</time>
      </trkpt>
      <trkpt lat="66.53133" lon="17.24259">
        <time>2023-03-27T11:02:00Z</time>
      </trkpt>
      <trkpt lat="66.53692" lon="17.2371">
        <time>2023-03-27T11:32:00Z</time>
      </trkpt>
      <trkpt lat="66.54474" lon="17.23088">
        <time>2023-03-27T12:03:00Z</time>
      </trkpt>
      <trkpt lat="66.55514" lon="17.22877">
        <time>2023-03-27T12:33:00Z</time>
      </trkpt>
      <trkpt lat="66.56506" lon="17.23744">
        <time>2023-03-27T13:03:00Z</time>
      </trkpt>
      <trkpt lat="66.56489" lon="17.25476">
        <time>2023-03-27T13:33:00Z</time>
      </trkpt>
      <trkpt lat="66.56418" lon="17.27978">
        <time>2023-03-27T14:03:00Z</time>
      </trkpt>
      <trkpt lat="66.55978" lon="17.30615">
        <time>2023-03-27T14:33:00Z</time>
      </trkpt>
      <trkpt lat="66.55568" lon="17.33149">
        <time>2023-03-27T15:03:00Z</time>
      </trkpt>
      <trkpt lat="66.55507" lon="17.35458">
        <time>2023-03-27T15:33:00Z</time>
      </trkpt>
      <trkpt lat="66.55445" lon="17.37511">
        <time>2023-03-27T16:03:00Z</time>
      </trkpt>
      <trkpt lat="66.55381" lon="17.37981">
        <time>2023-03-27T16:16:00Z</time>
      </trkpt>
      <trkpt lat="66.55377" lon="17.37996">
        <time>2023-03-28T05:10:00Z</time>
      </trkpt>
      <trkpt lat="66.55379" lon="17.37981">
        <time>2023-03-28T05:40:00Z</time>
      </trkpt>
      <trkpt lat="66.55577" lon="17.38651">
        <time>2023-03-28T06:11:00Z</time>
      </trkpt>
      <trkpt lat="66.55857" lon="17.38906">
        <time>2023-03-28T06:41:00Z</time>
      </trkpt>
      <trkpt lat="66.56512" lon="17.39305">
        <time>2023-03-28T07:11:00Z</time>
      </trkpt>
      <trkpt lat="66.57025" lon="17.39971">
        <time>2023-03-28T07:41:00Z</time>
      </trkpt>
      <trkpt lat="66.58102" lon="17.39687">
        <time>2023-03-28T08:11:00Z</time>
      </trkpt>
      <trkpt lat="66.59183" lon="17.38687">
        <time>2023-03-28T08:41:00Z</time>
      </trkpt>
      <trkpt lat="66.59777" lon="17.39576">
        <time>2023-03-28T09:11:00Z</time>
      </trkpt>
      <trkpt lat="66.59954" lon="17.3949">
        <time>2023-03-28T09:41:00Z</time>
      </trkpt>
      <trkpt lat="66.61077" lon="17.37831">
        <time>2023-03-28T10:11:00Z</time>
      </trkpt>
      <trkpt lat="66.61596" lon="17.37164">
        <time>2023-03-28T10:41:00Z</time>
      </trkpt>
      <trkpt lat="66.62729" lon="17.38441">
        <time>2023-03-28T11:11:00Z</time>
      </trkpt>
      <trkpt lat="66.63675" lon="17.39578">
        <time>2023-03-28T11:41:00Z</time>
      </trkpt>
      <trkpt lat="66.64957" lon="17.39657">
        <time>2023-03-28T12:11:00Z</time>
      </trkpt>
      <trkpt lat="66.65875" lon="17.41644">
        <time>2023-03-28T12:42:00Z</time>
      </trkpt>
      <trkpt lat="66.66348" lon="17.42108">
        <time>2023-03-28T13:12:00Z</time>
      </trkpt>
      <trkpt lat="66.67397" lon="17.43938">
        <time>2023-03-28T13:42:00Z</time>
      </trkpt>
      <trkpt lat="66.68129" lon="17.42844">
        <time>2023-03-28T14:12:00Z</time>
      </trkpt>
      <trkpt lat="66.68886" lon="17.41698">
        <time>2023-03-28T14:42:00Z</time>
      </trkpt>
      <trkpt lat="66.70138" lon="17.39947">
        <time>2023-03-28T15:12:00Z</time>
      </trkpt>
      <trkpt lat="66.71244" lon="17.38758">
        <time>2023-03-28T15:42:00Z</time>
      </trkpt>
      <trkpt lat="66.71844" lon="17.39717">
        <time>2023-03-28T16:13:00Z</time>
      </trkpt>
      <trkpt lat="66.72719" lon="17.39762">
        <time>2023-03-28T16:43:00Z</time>
      </trkpt>
      <trkpt lat="66.7336" lon="17.39887">
        <time>2023-03-28T17:13:00Z</time>
      </trkpt>
      <trkpt lat="66.73349" lon="17.39887">
        <time>2023-03-28T17:43:00Z</time>
      </trkpt>
      <trkpt lat="66.73352" lon="17.39889">
        <time>2023-03-28T17:46:00Z</time>
      </trkpt>
      <trkpt lat="66.73347" lon="17.39889">
        <time>2023-03-29T05:32:00Z</time>
      </trkpt>
      <trkpt lat="66.73762" lon="17.40196">
        <time>2023-03-29T06:02:00Z</time>
      </trkpt>
      <trkpt lat="66.74464" lon="17.41121">
        <time>2023-03-29T06:32:00Z</time>
      </trkpt>
      <trkpt lat="66.74747" lon="17.43275">
        <time>2023-03-29T07:02:00Z</time>
      </trkpt>
      <trkpt lat="66.75555" lon="17.4617">
        <time>2023-03-29T07:32:00Z</time>
      </trkpt>
      <trkpt lat="66.76113" lon="17.47721">
        <time>2023-03-29T08:03:00Z</time>
      </trkpt>
      <trkpt lat="66.76569" lon="17.48961">
        <time>2023-03-29T08:33:00Z</time>
      </trkpt>
      <trkpt lat="66.76754" lon="17.49496">
        <time>2023-03-29T09:03:00Z</time>
      </trkpt>
      <trkpt lat="66.77705" lon="17.51206">
        <time>2023-03-29T09:33:00Z</time>
      </trkpt>
      <trkpt lat="66.77674" lon="17.53879">
        <time>2023-03-29T10:03:00Z</time>
      </trkpt>
      <trkpt lat="66.78643" lon="17.55379">
        <time>2023-03-29T10:33:00Z</time>
      </trkpt>
      <trkpt lat="66.79064" lon="17.541">
        <time>2023-03-29T11:03:00Z</time>
      </trkpt>
      <trkpt lat="66.79367" lon="17.53899">
        <time>2023-03-29T11:33:00Z</time>
      </trkpt>
      <trkpt lat="66.79811" lon="17.53886">
        <time>2023-03-29T12:03:00Z</time>
      </trkpt>
      <trkpt lat="66.80269" lon="17.53952">
        <time>2023-03-29T12:33:00Z</time>
      </trkpt>
      <trkpt lat="66.80686" lon="17.54435">
        <time>2023-03-29T13:03:00Z</time>
      </trkpt>
      <trkpt lat="66.81655" lon="17.5574">
        <time>2023-03-29T13:33:00Z</time>
      </trkpt>
      <trkpt lat="66.82607" lon="17.57334">
        <time>2023-03-29T14:04:00Z</time>
      </trkpt>
      <trkpt lat="66.84237" lon="17.58774">
        <time>2023-03-29T14:34:00Z</time>
      </trkpt>
      <trkpt lat="66.84935" lon="17.58982">
        <time>2023-03-29T15:04:00Z</time>
      </trkpt>
      <trkpt lat="66.85581" lon="17.59514">
        <time>2023-03-29T15:34:00Z</time>
      </trkpt>
      <trkpt lat="66.86497" lon="17.60169">
        <time>2023-03-29T16:04:00Z</time>
      </trkpt>
      <trkpt lat="66.87192" lon="17.61469">
        <time>2023-03-29T16:34:00Z</time>
      </trkpt>
      <trkpt lat="66.87598" lon="17.63072">
        <time>2023-03-29T17:04:00Z</time>
      </trkpt>
      <trkpt lat="66.87881" lon="17.65516">
        <time>2023-03-29T17:34:00Z</time>
      </trkpt>
      <trkpt lat="66.87888" lon="17.6546">
        <time>2023-03-29T18:04:00Z</time>
      </trkpt>
      <trkpt lat="66.87888" lon="17.65462">
        <time>2023-03-29T18:19:00Z</time>
      </trkpt>
      <trkpt lat="66.87884" lon="17.65458">
        <time>2023-03-30T04:54:00Z</time>
      </trkpt>
      <trkpt lat="66.88066" lon="17.65473">
        <time>2023-03-30T05:24:00Z</time>
      </trkpt>
      <trkpt lat="66.88574" lon="17.65522">
        <time>2023-03-30T05:54:00Z</time>
      </trkpt>
      <trkpt lat="66.89675" lon="17.66608">
        <time>2023-03-30T06:24:00Z</time>
      </trkpt>
      <trkpt lat="66.90566" lon="17.67046">
        <time>2023-03-30T06:54:00Z</time>
      </trkpt>
      <trkpt lat="66.91523" lon="17.67136">
        <time>2023-03-30T07:24:00Z</time>
      </trkpt>
      <trkpt lat="66.92561" lon="17.66604">
        <time>2023-03-30T07:55:00Z</time>
      </trkpt>
      <trkpt lat="66.91972" lon="17.69258">
        <time>2023-03-30T08:25:00Z</time>
      </trkpt>
      <trkpt lat="66.92589" lon="17.71962">
        <time>2023-03-30T08:55:00Z</time>
      </trkpt>
      <trkpt lat="66.93566" lon="17.72756">
        <time>2023-03-30T09:25:00Z</time>
      </trkpt>
      <trkpt lat="66.94842" lon="17.72393">
        <time>2023-03-30T09:55:00Z</time>
      </trkpt>
      <trkpt lat="66.95391" lon="17.71975">
        <time>2023-03-30T10:25:00Z</time>
      </trkpt>
      <trkpt lat="66.9538" lon="17.71983">
        <time>2023-03-30T10:55:00Z</time>
      </trkpt>
      <trkpt lat="66.95407" lon="17.71973">
        <time>2023-03-30T13:31:00Z</time>
      </trkpt>
      <trkpt lat="66.95406" lon="17.71973">
        <time>2023-03-31T05:58:00Z</time>
      </trkpt>
      <trkpt lat="66.96226" lon="17.72863">
        <time>2023-03-31T06:28:00Z</time>
      </trkpt>
      <trkpt lat="66.96681" lon="17.7418">
        <time>2023-03-31T06:58:00Z</time>
      </trkpt>
      <trkpt lat="66.9742" lon="17.75367">
        <time>2023-03-31T07:28:00Z</time>
      </trkpt>
      <trkpt lat="66.98429" lon="17.77195">
        <time>2023-03-31T07:59:00Z</time>
      </trkpt>
      <trkpt lat="66.99449" lon="17.78654">
        <time>2023-03-31T08:29:00Z</time>
      </trkpt>
      <trkpt lat="67.00462" lon="17.78929">
        <time>2023-03-31T08:59:00Z</time>
      </trkpt>
      <trkpt lat="67.01579" lon="17.78983">
        <time>2023-03-31T09:29:00Z</time>
      </trkpt>
      <trkpt lat="67.02141" lon="17.79998">
        <time>2023-03-31T09:59:00Z</time>
      </trkpt>
      <trkpt lat="67.02567" lon="17.83757">
        <time>2023-03-31T10:29:00Z</time>
      </trkpt>
      <trkpt lat="67.02728" lon="17.86019">
        <time>2023-03-31T10:59:00Z</time>
      </trkpt>
      <trkpt lat="67.03069" lon="17.89626">
        <time>2023-03-31T11:29:00Z</time>
      </trkpt>
      <trkpt lat="67.03459" lon="17.9313">
        <time>2023-03-31T11:59:00Z</time>
      </trkpt>
      <trkpt lat="67.03969" lon="17.95082">
        <time>2023-03-31T12:29:00Z</time>
      </trkpt>
      <trkpt lat="67.04275" lon="17.97947">
        <time>2023-03-31T13:00:00Z</time>
      </trkpt>
      <trkpt lat="67.04334" lon="18.01256">
        <time>2023-03-31T13:30:00Z</time>
      </trkpt>
      <trkpt lat="67.04718" lon="18.03953">
        <time>2023-03-31T14:00:00Z</time>
      </trkpt>
      <trkpt lat="67.04948" lon="18.07575">
        <time>2023-03-31T14:30:00Z</time>
      </trkpt>
      <trkpt lat="67.05193" lon="18.1136">
        <time>2023-03-31T15:00:00Z</time>
      </trkpt>
      <trkpt lat="67.05655" lon="18.13032">
        <time>2023-03-31T15:30:00Z</time>
      </trkpt>
      <trkpt lat="67.05676" lon="18.16589">
        <time>2023-03-31T16:00:00Z</time>
      </trkpt>
      <trkpt lat="67.06191" lon="18.19559">
        <time>2023-03-31T16:30:00Z</time>
      </trkpt>
      <trkpt lat="67.07024" lon="18.20817">
        <time>2023-03-31T17:00:00Z</time>
      </trkpt>
      <trkpt lat="67.07323" lon="18.21911">
        <time>2023-03-31T17:30:00Z</time>
      </trkpt>
      <trkpt lat="67.07321" lon="18.21922">
        <time>2023-03-31T18:00:00Z</time>
      </trkpt>
      <trkpt lat="67.07323" lon="18.21913">
        <time>2023-03-31T18:27:00Z</time>
      </trkpt>
      <trkpt lat="67.07325" lon="18.21928">
        <time>2023-04-01T05:00:00Z</time>
      </trkpt>
      <trkpt lat="67.0744" lon="18.22559">
        <time>2023-04-01T05:30:00Z</time>
      </trkpt>
      <trkpt lat="67.07334" lon="18.24799">
        <time>2023-04-01T06:00:00Z</time>
      </trkpt>
      <trkpt lat="67.07528" lon="18.27447">
        <time>2023-04-01T06:30:00Z</time>
      </trkpt>
      <trkpt lat="67.08493" lon="18.28419">
        <time>2023-04-01T07:00:00Z</time>
      </trkpt>
      <trkpt lat="67.09376" lon="18.27381">
        <time>2023-04-01T07:31:00Z</time>
      </trkpt>
      <trkpt lat="67.10078" lon="18.2728">
        <time>2023-04-01T08:01:00Z</time>
      </trkpt>
      <trkpt lat="67.1133" lon="18.28554">
        <time>2023-04-01T08:31:00Z</time>
      </trkpt>
      <trkpt lat="67.12452" lon="18.29711">
        <time>2023-04-01T09:01:00Z</time>
      </trkpt>
      <trkpt lat="67.13434" lon="18.30934">
        <time>2023-04-01T09:31:00Z</time>
      </trkpt>
      <trkpt lat="67.14429" lon="18.31041">
        <time>2023-04-01T10:01:00Z</time>
      </trkpt>
      <trkpt lat="67.14873" lon="18.30597">
        <time>2023-04-01T10:31:00Z</time>
      </trkpt>
      <trkpt lat="67.14875" lon="18.30616">
        <time>2023-04-01T11:01:00Z</time>
      </trkpt>
      <trkpt lat="67.14756" lon="18.31756">
        <time>2023-04-01T11:31:00Z</time>
      </trkpt>
      <trkpt lat="67.14884" lon="18.32891">
        <time>2023-04-01T12:01:00Z</time>
      </trkpt>
      <trkpt lat="67.15209" lon="18.33228">
        <time>2023-04-01T12:31:00Z</time>
      </trkpt>
      <trkpt lat="67.15642" lon="18.33657">
        <time>2023-04-01T13:02:00Z</time>
      </trkpt>
      <trkpt lat="67.16225" lon="18.34565">
        <time>2023-04-01T13:32:00Z</time>
      </trkpt>
      <trkpt lat="67.16742" lon="18.3724">
        <time>2023-04-01T14:02:00Z</time>
      </trkpt>
      <trkpt lat="67.17034" lon="18.40227">
        <time>2023-04-01T14:32:00Z</time>
      </trkpt>
      <trkpt lat="67.17879" lon="18.42339">
        <time>2023-04-01T15:02:00Z</time>
      </trkpt>
      <trkpt lat="67.19067" lon="18.43536">
        <time>2023-04-01T15:32:00Z</time>
      </trkpt>
      <trkpt lat="67.2021" lon="18.4324">
        <time>2023-04-01T16:02:00Z</time>
      </trkpt>
      <trkpt lat="67.21516" lon="18.43152">
        <time>2023-04-01T16:32:00Z</time>
      </trkpt>
      <trkpt lat="67.22882" lon="18.43448">
        <time>2023-04-01T17:02:00Z</time>
      </trkpt>
      <trkpt lat="67.23196" lon="18.44105">
        <time>2023-04-01T17:37:00Z</time>
      </trkpt>
      <trkpt lat="67.23209" lon="18.44019">
        <time>2023-04-02T05:57:00Z</time>
      </trkpt>
      <trkpt lat="67.23739" lon="18.44853">
        <time>2023-04-02T06:27:00Z</time>
      </trkpt>
      <trkpt lat="67.24287" lon="18.45677">
        <time>2023-04-02T06:57:00Z</time>
      </trkpt>
      <trkpt lat="67.25295" lon="18.46761">
        <time>2023-04-02T07:27:00Z</time>
      </trkpt>
      <trkpt lat="67.25926" lon="18.47038">
        <time>2023-04-02T07:58:00Z</time>
      </trkpt>
      <trkpt lat="67.26859" lon="18.46684">
        <time>2023-04-02T08:28:00Z</time>
      </trkpt>
      <trkpt lat="67.27818" lon="18.46212">
        <time>2023-04-02T08:58:00Z</time>
      </trkpt>
      <trkpt lat="67.29017" lon="18.47504">
        <time>2023-04-02T09:28:00Z</time>
      </trkpt>
      <trkpt lat="67.29948" lon="18.48684">
        <time>2023-04-02T09:58:00Z</time>
      </trkpt>
      <trkpt lat="67.31121" lon="18.49031">
        <time>2023-04-02T10:28:00Z</time>
      </trkpt>
      <trkpt lat="67.32139" lon="18.50031">
        <time>2023-04-02T10:58:00Z</time>
      </trkpt>
      <trkpt lat="67.33186" lon="18.50924">
        <time>2023-04-02T11:28:00Z</time>
      </trkpt>
      <trkpt lat="67.34369" lon="18.50413">
        <time>2023-04-02T11:58:00Z</time>
      </trkpt>
      <trkpt lat="67.35584" lon="18.50072">
        <time>2023-04-02T12:28:00Z</time>
      </trkpt>
      <trkpt lat="67.35968" lon="18.50615">
        <time>2023-04-02T12:58:00Z</time>
      </trkpt>
      <trkpt lat="67.37119" lon="18.52241">
        <time>2023-04-02T13:29:00Z</time>
      </trkpt>
      <trkpt lat="67.3816" lon="18.53467">
        <time>2023-04-02T13:59:00Z</time>
      </trkpt>
      <trkpt lat="67.39364" lon="18.52089">
        <time>2023-04-02T14:29:00Z</time>
      </trkpt>
      <trkpt lat="67.39394" lon="18.5202">
        <time>2023-04-02T16:10:00Z</time>
      </trkpt>
      <trkpt lat="67.40216" lon="18.50278">
        <time>2023-04-02T16:40:00Z</time>
      </trkpt>
      <trkpt lat="67.40807" lon="18.49308">
        <time>2023-04-02T17:11:00Z</time>
      </trkpt>
      <trkpt lat="67.40808" lon="18.49306">
        <time>2023-04-02T17:42:00Z</time>
      </trkpt>
      <trkpt lat="67.40812" lon="18.49317">
        <time>2023-04-02T17:47:00Z</time>
      </trkpt>
      <trkpt lat="67.4081" lon="18.49302">
        <time>2023-04-03T05:07:00Z</time>
      </trkpt>
      <trkpt lat="67.40797" lon="18.49325">
        <time>2023-04-03T05:37:00Z</time>
      </trkpt>
      <trkpt lat="67.41215" lon="18.46791">
        <time>2023-04-03T06:07:00Z</time>
      </trkpt>
      <trkpt lat="67.42018" lon="18.44881">
        <time>2023-04-03T06:37:00Z</time>
      </trkpt>
      <trkpt lat="67.42423" lon="18.4404">
        <time>2023-04-03T07:07:00Z</time>
      </trkpt>
      <trkpt lat="67.43305" lon="18.42403">
        <time>2023-04-03T07:37:00Z</time>
      </trkpt>
      <trkpt lat="67.43535" lon="18.41882">
        <time>2023-04-03T08:09:00Z</time>
      </trkpt>
      <trkpt lat="67.44378" lon="18.39871">
        <time>2023-04-03T08:39:00Z</time>
      </trkpt>
      <trkpt lat="67.44834" lon="18.39373">
        <time>2023-04-03T09:09:00Z</time>
      </trkpt>
      <trkpt lat="67.46054" lon="18.37627">
        <time>2023-04-03T09:39:00Z</time>
      </trkpt>
      <trkpt lat="67.46771" lon="18.36449">
        <time>2023-04-03T10:09:00Z</time>
      </trkpt>
      <trkpt lat="67.47656" lon="18.36122">
        <time>2023-04-03T10:39:00Z</time>
      </trkpt>
      <trkpt lat="67.47884" lon="18.36013">
        <time>2023-04-03T11:09:00Z</time>
      </trkpt>
      <trkpt lat="67.48373" lon="18.35925">
        <time>2023-04-03T11:39:00Z</time>
      </trkpt>
      <trkpt lat="67.48371" lon="18.35923">
        <time>2023-04-03T12:09:00Z</time>
      </trkpt>
      <trkpt lat="67.4827" lon="18.3553">
        <time>2023-04-03T13:10:00Z</time>
      </trkpt>
      <trkpt lat="67.48278" lon="18.3553">
        <time>2023-04-03T13:41:00Z</time>
      </trkpt>
      <trkpt lat="67.48291" lon="18.3556">
        <time>2023-04-03T15:26:00Z</time>
      </trkpt>
      <trkpt lat="67.48288" lon="18.35959">
        <time>2023-04-04T05:03:00Z</time>
      </trkpt>
      <trkpt lat="67.49018" lon="18.3676">
        <time>2023-04-04T05:33:00Z</time>
      </trkpt>
      <trkpt lat="67.49842" lon="18.38496">
        <time>2023-04-04T06:03:00Z</time>
      </trkpt>
      <trkpt lat="67.50531" lon="18.41221">
        <time>2023-04-04T06:33:00Z</time>
      </trkpt>
      <trkpt lat="67.50634" lon="18.44169">
        <time>2023-04-04T07:03:00Z</time>
      </trkpt>
      <trkpt lat="67.51645" lon="18.44911">
        <time>2023-04-04T07:34:00Z</time>
      </trkpt>
      <trkpt lat="67.52014" lon="18.46001">
        <time>2023-04-04T08:04:00Z</time>
      </trkpt>
      <trkpt lat="67.52884" lon="18.47905">
        <time>2023-04-04T08:34:00Z</time>
      </trkpt>
      <trkpt lat="67.537" lon="18.4869">
        <time>2023-04-04T09:04:00Z</time>
      </trkpt>
      <trkpt lat="67.54616" lon="18.46248">
        <time>2023-04-04T09:34:00Z</time>
      </trkpt>
      <trkpt lat="67.55712" lon="18.44495">
        <time>2023-04-04T10:04:00Z</time>
      </trkpt>
      <trkpt lat="67.56625" lon="18.42467">
        <time>2023-04-04T10:34:00Z</time>
      </trkpt>
      <trkpt lat="67.57299" lon="18.40515">
        <time>2023-04-04T11:04:00Z</time>
      </trkpt>
      <trkpt lat="67.58431" lon="18.38088">
        <time>2023-04-04T11:34:00Z</time>
      </trkpt>
      <trkpt lat="67.59298" lon="18.37682">
        <time>2023-04-04T12:04:00Z</time>
      </trkpt>
      <trkpt lat="67.6046" lon="18.37736">
        <time>2023-04-04T12:34:00Z</time>
      </trkpt>
      <trkpt lat="67.61199" lon="18.36674">
        <time>2023-04-04T13:05:00Z</time>
      </trkpt>
      <trkpt lat="67.61679" lon="18.3638">
        <time>2023-04-04T13:35:00Z</time>
      </trkpt>
      <trkpt lat="67.62737" lon="18.34725">
        <time>2023-04-04T14:05:00Z</time>
      </trkpt>
      <trkpt lat="67.63412" lon="18.33397">
        <time>2023-04-04T14:35:00Z</time>
      </trkpt>
      <trkpt lat="67.63754" lon="18.31945">
        <time>2023-04-04T15:05:00Z</time>
      </trkpt>
      <trkpt lat="67.64647" lon="18.29983">
        <time>2023-04-04T15:35:00Z</time>
      </trkpt>
      <trkpt lat="67.65515" lon="18.26896">
        <time>2023-04-04T16:05:00Z</time>
      </trkpt>
      <trkpt lat="67.65948" lon="18.25127">
        <time>2023-04-04T16:35:00Z</time>
      </trkpt>
      <trkpt lat="67.66778" lon="18.21969">
        <time>2023-04-04T17:05:00Z</time>
      </trkpt>
      <trkpt lat="67.67706" lon="18.1913">
        <time>2023-04-04T17:35:00Z</time>
      </trkpt>
      <trkpt lat="67.68537" lon="18.16997">
        <time>2023-04-04T18:05:00Z</time>
      </trkpt>
      <trkpt lat="67.69473" lon="18.15555">
        <time>2023-04-04T18:35:00Z</time>
      </trkpt>
      <trkpt lat="67.6949" lon="18.15514">
        <time>2023-04-04T18:43:00Z</time>
      </trkpt>
      <trkpt lat="67.69485" lon="18.15532">
        <time>2023-04-05T06:06:00Z</time>
      </trkpt>
      <trkpt lat="67.70183" lon="18.12779">
        <time>2023-04-05T06:36:00Z</time>
      </trkpt>
      <trkpt lat="67.7087" lon="18.11289">
        <time>2023-04-05T07:06:00Z</time>
      </trkpt>
      <trkpt lat="67.70863" lon="18.11935">
        <time>2023-04-05T07:37:00Z</time>
      </trkpt>
      <trkpt lat="67.70752" lon="18.12637">
        <time>2023-04-05T08:07:00Z</time>
      </trkpt>
      <trkpt lat="67.70749" lon="18.13233">
        <time>2023-04-05T08:37:00Z</time>
      </trkpt>
      <trkpt lat="67.70708" lon="18.13871">
        <time>2023-04-05T09:07:00Z</time>
      </trkpt>
      <trkpt lat="67.7032" lon="18.16145">
        <time>2023-04-05T09:37:00Z</time>
      </trkpt>
      <trkpt lat="67.70604" lon="18.18763">
        <time>2023-04-05T10:07:00Z</time>
      </trkpt>
      <trkpt lat="67.71421" lon="18.20922">
        <time>2023-04-05T10:37:00Z</time>
      </trkpt>
      <trkpt lat="67.72177" lon="18.22246">
        <time>2023-04-05T11:07:00Z</time>
      </trkpt>
      <trkpt lat="67.73223" lon="18.24228">
        <time>2023-04-05T11:37:00Z</time>
      </trkpt>
      <trkpt lat="67.73622" lon="18.2631">
        <time>2023-04-05T12:07:00Z</time>
      </trkpt>
      <trkpt lat="67.74395" lon="18.29582">
        <time>2023-04-05T12:37:00Z</time>
      </trkpt>
      <trkpt lat="67.75082" lon="18.29741">
        <time>2023-04-05T13:07:00Z</time>
      </trkpt>
      <trkpt lat="67.76046" lon="18.28692">
        <time>2023-04-05T13:37:00Z</time>
      </trkpt>
      <trkpt lat="67.77058" lon="18.28243">
        <time>2023-04-05T14:07:00Z</time>
      </trkpt>
      <trkpt lat="67.77645" lon="18.28355">
        <time>2023-04-05T14:38:00Z</time>
      </trkpt>
      <trkpt lat="67.77867" lon="18.28696">
        <time>2023-04-05T15:08:00Z</time>
      </trkpt>
      <trkpt lat="67.7826" lon="18.28878">
        <time>2023-04-05T15:38:00Z</time>
      </trkpt>
      <trkpt lat="67.78701" lon="18.29443">
        <time>2023-04-05T16:08:00Z</time>
      </trkpt>
      <trkpt lat="67.78699" lon="18.2944">
        <time>2023-04-05T16:30:00Z</time>
      </trkpt>
      <trkpt lat="67.78698" lon="18.29447">
        <time>2023-04-06T05:54:00Z</time>
      </trkpt>
      <trkpt lat="67.79204" lon="18.29576">
        <time>2023-04-06T06:24:00Z</time>
      </trkpt>
      <trkpt lat="67.80343" lon="18.29213">
        <time>2023-04-06T06:54:00Z</time>
      </trkpt>
      <trkpt lat="67.81438" lon="18.29526">
        <time>2023-04-06T07:24:00Z</time>
      </trkpt>
      <trkpt lat="67.82478" lon="18.3058">
        <time>2023-04-06T07:54:00Z</time>
      </trkpt>
      <trkpt lat="67.83854" lon="18.31224">
        <time>2023-04-06T08:24:00Z</time>
      </trkpt>
      <trkpt lat="67.84998" lon="18.31696">
        <time>2023-04-06T08:54:00Z</time>
      </trkpt>
      <trkpt lat="67.85025" lon="18.31586">
        <time>2023-04-06T09:25:00Z</time>
      </trkpt>
      <trkpt lat="67.86031" lon="18.31269">
        <time>2023-04-06T09:55:00Z</time>
      </trkpt>
      <trkpt lat="67.87226" lon="18.30942">
        <time>2023-04-06T10:25:00Z</time>
      </trkpt>
      <trkpt lat="67.88343" lon="18.31118">
        <time>2023-04-06T10:55:00Z</time>
      </trkpt>
      <trkpt lat="67.88777" lon="18.31262">
        <time>2023-04-06T11:25:00Z</time>
      </trkpt>
      <trkpt lat="67.89975" lon="18.31786">
        <time>2023-04-06T11:55:00Z</time>
      </trkpt>
      <trkpt lat="67.91109" lon="18.31015">
        <time>2023-04-06T12:25:00Z</time>
      </trkpt>
      <trkpt lat="67.92244" lon="18.30215">
        <time>2023-04-06T12:55:00Z</time>
      </trkpt>
      <trkpt lat="67.93426" lon="18.29295">
        <time>2023-04-06T13:25:00Z</time>
      </trkpt>
      <trkpt lat="67.94619" lon="18.28237">
        <time>2023-04-06T13:55:00Z</time>
      </trkpt>
      <trkpt lat="67.94616" lon="18.28235">
        <time>2023-04-06T14:25:00Z</time>
      </trkpt>
      <trkpt lat="67.94954" lon="18.28127">
        <time>2023-04-06T14:55:00Z</time>
      </trkpt>
      <trkpt lat="67.96277" lon="18.27376">
        <time>2023-04-06T15:25:00Z</time>
      </trkpt>
      <trkpt lat="67.9757" lon="18.26488">
        <time>2023-04-06T15:55:00Z</time>
      </trkpt>
      <trkpt lat="67.98734" lon="18.26114">
        <time>2023-04-06T16:34:00Z</time>
      </trkpt>
      <trkpt lat="68.00066" lon="18.24883">
        <time>2023-04-06T17:04:00Z</time>
      </trkpt>
      <trkpt lat="68.00797" lon="18.24224">
        <time>2023-04-06T17:34:00Z</time>
      </trkpt>
      <trkpt lat="68.00803" lon="18.24218">
        <time>2023-04-06T18:05:00Z</time>
      </trkpt>
      <trkpt lat="68.008" lon="18.24224">
        <time>2023-04-06T18:12:00Z</time>
      </trkpt>
      <trkpt lat="68.0082" lon="18.24215">
        <time>2023-04-07T05:02:00Z</time>
      </trkpt>
      <trkpt lat="68.0112" lon="18.24052">
        <time>2023-04-07T05:32:00Z</time>
      </trkpt>
      <trkpt lat="68.01534" lon="18.24228">
        <time>2023-04-07T06:02:00Z</time>
      </trkpt>
      <trkpt lat="68.02039" lon="18.2481">
        <time>2023-04-07T06:32:00Z</time>
      </trkpt>
      <trkpt lat="68.03141" lon="18.24093">
        <time>2023-04-07T07:03:00Z</time>
      </trkpt>
      <trkpt lat="68.04615" lon="18.2396">
        <time>2023-04-07T07:34:00Z</time>
      </trkpt>
      <trkpt lat="68.05209" lon="18.24166">
        <time>2023-04-07T08:04:00Z</time>
      </trkpt>
      <trkpt lat="68.0627" lon="18.25501">
        <time>2023-04-07T08:34:00Z</time>
      </trkpt>
      <trkpt lat="68.07406" lon="18.27011">
        <time>2023-04-07T09:04:00Z</time>
      </trkpt>
      <trkpt lat="68.07974" lon="18.28132">
        <time>2023-04-07T09:34:00Z</time>
      </trkpt>
      <trkpt lat="68.0882" lon="18.29642">
        <time>2023-04-07T10:04:00Z</time>
      </trkpt>
      <trkpt lat="68.09891" lon="18.31376">
        <time>2023-04-07T10:34:00Z</time>
      </trkpt>
      <trkpt lat="68.10531" lon="18.32736">
        <time>2023-04-07T11:04:00Z</time>
      </trkpt>
      <trkpt lat="68.11105" lon="18.35659">
        <time>2023-04-07T11:34:00Z</time>
      </trkpt>
      <trkpt lat="68.11905" lon="18.38195">
        <time>2023-04-07T12:04:00Z</time>
      </trkpt>
      <trkpt lat="68.12714" lon="18.40515">
        <time>2023-04-07T12:34:00Z</time>
      </trkpt>
      <trkpt lat="68.13021" lon="18.41081">
        <time>2023-04-07T13:04:00Z</time>
      </trkpt>
      <trkpt lat="68.14328" lon="18.42416">
        <time>2023-04-07T13:34:00Z</time>
      </trkpt>
      <trkpt lat="68.15479" lon="18.44141">
        <time>2023-04-07T14:04:00Z</time>
      </trkpt>
      <trkpt lat="68.16256" lon="18.45062">
        <time>2023-04-07T14:34:00Z</time>
      </trkpt>
      <trkpt lat="68.17195" lon="18.46154">
        <time>2023-04-07T15:05:00Z</time>
      </trkpt>
      <trkpt lat="68.18342" lon="18.47295">
        <time>2023-04-07T15:35:00Z</time>
      </trkpt>
      <trkpt lat="68.19179" lon="18.49688">
        <time>2023-04-07T16:05:00Z</time>
      </trkpt>
      <trkpt lat="68.1992" lon="18.52038">
        <time>2023-04-07T16:35:00Z</time>
      </trkpt>
      <trkpt lat="68.20143" lon="18.52819">
        <time>2023-04-07T17:05:00Z</time>
      </trkpt>
      <trkpt lat="68.20139" lon="18.52816">
        <time>2023-04-07T17:21:00Z</time>
      </trkpt>
      <trkpt lat="68.20139" lon="18.52816">
        <time>2023-04-08T05:27:00Z</time>
      </trkpt>
      <trkpt lat="68.20333" lon="18.53428">
        <time>2023-04-08T05:57:00Z</time>
      </trkpt>
      <trkpt lat="68.21204" lon="18.5572">
        <time>2023-04-08T06:27:00Z</time>
      </trkpt>
      <trkpt lat="68.222" lon="18.57125">
        <time>2023-04-08T06:57:00Z</time>
      </trkpt>
      <trkpt lat="68.23278" lon="18.59634">
        <time>2023-04-08T07:35:00Z</time>
      </trkpt>
      <trkpt lat="68.23845" lon="18.6026">
        <time>2023-04-08T08:05:00Z</time>
      </trkpt>
      <trkpt lat="68.25082" lon="18.60013">
        <time>2023-04-08T08:35:00Z</time>
      </trkpt>
      <trkpt lat="68.26077" lon="18.58183">
        <time>2023-04-08T09:05:00Z</time>
      </trkpt>
      <trkpt lat="68.27197" lon="18.57033">
        <time>2023-04-08T09:35:00Z</time>
      </trkpt>
      <trkpt lat="68.28264" lon="18.58363">
        <time>2023-04-08T10:05:00Z</time>
      </trkpt>
      <trkpt lat="68.28724" lon="18.60206">
        <time>2023-04-08T10:35:00Z</time>
      </trkpt>
      <trkpt lat="68.29676" lon="18.63434">
        <time>2023-04-08T11:05:00Z</time>
      </trkpt>
      <trkpt lat="68.30598" lon="18.6621">
        <time>2023-04-08T11:35:00Z</time>
      </trkpt>
      <trkpt lat="68.31" lon="18.67983">
        <time>2023-04-08T12:05:00Z</time>
      </trkpt>
      <trkpt lat="68.31285" lon="18.70549">
        <time>2023-04-08T12:35:00Z</time>
      </trkpt>
      <trkpt lat="68.31611" lon="18.73349">
        <time>2023-04-08T13:05:00Z</time>
      </trkpt>
      <trkpt lat="68.32118" lon="18.76122">
        <time>2023-04-08T13:35:00Z</time>
      </trkpt>
      <trkpt lat="68.32736" lon="18.78557">
        <time>2023-04-08T14:05:00Z</time>
      </trkpt>
      <trkpt lat="68.34032" lon="18.79684">
        <time>2023-04-08T14:35:00Z</time>
      </trkpt>
      <trkpt lat="68.34891" lon="18.82016">
        <time>2023-04-08T15:05:00Z</time>
      </trkpt>
      <trkpt lat="68.34689" lon="18.83211">
        <time>2023-04-08T15:35:00Z</time>
      </trkpt>
      <trkpt lat="68.34685" lon="18.83224">
        <time>2023-04-08T16:05:00Z</time>
      </trkpt>
      <trkpt lat="68.34676" lon="18.83282">
        <time>2023-04-08T16:28:00Z</time>
      </trkpt>
      <trkpt lat="68.3468" lon="18.83183">
        <time>2023-04-09T06:27:00Z</time>
      </trkpt>
      <trkpt lat="68.35307" lon="18.8396">
        <time>2023-04-09T06:57:00Z</time>
      </trkpt>
      <trkpt lat="68.36429" lon="18.842">
        <time>2023-04-09T07:28:00Z</time>
      </trkpt>
      <trkpt lat="68.37207" lon="18.8369">
        <time>2023-04-09T07:58:00Z</time>
      </trkpt>
      <trkpt lat="68.38407" lon="18.83342">
        <time>2023-04-09T08:28:00Z</time>
      </trkpt>
      <trkpt lat="68.39013" lon="18.832">
        <time>2023-04-09T08:58:00Z</time>
      </trkpt>
      <trkpt lat="68.40424" lon="18.82829">
        <time>2023-04-09T09:28:00Z</time>
      </trkpt>
      <trkpt lat="68.41121" lon="18.82825">
        <time>2023-04-09T09:58:00Z</time>
      </trkpt>
      <trkpt lat="68.41952" lon="18.82617">
        <time>2023-04-09T10:28:00Z</time>
      </trkpt>
      <trkpt lat="68.42694" lon="18.82801">
        <time>2023-04-09T10:58:00Z</time>
      </trkpt>
      <trkpt lat="68.43111" lon="18.82746">
        <time>2023-04-09T11:28:00Z</time>
      </trkpt>
      <trkpt lat="68.43785" lon="18.82572">
        <time>2023-04-09T11:58:00Z</time>
      </trkpt>
      <trkpt lat="68.44812" lon="18.83355">
        <time>2023-04-09T12:29:00Z</time>
      </trkpt>
      <trkpt lat="68.45135" lon="18.85095">
        <time>2023-04-09T12:59:00Z</time>
      </trkpt>
      <trkpt lat="68.45527" lon="18.84286">
        <time>2023-04-09T13:29:00Z</time>
      </trkpt>
      <trkpt lat="68.45762" lon="18.83853">
        <time>2023-04-09T13:59:00Z</time>
      </trkpt>
      <trkpt lat="68.46504" lon="18.83052">
        <time>2023-04-09T14:29:00Z</time>
      </trkpt>
      <trkpt lat="68.46861" lon="18.8248">
        <time>2023-04-09T14:59:00Z</time>
      </trkpt>
      <trkpt lat="68.47398" lon="18.82769">
        <time>2023-04-09T15:29:00Z</time>
      </trkpt>
      <trkpt lat="68.47745" lon="18.83168">
        <time>2023-04-09T15:59:00Z</time>
      </trkpt>
      <trkpt lat="68.48199" lon="18.84239">
        <time>2023-04-09T16:29:00Z</time>
      </trkpt>
      <trkpt lat="68.48994" lon="18.84889">
        <time>2023-04-09T16:59:00Z</time>
      </trkpt>
      <trkpt lat="68.49535" lon="18.8629">
        <time>2023-04-09T17:29:00Z</time>
      </trkpt>
      <trkpt lat="68.49531" lon="18.86293">
        <time>2023-04-09T17:49:00Z</time>
      </trkpt>
      <trkpt lat="68.49534" lon="18.86278">
        <time>2023-04-10T04:51:00Z</time>
      </trkpt>
      <trkpt lat="68.49588" lon="18.8622">
        <time>2023-04-10T05:22:00Z</time>
      </trkpt>
      <trkpt lat="68.5021" lon="18.86181">
        <time>2023-04-10T05:52:00Z</time>
      </trkpt>
      <trkpt lat="68.50649" lon="18.84906">
        <time>2023-04-10T06:22:00Z</time>
      </trkpt>
      <trkpt lat="68.50821" lon="18.82733">
        <time>2023-04-10T06:52:00Z</time>
      </trkpt>
      <trkpt lat="68.51212" lon="18.80799">
        <time>2023-04-10T07:22:00Z</time>
      </trkpt>
      <trkpt lat="68.51442" lon="18.80323">
        <time>2023-04-10T07:52:00Z</time>
      </trkpt>
      <trkpt lat="68.52242" lon="18.79602">
        <time>2023-04-10T08:22:00Z</time>
      </trkpt>
      <trkpt lat="68.53034" lon="18.78933">
        <time>2023-04-10T08:52:00Z</time>
      </trkpt>
      <trkpt lat="68.53709" lon="18.7837">
        <time>2023-04-10T09:22:00Z</time>
      </trkpt>
      <trkpt lat="68.55053" lon="18.77864">
        <time>2023-04-10T09:52:00Z</time>
      </trkpt>
      <trkpt lat="68.5521" lon="18.77812">
        <time>2023-04-10T10:22:00Z</time>
      </trkpt>
      <trkpt lat="68.55634" lon="18.78677">
        <time>2023-04-10T10:52:00Z</time>
      </trkpt>
      <trkpt lat="68.56107" lon="18.80186">
        <time>2023-04-10T11:23:00Z</time>
      </trkpt>
      <trkpt lat="68.56456" lon="18.82104">
        <time>2023-04-10T11:53:00Z</time>
      </trkpt>
      <trkpt lat="68.57226" lon="18.84155">
        <time>2023-04-10T12:23:00Z</time>
      </trkpt>
      <trkpt lat="68.58255" lon="18.85818">
        <time>2023-04-10T12:53:00Z</time>
      </trkpt>
      <trkpt lat="68.59505" lon="18.87666">
        <time>2023-04-10T13:23:00Z</time>
      </trkpt>
      <trkpt lat="68.60978" lon="18.88539">
        <time>2023-04-10T13:53:00Z</time>
      </trkpt>
      <trkpt lat="68.6193" lon="18.88436">
        <time>2023-04-10T14:23:00Z</time>
      </trkpt>
      <trkpt lat="68.62983" lon="18.8779">
        <time>2023-04-10T14:53:00Z</time>
      </trkpt>
      <trkpt lat="68.64374" lon="18.86447">
        <time>2023-04-10T15:23:00Z</time>
      </trkpt>
      <trkpt lat="68.65073" lon="18.88307">
        <time>2023-04-10T15:53:00Z</time>
      </trkpt>
      <trkpt lat="68.65426" lon="18.89393">
        <time>2023-04-10T16:24:00Z</time>
      </trkpt>
      <trkpt lat="68.65548" lon="18.92547">
        <time>2023-04-10T16:54:00Z</time>
      </trkpt>
      <trkpt lat="68.65657" lon="18.94861">
        <time>2023-04-10T17:24:00Z</time>
      </trkpt>
      <trkpt lat="68.65437" lon="18.97474">
        <time>2023-04-10T17:54:00Z</time>
      </trkpt>
      <trkpt lat="68.65442" lon="18.97485">
        <time>2023-04-10T18:24:00Z</time>
      </trkpt>
      <trkpt lat="68.65447" lon="18.97472">
        <time>2023-04-10T18:27:00Z</time>
      </trkpt>
      <trkpt lat="68.65439" lon="18.97474">
        <time>2023-04-11T05:18:00Z</time>
      </trkpt>
      <trkpt lat="68.65036" lon="19.00828">
        <time>2023-04-11T05:48:00Z</time>
      </trkpt>
      <trkpt lat="68.64921" lon="19.01384">
        <time>2023-04-11T06:18:00Z</time>
      </trkpt>
      <trkpt lat="68.64401" lon="19.04551">
        <time>2023-04-11T06:48:00Z</time>
      </trkpt>
      <trkpt lat="68.6428" lon="19.06398">
        <time>2023-04-11T07:19:00Z</time>
      </trkpt>
      <trkpt lat="68.65086" lon="19.09267">
        <time>2023-04-11T07:49:00Z</time>
      </trkpt>
      <trkpt lat="68.65815" lon="19.11896">
        <time>2023-04-11T08:19:00Z</time>
      </trkpt>
      <trkpt lat="68.659" lon="19.12031">
        <time>2023-04-11T08:49:00Z</time>
      </trkpt>
      <trkpt lat="68.66358" lon="19.12653">
        <time>2023-04-11T09:19:00Z</time>
      </trkpt>
      <trkpt lat="68.67103" lon="19.14271">
        <time>2023-04-11T09:49:00Z</time>
      </trkpt>
      <trkpt lat="68.67399" lon="19.14529">
        <time>2023-04-11T10:19:00Z</time>
      </trkpt>
      <trkpt lat="68.68081" lon="19.15805">
        <time>2023-04-11T10:49:00Z</time>
      </trkpt>
      <trkpt lat="68.68341" lon="19.1796">
        <time>2023-04-11T11:19:00Z</time>
      </trkpt>
      <trkpt lat="68.68443" lon="19.20022">
        <time>2023-04-11T11:49:00Z</time>
      </trkpt>
      <trkpt lat="68.68297" lon="19.22595">
        <time>2023-04-11T12:19:00Z</time>
      </trkpt>
      <trkpt lat="68.68223" lon="19.24989">
        <time>2023-04-11T12:50:00Z</time>
      </trkpt>
      <trkpt lat="68.68112" lon="19.27491">
        <time>2023-04-11T13:20:00Z</time>
      </trkpt>
      <trkpt lat="68.67669" lon="19.30967">
        <time>2023-04-11T13:50:00Z</time>
      </trkpt>
      <trkpt lat="68.67567" lon="19.33259">
        <time>2023-04-11T14:20:00Z</time>
      </trkpt>
      <trkpt lat="68.67466" lon="19.34967">
        <time>2023-04-11T14:50:00Z</time>
      </trkpt>
      <trkpt lat="68.67126" lon="19.38104">
        <time>2023-04-11T15:20:00Z</time>
      </trkpt>
      <trkpt lat="68.66988" lon="19.38617">
        <time>2023-04-11T15:50:00Z</time>
      </trkpt>
      <trkpt lat="68.66998" lon="19.38611">
        <time>2023-04-11T15:55:00Z</time>
      </trkpt>
      <trkpt lat="68.66998" lon="19.38611">
        <time>2023-04-12T05:07:00Z</time>
      </trkpt>
      <trkpt lat="68.67013" lon="19.39769">
        <time>2023-04-12T05:38:00Z</time>
      </trkpt>
      <trkpt lat="68.67148" lon="19.43735">
        <time>2023-04-12T06:08:00Z</time>
      </trkpt>
      <trkpt lat="68.67219" lon="19.47758">
        <time>2023-04-12T06:38:00Z</time>
      </trkpt>
      <trkpt lat="68.67223" lon="19.48612">
        <time>2023-04-12T07:36:00Z</time>
      </trkpt>
      <trkpt lat="68.67992" lon="19.49299">
        <time>2023-04-12T08:06:00Z</time>
      </trkpt>
      <trkpt lat="68.68989" lon="19.4847">
        <time>2023-04-12T08:36:00Z</time>
      </trkpt>
      <trkpt lat="68.69244" lon="19.52084">
        <time>2023-04-12T09:06:00Z</time>
      </trkpt>
      <trkpt lat="68.6889" lon="19.5453">
        <time>2023-04-12T09:36:00Z</time>
      </trkpt>
      <trkpt lat="68.68331" lon="19.57901">
        <time>2023-04-12T10:06:00Z</time>
      </trkpt>
      <trkpt lat="68.6793" lon="19.60304">
        <time>2023-04-12T10:36:00Z</time>
      </trkpt>
      <trkpt lat="68.67541" lon="19.62748">
        <time>2023-04-12T11:06:00Z</time>
      </trkpt>
      <trkpt lat="68.67464" lon="19.64317">
        <time>2023-04-12T11:36:00Z</time>
      </trkpt>
      <trkpt lat="68.67457" lon="19.64343">
        <time>2023-04-12T12:06:00Z</time>
      </trkpt>
      <trkpt lat="68.67478" lon="19.65403">
        <time>2023-04-12T12:36:00Z</time>
      </trkpt>
      <trkpt lat="68.67294" lon="19.67797">
        <time>2023-04-12T13:06:00Z</time>
      </trkpt>
      <trkpt lat="68.67481" lon="19.6999">
        <time>2023-04-12T13:36:00Z</time>
      </trkpt>
      <trkpt lat="68.67853" lon="19.7302">
        <time>2023-04-12T14:07:00Z</time>
      </trkpt>
      <trkpt lat="68.6803" lon="19.76168">
        <time>2023-04-12T14:37:00Z</time>
      </trkpt>
      <trkpt lat="68.68196" lon="19.77475">
        <time>2023-04-12T15:07:00Z</time>
      </trkpt>
      <trkpt lat="68.68223" lon="19.77749">
        <time>2023-04-12T15:37:00Z</time>
      </trkpt>
      <trkpt lat="68.67307" lon="19.7847">
        <time>2023-04-12T16:07:00Z</time>
      </trkpt>
      <trkpt lat="68.66374" lon="19.79891">
        <time>2023-04-12T16:37:00Z</time>
      </trkpt>
      <trkpt lat="68.66101" lon="19.80796">
        <time>2023-04-12T17:07:00Z</time>
      </trkpt>
      <trkpt lat="68.65567" lon="19.80588">
        <time>2023-04-12T17:37:00Z</time>
      </trkpt>
      <trkpt lat="68.65521" lon="19.80968">
        <time>2023-04-12T18:07:00Z</time>
      </trkpt>
      <trkpt lat="68.65602" lon="19.80932">
        <time>2023-04-12T18:37:00Z</time>
      </trkpt>
      <trkpt lat="68.656" lon="19.80917">
        <time>2023-04-12T18:58:00Z</time>
      </trkpt>
      <trkpt lat="68.656" lon="19.80917">
        <time>2023-04-12T18:58:00Z</time>
      </trkpt>
      <trkpt lat="68.65598" lon="19.80919">
        <time>2023-04-12T18:59:00Z</time>
      </trkpt>
      <trkpt lat="68.65602" lon="19.80927">
        <time>2023-04-13T06:39:00Z</time>
      </trkpt>
      <trkpt lat="68.65745" lon="19.81339">
        <time>2023-04-13T07:13:00Z</time>
      </trkpt>
      <trkpt lat="68.66071" lon="19.82515">
        <time>2023-04-13T07:43:00Z</time>
      </trkpt>
      <trkpt lat="68.6613" lon="19.84906">
        <time>2023-04-13T08:13:00Z</time>
      </trkpt>
      <trkpt lat="68.66017" lon="19.86727">
        <time>2023-04-13T08:43:00Z</time>
      </trkpt>
      <trkpt lat="68.66043" lon="19.88719">
        <time>2023-04-13T09:13:00Z</time>
      </trkpt>
      <trkpt lat="68.66141" lon="19.89884">
        <time>2023-04-13T09:43:00Z</time>
      </trkpt>
      <trkpt lat="68.66648" lon="19.92066">
        <time>2023-04-13T10:14:00Z</time>
      </trkpt>
      <trkpt lat="68.66773" lon="19.94592">
        <time>2023-04-13T10:44:00Z</time>
      </trkpt>
      <trkpt lat="68.6694" lon="19.95853">
        <time>2023-04-13T11:14:00Z</time>
      </trkpt>
      <trkpt lat="68.67429" lon="19.98769">
        <time>2023-04-13T11:44:00Z</time>
      </trkpt>
      <trkpt lat="68.6792" lon="20.00424">
        <time>2023-04-13T12:14:00Z</time>
      </trkpt>
      <trkpt lat="68.68696" lon="20.00688">
        <time>2023-04-13T12:44:00Z</time>
      </trkpt>
      <trkpt lat="68.69086" lon="20.02252">
        <time>2023-04-13T13:14:00Z</time>
      </trkpt>
      <trkpt lat="68.70682" lon="20.02692">
        <time>2023-04-13T13:44:00Z</time>
      </trkpt>
      <trkpt lat="68.71516" lon="20.02542">
        <time>2023-04-13T14:14:00Z</time>
      </trkpt>
      <trkpt lat="68.72529" lon="20.02872">
        <time>2023-04-13T14:44:00Z</time>
      </trkpt>
      <trkpt lat="68.73978" lon="20.02288">
        <time>2023-04-13T15:14:00Z</time>
      </trkpt>
      <trkpt lat="68.75377" lon="20.01391">
        <time>2023-04-13T15:44:00Z</time>
      </trkpt>
      <trkpt lat="68.77064" lon="19.99598">
        <time>2023-04-13T16:14:00Z</time>
      </trkpt>
      <trkpt lat="68.78455" lon="19.99686">
        <time>2023-04-13T16:44:00Z</time>
      </trkpt>
      <trkpt lat="68.7959" lon="20.0213">
        <time>2023-04-13T17:14:00Z</time>
      </trkpt>
      <trkpt lat="68.79593" lon="20.02104">
        <time>2023-04-13T17:43:00Z</time>
      </trkpt>
      <trkpt lat="68.79589" lon="20.02108">
        <time>2023-04-14T06:03:00Z</time>
      </trkpt>
      <trkpt lat="68.7967" lon="20.03393">
        <time>2023-04-14T06:33:00Z</time>
      </trkpt>
      <trkpt lat="68.80311" lon="20.06196">
        <time>2023-04-14T07:04:00Z</time>
      </trkpt>
      <trkpt lat="68.81319" lon="20.09159">
        <time>2023-04-14T07:34:00Z</time>
      </trkpt>
      <trkpt lat="68.81907" lon="20.10887">
        <time>2023-04-14T08:04:00Z</time>
      </trkpt>
      <trkpt lat="68.82107" lon="20.11035">
        <time>2023-04-14T08:34:00Z</time>
      </trkpt>
      <trkpt lat="68.82891" lon="20.11266">
        <time>2023-04-14T09:04:00Z</time>
      </trkpt>
      <trkpt lat="68.83615" lon="20.11283">
        <time>2023-04-14T09:34:00Z</time>
      </trkpt>
      <trkpt lat="68.83779" lon="20.11401">
        <time>2023-04-14T10:04:00Z</time>
      </trkpt>
      <trkpt lat="68.84263" lon="20.11983">
        <time>2023-04-14T10:34:00Z</time>
      </trkpt>
      <trkpt lat="68.84789" lon="20.1265">
        <time>2023-04-14T11:04:00Z</time>
      </trkpt>
      <trkpt lat="68.8564" lon="20.12588">
        <time>2023-04-14T11:35:00Z</time>
      </trkpt>
      <trkpt lat="68.86791" lon="20.11444">
        <time>2023-04-14T12:05:00Z</time>
      </trkpt>
      <trkpt lat="68.87399" lon="20.09453">
        <time>2023-04-14T12:35:00Z</time>
      </trkpt>
      <trkpt lat="68.88363" lon="20.06842">
        <time>2023-04-14T13:05:00Z</time>
      </trkpt>
      <trkpt lat="68.8926" lon="20.04833">
        <time>2023-04-14T13:35:00Z</time>
      </trkpt>
      <trkpt lat="68.89556" lon="20.04016">
        <time>2023-04-14T14:05:00Z</time>
      </trkpt>
      <trkpt lat="68.90546" lon="20.02119">
        <time>2023-04-14T14:35:00Z</time>
      </trkpt>
      <trkpt lat="68.91744" lon="20.0048">
        <time>2023-04-14T15:05:00Z</time>
      </trkpt>
      <trkpt lat="68.92461" lon="19.99626">
        <time>2023-04-14T15:35:00Z</time>
      </trkpt>
      <trkpt lat="68.92729" lon="20.00673">
        <time>2023-04-14T16:05:00Z</time>
      </trkpt>
      <trkpt lat="68.92067" lon="20.0058">
        <time>2023-04-14T16:35:00Z</time>
      </trkpt>
      <trkpt lat="68.92908" lon="20.02885">
        <time>2023-04-14T17:05:00Z</time>
      </trkpt>
      <trkpt lat="68.93948" lon="20.02692">
        <time>2023-04-14T17:36:00Z</time>
      </trkpt>
      <trkpt lat="68.93986" lon="20.02675">
        <time>2023-04-14T18:06:00Z</time>
      </trkpt>
      <trkpt lat="68.93986" lon="20.02673">
        <time>2023-04-14T18:20:00Z</time>
      </trkpt>
      <trkpt lat="68.93989" lon="20.02662">
        <time>2023-04-15T05:52:00Z</time>
      </trkpt>
      <trkpt lat="68.93956" lon="20.02657">
        <time>2023-04-15T06:22:00Z</time>
      </trkpt>
      <trkpt lat="68.94077" lon="20.05359">
        <time>2023-04-15T06:57:00Z</time>
      </trkpt>
      <trkpt lat="68.94452" lon="20.07084">
        <time>2023-04-15T07:27:00Z</time>
      </trkpt>
      <trkpt lat="68.94972" lon="20.08213">
        <time>2023-04-15T07:57:00Z</time>
      </trkpt>
      <trkpt lat="68.95112" lon="20.08408">
        <time>2023-04-15T08:27:00Z</time>
      </trkpt>
      <trkpt lat="68.96059" lon="20.08314">
        <time>2023-04-15T08:57:00Z</time>
      </trkpt>
      <trkpt lat="68.96886" lon="20.08344">
        <time>2023-04-15T09:27:00Z</time>
      </trkpt>
      <trkpt lat="68.97287" lon="20.09631">
        <time>2023-04-15T09:57:00Z</time>
      </trkpt>
      <trkpt lat="68.97956" lon="20.09803">
        <time>2023-04-15T10:27:00Z</time>
      </trkpt>
      <trkpt lat="68.98224" lon="20.09481">
        <time>2023-04-15T10:57:00Z</time>
      </trkpt>
      <trkpt lat="68.9836" lon="20.08865">
        <time>2023-04-15T11:27:00Z</time>
      </trkpt>
      <trkpt lat="68.98598" lon="20.08505">
        <time>2023-04-15T11:57:00Z</time>
      </trkpt>
      <trkpt lat="68.98933" lon="20.0903">
        <time>2023-04-15T12:27:00Z</time>
      </trkpt>
      <trkpt lat="68.99909" lon="20.09123">
        <time>2023-04-15T12:57:00Z</time>
      </trkpt>
      <trkpt lat="69.01072" lon="20.09569">
        <time>2023-04-15T13:27:00Z</time>
      </trkpt>
      <trkpt lat="69.01066" lon="20.09563">
        <time>2023-04-15T13:40:00Z</time>
      </trkpt>
      <trkpt lat="69.01071" lon="20.09573">
        <time>2023-04-16T05:12:00Z</time>
      </trkpt>
      <trkpt lat="69.01693" lon="20.09985">
        <time>2023-04-16T05:42:00Z</time>
      </trkpt>
      <trkpt lat="69.02536" lon="20.11294">
        <time>2023-04-16T06:13:00Z</time>
      </trkpt>
      <trkpt lat="69.03216" lon="20.13584">
        <time>2023-04-16T06:43:00Z</time>
      </trkpt>
      <trkpt lat="69.04072" lon="20.15985">
        <time>2023-04-16T07:13:00Z</time>
      </trkpt>
      <trkpt lat="69.04584" lon="20.18186">
        <time>2023-04-16T07:43:00Z</time>
      </trkpt>
      <trkpt lat="69.04882" lon="20.196">
        <time>2023-04-16T08:13:00Z</time>
      </trkpt>
      <trkpt lat="69.05182" lon="20.23017">
        <time>2023-04-16T08:43:00Z</time>
      </trkpt>
      <trkpt lat="69.05313" lon="20.25364">
        <time>2023-04-16T09:13:00Z</time>
      </trkpt>
      <trkpt lat="69.05362" lon="20.26776">
        <time>2023-04-16T09:43:00Z</time>
      </trkpt>
      <trkpt lat="69.05683" lon="20.28076">
        <time>2023-04-16T10:13:00Z</time>
      </trkpt>
      <trkpt lat="69.05978" lon="20.30516">
        <time>2023-04-16T10:43:00Z</time>
      </trkpt>
      <trkpt lat="69.06052" lon="20.33711">
        <time>2023-04-16T11:13:00Z</time>
      </trkpt>
      <trkpt lat="69.05865" lon="20.35756">
        <time>2023-04-16T11:43:00Z</time>
      </trkpt>
      <trkpt lat="69.05798" lon="20.38949">
        <time>2023-04-16T12:13:00Z</time>
      </trkpt>
      <trkpt lat="69.05757" lon="20.39597">
        <time>2023-04-16T12:43:00Z</time>
      </trkpt>
      <trkpt lat="69.0568" lon="20.42365">
        <time>2023-04-16T13:13:00Z</time>
      </trkpt>
      <trkpt lat="69.05641" lon="20.44633">
        <time>2023-04-16T13:43:00Z</time>
      </trkpt>
      <trkpt lat="69.06062" lon="20.45047">
        <time>2023-04-16T14:13:00Z</time>
      </trkpt>
      <trkpt lat="69.05781" lon="20.47519">
        <time>2023-04-16T14:43:00Z</time>
      </trkpt>
      <trkpt lat="69.05875" lon="20.50894">
        <time>2023-04-16T15:13:00Z</time>
      </trkpt>
      <trkpt lat="69.05992" lon="20.54855">
        <time>2023-04-16T15:43:00Z</time>
      </trkpt>
      <trkpt lat="69.06001" lon="20.55042">
        <time>2023-04-16T16:13:00Z</time>
      </trkpt>
      <trkpt lat="69.06023" lon="20.55686">
        <time>2023-04-16T16:43:00Z</time>
      </trkpt>
      <trkpt lat="69.05457" lon="20.57544">
        <time>2023-04-16T17:13:00Z</time>
      </trkpt>
      <trkpt lat="69.05012" lon="20.6087">
        <time>2023-04-16T17:43:00Z</time>
      </trkpt>
      <trkpt lat="69.04643" lon="20.64183">
        <time>2023-04-16T18:14:00Z</time>
      </trkpt>
      <trkpt lat="69.04614" lon="20.64419">
        <time>2023-04-16T18:44:00Z</time>
      </trkpt>
      <trkpt lat="69.0462" lon="20.64415">
        <time>2023-04-16T18:49:00Z</time>
      </trkpt>
    </trkseg>
  </trk>
</gpx>
