<?xml version="1.0" encoding="UTF-8"?>
<gpx xmlns="http://www.topografix.com/GPX/1/1" version="1.1" creator="VitaBandet">
  <metadata>
    <name>Silvana's Band</name>
  </metadata>
  <trk>
    <name>Silvana's Band</name>
    <trkseg>
      <trkpt lat="62.09898" lon="12.31209">
        <time>2025-02-12T10:48:00Z</time>
      </trkpt>
      <trkpt lat="62.0995" lon="12.32528">
        <time>2025-02-12T11:08:00Z</time>
      </trkpt>
      <trkpt lat="62.10411" lon="12.33204">
        <time>2025-02-12T11:28:00Z</time>
      </trkpt>
      <trkpt lat="62.10991" lon="12.33689">
        <time>2025-02-12T11:48:00Z</time>
      </trkpt>
      <trkpt lat="62.11393" lon="12.33957">
        <time>2025-02-12T12:08:00Z</time>
      </trkpt>
      <trkpt lat="62.11959" lon="12.35165">
        <time>2025-02-12T12:28:00Z</time>
      </trkpt>
      <trkpt lat="62.12959" lon="12.35856">
        <time>2025-02-12T12:48:00Z</time>
      </trkpt>
      <trkpt lat="62.13693" lon="12.36165">
        <time>2025-02-12T13:08:00Z</time>
      </trkpt>
      <trkpt lat="62.14631" lon="12.36775">
        <time>2025-02-12T13:28:00Z</time>
      </trkpt>
      <trkpt lat="62.15136" lon="12.37109">
        <time>2025-02-12T13:48:00Z</time>
      </trkpt>
      <trkpt lat="62.15748" lon="12.37579">
        <time>2025-02-12T14:08:00Z</time>
      </trkpt>
      <trkpt lat="62.16632" lon="12.38026">
        <time>2025-02-12T14:28:00Z</time>
      </trkpt>
      <trkpt lat="62.17634" lon="12.37921">
        <time>2025-02-12T14:48:00Z</time>
      </trkpt>
      <trkpt lat="62.17687" lon="12.38281">
        <time>2025-02-12T14:58:00Z</time>
      </trkpt>
      <trkpt lat="62.17689" lon="12.38281">
        <time>2025-02-13T08:05:00Z</time>
      </trkpt>
      <trkpt lat="62.17846" lon="12.38468">
        <time>2025-02-13T08:25:00Z</time>
      </trkpt>
      <trkpt lat="62.18564" lon="12.39124">
        <time>2025-02-13T08:45:00Z</time>
      </trkpt>
      <trkpt lat="62.18564" lon="12.39135">
        <time>2025-02-13T09:05:00Z</time>
      </trkpt>
      <trkpt lat="62.19335" lon="12.38725">
        <time>2025-02-13T09:45:00Z</time>
      </trkpt>
      <trkpt lat="62.20174" lon="12.38127">
        <time>2025-02-13T10:05:00Z</time>
      </trkpt>
      <trkpt lat="62.20662" lon="12.37762">
        <time>2025-02-13T10:25:00Z</time>
      </trkpt>
      <trkpt lat="62.21329" lon="12.36335">
        <time>2025-02-13T10:45:00Z</time>
      </trkpt>
      <trkpt lat="62.21932" lon="12.35311">
        <time>2025-02-13T11:05:00Z</time>
      </trkpt>
      <trkpt lat="62.22462" lon="12.34839">
        <time>2025-02-13T11:25:00Z</time>
      </trkpt>
      <trkpt lat="62.23227" lon="12.35221">
        <time>2025-02-13T11:45:00Z</time>
      </trkpt>
      <trkpt lat="62.23632" lon="12.35249">
        <time>2025-02-13T12:07:00Z</time>
      </trkpt>
      <trkpt lat="62.23901" lon="12.34876">
        <time>2025-02-13T12:27:00Z</time>
      </trkpt>
      <trkpt lat="62.24606" lon="12.34691">
        <time>2025-02-13T12:47:00Z</time>
      </trkpt>
      <trkpt lat="62.25475" lon="12.35013">
        <time>2025-02-13T13:07:00Z</time>
      </trkpt>
      <trkpt lat="62.25964" lon="12.35382">
        <time>2025-02-13T13:27:00Z</time>
      </trkpt>
      <trkpt lat="62.25943" lon="12.37039">
        <time>2025-02-13T13:47:00Z</time>
      </trkpt>
      <trkpt lat="62.26462" lon="12.38318">
        <time>2025-02-13T14:07:00Z</time>
      </trkpt>
      <trkpt lat="62.27276" lon="12.38968">
        <time>2025-02-13T14:27:00Z</time>
      </trkpt>
      <trkpt lat="62.28059" lon="12.39717">
        <time>2025-02-13T14:47:00Z</time>
      </trkpt>
      <trkpt lat="62.2807" lon="12.39809">
        <time>2025-02-13T15:07:00Z</time>
      </trkpt>
      <trkpt lat="62.28738" lon="12.40191">
        <time>2025-02-13T15:27:00Z</time>
      </trkpt>
      <trkpt lat="62.2924" lon="12.41257">
        <time>2025-02-13T15:48:00Z</time>
      </trkpt>
      <trkpt lat="62.29374" lon="12.42384">
        <time>2025-02-13T16:08:00Z</time>
      </trkpt>
      <trkpt lat="62.29896" lon="12.43493">
        <time>2025-02-13T16:28:00Z</time>
      </trkpt>
      <trkpt lat="62.30743" lon="12.4377">
        <time>2025-02-13T16:48:00Z</time>
      </trkpt>
      <trkpt lat="62.31574" lon="12.44491">
        <time>2025-02-13T17:08:00Z</time>
      </trkpt>
      <trkpt lat="62.31694" lon="12.45034">
        <time>2025-02-13T17:28:00Z</time>
      </trkpt>
      <trkpt lat="62.31711" lon="12.44959">
        <time>2025-02-13T17:31:00Z</time>
      </trkpt>
      <trkpt lat="62.3171" lon="12.44939">
        <time>2025-02-14T10:17:00Z</time>
      </trkpt>
      <trkpt lat="62.31976" lon="12.4409">
        <time>2025-02-14T10:37:00Z</time>
      </trkpt>
      <trkpt lat="62.3258" lon="12.4245">
        <time>2025-02-14T10:57:00Z</time>
      </trkpt>
      <trkpt lat="62.33155" lon="12.40929">
        <time>2025-02-14T11:17:00Z</time>
      </trkpt>
      <trkpt lat="62.33678" lon="12.39446">
        <time>2025-02-14T11:37:00Z</time>
      </trkpt>
      <trkpt lat="62.34147" lon="12.38047">
        <time>2025-02-14T11:57:00Z</time>
      </trkpt>
      <trkpt lat="62.34349" lon="12.37433">
        <time>2025-02-14T12:17:00Z</time>
      </trkpt>
      <trkpt lat="62.34904" lon="12.35934">
        <time>2025-02-14T12:37:00Z</time>
      </trkpt>
      <trkpt lat="62.35501" lon="12.34599">
        <time>2025-02-14T12:57:00Z</time>
      </trkpt>
      <trkpt lat="62.36134" lon="12.34161">
        <time>2025-02-14T13:17:00Z</time>
      </trkpt>
      <trkpt lat="62.36859" lon="12.33809">
        <time>2025-02-14T13:38:00Z</time>
      </trkpt>
      <trkpt lat="62.3722" lon="12.33354">
        <time>2025-02-14T13:58:00Z</time>
      </trkpt>
      <trkpt lat="62.37678" lon="12.32155">
        <time>2025-02-14T14:18:00Z</time>
      </trkpt>
      <trkpt lat="62.38062" lon="12.30533">
        <time>2025-02-14T14:38:00Z</time>
      </trkpt>
      <trkpt lat="62.38699" lon="12.29567">
        <time>2025-02-14T14:58:00Z</time>
      </trkpt>
      <trkpt lat="62.38781" lon="12.2887">
        <time>2025-02-14T15:18:00Z</time>
      </trkpt>
      <trkpt lat="62.38779" lon="12.28818">
        <time>2025-02-14T15:22:00Z</time>
      </trkpt>
      <trkpt lat="62.3878" lon="12.28814">
        <time>2025-02-15T08:22:00Z</time>
      </trkpt>
      <trkpt lat="62.391" lon="12.28494">
        <time>2025-02-15T08:42:00Z</time>
      </trkpt>
      <trkpt lat="62.39766" lon="12.28029">
        <time>2025-02-15T09:02:00Z</time>
      </trkpt>
      <trkpt lat="62.40315" lon="12.27505">
        <time>2025-02-15T09:22:00Z</time>
      </trkpt>
      <trkpt lat="62.41059" lon="12.27526">
        <time>2025-02-15T09:42:00Z</time>
      </trkpt>
      <trkpt lat="62.41811" lon="12.28054">
        <time>2025-02-15T10:02:00Z</time>
      </trkpt>
      <trkpt lat="62.42104" lon="12.28722">
        <time>2025-02-15T10:22:00Z</time>
      </trkpt>
      <trkpt lat="62.42769" lon="12.29453">
        <time>2025-02-15T10:42:00Z</time>
      </trkpt>
      <trkpt lat="62.43498" lon="12.29385">
        <time>2025-02-15T11:02:00Z</time>
      </trkpt>
      <trkpt lat="62.44074" lon="12.28689">
        <time>2025-02-15T11:22:00Z</time>
      </trkpt>
      <trkpt lat="62.4468" lon="12.28657">
        <time>2025-02-15T11:42:00Z</time>
      </trkpt>
      <trkpt lat="62.45303" lon="12.28091">
        <time>2025-02-15T12:02:00Z</time>
      </trkpt>
      <trkpt lat="62.46038" lon="12.28342">
        <time>2025-02-15T12:22:00Z</time>
      </trkpt>
      <trkpt lat="62.46638" lon="12.28357">
        <time>2025-02-15T12:42:00Z</time>
      </trkpt>
      <trkpt lat="62.46755" lon="12.28434">
        <time>2025-02-15T13:05:00Z</time>
      </trkpt>
      <trkpt lat="62.46758" lon="12.28434">
        <time>2025-02-15T13:27:00Z</time>
      </trkpt>
      <trkpt lat="62.47037" lon="12.28672">
        <time>2025-02-15T13:47:00Z</time>
      </trkpt>
      <trkpt lat="62.47253" lon="12.28865">
        <time>2025-02-15T14:07:00Z</time>
      </trkpt>
      <trkpt lat="62.47548" lon="12.28284">
        <time>2025-02-15T14:27:00Z</time>
      </trkpt>
      <trkpt lat="62.47974" lon="12.27374">
        <time>2025-02-15T14:47:00Z</time>
      </trkpt>
      <trkpt lat="62.48564" lon="12.27117">
        <time>2025-02-15T15:07:00Z</time>
      </trkpt>
      <trkpt lat="62.4926" lon="12.26951">
        <time>2025-02-15T15:27:00Z</time>
      </trkpt>
      <trkpt lat="62.50258" lon="12.27213">
        <time>2025-02-15T15:47:00Z</time>
      </trkpt>
      <trkpt lat="62.51128" lon="12.27745">
        <time>2025-02-15T16:07:00Z</time>
      </trkpt>
      <trkpt lat="62.52186" lon="12.289">
        <time>2025-02-15T16:27:00Z</time>
      </trkpt>
      <trkpt lat="62.5284" lon="12.29968">
        <time>2025-02-15T16:47:00Z</time>
      </trkpt>
      <trkpt lat="62.52878" lon="12.30299">
        <time>2025-02-15T16:54:00Z</time>
      </trkpt>
      <trkpt lat="62.5287" lon="12.30307">
        <time>2025-02-16T09:07:00Z</time>
      </trkpt>
      <trkpt lat="62.53354" lon="12.31046">
        <time>2025-02-16T09:27:00Z</time>
      </trkpt>
      <trkpt lat="62.54063" lon="12.32007">
        <time>2025-02-16T09:47:00Z</time>
      </trkpt>
      <trkpt lat="62.54345" lon="12.33118">
        <time>2025-02-16T10:07:00Z</time>
      </trkpt>
      <trkpt lat="62.54802" lon="12.32179">
        <time>2025-02-16T10:27:00Z</time>
      </trkpt>
      <trkpt lat="62.54911" lon="12.32449">
        <time>2025-02-16T10:47:00Z</time>
      </trkpt>
      <trkpt lat="62.5544" lon="12.32992">
        <time>2025-02-16T11:07:00Z</time>
      </trkpt>
      <trkpt lat="62.55945" lon="12.32593">
        <time>2025-02-16T11:27:00Z</time>
      </trkpt>
      <trkpt lat="62.56706" lon="12.32468">
        <time>2025-02-16T11:48:00Z</time>
      </trkpt>
      <trkpt lat="62.57054" lon="12.32992">
        <time>2025-02-16T12:57:00Z</time>
      </trkpt>
      <trkpt lat="62.57552" lon="12.3285">
        <time>2025-02-16T13:17:00Z</time>
      </trkpt>
      <trkpt lat="62.58124" lon="12.33052">
        <time>2025-02-16T13:37:00Z</time>
      </trkpt>
      <trkpt lat="62.58786" lon="12.32951">
        <time>2025-02-16T13:57:00Z</time>
      </trkpt>
      <trkpt lat="62.59279" lon="12.32899">
        <time>2025-02-16T14:17:00Z</time>
      </trkpt>
      <trkpt lat="62.59804" lon="12.32846">
        <time>2025-02-16T14:38:00Z</time>
      </trkpt>
      <trkpt lat="62.60319" lon="12.32957">
        <time>2025-02-16T14:58:00Z</time>
      </trkpt>
      <trkpt lat="62.61002" lon="12.32663">
        <time>2025-02-16T15:18:00Z</time>
      </trkpt>
      <trkpt lat="62.611" lon="12.32663">
        <time>2025-02-16T15:34:00Z</time>
      </trkpt>
      <trkpt lat="62.61097" lon="12.32655">
        <time>2025-02-17T08:59:00Z</time>
      </trkpt>
      <trkpt lat="62.61574" lon="12.32706">
        <time>2025-02-17T09:19:00Z</time>
      </trkpt>
      <trkpt lat="62.62239" lon="12.32979">
        <time>2025-02-17T09:39:00Z</time>
      </trkpt>
      <trkpt lat="62.62841" lon="12.33181">
        <time>2025-02-17T09:59:00Z</time>
      </trkpt>
      <trkpt lat="62.63746" lon="12.33399">
        <time>2025-02-17T10:19:00Z</time>
      </trkpt>
      <trkpt lat="62.6413" lon="12.33479">
        <time>2025-02-17T10:40:00Z</time>
      </trkpt>
      <trkpt lat="62.64917" lon="12.33779">
        <time>2025-02-17T11:00:00Z</time>
      </trkpt>
      <trkpt lat="62.65937" lon="12.34665">
        <time>2025-02-17T11:20:00Z</time>
      </trkpt>
      <trkpt lat="62.66206" lon="12.34882">
        <time>2025-02-17T11:40:00Z</time>
      </trkpt>
      <trkpt lat="62.67097" lon="12.3503">
        <time>2025-02-17T12:00:00Z</time>
      </trkpt>
      <trkpt lat="62.67169" lon="12.34947">
        <time>2025-02-17T12:21:00Z</time>
      </trkpt>
      <trkpt lat="62.68071" lon="12.33854">
        <time>2025-02-17T12:41:00Z</time>
      </trkpt>
      <trkpt lat="62.68483" lon="12.33054">
        <time>2025-02-17T13:24:00Z</time>
      </trkpt>
      <trkpt lat="62.69216" lon="12.32211">
        <time>2025-02-17T13:44:00Z</time>
      </trkpt>
      <trkpt lat="62.69877" lon="12.3117">
        <time>2025-02-17T14:04:00Z</time>
      </trkpt>
      <trkpt lat="62.70512" lon="12.30882">
        <time>2025-02-17T14:24:00Z</time>
      </trkpt>
      <trkpt lat="62.70834" lon="12.29486">
        <time>2025-02-17T14:44:00Z</time>
      </trkpt>
      <trkpt lat="62.7145" lon="12.29713">
        <time>2025-02-17T15:04:00Z</time>
      </trkpt>
      <trkpt lat="62.72047" lon="12.30131">
        <time>2025-02-17T15:25:00Z</time>
      </trkpt>
      <trkpt lat="62.72256" lon="12.31522">
        <time>2025-02-17T15:45:00Z</time>
      </trkpt>
      <trkpt lat="62.72431" lon="12.32327">
        <time>2025-02-17T16:05:00Z</time>
      </trkpt>
      <trkpt lat="62.72897" lon="12.32007">
        <time>2025-02-17T16:25:00Z</time>
      </trkpt>
      <trkpt lat="62.73131" lon="12.32106">
        <time>2025-02-17T16:40:00Z</time>
      </trkpt>
      <trkpt lat="62.73132" lon="12.32112">
        <time>2025-02-18T09:28:00Z</time>
      </trkpt>
      <trkpt lat="62.73312" lon="12.32344">
        <time>2025-02-18T09:48:00Z</time>
      </trkpt>
      <trkpt lat="62.73784" lon="12.32067">
        <time>2025-02-18T10:08:00Z</time>
      </trkpt>
      <trkpt lat="62.74306" lon="12.32526">
        <time>2025-02-18T10:28:00Z</time>
      </trkpt>
      <trkpt lat="62.7495" lon="12.33095">
        <time>2025-02-18T10:48:00Z</time>
      </trkpt>
      <trkpt lat="62.756" lon="12.33758">
        <time>2025-02-18T11:08:00Z</time>
      </trkpt>
      <trkpt lat="62.76393" lon="12.34741">
        <time>2025-02-18T11:28:00Z</time>
      </trkpt>
      <trkpt lat="62.76655" lon="12.35176">
        <time>2025-02-18T11:49:00Z</time>
      </trkpt>
      <trkpt lat="62.76813" lon="12.35404">
        <time>2025-02-18T12:09:00Z</time>
      </trkpt>
      <trkpt lat="62.7761" lon="12.36453">
        <time>2025-02-18T12:29:00Z</time>
      </trkpt>
      <trkpt lat="62.78642" lon="12.38107">
        <time>2025-02-18T12:49:00Z</time>
      </trkpt>
      <trkpt lat="62.79042" lon="12.38818">
        <time>2025-02-18T13:09:00Z</time>
      </trkpt>
      <trkpt lat="62.79454" lon="12.39766">
        <time>2025-02-18T13:29:00Z</time>
      </trkpt>
      <trkpt lat="62.79792" lon="12.40551">
        <time>2025-02-18T13:50:00Z</time>
      </trkpt>
      <trkpt lat="62.80217" lon="12.4145">
        <time>2025-02-18T14:10:00Z</time>
      </trkpt>
      <trkpt lat="62.80791" lon="12.42463">
        <time>2025-02-18T14:30:00Z</time>
      </trkpt>
      <trkpt lat="62.81362" lon="12.43474">
        <time>2025-02-18T14:50:00Z</time>
      </trkpt>
      <trkpt lat="62.81822" lon="12.4459">
        <time>2025-02-18T15:11:00Z</time>
      </trkpt>
      <trkpt lat="62.81825" lon="12.44587">
        <time>2025-02-19T08:09:00Z</time>
      </trkpt>
      <trkpt lat="62.8216" lon="12.44802">
        <time>2025-02-19T08:29:00Z</time>
      </trkpt>
      <trkpt lat="62.8281" lon="12.45587">
        <time>2025-02-19T08:49:00Z</time>
      </trkpt>
      <trkpt lat="62.8366" lon="12.46525">
        <time>2025-02-19T09:09:00Z</time>
      </trkpt>
      <trkpt lat="62.84229" lon="12.47201">
        <time>2025-02-19T09:29:00Z</time>
      </trkpt>
      <trkpt lat="62.84811" lon="12.47757">
        <time>2025-02-19T09:49:00Z</time>
      </trkpt>
      <trkpt lat="62.85535" lon="12.48343">
        <time>2025-02-19T10:10:00Z</time>
      </trkpt>
      <trkpt lat="62.86237" lon="12.48937">
        <time>2025-02-19T10:30:00Z</time>
      </trkpt>
      <trkpt lat="62.86549" lon="12.49203">
        <time>2025-02-19T10:50:00Z</time>
      </trkpt>
      <trkpt lat="62.8714" lon="12.4981">
        <time>2025-02-19T11:10:00Z</time>
      </trkpt>
      <trkpt lat="62.87885" lon="12.50469">
        <time>2025-02-19T11:30:00Z</time>
      </trkpt>
      <trkpt lat="62.88505" lon="12.50737">
        <time>2025-02-19T11:50:00Z</time>
      </trkpt>
      <trkpt lat="62.88869" lon="12.50902">
        <time>2025-02-19T12:10:00Z</time>
      </trkpt>
      <trkpt lat="62.89317" lon="12.51136">
        <time>2025-02-19T12:30:00Z</time>
      </trkpt>
      <trkpt lat="62.90152" lon="12.51862">
        <time>2025-02-19T12:50:00Z</time>
      </trkpt>
      <trkpt lat="62.90907" lon="12.5254">
        <time>2025-02-19T13:10:00Z</time>
      </trkpt>
      <trkpt lat="62.91539" lon="12.51523">
        <time>2025-02-19T13:30:00Z</time>
      </trkpt>
      <trkpt lat="62.91674" lon="12.50609">
        <time>2025-02-19T13:51:00Z</time>
      </trkpt>
      <trkpt lat="62.91691" lon="12.50596">
        <time>2025-02-19T14:14:00Z</time>
      </trkpt>
      <trkpt lat="62.91671" lon="12.50606">
        <time>2025-02-21T08:08:00Z</time>
      </trkpt>
      <trkpt lat="62.91847" lon="12.50048">
        <time>2025-02-21T08:28:00Z</time>
      </trkpt>
      <trkpt lat="62.9251" lon="12.48879">
        <time>2025-02-21T08:48:00Z</time>
      </trkpt>
      <trkpt lat="62.93083" lon="12.48231">
        <time>2025-02-21T09:08:00Z</time>
      </trkpt>
      <trkpt lat="62.94025" lon="12.46926">
        <time>2025-02-21T09:28:00Z</time>
      </trkpt>
      <trkpt lat="62.94754" lon="12.45572">
        <time>2025-02-21T09:48:00Z</time>
      </trkpt>
      <trkpt lat="62.9507" lon="12.44695">
        <time>2025-02-21T10:08:00Z</time>
      </trkpt>
      <trkpt lat="62.95439" lon="12.43053">
        <time>2025-02-21T10:28:00Z</time>
      </trkpt>
      <trkpt lat="62.95748" lon="12.41513">
        <time>2025-02-21T10:48:00Z</time>
      </trkpt>
      <trkpt lat="62.96143" lon="12.39626">
        <time>2025-02-21T11:08:00Z</time>
      </trkpt>
      <trkpt lat="62.96676" lon="12.3782">
        <time>2025-02-21T11:28:00Z</time>
      </trkpt>
      <trkpt lat="62.97506" lon="12.36697">
        <time>2025-02-21T11:48:00Z</time>
      </trkpt>
      <trkpt lat="62.98316" lon="12.36206">
        <time>2025-02-21T12:08:00Z</time>
      </trkpt>
      <trkpt lat="62.98371" lon="12.36178">
        <time>2025-02-21T12:30:00Z</time>
      </trkpt>
      <trkpt lat="62.98841" lon="12.3564">
        <time>2025-02-21T12:50:00Z</time>
      </trkpt>
      <trkpt lat="62.99677" lon="12.34861">
        <time>2025-02-21T13:10:00Z</time>
      </trkpt>
      <trkpt lat="63.00471" lon="12.33992">
        <time>2025-02-21T13:30:00Z</time>
      </trkpt>
      <trkpt lat="63.01151" lon="12.33005">
        <time>2025-02-21T13:50:00Z</time>
      </trkpt>
      <trkpt lat="63.01576" lon="12.31629">
        <time>2025-02-21T14:10:00Z</time>
      </trkpt>
      <trkpt lat="63.02178" lon="12.30275">
        <time>2025-02-21T14:30:00Z</time>
      </trkpt>
      <trkpt lat="63.02641" lon="12.28898">
        <time>2025-02-21T14:50:00Z</time>
      </trkpt>
      <trkpt lat="63.02813" lon="12.27366">
        <time>2025-02-21T15:10:00Z</time>
      </trkpt>
      <trkpt lat="63.03186" lon="12.26196">
        <time>2025-02-21T15:30:00Z</time>
      </trkpt>
      <trkpt lat="63.04037" lon="12.27142">
        <time>2025-02-21T15:50:00Z</time>
      </trkpt>
      <trkpt lat="63.04237" lon="12.27434">
        <time>2025-02-21T16:13:00Z</time>
      </trkpt>
      <trkpt lat="63.04223" lon="12.27473">
        <time>2025-02-22T09:28:00Z</time>
      </trkpt>
      <trkpt lat="63.05952" lon="12.27745">
        <time>2025-02-22T10:08:00Z</time>
      </trkpt>
      <trkpt lat="63.06826" lon="12.28228">
        <time>2025-02-22T10:28:00Z</time>
      </trkpt>
      <trkpt lat="63.07511" lon="12.28099">
        <time>2025-02-22T10:48:00Z</time>
      </trkpt>
      <trkpt lat="63.07692" lon="12.27921">
        <time>2025-02-22T11:08:00Z</time>
      </trkpt>
      <trkpt lat="63.08112" lon="12.27284">
        <time>2025-02-22T11:28:00Z</time>
      </trkpt>
      <trkpt lat="63.08644" lon="12.26818">
        <time>2025-02-22T11:48:00Z</time>
      </trkpt>
      <trkpt lat="63.09447" lon="12.26683">
        <time>2025-02-22T12:08:00Z</time>
      </trkpt>
      <trkpt lat="63.10154" lon="12.26329">
        <time>2025-02-22T12:28:00Z</time>
      </trkpt>
      <trkpt lat="63.11082" lon="12.25327">
        <time>2025-02-22T12:48:00Z</time>
      </trkpt>
      <trkpt lat="63.11649" lon="12.24945">
        <time>2025-02-22T13:08:00Z</time>
      </trkpt>
      <trkpt lat="63.12204" lon="12.24201">
        <time>2025-02-22T13:28:00Z</time>
      </trkpt>
      <trkpt lat="63.12202" lon="12.24196">
        <time>2025-02-22T13:55:00Z</time>
      </trkpt>
      <trkpt lat="63.12199" lon="12.24198">
        <time>2025-02-23T07:18:00Z</time>
      </trkpt>
      <trkpt lat="63.1257" lon="12.23653">
        <time>2025-02-23T07:38:00Z</time>
      </trkpt>
      <trkpt lat="63.1336" lon="12.22546">
        <time>2025-02-23T07:58:00Z</time>
      </trkpt>
      <trkpt lat="63.14171" lon="12.21478">
        <time>2025-02-23T08:18:00Z</time>
      </trkpt>
      <trkpt lat="63.14778" lon="12.2089">
        <time>2025-02-23T08:38:00Z</time>
      </trkpt>
      <trkpt lat="63.15416" lon="12.19875">
        <time>2025-02-23T08:58:00Z</time>
      </trkpt>
      <trkpt lat="63.1596" lon="12.19383">
        <time>2025-02-23T09:18:00Z</time>
      </trkpt>
      <trkpt lat="63.16339" lon="12.18993">
        <time>2025-02-23T09:38:00Z</time>
      </trkpt>
      <trkpt lat="63.17091" lon="12.18819">
        <time>2025-02-23T09:58:00Z</time>
      </trkpt>
      <trkpt lat="63.1783" lon="12.18004">
        <time>2025-02-23T10:18:00Z</time>
      </trkpt>
      <trkpt lat="63.18552" lon="12.17424">
        <time>2025-02-23T10:38:00Z</time>
      </trkpt>
      <trkpt lat="63.18927" lon="12.17321">
        <time>2025-02-23T10:58:00Z</time>
      </trkpt>
      <trkpt lat="63.19781" lon="12.16755">
        <time>2025-02-23T11:18:00Z</time>
      </trkpt>
      <trkpt lat="63.2024" lon="12.16278">
        <time>2025-02-23T11:38:00Z</time>
      </trkpt>
      <trkpt lat="63.21077" lon="12.16195">
        <time>2025-02-23T11:58:00Z</time>
      </trkpt>
      <trkpt lat="63.2209" lon="12.16034">
        <time>2025-02-23T12:19:00Z</time>
      </trkpt>
      <trkpt lat="63.22893" lon="12.1592">
        <time>2025-02-23T12:39:00Z</time>
      </trkpt>
      <trkpt lat="63.2319" lon="12.15931">
        <time>2025-02-23T12:59:00Z</time>
      </trkpt>
      <trkpt lat="63.23594" lon="12.17034">
        <time>2025-02-23T13:19:00Z</time>
      </trkpt>
      <trkpt lat="63.24351" lon="12.1775">
        <time>2025-02-23T13:39:00Z</time>
      </trkpt>
      <trkpt lat="63.25112" lon="12.17856">
        <time>2025-02-23T13:59:00Z</time>
      </trkpt>
      <trkpt lat="63.25608" lon="12.17014">
        <time>2025-02-23T14:19:00Z</time>
      </trkpt>
      <trkpt lat="63.26309" lon="12.1524">
        <time>2025-02-23T14:39:00Z</time>
      </trkpt>
      <trkpt lat="63.26929" lon="12.13665">
        <time>2025-02-23T14:59:00Z</time>
      </trkpt>
      <trkpt lat="63.27333" lon="12.12669">
        <time>2025-02-23T15:19:00Z</time>
      </trkpt>
      <trkpt lat="63.28013" lon="12.10959">
        <time>2025-02-23T15:40:00Z</time>
      </trkpt>
      <trkpt lat="63.28682" lon="12.11989">
        <time>2025-02-23T16:00:00Z</time>
      </trkpt>
      <trkpt lat="63.28678" lon="12.12045">
        <time>2025-02-23T16:09:00Z</time>
      </trkpt>
      <trkpt lat="63.28678" lon="12.12034">
        <time>2025-02-25T08:26:00Z</time>
      </trkpt>
      <trkpt lat="63.29244" lon="12.12137">
        <time>2025-02-25T08:46:00Z</time>
      </trkpt>
      <trkpt lat="63.29824" lon="12.12637">
        <time>2025-02-25T09:06:00Z</time>
      </trkpt>
      <trkpt lat="63.30623" lon="12.12768">
        <time>2025-02-25T09:26:00Z</time>
      </trkpt>
      <trkpt lat="63.31449" lon="12.12122">
        <time>2025-02-25T09:46:00Z</time>
      </trkpt>
      <trkpt lat="63.32109" lon="12.11826">
        <time>2025-02-25T10:06:00Z</time>
      </trkpt>
      <trkpt lat="63.3281" lon="12.12521">
        <time>2025-02-25T10:26:00Z</time>
      </trkpt>
      <trkpt lat="63.33591" lon="12.13525">
        <time>2025-02-25T10:46:00Z</time>
      </trkpt>
      <trkpt lat="63.34458" lon="12.14315">
        <time>2025-02-25T11:06:00Z</time>
      </trkpt>
      <trkpt lat="63.35275" lon="12.15411">
        <time>2025-02-25T11:26:00Z</time>
      </trkpt>
      <trkpt lat="63.35592" lon="12.17759">
        <time>2025-02-25T11:46:00Z</time>
      </trkpt>
      <trkpt lat="63.35614" lon="12.17922">
        <time>2025-02-25T12:06:00Z</time>
      </trkpt>
      <trkpt lat="63.35743" lon="12.19727">
        <time>2025-02-25T12:27:00Z</time>
      </trkpt>
      <trkpt lat="63.35302" lon="12.21993">
        <time>2025-02-25T12:47:00Z</time>
      </trkpt>
      <trkpt lat="63.35345" lon="12.23862">
        <time>2025-02-25T13:07:00Z</time>
      </trkpt>
      <trkpt lat="63.35461" lon="12.26235">
        <time>2025-02-25T13:27:00Z</time>
      </trkpt>
      <trkpt lat="63.36124" lon="12.27872">
        <time>2025-02-25T13:47:00Z</time>
      </trkpt>
      <trkpt lat="63.37047" lon="12.27617">
        <time>2025-02-25T14:07:00Z</time>
      </trkpt>
      <trkpt lat="63.37819" lon="12.27112">
        <time>2025-02-25T14:27:00Z</time>
      </trkpt>
      <trkpt lat="63.38462" lon="12.2617">
        <time>2025-02-25T14:47:00Z</time>
      </trkpt>
      <trkpt lat="63.39051" lon="12.25342">
        <time>2025-02-25T15:07:00Z</time>
      </trkpt>
      <trkpt lat="63.39526" lon="12.24089">
        <time>2025-02-25T15:27:00Z</time>
      </trkpt>
      <trkpt lat="63.40345" lon="12.23892">
        <time>2025-02-25T15:47:00Z</time>
      </trkpt>
      <trkpt lat="63.41156" lon="12.23205">
        <time>2025-02-25T16:07:00Z</time>
      </trkpt>
      <trkpt lat="63.41665" lon="12.22561">
        <time>2025-02-25T16:22:00Z</time>
      </trkpt>
      <trkpt lat="63.41662" lon="12.22559">
        <time>2025-02-26T07:24:00Z</time>
      </trkpt>
      <trkpt lat="63.42205" lon="12.21997">
        <time>2025-02-26T07:44:00Z</time>
      </trkpt>
      <trkpt lat="63.42631" lon="12.21587">
        <time>2025-02-26T08:04:00Z</time>
      </trkpt>
      <trkpt lat="63.4313" lon="12.22299">
        <time>2025-02-26T08:24:00Z</time>
      </trkpt>
      <trkpt lat="63.43581" lon="12.23696">
        <time>2025-02-26T08:44:00Z</time>
      </trkpt>
      <trkpt lat="63.44145" lon="12.24973">
        <time>2025-02-26T09:04:00Z</time>
      </trkpt>
      <trkpt lat="63.44678" lon="12.26136">
        <time>2025-02-26T09:24:00Z</time>
      </trkpt>
      <trkpt lat="63.45198" lon="12.27295">
        <time>2025-02-26T09:44:00Z</time>
      </trkpt>
      <trkpt lat="63.45763" lon="12.28421">
        <time>2025-02-26T10:04:00Z</time>
      </trkpt>
      <trkpt lat="63.4666" lon="12.30213">
        <time>2025-02-26T10:24:00Z</time>
      </trkpt>
      <trkpt lat="63.47418" lon="12.31672">
        <time>2025-02-26T10:44:00Z</time>
      </trkpt>
      <trkpt lat="63.48136" lon="12.3332">
        <time>2025-02-26T11:04:00Z</time>
      </trkpt>
      <trkpt lat="63.4828" lon="12.33687">
        <time>2025-02-26T11:24:00Z</time>
      </trkpt>
      <trkpt lat="63.48532" lon="12.34483">
        <time>2025-02-26T11:45:00Z</time>
      </trkpt>
      <trkpt lat="63.48787" lon="12.36082">
        <time>2025-02-26T12:05:00Z</time>
      </trkpt>
      <trkpt lat="63.49249" lon="12.37614">
        <time>2025-02-26T12:25:00Z</time>
      </trkpt>
      <trkpt lat="63.50347" lon="12.38485">
        <time>2025-02-26T12:45:00Z</time>
      </trkpt>
      <trkpt lat="63.50859" lon="12.38942">
        <time>2025-02-26T13:05:00Z</time>
      </trkpt>
      <trkpt lat="63.51213" lon="12.40457">
        <time>2025-02-26T13:25:00Z</time>
      </trkpt>
      <trkpt lat="63.51677" lon="12.40916">
        <time>2025-02-26T13:45:00Z</time>
      </trkpt>
      <trkpt lat="63.51923" lon="12.40873">
        <time>2025-02-26T13:54:00Z</time>
      </trkpt>
      <trkpt lat="63.51928" lon="12.40918">
        <time>2025-02-27T08:29:00Z</time>
      </trkpt>
      <trkpt lat="63.52688" lon="12.39796">
        <time>2025-02-27T08:49:00Z</time>
      </trkpt>
      <trkpt lat="63.53579" lon="12.38474">
        <time>2025-02-27T09:09:00Z</time>
      </trkpt>
      <trkpt lat="63.54371" lon="12.37966">
        <time>2025-02-27T09:29:00Z</time>
      </trkpt>
      <trkpt lat="63.55057" lon="12.37356">
        <time>2025-02-27T09:49:00Z</time>
      </trkpt>
      <trkpt lat="63.55814" lon="12.36961">
        <time>2025-02-27T10:09:00Z</time>
      </trkpt>
      <trkpt lat="63.56148" lon="12.35281">
        <time>2025-02-27T10:29:00Z</time>
      </trkpt>
      <trkpt lat="63.55759" lon="12.33447">
        <time>2025-02-27T10:49:00Z</time>
      </trkpt>
      <trkpt lat="63.55794" lon="12.31309">
        <time>2025-02-27T11:09:00Z</time>
      </trkpt>
      <trkpt lat="63.56214" lon="12.29183">
        <time>2025-02-27T11:29:00Z</time>
      </trkpt>
      <trkpt lat="63.57024" lon="12.2831">
        <time>2025-02-27T11:49:00Z</time>
      </trkpt>
      <trkpt lat="63.57834" lon="12.27464">
        <time>2025-02-27T12:09:00Z</time>
      </trkpt>
      <trkpt lat="63.57889" lon="12.27372">
        <time>2025-02-27T12:29:00Z</time>
      </trkpt>
      <trkpt lat="63.58091" lon="12.26833">
        <time>2025-02-27T12:49:00Z</time>
      </trkpt>
      <trkpt lat="63.59124" lon="12.2696">
        <time>2025-02-27T13:09:00Z</time>
      </trkpt>
      <trkpt lat="63.60095" lon="12.27823">
        <time>2025-02-27T13:29:00Z</time>
      </trkpt>
      <trkpt lat="63.61325" lon="12.27928">
        <time>2025-02-27T13:49:00Z</time>
      </trkpt>
      <trkpt lat="63.61973" lon="12.28953">
        <time>2025-02-27T14:09:00Z</time>
      </trkpt>
      <trkpt lat="63.63254" lon="12.28325">
        <time>2025-02-27T14:29:00Z</time>
      </trkpt>
      <trkpt lat="63.64198" lon="12.27273">
        <time>2025-02-27T14:49:00Z</time>
      </trkpt>
      <trkpt lat="63.64911" lon="12.26295">
        <time>2025-02-27T15:10:00Z</time>
      </trkpt>
      <trkpt lat="63.6551" lon="12.24791">
        <time>2025-02-27T15:30:00Z</time>
      </trkpt>
      <trkpt lat="63.66024" lon="12.25776">
        <time>2025-02-27T15:50:00Z</time>
      </trkpt>
      <trkpt lat="63.66619" lon="12.24969">
        <time>2025-02-27T16:10:00Z</time>
      </trkpt>
      <trkpt lat="63.6682" lon="12.25168">
        <time>2025-02-27T16:27:00Z</time>
      </trkpt>
      <trkpt lat="63.66819" lon="12.25155">
        <time>2025-02-28T07:15:00Z</time>
      </trkpt>
      <trkpt lat="63.67112" lon="12.25374">
        <time>2025-02-28T07:35:00Z</time>
      </trkpt>
      <trkpt lat="63.67651" lon="12.25879">
        <time>2025-02-28T07:55:00Z</time>
      </trkpt>
      <trkpt lat="63.68195" lon="12.26891">
        <time>2025-02-28T08:15:00Z</time>
      </trkpt>
      <trkpt lat="63.6846" lon="12.2843">
        <time>2025-02-28T08:35:00Z</time>
      </trkpt>
      <trkpt lat="63.68687" lon="12.30378">
        <time>2025-02-28T08:55:00Z</time>
      </trkpt>
      <trkpt lat="63.69281" lon="12.31494">
        <time>2025-02-28T09:15:00Z</time>
      </trkpt>
      <trkpt lat="63.69722" lon="12.33743">
        <time>2025-02-28T09:35:00Z</time>
      </trkpt>
      <trkpt lat="63.70385" lon="12.34921">
        <time>2025-02-28T09:55:00Z</time>
      </trkpt>
      <trkpt lat="63.70747" lon="12.36135">
        <time>2025-02-28T10:15:00Z</time>
      </trkpt>
      <trkpt lat="63.70992" lon="12.38084">
        <time>2025-02-28T10:35:00Z</time>
      </trkpt>
      <trkpt lat="63.71127" lon="12.40068">
        <time>2025-02-28T10:55:00Z</time>
      </trkpt>
      <trkpt lat="63.71175" lon="12.42545">
        <time>2025-02-28T11:15:00Z</time>
      </trkpt>
      <trkpt lat="63.71363" lon="12.44965">
        <time>2025-02-28T11:35:00Z</time>
      </trkpt>
      <trkpt lat="63.71247" lon="12.45791">
        <time>2025-02-28T11:58:00Z</time>
      </trkpt>
      <trkpt lat="63.71384" lon="12.46686">
        <time>2025-02-28T12:18:00Z</time>
      </trkpt>
      <trkpt lat="63.71893" lon="12.48152">
        <time>2025-02-28T12:38:00Z</time>
      </trkpt>
      <trkpt lat="63.72917" lon="12.47165">
        <time>2025-02-28T12:58:00Z</time>
      </trkpt>
      <trkpt lat="63.73939" lon="12.47315">
        <time>2025-02-28T13:18:00Z</time>
      </trkpt>
      <trkpt lat="63.73666" lon="12.49808">
        <time>2025-02-28T13:38:00Z</time>
      </trkpt>
      <trkpt lat="63.73408" lon="12.51003">
        <time>2025-02-28T13:58:00Z</time>
      </trkpt>
      <trkpt lat="63.72982" lon="12.53608">
        <time>2025-02-28T14:18:00Z</time>
      </trkpt>
      <trkpt lat="63.73104" lon="12.5629">
        <time>2025-02-28T14:38:00Z</time>
      </trkpt>
      <trkpt lat="63.72639" lon="12.58647">
        <time>2025-02-28T14:59:00Z</time>
      </trkpt>
      <trkpt lat="63.71987" lon="12.60801">
        <time>2025-02-28T15:19:00Z</time>
      </trkpt>
      <trkpt lat="63.71278" lon="12.62824">
        <time>2025-02-28T15:39:00Z</time>
      </trkpt>
      <trkpt lat="63.71088" lon="12.62726">
        <time>2025-02-28T15:59:00Z</time>
      </trkpt>
      <trkpt lat="63.70562" lon="12.6332">
        <time>2025-02-28T16:19:00Z</time>
      </trkpt>
      <trkpt lat="63.70578" lon="12.63354">
        <time>2025-02-28T16:21:00Z</time>
      </trkpt>
      <trkpt lat="63.70571" lon="12.63348">
        <time>2025-03-01T06:58:00Z</time>
      </trkpt>
      <trkpt lat="63.70152" lon="12.65661">
        <time>2025-03-01T07:18:00Z</time>
      </trkpt>
      <trkpt lat="63.69968" lon="12.67483">
        <time>2025-03-01T07:38:00Z</time>
      </trkpt>
      <trkpt lat="63.69861" lon="12.69126">
        <time>2025-03-01T07:58:00Z</time>
      </trkpt>
      <trkpt lat="63.6986" lon="12.70508">
        <time>2025-03-01T08:18:00Z</time>
      </trkpt>
      <trkpt lat="63.69918" lon="12.72369">
        <time>2025-03-01T08:38:00Z</time>
      </trkpt>
      <trkpt lat="63.70124" lon="12.74259">
        <time>2025-03-01T08:58:00Z</time>
      </trkpt>
      <trkpt lat="63.70089" lon="12.75699">
        <time>2025-03-01T09:19:00Z</time>
      </trkpt>
      <trkpt lat="63.70155" lon="12.76954">
        <time>2025-03-01T09:40:00Z</time>
      </trkpt>
      <trkpt lat="63.7021" lon="12.78083">
        <time>2025-03-01T10:00:00Z</time>
      </trkpt>
      <trkpt lat="63.70526" lon="12.79201">
        <time>2025-03-01T10:20:00Z</time>
      </trkpt>
      <trkpt lat="63.70844" lon="12.79819">
        <time>2025-03-01T10:40:00Z</time>
      </trkpt>
      <trkpt lat="63.71451" lon="12.8093">
        <time>2025-03-01T11:00:00Z</time>
      </trkpt>
      <trkpt lat="63.72058" lon="12.82495">
        <time>2025-03-01T11:20:00Z</time>
      </trkpt>
      <trkpt lat="63.72597" lon="12.84284">
        <time>2025-03-01T11:40:00Z</time>
      </trkpt>
      <trkpt lat="63.72647" lon="12.84537">
        <time>2025-03-01T12:00:00Z</time>
      </trkpt>
      <trkpt lat="63.72559" lon="12.86067">
        <time>2025-03-01T12:20:00Z</time>
      </trkpt>
      <trkpt lat="63.72543" lon="12.8761">
        <time>2025-03-01T12:40:00Z</time>
      </trkpt>
      <trkpt lat="63.72974" lon="12.88127">
        <time>2025-03-01T13:00:00Z</time>
      </trkpt>
      <trkpt lat="63.73947" lon="12.89312">
        <time>2025-03-01T13:21:00Z</time>
      </trkpt>
      <trkpt lat="63.74495" lon="12.91254">
        <time>2025-03-01T13:41:00Z</time>
      </trkpt>
      <trkpt lat="63.74963" lon="12.93474">
        <time>2025-03-01T14:01:00Z</time>
      </trkpt>
      <trkpt lat="63.75252" lon="12.9514">
        <time>2025-03-01T14:23:00Z</time>
      </trkpt>
      <trkpt lat="63.75095" lon="12.96002">
        <time>2025-03-01T14:46:00Z</time>
      </trkpt>
      <trkpt lat="63.75092" lon="12.95991">
        <time>2025-03-01T15:00:00Z</time>
      </trkpt>
      <trkpt lat="63.75094" lon="12.96032">
        <time>2025-03-04T07:48:00Z</time>
      </trkpt>
      <trkpt lat="63.74506" lon="12.97751">
        <time>2025-03-04T08:08:00Z</time>
      </trkpt>
      <trkpt lat="63.74055" lon="13.00644">
        <time>2025-03-04T08:28:00Z</time>
      </trkpt>
      <trkpt lat="63.7377" lon="13.02978">
        <time>2025-03-04T08:48:00Z</time>
      </trkpt>
      <trkpt lat="63.73446" lon="13.0592">
        <time>2025-03-04T09:11:00Z</time>
      </trkpt>
      <trkpt lat="63.74215" lon="13.07924">
        <time>2025-03-04T09:31:00Z</time>
      </trkpt>
      <trkpt lat="63.74377" lon="13.0881">
        <time>2025-03-04T09:51:00Z</time>
      </trkpt>
      <trkpt lat="63.73826" lon="13.10242">
        <time>2025-03-04T10:11:00Z</time>
      </trkpt>
      <trkpt lat="63.73414" lon="13.1192">
        <time>2025-03-04T10:31:00Z</time>
      </trkpt>
      <trkpt lat="63.72883" lon="13.14505">
        <time>2025-03-04T10:51:00Z</time>
      </trkpt>
      <trkpt lat="63.73158" lon="13.16913">
        <time>2025-03-04T11:12:00Z</time>
      </trkpt>
      <trkpt lat="63.73075" lon="13.19327">
        <time>2025-03-04T11:32:00Z</time>
      </trkpt>
      <trkpt lat="63.72434" lon="13.21739">
        <time>2025-03-04T11:52:00Z</time>
      </trkpt>
      <trkpt lat="63.73188" lon="13.23363">
        <time>2025-03-04T12:12:00Z</time>
      </trkpt>
      <trkpt lat="63.7288" lon="13.25918">
        <time>2025-03-04T12:32:00Z</time>
      </trkpt>
      <trkpt lat="63.72103" lon="13.2676">
        <time>2025-03-04T12:53:00Z</time>
      </trkpt>
      <trkpt lat="63.71031" lon="13.2789">
        <time>2025-03-04T13:13:00Z</time>
      </trkpt>
      <trkpt lat="63.70571" lon="13.30225">
        <time>2025-03-04T13:33:00Z</time>
      </trkpt>
      <trkpt lat="63.70598" lon="13.30322">
        <time>2025-03-04T13:48:00Z</time>
      </trkpt>
      <trkpt lat="63.70598" lon="13.30322">
        <time>2025-03-05T07:53:00Z</time>
      </trkpt>
      <trkpt lat="63.71103" lon="13.31924">
        <time>2025-03-05T08:14:00Z</time>
      </trkpt>
      <trkpt lat="63.722" lon="13.33145">
        <time>2025-03-05T08:34:00Z</time>
      </trkpt>
      <trkpt lat="63.72328" lon="13.35306">
        <time>2025-03-05T08:54:00Z</time>
      </trkpt>
      <trkpt lat="63.72178" lon="13.37546">
        <time>2025-03-05T09:14:00Z</time>
      </trkpt>
      <trkpt lat="63.7194" lon="13.39718">
        <time>2025-03-05T09:34:00Z</time>
      </trkpt>
      <trkpt lat="63.72495" lon="13.41166">
        <time>2025-03-05T09:54:00Z</time>
      </trkpt>
      <trkpt lat="63.72969" lon="13.4305">
        <time>2025-03-05T10:14:00Z</time>
      </trkpt>
      <trkpt lat="63.73017" lon="13.46157">
        <time>2025-03-05T10:34:00Z</time>
      </trkpt>
      <trkpt lat="63.71986" lon="13.47921">
        <time>2025-03-05T10:54:00Z</time>
      </trkpt>
      <trkpt lat="63.71423" lon="13.50118">
        <time>2025-03-05T11:15:00Z</time>
      </trkpt>
      <trkpt lat="63.71553" lon="13.5265">
        <time>2025-03-05T11:35:00Z</time>
      </trkpt>
      <trkpt lat="63.70941" lon="13.54888">
        <time>2025-03-05T11:55:00Z</time>
      </trkpt>
      <trkpt lat="63.70645" lon="13.57247">
        <time>2025-03-05T12:15:00Z</time>
      </trkpt>
      <trkpt lat="63.7038" lon="13.59489">
        <time>2025-03-05T12:35:00Z</time>
      </trkpt>
      <trkpt lat="63.69807" lon="13.61328">
        <time>2025-03-05T12:55:00Z</time>
      </trkpt>
      <trkpt lat="63.69604" lon="13.62549">
        <time>2025-03-05T14:34:00Z</time>
      </trkpt>
      <trkpt lat="63.69627" lon="13.62592">
        <time>2025-03-07T07:12:00Z</time>
      </trkpt>
      <trkpt lat="63.6942" lon="13.65433">
        <time>2025-03-07T07:32:00Z</time>
      </trkpt>
      <trkpt lat="63.68742" lon="13.68038">
        <time>2025-03-07T07:52:00Z</time>
      </trkpt>
      <trkpt lat="63.67611" lon="13.68915">
        <time>2025-03-07T08:12:00Z</time>
      </trkpt>
      <trkpt lat="63.6673" lon="13.7092">
        <time>2025-03-07T08:32:00Z</time>
      </trkpt>
      <trkpt lat="63.6624" lon="13.73327">
        <time>2025-03-07T08:53:00Z</time>
      </trkpt>
      <trkpt lat="63.65992" lon="13.75887">
        <time>2025-03-07T09:13:00Z</time>
      </trkpt>
      <trkpt lat="63.65209" lon="13.77945">
        <time>2025-03-07T09:33:00Z</time>
      </trkpt>
      <trkpt lat="63.64891" lon="13.80775">
        <time>2025-03-07T09:53:00Z</time>
      </trkpt>
      <trkpt lat="63.64672" lon="13.82947">
        <time>2025-03-07T10:13:00Z</time>
      </trkpt>
      <trkpt lat="63.65349" lon="13.82833">
        <time>2025-03-07T10:34:00Z</time>
      </trkpt>
      <trkpt lat="63.66179" lon="13.84809">
        <time>2025-03-07T10:54:00Z</time>
      </trkpt>
      <trkpt lat="63.67179" lon="13.86513">
        <time>2025-03-07T11:14:00Z</time>
      </trkpt>
      <trkpt lat="63.6837" lon="13.88011">
        <time>2025-03-07T11:34:00Z</time>
      </trkpt>
      <trkpt lat="63.68647" lon="13.87603">
        <time>2025-03-07T11:54:00Z</time>
      </trkpt>
      <trkpt lat="63.69632" lon="13.87159">
        <time>2025-03-07T12:14:00Z</time>
      </trkpt>
      <trkpt lat="63.70601" lon="13.86682">
        <time>2025-03-07T12:34:00Z</time>
      </trkpt>
      <trkpt lat="63.71683" lon="13.8591">
        <time>2025-03-07T12:54:00Z</time>
      </trkpt>
      <trkpt lat="63.7259" lon="13.84431">
        <time>2025-03-07T13:14:00Z</time>
      </trkpt>
      <trkpt lat="63.73401" lon="13.83633">
        <time>2025-03-07T13:34:00Z</time>
      </trkpt>
      <trkpt lat="63.74747" lon="13.83537">
        <time>2025-03-07T13:54:00Z</time>
      </trkpt>
      <trkpt lat="63.75795" lon="13.83685">
        <time>2025-03-07T14:15:00Z</time>
      </trkpt>
      <trkpt lat="63.76955" lon="13.83097">
        <time>2025-03-07T14:35:00Z</time>
      </trkpt>
      <trkpt lat="63.78072" lon="13.82095">
        <time>2025-03-07T14:55:00Z</time>
      </trkpt>
      <trkpt lat="63.78062" lon="13.82095">
        <time>2025-03-07T15:55:00Z</time>
      </trkpt>
      <trkpt lat="63.78065" lon="13.82108">
        <time>2025-03-08T09:29:00Z</time>
      </trkpt>
      <trkpt lat="63.78486" lon="13.83047">
        <time>2025-03-08T09:49:00Z</time>
      </trkpt>
      <trkpt lat="63.78776" lon="13.84176">
        <time>2025-03-08T10:09:00Z</time>
      </trkpt>
      <trkpt lat="63.78347" lon="13.86556">
        <time>2025-03-08T10:29:00Z</time>
      </trkpt>
      <trkpt lat="63.77944" lon="13.88626">
        <time>2025-03-08T10:49:00Z</time>
      </trkpt>
      <trkpt lat="63.77992" lon="13.8962">
        <time>2025-03-08T11:09:00Z</time>
      </trkpt>
      <trkpt lat="63.78022" lon="13.91115">
        <time>2025-03-08T11:29:00Z</time>
      </trkpt>
      <trkpt lat="63.77542" lon="13.93547">
        <time>2025-03-08T11:49:00Z</time>
      </trkpt>
      <trkpt lat="63.76881" lon="13.96407">
        <time>2025-03-08T12:09:00Z</time>
      </trkpt>
      <trkpt lat="63.76453" lon="13.97621">
        <time>2025-03-08T12:29:00Z</time>
      </trkpt>
      <trkpt lat="63.76559" lon="13.98787">
        <time>2025-03-08T12:49:00Z</time>
      </trkpt>
      <trkpt lat="63.76947" lon="14.00284">
        <time>2025-03-08T13:09:00Z</time>
      </trkpt>
      <trkpt lat="63.76881" lon="14.02638">
        <time>2025-03-08T13:30:00Z</time>
      </trkpt>
      <trkpt lat="63.77253" lon="14.03147">
        <time>2025-03-08T13:50:00Z</time>
      </trkpt>
      <trkpt lat="63.77925" lon="14.04374">
        <time>2025-03-08T14:11:00Z</time>
      </trkpt>
      <trkpt lat="63.78518" lon="14.05087">
        <time>2025-03-08T14:31:00Z</time>
      </trkpt>
      <trkpt lat="63.79443" lon="14.049">
        <time>2025-03-08T14:51:00Z</time>
      </trkpt>
      <trkpt lat="63.8045" lon="14.05093">
        <time>2025-03-08T15:11:00Z</time>
      </trkpt>
      <trkpt lat="63.81401" lon="14.04906">
        <time>2025-03-08T15:31:00Z</time>
      </trkpt>
      <trkpt lat="63.82143" lon="14.04591">
        <time>2025-03-08T15:51:00Z</time>
      </trkpt>
      <trkpt lat="63.82726" lon="14.04112">
        <time>2025-03-08T16:11:00Z</time>
      </trkpt>
      <trkpt lat="63.8276" lon="14.04166">
        <time>2025-03-08T16:17:00Z</time>
      </trkpt>
      <trkpt lat="63.82757" lon="14.04183">
        <time>2025-03-09T08:11:00Z</time>
      </trkpt>
      <trkpt lat="63.82744" lon="14.04134">
        <time>2025-03-09T08:31:00Z</time>
      </trkpt>
      <trkpt lat="63.83482" lon="14.04042">
        <time>2025-03-09T08:51:00Z</time>
      </trkpt>
      <trkpt lat="63.84252" lon="14.06368">
        <time>2025-03-09T09:11:00Z</time>
      </trkpt>
      <trkpt lat="63.8495" lon="14.08174">
        <time>2025-03-09T09:31:00Z</time>
      </trkpt>
      <trkpt lat="63.85738" lon="14.09719">
        <time>2025-03-09T09:51:00Z</time>
      </trkpt>
      <trkpt lat="63.87336" lon="14.12264">
        <time>2025-03-09T10:32:00Z</time>
      </trkpt>
      <trkpt lat="63.88159" lon="14.14747">
        <time>2025-03-09T10:52:00Z</time>
      </trkpt>
      <trkpt lat="63.88883" lon="14.15414">
        <time>2025-03-09T11:12:00Z</time>
      </trkpt>
      <trkpt lat="63.89545" lon="14.17399">
        <time>2025-03-09T11:32:00Z</time>
      </trkpt>
      <trkpt lat="63.90217" lon="14.19083">
        <time>2025-03-09T11:52:00Z</time>
      </trkpt>
      <trkpt lat="63.90407" lon="14.21311">
        <time>2025-03-09T12:12:00Z</time>
      </trkpt>
      <trkpt lat="63.90925" lon="14.2153">
        <time>2025-03-09T12:32:00Z</time>
      </trkpt>
      <trkpt lat="63.9116" lon="14.21637">
        <time>2025-03-09T12:52:00Z</time>
      </trkpt>
      <trkpt lat="63.91183" lon="14.2163">
        <time>2025-03-09T13:12:00Z</time>
      </trkpt>
      <trkpt lat="63.9222" lon="14.21467">
        <time>2025-03-09T13:33:00Z</time>
      </trkpt>
      <trkpt lat="63.93452" lon="14.21684">
        <time>2025-03-09T13:53:00Z</time>
      </trkpt>
      <trkpt lat="63.94466" lon="14.22594">
        <time>2025-03-09T14:13:00Z</time>
      </trkpt>
      <trkpt lat="63.95469" lon="14.20223">
        <time>2025-03-09T14:33:00Z</time>
      </trkpt>
      <trkpt lat="63.96204" lon="14.17998">
        <time>2025-03-09T14:53:00Z</time>
      </trkpt>
      <trkpt lat="63.96755" lon="14.16365">
        <time>2025-03-09T15:13:00Z</time>
      </trkpt>
      <trkpt lat="63.97347" lon="14.16547">
        <time>2025-03-09T15:33:00Z</time>
      </trkpt>
      <trkpt lat="63.97363" lon="14.16429">
        <time>2025-03-09T15:55:00Z</time>
      </trkpt>
      <trkpt lat="63.97347" lon="14.16517">
        <time>2025-03-09T15:56:00Z</time>
      </trkpt>
      <trkpt lat="63.97323" lon="14.16616">
        <time>2025-03-10T08:07:00Z</time>
      </trkpt>
      <trkpt lat="63.97551" lon="14.18272">
        <time>2025-03-10T08:27:00Z</time>
      </trkpt>
      <trkpt lat="63.97558" lon="14.19686">
        <time>2025-03-10T08:47:00Z</time>
      </trkpt>
      <trkpt lat="63.97469" lon="14.22173">
        <time>2025-03-10T09:07:00Z</time>
      </trkpt>
      <trkpt lat="63.98141" lon="14.2218">
        <time>2025-03-10T09:27:00Z</time>
      </trkpt>
      <trkpt lat="63.98218" lon="14.22203">
        <time>2025-03-10T09:47:00Z</time>
      </trkpt>
      <trkpt lat="63.98934" lon="14.23336">
        <time>2025-03-10T10:07:00Z</time>
      </trkpt>
      <trkpt lat="64.00134" lon="14.23901">
        <time>2025-03-10T10:27:00Z</time>
      </trkpt>
      <trkpt lat="64.01413" lon="14.22143">
        <time>2025-03-10T10:47:00Z</time>
      </trkpt>
      <trkpt lat="64.01987" lon="14.20761">
        <time>2025-03-10T11:07:00Z</time>
      </trkpt>
      <trkpt lat="64.0293" lon="14.19485">
        <time>2025-03-10T11:27:00Z</time>
      </trkpt>
      <trkpt lat="64.04314" lon="14.19289">
        <time>2025-03-10T11:47:00Z</time>
      </trkpt>
      <trkpt lat="64.05004" lon="14.17157">
        <time>2025-03-10T12:07:00Z</time>
      </trkpt>
      <trkpt lat="64.06146" lon="14.15176">
        <time>2025-03-10T12:27:00Z</time>
      </trkpt>
      <trkpt lat="64.06607" lon="14.14408">
        <time>2025-03-10T12:47:00Z</time>
      </trkpt>
      <trkpt lat="64.06538" lon="14.14571">
        <time>2025-03-12T08:33:00Z</time>
      </trkpt>
      <trkpt lat="64.07019" lon="14.14946">
        <time>2025-03-12T08:53:00Z</time>
      </trkpt>
      <trkpt lat="64.07394" lon="14.15996">
        <time>2025-03-12T09:13:00Z</time>
      </trkpt>
      <trkpt lat="64.07715" lon="14.17373">
        <time>2025-03-12T09:33:00Z</time>
      </trkpt>
      <trkpt lat="64.083" lon="14.18607">
        <time>2025-03-12T09:55:00Z</time>
      </trkpt>
      <trkpt lat="64.08661" lon="14.19813">
        <time>2025-03-12T10:15:00Z</time>
      </trkpt>
      <trkpt lat="64.09281" lon="14.19811">
        <time>2025-03-12T10:35:00Z</time>
      </trkpt>
      <trkpt lat="64.09814" lon="14.20285">
        <time>2025-03-12T10:55:00Z</time>
      </trkpt>
      <trkpt lat="64.10536" lon="14.21206">
        <time>2025-03-12T11:15:00Z</time>
      </trkpt>
      <trkpt lat="64.11503" lon="14.21489">
        <time>2025-03-12T11:35:00Z</time>
      </trkpt>
      <trkpt lat="64.12453" lon="14.20699">
        <time>2025-03-12T11:55:00Z</time>
      </trkpt>
      <trkpt lat="64.12583" lon="14.20392">
        <time>2025-03-12T12:15:00Z</time>
      </trkpt>
      <trkpt lat="64.12757" lon="14.19236">
        <time>2025-03-12T12:35:00Z</time>
      </trkpt>
      <trkpt lat="64.1336" lon="14.18523">
        <time>2025-03-12T12:55:00Z</time>
      </trkpt>
      <trkpt lat="64.13572" lon="14.19543">
        <time>2025-03-12T13:15:00Z</time>
      </trkpt>
      <trkpt lat="64.13995" lon="14.20631">
        <time>2025-03-12T13:35:00Z</time>
      </trkpt>
      <trkpt lat="64.14322" lon="14.21075">
        <time>2025-03-12T13:56:00Z</time>
      </trkpt>
      <trkpt lat="64.147" lon="14.2236">
        <time>2025-03-12T14:16:00Z</time>
      </trkpt>
      <trkpt lat="64.14789" lon="14.22828">
        <time>2025-03-12T14:25:00Z</time>
      </trkpt>
      <trkpt lat="64.14788" lon="14.22828">
        <time>2025-03-12T14:25:00Z</time>
      </trkpt>
      <trkpt lat="64.14785" lon="14.22823">
        <time>2025-03-13T08:14:00Z</time>
      </trkpt>
      <trkpt lat="64.15037" lon="14.23607">
        <time>2025-03-13T08:34:00Z</time>
      </trkpt>
      <trkpt lat="64.15458" lon="14.2318">
        <time>2025-03-13T08:54:00Z</time>
      </trkpt>
      <trkpt lat="64.16014" lon="14.22892">
        <time>2025-03-13T09:14:00Z</time>
      </trkpt>
      <trkpt lat="64.16125" lon="14.23798">
        <time>2025-03-13T09:34:00Z</time>
      </trkpt>
      <trkpt lat="64.16296" lon="14.24474">
        <time>2025-03-13T09:54:00Z</time>
      </trkpt>
      <trkpt lat="64.16883" lon="14.25128">
        <time>2025-03-13T10:14:00Z</time>
      </trkpt>
      <trkpt lat="64.17363" lon="14.25916">
        <time>2025-03-13T10:34:00Z</time>
      </trkpt>
      <trkpt lat="64.17654" lon="14.25901">
        <time>2025-03-13T10:54:00Z</time>
      </trkpt>
      <trkpt lat="64.18108" lon="14.25559">
        <time>2025-03-13T11:14:00Z</time>
      </trkpt>
      <trkpt lat="64.18484" lon="14.26495">
        <time>2025-03-13T11:34:00Z</time>
      </trkpt>
      <trkpt lat="64.18723" lon="14.28379">
        <time>2025-03-13T11:54:00Z</time>
      </trkpt>
      <trkpt lat="64.19676" lon="14.28351">
        <time>2025-03-13T12:14:00Z</time>
      </trkpt>
      <trkpt lat="64.20765" lon="14.27785">
        <time>2025-03-13T12:34:00Z</time>
      </trkpt>
      <trkpt lat="64.2079" lon="14.27789">
        <time>2025-03-13T12:54:00Z</time>
      </trkpt>
      <trkpt lat="64.21395" lon="14.29462">
        <time>2025-03-13T13:14:00Z</time>
      </trkpt>
      <trkpt lat="64.22552" lon="14.31456">
        <time>2025-03-13T13:35:00Z</time>
      </trkpt>
      <trkpt lat="64.23477" lon="14.3246">
        <time>2025-03-13T13:55:00Z</time>
      </trkpt>
      <trkpt lat="64.24016" lon="14.33342">
        <time>2025-03-13T14:15:00Z</time>
      </trkpt>
      <trkpt lat="64.24743" lon="14.34971">
        <time>2025-03-13T14:35:00Z</time>
      </trkpt>
      <trkpt lat="64.25162" lon="14.36071">
        <time>2025-03-13T14:55:00Z</time>
      </trkpt>
      <trkpt lat="64.2552" lon="14.37056">
        <time>2025-03-13T15:15:00Z</time>
      </trkpt>
      <trkpt lat="64.25672" lon="14.39211">
        <time>2025-03-13T15:35:00Z</time>
      </trkpt>
      <trkpt lat="64.25819" lon="14.39438">
        <time>2025-03-13T15:55:00Z</time>
      </trkpt>
      <trkpt lat="64.25688" lon="14.40024">
        <time>2025-03-13T16:15:00Z</time>
      </trkpt>
      <trkpt lat="64.25477" lon="14.40541">
        <time>2025-03-13T16:35:00Z</time>
      </trkpt>
      <trkpt lat="64.25789" lon="14.41625">
        <time>2025-03-13T16:55:00Z</time>
      </trkpt>
      <trkpt lat="64.26186" lon="14.42966">
        <time>2025-03-13T17:15:00Z</time>
      </trkpt>
      <trkpt lat="64.26183" lon="14.42979">
        <time>2025-03-13T17:19:00Z</time>
      </trkpt>
      <trkpt lat="64.26185" lon="14.42977">
        <time>2025-03-14T07:59:00Z</time>
      </trkpt>
      <trkpt lat="64.26881" lon="14.42256">
        <time>2025-03-14T08:19:00Z</time>
      </trkpt>
      <trkpt lat="64.27003" lon="14.4168">
        <time>2025-03-14T08:39:00Z</time>
      </trkpt>
      <trkpt lat="64.27036" lon="14.41483">
        <time>2025-03-14T08:59:00Z</time>
      </trkpt>
      <trkpt lat="64.27134" lon="14.42796">
        <time>2025-03-14T09:19:00Z</time>
      </trkpt>
      <trkpt lat="64.27256" lon="14.42906">
        <time>2025-03-14T09:39:00Z</time>
      </trkpt>
      <trkpt lat="64.27294" lon="14.432">
        <time>2025-03-14T09:59:00Z</time>
      </trkpt>
      <trkpt lat="64.27769" lon="14.42745">
        <time>2025-03-14T10:19:00Z</time>
      </trkpt>
      <trkpt lat="64.28551" lon="14.42097">
        <time>2025-03-14T10:39:00Z</time>
      </trkpt>
      <trkpt lat="64.29139" lon="14.41007">
        <time>2025-03-14T10:59:00Z</time>
      </trkpt>
      <trkpt lat="64.29893" lon="14.39878">
        <time>2025-03-14T11:20:00Z</time>
      </trkpt>
      <trkpt lat="64.30334" lon="14.38942">
        <time>2025-03-14T11:40:00Z</time>
      </trkpt>
      <trkpt lat="64.3048" lon="14.38606">
        <time>2025-03-14T12:00:00Z</time>
      </trkpt>
      <trkpt lat="64.30609" lon="14.38588">
        <time>2025-03-14T12:20:00Z</time>
      </trkpt>
      <trkpt lat="64.31488" lon="14.38634">
        <time>2025-03-14T12:40:00Z</time>
      </trkpt>
      <trkpt lat="64.32371" lon="14.39717">
        <time>2025-03-14T13:00:00Z</time>
      </trkpt>
      <trkpt lat="64.33428" lon="14.41148">
        <time>2025-03-14T13:20:00Z</time>
      </trkpt>
      <trkpt lat="64.34826" lon="14.39923">
        <time>2025-03-14T13:41:00Z</time>
      </trkpt>
      <trkpt lat="64.35559" lon="14.40515">
        <time>2025-03-14T14:01:00Z</time>
      </trkpt>
      <trkpt lat="64.37351" lon="14.36923">
        <time>2025-03-14T14:47:00Z</time>
      </trkpt>
      <trkpt lat="64.37959" lon="14.34037">
        <time>2025-03-14T15:07:00Z</time>
      </trkpt>
      <trkpt lat="64.38844" lon="14.31892">
        <time>2025-03-14T15:28:00Z</time>
      </trkpt>
      <trkpt lat="64.39376" lon="14.30138">
        <time>2025-03-14T15:48:00Z</time>
      </trkpt>
      <trkpt lat="64.40195" lon="14.30059">
        <time>2025-03-14T16:11:00Z</time>
      </trkpt>
      <trkpt lat="64.40244" lon="14.3046">
        <time>2025-03-14T16:32:00Z</time>
      </trkpt>
      <trkpt lat="64.40278" lon="14.30505">
        <time>2025-03-15T07:56:00Z</time>
      </trkpt>
      <trkpt lat="64.40618" lon="14.29722">
        <time>2025-03-15T08:16:00Z</time>
      </trkpt>
      <trkpt lat="64.41355" lon="14.28606">
        <time>2025-03-15T08:36:00Z</time>
      </trkpt>
      <trkpt lat="64.41433" lon="14.27289">
        <time>2025-03-15T08:56:00Z</time>
      </trkpt>
      <trkpt lat="64.41754" lon="14.2492">
        <time>2025-03-15T09:16:00Z</time>
      </trkpt>
      <trkpt lat="64.42129" lon="14.24368">
        <time>2025-03-15T09:36:00Z</time>
      </trkpt>
      <trkpt lat="64.42887" lon="14.22424">
        <time>2025-03-15T09:56:00Z</time>
      </trkpt>
      <trkpt lat="64.43466" lon="14.20285">
        <time>2025-03-15T10:16:00Z</time>
      </trkpt>
      <trkpt lat="64.44213" lon="14.18071">
        <time>2025-03-15T10:36:00Z</time>
      </trkpt>
      <trkpt lat="64.45018" lon="14.16103">
        <time>2025-03-15T10:56:00Z</time>
      </trkpt>
      <trkpt lat="64.45071" lon="14.15839">
        <time>2025-03-15T11:16:00Z</time>
      </trkpt>
      <trkpt lat="64.45198" lon="14.15554">
        <time>2025-03-15T11:36:00Z</time>
      </trkpt>
      <trkpt lat="64.46029" lon="14.16195">
        <time>2025-03-15T11:56:00Z</time>
      </trkpt>
      <trkpt lat="64.46926" lon="14.14951">
        <time>2025-03-15T12:16:00Z</time>
      </trkpt>
      <trkpt lat="64.47761" lon="14.13193">
        <time>2025-03-15T12:36:00Z</time>
      </trkpt>
      <trkpt lat="64.48173" lon="14.12758">
        <time>2025-03-15T12:56:00Z</time>
      </trkpt>
      <trkpt lat="64.4887" lon="14.13416">
        <time>2025-03-15T13:16:00Z</time>
      </trkpt>
      <trkpt lat="64.49724" lon="14.14082">
        <time>2025-03-15T13:37:00Z</time>
      </trkpt>
      <trkpt lat="64.50646" lon="14.14434">
        <time>2025-03-15T13:57:00Z</time>
      </trkpt>
      <trkpt lat="64.50673" lon="14.14436">
        <time>2025-03-15T13:59:00Z</time>
      </trkpt>
      <trkpt lat="64.50667" lon="14.14427">
        <time>2025-03-17T08:23:00Z</time>
      </trkpt>
      <trkpt lat="64.50236" lon="14.15605">
        <time>2025-03-17T08:43:00Z</time>
      </trkpt>
      <trkpt lat="64.51497" lon="14.15822">
        <time>2025-03-17T09:03:00Z</time>
      </trkpt>
      <trkpt lat="64.52751" lon="14.15723">
        <time>2025-03-17T09:23:00Z</time>
      </trkpt>
      <trkpt lat="64.53959" lon="14.14">
        <time>2025-03-17T09:43:00Z</time>
      </trkpt>
      <trkpt lat="64.5492" lon="14.13983">
        <time>2025-03-17T10:03:00Z</time>
      </trkpt>
      <trkpt lat="64.56094" lon="14.13805">
        <time>2025-03-17T10:23:00Z</time>
      </trkpt>
      <trkpt lat="64.57624" lon="14.1318">
        <time>2025-03-17T10:43:00Z</time>
      </trkpt>
      <trkpt lat="64.58969" lon="14.11794">
        <time>2025-03-17T11:03:00Z</time>
      </trkpt>
      <trkpt lat="64.60462" lon="14.12009">
        <time>2025-03-17T11:24:00Z</time>
      </trkpt>
      <trkpt lat="64.61183" lon="14.11917">
        <time>2025-03-17T11:44:00Z</time>
      </trkpt>
      <trkpt lat="64.62738" lon="14.12399">
        <time>2025-03-17T12:04:00Z</time>
      </trkpt>
      <trkpt lat="64.63859" lon="14.13646">
        <time>2025-03-17T12:24:00Z</time>
      </trkpt>
      <trkpt lat="64.65138" lon="14.13472">
        <time>2025-03-17T12:44:00Z</time>
      </trkpt>
      <trkpt lat="64.6515" lon="14.13346">
        <time>2025-03-17T13:04:00Z</time>
      </trkpt>
      <trkpt lat="64.65324" lon="14.12371">
        <time>2025-03-17T13:24:00Z</time>
      </trkpt>
      <trkpt lat="64.66662" lon="14.10983">
        <time>2025-03-17T13:44:00Z</time>
      </trkpt>
      <trkpt lat="64.67243" lon="14.09153">
        <time>2025-03-17T14:04:00Z</time>
      </trkpt>
      <trkpt lat="64.68436" lon="14.08058">
        <time>2025-03-17T14:24:00Z</time>
      </trkpt>
      <trkpt lat="64.69721" lon="14.06872">
        <time>2025-03-17T14:44:00Z</time>
      </trkpt>
      <trkpt lat="64.70924" lon="14.05595">
        <time>2025-03-17T15:04:00Z</time>
      </trkpt>
      <trkpt lat="64.71011" lon="14.05602">
        <time>2025-03-17T15:13:00Z</time>
      </trkpt>
      <trkpt lat="64.71021" lon="14.05565">
        <time>2025-03-18T08:16:00Z</time>
      </trkpt>
      <trkpt lat="64.71998" lon="14.04303">
        <time>2025-03-18T08:36:00Z</time>
      </trkpt>
      <trkpt lat="64.72594" lon="14.02898">
        <time>2025-03-18T08:56:00Z</time>
      </trkpt>
      <trkpt lat="64.73542" lon="14.02145">
        <time>2025-03-18T09:16:00Z</time>
      </trkpt>
      <trkpt lat="64.74289" lon="14.02059">
        <time>2025-03-18T09:36:00Z</time>
      </trkpt>
      <trkpt lat="64.75126" lon="14.02793">
        <time>2025-03-18T09:56:00Z</time>
      </trkpt>
      <trkpt lat="64.75856" lon="14.03973">
        <time>2025-03-18T10:16:00Z</time>
      </trkpt>
      <trkpt lat="64.76741" lon="14.03791">
        <time>2025-03-18T10:36:00Z</time>
      </trkpt>
      <trkpt lat="64.78047" lon="14.04722">
        <time>2025-03-18T10:56:00Z</time>
      </trkpt>
      <trkpt lat="64.79331" lon="14.05348">
        <time>2025-03-18T11:16:00Z</time>
      </trkpt>
      <trkpt lat="64.80457" lon="14.07164">
        <time>2025-03-18T11:36:00Z</time>
      </trkpt>
      <trkpt lat="64.81657" lon="14.06213">
        <time>2025-03-18T11:56:00Z</time>
      </trkpt>
      <trkpt lat="64.82377" lon="14.07548">
        <time>2025-03-18T12:16:00Z</time>
      </trkpt>
      <trkpt lat="64.83533" lon="14.07883">
        <time>2025-03-18T12:36:00Z</time>
      </trkpt>
      <trkpt lat="64.83636" lon="14.08344">
        <time>2025-03-18T12:43:00Z</time>
      </trkpt>
      <trkpt lat="64.837" lon="14.0829">
        <time>2025-03-19T07:49:00Z</time>
      </trkpt>
      <trkpt lat="64.83511" lon="14.10848">
        <time>2025-03-19T08:09:00Z</time>
      </trkpt>
      <trkpt lat="64.82625" lon="14.12964">
        <time>2025-03-19T08:29:00Z</time>
      </trkpt>
      <trkpt lat="64.8162" lon="14.14504">
        <time>2025-03-19T08:49:00Z</time>
      </trkpt>
      <trkpt lat="64.81236" lon="14.16169">
        <time>2025-03-19T09:09:00Z</time>
      </trkpt>
      <trkpt lat="64.81696" lon="14.18558">
        <time>2025-03-19T09:29:00Z</time>
      </trkpt>
      <trkpt lat="64.81519" lon="14.20315">
        <time>2025-03-19T09:49:00Z</time>
      </trkpt>
      <trkpt lat="64.81845" lon="14.2342">
        <time>2025-03-19T10:09:00Z</time>
      </trkpt>
      <trkpt lat="64.81891" lon="14.24349">
        <time>2025-03-19T10:29:00Z</time>
      </trkpt>
      <trkpt lat="64.82482" lon="14.25579">
        <time>2025-03-19T10:49:00Z</time>
      </trkpt>
      <trkpt lat="64.82678" lon="14.25697">
        <time>2025-03-19T11:09:00Z</time>
      </trkpt>
      <trkpt lat="64.83318" lon="14.26164">
        <time>2025-03-19T11:29:00Z</time>
      </trkpt>
      <trkpt lat="64.84019" lon="14.28186">
        <time>2025-03-19T11:50:00Z</time>
      </trkpt>
      <trkpt lat="64.84321" lon="14.28793">
        <time>2025-03-19T12:10:00Z</time>
      </trkpt>
      <trkpt lat="64.84326" lon="14.28799">
        <time>2025-03-19T12:30:00Z</time>
      </trkpt>
      <trkpt lat="64.84685" lon="14.29999">
        <time>2025-03-19T12:50:00Z</time>
      </trkpt>
      <trkpt lat="64.85034" lon="14.31636">
        <time>2025-03-19T13:10:00Z</time>
      </trkpt>
      <trkpt lat="64.84973" lon="14.3331">
        <time>2025-03-19T13:30:00Z</time>
      </trkpt>
      <trkpt lat="64.84739" lon="14.34947">
        <time>2025-03-19T13:50:00Z</time>
      </trkpt>
      <trkpt lat="64.85012" lon="14.37095">
        <time>2025-03-19T14:10:00Z</time>
      </trkpt>
      <trkpt lat="64.85472" lon="14.38638">
        <time>2025-03-19T14:30:00Z</time>
      </trkpt>
      <trkpt lat="64.85473" lon="14.38644">
        <time>2025-03-19T14:34:00Z</time>
      </trkpt>
      <trkpt lat="64.85478" lon="14.38651">
        <time>2025-03-20T08:13:00Z</time>
      </trkpt>
      <trkpt lat="64.85542" lon="14.40245">
        <time>2025-03-20T08:33:00Z</time>
      </trkpt>
      <trkpt lat="64.85304" lon="14.42017">
        <time>2025-03-20T08:53:00Z</time>
      </trkpt>
      <trkpt lat="64.85931" lon="14.42931">
        <time>2025-03-20T09:13:00Z</time>
      </trkpt>
      <trkpt lat="64.86153" lon="14.42492">
        <time>2025-03-20T09:33:00Z</time>
      </trkpt>
      <trkpt lat="64.86401" lon="14.43571">
        <time>2025-03-20T09:53:00Z</time>
      </trkpt>
      <trkpt lat="64.86714" lon="14.46169">
        <time>2025-03-20T10:13:00Z</time>
      </trkpt>
      <trkpt lat="64.86967" lon="14.4792">
        <time>2025-03-20T10:33:00Z</time>
      </trkpt>
      <trkpt lat="64.87189" lon="14.49856">
        <time>2025-03-20T10:53:00Z</time>
      </trkpt>
      <trkpt lat="64.8797" lon="14.51849">
        <time>2025-03-20T11:13:00Z</time>
      </trkpt>
      <trkpt lat="64.88822" lon="14.53989">
        <time>2025-03-20T11:33:00Z</time>
      </trkpt>
      <trkpt lat="64.89073" lon="14.5675">
        <time>2025-03-20T11:53:00Z</time>
      </trkpt>
      <trkpt lat="64.89332" lon="14.58675">
        <time>2025-03-20T12:13:00Z</time>
      </trkpt>
      <trkpt lat="64.89335" lon="14.58669">
        <time>2025-03-20T12:33:00Z</time>
      </trkpt>
      <trkpt lat="64.89709" lon="14.5869">
        <time>2025-03-20T12:54:00Z</time>
      </trkpt>
      <trkpt lat="64.89842" lon="14.58971">
        <time>2025-03-20T13:14:00Z</time>
      </trkpt>
      <trkpt lat="64.90813" lon="14.5772">
        <time>2025-03-20T13:34:00Z</time>
      </trkpt>
      <trkpt lat="64.91589" lon="14.55806">
        <time>2025-03-20T13:54:00Z</time>
      </trkpt>
      <trkpt lat="64.91993" lon="14.55506">
        <time>2025-03-20T14:14:00Z</time>
      </trkpt>
      <trkpt lat="64.92349" lon="14.56409">
        <time>2025-03-20T14:34:00Z</time>
      </trkpt>
      <trkpt lat="64.92652" lon="14.57124">
        <time>2025-03-20T14:54:00Z</time>
      </trkpt>
      <trkpt lat="64.93125" lon="14.57973">
        <time>2025-03-20T15:14:00Z</time>
      </trkpt>
      <trkpt lat="64.93791" lon="14.59293">
        <time>2025-03-20T15:34:00Z</time>
      </trkpt>
      <trkpt lat="64.93933" lon="14.59784">
        <time>2025-03-21T08:08:00Z</time>
      </trkpt>
      <trkpt lat="64.94327" lon="14.61076">
        <time>2025-03-21T08:28:00Z</time>
      </trkpt>
      <trkpt lat="64.94676" lon="14.62806">
        <time>2025-03-21T08:48:00Z</time>
      </trkpt>
      <trkpt lat="64.95032" lon="14.63866">
        <time>2025-03-21T09:08:00Z</time>
      </trkpt>
      <trkpt lat="64.95327" lon="14.65089">
        <time>2025-03-21T09:28:00Z</time>
      </trkpt>
      <trkpt lat="64.95381" lon="14.66067">
        <time>2025-03-21T09:48:00Z</time>
      </trkpt>
      <trkpt lat="64.96042" lon="14.6779">
        <time>2025-03-21T10:08:00Z</time>
      </trkpt>
      <trkpt lat="64.96651" lon="14.68464">
        <time>2025-03-21T10:29:00Z</time>
      </trkpt>
      <trkpt lat="64.97199" lon="14.69528">
        <time>2025-03-21T10:49:00Z</time>
      </trkpt>
      <trkpt lat="64.981" lon="14.71492">
        <time>2025-03-21T11:09:00Z</time>
      </trkpt>
      <trkpt lat="64.98411" lon="14.71794">
        <time>2025-03-21T11:53:00Z</time>
      </trkpt>
      <trkpt lat="64.99129" lon="14.72434">
        <time>2025-03-21T12:13:00Z</time>
      </trkpt>
      <trkpt lat="65.00292" lon="14.7241">
        <time>2025-03-21T12:33:00Z</time>
      </trkpt>
      <trkpt lat="65.0145" lon="14.73298">
        <time>2025-03-21T12:53:00Z</time>
      </trkpt>
      <trkpt lat="65.02951" lon="14.7329">
        <time>2025-03-21T13:13:00Z</time>
      </trkpt>
      <trkpt lat="65.04116" lon="14.72755">
        <time>2025-03-21T13:33:00Z</time>
      </trkpt>
      <trkpt lat="65.04852" lon="14.7397">
        <time>2025-03-21T13:53:00Z</time>
      </trkpt>
      <trkpt lat="65.05022" lon="14.75901">
        <time>2025-03-21T14:14:00Z</time>
      </trkpt>
      <trkpt lat="65.05251" lon="14.78611">
        <time>2025-03-21T14:34:00Z</time>
      </trkpt>
      <trkpt lat="65.05808" lon="14.79553">
        <time>2025-03-21T14:54:00Z</time>
      </trkpt>
      <trkpt lat="65.06159" lon="14.79291">
        <time>2025-03-21T15:17:00Z</time>
      </trkpt>
      <trkpt lat="65.06176" lon="14.79266">
        <time>2025-03-22T08:23:00Z</time>
      </trkpt>
      <trkpt lat="65.05893" lon="14.80766">
        <time>2025-03-22T08:43:00Z</time>
      </trkpt>
      <trkpt lat="65.05754" lon="14.83154">
        <time>2025-03-22T09:03:00Z</time>
      </trkpt>
      <trkpt lat="65.0548" lon="14.85549">
        <time>2025-03-22T09:23:00Z</time>
      </trkpt>
      <trkpt lat="65.05336" lon="14.8796">
        <time>2025-03-22T09:43:00Z</time>
      </trkpt>
      <trkpt lat="65.05216" lon="14.90252">
        <time>2025-03-22T10:03:00Z</time>
      </trkpt>
      <trkpt lat="65.05008" lon="14.92516">
        <time>2025-03-22T10:23:00Z</time>
      </trkpt>
      <trkpt lat="65.05087" lon="14.95492">
        <time>2025-03-22T10:43:00Z</time>
      </trkpt>
      <trkpt lat="65.05357" lon="14.98018">
        <time>2025-03-22T11:03:00Z</time>
      </trkpt>
      <trkpt lat="65.0541" lon="14.98468">
        <time>2025-03-22T11:23:00Z</time>
      </trkpt>
      <trkpt lat="65.05335" lon="15.01011">
        <time>2025-03-22T11:43:00Z</time>
      </trkpt>
      <trkpt lat="65.0554" lon="15.03468">
        <time>2025-03-22T12:03:00Z</time>
      </trkpt>
      <trkpt lat="65.06002" lon="15.05296">
        <time>2025-03-22T12:23:00Z</time>
      </trkpt>
      <trkpt lat="65.06543" lon="15.05388">
        <time>2025-03-22T12:45:00Z</time>
      </trkpt>
      <trkpt lat="65.07516" lon="15.07086">
        <time>2025-03-22T13:05:00Z</time>
      </trkpt>
      <trkpt lat="65.08691" lon="15.08807">
        <time>2025-03-22T13:25:00Z</time>
      </trkpt>
      <trkpt lat="65.09632" lon="15.10083">
        <time>2025-03-22T13:45:00Z</time>
      </trkpt>
      <trkpt lat="65.09851" lon="15.10221">
        <time>2025-03-22T14:05:00Z</time>
      </trkpt>
      <trkpt lat="65.11045" lon="15.08403">
        <time>2025-03-22T14:27:00Z</time>
      </trkpt>
      <trkpt lat="65.12177" lon="15.06453">
        <time>2025-03-22T14:47:00Z</time>
      </trkpt>
      <trkpt lat="65.1292" lon="15.0476">
        <time>2025-03-22T15:07:00Z</time>
      </trkpt>
      <trkpt lat="65.14149" lon="15.0433">
        <time>2025-03-22T15:27:00Z</time>
      </trkpt>
      <trkpt lat="65.15168" lon="15.05026">
        <time>2025-03-22T15:47:00Z</time>
      </trkpt>
      <trkpt lat="65.16326" lon="15.06824">
        <time>2025-03-22T16:07:00Z</time>
      </trkpt>
      <trkpt lat="65.16562" lon="15.0697">
        <time>2025-03-22T16:18:00Z</time>
      </trkpt>
      <trkpt lat="65.16609" lon="15.0697">
        <time>2025-03-23T06:15:00Z</time>
      </trkpt>
      <trkpt lat="65.17491" lon="15.07892">
        <time>2025-03-23T06:35:00Z</time>
      </trkpt>
      <trkpt lat="65.18285" lon="15.085">
        <time>2025-03-23T06:56:00Z</time>
      </trkpt>
      <trkpt lat="65.1917" lon="15.08476">
        <time>2025-03-23T07:16:00Z</time>
      </trkpt>
      <trkpt lat="65.19893" lon="15.07955">
        <time>2025-03-23T07:36:00Z</time>
      </trkpt>
      <trkpt lat="65.20157" lon="15.07701">
        <time>2025-03-23T07:56:00Z</time>
      </trkpt>
      <trkpt lat="65.21268" lon="15.07287">
        <time>2025-03-23T08:16:00Z</time>
      </trkpt>
      <trkpt lat="65.22194" lon="15.06603">
        <time>2025-03-23T08:36:00Z</time>
      </trkpt>
      <trkpt lat="65.2302" lon="15.05794">
        <time>2025-03-23T08:56:00Z</time>
      </trkpt>
      <trkpt lat="65.2393" lon="15.05232">
        <time>2025-03-23T09:16:00Z</time>
      </trkpt>
      <trkpt lat="65.24055" lon="15.05118">
        <time>2025-03-23T09:36:00Z</time>
      </trkpt>
      <trkpt lat="65.2509" lon="15.04197">
        <time>2025-03-23T09:56:00Z</time>
      </trkpt>
      <trkpt lat="65.2616" lon="15.0344">
        <time>2025-03-23T10:16:00Z</time>
      </trkpt>
      <trkpt lat="65.26917" lon="15.0341">
        <time>2025-03-23T10:36:00Z</time>
      </trkpt>
      <trkpt lat="65.27534" lon="15.03034">
        <time>2025-03-23T10:56:00Z</time>
      </trkpt>
      <trkpt lat="65.28462" lon="15.03197">
        <time>2025-03-23T11:16:00Z</time>
      </trkpt>
      <trkpt lat="65.29345" lon="15.03264">
        <time>2025-03-23T11:36:00Z</time>
      </trkpt>
      <trkpt lat="65.30158" lon="15.02582">
        <time>2025-03-23T11:56:00Z</time>
      </trkpt>
      <trkpt lat="65.30156" lon="15.02582">
        <time>2025-03-23T12:16:00Z</time>
      </trkpt>
      <trkpt lat="65.30708" lon="15.02908">
        <time>2025-03-23T12:56:00Z</time>
      </trkpt>
      <trkpt lat="65.3152" lon="15.04296">
        <time>2025-03-23T13:16:00Z</time>
      </trkpt>
      <trkpt lat="65.32475" lon="15.06221">
        <time>2025-03-23T13:37:00Z</time>
      </trkpt>
      <trkpt lat="65.33218" lon="15.07429">
        <time>2025-03-23T13:59:00Z</time>
      </trkpt>
      <trkpt lat="65.33615" lon="15.09701">
        <time>2025-03-23T14:19:00Z</time>
      </trkpt>
      <trkpt lat="65.33929" lon="15.10328">
        <time>2025-03-23T14:39:00Z</time>
      </trkpt>
      <trkpt lat="65.34521" lon="15.09759">
        <time>2025-03-23T14:59:00Z</time>
      </trkpt>
      <trkpt lat="65.34877" lon="15.07607">
        <time>2025-03-23T15:19:00Z</time>
      </trkpt>
      <trkpt lat="65.35882" lon="15.07693">
        <time>2025-03-23T15:39:00Z</time>
      </trkpt>
      <trkpt lat="65.36947" lon="15.06294">
        <time>2025-03-23T15:59:00Z</time>
      </trkpt>
      <trkpt lat="65.37862" lon="15.0438">
        <time>2025-03-23T16:19:00Z</time>
      </trkpt>
      <trkpt lat="65.38417" lon="15.0335">
        <time>2025-03-23T16:39:00Z</time>
      </trkpt>
      <trkpt lat="65.39447" lon="15.02852">
        <time>2025-03-23T17:00:00Z</time>
      </trkpt>
      <trkpt lat="65.39555" lon="15.02914">
        <time>2025-03-23T17:06:00Z</time>
      </trkpt>
      <trkpt lat="65.39566" lon="15.02738">
        <time>2025-03-24T06:34:00Z</time>
      </trkpt>
      <trkpt lat="65.40125" lon="15.02015">
        <time>2025-03-24T06:54:00Z</time>
      </trkpt>
      <trkpt lat="65.40404" lon="15.03103">
        <time>2025-03-24T07:14:00Z</time>
      </trkpt>
      <trkpt lat="65.40081" lon="15.05779">
        <time>2025-03-24T07:34:00Z</time>
      </trkpt>
      <trkpt lat="65.40397" lon="15.08352">
        <time>2025-03-24T07:54:00Z</time>
      </trkpt>
      <trkpt lat="65.40968" lon="15.09491">
        <time>2025-03-24T08:15:00Z</time>
      </trkpt>
      <trkpt lat="65.41014" lon="15.11253">
        <time>2025-03-24T08:35:00Z</time>
      </trkpt>
      <trkpt lat="65.41178" lon="15.13581">
        <time>2025-03-24T08:55:00Z</time>
      </trkpt>
      <trkpt lat="65.41294" lon="15.15244">
        <time>2025-03-24T09:15:00Z</time>
      </trkpt>
      <trkpt lat="65.41667" lon="15.17658">
        <time>2025-03-24T09:35:00Z</time>
      </trkpt>
      <trkpt lat="65.42365" lon="15.19975">
        <time>2025-03-24T09:55:00Z</time>
      </trkpt>
      <trkpt lat="65.4316" lon="15.21939">
        <time>2025-03-24T10:15:00Z</time>
      </trkpt>
      <trkpt lat="65.43373" lon="15.2281">
        <time>2025-03-24T10:35:00Z</time>
      </trkpt>
      <trkpt lat="65.43416" lon="15.23413">
        <time>2025-03-24T10:55:00Z</time>
      </trkpt>
      <trkpt lat="65.44348" lon="15.23546">
        <time>2025-03-24T11:15:00Z</time>
      </trkpt>
      <trkpt lat="65.45416" lon="15.25026">
        <time>2025-03-24T11:35:00Z</time>
      </trkpt>
      <trkpt lat="65.46248" lon="15.26767">
        <time>2025-03-24T11:55:00Z</time>
      </trkpt>
      <trkpt lat="65.47095" lon="15.29277">
        <time>2025-03-24T12:15:00Z</time>
      </trkpt>
      <trkpt lat="65.48053" lon="15.31818">
        <time>2025-03-24T12:35:00Z</time>
      </trkpt>
      <trkpt lat="65.4867" lon="15.34659">
        <time>2025-03-24T12:56:00Z</time>
      </trkpt>
      <trkpt lat="65.49235" lon="15.35002">
        <time>2025-03-24T13:16:00Z</time>
      </trkpt>
      <trkpt lat="65.4974" lon="15.343">
        <time>2025-03-24T13:36:00Z</time>
      </trkpt>
      <trkpt lat="65.50862" lon="15.33903">
        <time>2025-03-24T13:56:00Z</time>
      </trkpt>
      <trkpt lat="65.51002" lon="15.3374">
        <time>2025-03-24T14:04:00Z</time>
      </trkpt>
      <trkpt lat="65.50995" lon="15.33734">
        <time>2025-03-25T08:45:00Z</time>
      </trkpt>
      <trkpt lat="65.51359" lon="15.33607">
        <time>2025-03-25T09:05:00Z</time>
      </trkpt>
      <trkpt lat="65.52307" lon="15.32328">
        <time>2025-03-25T09:25:00Z</time>
      </trkpt>
      <trkpt lat="65.53516" lon="15.3209">
        <time>2025-03-25T09:45:00Z</time>
      </trkpt>
      <trkpt lat="65.54301" lon="15.31316">
        <time>2025-03-25T10:05:00Z</time>
      </trkpt>
      <trkpt lat="65.55221" lon="15.29994">
        <time>2025-03-25T10:25:00Z</time>
      </trkpt>
      <trkpt lat="65.56063" lon="15.30133">
        <time>2025-03-25T10:45:00Z</time>
      </trkpt>
      <trkpt lat="65.57193" lon="15.30069">
        <time>2025-03-25T11:05:00Z</time>
      </trkpt>
      <trkpt lat="65.58109" lon="15.29897">
        <time>2025-03-25T11:25:00Z</time>
      </trkpt>
      <trkpt lat="65.5894" lon="15.28756">
        <time>2025-03-25T11:46:00Z</time>
      </trkpt>
      <trkpt lat="65.59159" lon="15.28627">
        <time>2025-03-25T12:06:00Z</time>
      </trkpt>
      <trkpt lat="65.60376" lon="15.27451">
        <time>2025-03-25T12:26:00Z</time>
      </trkpt>
      <trkpt lat="65.61249" lon="15.26275">
        <time>2025-03-25T12:46:00Z</time>
      </trkpt>
      <trkpt lat="65.62205" lon="15.23775">
        <time>2025-03-25T13:06:00Z</time>
      </trkpt>
      <trkpt lat="65.63196" lon="15.22419">
        <time>2025-03-25T13:26:00Z</time>
      </trkpt>
      <trkpt lat="65.63978" lon="15.20488">
        <time>2025-03-25T13:47:00Z</time>
      </trkpt>
      <trkpt lat="65.647" lon="15.1848">
        <time>2025-03-25T14:07:00Z</time>
      </trkpt>
      <trkpt lat="65.65442" lon="15.16139">
        <time>2025-03-25T14:27:00Z</time>
      </trkpt>
      <trkpt lat="65.65508" lon="15.15875">
        <time>2025-03-25T14:47:00Z</time>
      </trkpt>
      <trkpt lat="65.65949" lon="15.12892">
        <time>2025-03-25T15:07:00Z</time>
      </trkpt>
      <trkpt lat="65.66907" lon="15.13165">
        <time>2025-03-25T15:27:00Z</time>
      </trkpt>
      <trkpt lat="65.67975" lon="15.12261">
        <time>2025-03-25T15:47:00Z</time>
      </trkpt>
      <trkpt lat="65.6903" lon="15.11901">
        <time>2025-03-25T16:07:00Z</time>
      </trkpt>
      <trkpt lat="65.70165" lon="15.10536">
        <time>2025-03-25T16:27:00Z</time>
      </trkpt>
      <trkpt lat="65.71265" lon="15.09377">
        <time>2025-03-25T16:47:00Z</time>
      </trkpt>
      <trkpt lat="65.72141" lon="15.09489">
        <time>2025-03-25T17:07:00Z</time>
      </trkpt>
      <trkpt lat="65.71961" lon="15.10506">
        <time>2025-03-25T17:21:00Z</time>
      </trkpt>
      <trkpt lat="65.71962" lon="15.10512">
        <time>2025-03-26T07:47:00Z</time>
      </trkpt>
      <trkpt lat="65.72142" lon="15.11409">
        <time>2025-03-26T08:07:00Z</time>
      </trkpt>
      <trkpt lat="65.73054" lon="15.11092">
        <time>2025-03-26T08:27:00Z</time>
      </trkpt>
      <trkpt lat="65.73761" lon="15.11999">
        <time>2025-03-26T08:47:00Z</time>
      </trkpt>
      <trkpt lat="65.74319" lon="15.12424">
        <time>2025-03-26T09:08:00Z</time>
      </trkpt>
      <trkpt lat="65.75552" lon="15.12967">
        <time>2025-03-26T09:28:00Z</time>
      </trkpt>
      <trkpt lat="65.7614" lon="15.12598">
        <time>2025-03-26T09:48:00Z</time>
      </trkpt>
      <trkpt lat="65.76848" lon="15.11517">
        <time>2025-03-26T10:08:00Z</time>
      </trkpt>
      <trkpt lat="65.77669" lon="15.10691">
        <time>2025-03-26T10:28:00Z</time>
      </trkpt>
      <trkpt lat="65.78646" lon="15.09888">
        <time>2025-03-26T10:48:00Z</time>
      </trkpt>
      <trkpt lat="65.79298" lon="15.0812">
        <time>2025-03-26T11:08:00Z</time>
      </trkpt>
      <trkpt lat="65.80025" lon="15.07287">
        <time>2025-03-26T11:28:00Z</time>
      </trkpt>
      <trkpt lat="65.80865" lon="15.07133">
        <time>2025-03-26T11:48:00Z</time>
      </trkpt>
      <trkpt lat="65.8156" lon="15.08723">
        <time>2025-03-26T12:08:00Z</time>
      </trkpt>
      <trkpt lat="65.81726" lon="15.09103">
        <time>2025-03-26T12:27:00Z</time>
      </trkpt>
      <trkpt lat="65.81676" lon="15.09673">
        <time>2025-03-28T10:23:00Z</time>
      </trkpt>
      <trkpt lat="65.81489" lon="15.10508">
        <time>2025-03-28T10:43:00Z</time>
      </trkpt>
      <trkpt lat="65.81615" lon="15.12025">
        <time>2025-03-28T11:03:00Z</time>
      </trkpt>
      <trkpt lat="65.82125" lon="15.11087">
        <time>2025-03-28T11:23:00Z</time>
      </trkpt>
      <trkpt lat="65.8297" lon="15.10302">
        <time>2025-03-28T11:43:00Z</time>
      </trkpt>
      <trkpt lat="65.83599" lon="15.09538">
        <time>2025-03-28T12:03:00Z</time>
      </trkpt>
      <trkpt lat="65.84483" lon="15.09457">
        <time>2025-03-28T12:23:00Z</time>
      </trkpt>
      <trkpt lat="65.85788" lon="15.09298">
        <time>2025-03-28T12:44:00Z</time>
      </trkpt>
      <trkpt lat="65.86363" lon="15.10452">
        <time>2025-03-28T13:04:00Z</time>
      </trkpt>
      <trkpt lat="65.87178" lon="15.12433">
        <time>2025-03-28T13:24:00Z</time>
      </trkpt>
      <trkpt lat="65.87868" lon="15.14055">
        <time>2025-03-28T13:44:00Z</time>
      </trkpt>
      <trkpt lat="65.88493" lon="15.15804">
        <time>2025-03-28T14:04:00Z</time>
      </trkpt>
      <trkpt lat="65.88505" lon="15.15845">
        <time>2025-03-28T14:09:00Z</time>
      </trkpt>
      <trkpt lat="65.88568" lon="15.16014">
        <time>2025-03-29T07:06:00Z</time>
      </trkpt>
      <trkpt lat="65.88856" lon="15.18248">
        <time>2025-03-29T07:26:00Z</time>
      </trkpt>
      <trkpt lat="65.88503" lon="15.20361">
        <time>2025-03-29T07:47:00Z</time>
      </trkpt>
      <trkpt lat="65.87997" lon="15.23559">
        <time>2025-03-29T08:07:00Z</time>
      </trkpt>
      <trkpt lat="65.87724" lon="15.26629">
        <time>2025-03-29T08:27:00Z</time>
      </trkpt>
      <trkpt lat="65.8737" lon="15.28932">
        <time>2025-03-29T08:47:00Z</time>
      </trkpt>
      <trkpt lat="65.87369" lon="15.28927">
        <time>2025-03-29T09:08:00Z</time>
      </trkpt>
      <trkpt lat="65.86885" lon="15.30859">
        <time>2025-03-29T09:28:00Z</time>
      </trkpt>
      <trkpt lat="65.87059" lon="15.33438">
        <time>2025-03-29T09:48:00Z</time>
      </trkpt>
      <trkpt lat="65.87527" lon="15.34476">
        <time>2025-03-29T10:08:00Z</time>
      </trkpt>
      <trkpt lat="65.88275" lon="15.36804">
        <time>2025-03-29T10:28:00Z</time>
      </trkpt>
      <trkpt lat="65.88628" lon="15.37877">
        <time>2025-03-29T10:48:00Z</time>
      </trkpt>
      <trkpt lat="65.89219" lon="15.39701">
        <time>2025-03-29T11:08:00Z</time>
      </trkpt>
      <trkpt lat="65.89246" lon="15.40088">
        <time>2025-03-29T11:28:00Z</time>
      </trkpt>
      <trkpt lat="65.8957" lon="15.42791">
        <time>2025-03-29T11:48:00Z</time>
      </trkpt>
      <trkpt lat="65.89787" lon="15.43941">
        <time>2025-03-29T12:08:00Z</time>
      </trkpt>
      <trkpt lat="65.90608" lon="15.45042">
        <time>2025-03-29T12:28:00Z</time>
      </trkpt>
      <trkpt lat="65.91882" lon="15.45076">
        <time>2025-03-29T12:48:00Z</time>
      </trkpt>
      <trkpt lat="65.92851" lon="15.46475">
        <time>2025-03-29T13:08:00Z</time>
      </trkpt>
      <trkpt lat="65.94338" lon="15.47334">
        <time>2025-03-29T13:28:00Z</time>
      </trkpt>
      <trkpt lat="65.95171" lon="15.47716">
        <time>2025-03-29T13:49:00Z</time>
      </trkpt>
      <trkpt lat="65.96604" lon="15.48048">
        <time>2025-03-29T14:09:00Z</time>
      </trkpt>
      <trkpt lat="65.97962" lon="15.48355">
        <time>2025-03-29T14:29:00Z</time>
      </trkpt>
      <trkpt lat="65.98868" lon="15.49696">
        <time>2025-03-29T14:49:00Z</time>
      </trkpt>
      <trkpt lat="65.9886" lon="15.49703">
        <time>2025-03-29T15:00:00Z</time>
      </trkpt>
      <trkpt lat="65.98883" lon="15.49707">
        <time>2025-03-30T09:05:00Z</time>
      </trkpt>
      <trkpt lat="65.99883" lon="15.48859">
        <time>2025-03-30T09:25:00Z</time>
      </trkpt>
      <trkpt lat="66.00622" lon="15.49241">
        <time>2025-03-30T09:45:00Z</time>
      </trkpt>
      <trkpt lat="66.00654" lon="15.50108">
        <time>2025-03-30T10:05:00Z</time>
      </trkpt>
      <trkpt lat="66.00324" lon="15.52024">
        <time>2025-03-30T10:25:00Z</time>
      </trkpt>
      <trkpt lat="66.00318" lon="15.54067">
        <time>2025-03-30T10:45:00Z</time>
      </trkpt>
      <trkpt lat="66.002" lon="15.56086">
        <time>2025-03-30T11:05:00Z</time>
      </trkpt>
      <trkpt lat="65.99383" lon="15.57348">
        <time>2025-03-30T11:25:00Z</time>
      </trkpt>
      <trkpt lat="65.99219" lon="15.57406">
        <time>2025-03-30T11:45:00Z</time>
      </trkpt>
      <trkpt lat="65.98519" lon="15.58009">
        <time>2025-03-30T12:05:00Z</time>
      </trkpt>
      <trkpt lat="65.97941" lon="15.58739">
        <time>2025-03-30T12:25:00Z</time>
      </trkpt>
      <trkpt lat="65.97114" lon="15.59992">
        <time>2025-03-30T12:45:00Z</time>
      </trkpt>
      <trkpt lat="65.96864" lon="15.61803">
        <time>2025-03-30T13:05:00Z</time>
      </trkpt>
      <trkpt lat="65.96752" lon="15.63056">
        <time>2025-03-30T13:25:00Z</time>
      </trkpt>
      <trkpt lat="65.97014" lon="15.66023">
        <time>2025-03-30T13:45:00Z</time>
      </trkpt>
      <trkpt lat="65.96839" lon="15.68957">
        <time>2025-03-30T14:05:00Z</time>
      </trkpt>
      <trkpt lat="65.96285" lon="15.71482">
        <time>2025-03-30T14:25:00Z</time>
      </trkpt>
      <trkpt lat="65.96491" lon="15.73551">
        <time>2025-03-30T14:45:00Z</time>
      </trkpt>
      <trkpt lat="65.97247" lon="15.76323">
        <time>2025-03-30T15:06:00Z</time>
      </trkpt>
      <trkpt lat="65.97226" lon="15.76402">
        <time>2025-03-30T15:26:00Z</time>
      </trkpt>
      <trkpt lat="65.9679" lon="15.77548">
        <time>2025-03-30T16:06:00Z</time>
      </trkpt>
      <trkpt lat="65.96779" lon="15.80134">
        <time>2025-03-30T16:26:00Z</time>
      </trkpt>
      <trkpt lat="65.97311" lon="15.8213">
        <time>2025-03-30T16:46:00Z</time>
      </trkpt>
      <trkpt lat="65.97562" lon="15.8375">
        <time>2025-03-30T17:06:00Z</time>
      </trkpt>
      <trkpt lat="65.97448" lon="15.85717">
        <time>2025-03-30T17:27:00Z</time>
      </trkpt>
      <trkpt lat="65.9702" lon="15.88125">
        <time>2025-03-30T17:47:00Z</time>
      </trkpt>
      <trkpt lat="65.96836" lon="15.89063">
        <time>2025-03-30T18:01:00Z</time>
      </trkpt>
      <trkpt lat="65.96835" lon="15.89026">
        <time>2025-03-31T06:59:00Z</time>
      </trkpt>
      <trkpt lat="65.96431" lon="15.90824">
        <time>2025-03-31T07:19:00Z</time>
      </trkpt>
      <trkpt lat="65.95987" lon="15.93305">
        <time>2025-03-31T07:39:00Z</time>
      </trkpt>
      <trkpt lat="65.96377" lon="15.95787">
        <time>2025-03-31T07:59:00Z</time>
      </trkpt>
      <trkpt lat="65.96452" lon="15.98186">
        <time>2025-03-31T08:19:00Z</time>
      </trkpt>
      <trkpt lat="65.96334" lon="16.00632">
        <time>2025-03-31T08:39:00Z</time>
      </trkpt>
      <trkpt lat="65.96323" lon="16.03029">
        <time>2025-03-31T09:00:00Z</time>
      </trkpt>
      <trkpt lat="65.96221" lon="16.0481">
        <time>2025-03-31T09:20:00Z</time>
      </trkpt>
      <trkpt lat="65.96186" lon="16.05368">
        <time>2025-03-31T09:40:00Z</time>
      </trkpt>
      <trkpt lat="65.96205" lon="16.06784">
        <time>2025-03-31T10:00:00Z</time>
      </trkpt>
      <trkpt lat="65.96317" lon="16.09003">
        <time>2025-03-31T10:20:00Z</time>
      </trkpt>
      <trkpt lat="65.96162" lon="16.12278">
        <time>2025-03-31T10:42:00Z</time>
      </trkpt>
      <trkpt lat="65.95701" lon="16.1484">
        <time>2025-03-31T11:02:00Z</time>
      </trkpt>
      <trkpt lat="65.95355" lon="16.16348">
        <time>2025-03-31T11:22:00Z</time>
      </trkpt>
      <trkpt lat="65.95429" lon="16.1906">
        <time>2025-03-31T11:42:00Z</time>
      </trkpt>
      <trkpt lat="65.95764" lon="16.21148">
        <time>2025-03-31T12:02:00Z</time>
      </trkpt>
      <trkpt lat="65.95791" lon="16.21163">
        <time>2025-03-31T12:33:00Z</time>
      </trkpt>
      <trkpt lat="65.95907" lon="16.22378">
        <time>2025-03-31T13:33:00Z</time>
      </trkpt>
      <trkpt lat="65.96894" lon="16.21981">
        <time>2025-03-31T13:53:00Z</time>
      </trkpt>
      <trkpt lat="65.97638" lon="16.21058">
        <time>2025-03-31T14:13:00Z</time>
      </trkpt>
      <trkpt lat="65.98225" lon="16.2035">
        <time>2025-03-31T14:33:00Z</time>
      </trkpt>
      <trkpt lat="65.9936" lon="16.19601">
        <time>2025-03-31T14:53:00Z</time>
      </trkpt>
      <trkpt lat="66.0038" lon="16.19569">
        <time>2025-03-31T15:13:00Z</time>
      </trkpt>
      <trkpt lat="66.0167" lon="16.19569">
        <time>2025-03-31T15:33:00Z</time>
      </trkpt>
      <trkpt lat="66.02991" lon="16.19024">
        <time>2025-03-31T15:53:00Z</time>
      </trkpt>
      <trkpt lat="66.03806" lon="16.19908">
        <time>2025-03-31T16:13:00Z</time>
      </trkpt>
      <trkpt lat="66.04032" lon="16.20614">
        <time>2025-03-31T16:27:00Z</time>
      </trkpt>
      <trkpt lat="66.04026" lon="16.20603">
        <time>2025-04-01T07:17:00Z</time>
      </trkpt>
      <trkpt lat="66.03913" lon="16.21964">
        <time>2025-04-01T07:37:00Z</time>
      </trkpt>
      <trkpt lat="66.03835" lon="16.23807">
        <time>2025-04-01T07:57:00Z</time>
      </trkpt>
      <trkpt lat="66.03915" lon="16.25064">
        <time>2025-04-01T08:17:00Z</time>
      </trkpt>
      <trkpt lat="66.04409" lon="16.26326">
        <time>2025-04-01T08:37:00Z</time>
      </trkpt>
      <trkpt lat="66.0468" lon="16.26448">
        <time>2025-04-01T08:57:00Z</time>
      </trkpt>
      <trkpt lat="66.05436" lon="16.26895">
        <time>2025-04-01T09:17:00Z</time>
      </trkpt>
      <trkpt lat="66.06804" lon="16.27047">
        <time>2025-04-01T09:37:00Z</time>
      </trkpt>
      <trkpt lat="66.07815" lon="16.27826">
        <time>2025-04-01T09:57:00Z</time>
      </trkpt>
      <trkpt lat="66.08765" lon="16.29281">
        <time>2025-04-01T10:18:00Z</time>
      </trkpt>
      <trkpt lat="66.10112" lon="16.31347">
        <time>2025-04-01T10:38:00Z</time>
      </trkpt>
      <trkpt lat="66.11215" lon="16.33529">
        <time>2025-04-01T10:58:00Z</time>
      </trkpt>
      <trkpt lat="66.12164" lon="16.35445">
        <time>2025-04-01T11:18:00Z</time>
      </trkpt>
      <trkpt lat="66.13061" lon="16.35851">
        <time>2025-04-01T11:38:00Z</time>
      </trkpt>
      <trkpt lat="66.13203" lon="16.35845">
        <time>2025-04-01T11:58:00Z</time>
      </trkpt>
      <trkpt lat="66.14167" lon="16.35733">
        <time>2025-04-01T12:18:00Z</time>
      </trkpt>
      <trkpt lat="66.15171" lon="16.35096">
        <time>2025-04-01T12:38:00Z</time>
      </trkpt>
      <trkpt lat="66.16446" lon="16.3549">
        <time>2025-04-01T12:58:00Z</time>
      </trkpt>
      <trkpt lat="66.17302" lon="16.36147">
        <time>2025-04-01T13:18:00Z</time>
      </trkpt>
      <trkpt lat="66.1832" lon="16.37128">
        <time>2025-04-01T13:38:00Z</time>
      </trkpt>
      <trkpt lat="66.1945" lon="16.38063">
        <time>2025-04-01T13:58:00Z</time>
      </trkpt>
      <trkpt lat="66.20694" lon="16.38007">
        <time>2025-04-01T14:18:00Z</time>
      </trkpt>
      <trkpt lat="66.20996" lon="16.37696">
        <time>2025-04-01T14:43:00Z</time>
      </trkpt>
      <trkpt lat="66.2219" lon="16.37645">
        <time>2025-04-01T15:03:00Z</time>
      </trkpt>
      <trkpt lat="66.23479" lon="16.3913">
        <time>2025-04-01T15:23:00Z</time>
      </trkpt>
      <trkpt lat="66.2449" lon="16.37958">
        <time>2025-04-01T15:43:00Z</time>
      </trkpt>
      <trkpt lat="66.25112" lon="16.38218">
        <time>2025-04-01T16:03:00Z</time>
      </trkpt>
      <trkpt lat="66.26047" lon="16.39003">
        <time>2025-04-01T16:23:00Z</time>
      </trkpt>
      <trkpt lat="66.26836" lon="16.41134">
        <time>2025-04-01T16:43:00Z</time>
      </trkpt>
      <trkpt lat="66.27537" lon="16.44273">
        <time>2025-04-01T17:03:00Z</time>
      </trkpt>
      <trkpt lat="66.27997" lon="16.4703">
        <time>2025-04-01T17:23:00Z</time>
      </trkpt>
      <trkpt lat="66.28382" lon="16.49704">
        <time>2025-04-01T17:43:00Z</time>
      </trkpt>
      <trkpt lat="66.29243" lon="16.51882">
        <time>2025-04-01T18:03:00Z</time>
      </trkpt>
      <trkpt lat="66.28767" lon="16.54418">
        <time>2025-04-01T18:23:00Z</time>
      </trkpt>
      <trkpt lat="66.28603" lon="16.55429">
        <time>2025-04-01T19:56:00Z</time>
      </trkpt>
      <trkpt lat="66.28602" lon="16.55307">
        <time>2025-04-02T09:30:00Z</time>
      </trkpt>
      <trkpt lat="66.28288" lon="16.57918">
        <time>2025-04-02T09:50:00Z</time>
      </trkpt>
      <trkpt lat="66.2829" lon="16.57731">
        <time>2025-04-02T10:10:00Z</time>
      </trkpt>
      <trkpt lat="66.28412" lon="16.56643">
        <time>2025-04-02T10:30:00Z</time>
      </trkpt>
      <trkpt lat="66.28699" lon="16.59766">
        <time>2025-04-02T10:50:00Z</time>
      </trkpt>
      <trkpt lat="66.28049" lon="16.63699">
        <time>2025-04-02T11:10:00Z</time>
      </trkpt>
      <trkpt lat="66.27873" lon="16.65864">
        <time>2025-04-02T11:30:00Z</time>
      </trkpt>
      <trkpt lat="66.28405" lon="16.66338">
        <time>2025-04-02T11:50:00Z</time>
      </trkpt>
      <trkpt lat="66.2907" lon="16.67396">
        <time>2025-04-02T12:10:00Z</time>
      </trkpt>
      <trkpt lat="66.29858" lon="16.67679">
        <time>2025-04-02T12:30:00Z</time>
      </trkpt>
      <trkpt lat="66.30269" lon="16.6796">
        <time>2025-04-02T12:50:00Z</time>
      </trkpt>
      <trkpt lat="66.31927" lon="16.70653">
        <time>2025-04-02T13:31:00Z</time>
      </trkpt>
      <trkpt lat="66.32406" lon="16.74106">
        <time>2025-04-02T13:52:00Z</time>
      </trkpt>
      <trkpt lat="66.32601" lon="16.75112">
        <time>2025-04-02T14:12:00Z</time>
      </trkpt>
      <trkpt lat="66.32832" lon="16.76112">
        <time>2025-04-02T14:32:00Z</time>
      </trkpt>
      <trkpt lat="66.33318" lon="16.77777">
        <time>2025-04-02T14:52:00Z</time>
      </trkpt>
      <trkpt lat="66.33763" lon="16.79056">
        <time>2025-04-02T15:12:00Z</time>
      </trkpt>
      <trkpt lat="66.34152" lon="16.8056">
        <time>2025-04-02T15:32:00Z</time>
      </trkpt>
      <trkpt lat="66.34718" lon="16.81777">
        <time>2025-04-02T15:52:00Z</time>
      </trkpt>
      <trkpt lat="66.35129" lon="16.83532">
        <time>2025-04-02T16:12:00Z</time>
      </trkpt>
      <trkpt lat="66.35334" lon="16.8521">
        <time>2025-04-02T16:32:00Z</time>
      </trkpt>
      <trkpt lat="66.35815" lon="16.88429">
        <time>2025-04-02T16:53:00Z</time>
      </trkpt>
      <trkpt lat="66.36711" lon="16.91845">
        <time>2025-04-02T17:13:00Z</time>
      </trkpt>
      <trkpt lat="66.37213" lon="16.90896">
        <time>2025-04-02T17:33:00Z</time>
      </trkpt>
      <trkpt lat="66.37838" lon="16.93016">
        <time>2025-04-02T17:53:00Z</time>
      </trkpt>
      <trkpt lat="66.38258" lon="16.96104">
        <time>2025-04-02T18:13:00Z</time>
      </trkpt>
      <trkpt lat="66.38768" lon="16.96585">
        <time>2025-04-02T18:30:00Z</time>
      </trkpt>
      <trkpt lat="66.38765" lon="16.96608">
        <time>2025-04-04T11:01:00Z</time>
      </trkpt>
      <trkpt lat="66.387" lon="16.99366">
        <time>2025-04-04T11:21:00Z</time>
      </trkpt>
      <trkpt lat="66.39141" lon="17.02717">
        <time>2025-04-04T11:41:00Z</time>
      </trkpt>
      <trkpt lat="66.39439" lon="17.05095">
        <time>2025-04-04T12:01:00Z</time>
      </trkpt>
      <trkpt lat="66.39679" lon="17.07135">
        <time>2025-04-04T12:22:00Z</time>
      </trkpt>
      <trkpt lat="66.39884" lon="17.08891">
        <time>2025-04-04T12:42:00Z</time>
      </trkpt>
      <trkpt lat="66.4024" lon="17.12202">
        <time>2025-04-04T13:02:00Z</time>
      </trkpt>
      <trkpt lat="66.40396" lon="17.14976">
        <time>2025-04-04T13:25:00Z</time>
      </trkpt>
      <trkpt lat="66.40902" lon="17.16279">
        <time>2025-04-04T13:45:00Z</time>
      </trkpt>
      <trkpt lat="66.40768" lon="17.18901">
        <time>2025-04-04T14:05:00Z</time>
      </trkpt>
      <trkpt lat="66.41509" lon="17.18733">
        <time>2025-04-04T14:26:00Z</time>
      </trkpt>
      <trkpt lat="66.42204" lon="17.18617">
        <time>2025-04-04T14:46:00Z</time>
      </trkpt>
      <trkpt lat="66.42835" lon="17.19165">
        <time>2025-04-04T15:06:00Z</time>
      </trkpt>
      <trkpt lat="66.4309" lon="17.1959">
        <time>2025-04-04T15:26:00Z</time>
      </trkpt>
      <trkpt lat="66.43566" lon="17.21323">
        <time>2025-04-04T15:46:00Z</time>
      </trkpt>
      <trkpt lat="66.43931" lon="17.23898">
        <time>2025-04-04T16:06:00Z</time>
      </trkpt>
      <trkpt lat="66.45066" lon="17.24252">
        <time>2025-04-04T16:26:00Z</time>
      </trkpt>
      <trkpt lat="66.46349" lon="17.24265">
        <time>2025-04-04T16:46:00Z</time>
      </trkpt>
      <trkpt lat="66.47873" lon="17.23697">
        <time>2025-04-04T17:06:00Z</time>
      </trkpt>
      <trkpt lat="66.49127" lon="17.23542">
        <time>2025-04-04T17:26:00Z</time>
      </trkpt>
      <trkpt lat="66.49342" lon="17.23136">
        <time>2025-04-04T17:49:00Z</time>
      </trkpt>
      <trkpt lat="66.50247" lon="17.23724">
        <time>2025-04-04T18:09:00Z</time>
      </trkpt>
      <trkpt lat="66.50701" lon="17.23879">
        <time>2025-04-04T18:29:00Z</time>
      </trkpt>
      <trkpt lat="66.50704" lon="17.23894">
        <time>2025-04-05T07:19:00Z</time>
      </trkpt>
      <trkpt lat="66.51076" lon="17.24227">
        <time>2025-04-05T07:39:00Z</time>
      </trkpt>
      <trkpt lat="66.52073" lon="17.24109">
        <time>2025-04-05T07:59:00Z</time>
      </trkpt>
      <trkpt lat="66.53192" lon="17.24254">
        <time>2025-04-05T08:19:00Z</time>
      </trkpt>
      <trkpt lat="66.54673" lon="17.23012">
        <time>2025-04-05T08:59:00Z</time>
      </trkpt>
      <trkpt lat="66.55694" lon="17.22815">
        <time>2025-04-05T09:19:00Z</time>
      </trkpt>
      <trkpt lat="66.56467" lon="17.23576">
        <time>2025-04-05T09:39:00Z</time>
      </trkpt>
      <trkpt lat="66.5649" lon="17.26143">
        <time>2025-04-05T10:00:00Z</time>
      </trkpt>
      <trkpt lat="66.56284" lon="17.2855">
        <time>2025-04-05T10:20:00Z</time>
      </trkpt>
      <trkpt lat="66.55968" lon="17.30645">
        <time>2025-04-05T10:40:00Z</time>
      </trkpt>
      <trkpt lat="66.55607" lon="17.32818">
        <time>2025-04-05T11:00:00Z</time>
      </trkpt>
      <trkpt lat="66.55521" lon="17.3555">
        <time>2025-04-05T11:20:00Z</time>
      </trkpt>
      <trkpt lat="66.55461" lon="17.37384">
        <time>2025-04-05T11:40:00Z</time>
      </trkpt>
      <trkpt lat="66.55474" lon="17.38195">
        <time>2025-04-05T12:00:00Z</time>
      </trkpt>
      <trkpt lat="66.5591" lon="17.38951">
        <time>2025-04-05T12:20:00Z</time>
      </trkpt>
      <trkpt lat="66.56505" lon="17.39363">
        <time>2025-04-05T12:40:00Z</time>
      </trkpt>
      <trkpt lat="66.57899" lon="17.39848">
        <time>2025-04-05T13:00:00Z</time>
      </trkpt>
      <trkpt lat="66.58865" lon="17.3897">
        <time>2025-04-05T13:20:00Z</time>
      </trkpt>
      <trkpt lat="66.59557" lon="17.39174">
        <time>2025-04-05T13:40:00Z</time>
      </trkpt>
      <trkpt lat="66.60662" lon="17.38781">
        <time>2025-04-05T14:00:00Z</time>
      </trkpt>
      <trkpt lat="66.61591" lon="17.3715">
        <time>2025-04-05T14:20:00Z</time>
      </trkpt>
      <trkpt lat="66.6251" lon="17.37992">
        <time>2025-04-05T14:40:00Z</time>
      </trkpt>
      <trkpt lat="66.63241" lon="17.39039">
        <time>2025-04-05T15:00:00Z</time>
      </trkpt>
      <trkpt lat="66.64272" lon="17.40238">
        <time>2025-04-05T15:20:00Z</time>
      </trkpt>
      <trkpt lat="66.65255" lon="17.39998">
        <time>2025-04-05T15:40:00Z</time>
      </trkpt>
      <trkpt lat="66.66242" lon="17.41946">
        <time>2025-04-05T16:00:00Z</time>
      </trkpt>
      <trkpt lat="66.66986" lon="17.4391">
        <time>2025-04-05T16:20:00Z</time>
      </trkpt>
      <trkpt lat="66.68073" lon="17.43193">
        <time>2025-04-05T16:40:00Z</time>
      </trkpt>
      <trkpt lat="66.69089" lon="17.41562">
        <time>2025-04-05T17:01:00Z</time>
      </trkpt>
      <trkpt lat="66.70231" lon="17.3977">
        <time>2025-04-05T17:21:00Z</time>
      </trkpt>
      <trkpt lat="66.71092" lon="17.38749">
        <time>2025-04-05T17:41:00Z</time>
      </trkpt>
      <trkpt lat="66.7172" lon="17.39468">
        <time>2025-04-05T18:00:00Z</time>
      </trkpt>
      <trkpt lat="66.71719" lon="17.39468">
        <time>2025-04-06T06:41:00Z</time>
      </trkpt>
      <trkpt lat="66.72126" lon="17.39942">
        <time>2025-04-06T07:01:00Z</time>
      </trkpt>
      <trkpt lat="66.72898" lon="17.39723">
        <time>2025-04-06T07:21:00Z</time>
      </trkpt>
      <trkpt lat="66.73861" lon="17.40326">
        <time>2025-04-06T07:41:00Z</time>
      </trkpt>
      <trkpt lat="66.74318" lon="17.40843">
        <time>2025-04-06T08:01:00Z</time>
      </trkpt>
      <trkpt lat="66.74606" lon="17.42328">
        <time>2025-04-06T08:21:00Z</time>
      </trkpt>
      <trkpt lat="66.75048" lon="17.44543">
        <time>2025-04-06T08:42:00Z</time>
      </trkpt>
      <trkpt lat="66.75524" lon="17.46055">
        <time>2025-04-06T09:02:00Z</time>
      </trkpt>
      <trkpt lat="66.76137" lon="17.47896">
        <time>2025-04-06T09:22:00Z</time>
      </trkpt>
      <trkpt lat="66.76588" lon="17.49029">
        <time>2025-04-06T09:42:00Z</time>
      </trkpt>
      <trkpt lat="66.76835" lon="17.4966">
        <time>2025-04-06T10:19:00Z</time>
      </trkpt>
      <trkpt lat="66.7768" lon="17.51149">
        <time>2025-04-06T10:39:00Z</time>
      </trkpt>
      <trkpt lat="66.77666" lon="17.5386">
        <time>2025-04-06T10:59:00Z</time>
      </trkpt>
      <trkpt lat="66.78211" lon="17.55068">
        <time>2025-04-06T11:19:00Z</time>
      </trkpt>
      <trkpt lat="66.78874" lon="17.54641">
        <time>2025-04-06T11:39:00Z</time>
      </trkpt>
      <trkpt lat="66.7948" lon="17.53898">
        <time>2025-04-06T11:59:00Z</time>
      </trkpt>
      <trkpt lat="66.7996" lon="17.53862">
        <time>2025-04-06T12:19:00Z</time>
      </trkpt>
      <trkpt lat="66.80195" lon="17.53967">
        <time>2025-04-06T12:39:00Z</time>
      </trkpt>
      <trkpt lat="66.80671" lon="17.54422">
        <time>2025-04-06T13:00:00Z</time>
      </trkpt>
      <trkpt lat="66.81685" lon="17.55847">
        <time>2025-04-06T13:24:00Z</time>
      </trkpt>
      <trkpt lat="66.82921" lon="17.57688">
        <time>2025-04-06T13:44:00Z</time>
      </trkpt>
      <trkpt lat="66.84211" lon="17.58767">
        <time>2025-04-06T14:04:00Z</time>
      </trkpt>
      <trkpt lat="66.85268" lon="17.59115">
        <time>2025-04-06T14:26:00Z</time>
      </trkpt>
      <trkpt lat="66.86291" lon="17.59878">
        <time>2025-04-06T14:46:00Z</time>
      </trkpt>
      <trkpt lat="66.87079" lon="17.61138">
        <time>2025-04-06T15:06:00Z</time>
      </trkpt>
      <trkpt lat="66.8782" lon="17.64612">
        <time>2025-04-06T15:33:00Z</time>
      </trkpt>
      <trkpt lat="66.88476" lon="17.65402">
        <time>2025-04-06T15:53:00Z</time>
      </trkpt>
      <trkpt lat="66.89572" lon="17.66552">
        <time>2025-04-06T16:13:00Z</time>
      </trkpt>
      <trkpt lat="66.90578" lon="17.67719">
        <time>2025-04-06T16:33:00Z</time>
      </trkpt>
      <trkpt lat="66.92576" lon="17.71944">
        <time>2025-04-06T17:21:00Z</time>
      </trkpt>
      <trkpt lat="66.93573" lon="17.72738">
        <time>2025-04-06T17:41:00Z</time>
      </trkpt>
      <trkpt lat="66.94676" lon="17.72412">
        <time>2025-04-06T18:01:00Z</time>
      </trkpt>
      <trkpt lat="66.95399" lon="17.71936">
        <time>2025-04-06T18:34:00Z</time>
      </trkpt>
      <trkpt lat="66.9603" lon="17.72448">
        <time>2025-04-07T10:28:00Z</time>
      </trkpt>
      <trkpt lat="66.96389" lon="17.73747">
        <time>2025-04-07T10:48:00Z</time>
      </trkpt>
      <trkpt lat="66.96642" lon="17.74107">
        <time>2025-04-07T11:09:00Z</time>
      </trkpt>
      <trkpt lat="66.97453" lon="17.755">
        <time>2025-04-07T11:29:00Z</time>
      </trkpt>
      <trkpt lat="66.98115" lon="17.76375">
        <time>2025-04-07T11:49:00Z</time>
      </trkpt>
      <trkpt lat="66.98804" lon="17.78506">
        <time>2025-04-07T12:09:00Z</time>
      </trkpt>
      <trkpt lat="66.99737" lon="17.78924">
        <time>2025-04-07T12:29:00Z</time>
      </trkpt>
      <trkpt lat="67.00709" lon="17.79109">
        <time>2025-04-07T12:49:00Z</time>
      </trkpt>
      <trkpt lat="67.01947" lon="17.79446">
        <time>2025-04-07T13:09:00Z</time>
      </trkpt>
      <trkpt lat="67.02302" lon="17.81531">
        <time>2025-04-07T13:29:00Z</time>
      </trkpt>
      <trkpt lat="67.0265" lon="17.8552">
        <time>2025-04-07T13:49:00Z</time>
      </trkpt>
      <trkpt lat="67.02741" lon="17.86078">
        <time>2025-04-07T14:09:00Z</time>
      </trkpt>
      <trkpt lat="67.0297" lon="17.89917">
        <time>2025-04-07T14:29:00Z</time>
      </trkpt>
      <trkpt lat="67.03357" lon="17.9281">
        <time>2025-04-07T14:49:00Z</time>
      </trkpt>
      <trkpt lat="67.03808" lon="17.94494">
        <time>2025-04-07T15:09:00Z</time>
      </trkpt>
      <trkpt lat="67.04391" lon="17.96942">
        <time>2025-04-07T15:29:00Z</time>
      </trkpt>
      <trkpt lat="67.04246" lon="17.99088">
        <time>2025-04-07T15:49:00Z</time>
      </trkpt>
      <trkpt lat="67.04319" lon="18.01843">
        <time>2025-04-07T16:09:00Z</time>
      </trkpt>
      <trkpt lat="67.0473" lon="18.04948">
        <time>2025-04-07T16:29:00Z</time>
      </trkpt>
      <trkpt lat="67.04946" lon="18.07446">
        <time>2025-04-07T16:49:00Z</time>
      </trkpt>
      <trkpt lat="67.05176" lon="18.11317">
        <time>2025-04-07T17:09:00Z</time>
      </trkpt>
      <trkpt lat="67.05659" lon="18.13782">
        <time>2025-04-07T17:29:00Z</time>
      </trkpt>
      <trkpt lat="67.05683" lon="18.16179">
        <time>2025-04-07T17:49:00Z</time>
      </trkpt>
      <trkpt lat="67.05721" lon="18.17643">
        <time>2025-04-07T18:09:00Z</time>
      </trkpt>
      <trkpt lat="67.05724" lon="18.17645">
        <time>2025-04-07T18:10:00Z</time>
      </trkpt>
      <trkpt lat="67.05716" lon="18.17621">
        <time>2025-04-08T06:11:00Z</time>
      </trkpt>
      <trkpt lat="67.06044" lon="18.20705">
        <time>2025-04-08T06:31:00Z</time>
      </trkpt>
      <trkpt lat="67.06222" lon="18.23318">
        <time>2025-04-08T06:51:00Z</time>
      </trkpt>
      <trkpt lat="67.06629" lon="18.25575">
        <time>2025-04-08T07:11:00Z</time>
      </trkpt>
      <trkpt lat="67.07654" lon="18.27575">
        <time>2025-04-08T07:31:00Z</time>
      </trkpt>
      <trkpt lat="67.08298" lon="18.28401">
        <time>2025-04-08T07:51:00Z</time>
      </trkpt>
      <trkpt lat="67.08636" lon="18.27987">
        <time>2025-04-08T08:12:00Z</time>
      </trkpt>
      <trkpt lat="67.09495" lon="18.27447">
        <time>2025-04-08T08:32:00Z</time>
      </trkpt>
      <trkpt lat="67.10694" lon="18.27468">
        <time>2025-04-08T08:52:00Z</time>
      </trkpt>
      <trkpt lat="67.11649" lon="18.28717">
        <time>2025-04-08T09:12:00Z</time>
      </trkpt>
      <trkpt lat="67.12833" lon="18.30189">
        <time>2025-04-08T09:32:00Z</time>
      </trkpt>
      <trkpt lat="67.13924" lon="18.31554">
        <time>2025-04-08T09:52:00Z</time>
      </trkpt>
      <trkpt lat="67.14077" lon="18.31558">
        <time>2025-04-08T10:12:00Z</time>
      </trkpt>
      <trkpt lat="67.1452" lon="18.30951">
        <time>2025-04-08T10:32:00Z</time>
      </trkpt>
      <trkpt lat="67.14733" lon="18.31901">
        <time>2025-04-08T10:52:00Z</time>
      </trkpt>
      <trkpt lat="67.14839" lon="18.32826">
        <time>2025-04-08T11:12:00Z</time>
      </trkpt>
      <trkpt lat="67.15323" lon="18.33339">
        <time>2025-04-08T11:32:00Z</time>
      </trkpt>
      <trkpt lat="67.15975" lon="18.34088">
        <time>2025-04-08T11:52:00Z</time>
      </trkpt>
      <trkpt lat="67.16714" lon="18.36343">
        <time>2025-04-08T12:12:00Z</time>
      </trkpt>
      <trkpt lat="67.16915" lon="18.39733">
        <time>2025-04-08T12:32:00Z</time>
      </trkpt>
      <trkpt lat="67.17677" lon="18.42254">
        <time>2025-04-08T12:52:00Z</time>
      </trkpt>
      <trkpt lat="67.18646" lon="18.43555">
        <time>2025-04-08T13:12:00Z</time>
      </trkpt>
      <trkpt lat="67.20259" lon="18.4319">
        <time>2025-04-08T13:32:00Z</time>
      </trkpt>
      <trkpt lat="67.21845" lon="18.4345">
        <time>2025-04-08T13:52:00Z</time>
      </trkpt>
      <trkpt lat="67.23146" lon="18.441">
        <time>2025-04-08T14:13:00Z</time>
      </trkpt>
      <trkpt lat="67.23165" lon="18.44106">
        <time>2025-04-08T14:27:00Z</time>
      </trkpt>
      <trkpt lat="67.23162" lon="18.44102">
        <time>2025-04-09T10:04:00Z</time>
      </trkpt>
      <trkpt lat="67.23945" lon="18.45123">
        <time>2025-04-09T10:24:00Z</time>
      </trkpt>
      <trkpt lat="67.24787" lon="18.46516">
        <time>2025-04-09T10:44:00Z</time>
      </trkpt>
      <trkpt lat="67.25831" lon="18.46973">
        <time>2025-04-09T11:04:00Z</time>
      </trkpt>
      <trkpt lat="67.26879" lon="18.46658">
        <time>2025-04-09T11:24:00Z</time>
      </trkpt>
      <trkpt lat="67.27734" lon="18.46248">
        <time>2025-04-09T11:44:00Z</time>
      </trkpt>
      <trkpt lat="67.28756" lon="18.47097">
        <time>2025-04-09T12:04:00Z</time>
      </trkpt>
      <trkpt lat="67.29565" lon="18.48329">
        <time>2025-04-09T12:24:00Z</time>
      </trkpt>
      <trkpt lat="67.30499" lon="18.48936">
        <time>2025-04-09T12:44:00Z</time>
      </trkpt>
      <trkpt lat="67.31597" lon="18.49239">
        <time>2025-04-09T13:05:00Z</time>
      </trkpt>
      <trkpt lat="67.32588" lon="18.50421">
        <time>2025-04-09T13:25:00Z</time>
      </trkpt>
      <trkpt lat="67.33532" lon="18.50537">
        <time>2025-04-09T13:45:00Z</time>
      </trkpt>
      <trkpt lat="67.34692" lon="18.50344">
        <time>2025-04-09T14:05:00Z</time>
      </trkpt>
      <trkpt lat="67.35665" lon="18.50194">
        <time>2025-04-09T14:25:00Z</time>
      </trkpt>
      <trkpt lat="67.36803" lon="18.51786">
        <time>2025-04-09T14:45:00Z</time>
      </trkpt>
      <trkpt lat="67.37818" lon="18.53217">
        <time>2025-04-09T15:05:00Z</time>
      </trkpt>
      <trkpt lat="67.39067" lon="18.5238">
        <time>2025-04-09T15:25:00Z</time>
      </trkpt>
      <trkpt lat="67.39407" lon="18.52037">
        <time>2025-04-09T15:46:00Z</time>
      </trkpt>
      <trkpt lat="67.39404" lon="18.52041">
        <time>2025-04-09T15:48:00Z</time>
      </trkpt>
      <trkpt lat="67.39398" lon="18.52028">
        <time>2025-04-11T09:02:00Z</time>
      </trkpt>
      <trkpt lat="67.39954" lon="18.50556">
        <time>2025-04-11T09:22:00Z</time>
      </trkpt>
      <trkpt lat="67.40669" lon="18.51453">
        <time>2025-04-11T09:42:00Z</time>
      </trkpt>
      <trkpt lat="67.41233" lon="18.53885">
        <time>2025-04-11T10:02:00Z</time>
      </trkpt>
      <trkpt lat="67.41311" lon="18.53009">
        <time>2025-04-11T10:22:00Z</time>
      </trkpt>
      <trkpt lat="67.41307" lon="18.5064">
        <time>2025-04-11T10:42:00Z</time>
      </trkpt>
      <trkpt lat="67.41646" lon="18.47683">
        <time>2025-04-11T11:02:00Z</time>
      </trkpt>
      <trkpt lat="67.42275" lon="18.45218">
        <time>2025-04-11T11:22:00Z</time>
      </trkpt>
      <trkpt lat="67.43497" lon="18.4304">
        <time>2025-04-11T11:42:00Z</time>
      </trkpt>
      <trkpt lat="67.445" lon="18.4021">
        <time>2025-04-11T12:02:00Z</time>
      </trkpt>
      <trkpt lat="67.4579" lon="18.38568">
        <time>2025-04-11T12:22:00Z</time>
      </trkpt>
      <trkpt lat="67.4712" lon="18.37257">
        <time>2025-04-11T12:42:00Z</time>
      </trkpt>
      <trkpt lat="67.48439" lon="18.35667">
        <time>2025-04-11T13:03:00Z</time>
      </trkpt>
      <trkpt lat="67.48475" lon="18.35639">
        <time>2025-04-11T13:23:00Z</time>
      </trkpt>
      <trkpt lat="67.48749" lon="18.34815">
        <time>2025-04-11T13:43:00Z</time>
      </trkpt>
      <trkpt lat="67.48876" lon="18.3235">
        <time>2025-04-11T14:03:00Z</time>
      </trkpt>
      <trkpt lat="67.4958" lon="18.29125">
        <time>2025-04-11T14:23:00Z</time>
      </trkpt>
      <trkpt lat="67.50432" lon="18.26316">
        <time>2025-04-11T14:43:00Z</time>
      </trkpt>
      <trkpt lat="67.51504" lon="18.24417">
        <time>2025-04-11T15:03:00Z</time>
      </trkpt>
      <trkpt lat="67.52079" lon="18.21868">
        <time>2025-04-11T15:23:00Z</time>
      </trkpt>
      <trkpt lat="67.52297" lon="18.21252">
        <time>2025-04-11T15:43:00Z</time>
      </trkpt>
      <trkpt lat="67.53248" lon="18.2079">
        <time>2025-04-11T16:03:00Z</time>
      </trkpt>
      <trkpt lat="67.5468" lon="18.19625">
        <time>2025-04-11T16:23:00Z</time>
      </trkpt>
      <trkpt lat="67.55682" lon="18.18582">
        <time>2025-04-11T16:43:00Z</time>
      </trkpt>
      <trkpt lat="67.56309" lon="18.16243">
        <time>2025-04-11T17:07:00Z</time>
      </trkpt>
      <trkpt lat="67.57065" lon="18.13656">
        <time>2025-04-11T17:27:00Z</time>
      </trkpt>
      <trkpt lat="67.57878" lon="18.11338">
        <time>2025-04-11T17:47:00Z</time>
      </trkpt>
      <trkpt lat="67.5818" lon="18.10085">
        <time>2025-04-11T18:02:00Z</time>
      </trkpt>
      <trkpt lat="67.58184" lon="18.10057">
        <time>2025-04-12T09:42:00Z</time>
      </trkpt>
      <trkpt lat="67.58343" lon="18.10132">
        <time>2025-04-12T10:02:00Z</time>
      </trkpt>
      <trkpt lat="67.58504" lon="18.10169">
        <time>2025-04-12T10:22:00Z</time>
      </trkpt>
      <trkpt lat="67.58663" lon="18.10398">
        <time>2025-04-12T10:42:00Z</time>
      </trkpt>
      <trkpt lat="67.58818" lon="18.10538">
        <time>2025-04-12T11:02:00Z</time>
      </trkpt>
      <trkpt lat="67.59138" lon="18.10795">
        <time>2025-04-12T11:22:00Z</time>
      </trkpt>
      <trkpt lat="67.59424" lon="18.10677">
        <time>2025-04-12T11:42:00Z</time>
      </trkpt>
      <trkpt lat="67.59742" lon="18.10718">
        <time>2025-04-12T12:02:00Z</time>
      </trkpt>
      <trkpt lat="67.59848" lon="18.1069">
        <time>2025-04-12T12:22:00Z</time>
      </trkpt>
      <trkpt lat="67.60407" lon="18.10557">
        <time>2025-04-12T12:42:00Z</time>
      </trkpt>
      <trkpt lat="67.60898" lon="18.10682">
        <time>2025-04-12T13:03:00Z</time>
      </trkpt>
      <trkpt lat="67.61427" lon="18.1066">
        <time>2025-04-12T13:23:00Z</time>
      </trkpt>
      <trkpt lat="67.61831" lon="18.10682">
        <time>2025-04-12T13:43:00Z</time>
      </trkpt>
      <trkpt lat="67.6218" lon="18.10752">
        <time>2025-04-12T14:03:00Z</time>
      </trkpt>
      <trkpt lat="67.63005" lon="18.10718">
        <time>2025-04-12T14:24:00Z</time>
      </trkpt>
      <trkpt lat="67.63634" lon="18.10295">
        <time>2025-04-12T14:44:00Z</time>
      </trkpt>
      <trkpt lat="67.64125" lon="18.10347">
        <time>2025-04-12T15:04:00Z</time>
      </trkpt>
      <trkpt lat="67.64814" lon="18.10725">
        <time>2025-04-12T15:24:00Z</time>
      </trkpt>
      <trkpt lat="67.65796" lon="18.10832">
        <time>2025-04-12T15:44:00Z</time>
      </trkpt>
      <trkpt lat="67.65893" lon="18.11162">
        <time>2025-04-12T16:04:00Z</time>
      </trkpt>
      <trkpt lat="67.67018" lon="18.1107">
        <time>2025-04-12T16:24:00Z</time>
      </trkpt>
      <trkpt lat="67.6757" lon="18.1131">
        <time>2025-04-12T16:44:00Z</time>
      </trkpt>
      <trkpt lat="67.68418" lon="18.13076">
        <time>2025-04-12T17:04:00Z</time>
      </trkpt>
      <trkpt lat="67.68971" lon="18.14911">
        <time>2025-04-12T17:24:00Z</time>
      </trkpt>
      <trkpt lat="67.69463" lon="18.15574">
        <time>2025-04-12T17:46:00Z</time>
      </trkpt>
      <trkpt lat="67.69471" lon="18.15535">
        <time>2025-04-12T17:51:00Z</time>
      </trkpt>
      <trkpt lat="67.69473" lon="18.15546">
        <time>2025-04-13T08:43:00Z</time>
      </trkpt>
      <trkpt lat="67.69918" lon="18.13508">
        <time>2025-04-13T09:03:00Z</time>
      </trkpt>
      <trkpt lat="67.707" lon="18.11295">
        <time>2025-04-13T09:23:00Z</time>
      </trkpt>
      <trkpt lat="67.70892" lon="18.11267">
        <time>2025-04-13T09:43:00Z</time>
      </trkpt>
      <trkpt lat="67.7086" lon="18.11986">
        <time>2025-04-13T10:03:00Z</time>
      </trkpt>
      <trkpt lat="67.70749" lon="18.12697">
        <time>2025-04-13T10:23:00Z</time>
      </trkpt>
      <trkpt lat="67.70748" lon="18.13314">
        <time>2025-04-13T10:43:00Z</time>
      </trkpt>
      <trkpt lat="67.70674" lon="18.14089">
        <time>2025-04-13T11:03:00Z</time>
      </trkpt>
      <trkpt lat="67.70223" lon="18.1654">
        <time>2025-04-13T11:23:00Z</time>
      </trkpt>
      <trkpt lat="67.70431" lon="18.18215">
        <time>2025-04-13T11:43:00Z</time>
      </trkpt>
      <trkpt lat="67.71011" lon="18.19818">
        <time>2025-04-13T12:03:00Z</time>
      </trkpt>
      <trkpt lat="67.71753" lon="18.21406">
        <time>2025-04-13T12:23:00Z</time>
      </trkpt>
      <trkpt lat="67.72097" lon="18.22016">
        <time>2025-04-13T12:43:00Z</time>
      </trkpt>
      <trkpt lat="67.72764" lon="18.23151">
        <time>2025-04-13T13:03:00Z</time>
      </trkpt>
      <trkpt lat="67.73418" lon="18.25103">
        <time>2025-04-13T13:23:00Z</time>
      </trkpt>
      <trkpt lat="67.74019" lon="18.28146">
        <time>2025-04-13T13:43:00Z</time>
      </trkpt>
      <trkpt lat="67.74589" lon="18.29483">
        <time>2025-04-13T14:03:00Z</time>
      </trkpt>
      <trkpt lat="67.7468" lon="18.29552">
        <time>2025-04-13T14:42:00Z</time>
      </trkpt>
      <trkpt lat="67.74669" lon="18.29547">
        <time>2025-04-13T15:02:00Z</time>
      </trkpt>
      <trkpt lat="67.75187" lon="18.29734">
        <time>2025-04-13T15:22:00Z</time>
      </trkpt>
      <trkpt lat="67.75872" lon="18.28768">
        <time>2025-04-13T15:42:00Z</time>
      </trkpt>
      <trkpt lat="67.76797" lon="18.28367">
        <time>2025-04-13T16:02:00Z</time>
      </trkpt>
      <trkpt lat="67.77597" lon="18.28339">
        <time>2025-04-13T16:22:00Z</time>
      </trkpt>
      <trkpt lat="67.7858" lon="18.29324">
        <time>2025-04-13T16:43:00Z</time>
      </trkpt>
      <trkpt lat="67.79563" lon="18.29481">
        <time>2025-04-13T17:03:00Z</time>
      </trkpt>
      <trkpt lat="67.80241" lon="18.2953">
        <time>2025-04-13T17:23:00Z</time>
      </trkpt>
      <trkpt lat="67.81226" lon="18.29697">
        <time>2025-04-13T17:43:00Z</time>
      </trkpt>
      <trkpt lat="67.82235" lon="18.30423">
        <time>2025-04-13T18:03:00Z</time>
      </trkpt>
      <trkpt lat="67.8325" lon="18.31161">
        <time>2025-04-13T18:23:00Z</time>
      </trkpt>
      <trkpt lat="67.84296" lon="18.31144">
        <time>2025-04-13T18:43:00Z</time>
      </trkpt>
      <trkpt lat="67.85054" lon="18.31584">
        <time>2025-04-13T19:03:00Z</time>
      </trkpt>
      <trkpt lat="67.85124" lon="18.31541">
        <time>2025-04-13T19:23:00Z</time>
      </trkpt>
      <trkpt lat="67.85112" lon="18.31508">
        <time>2025-04-13T19:30:00Z</time>
      </trkpt>
      <trkpt lat="67.85103" lon="18.31551">
        <time>2025-04-14T09:15:00Z</time>
      </trkpt>
      <trkpt lat="67.86168" lon="18.31077">
        <time>2025-04-14T09:35:00Z</time>
      </trkpt>
      <trkpt lat="67.86772" lon="18.30918">
        <time>2025-04-14T09:55:00Z</time>
      </trkpt>
      <trkpt lat="67.87766" lon="18.31011">
        <time>2025-04-14T10:15:00Z</time>
      </trkpt>
      <trkpt lat="67.88974" lon="18.30285">
        <time>2025-04-14T10:35:00Z</time>
      </trkpt>
      <trkpt lat="67.90019" lon="18.29667">
        <time>2025-04-14T10:55:00Z</time>
      </trkpt>
      <trkpt lat="67.90947" lon="18.28923">
        <time>2025-04-14T11:15:00Z</time>
      </trkpt>
      <trkpt lat="67.91842" lon="18.28672">
        <time>2025-04-14T11:35:00Z</time>
      </trkpt>
      <trkpt lat="67.92436" lon="18.28298">
        <time>2025-04-14T11:55:00Z</time>
      </trkpt>
      <trkpt lat="67.93472" lon="18.28311">
        <time>2025-04-14T12:15:00Z</time>
      </trkpt>
      <trkpt lat="67.9462" lon="18.2824">
        <time>2025-04-14T12:35:00Z</time>
      </trkpt>
      <trkpt lat="67.94624" lon="18.28245">
        <time>2025-04-14T12:53:00Z</time>
      </trkpt>
      <trkpt lat="67.94661" lon="18.28251">
        <time>2025-04-15T10:08:00Z</time>
      </trkpt>
      <trkpt lat="67.95422" lon="18.27904">
        <time>2025-04-15T10:28:00Z</time>
      </trkpt>
      <trkpt lat="67.96001" lon="18.27543">
        <time>2025-04-15T10:48:00Z</time>
      </trkpt>
      <trkpt lat="67.9687" lon="18.2697">
        <time>2025-04-15T11:08:00Z</time>
      </trkpt>
      <trkpt lat="67.97763" lon="18.26341">
        <time>2025-04-15T11:28:00Z</time>
      </trkpt>
      <trkpt lat="67.98469" lon="18.26118">
        <time>2025-04-15T11:48:00Z</time>
      </trkpt>
      <trkpt lat="67.99483" lon="18.25399">
        <time>2025-04-15T12:08:00Z</time>
      </trkpt>
      <trkpt lat="68.00247" lon="18.24749">
        <time>2025-04-15T12:28:00Z</time>
      </trkpt>
      <trkpt lat="68.00972" lon="18.24157">
        <time>2025-04-15T12:49:00Z</time>
      </trkpt>
      <trkpt lat="68.01409" lon="18.24009">
        <time>2025-04-15T13:09:00Z</time>
      </trkpt>
      <trkpt lat="68.01746" lon="18.2441">
        <time>2025-04-15T13:29:00Z</time>
      </trkpt>
      <trkpt lat="68.01966" lon="18.24706">
        <time>2025-04-15T13:52:00Z</time>
      </trkpt>
      <trkpt lat="68.02775" lon="18.24842">
        <time>2025-04-15T14:12:00Z</time>
      </trkpt>
      <trkpt lat="68.03917" lon="18.24616">
        <time>2025-04-15T14:32:00Z</time>
      </trkpt>
      <trkpt lat="68.05157" lon="18.24114">
        <time>2025-04-15T14:52:00Z</time>
      </trkpt>
      <trkpt lat="68.05167" lon="18.24163">
        <time>2025-04-15T14:58:00Z</time>
      </trkpt>
      <trkpt lat="68.05173" lon="18.24168">
        <time>2025-04-16T07:14:00Z</time>
      </trkpt>
      <trkpt lat="68.05869" lon="18.25243">
        <time>2025-04-16T07:34:00Z</time>
      </trkpt>
      <trkpt lat="68.07" lon="18.26567">
        <time>2025-04-16T07:54:00Z</time>
      </trkpt>
      <trkpt lat="68.07995" lon="18.2776">
        <time>2025-04-16T08:14:00Z</time>
      </trkpt>
      <trkpt lat="68.08914" lon="18.28695">
        <time>2025-04-16T08:34:00Z</time>
      </trkpt>
      <trkpt lat="68.09699" lon="18.30517">
        <time>2025-04-16T08:54:00Z</time>
      </trkpt>
      <trkpt lat="68.10311" lon="18.32058">
        <time>2025-04-16T09:14:00Z</time>
      </trkpt>
      <trkpt lat="68.11048" lon="18.35339">
        <time>2025-04-16T09:35:00Z</time>
      </trkpt>
      <trkpt lat="68.11523" lon="18.36839">
        <time>2025-04-16T09:55:00Z</time>
      </trkpt>
      <trkpt lat="68.1245" lon="18.39139">
        <time>2025-04-16T10:15:00Z</time>
      </trkpt>
      <trkpt lat="68.13292" lon="18.40982">
        <time>2025-04-16T10:35:00Z</time>
      </trkpt>
      <trkpt lat="68.13655" lon="18.41501">
        <time>2025-04-16T11:11:00Z</time>
      </trkpt>
      <trkpt lat="68.14166" lon="18.42218">
        <time>2025-04-16T11:31:00Z</time>
      </trkpt>
      <trkpt lat="68.15084" lon="18.43669">
        <time>2025-04-16T11:51:00Z</time>
      </trkpt>
      <trkpt lat="68.16368" lon="18.45314">
        <time>2025-04-16T12:13:00Z</time>
      </trkpt>
      <trkpt lat="68.17542" lon="18.47175">
        <time>2025-04-16T12:33:00Z</time>
      </trkpt>
      <trkpt lat="68.18373" lon="18.48728">
        <time>2025-04-16T12:53:00Z</time>
      </trkpt>
      <trkpt lat="68.19345" lon="18.50245">
        <time>2025-04-16T13:13:00Z</time>
      </trkpt>
      <trkpt lat="68.2001" lon="18.52413">
        <time>2025-04-16T13:33:00Z</time>
      </trkpt>
      <trkpt lat="68.20135" lon="18.52809">
        <time>2025-04-16T13:53:00Z</time>
      </trkpt>
      <trkpt lat="68.20859" lon="18.5509">
        <time>2025-04-16T14:13:00Z</time>
      </trkpt>
      <trkpt lat="68.21981" lon="18.56747">
        <time>2025-04-16T14:33:00Z</time>
      </trkpt>
      <trkpt lat="68.22801" lon="18.5841">
        <time>2025-04-16T14:53:00Z</time>
      </trkpt>
      <trkpt lat="68.239" lon="18.60309">
        <time>2025-04-16T15:13:00Z</time>
      </trkpt>
      <trkpt lat="68.25037" lon="18.60021">
        <time>2025-04-16T15:33:00Z</time>
      </trkpt>
      <trkpt lat="68.2604" lon="18.58404">
        <time>2025-04-16T15:53:00Z</time>
      </trkpt>
      <trkpt lat="68.26534" lon="18.5679">
        <time>2025-04-16T16:13:00Z</time>
      </trkpt>
      <trkpt lat="68.27867" lon="18.57195">
        <time>2025-04-16T16:33:00Z</time>
      </trkpt>
      <trkpt lat="68.28596" lon="18.59135">
        <time>2025-04-16T16:53:00Z</time>
      </trkpt>
      <trkpt lat="68.28601" lon="18.59054">
        <time>2025-04-16T17:07:00Z</time>
      </trkpt>
      <trkpt lat="68.28616" lon="18.59088">
        <time>2025-04-17T07:37:00Z</time>
      </trkpt>
      <trkpt lat="68.29219" lon="18.61766">
        <time>2025-04-17T07:57:00Z</time>
      </trkpt>
      <trkpt lat="68.30064" lon="18.645">
        <time>2025-04-17T08:17:00Z</time>
      </trkpt>
      <trkpt lat="68.30912" lon="18.67587">
        <time>2025-04-17T08:37:00Z</time>
      </trkpt>
      <trkpt lat="68.31302" lon="18.71014">
        <time>2025-04-17T08:57:00Z</time>
      </trkpt>
      <trkpt lat="68.3161" lon="18.73823">
        <time>2025-04-17T09:17:00Z</time>
      </trkpt>
      <trkpt lat="68.32233" lon="18.76462">
        <time>2025-04-17T09:37:00Z</time>
      </trkpt>
      <trkpt lat="68.33264" lon="18.7613">
        <time>2025-04-17T09:57:00Z</time>
      </trkpt>
      <trkpt lat="68.33942" lon="18.76462">
        <time>2025-04-17T10:17:00Z</time>
      </trkpt>
      <trkpt lat="68.34881" lon="18.76696">
        <time>2025-04-17T10:37:00Z</time>
      </trkpt>
      <trkpt lat="68.35737" lon="18.77597">
        <time>2025-04-17T10:57:00Z</time>
      </trkpt>
      <trkpt lat="68.35839" lon="18.78346">
        <time>2025-04-17T11:29:00Z</time>
      </trkpt>
      <trkpt lat="68.35781" lon="18.78649">
        <time>2025-04-19T10:55:00Z</time>
      </trkpt>
      <trkpt lat="68.35276" lon="18.8164">
        <time>2025-04-19T11:15:00Z</time>
      </trkpt>
      <trkpt lat="68.35103" lon="18.83633">
        <time>2025-04-19T11:35:00Z</time>
      </trkpt>
      <trkpt lat="68.36067" lon="18.85719">
        <time>2025-04-19T11:55:00Z</time>
      </trkpt>
      <trkpt lat="68.36565" lon="18.88436">
        <time>2025-04-19T12:15:00Z</time>
      </trkpt>
      <trkpt lat="68.37044" lon="18.9227">
        <time>2025-04-19T12:35:00Z</time>
      </trkpt>
      <trkpt lat="68.37093" lon="18.94568">
        <time>2025-04-19T12:55:00Z</time>
      </trkpt>
      <trkpt lat="68.37125" lon="18.98072">
        <time>2025-04-19T13:15:00Z</time>
      </trkpt>
      <trkpt lat="68.37107" lon="19.00366">
        <time>2025-04-19T13:35:00Z</time>
      </trkpt>
      <trkpt lat="68.37068" lon="19.0349">
        <time>2025-04-19T13:55:00Z</time>
      </trkpt>
      <trkpt lat="68.37048" lon="19.06784">
        <time>2025-04-19T14:15:00Z</time>
      </trkpt>
      <trkpt lat="68.36639" lon="19.10438">
        <time>2025-04-19T14:36:00Z</time>
      </trkpt>
      <trkpt lat="68.36064" lon="19.13601">
        <time>2025-04-19T14:56:00Z</time>
      </trkpt>
      <trkpt lat="68.35547" lon="19.17215">
        <time>2025-04-19T15:16:00Z</time>
      </trkpt>
      <trkpt lat="68.35152" lon="19.20305">
        <time>2025-04-19T15:36:00Z</time>
      </trkpt>
      <trkpt lat="68.34713" lon="19.23622">
        <time>2025-04-19T15:56:00Z</time>
      </trkpt>
      <trkpt lat="68.34367" lon="19.26587">
        <time>2025-04-19T16:16:00Z</time>
      </trkpt>
      <trkpt lat="68.34242" lon="19.29175">
        <time>2025-04-19T16:36:00Z</time>
      </trkpt>
      <trkpt lat="68.34808" lon="19.29995">
        <time>2025-04-19T16:52:00Z</time>
      </trkpt>
      <trkpt lat="68.34815" lon="19.29982">
        <time>2025-04-20T08:57:00Z</time>
      </trkpt>
      <trkpt lat="68.3444" lon="19.31838">
        <time>2025-04-20T09:17:00Z</time>
      </trkpt>
      <trkpt lat="68.33923" lon="19.35076">
        <time>2025-04-20T09:37:00Z</time>
      </trkpt>
      <trkpt lat="68.33295" lon="19.38411">
        <time>2025-04-20T09:57:00Z</time>
      </trkpt>
      <trkpt lat="68.32813" lon="19.40604">
        <time>2025-04-20T10:17:00Z</time>
      </trkpt>
      <trkpt lat="68.32046" lon="19.44151">
        <time>2025-04-20T10:37:00Z</time>
      </trkpt>
      <trkpt lat="68.31556" lon="19.47322">
        <time>2025-04-20T10:57:00Z</time>
      </trkpt>
      <trkpt lat="68.30954" lon="19.50395">
        <time>2025-04-20T11:17:00Z</time>
      </trkpt>
      <trkpt lat="68.30392" lon="19.53585">
        <time>2025-04-20T11:37:00Z</time>
      </trkpt>
      <trkpt lat="68.30084" lon="19.56272">
        <time>2025-04-20T11:57:00Z</time>
      </trkpt>
      <trkpt lat="68.30084" lon="19.59881">
        <time>2025-04-20T12:18:00Z</time>
      </trkpt>
      <trkpt lat="68.30201" lon="19.63308">
        <time>2025-04-20T12:38:00Z</time>
      </trkpt>
      <trkpt lat="68.30272" lon="19.67258">
        <time>2025-04-20T12:58:00Z</time>
      </trkpt>
      <trkpt lat="68.30329" lon="19.69696">
        <time>2025-04-20T13:18:00Z</time>
      </trkpt>
      <trkpt lat="68.30449" lon="19.73496">
        <time>2025-04-20T13:38:00Z</time>
      </trkpt>
      <trkpt lat="68.307" lon="19.76717">
        <time>2025-04-20T13:58:00Z</time>
      </trkpt>
      <trkpt lat="68.31119" lon="19.79981">
        <time>2025-04-20T14:18:00Z</time>
      </trkpt>
      <trkpt lat="68.31568" lon="19.83298">
        <time>2025-04-20T14:38:00Z</time>
      </trkpt>
      <trkpt lat="68.31126" lon="19.8492">
        <time>2025-04-20T14:58:00Z</time>
      </trkpt>
      <trkpt lat="68.30349" lon="19.85334">
        <time>2025-04-20T15:18:00Z</time>
      </trkpt>
      <trkpt lat="68.29447" lon="19.87881">
        <time>2025-04-20T15:38:00Z</time>
      </trkpt>
      <trkpt lat="68.29853" lon="19.90817">
        <time>2025-04-20T16:06:00Z</time>
      </trkpt>
      <trkpt lat="68.30055" lon="19.91529">
        <time>2025-04-20T16:26:00Z</time>
      </trkpt>
      <trkpt lat="68.30143" lon="19.91937">
        <time>2025-04-20T16:46:00Z</time>
      </trkpt>
      <trkpt lat="68.30135" lon="19.91917">
        <time>2025-04-20T16:47:00Z</time>
      </trkpt>
      <trkpt lat="68.30141" lon="19.9189">
        <time>2025-04-21T09:21:00Z</time>
      </trkpt>
      <trkpt lat="68.30698" lon="19.93533">
        <time>2025-04-21T09:41:00Z</time>
      </trkpt>
      <trkpt lat="68.31478" lon="19.93844">
        <time>2025-04-21T10:01:00Z</time>
      </trkpt>
      <trkpt lat="68.32287" lon="19.94692">
        <time>2025-04-21T10:21:00Z</time>
      </trkpt>
      <trkpt lat="68.33055" lon="19.95338">
        <time>2025-04-21T10:41:00Z</time>
      </trkpt>
      <trkpt lat="68.33351" lon="19.95823">
        <time>2025-04-21T11:01:00Z</time>
      </trkpt>
      <trkpt lat="68.34245" lon="19.96516">
        <time>2025-04-21T11:22:00Z</time>
      </trkpt>
      <trkpt lat="68.35153" lon="19.98127">
        <time>2025-04-21T11:42:00Z</time>
      </trkpt>
      <trkpt lat="68.35522" lon="19.9981">
        <time>2025-04-21T12:02:00Z</time>
      </trkpt>
      <trkpt lat="68.358" lon="20.01198">
        <time>2025-04-21T12:22:00Z</time>
      </trkpt>
      <trkpt lat="68.36499" lon="20.02889">
        <time>2025-04-21T12:42:00Z</time>
      </trkpt>
      <trkpt lat="68.36974" lon="20.0512">
        <time>2025-04-21T13:02:00Z</time>
      </trkpt>
      <trkpt lat="68.37389" lon="20.07361">
        <time>2025-04-21T13:22:00Z</time>
      </trkpt>
      <trkpt lat="68.3842" lon="20.07227">
        <time>2025-04-21T13:42:00Z</time>
      </trkpt>
      <trkpt lat="68.38516" lon="20.07236">
        <time>2025-04-21T14:02:00Z</time>
      </trkpt>
      <trkpt lat="68.39628" lon="20.06198">
        <time>2025-04-21T14:22:00Z</time>
      </trkpt>
      <trkpt lat="68.40525" lon="20.07167">
        <time>2025-04-21T14:42:00Z</time>
      </trkpt>
      <trkpt lat="68.41426" lon="20.08446">
        <time>2025-04-21T15:02:00Z</time>
      </trkpt>
      <trkpt lat="68.41439" lon="20.08594">
        <time>2025-04-21T15:22:00Z</time>
      </trkpt>
      <trkpt lat="68.41979" lon="20.11">
        <time>2025-04-21T15:42:00Z</time>
      </trkpt>
      <trkpt lat="68.42216" lon="20.13892">
        <time>2025-04-21T16:02:00Z</time>
      </trkpt>
      <trkpt lat="68.42338" lon="20.1551">
        <time>2025-04-21T16:22:00Z</time>
      </trkpt>
      <trkpt lat="68.4305" lon="20.16589">
        <time>2025-04-21T16:42:00Z</time>
      </trkpt>
      <trkpt lat="68.44331" lon="20.19209">
        <time>2025-04-21T17:03:00Z</time>
      </trkpt>
      <trkpt lat="68.45375" lon="20.20478">
        <time>2025-04-21T17:23:00Z</time>
      </trkpt>
      <trkpt lat="68.46567" lon="20.21879">
        <time>2025-04-21T17:43:00Z</time>
      </trkpt>
      <trkpt lat="68.47534" lon="20.22973">
        <time>2025-04-21T18:03:00Z</time>
      </trkpt>
      <trkpt lat="68.48339" lon="20.24417">
        <time>2025-04-21T18:23:00Z</time>
      </trkpt>
      <trkpt lat="68.49101" lon="20.26872">
        <time>2025-04-21T18:43:00Z</time>
      </trkpt>
      <trkpt lat="68.49899" lon="20.28357">
        <time>2025-04-21T19:03:00Z</time>
      </trkpt>
      <trkpt lat="68.50073" lon="20.29419">
        <time>2025-04-21T19:15:00Z</time>
      </trkpt>
      <trkpt lat="68.50075" lon="20.29428">
        <time>2025-04-22T05:52:00Z</time>
      </trkpt>
      <trkpt lat="68.51173" lon="20.29273">
        <time>2025-04-22T06:12:00Z</time>
      </trkpt>
      <trkpt lat="68.52109" lon="20.29445">
        <time>2025-04-22T06:32:00Z</time>
      </trkpt>
      <trkpt lat="68.53374" lon="20.29297">
        <time>2025-04-22T06:52:00Z</time>
      </trkpt>
      <trkpt lat="68.54745" lon="20.30028">
        <time>2025-04-22T07:12:00Z</time>
      </trkpt>
      <trkpt lat="68.55084" lon="20.31307">
        <time>2025-04-22T07:32:00Z</time>
      </trkpt>
      <trkpt lat="68.56021" lon="20.33204">
        <time>2025-04-22T07:52:00Z</time>
      </trkpt>
      <trkpt lat="68.56892" lon="20.35324">
        <time>2025-04-22T08:12:00Z</time>
      </trkpt>
      <trkpt lat="68.5764" lon="20.36813">
        <time>2025-04-22T08:32:00Z</time>
      </trkpt>
      <trkpt lat="68.58073" lon="20.38607">
        <time>2025-04-22T08:52:00Z</time>
      </trkpt>
      <trkpt lat="68.58848" lon="20.40262">
        <time>2025-04-22T09:12:00Z</time>
      </trkpt>
      <trkpt lat="68.59589" lon="20.41706">
        <time>2025-04-22T09:33:00Z</time>
      </trkpt>
      <trkpt lat="68.60225" lon="20.41667">
        <time>2025-04-22T09:53:00Z</time>
      </trkpt>
      <trkpt lat="68.60995" lon="20.41369">
        <time>2025-04-22T10:13:00Z</time>
      </trkpt>
      <trkpt lat="68.61994" lon="20.42143">
        <time>2025-04-22T10:33:00Z</time>
      </trkpt>
      <trkpt lat="68.63047" lon="20.43081">
        <time>2025-04-22T10:53:00Z</time>
      </trkpt>
      <trkpt lat="68.64253" lon="20.43459">
        <time>2025-04-22T11:13:00Z</time>
      </trkpt>
      <trkpt lat="68.65523" lon="20.44993">
        <time>2025-04-22T11:33:00Z</time>
      </trkpt>
      <trkpt lat="68.66525" lon="20.4618">
        <time>2025-04-22T11:53:00Z</time>
      </trkpt>
      <trkpt lat="68.67966" lon="20.47733">
        <time>2025-04-22T12:13:00Z</time>
      </trkpt>
      <trkpt lat="68.69228" lon="20.49658">
        <time>2025-04-22T12:33:00Z</time>
      </trkpt>
      <trkpt lat="68.7014" lon="20.50716">
        <time>2025-04-22T12:53:00Z</time>
      </trkpt>
      <trkpt lat="68.70325" lon="20.50662">
        <time>2025-04-22T13:13:00Z</time>
      </trkpt>
      <trkpt lat="68.70384" lon="20.50726">
        <time>2025-04-22T13:21:00Z</time>
      </trkpt>
      <trkpt lat="68.70384" lon="20.50709">
        <time>2025-04-23T07:37:00Z</time>
      </trkpt>
      <trkpt lat="68.70647" lon="20.51814">
        <time>2025-04-23T07:57:00Z</time>
      </trkpt>
      <trkpt lat="68.7186" lon="20.51302">
        <time>2025-04-23T08:17:00Z</time>
      </trkpt>
      <trkpt lat="68.72618" lon="20.53638">
        <time>2025-04-23T08:37:00Z</time>
      </trkpt>
      <trkpt lat="68.7306" lon="20.557">
        <time>2025-04-23T08:58:00Z</time>
      </trkpt>
      <trkpt lat="68.73875" lon="20.57906">
        <time>2025-04-23T09:18:00Z</time>
      </trkpt>
      <trkpt lat="68.74667" lon="20.60129">
        <time>2025-04-23T09:38:00Z</time>
      </trkpt>
      <trkpt lat="68.75272" lon="20.62157">
        <time>2025-04-23T09:58:00Z</time>
      </trkpt>
      <trkpt lat="68.76026" lon="20.62771">
        <time>2025-04-23T10:18:00Z</time>
      </trkpt>
      <trkpt lat="68.76332" lon="20.63565">
        <time>2025-04-23T10:38:00Z</time>
      </trkpt>
      <trkpt lat="68.7666" lon="20.64573">
        <time>2025-04-23T10:58:00Z</time>
      </trkpt>
      <trkpt lat="68.77141" lon="20.65891">
        <time>2025-04-23T11:18:00Z</time>
      </trkpt>
      <trkpt lat="68.77921" lon="20.68845">
        <time>2025-04-23T11:38:00Z</time>
      </trkpt>
      <trkpt lat="68.7833" lon="20.70952">
        <time>2025-04-23T11:58:00Z</time>
      </trkpt>
      <trkpt lat="68.7866" lon="20.7239">
        <time>2025-04-23T12:18:00Z</time>
      </trkpt>
      <trkpt lat="68.79034" lon="20.75177">
        <time>2025-04-23T12:38:00Z</time>
      </trkpt>
      <trkpt lat="68.79405" lon="20.78469">
        <time>2025-04-23T12:58:00Z</time>
      </trkpt>
      <trkpt lat="68.79637" lon="20.80132">
        <time>2025-04-23T13:18:00Z</time>
      </trkpt>
      <trkpt lat="68.79913" lon="20.82904">
        <time>2025-04-23T13:39:00Z</time>
      </trkpt>
      <trkpt lat="68.80205" lon="20.85063">
        <time>2025-04-23T13:59:00Z</time>
      </trkpt>
      <trkpt lat="68.81213" lon="20.85203">
        <time>2025-04-23T14:19:00Z</time>
      </trkpt>
      <trkpt lat="68.81647" lon="20.84799">
        <time>2025-04-23T14:39:00Z</time>
      </trkpt>
      <trkpt lat="68.8299" lon="20.86127">
        <time>2025-04-23T14:59:00Z</time>
      </trkpt>
      <trkpt lat="68.84085" lon="20.8678">
        <time>2025-04-23T15:19:00Z</time>
      </trkpt>
      <trkpt lat="68.85062" lon="20.88245">
        <time>2025-04-23T15:39:00Z</time>
      </trkpt>
      <trkpt lat="68.85073" lon="20.89481">
        <time>2025-04-23T15:59:00Z</time>
      </trkpt>
      <trkpt lat="68.85061" lon="20.89462">
        <time>2025-04-24T08:18:00Z</time>
      </trkpt>
      <trkpt lat="68.84995" lon="20.91788">
        <time>2025-04-24T08:38:00Z</time>
      </trkpt>
      <trkpt lat="68.84999" lon="20.94893">
        <time>2025-04-24T08:58:00Z</time>
      </trkpt>
      <trkpt lat="68.85276" lon="20.9729">
        <time>2025-04-24T09:18:00Z</time>
      </trkpt>
      <trkpt lat="68.85592" lon="20.99978">
        <time>2025-04-24T09:38:00Z</time>
      </trkpt>
      <trkpt lat="68.86025" lon="21.0054">
        <time>2025-04-24T09:58:00Z</time>
      </trkpt>
      <trkpt lat="68.86543" lon="21.028">
        <time>2025-04-24T10:18:00Z</time>
      </trkpt>
      <trkpt lat="68.87365" lon="21.01493">
        <time>2025-04-24T10:38:00Z</time>
      </trkpt>
      <trkpt lat="68.87645" lon="20.98674">
        <time>2025-04-24T10:58:00Z</time>
      </trkpt>
      <trkpt lat="68.87703" lon="20.98049">
        <time>2025-04-24T11:18:00Z</time>
      </trkpt>
      <trkpt lat="68.8798" lon="20.94526">
        <time>2025-04-24T11:38:00Z</time>
      </trkpt>
      <trkpt lat="68.88466" lon="20.91415">
        <time>2025-04-24T11:58:00Z</time>
      </trkpt>
      <trkpt lat="68.88662" lon="20.88709">
        <time>2025-04-24T12:18:00Z</time>
      </trkpt>
      <trkpt lat="68.8912" lon="20.85964">
        <time>2025-04-24T12:39:00Z</time>
      </trkpt>
      <trkpt lat="68.89929" lon="20.85797">
        <time>2025-04-24T12:59:00Z</time>
      </trkpt>
      <trkpt lat="68.90628" lon="20.8743">
        <time>2025-04-24T13:19:00Z</time>
      </trkpt>
      <trkpt lat="68.91606" lon="20.86953">
        <time>2025-04-24T13:39:00Z</time>
      </trkpt>
      <trkpt lat="68.92174" lon="20.85436">
        <time>2025-04-24T13:59:00Z</time>
      </trkpt>
      <trkpt lat="68.93326" lon="20.84958">
        <time>2025-04-24T14:19:00Z</time>
      </trkpt>
      <trkpt lat="68.94057" lon="20.86408">
        <time>2025-04-24T14:39:00Z</time>
      </trkpt>
      <trkpt lat="68.94985" lon="20.88962">
        <time>2025-04-24T14:59:00Z</time>
      </trkpt>
      <trkpt lat="68.96155" lon="20.90046">
        <time>2025-04-24T15:19:00Z</time>
      </trkpt>
      <trkpt lat="68.97186" lon="20.8841">
        <time>2025-04-24T15:40:00Z</time>
      </trkpt>
      <trkpt lat="69.00081" lon="20.81945">
        <time>2025-04-24T16:43:00Z</time>
      </trkpt>
      <trkpt lat="69.00915" lon="20.80119">
        <time>2025-04-24T17:04:00Z</time>
      </trkpt>
      <trkpt lat="69.0167" lon="20.77422">
        <time>2025-04-24T17:24:00Z</time>
      </trkpt>
      <trkpt lat="69.02421" lon="20.74562">
        <time>2025-04-24T17:45:00Z</time>
      </trkpt>
      <trkpt lat="69.0302" lon="20.72695">
        <time>2025-04-24T18:05:00Z</time>
      </trkpt>
      <trkpt lat="69.03844" lon="20.69517">
        <time>2025-04-24T18:25:00Z</time>
      </trkpt>
      <trkpt lat="69.04222" lon="20.66097">
        <time>2025-04-24T18:45:00Z</time>
      </trkpt>
      <trkpt lat="69.04548" lon="20.62292">
        <time>2025-04-24T19:05:00Z</time>
      </trkpt>
      <trkpt lat="69.04891" lon="20.59548">
        <time>2025-04-24T19:25:00Z</time>
      </trkpt>
      <trkpt lat="69.0537" lon="20.56743">
        <time>2025-04-24T19:45:00Z</time>
      </trkpt>
      <trkpt lat="69.05997" lon="20.54885">
        <time>2025-04-24T20:05:00Z</time>
      </trkpt>
      <trkpt lat="69.05996" lon="20.54896">
        <time>2025-04-24T20:16:00Z</time>
      </trkpt>
    </trkseg>
  </trk>
</gpx>
