<?xml version="1.0" encoding="UTF-8"?>
<gpx xmlns="http://www.topografix.com/GPX/1/1" version="1.1" creator="VitaBandet">
  <metadata>
    <name>Upplevelserik</name>
  </metadata>
  <trk>
    <name>Upplevelserik</name>
    <trkseg>
      <trkpt lat="61.34676" lon="16.37997">
        <time>2025-02-10T01:32:00Z</time>
      </trkpt>
      <trkpt lat="61.34705" lon="16.38005">
        <time>2025-02-10T05:32:00Z</time>
      </trkpt>
      <trkpt lat="61.34385" lon="16.3637">
        <time>2025-02-10T07:22:00Z</time>
      </trkpt>
      <trkpt lat="61.33236" lon="16.1653">
        <time>2025-02-10T07:32:00Z</time>
      </trkpt>
      <trkpt lat="61.35576" lon="15.94431">
        <time>2025-02-10T07:42:00Z</time>
      </trkpt>
      <trkpt lat="61.36294" lon="15.92481">
        <time>2025-02-10T07:52:00Z</time>
      </trkpt>
      <trkpt lat="61.38392" lon="15.8081">
        <time>2025-02-10T08:02:00Z</time>
      </trkpt>
      <trkpt lat="61.347" lon="15.60191">
        <time>2025-02-10T08:13:00Z</time>
      </trkpt>
      <trkpt lat="61.28685" lon="15.50994">
        <time>2025-02-10T08:23:00Z</time>
      </trkpt>
      <trkpt lat="61.21746" lon="15.41087">
        <time>2025-02-10T08:33:00Z</time>
      </trkpt>
      <trkpt lat="61.17196" lon="15.21057">
        <time>2025-02-10T08:43:00Z</time>
      </trkpt>
      <trkpt lat="61.15548" lon="15.07641">
        <time>2025-02-10T08:53:00Z</time>
      </trkpt>
      <trkpt lat="61.18698" lon="14.91158">
        <time>2025-02-10T09:03:00Z</time>
      </trkpt>
      <trkpt lat="61.18024" lon="14.73043">
        <time>2025-02-10T09:13:00Z</time>
      </trkpt>
      <trkpt lat="61.13968" lon="14.60316">
        <time>2025-02-10T09:23:00Z</time>
      </trkpt>
      <trkpt lat="61.11035" lon="14.46159">
        <time>2025-02-10T09:33:00Z</time>
      </trkpt>
      <trkpt lat="61.0847" lon="14.40586">
        <time>2025-02-10T09:38:00Z</time>
      </trkpt>
      <trkpt lat="61.07865" lon="14.35917">
        <time>2025-02-10T09:41:00Z</time>
      </trkpt>
      <trkpt lat="61.10831" lon="14.27482">
        <time>2025-02-10T09:48:00Z</time>
      </trkpt>
      <trkpt lat="61.13828" lon="14.16734">
        <time>2025-02-10T09:56:00Z</time>
      </trkpt>
      <trkpt lat="61.1485" lon="14.14571">
        <time>2025-02-10T09:58:00Z</time>
      </trkpt>
      <trkpt lat="61.18065" lon="14.09672">
        <time>2025-02-10T10:01:00Z</time>
      </trkpt>
      <trkpt lat="61.3287" lon="13.60122">
        <time>2025-02-10T10:42:00Z</time>
      </trkpt>
      <trkpt lat="61.43008" lon="13.47022">
        <time>2025-02-10T10:52:00Z</time>
      </trkpt>
      <trkpt lat="61.53508" lon="13.34815">
        <time>2025-02-10T11:02:00Z</time>
      </trkpt>
      <trkpt lat="61.63333" lon="13.225">
        <time>2025-02-10T11:12:00Z</time>
      </trkpt>
      <trkpt lat="61.69452" lon="13.08752">
        <time>2025-02-10T11:22:00Z</time>
      </trkpt>
      <trkpt lat="61.78094" lon="12.93994">
        <time>2025-02-10T11:32:00Z</time>
      </trkpt>
      <trkpt lat="61.82951" lon="12.8528">
        <time>2025-02-10T11:38:00Z</time>
      </trkpt>
      <trkpt lat="62.09866" lon="12.31252">
        <time>2025-02-11T09:13:00Z</time>
      </trkpt>
      <trkpt lat="62.09872" lon="12.31267">
        <time>2025-02-11T09:13:00Z</time>
      </trkpt>
      <trkpt lat="62.09881" lon="12.31348">
        <time>2025-02-11T09:23:00Z</time>
      </trkpt>
      <trkpt lat="62.09867" lon="12.32073">
        <time>2025-02-11T09:33:00Z</time>
      </trkpt>
      <trkpt lat="62.09966" lon="12.32625">
        <time>2025-02-11T09:43:00Z</time>
      </trkpt>
      <trkpt lat="62.10103" lon="12.32968">
        <time>2025-02-11T09:52:00Z</time>
      </trkpt>
      <trkpt lat="62.1014" lon="12.33005">
        <time>2025-02-11T09:53:00Z</time>
      </trkpt>
      <trkpt lat="62.10553" lon="12.33292">
        <time>2025-02-11T10:03:00Z</time>
      </trkpt>
      <trkpt lat="62.10941" lon="12.33629">
        <time>2025-02-11T10:13:00Z</time>
      </trkpt>
      <trkpt lat="62.11296" lon="12.33863">
        <time>2025-02-11T10:23:00Z</time>
      </trkpt>
      <trkpt lat="62.11296" lon="12.33859">
        <time>2025-02-11T10:33:00Z</time>
      </trkpt>
      <trkpt lat="62.12237" lon="12.35352">
        <time>2025-02-11T10:43:00Z</time>
      </trkpt>
      <trkpt lat="62.12873" lon="12.35801">
        <time>2025-02-11T10:53:00Z</time>
      </trkpt>
      <trkpt lat="62.13458" lon="12.36127">
        <time>2025-02-11T11:03:00Z</time>
      </trkpt>
      <trkpt lat="62.14043" lon="12.36395">
        <time>2025-02-11T11:13:00Z</time>
      </trkpt>
      <trkpt lat="62.14961" lon="12.36998">
        <time>2025-02-11T11:23:00Z</time>
      </trkpt>
      <trkpt lat="62.15655" lon="12.37513">
        <time>2025-02-11T11:33:00Z</time>
      </trkpt>
      <trkpt lat="62.16666" lon="12.38015">
        <time>2025-02-11T11:43:00Z</time>
      </trkpt>
      <trkpt lat="62.17974" lon="12.38787">
        <time>2025-02-11T11:53:00Z</time>
      </trkpt>
      <trkpt lat="62.18388" lon="12.39075">
        <time>2025-02-11T12:03:00Z</time>
      </trkpt>
      <trkpt lat="62.18729" lon="12.38936">
        <time>2025-02-11T12:13:00Z</time>
      </trkpt>
      <trkpt lat="62.18726" lon="12.38936">
        <time>2025-02-11T12:23:00Z</time>
      </trkpt>
      <trkpt lat="62.19406" lon="12.38674">
        <time>2025-02-11T13:13:00Z</time>
      </trkpt>
      <trkpt lat="62.20048" lon="12.38215">
        <time>2025-02-11T13:23:00Z</time>
      </trkpt>
      <trkpt lat="62.20667" lon="12.37755">
        <time>2025-02-11T13:33:00Z</time>
      </trkpt>
      <trkpt lat="62.2113" lon="12.36781">
        <time>2025-02-11T13:43:00Z</time>
      </trkpt>
      <trkpt lat="62.21561" lon="12.35852">
        <time>2025-02-11T13:53:00Z</time>
      </trkpt>
      <trkpt lat="62.22059" lon="12.35277">
        <time>2025-02-11T14:03:00Z</time>
      </trkpt>
      <trkpt lat="62.22234" lon="12.35009">
        <time>2025-02-11T14:13:00Z</time>
      </trkpt>
      <trkpt lat="62.22573" lon="12.35187">
        <time>2025-02-11T14:23:00Z</time>
      </trkpt>
      <trkpt lat="62.23066" lon="12.35217">
        <time>2025-02-11T14:33:00Z</time>
      </trkpt>
      <trkpt lat="62.23483" lon="12.35225">
        <time>2025-02-11T14:43:00Z</time>
      </trkpt>
      <trkpt lat="62.2386" lon="12.34904">
        <time>2025-02-11T14:53:00Z</time>
      </trkpt>
      <trkpt lat="62.24383" lon="12.34743">
        <time>2025-02-11T15:03:00Z</time>
      </trkpt>
      <trkpt lat="62.24911" lon="12.34803">
        <time>2025-02-11T15:13:00Z</time>
      </trkpt>
      <trkpt lat="62.25132" lon="12.34886">
        <time>2025-02-11T15:23:00Z</time>
      </trkpt>
      <trkpt lat="62.25554" lon="12.34919">
        <time>2025-02-11T15:33:00Z</time>
      </trkpt>
      <trkpt lat="62.25555" lon="12.34925">
        <time>2025-02-11T15:43:00Z</time>
      </trkpt>
      <trkpt lat="62.25556" lon="12.34934">
        <time>2025-02-11T15:45:00Z</time>
      </trkpt>
      <trkpt lat="62.2556" lon="12.34919">
        <time>2025-02-12T08:14:00Z</time>
      </trkpt>
      <trkpt lat="62.2559" lon="12.34953">
        <time>2025-02-12T08:14:00Z</time>
      </trkpt>
      <trkpt lat="62.25556" lon="12.34912">
        <time>2025-02-12T08:24:00Z</time>
      </trkpt>
      <trkpt lat="62.25559" lon="12.34901">
        <time>2025-02-12T09:03:00Z</time>
      </trkpt>
      <trkpt lat="62.25981" lon="12.35421">
        <time>2025-02-12T09:24:00Z</time>
      </trkpt>
      <trkpt lat="62.25933" lon="12.36743">
        <time>2025-02-12T09:34:00Z</time>
      </trkpt>
      <trkpt lat="62.26073" lon="12.37708">
        <time>2025-02-12T09:44:00Z</time>
      </trkpt>
      <trkpt lat="62.26623" lon="12.38438">
        <time>2025-02-12T09:54:00Z</time>
      </trkpt>
      <trkpt lat="62.27225" lon="12.38923">
        <time>2025-02-12T10:04:00Z</time>
      </trkpt>
      <trkpt lat="62.27826" lon="12.39405">
        <time>2025-02-12T10:14:00Z</time>
      </trkpt>
      <trkpt lat="62.28017" lon="12.39562">
        <time>2025-02-12T10:24:00Z</time>
      </trkpt>
      <trkpt lat="62.28042" lon="12.39626">
        <time>2025-02-12T10:34:00Z</time>
      </trkpt>
      <trkpt lat="62.28424" lon="12.40161">
        <time>2025-02-12T10:44:00Z</time>
      </trkpt>
      <trkpt lat="62.28885" lon="12.4033">
        <time>2025-02-12T10:54:00Z</time>
      </trkpt>
      <trkpt lat="62.29234" lon="12.41038">
        <time>2025-02-12T11:04:00Z</time>
      </trkpt>
      <trkpt lat="62.29283" lon="12.41506">
        <time>2025-02-12T11:14:00Z</time>
      </trkpt>
      <trkpt lat="62.2936" lon="12.42345">
        <time>2025-02-12T11:24:00Z</time>
      </trkpt>
      <trkpt lat="62.29824" lon="12.43455">
        <time>2025-02-12T11:34:00Z</time>
      </trkpt>
      <trkpt lat="62.30323" lon="12.43439">
        <time>2025-02-12T11:44:00Z</time>
      </trkpt>
      <trkpt lat="62.30778" lon="12.43188">
        <time>2025-02-12T11:54:00Z</time>
      </trkpt>
      <trkpt lat="62.31003" lon="12.43034">
        <time>2025-02-12T12:04:00Z</time>
      </trkpt>
      <trkpt lat="62.31006" lon="12.43047">
        <time>2025-02-12T12:14:00Z</time>
      </trkpt>
      <trkpt lat="62.31753" lon="12.42422">
        <time>2025-02-12T12:44:00Z</time>
      </trkpt>
      <trkpt lat="62.32222" lon="12.4197">
        <time>2025-02-12T12:54:00Z</time>
      </trkpt>
      <trkpt lat="62.32839" lon="12.41268">
        <time>2025-02-12T13:04:00Z</time>
      </trkpt>
      <trkpt lat="62.33177" lon="12.40787">
        <time>2025-02-12T13:14:00Z</time>
      </trkpt>
      <trkpt lat="62.33388" lon="12.40292">
        <time>2025-02-12T13:24:00Z</time>
      </trkpt>
      <trkpt lat="62.33661" lon="12.39474">
        <time>2025-02-12T13:34:00Z</time>
      </trkpt>
      <trkpt lat="62.33925" lon="12.38697">
        <time>2025-02-12T13:44:00Z</time>
      </trkpt>
      <trkpt lat="62.34313" lon="12.37554">
        <time>2025-02-12T13:54:00Z</time>
      </trkpt>
      <trkpt lat="62.34724" lon="12.36408">
        <time>2025-02-12T14:04:00Z</time>
      </trkpt>
      <trkpt lat="62.35132" lon="12.35337">
        <time>2025-02-12T14:14:00Z</time>
      </trkpt>
      <trkpt lat="62.3553" lon="12.34535">
        <time>2025-02-12T14:24:00Z</time>
      </trkpt>
      <trkpt lat="62.35532" lon="12.34537">
        <time>2025-02-12T14:34:00Z</time>
      </trkpt>
      <trkpt lat="62.36053" lon="12.34181">
        <time>2025-02-12T15:04:00Z</time>
      </trkpt>
      <trkpt lat="62.36723" lon="12.33908">
        <time>2025-02-12T15:14:00Z</time>
      </trkpt>
      <trkpt lat="62.37247" lon="12.33286">
        <time>2025-02-12T15:24:00Z</time>
      </trkpt>
      <trkpt lat="62.37649" lon="12.32241">
        <time>2025-02-12T15:34:00Z</time>
      </trkpt>
      <trkpt lat="62.37826" lon="12.31007">
        <time>2025-02-12T15:44:00Z</time>
      </trkpt>
      <trkpt lat="62.38281" lon="12.30262">
        <time>2025-02-12T15:54:00Z</time>
      </trkpt>
      <trkpt lat="62.38572" lon="12.29709">
        <time>2025-02-12T16:04:00Z</time>
      </trkpt>
      <trkpt lat="62.38764" lon="12.28878">
        <time>2025-02-12T16:14:00Z</time>
      </trkpt>
      <trkpt lat="62.38783" lon="12.28805">
        <time>2025-02-12T16:22:00Z</time>
      </trkpt>
      <trkpt lat="62.38784" lon="12.28808">
        <time>2025-02-12T16:24:00Z</time>
      </trkpt>
      <trkpt lat="62.38805" lon="12.28782">
        <time>2025-02-13T07:20:00Z</time>
      </trkpt>
      <trkpt lat="62.388" lon="12.28818">
        <time>2025-02-13T07:30:00Z</time>
      </trkpt>
      <trkpt lat="62.38791" lon="12.2882">
        <time>2025-02-13T07:49:00Z</time>
      </trkpt>
      <trkpt lat="62.39149" lon="12.28451">
        <time>2025-02-13T08:10:00Z</time>
      </trkpt>
      <trkpt lat="62.39578" lon="12.28078">
        <time>2025-02-13T08:20:00Z</time>
      </trkpt>
      <trkpt lat="62.40011" lon="12.2773">
        <time>2025-02-13T08:30:00Z</time>
      </trkpt>
      <trkpt lat="62.40567" lon="12.27406">
        <time>2025-02-13T08:40:00Z</time>
      </trkpt>
      <trkpt lat="62.41178" lon="12.27801">
        <time>2025-02-13T08:50:00Z</time>
      </trkpt>
      <trkpt lat="62.41872" lon="12.28127">
        <time>2025-02-13T09:00:00Z</time>
      </trkpt>
      <trkpt lat="62.42094" lon="12.28696">
        <time>2025-02-13T09:10:00Z</time>
      </trkpt>
      <trkpt lat="62.424" lon="12.29071">
        <time>2025-02-13T09:20:00Z</time>
      </trkpt>
      <trkpt lat="62.4284" lon="12.29535">
        <time>2025-02-13T09:30:00Z</time>
      </trkpt>
      <trkpt lat="62.43331" lon="12.29468">
        <time>2025-02-13T09:40:00Z</time>
      </trkpt>
      <trkpt lat="62.44" lon="12.2899">
        <time>2025-02-13T09:50:00Z</time>
      </trkpt>
      <trkpt lat="62.44284" lon="12.28962">
        <time>2025-02-13T10:00:00Z</time>
      </trkpt>
      <trkpt lat="62.44646" lon="12.28773">
        <time>2025-02-13T10:10:00Z</time>
      </trkpt>
      <trkpt lat="62.44685" lon="12.28653">
        <time>2025-02-13T10:20:00Z</time>
      </trkpt>
      <trkpt lat="62.45216" lon="12.28108">
        <time>2025-02-13T10:30:00Z</time>
      </trkpt>
      <trkpt lat="62.45623" lon="12.28134">
        <time>2025-02-13T10:40:00Z</time>
      </trkpt>
      <trkpt lat="62.4601" lon="12.2837">
        <time>2025-02-13T10:50:00Z</time>
      </trkpt>
      <trkpt lat="62.46327" lon="12.28681">
        <time>2025-02-13T11:00:00Z</time>
      </trkpt>
      <trkpt lat="62.46628" lon="12.28365">
        <time>2025-02-13T11:10:00Z</time>
      </trkpt>
      <trkpt lat="62.46751" lon="12.28445">
        <time>2025-02-13T11:42:00Z</time>
      </trkpt>
      <trkpt lat="62.4676" lon="12.28441">
        <time>2025-02-13T11:53:00Z</time>
      </trkpt>
      <trkpt lat="62.46877" lon="12.28507">
        <time>2025-02-13T12:03:00Z</time>
      </trkpt>
      <trkpt lat="62.47078" lon="12.28765">
        <time>2025-02-13T12:13:00Z</time>
      </trkpt>
      <trkpt lat="62.4725" lon="12.28863">
        <time>2025-02-13T12:23:00Z</time>
      </trkpt>
      <trkpt lat="62.47515" lon="12.28421">
        <time>2025-02-13T12:33:00Z</time>
      </trkpt>
      <trkpt lat="62.47839" lon="12.27619">
        <time>2025-02-13T12:43:00Z</time>
      </trkpt>
      <trkpt lat="62.48148" lon="12.27286">
        <time>2025-02-13T12:53:00Z</time>
      </trkpt>
      <trkpt lat="62.48549" lon="12.27119">
        <time>2025-02-13T13:03:00Z</time>
      </trkpt>
      <trkpt lat="62.48864" lon="12.26966">
        <time>2025-02-13T13:13:00Z</time>
      </trkpt>
      <trkpt lat="62.48909" lon="12.26917">
        <time>2025-02-13T13:23:00Z</time>
      </trkpt>
      <trkpt lat="62.4968" lon="12.26988">
        <time>2025-02-13T13:33:00Z</time>
      </trkpt>
      <trkpt lat="62.50475" lon="12.27271">
        <time>2025-02-13T13:43:00Z</time>
      </trkpt>
      <trkpt lat="62.51281" lon="12.27938">
        <time>2025-02-13T13:53:00Z</time>
      </trkpt>
      <trkpt lat="62.51784" lon="12.28507">
        <time>2025-02-13T14:03:00Z</time>
      </trkpt>
      <trkpt lat="62.5262" lon="12.29322">
        <time>2025-02-13T14:13:00Z</time>
      </trkpt>
      <trkpt lat="62.52789" lon="12.29769">
        <time>2025-02-13T14:23:00Z</time>
      </trkpt>
      <trkpt lat="62.53276" lon="12.31043">
        <time>2025-02-13T14:33:00Z</time>
      </trkpt>
      <trkpt lat="62.53926" lon="12.31097">
        <time>2025-02-13T14:43:00Z</time>
      </trkpt>
      <trkpt lat="62.54216" lon="12.3129">
        <time>2025-02-13T14:53:00Z</time>
      </trkpt>
      <trkpt lat="62.54216" lon="12.31288">
        <time>2025-02-13T15:03:00Z</time>
      </trkpt>
      <trkpt lat="62.54461" lon="12.30681">
        <time>2025-02-13T15:13:00Z</time>
      </trkpt>
      <trkpt lat="62.54884" lon="12.30084">
        <time>2025-02-13T15:23:00Z</time>
      </trkpt>
      <trkpt lat="62.55182" lon="12.28567">
        <time>2025-02-13T15:33:00Z</time>
      </trkpt>
      <trkpt lat="62.55391" lon="12.27561">
        <time>2025-02-13T15:43:00Z</time>
      </trkpt>
      <trkpt lat="62.55753" lon="12.26286">
        <time>2025-02-13T15:53:00Z</time>
      </trkpt>
      <trkpt lat="62.56083" lon="12.25374">
        <time>2025-02-13T16:03:00Z</time>
      </trkpt>
      <trkpt lat="62.56505" lon="12.2508">
        <time>2025-02-13T16:13:00Z</time>
      </trkpt>
      <trkpt lat="62.56934" lon="12.23529">
        <time>2025-02-13T16:23:00Z</time>
      </trkpt>
      <trkpt lat="62.5738" lon="12.22583">
        <time>2025-02-13T16:33:00Z</time>
      </trkpt>
      <trkpt lat="62.57434" lon="12.22636">
        <time>2025-02-13T16:59:00Z</time>
      </trkpt>
      <trkpt lat="62.57643" lon="12.21851">
        <time>2025-02-13T17:09:00Z</time>
      </trkpt>
      <trkpt lat="62.57805" lon="12.2099">
        <time>2025-02-13T17:19:00Z</time>
      </trkpt>
      <trkpt lat="62.57997" lon="12.20293">
        <time>2025-02-13T17:29:00Z</time>
      </trkpt>
      <trkpt lat="62.58336" lon="12.19739">
        <time>2025-02-13T17:39:00Z</time>
      </trkpt>
      <trkpt lat="62.58605" lon="12.18813">
        <time>2025-02-13T17:49:00Z</time>
      </trkpt>
      <trkpt lat="62.59258" lon="12.18173">
        <time>2025-02-13T17:59:00Z</time>
      </trkpt>
      <trkpt lat="62.59659" lon="12.17744">
        <time>2025-02-13T18:09:00Z</time>
      </trkpt>
      <trkpt lat="62.60102" lon="12.16984">
        <time>2025-02-13T18:19:00Z</time>
      </trkpt>
      <trkpt lat="62.60307" lon="12.17212">
        <time>2025-02-13T18:29:00Z</time>
      </trkpt>
      <trkpt lat="62.60313" lon="12.17216">
        <time>2025-02-13T18:30:00Z</time>
      </trkpt>
      <trkpt lat="62.60395" lon="12.17699">
        <time>2025-02-13T18:39:00Z</time>
      </trkpt>
      <trkpt lat="62.60496" lon="12.18066">
        <time>2025-02-13T18:49:00Z</time>
      </trkpt>
      <trkpt lat="62.60469" lon="12.17911">
        <time>2025-02-13T18:59:00Z</time>
      </trkpt>
      <trkpt lat="62.60491" lon="12.18062">
        <time>2025-02-15T09:11:00Z</time>
      </trkpt>
      <trkpt lat="62.60486" lon="12.18077">
        <time>2025-02-15T09:11:00Z</time>
      </trkpt>
      <trkpt lat="62.60496" lon="12.18064">
        <time>2025-02-15T09:21:00Z</time>
      </trkpt>
      <trkpt lat="62.60493" lon="12.18072">
        <time>2025-02-15T09:27:00Z</time>
      </trkpt>
      <trkpt lat="62.60623" lon="12.18102">
        <time>2025-02-15T09:31:00Z</time>
      </trkpt>
      <trkpt lat="62.60785" lon="12.18641">
        <time>2025-02-15T09:41:00Z</time>
      </trkpt>
      <trkpt lat="62.60725" lon="12.19141">
        <time>2025-02-15T09:51:00Z</time>
      </trkpt>
      <trkpt lat="62.60148" lon="12.19634">
        <time>2025-02-15T10:01:00Z</time>
      </trkpt>
      <trkpt lat="62.6045" lon="12.20576">
        <time>2025-02-15T10:11:00Z</time>
      </trkpt>
      <trkpt lat="62.60701" lon="12.22267">
        <time>2025-02-15T10:21:00Z</time>
      </trkpt>
      <trkpt lat="62.60835" lon="12.23145">
        <time>2025-02-15T10:31:00Z</time>
      </trkpt>
      <trkpt lat="62.60995" lon="12.24216">
        <time>2025-02-15T10:41:00Z</time>
      </trkpt>
      <trkpt lat="62.61202" lon="12.25447">
        <time>2025-02-15T10:51:00Z</time>
      </trkpt>
      <trkpt lat="62.61255" lon="12.2681">
        <time>2025-02-15T11:01:00Z</time>
      </trkpt>
      <trkpt lat="62.61275" lon="12.27756">
        <time>2025-02-15T11:11:00Z</time>
      </trkpt>
      <trkpt lat="62.61365" lon="12.29217">
        <time>2025-02-15T11:21:00Z</time>
      </trkpt>
      <trkpt lat="62.61499" lon="12.30535">
        <time>2025-02-15T11:31:00Z</time>
      </trkpt>
      <trkpt lat="62.61456" lon="12.31764">
        <time>2025-02-15T11:41:00Z</time>
      </trkpt>
      <trkpt lat="62.61433" lon="12.3261">
        <time>2025-02-15T11:51:00Z</time>
      </trkpt>
      <trkpt lat="62.61441" lon="12.32638">
        <time>2025-02-15T12:01:00Z</time>
      </trkpt>
      <trkpt lat="62.61928" lon="12.34157">
        <time>2025-02-15T12:41:00Z</time>
      </trkpt>
      <trkpt lat="62.62238" lon="12.34944">
        <time>2025-02-15T12:51:00Z</time>
      </trkpt>
      <trkpt lat="62.62388" lon="12.35286">
        <time>2025-02-15T13:01:00Z</time>
      </trkpt>
      <trkpt lat="62.62727" lon="12.3576">
        <time>2025-02-15T13:11:00Z</time>
      </trkpt>
      <trkpt lat="62.62875" lon="12.3579">
        <time>2025-02-15T13:21:00Z</time>
      </trkpt>
      <trkpt lat="62.64438" lon="12.3611">
        <time>2025-02-15T13:31:00Z</time>
      </trkpt>
      <trkpt lat="62.64875" lon="12.38448">
        <time>2025-02-15T13:41:00Z</time>
      </trkpt>
      <trkpt lat="62.64219" lon="12.4027">
        <time>2025-02-15T13:51:00Z</time>
      </trkpt>
      <trkpt lat="62.63982" lon="12.41446">
        <time>2025-02-15T14:01:00Z</time>
      </trkpt>
      <trkpt lat="62.64157" lon="12.4194">
        <time>2025-02-15T14:11:00Z</time>
      </trkpt>
      <trkpt lat="62.64147" lon="12.4194">
        <time>2025-02-15T14:21:00Z</time>
      </trkpt>
      <trkpt lat="62.63977" lon="12.43025">
        <time>2025-02-15T14:41:00Z</time>
      </trkpt>
      <trkpt lat="62.64146" lon="12.43718">
        <time>2025-02-15T14:51:00Z</time>
      </trkpt>
      <trkpt lat="62.64367" lon="12.43989">
        <time>2025-02-15T15:01:00Z</time>
      </trkpt>
      <trkpt lat="62.64529" lon="12.44397">
        <time>2025-02-15T15:11:00Z</time>
      </trkpt>
      <trkpt lat="62.64651" lon="12.44757">
        <time>2025-02-15T15:21:00Z</time>
      </trkpt>
      <trkpt lat="62.64561" lon="12.45045">
        <time>2025-02-15T15:31:00Z</time>
      </trkpt>
      <trkpt lat="62.64302" lon="12.45978">
        <time>2025-02-15T15:41:00Z</time>
      </trkpt>
      <trkpt lat="62.63903" lon="12.46244">
        <time>2025-02-15T15:51:00Z</time>
      </trkpt>
      <trkpt lat="62.6373" lon="12.46933">
        <time>2025-02-15T16:01:00Z</time>
      </trkpt>
      <trkpt lat="62.63727" lon="12.46935">
        <time>2025-02-15T16:11:00Z</time>
      </trkpt>
      <trkpt lat="62.63725" lon="12.46935">
        <time>2025-02-15T16:11:00Z</time>
      </trkpt>
      <trkpt lat="62.63725" lon="12.46944">
        <time>2025-02-16T07:22:00Z</time>
      </trkpt>
      <trkpt lat="62.63729" lon="12.46939">
        <time>2025-02-16T07:32:00Z</time>
      </trkpt>
      <trkpt lat="62.6373" lon="12.46944">
        <time>2025-02-16T08:07:00Z</time>
      </trkpt>
      <trkpt lat="62.63863" lon="12.46907">
        <time>2025-02-16T08:22:00Z</time>
      </trkpt>
      <trkpt lat="62.64013" lon="12.47418">
        <time>2025-02-16T08:32:00Z</time>
      </trkpt>
      <trkpt lat="62.64036" lon="12.48656">
        <time>2025-02-16T08:42:00Z</time>
      </trkpt>
      <trkpt lat="62.6394" lon="12.4978">
        <time>2025-02-16T08:52:00Z</time>
      </trkpt>
      <trkpt lat="62.64064" lon="12.509">
        <time>2025-02-16T09:02:00Z</time>
      </trkpt>
      <trkpt lat="62.64282" lon="12.51954">
        <time>2025-02-16T09:12:00Z</time>
      </trkpt>
      <trkpt lat="62.64161" lon="12.53402">
        <time>2025-02-16T09:22:00Z</time>
      </trkpt>
      <trkpt lat="62.63973" lon="12.54853">
        <time>2025-02-16T09:32:00Z</time>
      </trkpt>
      <trkpt lat="62.63546" lon="12.56121">
        <time>2025-02-16T09:42:00Z</time>
      </trkpt>
      <trkpt lat="62.63356" lon="12.56481">
        <time>2025-02-16T09:52:00Z</time>
      </trkpt>
      <trkpt lat="62.63291" lon="12.57803">
        <time>2025-02-16T10:02:00Z</time>
      </trkpt>
      <trkpt lat="62.63092" lon="12.5944">
        <time>2025-02-16T10:12:00Z</time>
      </trkpt>
      <trkpt lat="62.63105" lon="12.61009">
        <time>2025-02-16T10:22:00Z</time>
      </trkpt>
      <trkpt lat="62.62973" lon="12.62305">
        <time>2025-02-16T10:32:00Z</time>
      </trkpt>
      <trkpt lat="62.63166" lon="12.63803">
        <time>2025-02-16T10:42:00Z</time>
      </trkpt>
      <trkpt lat="62.63601" lon="12.64929">
        <time>2025-02-16T10:52:00Z</time>
      </trkpt>
      <trkpt lat="62.63813" lon="12.65777">
        <time>2025-02-16T11:02:00Z</time>
      </trkpt>
      <trkpt lat="62.64338" lon="12.66277">
        <time>2025-02-16T11:12:00Z</time>
      </trkpt>
      <trkpt lat="62.64966" lon="12.66749">
        <time>2025-02-16T11:22:00Z</time>
      </trkpt>
      <trkpt lat="62.6515" lon="12.66991">
        <time>2025-02-16T11:32:00Z</time>
      </trkpt>
      <trkpt lat="62.65162" lon="12.66996">
        <time>2025-02-16T11:42:00Z</time>
      </trkpt>
      <trkpt lat="62.65503" lon="12.68094">
        <time>2025-02-16T12:02:00Z</time>
      </trkpt>
      <trkpt lat="62.65816" lon="12.68854">
        <time>2025-02-16T12:12:00Z</time>
      </trkpt>
      <trkpt lat="62.66384" lon="12.69111">
        <time>2025-02-16T12:22:00Z</time>
      </trkpt>
      <trkpt lat="62.6723" lon="12.68069">
        <time>2025-02-16T12:32:00Z</time>
      </trkpt>
      <trkpt lat="62.68054" lon="12.67706">
        <time>2025-02-16T12:42:00Z</time>
      </trkpt>
      <trkpt lat="62.68632" lon="12.67283">
        <time>2025-02-16T12:52:00Z</time>
      </trkpt>
      <trkpt lat="62.68861" lon="12.67279">
        <time>2025-02-16T13:02:00Z</time>
      </trkpt>
      <trkpt lat="62.6893" lon="12.68148">
        <time>2025-02-16T13:12:00Z</time>
      </trkpt>
      <trkpt lat="62.69272" lon="12.68084">
        <time>2025-02-16T13:22:00Z</time>
      </trkpt>
      <trkpt lat="62.69566" lon="12.68277">
        <time>2025-02-16T13:32:00Z</time>
      </trkpt>
      <trkpt lat="62.69931" lon="12.68667">
        <time>2025-02-16T13:42:00Z</time>
      </trkpt>
      <trkpt lat="62.70127" lon="12.69444">
        <time>2025-02-16T13:52:00Z</time>
      </trkpt>
      <trkpt lat="62.70105" lon="12.70444">
        <time>2025-02-16T14:02:00Z</time>
      </trkpt>
      <trkpt lat="62.70018" lon="12.70328">
        <time>2025-02-16T14:12:00Z</time>
      </trkpt>
      <trkpt lat="62.70018" lon="12.70328">
        <time>2025-02-16T14:22:00Z</time>
      </trkpt>
      <trkpt lat="62.70017" lon="12.70335">
        <time>2025-02-16T14:59:00Z</time>
      </trkpt>
      <trkpt lat="62.6999" lon="12.70311">
        <time>2025-02-17T07:36:00Z</time>
      </trkpt>
      <trkpt lat="62.70024" lon="12.70335">
        <time>2025-02-17T07:46:00Z</time>
      </trkpt>
      <trkpt lat="62.69912" lon="12.70828">
        <time>2025-02-17T07:55:00Z</time>
      </trkpt>
      <trkpt lat="62.70102" lon="12.70472">
        <time>2025-02-17T08:06:00Z</time>
      </trkpt>
      <trkpt lat="62.70466" lon="12.70972">
        <time>2025-02-17T08:16:00Z</time>
      </trkpt>
      <trkpt lat="62.70943" lon="12.71075">
        <time>2025-02-17T08:26:00Z</time>
      </trkpt>
      <trkpt lat="62.71334" lon="12.71296">
        <time>2025-02-17T08:36:00Z</time>
      </trkpt>
      <trkpt lat="62.71727" lon="12.7162">
        <time>2025-02-17T08:46:00Z</time>
      </trkpt>
      <trkpt lat="62.72094" lon="12.72296">
        <time>2025-02-17T08:56:00Z</time>
      </trkpt>
      <trkpt lat="62.72505" lon="12.73002">
        <time>2025-02-17T09:06:00Z</time>
      </trkpt>
      <trkpt lat="62.72893" lon="12.73618">
        <time>2025-02-17T09:16:00Z</time>
      </trkpt>
      <trkpt lat="62.73442" lon="12.74182">
        <time>2025-02-17T09:26:00Z</time>
      </trkpt>
      <trkpt lat="62.7403" lon="12.74798">
        <time>2025-02-17T09:36:00Z</time>
      </trkpt>
      <trkpt lat="62.74366" lon="12.75205">
        <time>2025-02-17T09:46:00Z</time>
      </trkpt>
      <trkpt lat="62.75016" lon="12.76098">
        <time>2025-02-17T09:56:00Z</time>
      </trkpt>
      <trkpt lat="62.75726" lon="12.76813">
        <time>2025-02-17T10:06:00Z</time>
      </trkpt>
      <trkpt lat="62.76477" lon="12.77195">
        <time>2025-02-17T10:16:00Z</time>
      </trkpt>
      <trkpt lat="62.77282" lon="12.77021">
        <time>2025-02-17T10:26:00Z</time>
      </trkpt>
      <trkpt lat="62.78058" lon="12.76697">
        <time>2025-02-17T10:36:00Z</time>
      </trkpt>
      <trkpt lat="62.78744" lon="12.76268">
        <time>2025-02-17T10:46:00Z</time>
      </trkpt>
      <trkpt lat="62.7875" lon="12.76274">
        <time>2025-02-17T10:56:00Z</time>
      </trkpt>
      <trkpt lat="62.79204" lon="12.7645">
        <time>2025-02-17T11:16:00Z</time>
      </trkpt>
      <trkpt lat="62.79982" lon="12.77158">
        <time>2025-02-17T11:26:00Z</time>
      </trkpt>
      <trkpt lat="62.8059" lon="12.76901">
        <time>2025-02-17T11:36:00Z</time>
      </trkpt>
      <trkpt lat="62.8106" lon="12.76064">
        <time>2025-02-17T11:46:00Z</time>
      </trkpt>
      <trkpt lat="62.81178" lon="12.75695">
        <time>2025-02-17T11:56:00Z</time>
      </trkpt>
      <trkpt lat="62.81273" lon="12.75622">
        <time>2025-02-17T12:06:00Z</time>
      </trkpt>
      <trkpt lat="62.81777" lon="12.75959">
        <time>2025-02-17T12:16:00Z</time>
      </trkpt>
      <trkpt lat="62.82176" lon="12.76667">
        <time>2025-02-17T12:26:00Z</time>
      </trkpt>
      <trkpt lat="62.82537" lon="12.77776">
        <time>2025-02-17T12:36:00Z</time>
      </trkpt>
      <trkpt lat="62.82935" lon="12.78905">
        <time>2025-02-17T12:46:00Z</time>
      </trkpt>
      <trkpt lat="62.83095" lon="12.79894">
        <time>2025-02-17T12:56:00Z</time>
      </trkpt>
      <trkpt lat="62.84117" lon="12.79885">
        <time>2025-02-17T13:06:00Z</time>
      </trkpt>
      <trkpt lat="62.84516" lon="12.80003">
        <time>2025-02-17T13:16:00Z</time>
      </trkpt>
      <trkpt lat="62.85078" lon="12.79418">
        <time>2025-02-17T13:26:00Z</time>
      </trkpt>
      <trkpt lat="62.85077" lon="12.79087">
        <time>2025-02-17T13:34:00Z</time>
      </trkpt>
      <trkpt lat="62.85082" lon="12.79089">
        <time>2025-02-17T13:38:00Z</time>
      </trkpt>
      <trkpt lat="62.8507" lon="12.79016">
        <time>2025-02-17T13:48:00Z</time>
      </trkpt>
      <trkpt lat="62.85044" lon="12.79046">
        <time>2025-02-17T17:50:00Z</time>
      </trkpt>
      <trkpt lat="62.85031" lon="12.79064">
        <time>2025-02-17T18:00:00Z</time>
      </trkpt>
      <trkpt lat="62.85074" lon="12.79083">
        <time>2025-02-17T22:00:00Z</time>
      </trkpt>
      <trkpt lat="62.85057" lon="12.79089">
        <time>2025-02-18T07:38:00Z</time>
      </trkpt>
      <trkpt lat="62.85123" lon="12.79087">
        <time>2025-02-18T07:39:00Z</time>
      </trkpt>
      <trkpt lat="62.85147" lon="12.78812">
        <time>2025-02-18T07:48:00Z</time>
      </trkpt>
      <trkpt lat="62.85333" lon="12.78046">
        <time>2025-02-18T07:58:00Z</time>
      </trkpt>
      <trkpt lat="62.85432" lon="12.77203">
        <time>2025-02-18T08:08:00Z</time>
      </trkpt>
      <trkpt lat="62.85871" lon="12.77347">
        <time>2025-02-18T08:18:00Z</time>
      </trkpt>
      <trkpt lat="62.86331" lon="12.76787">
        <time>2025-02-18T08:28:00Z</time>
      </trkpt>
      <trkpt lat="62.86913" lon="12.76098">
        <time>2025-02-18T08:38:00Z</time>
      </trkpt>
      <trkpt lat="62.87413" lon="12.76044">
        <time>2025-02-18T08:48:00Z</time>
      </trkpt>
      <trkpt lat="62.88024" lon="12.75656">
        <time>2025-02-18T08:58:00Z</time>
      </trkpt>
      <trkpt lat="62.88578" lon="12.74557">
        <time>2025-02-18T09:08:00Z</time>
      </trkpt>
      <trkpt lat="62.88648" lon="12.74474">
        <time>2025-02-18T09:18:00Z</time>
      </trkpt>
      <trkpt lat="62.88757" lon="12.74096">
        <time>2025-02-18T09:28:00Z</time>
      </trkpt>
      <trkpt lat="62.89338" lon="12.73412">
        <time>2025-02-18T09:38:00Z</time>
      </trkpt>
      <trkpt lat="62.89852" lon="12.733">
        <time>2025-02-18T09:48:00Z</time>
      </trkpt>
      <trkpt lat="62.90236" lon="12.73384">
        <time>2025-02-18T09:58:00Z</time>
      </trkpt>
      <trkpt lat="62.90618" lon="12.73236">
        <time>2025-02-18T10:08:00Z</time>
      </trkpt>
      <trkpt lat="62.91283" lon="12.73519">
        <time>2025-02-18T10:18:00Z</time>
      </trkpt>
      <trkpt lat="62.91964" lon="12.73598">
        <time>2025-02-18T10:28:00Z</time>
      </trkpt>
      <trkpt lat="62.92537" lon="12.73045">
        <time>2025-02-18T10:38:00Z</time>
      </trkpt>
      <trkpt lat="62.93034" lon="12.7265">
        <time>2025-02-18T10:48:00Z</time>
      </trkpt>
      <trkpt lat="62.93034" lon="12.72635">
        <time>2025-02-18T10:58:00Z</time>
      </trkpt>
      <trkpt lat="62.9345" lon="12.72212">
        <time>2025-02-18T11:28:00Z</time>
      </trkpt>
      <trkpt lat="62.93911" lon="12.72349">
        <time>2025-02-18T11:38:00Z</time>
      </trkpt>
      <trkpt lat="62.94328" lon="12.72641">
        <time>2025-02-18T11:48:00Z</time>
      </trkpt>
      <trkpt lat="62.94494" lon="12.72742">
        <time>2025-02-18T11:58:00Z</time>
      </trkpt>
      <trkpt lat="62.94911" lon="12.73113">
        <time>2025-02-18T12:08:00Z</time>
      </trkpt>
      <trkpt lat="62.95364" lon="12.73605">
        <time>2025-02-18T12:18:00Z</time>
      </trkpt>
      <trkpt lat="62.95819" lon="12.74122">
        <time>2025-02-18T12:28:00Z</time>
      </trkpt>
      <trkpt lat="62.96369" lon="12.74817">
        <time>2025-02-18T12:38:00Z</time>
      </trkpt>
      <trkpt lat="62.96974" lon="12.75564">
        <time>2025-02-18T12:48:00Z</time>
      </trkpt>
      <trkpt lat="62.9763" lon="12.75845">
        <time>2025-02-18T12:58:00Z</time>
      </trkpt>
      <trkpt lat="62.98263" lon="12.75763">
        <time>2025-02-18T13:08:00Z</time>
      </trkpt>
      <trkpt lat="62.98736" lon="12.75184">
        <time>2025-02-18T13:18:00Z</time>
      </trkpt>
      <trkpt lat="62.99008" lon="12.74926">
        <time>2025-02-18T13:28:00Z</time>
      </trkpt>
      <trkpt lat="62.99157" lon="12.74823">
        <time>2025-02-18T13:38:00Z</time>
      </trkpt>
      <trkpt lat="62.99712" lon="12.74463">
        <time>2025-02-18T13:48:00Z</time>
      </trkpt>
      <trkpt lat="63.00216" lon="12.74248">
        <time>2025-02-18T13:58:00Z</time>
      </trkpt>
      <trkpt lat="63.00878" lon="12.74933">
        <time>2025-02-18T14:08:00Z</time>
      </trkpt>
      <trkpt lat="63.01368" lon="12.75596">
        <time>2025-02-18T14:18:00Z</time>
      </trkpt>
      <trkpt lat="63.02016" lon="12.76426">
        <time>2025-02-18T14:28:00Z</time>
      </trkpt>
      <trkpt lat="63.02507" lon="12.76602">
        <time>2025-02-18T14:38:00Z</time>
      </trkpt>
      <trkpt lat="63.03063" lon="12.77334">
        <time>2025-02-18T14:48:00Z</time>
      </trkpt>
      <trkpt lat="63.03455" lon="12.78461">
        <time>2025-02-18T14:58:00Z</time>
      </trkpt>
      <trkpt lat="63.03851" lon="12.79458">
        <time>2025-02-18T15:08:00Z</time>
      </trkpt>
      <trkpt lat="63.04035" lon="12.79686">
        <time>2025-02-18T15:18:00Z</time>
      </trkpt>
      <trkpt lat="63.04039" lon="12.80018">
        <time>2025-02-18T15:28:00Z</time>
      </trkpt>
      <trkpt lat="63.04096" lon="12.80001">
        <time>2025-02-18T15:38:00Z</time>
      </trkpt>
      <trkpt lat="63.04106" lon="12.80006">
        <time>2025-02-18T15:38:00Z</time>
      </trkpt>
      <trkpt lat="63.04088" lon="12.80001">
        <time>2025-02-18T15:39:00Z</time>
      </trkpt>
      <trkpt lat="63.04094" lon="12.80003">
        <time>2025-02-19T08:11:00Z</time>
      </trkpt>
      <trkpt lat="63.04095" lon="12.79995">
        <time>2025-02-19T08:12:00Z</time>
      </trkpt>
      <trkpt lat="63.04266" lon="12.79697">
        <time>2025-02-19T08:21:00Z</time>
      </trkpt>
      <trkpt lat="63.04753" lon="12.79409">
        <time>2025-02-19T08:31:00Z</time>
      </trkpt>
      <trkpt lat="63.05411" lon="12.79325">
        <time>2025-02-19T08:41:00Z</time>
      </trkpt>
      <trkpt lat="63.06081" lon="12.79724">
        <time>2025-02-19T08:51:00Z</time>
      </trkpt>
      <trkpt lat="63.06549" lon="12.80332">
        <time>2025-02-19T09:01:00Z</time>
      </trkpt>
      <trkpt lat="63.07201" lon="12.81035">
        <time>2025-02-19T09:11:00Z</time>
      </trkpt>
      <trkpt lat="63.07673" lon="12.81626">
        <time>2025-02-19T09:21:00Z</time>
      </trkpt>
      <trkpt lat="63.08119" lon="12.8193">
        <time>2025-02-19T09:31:00Z</time>
      </trkpt>
      <trkpt lat="63.08616" lon="12.81952">
        <time>2025-02-19T09:41:00Z</time>
      </trkpt>
      <trkpt lat="63.08961" lon="12.81754">
        <time>2025-02-19T09:51:00Z</time>
      </trkpt>
      <trkpt lat="63.08962" lon="12.81761">
        <time>2025-02-19T10:01:00Z</time>
      </trkpt>
      <trkpt lat="63.09298" lon="12.81317">
        <time>2025-02-19T10:11:00Z</time>
      </trkpt>
      <trkpt lat="63.09789" lon="12.81145">
        <time>2025-02-19T10:21:00Z</time>
      </trkpt>
      <trkpt lat="63.10485" lon="12.8146">
        <time>2025-02-19T10:31:00Z</time>
      </trkpt>
      <trkpt lat="63.11171" lon="12.82462">
        <time>2025-02-19T10:41:00Z</time>
      </trkpt>
      <trkpt lat="63.11355" lon="12.84155">
        <time>2025-02-19T10:51:00Z</time>
      </trkpt>
      <trkpt lat="63.11535" lon="12.84449">
        <time>2025-02-19T11:01:00Z</time>
      </trkpt>
      <trkpt lat="63.11672" lon="12.85973">
        <time>2025-02-19T11:11:00Z</time>
      </trkpt>
      <trkpt lat="63.12298" lon="12.86391">
        <time>2025-02-19T11:21:00Z</time>
      </trkpt>
      <trkpt lat="63.12414" lon="12.86572">
        <time>2025-02-19T11:31:00Z</time>
      </trkpt>
      <trkpt lat="63.12408" lon="12.8655">
        <time>2025-02-19T11:41:00Z</time>
      </trkpt>
      <trkpt lat="63.1284" lon="12.87181">
        <time>2025-02-19T12:11:00Z</time>
      </trkpt>
      <trkpt lat="63.13309" lon="12.8758">
        <time>2025-02-19T12:21:00Z</time>
      </trkpt>
      <trkpt lat="63.13465" lon="12.89011">
        <time>2025-02-19T12:31:00Z</time>
      </trkpt>
      <trkpt lat="63.13662" lon="12.89638">
        <time>2025-02-19T12:41:00Z</time>
      </trkpt>
      <trkpt lat="63.13908" lon="12.90719">
        <time>2025-02-19T12:51:00Z</time>
      </trkpt>
      <trkpt lat="63.14222" lon="12.91893">
        <time>2025-02-19T13:01:00Z</time>
      </trkpt>
      <trkpt lat="63.14388" lon="12.93245">
        <time>2025-02-19T13:11:00Z</time>
      </trkpt>
      <trkpt lat="63.14559" lon="12.94607">
        <time>2025-02-19T13:21:00Z</time>
      </trkpt>
      <trkpt lat="63.14556" lon="12.95524">
        <time>2025-02-19T13:31:00Z</time>
      </trkpt>
      <trkpt lat="63.14612" lon="12.96397">
        <time>2025-02-19T13:41:00Z</time>
      </trkpt>
      <trkpt lat="63.14767" lon="12.96511">
        <time>2025-02-19T13:51:00Z</time>
      </trkpt>
      <trkpt lat="63.14957" lon="12.96646">
        <time>2025-02-19T14:01:00Z</time>
      </trkpt>
      <trkpt lat="63.15028" lon="12.98197">
        <time>2025-02-19T14:11:00Z</time>
      </trkpt>
      <trkpt lat="63.15275" lon="12.99618">
        <time>2025-02-19T14:21:00Z</time>
      </trkpt>
      <trkpt lat="63.15458" lon="13.0089">
        <time>2025-02-19T14:31:00Z</time>
      </trkpt>
      <trkpt lat="63.15618" lon="13.0212">
        <time>2025-02-19T14:41:00Z</time>
      </trkpt>
      <trkpt lat="63.15839" lon="13.03896">
        <time>2025-02-19T14:51:00Z</time>
      </trkpt>
      <trkpt lat="63.16388" lon="13.05484">
        <time>2025-02-19T15:01:00Z</time>
      </trkpt>
      <trkpt lat="63.16558" lon="13.05984">
        <time>2025-02-19T15:12:00Z</time>
      </trkpt>
      <trkpt lat="63.16584" lon="13.05995">
        <time>2025-02-19T15:12:00Z</time>
      </trkpt>
      <trkpt lat="63.16562" lon="13.05828">
        <time>2025-02-19T15:22:00Z</time>
      </trkpt>
      <trkpt lat="63.1666" lon="13.05944">
        <time>2025-02-19T20:27:00Z</time>
      </trkpt>
      <trkpt lat="63.16636" lon="13.05978">
        <time>2025-02-20T07:56:00Z</time>
      </trkpt>
      <trkpt lat="63.16575" lon="13.05929">
        <time>2025-02-20T07:57:00Z</time>
      </trkpt>
      <trkpt lat="63.16661" lon="13.05982">
        <time>2025-02-20T08:06:00Z</time>
      </trkpt>
      <trkpt lat="63.17065" lon="13.06201">
        <time>2025-02-20T08:16:00Z</time>
      </trkpt>
      <trkpt lat="63.17823" lon="13.06207">
        <time>2025-02-20T08:26:00Z</time>
      </trkpt>
      <trkpt lat="63.18598" lon="13.06268">
        <time>2025-02-20T08:36:00Z</time>
      </trkpt>
      <trkpt lat="63.18968" lon="13.05868">
        <time>2025-02-20T08:46:00Z</time>
      </trkpt>
      <trkpt lat="63.19706" lon="13.05306">
        <time>2025-02-20T08:56:00Z</time>
      </trkpt>
      <trkpt lat="63.20414" lon="13.04813">
        <time>2025-02-20T09:06:00Z</time>
      </trkpt>
      <trkpt lat="63.20908" lon="13.04506">
        <time>2025-02-20T09:16:00Z</time>
      </trkpt>
      <trkpt lat="63.21181" lon="13.04579">
        <time>2025-02-20T09:26:00Z</time>
      </trkpt>
      <trkpt lat="63.21236" lon="13.05377">
        <time>2025-02-20T09:36:00Z</time>
      </trkpt>
      <trkpt lat="63.21586" lon="13.05396">
        <time>2025-02-20T09:46:00Z</time>
      </trkpt>
      <trkpt lat="63.21806" lon="13.05699">
        <time>2025-02-20T09:56:00Z</time>
      </trkpt>
      <trkpt lat="63.21892" lon="13.05725">
        <time>2025-02-20T10:06:00Z</time>
      </trkpt>
      <trkpt lat="63.22041" lon="13.05643">
        <time>2025-02-20T10:16:00Z</time>
      </trkpt>
      <trkpt lat="63.22095" lon="13.06017">
        <time>2025-02-20T10:26:00Z</time>
      </trkpt>
      <trkpt lat="63.22431" lon="13.06978">
        <time>2025-02-20T10:36:00Z</time>
      </trkpt>
      <trkpt lat="63.22833" lon="13.07407">
        <time>2025-02-20T10:46:00Z</time>
      </trkpt>
      <trkpt lat="63.23726" lon="13.08403">
        <time>2025-02-20T10:56:00Z</time>
      </trkpt>
      <trkpt lat="63.24349" lon="13.09151">
        <time>2025-02-20T11:06:00Z</time>
      </trkpt>
      <trkpt lat="63.24785" lon="13.10093">
        <time>2025-02-20T11:16:00Z</time>
      </trkpt>
      <trkpt lat="63.25071" lon="13.10879">
        <time>2025-02-20T11:26:00Z</time>
      </trkpt>
      <trkpt lat="63.25063" lon="13.10913">
        <time>2025-02-20T11:36:00Z</time>
      </trkpt>
      <trkpt lat="63.24975" lon="13.11312">
        <time>2025-02-20T12:06:00Z</time>
      </trkpt>
      <trkpt lat="63.24846" lon="13.12561">
        <time>2025-02-20T12:16:00Z</time>
      </trkpt>
      <trkpt lat="63.24528" lon="13.14357">
        <time>2025-02-20T12:26:00Z</time>
      </trkpt>
      <trkpt lat="63.24688" lon="13.15769">
        <time>2025-02-20T12:36:00Z</time>
      </trkpt>
      <trkpt lat="63.24981" lon="13.16715">
        <time>2025-02-20T12:46:00Z</time>
      </trkpt>
      <trkpt lat="63.25449" lon="13.17099">
        <time>2025-02-20T12:56:00Z</time>
      </trkpt>
      <trkpt lat="63.25437" lon="13.17468">
        <time>2025-02-20T13:06:00Z</time>
      </trkpt>
      <trkpt lat="63.25922" lon="13.18492">
        <time>2025-02-20T13:16:00Z</time>
      </trkpt>
      <trkpt lat="63.26068" lon="13.18584">
        <time>2025-02-20T13:26:00Z</time>
      </trkpt>
      <trkpt lat="63.26408" lon="13.19676">
        <time>2025-02-20T13:36:00Z</time>
      </trkpt>
      <trkpt lat="63.27697" lon="13.20271">
        <time>2025-02-20T13:46:00Z</time>
      </trkpt>
      <trkpt lat="63.28601" lon="13.21112">
        <time>2025-02-20T13:56:00Z</time>
      </trkpt>
      <trkpt lat="63.29167" lon="13.21412">
        <time>2025-02-20T14:06:00Z</time>
      </trkpt>
      <trkpt lat="63.29355" lon="13.2123">
        <time>2025-02-20T14:16:00Z</time>
      </trkpt>
      <trkpt lat="63.29578" lon="13.19704">
        <time>2025-02-20T14:26:00Z</time>
      </trkpt>
      <trkpt lat="63.3037" lon="13.19917">
        <time>2025-02-20T14:36:00Z</time>
      </trkpt>
      <trkpt lat="63.30561" lon="13.20007">
        <time>2025-02-20T14:46:00Z</time>
      </trkpt>
      <trkpt lat="63.30339" lon="13.20024">
        <time>2025-02-20T14:56:00Z</time>
      </trkpt>
      <trkpt lat="63.30178" lon="13.2161">
        <time>2025-02-20T15:06:00Z</time>
      </trkpt>
      <trkpt lat="63.30457" lon="13.22236">
        <time>2025-02-20T15:16:00Z</time>
      </trkpt>
      <trkpt lat="63.30775" lon="13.2267">
        <time>2025-02-20T15:26:00Z</time>
      </trkpt>
      <trkpt lat="63.30753" lon="13.2314">
        <time>2025-02-20T15:36:00Z</time>
      </trkpt>
      <trkpt lat="63.30862" lon="13.23065">
        <time>2025-02-20T15:46:00Z</time>
      </trkpt>
      <trkpt lat="63.3086" lon="13.23067">
        <time>2025-02-20T15:56:00Z</time>
      </trkpt>
      <trkpt lat="63.30856" lon="13.2306">
        <time>2025-02-20T16:10:00Z</time>
      </trkpt>
      <trkpt lat="63.30882" lon="13.22962">
        <time>2025-02-21T08:30:00Z</time>
      </trkpt>
      <trkpt lat="63.30787" lon="13.23889">
        <time>2025-02-21T08:40:00Z</time>
      </trkpt>
      <trkpt lat="63.30944" lon="13.25105">
        <time>2025-02-21T08:50:00Z</time>
      </trkpt>
      <trkpt lat="63.31257" lon="13.24485">
        <time>2025-02-21T09:00:00Z</time>
      </trkpt>
      <trkpt lat="63.31358" lon="13.23487">
        <time>2025-02-21T09:10:00Z</time>
      </trkpt>
      <trkpt lat="63.3155" lon="13.23539">
        <time>2025-02-21T09:20:00Z</time>
      </trkpt>
      <trkpt lat="63.31847" lon="13.23914">
        <time>2025-02-21T09:30:00Z</time>
      </trkpt>
      <trkpt lat="63.32089" lon="13.24213">
        <time>2025-02-21T09:40:00Z</time>
      </trkpt>
      <trkpt lat="63.32454" lon="13.24187">
        <time>2025-02-21T09:50:00Z</time>
      </trkpt>
      <trkpt lat="63.32862" lon="13.2453">
        <time>2025-02-21T10:00:00Z</time>
      </trkpt>
      <trkpt lat="63.33174" lon="13.25672">
        <time>2025-02-21T10:10:00Z</time>
      </trkpt>
      <trkpt lat="63.33624" lon="13.26388">
        <time>2025-02-21T10:20:00Z</time>
      </trkpt>
      <trkpt lat="63.33678" lon="13.26564">
        <time>2025-02-21T10:30:00Z</time>
      </trkpt>
      <trkpt lat="63.33675" lon="13.26564">
        <time>2025-02-21T10:40:00Z</time>
      </trkpt>
      <trkpt lat="63.33959" lon="13.26536">
        <time>2025-02-21T11:00:00Z</time>
      </trkpt>
      <trkpt lat="63.34458" lon="13.26427">
        <time>2025-02-21T11:10:00Z</time>
      </trkpt>
      <trkpt lat="63.35049" lon="13.26047">
        <time>2025-02-21T11:20:00Z</time>
      </trkpt>
      <trkpt lat="63.35632" lon="13.25871">
        <time>2025-02-21T11:30:00Z</time>
      </trkpt>
      <trkpt lat="63.3605" lon="13.24858">
        <time>2025-02-21T11:40:00Z</time>
      </trkpt>
      <trkpt lat="63.36223" lon="13.24217">
        <time>2025-02-21T11:50:00Z</time>
      </trkpt>
      <trkpt lat="63.3674" lon="13.23384">
        <time>2025-02-21T12:00:00Z</time>
      </trkpt>
      <trkpt lat="63.37292" lon="13.2258">
        <time>2025-02-21T12:10:00Z</time>
      </trkpt>
      <trkpt lat="63.37754" lon="13.22198">
        <time>2025-02-21T12:20:00Z</time>
      </trkpt>
      <trkpt lat="63.37752" lon="13.22202">
        <time>2025-02-21T12:30:00Z</time>
      </trkpt>
      <trkpt lat="63.38291" lon="13.21756">
        <time>2025-02-21T13:30:00Z</time>
      </trkpt>
      <trkpt lat="63.38844" lon="13.21256">
        <time>2025-02-21T13:40:00Z</time>
      </trkpt>
      <trkpt lat="63.39118" lon="13.20734">
        <time>2025-02-21T13:50:00Z</time>
      </trkpt>
      <trkpt lat="63.39335" lon="13.19977">
        <time>2025-02-21T14:00:00Z</time>
      </trkpt>
      <trkpt lat="63.39681" lon="13.19099">
        <time>2025-02-21T14:10:00Z</time>
      </trkpt>
      <trkpt lat="63.40005" lon="13.19859">
        <time>2025-02-21T14:20:00Z</time>
      </trkpt>
      <trkpt lat="63.40285" lon="13.20865">
        <time>2025-02-21T14:30:00Z</time>
      </trkpt>
      <trkpt lat="63.40467" lon="13.20927">
        <time>2025-02-21T14:40:00Z</time>
      </trkpt>
      <trkpt lat="63.40464" lon="13.20934">
        <time>2025-02-21T14:50:00Z</time>
      </trkpt>
      <trkpt lat="63.40608" lon="13.21739">
        <time>2025-02-21T15:30:00Z</time>
      </trkpt>
      <trkpt lat="63.40979" lon="13.22221">
        <time>2025-02-21T15:40:00Z</time>
      </trkpt>
      <trkpt lat="63.41264" lon="13.21524">
        <time>2025-02-21T15:50:00Z</time>
      </trkpt>
      <trkpt lat="63.41272" lon="13.21434">
        <time>2025-02-21T15:55:00Z</time>
      </trkpt>
      <trkpt lat="63.41275" lon="13.21438">
        <time>2025-02-21T16:00:00Z</time>
      </trkpt>
      <trkpt lat="63.41089" lon="13.21839">
        <time>2025-02-22T08:05:00Z</time>
      </trkpt>
      <trkpt lat="63.4109" lon="13.21837">
        <time>2025-02-22T08:05:00Z</time>
      </trkpt>
      <trkpt lat="63.41286" lon="13.2265">
        <time>2025-02-22T08:15:00Z</time>
      </trkpt>
      <trkpt lat="63.42197" lon="13.22052">
        <time>2025-02-22T08:25:00Z</time>
      </trkpt>
      <trkpt lat="63.43145" lon="13.22256">
        <time>2025-02-22T08:35:00Z</time>
      </trkpt>
      <trkpt lat="63.44112" lon="13.21603">
        <time>2025-02-22T08:45:00Z</time>
      </trkpt>
      <trkpt lat="63.44561" lon="13.22906">
        <time>2025-02-22T08:55:00Z</time>
      </trkpt>
      <trkpt lat="63.44974" lon="13.21479">
        <time>2025-02-22T09:05:00Z</time>
      </trkpt>
      <trkpt lat="63.45236" lon="13.21616">
        <time>2025-02-22T09:15:00Z</time>
      </trkpt>
      <trkpt lat="63.45887" lon="13.21751">
        <time>2025-02-22T09:25:00Z</time>
      </trkpt>
      <trkpt lat="63.46517" lon="13.22095">
        <time>2025-02-22T09:35:00Z</time>
      </trkpt>
      <trkpt lat="63.46889" lon="13.22326">
        <time>2025-02-22T09:45:00Z</time>
      </trkpt>
      <trkpt lat="63.47291" lon="13.2273">
        <time>2025-02-22T09:55:00Z</time>
      </trkpt>
      <trkpt lat="63.47349" lon="13.23041">
        <time>2025-02-22T10:05:00Z</time>
      </trkpt>
      <trkpt lat="63.47346" lon="13.23037">
        <time>2025-02-22T10:15:00Z</time>
      </trkpt>
      <trkpt lat="63.4746" lon="13.23333">
        <time>2025-02-22T11:15:00Z</time>
      </trkpt>
      <trkpt lat="63.47624" lon="13.23798">
        <time>2025-02-22T11:25:00Z</time>
      </trkpt>
      <trkpt lat="63.47642" lon="13.24584">
        <time>2025-02-22T11:35:00Z</time>
      </trkpt>
      <trkpt lat="63.47271" lon="13.25449">
        <time>2025-02-22T11:45:00Z</time>
      </trkpt>
      <trkpt lat="63.47076" lon="13.26386">
        <time>2025-02-22T11:55:00Z</time>
      </trkpt>
      <trkpt lat="63.46887" lon="13.27549">
        <time>2025-02-22T12:05:00Z</time>
      </trkpt>
      <trkpt lat="63.4689" lon="13.27504">
        <time>2025-02-22T12:15:00Z</time>
      </trkpt>
      <trkpt lat="63.47144" lon="13.27472">
        <time>2025-02-22T12:45:00Z</time>
      </trkpt>
      <trkpt lat="63.47146" lon="13.27478">
        <time>2025-02-22T12:50:00Z</time>
      </trkpt>
      <trkpt lat="63.47162" lon="13.27472">
        <time>2025-02-22T12:55:00Z</time>
      </trkpt>
      <trkpt lat="63.47152" lon="13.2747">
        <time>2025-02-22T22:09:00Z</time>
      </trkpt>
      <trkpt lat="63.47144" lon="13.27463">
        <time>2025-02-23T07:15:00Z</time>
      </trkpt>
      <trkpt lat="63.47156" lon="13.27451">
        <time>2025-02-23T07:25:00Z</time>
      </trkpt>
      <trkpt lat="63.47151" lon="13.27448">
        <time>2025-02-23T09:51:00Z</time>
      </trkpt>
      <trkpt lat="63.47251" lon="13.27333">
        <time>2025-02-23T09:55:00Z</time>
      </trkpt>
      <trkpt lat="63.4766" lon="13.27178">
        <time>2025-02-23T10:05:00Z</time>
      </trkpt>
      <trkpt lat="63.48105" lon="13.27313">
        <time>2025-02-23T10:15:00Z</time>
      </trkpt>
      <trkpt lat="63.48419" lon="13.27715">
        <time>2025-02-23T10:25:00Z</time>
      </trkpt>
      <trkpt lat="63.48761" lon="13.28427">
        <time>2025-02-23T10:35:00Z</time>
      </trkpt>
      <trkpt lat="63.49391" lon="13.27191">
        <time>2025-02-23T10:45:00Z</time>
      </trkpt>
      <trkpt lat="63.49981" lon="13.26429">
        <time>2025-02-23T10:55:00Z</time>
      </trkpt>
      <trkpt lat="63.50605" lon="13.25625">
        <time>2025-02-23T11:05:00Z</time>
      </trkpt>
      <trkpt lat="63.51183" lon="13.2521">
        <time>2025-02-23T11:15:00Z</time>
      </trkpt>
      <trkpt lat="63.51222" lon="13.25217">
        <time>2025-02-23T11:25:00Z</time>
      </trkpt>
      <trkpt lat="63.51747" lon="13.25352">
        <time>2025-02-23T11:35:00Z</time>
      </trkpt>
      <trkpt lat="63.52097" lon="13.25569">
        <time>2025-02-23T11:45:00Z</time>
      </trkpt>
      <trkpt lat="63.52433" lon="13.26086">
        <time>2025-02-23T11:55:00Z</time>
      </trkpt>
      <trkpt lat="63.52928" lon="13.2591">
        <time>2025-02-23T12:05:00Z</time>
      </trkpt>
      <trkpt lat="63.53557" lon="13.26521">
        <time>2025-02-23T12:15:00Z</time>
      </trkpt>
      <trkpt lat="63.53891" lon="13.26303">
        <time>2025-02-23T12:25:00Z</time>
      </trkpt>
      <trkpt lat="63.54476" lon="13.2632">
        <time>2025-02-23T12:35:00Z</time>
      </trkpt>
      <trkpt lat="63.54905" lon="13.26376">
        <time>2025-02-23T12:45:00Z</time>
      </trkpt>
      <trkpt lat="63.55226" lon="13.25519">
        <time>2025-02-23T12:55:00Z</time>
      </trkpt>
      <trkpt lat="63.55296" lon="13.25449">
        <time>2025-02-23T13:06:00Z</time>
      </trkpt>
      <trkpt lat="63.55797" lon="13.2508">
        <time>2025-02-23T13:36:00Z</time>
      </trkpt>
      <trkpt lat="63.5655" lon="13.25135">
        <time>2025-02-23T13:46:00Z</time>
      </trkpt>
      <trkpt lat="63.56903" lon="13.24206">
        <time>2025-02-23T13:56:00Z</time>
      </trkpt>
      <trkpt lat="63.57158" lon="13.23756">
        <time>2025-02-23T14:06:00Z</time>
      </trkpt>
      <trkpt lat="63.57693" lon="13.22854">
        <time>2025-02-23T14:16:00Z</time>
      </trkpt>
      <trkpt lat="63.57944" lon="13.22007">
        <time>2025-02-23T14:26:00Z</time>
      </trkpt>
      <trkpt lat="63.58189" lon="13.20996">
        <time>2025-02-23T14:36:00Z</time>
      </trkpt>
      <trkpt lat="63.58705" lon="13.19773">
        <time>2025-02-23T14:46:00Z</time>
      </trkpt>
      <trkpt lat="63.58996" lon="13.18953">
        <time>2025-02-23T14:56:00Z</time>
      </trkpt>
      <trkpt lat="63.59416" lon="13.18425">
        <time>2025-02-23T15:06:00Z</time>
      </trkpt>
      <trkpt lat="63.60048" lon="13.1775">
        <time>2025-02-23T15:16:00Z</time>
      </trkpt>
      <trkpt lat="63.60611" lon="13.19606">
        <time>2025-02-23T15:26:00Z</time>
      </trkpt>
      <trkpt lat="63.61247" lon="13.20962">
        <time>2025-02-23T15:36:00Z</time>
      </trkpt>
      <trkpt lat="63.61504" lon="13.21011">
        <time>2025-02-23T15:46:00Z</time>
      </trkpt>
      <trkpt lat="63.61736" lon="13.21028">
        <time>2025-02-23T15:56:00Z</time>
      </trkpt>
      <trkpt lat="63.62051" lon="13.21198">
        <time>2025-02-23T16:06:00Z</time>
      </trkpt>
      <trkpt lat="63.62152" lon="13.21558">
        <time>2025-02-23T16:16:00Z</time>
      </trkpt>
      <trkpt lat="63.62151" lon="13.21563">
        <time>2025-02-23T16:17:00Z</time>
      </trkpt>
      <trkpt lat="63.6215" lon="13.2156">
        <time>2025-02-23T16:26:00Z</time>
      </trkpt>
      <trkpt lat="63.51467" lon="13.10671">
        <time>2025-02-23T16:45:00Z</time>
      </trkpt>
      <trkpt lat="63.62152" lon="13.21565">
        <time>2025-02-24T05:27:00Z</time>
      </trkpt>
      <trkpt lat="63.62152" lon="13.2156">
        <time>2025-02-24T05:37:00Z</time>
      </trkpt>
      <trkpt lat="63.62153" lon="13.21556">
        <time>2025-02-24T07:56:00Z</time>
      </trkpt>
      <trkpt lat="63.62421" lon="13.21799">
        <time>2025-02-24T08:07:00Z</time>
      </trkpt>
      <trkpt lat="63.62814" lon="13.22219">
        <time>2025-02-24T08:17:00Z</time>
      </trkpt>
      <trkpt lat="63.6321" lon="13.22432">
        <time>2025-02-24T08:27:00Z</time>
      </trkpt>
      <trkpt lat="63.63711" lon="13.23189">
        <time>2025-02-24T08:37:00Z</time>
      </trkpt>
      <trkpt lat="63.63961" lon="13.24191">
        <time>2025-02-24T08:47:00Z</time>
      </trkpt>
      <trkpt lat="63.63993" lon="13.2517">
        <time>2025-02-24T08:57:00Z</time>
      </trkpt>
      <trkpt lat="63.64143" lon="13.2718">
        <time>2025-02-24T09:07:00Z</time>
      </trkpt>
      <trkpt lat="63.6408" lon="13.28489">
        <time>2025-02-24T09:17:00Z</time>
      </trkpt>
      <trkpt lat="63.64169" lon="13.29008">
        <time>2025-02-24T09:27:00Z</time>
      </trkpt>
      <trkpt lat="63.64749" lon="13.28687">
        <time>2025-02-24T09:37:00Z</time>
      </trkpt>
      <trkpt lat="63.6475" lon="13.28687">
        <time>2025-02-24T09:47:00Z</time>
      </trkpt>
      <trkpt lat="63.65222" lon="13.28611">
        <time>2025-02-24T09:57:00Z</time>
      </trkpt>
      <trkpt lat="63.6588" lon="13.28998">
        <time>2025-02-24T10:07:00Z</time>
      </trkpt>
      <trkpt lat="63.66461" lon="13.28968">
        <time>2025-02-24T10:17:00Z</time>
      </trkpt>
      <trkpt lat="63.66928" lon="13.30174">
        <time>2025-02-24T10:27:00Z</time>
      </trkpt>
      <trkpt lat="63.67365" lon="13.31538">
        <time>2025-02-24T10:37:00Z</time>
      </trkpt>
      <trkpt lat="63.68056" lon="13.31815">
        <time>2025-02-24T10:47:00Z</time>
      </trkpt>
      <trkpt lat="63.68024" lon="13.33118">
        <time>2025-02-24T10:57:00Z</time>
      </trkpt>
      <trkpt lat="63.68263" lon="13.34085">
        <time>2025-02-24T11:07:00Z</time>
      </trkpt>
      <trkpt lat="63.68519" lon="13.35613">
        <time>2025-02-24T11:17:00Z</time>
      </trkpt>
      <trkpt lat="63.68542" lon="13.36845">
        <time>2025-02-24T11:27:00Z</time>
      </trkpt>
      <trkpt lat="63.68704" lon="13.37536">
        <time>2025-02-24T11:37:00Z</time>
      </trkpt>
      <trkpt lat="63.68694" lon="13.37549">
        <time>2025-02-24T11:47:00Z</time>
      </trkpt>
      <trkpt lat="63.68776" lon="13.38053">
        <time>2025-02-24T12:07:00Z</time>
      </trkpt>
      <trkpt lat="63.68851" lon="13.39866">
        <time>2025-02-24T12:17:00Z</time>
      </trkpt>
      <trkpt lat="63.68909" lon="13.41166">
        <time>2025-02-24T12:27:00Z</time>
      </trkpt>
      <trkpt lat="63.68858" lon="13.42763">
        <time>2025-02-24T12:37:00Z</time>
      </trkpt>
      <trkpt lat="63.68817" lon="13.43679">
        <time>2025-02-24T12:47:00Z</time>
      </trkpt>
      <trkpt lat="63.69359" lon="13.45048">
        <time>2025-02-24T12:57:00Z</time>
      </trkpt>
      <trkpt lat="63.69336" lon="13.45458">
        <time>2025-02-24T13:07:00Z</time>
      </trkpt>
      <trkpt lat="63.69178" lon="13.4702">
        <time>2025-02-24T13:17:00Z</time>
      </trkpt>
      <trkpt lat="63.69123" lon="13.4782">
        <time>2025-02-24T13:27:00Z</time>
      </trkpt>
      <trkpt lat="63.69011" lon="13.49483">
        <time>2025-02-24T13:37:00Z</time>
      </trkpt>
      <trkpt lat="63.68896" lon="13.50709">
        <time>2025-02-24T13:47:00Z</time>
      </trkpt>
      <trkpt lat="63.68812" lon="13.51357">
        <time>2025-02-24T13:57:00Z</time>
      </trkpt>
      <trkpt lat="63.69078" lon="13.52236">
        <time>2025-02-24T14:07:00Z</time>
      </trkpt>
      <trkpt lat="63.69136" lon="13.52902">
        <time>2025-02-24T14:17:00Z</time>
      </trkpt>
      <trkpt lat="63.69334" lon="13.53957">
        <time>2025-02-24T14:27:00Z</time>
      </trkpt>
      <trkpt lat="63.69248" lon="13.5412">
        <time>2025-02-24T14:37:00Z</time>
      </trkpt>
      <trkpt lat="63.69366" lon="13.56099">
        <time>2025-02-24T14:47:00Z</time>
      </trkpt>
      <trkpt lat="63.69294" lon="13.56813">
        <time>2025-02-24T14:57:00Z</time>
      </trkpt>
      <trkpt lat="63.69093" lon="13.57777">
        <time>2025-02-24T15:07:00Z</time>
      </trkpt>
      <trkpt lat="63.69158" lon="13.59367">
        <time>2025-02-24T15:17:00Z</time>
      </trkpt>
      <trkpt lat="63.69559" lon="13.60349">
        <time>2025-02-24T15:27:00Z</time>
      </trkpt>
      <trkpt lat="63.69511" lon="13.62055">
        <time>2025-02-24T15:37:00Z</time>
      </trkpt>
      <trkpt lat="63.69626" lon="13.62566">
        <time>2025-02-24T15:48:00Z</time>
      </trkpt>
      <trkpt lat="63.69639" lon="13.62603">
        <time>2025-02-24T16:00:00Z</time>
      </trkpt>
      <trkpt lat="63.69636" lon="13.62592">
        <time>2025-02-24T16:06:00Z</time>
      </trkpt>
      <trkpt lat="63.69624" lon="13.62527">
        <time>2025-02-25T06:30:00Z</time>
      </trkpt>
      <trkpt lat="63.69621" lon="13.62594">
        <time>2025-02-25T06:40:00Z</time>
      </trkpt>
      <trkpt lat="63.69625" lon="13.62581">
        <time>2025-02-25T10:40:00Z</time>
      </trkpt>
      <trkpt lat="63.69625" lon="13.62564">
        <time>2025-02-25T14:40:00Z</time>
      </trkpt>
      <trkpt lat="63.69624" lon="13.62577">
        <time>2025-02-26T07:28:00Z</time>
      </trkpt>
      <trkpt lat="63.69619" lon="13.62562">
        <time>2025-02-26T07:38:00Z</time>
      </trkpt>
      <trkpt lat="63.69627" lon="13.62572">
        <time>2025-02-26T08:14:00Z</time>
      </trkpt>
      <trkpt lat="63.69833" lon="13.62618">
        <time>2025-02-26T08:18:00Z</time>
      </trkpt>
      <trkpt lat="63.70028" lon="13.61605">
        <time>2025-02-26T08:28:00Z</time>
      </trkpt>
      <trkpt lat="63.70554" lon="13.60654">
        <time>2025-02-26T08:38:00Z</time>
      </trkpt>
      <trkpt lat="63.711" lon="13.60686">
        <time>2025-02-26T08:48:00Z</time>
      </trkpt>
      <trkpt lat="63.71623" lon="13.61238">
        <time>2025-02-26T08:58:00Z</time>
      </trkpt>
      <trkpt lat="63.71868" lon="13.61407">
        <time>2025-02-26T09:08:00Z</time>
      </trkpt>
      <trkpt lat="63.72465" lon="13.61879">
        <time>2025-02-26T09:18:00Z</time>
      </trkpt>
      <trkpt lat="63.72737" lon="13.6207">
        <time>2025-02-26T09:28:00Z</time>
      </trkpt>
      <trkpt lat="63.734" lon="13.62021">
        <time>2025-02-26T09:38:00Z</time>
      </trkpt>
      <trkpt lat="63.7392" lon="13.62598">
        <time>2025-02-26T09:48:00Z</time>
      </trkpt>
      <trkpt lat="63.74205" lon="13.62643">
        <time>2025-02-26T09:58:00Z</time>
      </trkpt>
      <trkpt lat="63.74551" lon="13.63047">
        <time>2025-02-26T10:08:00Z</time>
      </trkpt>
      <trkpt lat="63.74778" lon="13.63939">
        <time>2025-02-26T10:18:00Z</time>
      </trkpt>
      <trkpt lat="63.74915" lon="13.64564">
        <time>2025-02-26T10:28:00Z</time>
      </trkpt>
      <trkpt lat="63.75295" lon="13.65306">
        <time>2025-02-26T10:38:00Z</time>
      </trkpt>
      <trkpt lat="63.75478" lon="13.65654">
        <time>2025-02-26T10:48:00Z</time>
      </trkpt>
      <trkpt lat="63.7532" lon="13.66778">
        <time>2025-02-26T10:58:00Z</time>
      </trkpt>
      <trkpt lat="63.75098" lon="13.68192">
        <time>2025-02-26T11:08:00Z</time>
      </trkpt>
      <trkpt lat="63.74805" lon="13.70121">
        <time>2025-02-26T11:18:00Z</time>
      </trkpt>
      <trkpt lat="63.74647" lon="13.71145">
        <time>2025-02-26T11:28:00Z</time>
      </trkpt>
      <trkpt lat="63.74398" lon="13.72617">
        <time>2025-02-26T11:38:00Z</time>
      </trkpt>
      <trkpt lat="63.74446" lon="13.73874">
        <time>2025-02-26T11:48:00Z</time>
      </trkpt>
      <trkpt lat="63.74445" lon="13.73885">
        <time>2025-02-26T11:58:00Z</time>
      </trkpt>
      <trkpt lat="63.74692" lon="13.74439">
        <time>2025-02-26T12:28:00Z</time>
      </trkpt>
      <trkpt lat="63.74968" lon="13.757">
        <time>2025-02-26T12:38:00Z</time>
      </trkpt>
      <trkpt lat="63.75213" lon="13.77174">
        <time>2025-02-26T12:48:00Z</time>
      </trkpt>
      <trkpt lat="63.7566" lon="13.77915">
        <time>2025-02-26T12:58:00Z</time>
      </trkpt>
      <trkpt lat="63.7618" lon="13.78571">
        <time>2025-02-26T13:08:00Z</time>
      </trkpt>
      <trkpt lat="63.76181" lon="13.79166">
        <time>2025-02-26T13:18:00Z</time>
      </trkpt>
      <trkpt lat="63.7658" lon="13.80082">
        <time>2025-02-26T13:28:00Z</time>
      </trkpt>
      <trkpt lat="63.76714" lon="13.80507">
        <time>2025-02-26T13:38:00Z</time>
      </trkpt>
      <trkpt lat="63.76985" lon="13.81309">
        <time>2025-02-26T13:48:00Z</time>
      </trkpt>
      <trkpt lat="63.77283" lon="13.8209">
        <time>2025-02-26T13:58:00Z</time>
      </trkpt>
      <trkpt lat="63.77577" lon="13.82614">
        <time>2025-02-26T14:08:00Z</time>
      </trkpt>
      <trkpt lat="63.77926" lon="13.82856">
        <time>2025-02-26T14:18:00Z</time>
      </trkpt>
      <trkpt lat="63.78006" lon="13.82112">
        <time>2025-02-26T14:28:00Z</time>
      </trkpt>
      <trkpt lat="63.77993" lon="13.81882">
        <time>2025-02-26T14:38:00Z</time>
      </trkpt>
      <trkpt lat="63.78068" lon="13.82213">
        <time>2025-02-26T14:48:00Z</time>
      </trkpt>
      <trkpt lat="63.77963" lon="13.82801">
        <time>2025-02-26T14:58:00Z</time>
      </trkpt>
      <trkpt lat="63.77964" lon="13.81766">
        <time>2025-02-26T15:08:00Z</time>
      </trkpt>
      <trkpt lat="63.77975" lon="13.81814">
        <time>2025-02-26T15:18:00Z</time>
      </trkpt>
      <trkpt lat="63.77925" lon="13.81612">
        <time>2025-02-26T15:28:00Z</time>
      </trkpt>
      <trkpt lat="63.78062" lon="13.8215">
        <time>2025-02-26T15:38:00Z</time>
      </trkpt>
      <trkpt lat="63.78213" lon="13.82532">
        <time>2025-02-26T15:48:00Z</time>
      </trkpt>
      <trkpt lat="63.78231" lon="13.82665">
        <time>2025-02-26T15:58:00Z</time>
      </trkpt>
      <trkpt lat="63.78576" lon="13.83159">
        <time>2025-02-26T16:08:00Z</time>
      </trkpt>
      <trkpt lat="63.78608" lon="13.83148">
        <time>2025-02-26T16:16:00Z</time>
      </trkpt>
      <trkpt lat="63.78608" lon="13.83131">
        <time>2025-02-26T16:18:00Z</time>
      </trkpt>
      <trkpt lat="63.7861" lon="13.8314">
        <time>2025-02-26T16:58:00Z</time>
      </trkpt>
      <trkpt lat="63.78602" lon="13.83131">
        <time>2025-02-27T07:17:00Z</time>
      </trkpt>
      <trkpt lat="63.78607" lon="13.83127">
        <time>2025-02-27T07:27:00Z</time>
      </trkpt>
      <trkpt lat="63.78606" lon="13.83142">
        <time>2025-02-27T07:49:00Z</time>
      </trkpt>
      <trkpt lat="63.78673" lon="13.83421">
        <time>2025-02-27T08:07:00Z</time>
      </trkpt>
      <trkpt lat="63.79425" lon="13.83575">
        <time>2025-02-27T08:17:00Z</time>
      </trkpt>
      <trkpt lat="63.80065" lon="13.8355">
        <time>2025-02-27T08:27:00Z</time>
      </trkpt>
      <trkpt lat="63.80438" lon="13.83575">
        <time>2025-02-27T08:37:00Z</time>
      </trkpt>
      <trkpt lat="63.81277" lon="13.82914">
        <time>2025-02-27T08:47:00Z</time>
      </trkpt>
      <trkpt lat="63.81878" lon="13.8306">
        <time>2025-02-27T08:57:00Z</time>
      </trkpt>
      <trkpt lat="63.82602" lon="13.82479">
        <time>2025-02-27T09:07:00Z</time>
      </trkpt>
      <trkpt lat="63.83123" lon="13.82054">
        <time>2025-02-27T09:17:00Z</time>
      </trkpt>
      <trkpt lat="63.8312" lon="13.82056">
        <time>2025-02-27T09:27:00Z</time>
      </trkpt>
      <trkpt lat="63.82458" lon="13.82612">
        <time>2025-02-27T09:37:00Z</time>
      </trkpt>
      <trkpt lat="63.82223" lon="13.83773">
        <time>2025-02-27T09:47:00Z</time>
      </trkpt>
      <trkpt lat="63.82378" lon="13.847">
        <time>2025-02-27T09:57:00Z</time>
      </trkpt>
      <trkpt lat="63.82748" lon="13.86212">
        <time>2025-02-27T10:07:00Z</time>
      </trkpt>
      <trkpt lat="63.83348" lon="13.87079">
        <time>2025-02-27T10:17:00Z</time>
      </trkpt>
      <trkpt lat="63.83564" lon="13.87343">
        <time>2025-02-27T10:27:00Z</time>
      </trkpt>
      <trkpt lat="63.84303" lon="13.87633">
        <time>2025-02-27T10:37:00Z</time>
      </trkpt>
      <trkpt lat="63.84967" lon="13.87839">
        <time>2025-02-27T10:47:00Z</time>
      </trkpt>
      <trkpt lat="63.85618" lon="13.87534">
        <time>2025-02-27T10:57:00Z</time>
      </trkpt>
      <trkpt lat="63.8627" lon="13.87727">
        <time>2025-02-27T11:07:00Z</time>
      </trkpt>
      <trkpt lat="63.86471" lon="13.87463">
        <time>2025-02-27T11:17:00Z</time>
      </trkpt>
      <trkpt lat="63.87143" lon="13.86867">
        <time>2025-02-27T11:27:00Z</time>
      </trkpt>
      <trkpt lat="63.87835" lon="13.86425">
        <time>2025-02-27T11:37:00Z</time>
      </trkpt>
      <trkpt lat="63.88435" lon="13.85624">
        <time>2025-02-27T11:47:00Z</time>
      </trkpt>
      <trkpt lat="63.88926" lon="13.85723">
        <time>2025-02-27T11:57:00Z</time>
      </trkpt>
      <trkpt lat="63.88935" lon="13.8574">
        <time>2025-02-27T12:10:00Z</time>
      </trkpt>
      <trkpt lat="63.89097" lon="13.85918">
        <time>2025-02-27T12:40:00Z</time>
      </trkpt>
      <trkpt lat="63.89589" lon="13.86534">
        <time>2025-02-27T12:50:00Z</time>
      </trkpt>
      <trkpt lat="63.90081" lon="13.86609">
        <time>2025-02-27T13:00:00Z</time>
      </trkpt>
      <trkpt lat="63.90629" lon="13.86669">
        <time>2025-02-27T13:10:00Z</time>
      </trkpt>
      <trkpt lat="63.91373" lon="13.86682">
        <time>2025-02-27T13:20:00Z</time>
      </trkpt>
      <trkpt lat="63.91999" lon="13.87167">
        <time>2025-02-27T13:30:00Z</time>
      </trkpt>
      <trkpt lat="63.92642" lon="13.87397">
        <time>2025-02-27T13:40:00Z</time>
      </trkpt>
      <trkpt lat="63.92964" lon="13.88343">
        <time>2025-02-27T13:50:00Z</time>
      </trkpt>
      <trkpt lat="63.93547" lon="13.8947">
        <time>2025-02-27T14:00:00Z</time>
      </trkpt>
      <trkpt lat="63.94245" lon="13.90605">
        <time>2025-02-27T14:10:00Z</time>
      </trkpt>
      <trkpt lat="63.94845" lon="13.91901">
        <time>2025-02-27T14:20:00Z</time>
      </trkpt>
      <trkpt lat="63.95694" lon="13.93233">
        <time>2025-02-27T14:30:00Z</time>
      </trkpt>
      <trkpt lat="63.95776" lon="13.93768">
        <time>2025-02-27T14:40:00Z</time>
      </trkpt>
      <trkpt lat="63.95953" lon="13.94864">
        <time>2025-02-27T14:50:00Z</time>
      </trkpt>
      <trkpt lat="63.96158" lon="13.94984">
        <time>2025-02-27T15:00:00Z</time>
      </trkpt>
      <trkpt lat="63.96154" lon="13.95036">
        <time>2025-02-27T15:10:00Z</time>
      </trkpt>
      <trkpt lat="63.96192" lon="13.95094">
        <time>2025-02-27T15:18:00Z</time>
      </trkpt>
      <trkpt lat="63.96149" lon="13.95012">
        <time>2025-02-27T19:42:00Z</time>
      </trkpt>
      <trkpt lat="63.96192" lon="13.95066">
        <time>2025-02-28T07:35:00Z</time>
      </trkpt>
      <trkpt lat="63.96188" lon="13.95092">
        <time>2025-02-28T07:45:00Z</time>
      </trkpt>
      <trkpt lat="63.96156" lon="13.94978">
        <time>2025-02-28T08:05:00Z</time>
      </trkpt>
      <trkpt lat="63.96939" lon="13.95004">
        <time>2025-02-28T08:15:00Z</time>
      </trkpt>
      <trkpt lat="63.97479" lon="13.96203">
        <time>2025-02-28T08:25:00Z</time>
      </trkpt>
      <trkpt lat="63.97886" lon="13.97044">
        <time>2025-02-28T08:35:00Z</time>
      </trkpt>
      <trkpt lat="63.98628" lon="13.97175">
        <time>2025-02-28T08:45:00Z</time>
      </trkpt>
      <trkpt lat="63.99295" lon="13.98154">
        <time>2025-02-28T08:55:00Z</time>
      </trkpt>
      <trkpt lat="63.9964" lon="13.98744">
        <time>2025-02-28T09:05:00Z</time>
      </trkpt>
      <trkpt lat="63.99625" lon="13.99188">
        <time>2025-02-28T09:15:00Z</time>
      </trkpt>
      <trkpt lat="64.00037" lon="13.99844">
        <time>2025-02-28T09:25:00Z</time>
      </trkpt>
      <trkpt lat="64.0048" lon="14.00793">
        <time>2025-02-28T09:35:00Z</time>
      </trkpt>
      <trkpt lat="64.006" lon="14.01984">
        <time>2025-02-28T09:45:00Z</time>
      </trkpt>
      <trkpt lat="64.00602" lon="14.01992">
        <time>2025-02-28T09:55:00Z</time>
      </trkpt>
      <trkpt lat="64.01091" lon="14.01696">
        <time>2025-02-28T10:05:00Z</time>
      </trkpt>
      <trkpt lat="64.0175" lon="14.01031">
        <time>2025-02-28T10:15:00Z</time>
      </trkpt>
      <trkpt lat="64.01827" lon="14.0204">
        <time>2025-02-28T10:25:00Z</time>
      </trkpt>
      <trkpt lat="64.02215" lon="14.03291">
        <time>2025-02-28T10:35:00Z</time>
      </trkpt>
      <trkpt lat="64.02598" lon="14.03999">
        <time>2025-02-28T10:45:00Z</time>
      </trkpt>
      <trkpt lat="64.02559" lon="14.04623">
        <time>2025-02-28T10:55:00Z</time>
      </trkpt>
      <trkpt lat="64.02552" lon="14.05612">
        <time>2025-02-28T11:05:00Z</time>
      </trkpt>
      <trkpt lat="64.02744" lon="14.07299">
        <time>2025-02-28T11:15:00Z</time>
      </trkpt>
      <trkpt lat="64.0305" lon="14.087">
        <time>2025-02-28T11:25:00Z</time>
      </trkpt>
      <trkpt lat="64.04042" lon="14.08988">
        <time>2025-02-28T11:35:00Z</time>
      </trkpt>
      <trkpt lat="64.04642" lon="14.10779">
        <time>2025-02-28T11:45:00Z</time>
      </trkpt>
      <trkpt lat="64.04757" lon="14.10277">
        <time>2025-02-28T11:55:00Z</time>
      </trkpt>
      <trkpt lat="64.04765" lon="14.10275">
        <time>2025-02-28T12:05:00Z</time>
      </trkpt>
      <trkpt lat="64.04892" lon="14.10196">
        <time>2025-02-28T12:25:00Z</time>
      </trkpt>
      <trkpt lat="64.05199" lon="14.09046">
        <time>2025-02-28T12:35:00Z</time>
      </trkpt>
      <trkpt lat="64.0549" lon="14.08588">
        <time>2025-02-28T12:45:00Z</time>
      </trkpt>
      <trkpt lat="64.06261" lon="14.08764">
        <time>2025-02-28T12:55:00Z</time>
      </trkpt>
      <trkpt lat="64.06751" lon="14.10196">
        <time>2025-02-28T13:05:00Z</time>
      </trkpt>
      <trkpt lat="64.06886" lon="14.11457">
        <time>2025-02-28T13:15:00Z</time>
      </trkpt>
      <trkpt lat="64.06564" lon="14.12198">
        <time>2025-02-28T13:25:00Z</time>
      </trkpt>
      <trkpt lat="64.06252" lon="14.12661">
        <time>2025-02-28T13:35:00Z</time>
      </trkpt>
      <trkpt lat="64.06291" lon="14.13376">
        <time>2025-02-28T13:45:00Z</time>
      </trkpt>
      <trkpt lat="64.06656" lon="14.14148">
        <time>2025-02-28T13:55:00Z</time>
      </trkpt>
      <trkpt lat="64.06721" lon="14.14077">
        <time>2025-02-28T14:05:00Z</time>
      </trkpt>
      <trkpt lat="64.06844" lon="14.13934">
        <time>2025-02-28T15:35:00Z</time>
      </trkpt>
      <trkpt lat="64.07129" lon="14.13738">
        <time>2025-02-28T15:45:00Z</time>
      </trkpt>
      <trkpt lat="64.07101" lon="14.14554">
        <time>2025-02-28T15:55:00Z</time>
      </trkpt>
      <trkpt lat="64.07075" lon="14.15236">
        <time>2025-02-28T16:05:00Z</time>
      </trkpt>
      <trkpt lat="64.0731" lon="14.15927">
        <time>2025-02-28T16:15:00Z</time>
      </trkpt>
      <trkpt lat="64.0753" lon="14.16674">
        <time>2025-02-28T16:25:00Z</time>
      </trkpt>
      <trkpt lat="64.07708" lon="14.17262">
        <time>2025-02-28T16:35:00Z</time>
      </trkpt>
      <trkpt lat="64.08142" lon="14.18438">
        <time>2025-02-28T16:45:00Z</time>
      </trkpt>
      <trkpt lat="64.08452" lon="14.18785">
        <time>2025-02-28T16:55:00Z</time>
      </trkpt>
      <trkpt lat="64.08698" lon="14.1939">
        <time>2025-02-28T17:05:00Z</time>
      </trkpt>
      <trkpt lat="64.09158" lon="14.19648">
        <time>2025-02-28T17:15:00Z</time>
      </trkpt>
      <trkpt lat="64.09433" lon="14.19918">
        <time>2025-02-28T17:25:00Z</time>
      </trkpt>
      <trkpt lat="64.09436" lon="14.19916">
        <time>2025-02-28T17:25:00Z</time>
      </trkpt>
      <trkpt lat="64.09438" lon="14.19912">
        <time>2025-02-28T17:35:00Z</time>
      </trkpt>
      <trkpt lat="64.09435" lon="14.19907">
        <time>2025-03-01T06:27:00Z</time>
      </trkpt>
      <trkpt lat="64.09438" lon="14.19927">
        <time>2025-03-01T06:37:00Z</time>
      </trkpt>
      <trkpt lat="63.99976" lon="14.21017">
        <time>2025-03-01T07:04:00Z</time>
      </trkpt>
      <trkpt lat="64.09677" lon="14.20165">
        <time>2025-03-01T07:17:00Z</time>
      </trkpt>
      <trkpt lat="64.10105" lon="14.20646">
        <time>2025-03-01T07:27:00Z</time>
      </trkpt>
      <trkpt lat="64.10578" lon="14.21221">
        <time>2025-03-01T07:37:00Z</time>
      </trkpt>
      <trkpt lat="64.11253" lon="14.2159">
        <time>2025-03-01T07:47:00Z</time>
      </trkpt>
      <trkpt lat="64.12048" lon="14.2089">
        <time>2025-03-01T07:57:00Z</time>
      </trkpt>
      <trkpt lat="64.12407" lon="14.2104">
        <time>2025-03-01T08:07:00Z</time>
      </trkpt>
      <trkpt lat="64.12762" lon="14.21525">
        <time>2025-03-01T08:17:00Z</time>
      </trkpt>
      <trkpt lat="64.12995" lon="14.22055">
        <time>2025-03-01T08:27:00Z</time>
      </trkpt>
      <trkpt lat="64.13408" lon="14.22489">
        <time>2025-03-01T08:37:00Z</time>
      </trkpt>
      <trkpt lat="64.13566" lon="14.21427">
        <time>2025-03-01T08:47:00Z</time>
      </trkpt>
      <trkpt lat="64.13977" lon="14.21161">
        <time>2025-03-01T08:57:00Z</time>
      </trkpt>
      <trkpt lat="64.14072" lon="14.21173">
        <time>2025-03-01T09:07:00Z</time>
      </trkpt>
      <trkpt lat="64.14187" lon="14.21399">
        <time>2025-03-01T09:17:00Z</time>
      </trkpt>
      <trkpt lat="64.14383" lon="14.22418">
        <time>2025-03-01T09:27:00Z</time>
      </trkpt>
      <trkpt lat="64.14564" lon="14.22716">
        <time>2025-03-01T09:37:00Z</time>
      </trkpt>
      <trkpt lat="64.14893" lon="14.23306">
        <time>2025-03-01T09:47:00Z</time>
      </trkpt>
      <trkpt lat="64.15112" lon="14.23714">
        <time>2025-03-01T09:57:00Z</time>
      </trkpt>
      <trkpt lat="64.15478" lon="14.23439">
        <time>2025-03-01T10:07:00Z</time>
      </trkpt>
      <trkpt lat="64.15777" lon="14.23701">
        <time>2025-03-01T10:17:00Z</time>
      </trkpt>
      <trkpt lat="64.16026" lon="14.2425">
        <time>2025-03-01T10:27:00Z</time>
      </trkpt>
      <trkpt lat="64.16401" lon="14.24523">
        <time>2025-03-01T10:37:00Z</time>
      </trkpt>
      <trkpt lat="64.16708" lon="14.24463">
        <time>2025-03-01T10:47:00Z</time>
      </trkpt>
      <trkpt lat="64.17074" lon="14.24868">
        <time>2025-03-01T10:57:00Z</time>
      </trkpt>
      <trkpt lat="64.17076" lon="14.24875">
        <time>2025-03-01T11:07:00Z</time>
      </trkpt>
      <trkpt lat="64.17254" lon="14.24922">
        <time>2025-03-01T11:17:00Z</time>
      </trkpt>
      <trkpt lat="64.17714" lon="14.24504">
        <time>2025-03-01T11:27:00Z</time>
      </trkpt>
      <trkpt lat="64.18118" lon="14.24542">
        <time>2025-03-01T11:37:00Z</time>
      </trkpt>
      <trkpt lat="64.18334" lon="14.24617">
        <time>2025-03-01T11:47:00Z</time>
      </trkpt>
      <trkpt lat="64.18658" lon="14.2536">
        <time>2025-03-01T11:57:00Z</time>
      </trkpt>
      <trkpt lat="64.19125" lon="14.25233">
        <time>2025-03-01T12:07:00Z</time>
      </trkpt>
      <trkpt lat="64.19513" lon="14.24948">
        <time>2025-03-01T12:17:00Z</time>
      </trkpt>
      <trkpt lat="64.19966" lon="14.25334">
        <time>2025-03-01T12:27:00Z</time>
      </trkpt>
      <trkpt lat="64.20439" lon="14.2621">
        <time>2025-03-01T12:37:00Z</time>
      </trkpt>
      <trkpt lat="64.20711" lon="14.27559">
        <time>2025-03-01T12:47:00Z</time>
      </trkpt>
      <trkpt lat="64.20879" lon="14.27523">
        <time>2025-03-01T12:57:00Z</time>
      </trkpt>
      <trkpt lat="64.21" lon="14.27332">
        <time>2025-03-01T13:07:00Z</time>
      </trkpt>
      <trkpt lat="64.20997" lon="14.27351">
        <time>2025-03-01T13:17:00Z</time>
      </trkpt>
      <trkpt lat="64.21281" lon="14.26759">
        <time>2025-03-01T13:37:00Z</time>
      </trkpt>
      <trkpt lat="64.21799" lon="14.2772">
        <time>2025-03-01T13:47:00Z</time>
      </trkpt>
      <trkpt lat="64.22266" lon="14.28141">
        <time>2025-03-01T13:57:00Z</time>
      </trkpt>
      <trkpt lat="64.2266" lon="14.28439">
        <time>2025-03-01T14:07:00Z</time>
      </trkpt>
      <trkpt lat="64.23246" lon="14.29126">
        <time>2025-03-01T14:17:00Z</time>
      </trkpt>
      <trkpt lat="64.23666" lon="14.30179">
        <time>2025-03-01T14:27:00Z</time>
      </trkpt>
      <trkpt lat="64.2427" lon="14.30808">
        <time>2025-03-01T14:37:00Z</time>
      </trkpt>
      <trkpt lat="64.24333" lon="14.30984">
        <time>2025-03-01T14:47:00Z</time>
      </trkpt>
      <trkpt lat="64.24617" lon="14.32422">
        <time>2025-03-01T14:57:00Z</time>
      </trkpt>
      <trkpt lat="64.24853" lon="14.32945">
        <time>2025-03-01T15:07:00Z</time>
      </trkpt>
      <trkpt lat="64.25284" lon="14.32967">
        <time>2025-03-01T15:17:00Z</time>
      </trkpt>
      <trkpt lat="64.257" lon="14.32733">
        <time>2025-03-01T15:27:00Z</time>
      </trkpt>
      <trkpt lat="64.25994" lon="14.32327">
        <time>2025-03-01T15:37:00Z</time>
      </trkpt>
      <trkpt lat="64.26377" lon="14.32104">
        <time>2025-03-01T15:47:00Z</time>
      </trkpt>
      <trkpt lat="64.26939" lon="14.31763">
        <time>2025-03-01T15:57:00Z</time>
      </trkpt>
      <trkpt lat="64.27517" lon="14.30877">
        <time>2025-03-01T16:07:00Z</time>
      </trkpt>
      <trkpt lat="64.28207" lon="14.30323">
        <time>2025-03-01T16:17:00Z</time>
      </trkpt>
      <trkpt lat="64.28866" lon="14.2978">
        <time>2025-03-01T16:27:00Z</time>
      </trkpt>
      <trkpt lat="64.29688" lon="14.29613">
        <time>2025-03-01T16:37:00Z</time>
      </trkpt>
      <trkpt lat="64.30248" lon="14.29001">
        <time>2025-03-01T16:47:00Z</time>
      </trkpt>
      <trkpt lat="64.30246" lon="14.29005">
        <time>2025-03-01T16:54:00Z</time>
      </trkpt>
      <trkpt lat="64.30245" lon="14.2901">
        <time>2025-03-01T16:57:00Z</time>
      </trkpt>
      <trkpt lat="64.30252" lon="14.2899">
        <time>2025-03-02T06:42:00Z</time>
      </trkpt>
      <trkpt lat="64.30249" lon="14.29005">
        <time>2025-03-02T06:44:00Z</time>
      </trkpt>
      <trkpt lat="64.30249" lon="14.29003">
        <time>2025-03-02T06:52:00Z</time>
      </trkpt>
      <trkpt lat="64.30242" lon="14.28997">
        <time>2025-03-02T09:09:00Z</time>
      </trkpt>
      <trkpt lat="64.30249" lon="14.29005">
        <time>2025-03-02T09:19:00Z</time>
      </trkpt>
      <trkpt lat="64.30423" lon="14.29291">
        <time>2025-03-02T10:39:00Z</time>
      </trkpt>
      <trkpt lat="64.30831" lon="14.29158">
        <time>2025-03-02T10:49:00Z</time>
      </trkpt>
      <trkpt lat="64.31072" lon="14.29053">
        <time>2025-03-02T10:59:00Z</time>
      </trkpt>
      <trkpt lat="64.31425" lon="14.28379">
        <time>2025-03-02T11:09:00Z</time>
      </trkpt>
      <trkpt lat="64.31735" lon="14.28091">
        <time>2025-03-02T11:19:00Z</time>
      </trkpt>
      <trkpt lat="64.32251" lon="14.28246">
        <time>2025-03-02T11:29:00Z</time>
      </trkpt>
      <trkpt lat="64.32596" lon="14.28503">
        <time>2025-03-02T11:39:00Z</time>
      </trkpt>
      <trkpt lat="64.33114" lon="14.28772">
        <time>2025-03-02T11:49:00Z</time>
      </trkpt>
      <trkpt lat="64.33395" lon="14.29081">
        <time>2025-03-02T11:59:00Z</time>
      </trkpt>
      <trkpt lat="64.33928" lon="14.29342">
        <time>2025-03-02T12:09:00Z</time>
      </trkpt>
      <trkpt lat="64.34297" lon="14.29475">
        <time>2025-03-02T12:19:00Z</time>
      </trkpt>
      <trkpt lat="64.34337" lon="14.29488">
        <time>2025-03-02T12:29:00Z</time>
      </trkpt>
      <trkpt lat="64.34723" lon="14.30128">
        <time>2025-03-02T12:39:00Z</time>
      </trkpt>
      <trkpt lat="64.34969" lon="14.30868">
        <time>2025-03-02T12:49:00Z</time>
      </trkpt>
      <trkpt lat="64.35177" lon="14.30304">
        <time>2025-03-02T12:59:00Z</time>
      </trkpt>
      <trkpt lat="64.35389" lon="14.30173">
        <time>2025-03-02T13:09:00Z</time>
      </trkpt>
      <trkpt lat="64.35442" lon="14.30181">
        <time>2025-03-02T13:19:00Z</time>
      </trkpt>
      <trkpt lat="64.35741" lon="14.3013">
        <time>2025-03-02T13:29:00Z</time>
      </trkpt>
      <trkpt lat="64.35879" lon="14.3019">
        <time>2025-03-02T13:39:00Z</time>
      </trkpt>
      <trkpt lat="64.36046" lon="14.30357">
        <time>2025-03-02T13:49:00Z</time>
      </trkpt>
      <trkpt lat="64.36185" lon="14.30304">
        <time>2025-03-02T13:59:00Z</time>
      </trkpt>
      <trkpt lat="64.36411" lon="14.3013">
        <time>2025-03-02T14:09:00Z</time>
      </trkpt>
      <trkpt lat="64.36732" lon="14.30241">
        <time>2025-03-02T14:19:00Z</time>
      </trkpt>
      <trkpt lat="64.37145" lon="14.29756">
        <time>2025-03-02T14:29:00Z</time>
      </trkpt>
      <trkpt lat="64.37608" lon="14.30095">
        <time>2025-03-02T14:39:00Z</time>
      </trkpt>
      <trkpt lat="64.37892" lon="14.31031">
        <time>2025-03-02T14:49:00Z</time>
      </trkpt>
      <trkpt lat="64.38378" lon="14.31263">
        <time>2025-03-02T14:59:00Z</time>
      </trkpt>
      <trkpt lat="64.38906" lon="14.31934">
        <time>2025-03-02T15:09:00Z</time>
      </trkpt>
      <trkpt lat="64.39034" lon="14.32428">
        <time>2025-03-02T15:19:00Z</time>
      </trkpt>
      <trkpt lat="64.39035" lon="14.32426">
        <time>2025-03-02T15:29:00Z</time>
      </trkpt>
      <trkpt lat="64.39477" lon="14.31913">
        <time>2025-03-02T15:39:00Z</time>
      </trkpt>
      <trkpt lat="64.40085" lon="14.31198">
        <time>2025-03-02T15:49:00Z</time>
      </trkpt>
      <trkpt lat="64.40576" lon="14.30188">
        <time>2025-03-02T15:59:00Z</time>
      </trkpt>
      <trkpt lat="64.40719" lon="14.29304">
        <time>2025-03-02T16:09:00Z</time>
      </trkpt>
      <trkpt lat="64.40715" lon="14.29267">
        <time>2025-03-02T16:15:00Z</time>
      </trkpt>
      <trkpt lat="64.40718" lon="14.29293">
        <time>2025-03-02T16:19:00Z</time>
      </trkpt>
      <trkpt lat="64.40722" lon="14.29291">
        <time>2025-03-03T06:54:00Z</time>
      </trkpt>
      <trkpt lat="64.40722" lon="14.29276">
        <time>2025-03-03T07:04:00Z</time>
      </trkpt>
      <trkpt lat="64.42009" lon="14.29971">
        <time>2025-03-03T08:00:00Z</time>
      </trkpt>
      <trkpt lat="64.40786" lon="14.29066">
        <time>2025-03-03T08:04:00Z</time>
      </trkpt>
      <trkpt lat="64.41346" lon="14.28602">
        <time>2025-03-03T08:14:00Z</time>
      </trkpt>
      <trkpt lat="64.41529" lon="14.27587">
        <time>2025-03-03T08:24:00Z</time>
      </trkpt>
      <trkpt lat="64.41454" lon="14.26366">
        <time>2025-03-03T08:34:00Z</time>
      </trkpt>
      <trkpt lat="64.41776" lon="14.24892">
        <time>2025-03-03T08:44:00Z</time>
      </trkpt>
      <trkpt lat="64.42036" lon="14.24493">
        <time>2025-03-03T08:54:00Z</time>
      </trkpt>
      <trkpt lat="64.42467" lon="14.23208">
        <time>2025-03-03T09:04:00Z</time>
      </trkpt>
      <trkpt lat="64.43008" lon="14.21991">
        <time>2025-03-03T09:14:00Z</time>
      </trkpt>
      <trkpt lat="64.43416" lon="14.20407">
        <time>2025-03-03T09:24:00Z</time>
      </trkpt>
      <trkpt lat="64.43728" lon="14.19064">
        <time>2025-03-03T09:34:00Z</time>
      </trkpt>
      <trkpt lat="64.44093" lon="14.18311">
        <time>2025-03-03T09:44:00Z</time>
      </trkpt>
      <trkpt lat="64.44531" lon="14.17405">
        <time>2025-03-03T09:54:00Z</time>
      </trkpt>
      <trkpt lat="64.44912" lon="14.16352">
        <time>2025-03-03T10:04:00Z</time>
      </trkpt>
      <trkpt lat="64.44912" lon="14.16337">
        <time>2025-03-03T10:14:00Z</time>
      </trkpt>
      <trkpt lat="64.45028" lon="14.163">
        <time>2025-03-03T10:24:00Z</time>
      </trkpt>
      <trkpt lat="64.4553" lon="14.16753">
        <time>2025-03-03T10:34:00Z</time>
      </trkpt>
      <trkpt lat="64.46088" lon="14.16324">
        <time>2025-03-03T10:44:00Z</time>
      </trkpt>
      <trkpt lat="64.46376" lon="14.16348">
        <time>2025-03-03T10:54:00Z</time>
      </trkpt>
      <trkpt lat="64.46878" lon="14.15418">
        <time>2025-03-03T11:04:00Z</time>
      </trkpt>
      <trkpt lat="64.46992" lon="14.15219">
        <time>2025-03-03T11:14:00Z</time>
      </trkpt>
      <trkpt lat="64.47267" lon="14.14863">
        <time>2025-03-03T11:24:00Z</time>
      </trkpt>
      <trkpt lat="64.47565" lon="14.14268">
        <time>2025-03-03T11:34:00Z</time>
      </trkpt>
      <trkpt lat="64.47954" lon="14.1362">
        <time>2025-03-03T11:44:00Z</time>
      </trkpt>
      <trkpt lat="64.48293" lon="14.13895">
        <time>2025-03-03T11:54:00Z</time>
      </trkpt>
      <trkpt lat="64.4876" lon="14.13747">
        <time>2025-03-03T12:04:00Z</time>
      </trkpt>
      <trkpt lat="64.49024" lon="14.13839">
        <time>2025-03-03T12:14:00Z</time>
      </trkpt>
      <trkpt lat="64.49253" lon="14.13833">
        <time>2025-03-03T12:24:00Z</time>
      </trkpt>
      <trkpt lat="64.4955" lon="14.14058">
        <time>2025-03-03T12:34:00Z</time>
      </trkpt>
      <trkpt lat="64.49976" lon="14.14223">
        <time>2025-03-03T12:44:00Z</time>
      </trkpt>
      <trkpt lat="64.50429" lon="14.14612">
        <time>2025-03-03T12:54:00Z</time>
      </trkpt>
      <trkpt lat="64.50639" lon="14.14732">
        <time>2025-03-03T13:10:00Z</time>
      </trkpt>
      <trkpt lat="64.50602" lon="14.14687">
        <time>2025-03-03T13:20:00Z</time>
      </trkpt>
      <trkpt lat="64.50601" lon="14.14695">
        <time>2025-03-03T13:24:00Z</time>
      </trkpt>
      <trkpt lat="64.506" lon="14.14672">
        <time>2025-03-03T14:36:00Z</time>
      </trkpt>
      <trkpt lat="64.5059" lon="14.14723">
        <time>2025-03-03T14:46:00Z</time>
      </trkpt>
      <trkpt lat="64.50596" lon="14.14685">
        <time>2025-03-03T18:46:00Z</time>
      </trkpt>
      <trkpt lat="64.50602" lon="14.14689">
        <time>2025-03-03T22:46:00Z</time>
      </trkpt>
      <trkpt lat="64.50603" lon="14.14695">
        <time>2025-03-04T02:46:00Z</time>
      </trkpt>
      <trkpt lat="64.50599" lon="14.14697">
        <time>2025-03-04T06:46:00Z</time>
      </trkpt>
      <trkpt lat="64.5061" lon="14.14689">
        <time>2025-03-04T10:46:00Z</time>
      </trkpt>
      <trkpt lat="64.50604" lon="14.147">
        <time>2025-03-04T11:30:00Z</time>
      </trkpt>
      <trkpt lat="64.50246" lon="14.15337">
        <time>2025-03-04T11:46:00Z</time>
      </trkpt>
      <trkpt lat="64.508" lon="14.15135">
        <time>2025-03-04T11:56:00Z</time>
      </trkpt>
      <trkpt lat="64.50658" lon="14.1594">
        <time>2025-03-04T12:06:00Z</time>
      </trkpt>
      <trkpt lat="64.5058" lon="14.16551">
        <time>2025-03-04T12:16:00Z</time>
      </trkpt>
      <trkpt lat="64.50446" lon="14.17757">
        <time>2025-03-04T12:26:00Z</time>
      </trkpt>
      <trkpt lat="64.50312" lon="14.18865">
        <time>2025-03-04T12:36:00Z</time>
      </trkpt>
      <trkpt lat="64.50216" lon="14.19435">
        <time>2025-03-04T12:46:00Z</time>
      </trkpt>
      <trkpt lat="64.50128" lon="14.20296">
        <time>2025-03-04T12:56:00Z</time>
      </trkpt>
      <trkpt lat="64.50088" lon="14.21367">
        <time>2025-03-04T13:06:00Z</time>
      </trkpt>
      <trkpt lat="64.50372" lon="14.22182">
        <time>2025-03-04T13:16:00Z</time>
      </trkpt>
      <trkpt lat="64.50447" lon="14.23242">
        <time>2025-03-04T13:26:00Z</time>
      </trkpt>
      <trkpt lat="64.50575" lon="14.24343">
        <time>2025-03-04T13:36:00Z</time>
      </trkpt>
      <trkpt lat="64.50838" lon="14.25197">
        <time>2025-03-04T13:46:00Z</time>
      </trkpt>
      <trkpt lat="64.50837" lon="14.25197">
        <time>2025-03-04T13:56:00Z</time>
      </trkpt>
      <trkpt lat="64.51287" lon="14.25682">
        <time>2025-03-04T14:16:00Z</time>
      </trkpt>
      <trkpt lat="64.51763" lon="14.25722">
        <time>2025-03-04T14:26:00Z</time>
      </trkpt>
      <trkpt lat="64.52198" lon="14.2524">
        <time>2025-03-04T14:36:00Z</time>
      </trkpt>
      <trkpt lat="64.52452" lon="14.25079">
        <time>2025-03-04T14:46:00Z</time>
      </trkpt>
      <trkpt lat="64.52854" lon="14.24398">
        <time>2025-03-04T14:56:00Z</time>
      </trkpt>
      <trkpt lat="64.53102" lon="14.23841">
        <time>2025-03-04T15:06:00Z</time>
      </trkpt>
      <trkpt lat="64.54111" lon="14.23004">
        <time>2025-03-04T15:16:00Z</time>
      </trkpt>
      <trkpt lat="64.54539" lon="14.2319">
        <time>2025-03-04T15:26:00Z</time>
      </trkpt>
      <trkpt lat="64.54966" lon="14.22643">
        <time>2025-03-04T15:36:00Z</time>
      </trkpt>
      <trkpt lat="64.55347" lon="14.22508">
        <time>2025-03-04T15:46:00Z</time>
      </trkpt>
      <trkpt lat="64.55789" lon="14.23109">
        <time>2025-03-04T15:56:00Z</time>
      </trkpt>
      <trkpt lat="64.561" lon="14.236">
        <time>2025-03-04T16:06:00Z</time>
      </trkpt>
      <trkpt lat="64.56333" lon="14.24139">
        <time>2025-03-04T16:16:00Z</time>
      </trkpt>
      <trkpt lat="64.56644" lon="14.24918">
        <time>2025-03-04T16:26:00Z</time>
      </trkpt>
      <trkpt lat="64.56749" lon="14.2492">
        <time>2025-03-04T16:36:00Z</time>
      </trkpt>
      <trkpt lat="64.56773" lon="14.25021">
        <time>2025-03-04T16:46:00Z</time>
      </trkpt>
      <trkpt lat="64.56775" lon="14.25027">
        <time>2025-03-04T17:07:00Z</time>
      </trkpt>
      <trkpt lat="64.56791" lon="14.25006">
        <time>2025-03-05T07:16:00Z</time>
      </trkpt>
      <trkpt lat="64.56775" lon="14.25021">
        <time>2025-03-05T07:26:00Z</time>
      </trkpt>
      <trkpt lat="64.5121" lon="14.14361">
        <time>2025-03-05T07:52:00Z</time>
      </trkpt>
      <trkpt lat="64.56808" lon="14.25611">
        <time>2025-03-05T08:16:00Z</time>
      </trkpt>
      <trkpt lat="64.56906" lon="14.26197">
        <time>2025-03-05T08:26:00Z</time>
      </trkpt>
      <trkpt lat="64.57033" lon="14.26576">
        <time>2025-03-05T08:36:00Z</time>
      </trkpt>
      <trkpt lat="64.57375" lon="14.26791">
        <time>2025-03-05T08:46:00Z</time>
      </trkpt>
      <trkpt lat="64.57792" lon="14.27188">
        <time>2025-03-05T08:56:00Z</time>
      </trkpt>
      <trkpt lat="64.58042" lon="14.2719">
        <time>2025-03-05T09:06:00Z</time>
      </trkpt>
      <trkpt lat="64.58365" lon="14.27006">
        <time>2025-03-05T09:16:00Z</time>
      </trkpt>
      <trkpt lat="64.58574" lon="14.26847">
        <time>2025-03-05T09:26:00Z</time>
      </trkpt>
      <trkpt lat="64.5878" lon="14.26572">
        <time>2025-03-05T09:36:00Z</time>
      </trkpt>
      <trkpt lat="64.59199" lon="14.25873">
        <time>2025-03-05T09:46:00Z</time>
      </trkpt>
      <trkpt lat="64.59324" lon="14.25858">
        <time>2025-03-05T09:56:00Z</time>
      </trkpt>
      <trkpt lat="64.59394" lon="14.25849">
        <time>2025-03-05T10:06:00Z</time>
      </trkpt>
      <trkpt lat="64.59796" lon="14.26201">
        <time>2025-03-05T10:26:00Z</time>
      </trkpt>
      <trkpt lat="64.60235" lon="14.26302">
        <time>2025-03-05T10:36:00Z</time>
      </trkpt>
      <trkpt lat="64.60353" lon="14.26293">
        <time>2025-03-05T10:46:00Z</time>
      </trkpt>
      <trkpt lat="64.60353" lon="14.26289">
        <time>2025-03-05T10:56:00Z</time>
      </trkpt>
      <trkpt lat="64.60659" lon="14.26652">
        <time>2025-03-05T11:26:00Z</time>
      </trkpt>
      <trkpt lat="64.61011" lon="14.27235">
        <time>2025-03-05T11:36:00Z</time>
      </trkpt>
      <trkpt lat="64.6142" lon="14.27548">
        <time>2025-03-05T11:46:00Z</time>
      </trkpt>
      <trkpt lat="64.61982" lon="14.27978">
        <time>2025-03-05T11:56:00Z</time>
      </trkpt>
      <trkpt lat="64.62383" lon="14.27969">
        <time>2025-03-05T12:06:00Z</time>
      </trkpt>
      <trkpt lat="64.62922" lon="14.27651">
        <time>2025-03-05T12:16:00Z</time>
      </trkpt>
      <trkpt lat="64.6338" lon="14.27229">
        <time>2025-03-05T12:26:00Z</time>
      </trkpt>
      <trkpt lat="64.63538" lon="14.27025">
        <time>2025-03-05T12:36:00Z</time>
      </trkpt>
      <trkpt lat="64.64028" lon="14.27278">
        <time>2025-03-05T12:46:00Z</time>
      </trkpt>
      <trkpt lat="64.64401" lon="14.27557">
        <time>2025-03-05T12:56:00Z</time>
      </trkpt>
      <trkpt lat="64.64963" lon="14.27995">
        <time>2025-03-05T13:06:00Z</time>
      </trkpt>
      <trkpt lat="64.65691" lon="14.28645">
        <time>2025-03-05T13:16:00Z</time>
      </trkpt>
      <trkpt lat="64.65964" lon="14.28808">
        <time>2025-03-05T13:26:00Z</time>
      </trkpt>
      <trkpt lat="64.66173" lon="14.28649">
        <time>2025-03-05T13:36:00Z</time>
      </trkpt>
      <trkpt lat="64.66604" lon="14.27692">
        <time>2025-03-05T13:46:00Z</time>
      </trkpt>
      <trkpt lat="64.67014" lon="14.26883">
        <time>2025-03-05T13:56:00Z</time>
      </trkpt>
      <trkpt lat="64.67073" lon="14.25677">
        <time>2025-03-05T14:06:00Z</time>
      </trkpt>
      <trkpt lat="64.67194" lon="14.24403">
        <time>2025-03-05T14:16:00Z</time>
      </trkpt>
      <trkpt lat="64.67211" lon="14.24042">
        <time>2025-03-05T14:26:00Z</time>
      </trkpt>
      <trkpt lat="64.67162" lon="14.22684">
        <time>2025-03-05T14:36:00Z</time>
      </trkpt>
      <trkpt lat="64.67224" lon="14.21392">
        <time>2025-03-05T14:46:00Z</time>
      </trkpt>
      <trkpt lat="64.67401" lon="14.2053">
        <time>2025-03-05T14:56:00Z</time>
      </trkpt>
      <trkpt lat="64.67532" lon="14.20504">
        <time>2025-03-05T15:06:00Z</time>
      </trkpt>
      <trkpt lat="64.67947" lon="14.20706">
        <time>2025-03-05T15:16:00Z</time>
      </trkpt>
      <trkpt lat="64.68137" lon="14.1974">
        <time>2025-03-05T15:26:00Z</time>
      </trkpt>
      <trkpt lat="64.68226" lon="14.19547">
        <time>2025-03-05T15:36:00Z</time>
      </trkpt>
      <trkpt lat="64.68381" lon="14.19528">
        <time>2025-03-05T15:46:00Z</time>
      </trkpt>
      <trkpt lat="64.68811" lon="14.19437">
        <time>2025-03-05T15:56:00Z</time>
      </trkpt>
      <trkpt lat="64.69091" lon="14.1953">
        <time>2025-03-05T16:06:00Z</time>
      </trkpt>
      <trkpt lat="64.69432" lon="14.19895">
        <time>2025-03-05T16:16:00Z</time>
      </trkpt>
      <trkpt lat="64.69789" lon="14.2018">
        <time>2025-03-05T16:26:00Z</time>
      </trkpt>
      <trkpt lat="64.69927" lon="14.20257">
        <time>2025-03-05T16:36:00Z</time>
      </trkpt>
      <trkpt lat="64.70458" lon="14.20343">
        <time>2025-03-05T16:46:00Z</time>
      </trkpt>
      <trkpt lat="64.71071" lon="14.20388">
        <time>2025-03-05T16:56:00Z</time>
      </trkpt>
      <trkpt lat="64.66815" lon="14.14558">
        <time>2025-03-05T17:02:00Z</time>
      </trkpt>
      <trkpt lat="64.71176" lon="14.2033">
        <time>2025-03-05T17:06:00Z</time>
      </trkpt>
      <trkpt lat="64.71176" lon="14.20339">
        <time>2025-03-05T17:16:00Z</time>
      </trkpt>
      <trkpt lat="64.71173" lon="14.20328">
        <time>2025-03-06T07:46:00Z</time>
      </trkpt>
      <trkpt lat="64.71178" lon="14.20328">
        <time>2025-03-06T07:56:00Z</time>
      </trkpt>
      <trkpt lat="64.66377" lon="14.10636">
        <time>2025-03-06T08:32:00Z</time>
      </trkpt>
      <trkpt lat="64.7133" lon="14.20309">
        <time>2025-03-06T08:46:00Z</time>
      </trkpt>
      <trkpt lat="64.71909" lon="14.20345">
        <time>2025-03-06T08:56:00Z</time>
      </trkpt>
      <trkpt lat="64.72675" lon="14.20553">
        <time>2025-03-06T09:06:00Z</time>
      </trkpt>
      <trkpt lat="64.73048" lon="14.2009">
        <time>2025-03-06T09:16:00Z</time>
      </trkpt>
      <trkpt lat="64.73436" lon="14.20261">
        <time>2025-03-06T09:26:00Z</time>
      </trkpt>
      <trkpt lat="64.74233" lon="14.20626">
        <time>2025-03-06T09:36:00Z</time>
      </trkpt>
      <trkpt lat="64.7488" lon="14.21186">
        <time>2025-03-06T09:46:00Z</time>
      </trkpt>
      <trkpt lat="64.7504" lon="14.22">
        <time>2025-03-06T09:56:00Z</time>
      </trkpt>
      <trkpt lat="64.75092" lon="14.22244">
        <time>2025-03-06T10:06:00Z</time>
      </trkpt>
      <trkpt lat="64.75454" lon="14.22557">
        <time>2025-03-06T10:16:00Z</time>
      </trkpt>
      <trkpt lat="64.75802" lon="14.22682">
        <time>2025-03-06T10:26:00Z</time>
      </trkpt>
      <trkpt lat="64.76278" lon="14.22929">
        <time>2025-03-06T10:36:00Z</time>
      </trkpt>
      <trkpt lat="64.76759" lon="14.23064">
        <time>2025-03-06T10:46:00Z</time>
      </trkpt>
      <trkpt lat="64.76852" lon="14.22933">
        <time>2025-03-06T10:56:00Z</time>
      </trkpt>
      <trkpt lat="64.77152" lon="14.22963">
        <time>2025-03-06T11:06:00Z</time>
      </trkpt>
      <trkpt lat="64.77397" lon="14.23132">
        <time>2025-03-06T11:16:00Z</time>
      </trkpt>
      <trkpt lat="64.77691" lon="14.23291">
        <time>2025-03-06T11:26:00Z</time>
      </trkpt>
      <trkpt lat="64.78055" lon="14.23469">
        <time>2025-03-06T11:36:00Z</time>
      </trkpt>
      <trkpt lat="64.78395" lon="14.23611">
        <time>2025-03-06T11:46:00Z</time>
      </trkpt>
      <trkpt lat="64.78722" lon="14.23609">
        <time>2025-03-06T11:56:00Z</time>
      </trkpt>
      <trkpt lat="64.78922" lon="14.23523">
        <time>2025-03-06T12:06:00Z</time>
      </trkpt>
      <trkpt lat="64.79108" lon="14.23403">
        <time>2025-03-06T12:16:00Z</time>
      </trkpt>
      <trkpt lat="64.79374" lon="14.23461">
        <time>2025-03-06T12:26:00Z</time>
      </trkpt>
      <trkpt lat="64.79433" lon="14.23502">
        <time>2025-03-06T12:36:00Z</time>
      </trkpt>
      <trkpt lat="64.79904" lon="14.22954">
        <time>2025-03-06T13:06:00Z</time>
      </trkpt>
      <trkpt lat="64.80316" lon="14.23098">
        <time>2025-03-06T13:16:00Z</time>
      </trkpt>
      <trkpt lat="64.80625" lon="14.23225">
        <time>2025-03-06T13:26:00Z</time>
      </trkpt>
      <trkpt lat="64.81016" lon="14.23939">
        <time>2025-03-06T13:36:00Z</time>
      </trkpt>
      <trkpt lat="64.81342" lon="14.24411">
        <time>2025-03-06T13:46:00Z</time>
      </trkpt>
      <trkpt lat="64.81367" lon="14.24401">
        <time>2025-03-06T13:56:00Z</time>
      </trkpt>
      <trkpt lat="64.81512" lon="14.24559">
        <time>2025-03-06T14:26:00Z</time>
      </trkpt>
      <trkpt lat="64.81711" lon="14.24317">
        <time>2025-03-06T14:36:00Z</time>
      </trkpt>
      <trkpt lat="64.81874" lon="14.24345">
        <time>2025-03-06T14:46:00Z</time>
      </trkpt>
      <trkpt lat="64.82113" lon="14.24776">
        <time>2025-03-06T14:56:00Z</time>
      </trkpt>
      <trkpt lat="64.82329" lon="14.25107">
        <time>2025-03-06T15:06:00Z</time>
      </trkpt>
      <trkpt lat="64.82536" lon="14.25615">
        <time>2025-03-06T15:16:00Z</time>
      </trkpt>
      <trkpt lat="64.82896" lon="14.25559">
        <time>2025-03-06T15:26:00Z</time>
      </trkpt>
      <trkpt lat="64.83273" lon="14.26104">
        <time>2025-03-06T15:36:00Z</time>
      </trkpt>
      <trkpt lat="64.83365" lon="14.26606">
        <time>2025-03-06T15:46:00Z</time>
      </trkpt>
      <trkpt lat="64.83781" lon="14.2757">
        <time>2025-03-06T15:56:00Z</time>
      </trkpt>
      <trkpt lat="64.84191" lon="14.28422">
        <time>2025-03-06T16:06:00Z</time>
      </trkpt>
      <trkpt lat="64.84452" lon="14.29087">
        <time>2025-03-06T16:16:00Z</time>
      </trkpt>
      <trkpt lat="64.84549" lon="14.29557">
        <time>2025-03-06T16:26:00Z</time>
      </trkpt>
      <trkpt lat="64.84628" lon="14.29759">
        <time>2025-03-06T16:36:00Z</time>
      </trkpt>
      <trkpt lat="64.84629" lon="14.29771">
        <time>2025-03-06T16:46:00Z</time>
      </trkpt>
      <trkpt lat="64.84589" lon="14.29739">
        <time>2025-03-06T16:58:00Z</time>
      </trkpt>
      <trkpt lat="64.84625" lon="14.29769">
        <time>2025-03-07T06:48:00Z</time>
      </trkpt>
      <trkpt lat="64.8463" lon="14.29765">
        <time>2025-03-07T06:58:00Z</time>
      </trkpt>
      <trkpt lat="64.82322" lon="14.11723">
        <time>2025-03-07T07:28:00Z</time>
      </trkpt>
      <trkpt lat="64.84728" lon="14.30065">
        <time>2025-03-07T07:38:00Z</time>
      </trkpt>
      <trkpt lat="64.84895" lon="14.30954">
        <time>2025-03-07T07:48:00Z</time>
      </trkpt>
      <trkpt lat="64.85056" lon="14.31846">
        <time>2025-03-07T07:58:00Z</time>
      </trkpt>
      <trkpt lat="64.85027" lon="14.32724">
        <time>2025-03-07T08:08:00Z</time>
      </trkpt>
      <trkpt lat="64.84813" lon="14.34381">
        <time>2025-03-07T08:18:00Z</time>
      </trkpt>
      <trkpt lat="64.84706" lon="14.35089">
        <time>2025-03-07T08:28:00Z</time>
      </trkpt>
      <trkpt lat="64.84841" lon="14.33984">
        <time>2025-03-07T08:38:00Z</time>
      </trkpt>
      <trkpt lat="64.85017" lon="14.32898">
        <time>2025-03-07T08:48:00Z</time>
      </trkpt>
      <trkpt lat="64.85255" lon="14.33263">
        <time>2025-03-07T08:58:00Z</time>
      </trkpt>
      <trkpt lat="64.85367" lon="14.33885">
        <time>2025-03-07T09:08:00Z</time>
      </trkpt>
      <trkpt lat="64.85523" lon="14.34546">
        <time>2025-03-07T09:18:00Z</time>
      </trkpt>
      <trkpt lat="64.85759" lon="14.35273">
        <time>2025-03-07T09:28:00Z</time>
      </trkpt>
      <trkpt lat="64.86071" lon="14.35471">
        <time>2025-03-07T09:38:00Z</time>
      </trkpt>
      <trkpt lat="64.863" lon="14.36383">
        <time>2025-03-07T09:48:00Z</time>
      </trkpt>
      <trkpt lat="64.86728" lon="14.37595">
        <time>2025-03-07T09:58:00Z</time>
      </trkpt>
      <trkpt lat="64.86947" lon="14.38578">
        <time>2025-03-07T10:08:00Z</time>
      </trkpt>
      <trkpt lat="64.87085" lon="14.39552">
        <time>2025-03-07T10:18:00Z</time>
      </trkpt>
      <trkpt lat="64.87218" lon="14.40187">
        <time>2025-03-07T10:28:00Z</time>
      </trkpt>
      <trkpt lat="64.87304" lon="14.40384">
        <time>2025-03-07T10:38:00Z</time>
      </trkpt>
      <trkpt lat="64.87579" lon="14.40279">
        <time>2025-03-07T10:48:00Z</time>
      </trkpt>
      <trkpt lat="64.88064" lon="14.40348">
        <time>2025-03-07T10:58:00Z</time>
      </trkpt>
      <trkpt lat="64.8827" lon="14.40168">
        <time>2025-03-07T11:08:00Z</time>
      </trkpt>
      <trkpt lat="64.88461" lon="14.40337">
        <time>2025-03-07T11:18:00Z</time>
      </trkpt>
      <trkpt lat="64.88595" lon="14.41487">
        <time>2025-03-07T11:28:00Z</time>
      </trkpt>
      <trkpt lat="64.88737" lon="14.42277">
        <time>2025-03-07T11:38:00Z</time>
      </trkpt>
      <trkpt lat="64.88876" lon="14.43489">
        <time>2025-03-07T11:48:00Z</time>
      </trkpt>
      <trkpt lat="64.88935" lon="14.44803">
        <time>2025-03-07T11:58:00Z</time>
      </trkpt>
      <trkpt lat="64.88994" lon="14.45682">
        <time>2025-03-07T12:08:00Z</time>
      </trkpt>
      <trkpt lat="64.89102" lon="14.46341">
        <time>2025-03-07T12:18:00Z</time>
      </trkpt>
      <trkpt lat="64.89197" lon="14.47277">
        <time>2025-03-07T12:28:00Z</time>
      </trkpt>
      <trkpt lat="64.89193" lon="14.4729">
        <time>2025-03-07T12:38:00Z</time>
      </trkpt>
      <trkpt lat="64.89452" lon="14.4735">
        <time>2025-03-07T12:58:00Z</time>
      </trkpt>
      <trkpt lat="64.89566" lon="14.4835">
        <time>2025-03-07T13:08:00Z</time>
      </trkpt>
      <trkpt lat="64.89759" lon="14.49216">
        <time>2025-03-07T13:18:00Z</time>
      </trkpt>
      <trkpt lat="64.90145" lon="14.50079">
        <time>2025-03-07T13:28:00Z</time>
      </trkpt>
      <trkpt lat="64.90416" lon="14.50444">
        <time>2025-03-07T13:38:00Z</time>
      </trkpt>
      <trkpt lat="64.9047" lon="14.50682">
        <time>2025-03-07T13:48:00Z</time>
      </trkpt>
      <trkpt lat="64.90583" lon="14.51042">
        <time>2025-03-07T13:58:00Z</time>
      </trkpt>
      <trkpt lat="64.90686" lon="14.52008">
        <time>2025-03-07T14:08:00Z</time>
      </trkpt>
      <trkpt lat="64.90836" lon="14.52424">
        <time>2025-03-07T14:18:00Z</time>
      </trkpt>
      <trkpt lat="64.91277" lon="14.53465">
        <time>2025-03-07T14:28:00Z</time>
      </trkpt>
      <trkpt lat="64.91734" lon="14.54504">
        <time>2025-03-07T14:38:00Z</time>
      </trkpt>
      <trkpt lat="64.91937" lon="14.55049">
        <time>2025-03-07T14:48:00Z</time>
      </trkpt>
      <trkpt lat="64.92014" lon="14.5533">
        <time>2025-03-07T14:58:00Z</time>
      </trkpt>
      <trkpt lat="64.92172" lon="14.55875">
        <time>2025-03-07T15:08:00Z</time>
      </trkpt>
      <trkpt lat="64.92408" lon="14.5642">
        <time>2025-03-07T15:18:00Z</time>
      </trkpt>
      <trkpt lat="64.92491" lon="14.56697">
        <time>2025-03-07T15:28:00Z</time>
      </trkpt>
      <trkpt lat="64.92687" lon="14.57164">
        <time>2025-03-07T15:38:00Z</time>
      </trkpt>
      <trkpt lat="64.92828" lon="14.57368">
        <time>2025-03-07T15:48:00Z</time>
      </trkpt>
      <trkpt lat="64.93104" lon="14.57845">
        <time>2025-03-07T15:58:00Z</time>
      </trkpt>
      <trkpt lat="64.93373" lon="14.58357">
        <time>2025-03-07T16:08:00Z</time>
      </trkpt>
      <trkpt lat="64.93593" lon="14.58902">
        <time>2025-03-07T16:18:00Z</time>
      </trkpt>
      <trkpt lat="64.94116" lon="14.6007">
        <time>2025-03-07T16:28:00Z</time>
      </trkpt>
      <trkpt lat="64.94234" lon="14.60671">
        <time>2025-03-07T16:38:00Z</time>
      </trkpt>
      <trkpt lat="64.94233" lon="14.60692">
        <time>2025-03-07T16:40:00Z</time>
      </trkpt>
      <trkpt lat="64.94234" lon="14.60681">
        <time>2025-03-07T16:48:00Z</time>
      </trkpt>
      <trkpt lat="64.94235" lon="14.60679">
        <time>2025-03-08T02:25:00Z</time>
      </trkpt>
      <trkpt lat="64.94229" lon="14.6069">
        <time>2025-03-08T02:35:00Z</time>
      </trkpt>
      <trkpt lat="64.94235" lon="14.6069">
        <time>2025-03-08T08:12:00Z</time>
      </trkpt>
      <trkpt lat="64.94218" lon="14.60776">
        <time>2025-03-08T08:22:00Z</time>
      </trkpt>
      <trkpt lat="64.79943" lon="14.15032">
        <time>2025-03-08T09:41:00Z</time>
      </trkpt>
      <trkpt lat="64.94357" lon="14.61361">
        <time>2025-03-08T09:52:00Z</time>
      </trkpt>
      <trkpt lat="64.94591" lon="14.62552">
        <time>2025-03-08T10:02:00Z</time>
      </trkpt>
      <trkpt lat="64.94821" lon="14.63205">
        <time>2025-03-08T10:12:00Z</time>
      </trkpt>
      <trkpt lat="64.95035" lon="14.63891">
        <time>2025-03-08T10:22:00Z</time>
      </trkpt>
      <trkpt lat="64.953" lon="14.64893">
        <time>2025-03-08T10:32:00Z</time>
      </trkpt>
      <trkpt lat="64.9556" lon="14.66561">
        <time>2025-03-08T10:42:00Z</time>
      </trkpt>
      <trkpt lat="64.96037" lon="14.67807">
        <time>2025-03-08T10:52:00Z</time>
      </trkpt>
      <trkpt lat="64.96412" lon="14.68327">
        <time>2025-03-08T11:02:00Z</time>
      </trkpt>
      <trkpt lat="64.96873" lon="14.68751">
        <time>2025-03-08T11:12:00Z</time>
      </trkpt>
      <trkpt lat="64.97259" lon="14.69726">
        <time>2025-03-08T11:22:00Z</time>
      </trkpt>
      <trkpt lat="64.97977" lon="14.71116">
        <time>2025-03-08T11:32:00Z</time>
      </trkpt>
      <trkpt lat="64.98398" lon="14.71773">
        <time>2025-03-08T11:42:00Z</time>
      </trkpt>
      <trkpt lat="64.98404" lon="14.71768">
        <time>2025-03-08T11:55:00Z</time>
      </trkpt>
      <trkpt lat="64.99153" lon="14.72455">
        <time>2025-03-08T12:55:00Z</time>
      </trkpt>
      <trkpt lat="64.99815" lon="14.72404">
        <time>2025-03-08T13:05:00Z</time>
      </trkpt>
      <trkpt lat="65.00284" lon="14.72442">
        <time>2025-03-08T13:15:00Z</time>
      </trkpt>
      <trkpt lat="65.01215" lon="14.73037">
        <time>2025-03-08T13:25:00Z</time>
      </trkpt>
      <trkpt lat="65.02081" lon="14.73481">
        <time>2025-03-08T13:35:00Z</time>
      </trkpt>
      <trkpt lat="65.02898" lon="14.73324">
        <time>2025-03-08T13:45:00Z</time>
      </trkpt>
      <trkpt lat="65.04152" lon="14.72691">
        <time>2025-03-08T13:55:00Z</time>
      </trkpt>
      <trkpt lat="65.04889" lon="14.74255">
        <time>2025-03-08T14:05:00Z</time>
      </trkpt>
      <trkpt lat="65.04975" lon="14.7533">
        <time>2025-03-08T14:15:00Z</time>
      </trkpt>
      <trkpt lat="65.04989" lon="14.75305">
        <time>2025-03-08T14:25:00Z</time>
      </trkpt>
      <trkpt lat="65.05009" lon="14.75736">
        <time>2025-03-08T15:05:00Z</time>
      </trkpt>
      <trkpt lat="65.05202" lon="14.78036">
        <time>2025-03-08T15:15:00Z</time>
      </trkpt>
      <trkpt lat="65.05526" lon="14.79806">
        <time>2025-03-08T15:25:00Z</time>
      </trkpt>
      <trkpt lat="65.05793" lon="14.80463">
        <time>2025-03-08T15:35:00Z</time>
      </trkpt>
      <trkpt lat="65.06158" lon="14.81165">
        <time>2025-03-08T15:45:00Z</time>
      </trkpt>
      <trkpt lat="65.06328" lon="14.80912">
        <time>2025-03-08T15:55:00Z</time>
      </trkpt>
      <trkpt lat="65.06347" lon="14.80963">
        <time>2025-03-08T16:09:00Z</time>
      </trkpt>
      <trkpt lat="65.06306" lon="14.80888">
        <time>2025-03-08T16:21:00Z</time>
      </trkpt>
      <trkpt lat="65.06299" lon="14.80892">
        <time>2025-03-09T10:05:00Z</time>
      </trkpt>
      <trkpt lat="65.06299" lon="14.80873">
        <time>2025-03-09T10:15:00Z</time>
      </trkpt>
      <trkpt lat="65.06314" lon="14.80897">
        <time>2025-03-09T14:15:00Z</time>
      </trkpt>
      <trkpt lat="65.06309" lon="14.80897">
        <time>2025-03-09T18:15:00Z</time>
      </trkpt>
      <trkpt lat="65.06309" lon="14.80888">
        <time>2025-03-09T22:15:00Z</time>
      </trkpt>
      <trkpt lat="65.06264" lon="14.80929">
        <time>2025-03-10T02:15:00Z</time>
      </trkpt>
      <trkpt lat="65.06336" lon="14.80939">
        <time>2025-03-10T05:32:00Z</time>
      </trkpt>
      <trkpt lat="65.06306" lon="14.8089">
        <time>2025-03-10T05:42:00Z</time>
      </trkpt>
      <trkpt lat="65.06308" lon="14.80903">
        <time>2025-03-10T07:46:00Z</time>
      </trkpt>
      <trkpt lat="65.06277" lon="14.82278">
        <time>2025-03-10T08:02:00Z</time>
      </trkpt>
      <trkpt lat="65.06229" lon="14.84328">
        <time>2025-03-10T08:12:00Z</time>
      </trkpt>
      <trkpt lat="65.06083" lon="14.86021">
        <time>2025-03-10T08:22:00Z</time>
      </trkpt>
      <trkpt lat="65.05957" lon="14.87231">
        <time>2025-03-10T08:32:00Z</time>
      </trkpt>
      <trkpt lat="65.05744" lon="14.89046">
        <time>2025-03-10T08:42:00Z</time>
      </trkpt>
      <trkpt lat="65.05637" lon="14.90299">
        <time>2025-03-10T08:52:00Z</time>
      </trkpt>
      <trkpt lat="65.05634" lon="14.90297">
        <time>2025-03-10T09:02:00Z</time>
      </trkpt>
      <trkpt lat="65.05517" lon="14.9187">
        <time>2025-03-10T09:22:00Z</time>
      </trkpt>
      <trkpt lat="65.05486" lon="14.93977">
        <time>2025-03-10T09:32:00Z</time>
      </trkpt>
      <trkpt lat="65.05534" lon="14.95496">
        <time>2025-03-10T09:42:00Z</time>
      </trkpt>
      <trkpt lat="65.05539" lon="14.95505">
        <time>2025-03-10T09:52:00Z</time>
      </trkpt>
      <trkpt lat="65.05577" lon="14.95941">
        <time>2025-03-10T10:02:00Z</time>
      </trkpt>
      <trkpt lat="65.05757" lon="14.98058">
        <time>2025-03-10T10:12:00Z</time>
      </trkpt>
      <trkpt lat="65.0589" lon="14.99726">
        <time>2025-03-10T10:22:00Z</time>
      </trkpt>
      <trkpt lat="65.06009" lon="15.01687">
        <time>2025-03-10T10:32:00Z</time>
      </trkpt>
      <trkpt lat="65.06081" lon="15.03582">
        <time>2025-03-10T10:42:00Z</time>
      </trkpt>
      <trkpt lat="65.06115" lon="15.04884">
        <time>2025-03-10T10:52:00Z</time>
      </trkpt>
      <trkpt lat="65.06136" lon="15.05693">
        <time>2025-03-10T11:02:00Z</time>
      </trkpt>
      <trkpt lat="65.06581" lon="15.06337">
        <time>2025-03-10T11:12:00Z</time>
      </trkpt>
      <trkpt lat="65.06789" lon="15.07566">
        <time>2025-03-10T11:22:00Z</time>
      </trkpt>
      <trkpt lat="65.07311" lon="15.07974">
        <time>2025-03-10T11:32:00Z</time>
      </trkpt>
      <trkpt lat="65.0773" lon="15.08877">
        <time>2025-03-10T11:42:00Z</time>
      </trkpt>
      <trkpt lat="65.08291" lon="15.08942">
        <time>2025-03-10T11:52:00Z</time>
      </trkpt>
      <trkpt lat="65.08802" lon="15.08716">
        <time>2025-03-10T12:02:00Z</time>
      </trkpt>
      <trkpt lat="65.08792" lon="15.08693">
        <time>2025-03-10T12:12:00Z</time>
      </trkpt>
      <trkpt lat="65.09651" lon="15.08648">
        <time>2025-03-10T12:42:00Z</time>
      </trkpt>
      <trkpt lat="65.10359" lon="15.08912">
        <time>2025-03-10T12:52:00Z</time>
      </trkpt>
      <trkpt lat="65.10623" lon="15.08459">
        <time>2025-03-10T13:02:00Z</time>
      </trkpt>
      <trkpt lat="65.11262" lon="15.07476">
        <time>2025-03-10T13:12:00Z</time>
      </trkpt>
      <trkpt lat="65.11862" lon="15.06448">
        <time>2025-03-10T13:22:00Z</time>
      </trkpt>
      <trkpt lat="65.12391" lon="15.05358">
        <time>2025-03-10T13:32:00Z</time>
      </trkpt>
      <trkpt lat="65.12744" lon="15.0471">
        <time>2025-03-10T13:42:00Z</time>
      </trkpt>
      <trkpt lat="65.1298" lon="15.04438">
        <time>2025-03-10T13:52:00Z</time>
      </trkpt>
      <trkpt lat="65.13598" lon="15.04264">
        <time>2025-03-10T14:02:00Z</time>
      </trkpt>
      <trkpt lat="65.14068" lon="15.04303">
        <time>2025-03-10T14:12:00Z</time>
      </trkpt>
      <trkpt lat="65.14184" lon="15.04212">
        <time>2025-03-10T14:22:00Z</time>
      </trkpt>
      <trkpt lat="65.14319" lon="15.04474">
        <time>2025-03-10T14:32:00Z</time>
      </trkpt>
      <trkpt lat="65.1496" lon="15.04734">
        <time>2025-03-10T14:42:00Z</time>
      </trkpt>
      <trkpt lat="65.15579" lon="15.05955">
        <time>2025-03-10T14:52:00Z</time>
      </trkpt>
      <trkpt lat="65.16197" lon="15.06729">
        <time>2025-03-10T15:02:00Z</time>
      </trkpt>
      <trkpt lat="65.16938" lon="15.0718">
        <time>2025-03-10T15:12:00Z</time>
      </trkpt>
      <trkpt lat="65.17309" lon="15.0753">
        <time>2025-03-10T15:22:00Z</time>
      </trkpt>
      <trkpt lat="65.17317" lon="15.07549">
        <time>2025-03-10T15:32:00Z</time>
      </trkpt>
      <trkpt lat="65.17901" lon="15.07779">
        <time>2025-03-10T15:42:00Z</time>
      </trkpt>
      <trkpt lat="65.18623" lon="15.07403">
        <time>2025-03-10T15:52:00Z</time>
      </trkpt>
      <trkpt lat="65.19317" lon="15.06852">
        <time>2025-03-10T16:02:00Z</time>
      </trkpt>
      <trkpt lat="65.1992" lon="15.06335">
        <time>2025-03-10T16:12:00Z</time>
      </trkpt>
      <trkpt lat="65.20456" lon="15.05927">
        <time>2025-03-10T16:22:00Z</time>
      </trkpt>
      <trkpt lat="65.21079" lon="15.05397">
        <time>2025-03-10T16:32:00Z</time>
      </trkpt>
      <trkpt lat="65.21703" lon="15.0503">
        <time>2025-03-10T16:42:00Z</time>
      </trkpt>
      <trkpt lat="65.22142" lon="15.05075">
        <time>2025-03-10T16:52:00Z</time>
      </trkpt>
      <trkpt lat="65.22166" lon="15.05096">
        <time>2025-03-10T17:02:00Z</time>
      </trkpt>
      <trkpt lat="65.2217" lon="15.0509">
        <time>2025-03-10T17:02:00Z</time>
      </trkpt>
      <trkpt lat="65.22167" lon="15.05079">
        <time>2025-03-11T06:48:00Z</time>
      </trkpt>
      <trkpt lat="65.2217" lon="15.05086">
        <time>2025-03-11T06:58:00Z</time>
      </trkpt>
      <trkpt lat="65.22923" lon="15.04075">
        <time>2025-03-11T07:38:00Z</time>
      </trkpt>
      <trkpt lat="65.23482" lon="15.03655">
        <time>2025-03-11T07:48:00Z</time>
      </trkpt>
      <trkpt lat="65.24037" lon="15.03217">
        <time>2025-03-11T07:58:00Z</time>
      </trkpt>
      <trkpt lat="65.24757" lon="15.02552">
        <time>2025-03-11T08:08:00Z</time>
      </trkpt>
      <trkpt lat="65.25447" lon="15.02172">
        <time>2025-03-11T08:18:00Z</time>
      </trkpt>
      <trkpt lat="65.2597" lon="15.02301">
        <time>2025-03-11T08:28:00Z</time>
      </trkpt>
      <trkpt lat="65.26628" lon="15.02324">
        <time>2025-03-11T08:38:00Z</time>
      </trkpt>
      <trkpt lat="65.27335" lon="15.02007">
        <time>2025-03-11T08:48:00Z</time>
      </trkpt>
      <trkpt lat="65.27923" lon="15.02077">
        <time>2025-03-11T08:58:00Z</time>
      </trkpt>
      <trkpt lat="65.27962" lon="15.02116">
        <time>2025-03-11T09:08:00Z</time>
      </trkpt>
      <trkpt lat="65.286" lon="15.02322">
        <time>2025-03-11T09:18:00Z</time>
      </trkpt>
      <trkpt lat="65.29253" lon="15.02331">
        <time>2025-03-11T09:28:00Z</time>
      </trkpt>
      <trkpt lat="65.29742" lon="15.0241">
        <time>2025-03-11T09:38:00Z</time>
      </trkpt>
      <trkpt lat="65.30318" lon="15.0265">
        <time>2025-03-11T09:48:00Z</time>
      </trkpt>
      <trkpt lat="65.30991" lon="15.0344">
        <time>2025-03-11T09:58:00Z</time>
      </trkpt>
      <trkpt lat="65.31636" lon="15.04489">
        <time>2025-03-11T10:08:00Z</time>
      </trkpt>
      <trkpt lat="65.32319" lon="15.06038">
        <time>2025-03-11T10:18:00Z</time>
      </trkpt>
      <trkpt lat="65.32369" lon="15.06114">
        <time>2025-03-11T10:28:00Z</time>
      </trkpt>
      <trkpt lat="65.32682" lon="15.06474">
        <time>2025-03-11T10:38:00Z</time>
      </trkpt>
      <trkpt lat="65.33155" lon="15.06442">
        <time>2025-03-11T10:48:00Z</time>
      </trkpt>
      <trkpt lat="65.33407" lon="15.07691">
        <time>2025-03-11T10:58:00Z</time>
      </trkpt>
      <trkpt lat="65.33792" lon="15.09364">
        <time>2025-03-11T11:08:00Z</time>
      </trkpt>
      <trkpt lat="65.33994" lon="15.10259">
        <time>2025-03-11T11:18:00Z</time>
      </trkpt>
      <trkpt lat="65.33988" lon="15.10261">
        <time>2025-03-11T11:28:00Z</time>
      </trkpt>
      <trkpt lat="65.34115" lon="15.10002">
        <time>2025-03-11T12:08:00Z</time>
      </trkpt>
      <trkpt lat="65.34655" lon="15.09409">
        <time>2025-03-11T12:18:00Z</time>
      </trkpt>
      <trkpt lat="65.3482" lon="15.0936">
        <time>2025-03-11T12:28:00Z</time>
      </trkpt>
      <trkpt lat="65.35203" lon="15.09766">
        <time>2025-03-11T12:38:00Z</time>
      </trkpt>
      <trkpt lat="65.35736" lon="15.09918">
        <time>2025-03-11T12:48:00Z</time>
      </trkpt>
      <trkpt lat="65.36127" lon="15.09768">
        <time>2025-03-11T12:58:00Z</time>
      </trkpt>
      <trkpt lat="65.36322" lon="15.1039">
        <time>2025-03-11T13:08:00Z</time>
      </trkpt>
      <trkpt lat="65.36406" lon="15.11384">
        <time>2025-03-11T13:18:00Z</time>
      </trkpt>
      <trkpt lat="65.36574" lon="15.12195">
        <time>2025-03-11T13:28:00Z</time>
      </trkpt>
      <trkpt lat="65.36768" lon="15.13077">
        <time>2025-03-11T13:38:00Z</time>
      </trkpt>
      <trkpt lat="65.3693" lon="15.13783">
        <time>2025-03-11T13:48:00Z</time>
      </trkpt>
      <trkpt lat="65.37307" lon="15.14248">
        <time>2025-03-11T13:58:00Z</time>
      </trkpt>
      <trkpt lat="65.37445" lon="15.14401">
        <time>2025-03-11T14:08:00Z</time>
      </trkpt>
      <trkpt lat="65.37882" lon="15.14089">
        <time>2025-03-11T14:18:00Z</time>
      </trkpt>
      <trkpt lat="65.38278" lon="15.14098">
        <time>2025-03-11T14:28:00Z</time>
      </trkpt>
      <trkpt lat="65.38721" lon="15.14119">
        <time>2025-03-11T14:38:00Z</time>
      </trkpt>
      <trkpt lat="65.39089" lon="15.13707">
        <time>2025-03-11T14:48:00Z</time>
      </trkpt>
      <trkpt lat="65.39595" lon="15.13386">
        <time>2025-03-11T14:58:00Z</time>
      </trkpt>
      <trkpt lat="65.39821" lon="15.13778">
        <time>2025-03-11T15:08:00Z</time>
      </trkpt>
      <trkpt lat="65.40268" lon="15.14853">
        <time>2025-03-11T15:18:00Z</time>
      </trkpt>
      <trkpt lat="65.40675" lon="15.15922">
        <time>2025-03-11T15:28:00Z</time>
      </trkpt>
      <trkpt lat="65.41124" lon="15.17016">
        <time>2025-03-11T15:38:00Z</time>
      </trkpt>
      <trkpt lat="65.41506" lon="15.17917">
        <time>2025-03-11T15:48:00Z</time>
      </trkpt>
      <trkpt lat="65.41783" lon="15.18559">
        <time>2025-03-11T15:58:00Z</time>
      </trkpt>
      <trkpt lat="65.42265" lon="15.19711">
        <time>2025-03-11T16:08:00Z</time>
      </trkpt>
      <trkpt lat="65.42684" lon="15.2099">
        <time>2025-03-11T16:18:00Z</time>
      </trkpt>
      <trkpt lat="65.43158" lon="15.21939">
        <time>2025-03-11T16:28:00Z</time>
      </trkpt>
      <trkpt lat="65.43286" lon="15.22475">
        <time>2025-03-11T16:38:00Z</time>
      </trkpt>
      <trkpt lat="65.43539" lon="15.23567">
        <time>2025-03-11T16:48:00Z</time>
      </trkpt>
      <trkpt lat="65.43797" lon="15.23842">
        <time>2025-03-11T16:58:00Z</time>
      </trkpt>
      <trkpt lat="65.43799" lon="15.23835">
        <time>2025-03-11T16:59:00Z</time>
      </trkpt>
      <trkpt lat="65.43806" lon="15.23838">
        <time>2025-03-11T17:08:00Z</time>
      </trkpt>
      <trkpt lat="65.43806" lon="15.23851">
        <time>2025-03-12T06:33:00Z</time>
      </trkpt>
      <trkpt lat="65.43798" lon="15.23838">
        <time>2025-03-12T06:43:00Z</time>
      </trkpt>
      <trkpt lat="65.44649" lon="15.23848">
        <time>2025-03-12T07:43:00Z</time>
      </trkpt>
      <trkpt lat="65.45566" lon="15.25033">
        <time>2025-03-12T07:53:00Z</time>
      </trkpt>
      <trkpt lat="65.46099" lon="15.26267">
        <time>2025-03-12T08:03:00Z</time>
      </trkpt>
      <trkpt lat="65.47073" lon="15.29168">
        <time>2025-03-12T08:13:00Z</time>
      </trkpt>
      <trkpt lat="65.48253" lon="15.32867">
        <time>2025-03-12T08:23:00Z</time>
      </trkpt>
      <trkpt lat="65.49035" lon="15.35626">
        <time>2025-03-12T08:33:00Z</time>
      </trkpt>
      <trkpt lat="65.49614" lon="15.34204">
        <time>2025-03-12T08:43:00Z</time>
      </trkpt>
      <trkpt lat="65.49954" lon="15.345">
        <time>2025-03-12T08:53:00Z</time>
      </trkpt>
      <trkpt lat="65.50719" lon="15.33964">
        <time>2025-03-12T09:03:00Z</time>
      </trkpt>
      <trkpt lat="65.5173" lon="15.33041">
        <time>2025-03-12T09:13:00Z</time>
      </trkpt>
      <trkpt lat="65.52689" lon="15.31901">
        <time>2025-03-12T09:23:00Z</time>
      </trkpt>
      <trkpt lat="65.529" lon="15.31762">
        <time>2025-03-12T09:33:00Z</time>
      </trkpt>
      <trkpt lat="65.53918" lon="15.32198">
        <time>2025-03-12T09:43:00Z</time>
      </trkpt>
      <trkpt lat="65.54419" lon="15.31176">
        <time>2025-03-12T09:53:00Z</time>
      </trkpt>
      <trkpt lat="65.55362" lon="15.29972">
        <time>2025-03-12T10:03:00Z</time>
      </trkpt>
      <trkpt lat="65.55842" lon="15.29908">
        <time>2025-03-12T10:13:00Z</time>
      </trkpt>
      <trkpt lat="65.55851" lon="15.29846">
        <time>2025-03-12T10:23:00Z</time>
      </trkpt>
      <trkpt lat="65.55838" lon="15.28524">
        <time>2025-03-12T10:33:00Z</time>
      </trkpt>
      <trkpt lat="65.559" lon="15.2687">
        <time>2025-03-12T10:43:00Z</time>
      </trkpt>
      <trkpt lat="65.56083" lon="15.2429">
        <time>2025-03-12T10:53:00Z</time>
      </trkpt>
      <trkpt lat="65.55933" lon="15.22385">
        <time>2025-03-12T11:03:00Z</time>
      </trkpt>
      <trkpt lat="65.56727" lon="15.20765">
        <time>2025-03-12T11:13:00Z</time>
      </trkpt>
      <trkpt lat="65.57468" lon="15.19855">
        <time>2025-03-12T11:23:00Z</time>
      </trkpt>
      <trkpt lat="65.57586" lon="15.19486">
        <time>2025-03-12T11:33:00Z</time>
      </trkpt>
      <trkpt lat="65.57597" lon="15.19501">
        <time>2025-03-12T11:43:00Z</time>
      </trkpt>
      <trkpt lat="65.57688" lon="15.19042">
        <time>2025-03-12T12:03:00Z</time>
      </trkpt>
      <trkpt lat="65.57922" lon="15.1913">
        <time>2025-03-12T12:13:00Z</time>
      </trkpt>
      <trkpt lat="65.5836" lon="15.18823">
        <time>2025-03-12T12:23:00Z</time>
      </trkpt>
      <trkpt lat="65.59283" lon="15.20548">
        <time>2025-03-12T12:33:00Z</time>
      </trkpt>
      <trkpt lat="65.59564" lon="15.20213">
        <time>2025-03-12T12:43:00Z</time>
      </trkpt>
      <trkpt lat="65.60563" lon="15.17984">
        <time>2025-03-12T12:53:00Z</time>
      </trkpt>
      <trkpt lat="65.6153" lon="15.16782">
        <time>2025-03-12T13:03:00Z</time>
      </trkpt>
      <trkpt lat="65.62425" lon="15.16167">
        <time>2025-03-12T13:13:00Z</time>
      </trkpt>
      <trkpt lat="65.6345" lon="15.16036">
        <time>2025-03-12T13:23:00Z</time>
      </trkpt>
      <trkpt lat="65.63937" lon="15.15463">
        <time>2025-03-12T13:33:00Z</time>
      </trkpt>
      <trkpt lat="65.64105" lon="15.15216">
        <time>2025-03-12T13:43:00Z</time>
      </trkpt>
      <trkpt lat="65.64203" lon="15.14993">
        <time>2025-03-12T13:53:00Z</time>
      </trkpt>
      <trkpt lat="65.65055" lon="15.13405">
        <time>2025-03-12T14:03:00Z</time>
      </trkpt>
      <trkpt lat="65.65848" lon="15.12667">
        <time>2025-03-12T14:13:00Z</time>
      </trkpt>
      <trkpt lat="65.66077" lon="15.12933">
        <time>2025-03-12T14:23:00Z</time>
      </trkpt>
      <trkpt lat="65.66583" lon="15.12971">
        <time>2025-03-12T14:33:00Z</time>
      </trkpt>
      <trkpt lat="65.67113" lon="15.131">
        <time>2025-03-12T14:43:00Z</time>
      </trkpt>
      <trkpt lat="65.67569" lon="15.12789">
        <time>2025-03-12T14:53:00Z</time>
      </trkpt>
      <trkpt lat="65.6799" lon="15.12283">
        <time>2025-03-12T15:03:00Z</time>
      </trkpt>
      <trkpt lat="65.68548" lon="15.12283">
        <time>2025-03-12T15:13:00Z</time>
      </trkpt>
      <trkpt lat="65.69148" lon="15.11465">
        <time>2025-03-12T15:23:00Z</time>
      </trkpt>
      <trkpt lat="65.69743" lon="15.11079">
        <time>2025-03-12T15:33:00Z</time>
      </trkpt>
      <trkpt lat="65.70283" lon="15.10534">
        <time>2025-03-12T15:43:00Z</time>
      </trkpt>
      <trkpt lat="65.7028" lon="15.10525">
        <time>2025-03-12T15:53:00Z</time>
      </trkpt>
      <trkpt lat="65.70464" lon="15.10311">
        <time>2025-03-12T16:03:00Z</time>
      </trkpt>
      <trkpt lat="65.71097" lon="15.09781">
        <time>2025-03-12T16:13:00Z</time>
      </trkpt>
      <trkpt lat="65.71692" lon="15.09113">
        <time>2025-03-12T16:23:00Z</time>
      </trkpt>
      <trkpt lat="65.72115" lon="15.09352">
        <time>2025-03-12T16:33:00Z</time>
      </trkpt>
      <trkpt lat="65.72166" lon="15.09939">
        <time>2025-03-12T16:43:00Z</time>
      </trkpt>
      <trkpt lat="65.72191" lon="15.10036">
        <time>2025-03-12T16:53:00Z</time>
      </trkpt>
      <trkpt lat="65.72188" lon="15.10058">
        <time>2025-03-12T18:48:00Z</time>
      </trkpt>
      <trkpt lat="65.72191" lon="15.10034">
        <time>2025-03-13T06:50:00Z</time>
      </trkpt>
      <trkpt lat="65.7219" lon="15.1003">
        <time>2025-03-13T07:00:00Z</time>
      </trkpt>
      <trkpt lat="65.73219" lon="15.1212">
        <time>2025-03-13T07:28:00Z</time>
      </trkpt>
      <trkpt lat="65.72097" lon="15.10937">
        <time>2025-03-13T07:40:00Z</time>
      </trkpt>
      <trkpt lat="65.72409" lon="15.11111">
        <time>2025-03-13T07:50:00Z</time>
      </trkpt>
      <trkpt lat="65.72873" lon="15.10944">
        <time>2025-03-13T08:00:00Z</time>
      </trkpt>
      <trkpt lat="65.73403" lon="15.11083">
        <time>2025-03-13T08:10:00Z</time>
      </trkpt>
      <trkpt lat="65.73918" lon="15.12188">
        <time>2025-03-13T08:20:00Z</time>
      </trkpt>
      <trkpt lat="65.74433" lon="15.12489">
        <time>2025-03-13T08:30:00Z</time>
      </trkpt>
      <trkpt lat="65.75169" lon="15.12888">
        <time>2025-03-13T08:40:00Z</time>
      </trkpt>
      <trkpt lat="65.75772" lon="15.13029">
        <time>2025-03-13T08:50:00Z</time>
      </trkpt>
      <trkpt lat="65.75865" lon="15.12905">
        <time>2025-03-13T09:00:00Z</time>
      </trkpt>
      <trkpt lat="65.76471" lon="15.12042">
        <time>2025-03-13T09:10:00Z</time>
      </trkpt>
      <trkpt lat="65.77067" lon="15.11377">
        <time>2025-03-13T09:20:00Z</time>
      </trkpt>
      <trkpt lat="65.77615" lon="15.10794">
        <time>2025-03-13T09:30:00Z</time>
      </trkpt>
      <trkpt lat="65.78404" lon="15.10098">
        <time>2025-03-13T09:40:00Z</time>
      </trkpt>
      <trkpt lat="65.78553" lon="15.09972">
        <time>2025-03-13T09:50:00Z</time>
      </trkpt>
      <trkpt lat="65.78554" lon="15.09989">
        <time>2025-03-13T10:00:00Z</time>
      </trkpt>
      <trkpt lat="65.79118" lon="15.08976">
        <time>2025-03-13T10:20:00Z</time>
      </trkpt>
      <trkpt lat="65.79583" lon="15.0736">
        <time>2025-03-13T10:30:00Z</time>
      </trkpt>
      <trkpt lat="65.80118" lon="15.07369">
        <time>2025-03-13T10:40:00Z</time>
      </trkpt>
      <trkpt lat="65.80553" lon="15.07631">
        <time>2025-03-13T10:50:00Z</time>
      </trkpt>
      <trkpt lat="65.81112" lon="15.073">
        <time>2025-03-13T11:00:00Z</time>
      </trkpt>
      <trkpt lat="65.81454" lon="15.07762">
        <time>2025-03-13T11:10:00Z</time>
      </trkpt>
      <trkpt lat="65.81481" lon="15.08575">
        <time>2025-03-13T11:20:00Z</time>
      </trkpt>
      <trkpt lat="65.8173" lon="15.09113">
        <time>2025-03-13T11:30:00Z</time>
      </trkpt>
      <trkpt lat="65.81777" lon="15.09055">
        <time>2025-03-13T11:43:00Z</time>
      </trkpt>
      <trkpt lat="65.81751" lon="15.09116">
        <time>2025-03-13T11:52:00Z</time>
      </trkpt>
      <trkpt lat="65.81741" lon="15.09163">
        <time>2025-03-13T21:40:00Z</time>
      </trkpt>
      <trkpt lat="65.81751" lon="15.09137">
        <time>2025-03-13T21:50:00Z</time>
      </trkpt>
      <trkpt lat="65.81739" lon="15.09107">
        <time>2025-03-13T22:30:00Z</time>
      </trkpt>
      <trkpt lat="65.81748" lon="15.09146">
        <time>2025-03-13T22:40:00Z</time>
      </trkpt>
      <trkpt lat="65.81762" lon="15.09128">
        <time>2025-03-14T02:40:00Z</time>
      </trkpt>
      <trkpt lat="65.81738" lon="15.09055">
        <time>2025-03-14T06:38:00Z</time>
      </trkpt>
      <trkpt lat="65.81754" lon="15.0909">
        <time>2025-03-14T06:48:00Z</time>
      </trkpt>
      <trkpt lat="65.8175" lon="15.09118">
        <time>2025-03-14T09:23:00Z</time>
      </trkpt>
      <trkpt lat="65.81729" lon="15.09137">
        <time>2025-03-14T09:26:00Z</time>
      </trkpt>
      <trkpt lat="65.81752" lon="15.09382">
        <time>2025-03-14T09:33:00Z</time>
      </trkpt>
      <trkpt lat="65.81639" lon="15.09824">
        <time>2025-03-14T09:43:00Z</time>
      </trkpt>
      <trkpt lat="65.81516" lon="15.10422">
        <time>2025-03-14T09:53:00Z</time>
      </trkpt>
      <trkpt lat="65.81492" lon="15.11047">
        <time>2025-03-14T10:03:00Z</time>
      </trkpt>
      <trkpt lat="65.81444" lon="15.11718">
        <time>2025-03-14T10:13:00Z</time>
      </trkpt>
      <trkpt lat="65.81811" lon="15.11869">
        <time>2025-03-14T10:23:00Z</time>
      </trkpt>
      <trkpt lat="65.82149" lon="15.11019">
        <time>2025-03-14T10:33:00Z</time>
      </trkpt>
      <trkpt lat="65.82535" lon="15.10684">
        <time>2025-03-14T10:43:00Z</time>
      </trkpt>
      <trkpt lat="65.82848" lon="15.10317">
        <time>2025-03-14T10:53:00Z</time>
      </trkpt>
      <trkpt lat="65.83285" lon="15.10405">
        <time>2025-03-14T11:03:00Z</time>
      </trkpt>
      <trkpt lat="65.83537" lon="15.09836">
        <time>2025-03-14T11:13:00Z</time>
      </trkpt>
      <trkpt lat="65.83607" lon="15.09523">
        <time>2025-03-14T11:23:00Z</time>
      </trkpt>
      <trkpt lat="65.83688" lon="15.09107">
        <time>2025-03-14T11:33:00Z</time>
      </trkpt>
      <trkpt lat="65.84426" lon="15.09302">
        <time>2025-03-14T11:43:00Z</time>
      </trkpt>
      <trkpt lat="65.84977" lon="15.09678">
        <time>2025-03-14T11:53:00Z</time>
      </trkpt>
      <trkpt lat="65.85811" lon="15.0945">
        <time>2025-03-14T12:03:00Z</time>
      </trkpt>
      <trkpt lat="65.8643" lon="15.1066">
        <time>2025-03-14T12:13:00Z</time>
      </trkpt>
      <trkpt lat="65.86589" lon="15.11036">
        <time>2025-03-14T12:23:00Z</time>
      </trkpt>
      <trkpt lat="65.86594" lon="15.11047">
        <time>2025-03-14T12:33:00Z</time>
      </trkpt>
      <trkpt lat="65.86841" lon="15.11633">
        <time>2025-03-14T12:43:00Z</time>
      </trkpt>
      <trkpt lat="65.87189" lon="15.12474">
        <time>2025-03-14T12:53:00Z</time>
      </trkpt>
      <trkpt lat="65.87667" lon="15.13596">
        <time>2025-03-14T13:03:00Z</time>
      </trkpt>
      <trkpt lat="65.87932" lon="15.14233">
        <time>2025-03-14T13:13:00Z</time>
      </trkpt>
      <trkpt lat="65.88385" lon="15.1533">
        <time>2025-03-14T13:23:00Z</time>
      </trkpt>
      <trkpt lat="65.88507" lon="15.15815">
        <time>2025-03-14T13:33:00Z</time>
      </trkpt>
      <trkpt lat="65.88515" lon="15.15787">
        <time>2025-03-14T13:47:00Z</time>
      </trkpt>
      <trkpt lat="65.88888" lon="15.17102">
        <time>2025-03-14T14:27:00Z</time>
      </trkpt>
      <trkpt lat="65.88829" lon="15.18827">
        <time>2025-03-14T14:37:00Z</time>
      </trkpt>
      <trkpt lat="65.88554" lon="15.20171">
        <time>2025-03-14T14:47:00Z</time>
      </trkpt>
      <trkpt lat="65.88247" lon="15.21936">
        <time>2025-03-14T14:57:00Z</time>
      </trkpt>
      <trkpt lat="65.87978" lon="15.23778">
        <time>2025-03-14T15:07:00Z</time>
      </trkpt>
      <trkpt lat="65.87811" lon="15.25526">
        <time>2025-03-14T15:17:00Z</time>
      </trkpt>
      <trkpt lat="65.87674" lon="15.27348">
        <time>2025-03-14T15:27:00Z</time>
      </trkpt>
      <trkpt lat="65.87397" lon="15.28799">
        <time>2025-03-14T15:37:00Z</time>
      </trkpt>
      <trkpt lat="65.87375" lon="15.28945">
        <time>2025-03-14T15:47:00Z</time>
      </trkpt>
      <trkpt lat="65.87378" lon="15.2891">
        <time>2025-03-14T16:16:00Z</time>
      </trkpt>
      <trkpt lat="65.87371" lon="15.28833">
        <time>2025-03-15T05:51:00Z</time>
      </trkpt>
      <trkpt lat="65.87378" lon="15.28908">
        <time>2025-03-15T06:03:00Z</time>
      </trkpt>
      <trkpt lat="65.87211" lon="15.28987">
        <time>2025-03-15T08:03:00Z</time>
      </trkpt>
      <trkpt lat="65.87334" lon="15.29037">
        <time>2025-03-15T08:13:00Z</time>
      </trkpt>
      <trkpt lat="65.87342" lon="15.28927">
        <time>2025-03-15T08:23:00Z</time>
      </trkpt>
      <trkpt lat="65.87372" lon="15.28927">
        <time>2025-03-15T09:04:00Z</time>
      </trkpt>
      <trkpt lat="65.86981" lon="15.30296">
        <time>2025-03-15T09:23:00Z</time>
      </trkpt>
      <trkpt lat="65.8672" lon="15.32642">
        <time>2025-03-15T09:33:00Z</time>
      </trkpt>
      <trkpt lat="65.86854" lon="15.33041">
        <time>2025-03-15T09:43:00Z</time>
      </trkpt>
      <trkpt lat="65.87167" lon="15.33642">
        <time>2025-03-15T09:53:00Z</time>
      </trkpt>
      <trkpt lat="65.87353" lon="15.34073">
        <time>2025-03-15T10:03:00Z</time>
      </trkpt>
      <trkpt lat="65.87582" lon="15.34592">
        <time>2025-03-15T10:13:00Z</time>
      </trkpt>
      <trkpt lat="65.87965" lon="15.35882">
        <time>2025-03-15T10:23:00Z</time>
      </trkpt>
      <trkpt lat="65.88232" lon="15.36667">
        <time>2025-03-15T10:33:00Z</time>
      </trkpt>
      <trkpt lat="65.88586" lon="15.37759">
        <time>2025-03-15T10:43:00Z</time>
      </trkpt>
      <trkpt lat="65.88916" lon="15.38749">
        <time>2025-03-15T10:53:00Z</time>
      </trkpt>
      <trkpt lat="65.89248" lon="15.39648">
        <time>2025-03-15T11:03:00Z</time>
      </trkpt>
      <trkpt lat="65.89242" lon="15.39723">
        <time>2025-03-15T11:14:00Z</time>
      </trkpt>
      <trkpt lat="65.89231" lon="15.40351">
        <time>2025-03-15T12:34:00Z</time>
      </trkpt>
      <trkpt lat="65.89586" lon="15.42858">
        <time>2025-03-15T12:44:00Z</time>
      </trkpt>
      <trkpt lat="65.89878" lon="15.44083">
        <time>2025-03-15T12:54:00Z</time>
      </trkpt>
      <trkpt lat="65.90359" lon="15.4501">
        <time>2025-03-15T13:04:00Z</time>
      </trkpt>
      <trkpt lat="65.91074" lon="15.45104">
        <time>2025-03-15T13:14:00Z</time>
      </trkpt>
      <trkpt lat="65.91742" lon="15.45079">
        <time>2025-03-15T13:24:00Z</time>
      </trkpt>
      <trkpt lat="65.92179" lon="15.4554">
        <time>2025-03-15T13:34:00Z</time>
      </trkpt>
      <trkpt lat="65.92482" lon="15.46074">
        <time>2025-03-15T13:44:00Z</time>
      </trkpt>
      <trkpt lat="65.93141" lon="15.4678">
        <time>2025-03-15T13:54:00Z</time>
      </trkpt>
      <trkpt lat="65.93838" lon="15.47123">
        <time>2025-03-15T14:04:00Z</time>
      </trkpt>
      <trkpt lat="65.94361" lon="15.47387">
        <time>2025-03-15T14:14:00Z</time>
      </trkpt>
      <trkpt lat="65.94987" lon="15.47658">
        <time>2025-03-15T14:24:00Z</time>
      </trkpt>
      <trkpt lat="65.95632" lon="15.47866">
        <time>2025-03-15T14:34:00Z</time>
      </trkpt>
      <trkpt lat="65.9624" lon="15.48001">
        <time>2025-03-15T14:44:00Z</time>
      </trkpt>
      <trkpt lat="65.96661" lon="15.48055">
        <time>2025-03-15T14:54:00Z</time>
      </trkpt>
      <trkpt lat="65.97257" lon="15.47984">
        <time>2025-03-15T15:04:00Z</time>
      </trkpt>
      <trkpt lat="65.97903" lon="15.48271">
        <time>2025-03-15T15:14:00Z</time>
      </trkpt>
      <trkpt lat="65.98547" lon="15.48677">
        <time>2025-03-15T15:24:00Z</time>
      </trkpt>
      <trkpt lat="65.98828" lon="15.49364">
        <time>2025-03-15T15:34:00Z</time>
      </trkpt>
      <trkpt lat="65.98882" lon="15.49692">
        <time>2025-03-15T15:44:00Z</time>
      </trkpt>
      <trkpt lat="65.75778" lon="15.5014">
        <time>2025-03-15T15:54:00Z</time>
      </trkpt>
      <trkpt lat="65.98918" lon="15.49675">
        <time>2025-03-15T16:12:00Z</time>
      </trkpt>
      <trkpt lat="65.989" lon="15.49733">
        <time>2025-03-16T00:52:00Z</time>
      </trkpt>
      <trkpt lat="65.98869" lon="15.49703">
        <time>2025-03-16T01:02:00Z</time>
      </trkpt>
      <trkpt lat="65.98977" lon="15.49924">
        <time>2025-03-16T01:34:00Z</time>
      </trkpt>
      <trkpt lat="65.98928" lon="15.49909">
        <time>2025-03-16T01:44:00Z</time>
      </trkpt>
      <trkpt lat="65.98881" lon="15.49716">
        <time>2025-03-16T01:54:00Z</time>
      </trkpt>
      <trkpt lat="65.98896" lon="15.49758">
        <time>2025-03-16T02:04:00Z</time>
      </trkpt>
      <trkpt lat="65.98894" lon="15.49713">
        <time>2025-03-16T06:56:00Z</time>
      </trkpt>
      <trkpt lat="65.98881" lon="15.49716">
        <time>2025-03-16T07:06:00Z</time>
      </trkpt>
      <trkpt lat="65.98865" lon="15.49694">
        <time>2025-03-16T07:40:00Z</time>
      </trkpt>
      <trkpt lat="65.9917" lon="15.4875">
        <time>2025-03-16T07:56:00Z</time>
      </trkpt>
      <trkpt lat="65.99869" lon="15.48817">
        <time>2025-03-16T08:06:00Z</time>
      </trkpt>
      <trkpt lat="66.00544" lon="15.49087">
        <time>2025-03-16T08:16:00Z</time>
      </trkpt>
      <trkpt lat="66.00654" lon="15.49795">
        <time>2025-03-16T08:26:00Z</time>
      </trkpt>
      <trkpt lat="66.00435" lon="15.50801">
        <time>2025-03-16T08:36:00Z</time>
      </trkpt>
      <trkpt lat="66.00333" lon="15.52012">
        <time>2025-03-16T08:46:00Z</time>
      </trkpt>
      <trkpt lat="66.00416" lon="15.53462">
        <time>2025-03-16T08:56:00Z</time>
      </trkpt>
      <trkpt lat="66.00184" lon="15.54689">
        <time>2025-03-16T09:06:00Z</time>
      </trkpt>
      <trkpt lat="66.00193" lon="15.56106">
        <time>2025-03-16T09:16:00Z</time>
      </trkpt>
      <trkpt lat="65.99752" lon="15.57114">
        <time>2025-03-16T09:26:00Z</time>
      </trkpt>
      <trkpt lat="65.99479" lon="15.57247">
        <time>2025-03-16T09:36:00Z</time>
      </trkpt>
      <trkpt lat="65.99162" lon="15.57412">
        <time>2025-03-16T09:46:00Z</time>
      </trkpt>
      <trkpt lat="65.98796" lon="15.57788">
        <time>2025-03-16T09:56:00Z</time>
      </trkpt>
      <trkpt lat="65.98544" lon="15.57985">
        <time>2025-03-16T10:06:00Z</time>
      </trkpt>
      <trkpt lat="65.97973" lon="15.58674">
        <time>2025-03-16T10:16:00Z</time>
      </trkpt>
      <trkpt lat="65.97563" lon="15.58867">
        <time>2025-03-16T10:26:00Z</time>
      </trkpt>
      <trkpt lat="65.97084" lon="15.6012">
        <time>2025-03-16T10:36:00Z</time>
      </trkpt>
      <trkpt lat="65.96865" lon="15.61449">
        <time>2025-03-16T10:46:00Z</time>
      </trkpt>
      <trkpt lat="65.96761" lon="15.62966">
        <time>2025-03-16T10:56:00Z</time>
      </trkpt>
      <trkpt lat="65.96867" lon="15.65236">
        <time>2025-03-16T11:06:00Z</time>
      </trkpt>
      <trkpt lat="65.97014" lon="15.67319">
        <time>2025-03-16T11:16:00Z</time>
      </trkpt>
      <trkpt lat="65.96794" lon="15.69023">
        <time>2025-03-16T11:26:00Z</time>
      </trkpt>
      <trkpt lat="65.96555" lon="15.70379">
        <time>2025-03-16T11:36:00Z</time>
      </trkpt>
      <trkpt lat="65.96214" lon="15.71997">
        <time>2025-03-16T11:46:00Z</time>
      </trkpt>
      <trkpt lat="65.96535" lon="15.73658">
        <time>2025-03-16T11:56:00Z</time>
      </trkpt>
      <trkpt lat="65.97228" lon="15.76448">
        <time>2025-03-16T12:16:00Z</time>
      </trkpt>
      <trkpt lat="65.97236" lon="15.76437">
        <time>2025-03-16T12:26:00Z</time>
      </trkpt>
      <trkpt lat="65.97275" lon="15.76654">
        <time>2025-03-16T13:26:00Z</time>
      </trkpt>
      <trkpt lat="65.9679" lon="15.77711">
        <time>2025-03-16T13:36:00Z</time>
      </trkpt>
      <trkpt lat="65.96751" lon="15.79503">
        <time>2025-03-16T13:46:00Z</time>
      </trkpt>
      <trkpt lat="65.96922" lon="15.80301">
        <time>2025-03-16T13:56:00Z</time>
      </trkpt>
      <trkpt lat="65.97227" lon="15.81962">
        <time>2025-03-16T14:06:00Z</time>
      </trkpt>
      <trkpt lat="65.97554" lon="15.8387">
        <time>2025-03-16T14:16:00Z</time>
      </trkpt>
      <trkpt lat="65.97438" lon="15.85329">
        <time>2025-03-16T14:26:00Z</time>
      </trkpt>
      <trkpt lat="65.97104" lon="15.86885">
        <time>2025-03-16T14:36:00Z</time>
      </trkpt>
      <trkpt lat="65.96924" lon="15.88685">
        <time>2025-03-16T14:46:00Z</time>
      </trkpt>
      <trkpt lat="65.96656" lon="15.8955">
        <time>2025-03-16T14:56:00Z</time>
      </trkpt>
      <trkpt lat="65.96369" lon="15.91294">
        <time>2025-03-16T15:06:00Z</time>
      </trkpt>
      <trkpt lat="65.9621" lon="15.92219">
        <time>2025-03-16T15:16:00Z</time>
      </trkpt>
      <trkpt lat="65.96048" lon="15.93637">
        <time>2025-03-16T15:26:00Z</time>
      </trkpt>
      <trkpt lat="65.96319" lon="15.95311">
        <time>2025-03-16T15:36:00Z</time>
      </trkpt>
      <trkpt lat="65.96489" lon="15.97208">
        <time>2025-03-16T15:46:00Z</time>
      </trkpt>
      <trkpt lat="65.96399" lon="15.9924">
        <time>2025-03-16T15:56:00Z</time>
      </trkpt>
      <trkpt lat="65.96304" lon="16.01229">
        <time>2025-03-16T16:06:00Z</time>
      </trkpt>
      <trkpt lat="65.96314" lon="16.02587">
        <time>2025-03-16T16:16:00Z</time>
      </trkpt>
      <trkpt lat="65.96345" lon="16.04323">
        <time>2025-03-16T16:26:00Z</time>
      </trkpt>
      <trkpt lat="65.96158" lon="16.05769">
        <time>2025-03-16T16:36:00Z</time>
      </trkpt>
      <trkpt lat="65.96219" lon="16.06883">
        <time>2025-03-16T16:46:00Z</time>
      </trkpt>
      <trkpt lat="65.96315" lon="16.08338">
        <time>2025-03-16T16:56:00Z</time>
      </trkpt>
      <trkpt lat="65.96289" lon="16.10162">
        <time>2025-03-16T17:06:00Z</time>
      </trkpt>
      <trkpt lat="65.96237" lon="16.11376">
        <time>2025-03-16T17:16:00Z</time>
      </trkpt>
      <trkpt lat="65.96221" lon="16.11355">
        <time>2025-03-16T17:21:00Z</time>
      </trkpt>
      <trkpt lat="65.96223" lon="16.11376">
        <time>2025-03-16T17:26:00Z</time>
      </trkpt>
      <trkpt lat="65.96232" lon="16.11342">
        <time>2025-03-17T07:16:00Z</time>
      </trkpt>
      <trkpt lat="65.96215" lon="16.1137">
        <time>2025-03-17T07:26:00Z</time>
      </trkpt>
      <trkpt lat="65.96219" lon="16.11363">
        <time>2025-03-17T07:51:00Z</time>
      </trkpt>
      <trkpt lat="65.95671" lon="16.14282">
        <time>2025-03-17T08:06:00Z</time>
      </trkpt>
      <trkpt lat="65.95564" lon="16.15262">
        <time>2025-03-17T08:16:00Z</time>
      </trkpt>
      <trkpt lat="65.95349" lon="16.16234">
        <time>2025-03-17T08:26:00Z</time>
      </trkpt>
      <trkpt lat="65.95491" lon="16.18084">
        <time>2025-03-17T08:36:00Z</time>
      </trkpt>
      <trkpt lat="65.95499" lon="16.19406">
        <time>2025-03-17T08:46:00Z</time>
      </trkpt>
      <trkpt lat="65.95618" lon="16.20893">
        <time>2025-03-17T08:56:00Z</time>
      </trkpt>
      <trkpt lat="65.95746" lon="16.20614">
        <time>2025-03-17T10:14:00Z</time>
      </trkpt>
      <trkpt lat="65.95743" lon="16.20543">
        <time>2025-03-17T10:25:00Z</time>
      </trkpt>
      <trkpt lat="65.95728" lon="16.20524">
        <time>2025-03-17T10:53:00Z</time>
      </trkpt>
      <trkpt lat="65.95724" lon="16.20511">
        <time>2025-03-17T17:37:00Z</time>
      </trkpt>
      <trkpt lat="65.95722" lon="16.20519">
        <time>2025-03-17T17:47:00Z</time>
      </trkpt>
      <trkpt lat="65.95736" lon="16.20601">
        <time>2025-03-18T10:00:00Z</time>
      </trkpt>
      <trkpt lat="65.95749" lon="16.20633">
        <time>2025-03-18T10:04:00Z</time>
      </trkpt>
      <trkpt lat="65.95769" lon="16.21419">
        <time>2025-03-18T10:10:00Z</time>
      </trkpt>
      <trkpt lat="65.95916" lon="16.22908">
        <time>2025-03-18T10:20:00Z</time>
      </trkpt>
      <trkpt lat="65.96358" lon="16.22436">
        <time>2025-03-18T10:30:00Z</time>
      </trkpt>
      <trkpt lat="65.97017" lon="16.21803">
        <time>2025-03-18T10:40:00Z</time>
      </trkpt>
      <trkpt lat="65.97476" lon="16.21273">
        <time>2025-03-18T10:50:00Z</time>
      </trkpt>
      <trkpt lat="65.98014" lon="16.20582">
        <time>2025-03-18T11:00:00Z</time>
      </trkpt>
      <trkpt lat="65.98721" lon="16.20234">
        <time>2025-03-18T11:10:00Z</time>
      </trkpt>
      <trkpt lat="65.99396" lon="16.19567">
        <time>2025-03-18T11:20:00Z</time>
      </trkpt>
      <trkpt lat="66.00231" lon="16.19502">
        <time>2025-03-18T11:30:00Z</time>
      </trkpt>
      <trkpt lat="66.00961" lon="16.19644">
        <time>2025-03-18T11:40:00Z</time>
      </trkpt>
      <trkpt lat="66.01703" lon="16.1958">
        <time>2025-03-18T11:50:00Z</time>
      </trkpt>
      <trkpt lat="66.02479" lon="16.19414">
        <time>2025-03-18T12:00:00Z</time>
      </trkpt>
      <trkpt lat="66.02949" lon="16.19071">
        <time>2025-03-18T12:10:00Z</time>
      </trkpt>
      <trkpt lat="66.03692" lon="16.18947">
        <time>2025-03-18T12:20:00Z</time>
      </trkpt>
      <trkpt lat="66.0377" lon="16.19524">
        <time>2025-03-18T12:30:00Z</time>
      </trkpt>
      <trkpt lat="66.03926" lon="16.21268">
        <time>2025-03-18T12:40:00Z</time>
      </trkpt>
      <trkpt lat="66.03885" lon="16.22408">
        <time>2025-03-18T12:50:00Z</time>
      </trkpt>
      <trkpt lat="66.03761" lon="16.2344">
        <time>2025-03-18T13:00:00Z</time>
      </trkpt>
      <trkpt lat="66.03845" lon="16.2418">
        <time>2025-03-18T13:10:00Z</time>
      </trkpt>
      <trkpt lat="66.03791" lon="16.24717">
        <time>2025-03-18T13:20:00Z</time>
      </trkpt>
      <trkpt lat="66.03667" lon="16.24594">
        <time>2025-03-18T13:29:00Z</time>
      </trkpt>
      <trkpt lat="66.03668" lon="16.24594">
        <time>2025-03-18T13:30:00Z</time>
      </trkpt>
      <trkpt lat="66.03678" lon="16.2459">
        <time>2025-03-18T13:40:00Z</time>
      </trkpt>
      <trkpt lat="66.03672" lon="16.24605">
        <time>2025-03-18T18:35:00Z</time>
      </trkpt>
      <trkpt lat="66.03654" lon="16.24549">
        <time>2025-03-19T04:45:00Z</time>
      </trkpt>
      <trkpt lat="66.03671" lon="16.24592">
        <time>2025-03-19T04:55:00Z</time>
      </trkpt>
      <trkpt lat="66.0367" lon="16.24592">
        <time>2025-03-19T06:48:00Z</time>
      </trkpt>
      <trkpt lat="66.03951" lon="16.25165">
        <time>2025-03-19T07:05:00Z</time>
      </trkpt>
      <trkpt lat="66.04186" lon="16.25918">
        <time>2025-03-19T07:15:00Z</time>
      </trkpt>
      <trkpt lat="66.0446" lon="16.26377">
        <time>2025-03-19T07:25:00Z</time>
      </trkpt>
      <trkpt lat="66.0491" lon="16.26633">
        <time>2025-03-19T07:35:00Z</time>
      </trkpt>
      <trkpt lat="66.05424" lon="16.26897">
        <time>2025-03-19T07:45:00Z</time>
      </trkpt>
      <trkpt lat="66.06104" lon="16.27255">
        <time>2025-03-19T07:55:00Z</time>
      </trkpt>
      <trkpt lat="66.06499" lon="16.26967">
        <time>2025-03-19T08:05:00Z</time>
      </trkpt>
      <trkpt lat="66.07157" lon="16.27304">
        <time>2025-03-19T08:15:00Z</time>
      </trkpt>
      <trkpt lat="66.0773" lon="16.27708">
        <time>2025-03-19T08:25:00Z</time>
      </trkpt>
      <trkpt lat="66.08414" lon="16.2874">
        <time>2025-03-19T08:35:00Z</time>
      </trkpt>
      <trkpt lat="66.09074" lon="16.29753">
        <time>2025-03-19T08:45:00Z</time>
      </trkpt>
      <trkpt lat="66.09841" lon="16.30935">
        <time>2025-03-19T08:55:00Z</time>
      </trkpt>
      <trkpt lat="66.10184" lon="16.31467">
        <time>2025-03-19T09:05:00Z</time>
      </trkpt>
      <trkpt lat="66.10762" lon="16.32463">
        <time>2025-03-19T09:15:00Z</time>
      </trkpt>
      <trkpt lat="66.11441" lon="16.34064">
        <time>2025-03-19T09:25:00Z</time>
      </trkpt>
      <trkpt lat="66.1281" lon="16.35879">
        <time>2025-03-19T09:35:00Z</time>
      </trkpt>
      <trkpt lat="66.12979" lon="16.35851">
        <time>2025-03-19T09:45:00Z</time>
      </trkpt>
      <trkpt lat="66.13656" lon="16.35847">
        <time>2025-03-19T09:55:00Z</time>
      </trkpt>
      <trkpt lat="66.14365" lon="16.35654">
        <time>2025-03-19T10:05:00Z</time>
      </trkpt>
      <trkpt lat="66.14683" lon="16.35437">
        <time>2025-03-19T10:15:00Z</time>
      </trkpt>
      <trkpt lat="66.15221" lon="16.35044">
        <time>2025-03-19T10:25:00Z</time>
      </trkpt>
      <trkpt lat="66.15649" lon="16.35066">
        <time>2025-03-19T10:35:00Z</time>
      </trkpt>
      <trkpt lat="66.16401" lon="16.35471">
        <time>2025-03-19T10:45:00Z</time>
      </trkpt>
      <trkpt lat="66.17133" lon="16.36072">
        <time>2025-03-19T10:55:00Z</time>
      </trkpt>
      <trkpt lat="66.1776" lon="16.3663">
        <time>2025-03-19T11:05:00Z</time>
      </trkpt>
      <trkpt lat="66.18411" lon="16.37218">
        <time>2025-03-19T11:15:00Z</time>
      </trkpt>
      <trkpt lat="66.1901" lon="16.3778">
        <time>2025-03-19T11:25:00Z</time>
      </trkpt>
      <trkpt lat="66.19526" lon="16.38145">
        <time>2025-03-19T11:35:00Z</time>
      </trkpt>
      <trkpt lat="66.20226" lon="16.38074">
        <time>2025-03-19T11:45:00Z</time>
      </trkpt>
      <trkpt lat="66.20809" lon="16.37928">
        <time>2025-03-19T11:55:00Z</time>
      </trkpt>
      <trkpt lat="66.20991" lon="16.37718">
        <time>2025-03-19T12:05:00Z</time>
      </trkpt>
      <trkpt lat="66.20994" lon="16.37698">
        <time>2025-03-19T12:15:00Z</time>
      </trkpt>
      <trkpt lat="66.21771" lon="16.37675">
        <time>2025-03-19T12:55:00Z</time>
      </trkpt>
      <trkpt lat="66.22226" lon="16.37739">
        <time>2025-03-19T13:05:00Z</time>
      </trkpt>
      <trkpt lat="66.22796" lon="16.38881">
        <time>2025-03-19T13:15:00Z</time>
      </trkpt>
      <trkpt lat="66.23523" lon="16.39121">
        <time>2025-03-19T13:25:00Z</time>
      </trkpt>
      <trkpt lat="66.24148" lon="16.38323">
        <time>2025-03-19T13:35:00Z</time>
      </trkpt>
      <trkpt lat="66.24617" lon="16.38033">
        <time>2025-03-19T13:45:00Z</time>
      </trkpt>
      <trkpt lat="66.25052" lon="16.38102">
        <time>2025-03-19T13:55:00Z</time>
      </trkpt>
      <trkpt lat="66.25412" lon="16.38591">
        <time>2025-03-19T14:05:00Z</time>
      </trkpt>
      <trkpt lat="66.26117" lon="16.39059">
        <time>2025-03-19T14:15:00Z</time>
      </trkpt>
      <trkpt lat="66.26547" lon="16.39767">
        <time>2025-03-19T14:25:00Z</time>
      </trkpt>
      <trkpt lat="66.2702" lon="16.42011">
        <time>2025-03-19T14:35:00Z</time>
      </trkpt>
      <trkpt lat="66.2759" lon="16.44576">
        <time>2025-03-19T14:45:00Z</time>
      </trkpt>
      <trkpt lat="66.28341" lon="16.48584">
        <time>2025-03-19T14:55:00Z</time>
      </trkpt>
      <trkpt lat="66.28429" lon="16.49994">
        <time>2025-03-19T15:05:00Z</time>
      </trkpt>
      <trkpt lat="66.29002" lon="16.50921">
        <time>2025-03-19T15:15:00Z</time>
      </trkpt>
      <trkpt lat="66.29183" lon="16.52792">
        <time>2025-03-19T15:25:00Z</time>
      </trkpt>
      <trkpt lat="66.29178" lon="16.52901">
        <time>2025-03-19T15:35:00Z</time>
      </trkpt>
      <trkpt lat="66.28934" lon="16.53953">
        <time>2025-03-19T15:45:00Z</time>
      </trkpt>
      <trkpt lat="66.28504" lon="16.55704">
        <time>2025-03-19T15:55:00Z</time>
      </trkpt>
      <trkpt lat="66.28291" lon="16.57776">
        <time>2025-03-19T16:05:00Z</time>
      </trkpt>
      <trkpt lat="66.28551" lon="16.58789">
        <time>2025-03-19T16:15:00Z</time>
      </trkpt>
      <trkpt lat="66.28676" lon="16.59935">
        <time>2025-03-19T16:25:00Z</time>
      </trkpt>
      <trkpt lat="66.28349" lon="16.61903">
        <time>2025-03-19T16:35:00Z</time>
      </trkpt>
      <trkpt lat="66.28015" lon="16.63993">
        <time>2025-03-19T16:45:00Z</time>
      </trkpt>
      <trkpt lat="66.27946" lon="16.65327">
        <time>2025-03-19T16:55:00Z</time>
      </trkpt>
      <trkpt lat="66.27849" lon="16.66447">
        <time>2025-03-19T17:05:00Z</time>
      </trkpt>
      <trkpt lat="66.28156" lon="16.66405">
        <time>2025-03-19T17:15:00Z</time>
      </trkpt>
      <trkpt lat="66.28162" lon="16.66422">
        <time>2025-03-19T17:16:00Z</time>
      </trkpt>
      <trkpt lat="66.28158" lon="16.66422">
        <time>2025-03-19T17:25:00Z</time>
      </trkpt>
      <trkpt lat="66.28155" lon="16.66413">
        <time>2025-03-20T06:51:00Z</time>
      </trkpt>
      <trkpt lat="66.28163" lon="16.66413">
        <time>2025-03-20T07:01:00Z</time>
      </trkpt>
      <trkpt lat="66.27924" lon="16.63456">
        <time>2025-03-20T07:24:00Z</time>
      </trkpt>
      <trkpt lat="66.28254" lon="16.66368">
        <time>2025-03-20T07:31:00Z</time>
      </trkpt>
      <trkpt lat="66.28762" lon="16.66877">
        <time>2025-03-20T07:41:00Z</time>
      </trkpt>
      <trkpt lat="66.29356" lon="16.67379">
        <time>2025-03-20T07:51:00Z</time>
      </trkpt>
      <trkpt lat="66.29988" lon="16.67681">
        <time>2025-03-20T08:01:00Z</time>
      </trkpt>
      <trkpt lat="66.30384" lon="16.68083">
        <time>2025-03-20T08:11:00Z</time>
      </trkpt>
      <trkpt lat="66.30677" lon="16.6831">
        <time>2025-03-20T08:21:00Z</time>
      </trkpt>
      <trkpt lat="66.31025" lon="16.69334">
        <time>2025-03-20T08:31:00Z</time>
      </trkpt>
      <trkpt lat="66.31618" lon="16.7014">
        <time>2025-03-20T08:41:00Z</time>
      </trkpt>
      <trkpt lat="66.32122" lon="16.71363">
        <time>2025-03-20T08:51:00Z</time>
      </trkpt>
      <trkpt lat="66.32259" lon="16.72681">
        <time>2025-03-20T09:01:00Z</time>
      </trkpt>
      <trkpt lat="66.32443" lon="16.74473">
        <time>2025-03-20T09:11:00Z</time>
      </trkpt>
      <trkpt lat="66.32645" lon="16.7535">
        <time>2025-03-20T09:21:00Z</time>
      </trkpt>
      <trkpt lat="66.32921" lon="16.76282">
        <time>2025-03-20T09:31:00Z</time>
      </trkpt>
      <trkpt lat="66.33112" lon="16.76863">
        <time>2025-03-20T09:41:00Z</time>
      </trkpt>
      <trkpt lat="66.3316" lon="16.77039">
        <time>2025-03-20T09:51:00Z</time>
      </trkpt>
      <trkpt lat="66.33297" lon="16.77479">
        <time>2025-03-20T10:01:00Z</time>
      </trkpt>
      <trkpt lat="66.33527" lon="16.7859">
        <time>2025-03-20T10:11:00Z</time>
      </trkpt>
      <trkpt lat="66.33747" lon="16.79007">
        <time>2025-03-20T10:21:00Z</time>
      </trkpt>
      <trkpt lat="66.33959" lon="16.7971">
        <time>2025-03-20T10:31:00Z</time>
      </trkpt>
      <trkpt lat="66.34218" lon="16.80564">
        <time>2025-03-20T10:41:00Z</time>
      </trkpt>
      <trkpt lat="66.34294" lon="16.80625">
        <time>2025-03-20T10:51:00Z</time>
      </trkpt>
      <trkpt lat="66.34625" lon="16.8109">
        <time>2025-03-20T11:01:00Z</time>
      </trkpt>
      <trkpt lat="66.34655" lon="16.81695">
        <time>2025-03-20T11:11:00Z</time>
      </trkpt>
      <trkpt lat="66.34977" lon="16.82792">
        <time>2025-03-20T11:21:00Z</time>
      </trkpt>
      <trkpt lat="66.35099" lon="16.83416">
        <time>2025-03-20T11:31:00Z</time>
      </trkpt>
      <trkpt lat="66.35094" lon="16.83382">
        <time>2025-03-20T11:41:00Z</time>
      </trkpt>
      <trkpt lat="66.35147" lon="16.84315">
        <time>2025-03-20T12:31:00Z</time>
      </trkpt>
      <trkpt lat="66.35346" lon="16.853">
        <time>2025-03-20T12:41:00Z</time>
      </trkpt>
      <trkpt lat="66.35538" lon="16.8644">
        <time>2025-03-20T12:51:00Z</time>
      </trkpt>
      <trkpt lat="66.35714" lon="16.8748">
        <time>2025-03-20T13:01:00Z</time>
      </trkpt>
      <trkpt lat="66.35924" lon="16.89411">
        <time>2025-03-20T13:11:00Z</time>
      </trkpt>
      <trkpt lat="66.36065" lon="16.90705">
        <time>2025-03-20T13:21:00Z</time>
      </trkpt>
      <trkpt lat="66.3671" lon="16.91838">
        <time>2025-03-20T13:31:00Z</time>
      </trkpt>
      <trkpt lat="66.3708" lon="16.90564">
        <time>2025-03-20T13:41:00Z</time>
      </trkpt>
      <trkpt lat="66.37901" lon="16.93085">
        <time>2025-03-20T13:51:00Z</time>
      </trkpt>
      <trkpt lat="66.38324" lon="16.95566">
        <time>2025-03-20T14:01:00Z</time>
      </trkpt>
      <trkpt lat="66.3845" lon="16.96244">
        <time>2025-03-20T14:11:00Z</time>
      </trkpt>
      <trkpt lat="66.38789" lon="16.966">
        <time>2025-03-20T14:21:00Z</time>
      </trkpt>
      <trkpt lat="66.39003" lon="16.96525">
        <time>2025-03-20T15:50:00Z</time>
      </trkpt>
      <trkpt lat="66.38889" lon="16.96926">
        <time>2025-03-20T16:00:00Z</time>
      </trkpt>
      <trkpt lat="66.38572" lon="16.9728">
        <time>2025-03-20T16:10:00Z</time>
      </trkpt>
      <trkpt lat="66.38714" lon="16.99306">
        <time>2025-03-20T16:20:00Z</time>
      </trkpt>
      <trkpt lat="66.38909" lon="17.00951">
        <time>2025-03-20T16:30:00Z</time>
      </trkpt>
      <trkpt lat="66.39163" lon="17.02887">
        <time>2025-03-20T16:40:00Z</time>
      </trkpt>
      <trkpt lat="66.394" lon="17.04816">
        <time>2025-03-20T16:50:00Z</time>
      </trkpt>
      <trkpt lat="66.3959" lon="17.06408">
        <time>2025-03-20T17:00:00Z</time>
      </trkpt>
      <trkpt lat="66.39822" lon="17.08389">
        <time>2025-03-20T17:10:00Z</time>
      </trkpt>
      <trkpt lat="66.40057" lon="17.10425">
        <time>2025-03-20T17:20:00Z</time>
      </trkpt>
      <trkpt lat="66.40252" lon="17.12401">
        <time>2025-03-20T17:30:00Z</time>
      </trkpt>
      <trkpt lat="66.40397" lon="17.13985">
        <time>2025-03-20T17:40:00Z</time>
      </trkpt>
      <trkpt lat="66.40334" lon="17.1444">
        <time>2025-03-20T17:50:00Z</time>
      </trkpt>
      <trkpt lat="66.40636" lon="17.15654">
        <time>2025-03-20T18:00:00Z</time>
      </trkpt>
      <trkpt lat="66.40671" lon="17.15738">
        <time>2025-03-20T18:04:00Z</time>
      </trkpt>
      <trkpt lat="66.40672" lon="17.15746">
        <time>2025-03-20T18:10:00Z</time>
      </trkpt>
      <trkpt lat="66.4067" lon="17.15757">
        <time>2025-03-21T06:32:00Z</time>
      </trkpt>
      <trkpt lat="66.40676" lon="17.15731">
        <time>2025-03-21T06:42:00Z</time>
      </trkpt>
      <trkpt lat="66.40673" lon="17.1574">
        <time>2025-03-21T07:15:00Z</time>
      </trkpt>
      <trkpt lat="66.4095" lon="17.16972">
        <time>2025-03-21T07:32:00Z</time>
      </trkpt>
      <trkpt lat="66.40821" lon="17.18856">
        <time>2025-03-21T07:42:00Z</time>
      </trkpt>
      <trkpt lat="66.41385" lon="17.18957">
        <time>2025-03-21T07:52:00Z</time>
      </trkpt>
      <trkpt lat="66.41934" lon="17.18658">
        <time>2025-03-21T08:02:00Z</time>
      </trkpt>
      <trkpt lat="66.42384" lon="17.18693">
        <time>2025-03-21T08:12:00Z</time>
      </trkpt>
      <trkpt lat="66.42827" lon="17.18957">
        <time>2025-03-21T08:22:00Z</time>
      </trkpt>
      <trkpt lat="66.43161" lon="17.19585">
        <time>2025-03-21T08:32:00Z</time>
      </trkpt>
      <trkpt lat="66.43517" lon="17.2107">
        <time>2025-03-21T08:42:00Z</time>
      </trkpt>
      <trkpt lat="66.43881" lon="17.23761">
        <time>2025-03-21T08:52:00Z</time>
      </trkpt>
      <trkpt lat="66.44623" lon="17.23894">
        <time>2025-03-21T09:02:00Z</time>
      </trkpt>
      <trkpt lat="66.45304" lon="17.24117">
        <time>2025-03-21T09:12:00Z</time>
      </trkpt>
      <trkpt lat="66.45897" lon="17.24231">
        <time>2025-03-21T09:22:00Z</time>
      </trkpt>
      <trkpt lat="66.46474" lon="17.24224">
        <time>2025-03-21T09:32:00Z</time>
      </trkpt>
      <trkpt lat="66.47062" lon="17.24044">
        <time>2025-03-21T09:42:00Z</time>
      </trkpt>
      <trkpt lat="66.47451" lon="17.23885">
        <time>2025-03-21T09:52:00Z</time>
      </trkpt>
      <trkpt lat="66.48239" lon="17.23548">
        <time>2025-03-21T10:02:00Z</time>
      </trkpt>
      <trkpt lat="66.48983" lon="17.23278">
        <time>2025-03-21T10:12:00Z</time>
      </trkpt>
      <trkpt lat="66.49211" lon="17.23486">
        <time>2025-03-21T10:22:00Z</time>
      </trkpt>
      <trkpt lat="66.49313" lon="17.23175">
        <time>2025-03-21T10:32:00Z</time>
      </trkpt>
      <trkpt lat="66.49312" lon="17.23177">
        <time>2025-03-21T10:42:00Z</time>
      </trkpt>
      <trkpt lat="66.49504" lon="17.23203">
        <time>2025-03-21T10:52:00Z</time>
      </trkpt>
      <trkpt lat="66.50049" lon="17.23516">
        <time>2025-03-21T11:02:00Z</time>
      </trkpt>
      <trkpt lat="66.50593" lon="17.23935">
        <time>2025-03-21T11:12:00Z</time>
      </trkpt>
      <trkpt lat="66.5117" lon="17.24224">
        <time>2025-03-21T11:22:00Z</time>
      </trkpt>
      <trkpt lat="66.51965" lon="17.24154">
        <time>2025-03-21T11:32:00Z</time>
      </trkpt>
      <trkpt lat="66.52685" lon="17.24218">
        <time>2025-03-21T11:42:00Z</time>
      </trkpt>
      <trkpt lat="66.53134" lon="17.24252">
        <time>2025-03-21T11:52:00Z</time>
      </trkpt>
      <trkpt lat="66.53772" lon="17.23682">
        <time>2025-03-21T12:02:00Z</time>
      </trkpt>
      <trkpt lat="66.54237" lon="17.2316">
        <time>2025-03-21T12:12:00Z</time>
      </trkpt>
      <trkpt lat="66.54408" lon="17.23162">
        <time>2025-03-21T12:22:00Z</time>
      </trkpt>
      <trkpt lat="66.54411" lon="17.23141">
        <time>2025-03-21T12:32:00Z</time>
      </trkpt>
      <trkpt lat="66.54924" lon="17.22967">
        <time>2025-03-21T12:52:00Z</time>
      </trkpt>
      <trkpt lat="66.55563" lon="17.22821">
        <time>2025-03-21T13:02:00Z</time>
      </trkpt>
      <trkpt lat="66.56091" lon="17.23111">
        <time>2025-03-21T13:12:00Z</time>
      </trkpt>
      <trkpt lat="66.56396" lon="17.23433">
        <time>2025-03-21T13:22:00Z</time>
      </trkpt>
      <trkpt lat="66.56399" lon="17.23424">
        <time>2025-03-21T13:32:00Z</time>
      </trkpt>
      <trkpt lat="66.56575" lon="17.24566">
        <time>2025-03-21T13:52:00Z</time>
      </trkpt>
      <trkpt lat="66.56493" lon="17.26224">
        <time>2025-03-21T14:02:00Z</time>
      </trkpt>
      <trkpt lat="66.56487" lon="17.27533">
        <time>2025-03-21T14:12:00Z</time>
      </trkpt>
      <trkpt lat="66.56255" lon="17.29125">
        <time>2025-03-21T14:22:00Z</time>
      </trkpt>
      <trkpt lat="66.55969" lon="17.30724">
        <time>2025-03-21T14:32:00Z</time>
      </trkpt>
      <trkpt lat="66.55677" lon="17.32432">
        <time>2025-03-21T14:42:00Z</time>
      </trkpt>
      <trkpt lat="66.55549" lon="17.33262">
        <time>2025-03-21T14:52:00Z</time>
      </trkpt>
      <trkpt lat="66.55555" lon="17.33273">
        <time>2025-03-21T15:02:00Z</time>
      </trkpt>
      <trkpt lat="66.55421" lon="17.34945">
        <time>2025-03-21T15:12:00Z</time>
      </trkpt>
      <trkpt lat="66.55555" lon="17.365">
        <time>2025-03-21T15:22:00Z</time>
      </trkpt>
      <trkpt lat="66.55469" lon="17.37356">
        <time>2025-03-21T15:32:00Z</time>
      </trkpt>
      <trkpt lat="66.5551" lon="17.38189">
        <time>2025-03-21T15:42:00Z</time>
      </trkpt>
      <trkpt lat="66.55516" lon="17.38206">
        <time>2025-03-21T15:52:00Z</time>
      </trkpt>
      <trkpt lat="66.55515" lon="17.38198">
        <time>2025-03-21T16:03:00Z</time>
      </trkpt>
      <trkpt lat="66.55512" lon="17.38198">
        <time>2025-03-21T16:56:00Z</time>
      </trkpt>
      <trkpt lat="66.55516" lon="17.38204">
        <time>2025-03-21T17:06:00Z</time>
      </trkpt>
      <trkpt lat="66.55514" lon="17.38191">
        <time>2025-03-22T06:46:00Z</time>
      </trkpt>
      <trkpt lat="66.55514" lon="17.38195">
        <time>2025-03-22T06:56:00Z</time>
      </trkpt>
      <trkpt lat="66.55782" lon="17.38865">
        <time>2025-03-22T07:36:00Z</time>
      </trkpt>
      <trkpt lat="66.56123" lon="17.39056">
        <time>2025-03-22T07:46:00Z</time>
      </trkpt>
      <trkpt lat="66.57018" lon="17.39972">
        <time>2025-03-22T07:56:00Z</time>
      </trkpt>
      <trkpt lat="66.57616" lon="17.39886">
        <time>2025-03-22T08:06:00Z</time>
      </trkpt>
      <trkpt lat="66.58181" lon="17.39556">
        <time>2025-03-22T08:16:00Z</time>
      </trkpt>
      <trkpt lat="66.58949" lon="17.38957">
        <time>2025-03-22T08:26:00Z</time>
      </trkpt>
      <trkpt lat="66.59655" lon="17.39498">
        <time>2025-03-22T08:36:00Z</time>
      </trkpt>
      <trkpt lat="66.60342" lon="17.39082">
        <time>2025-03-22T08:46:00Z</time>
      </trkpt>
      <trkpt lat="66.60828" lon="17.3841">
        <time>2025-03-22T08:56:00Z</time>
      </trkpt>
      <trkpt lat="66.61432" lon="17.3723">
        <time>2025-03-22T09:06:00Z</time>
      </trkpt>
      <trkpt lat="66.61584" lon="17.37153">
        <time>2025-03-22T09:16:00Z</time>
      </trkpt>
      <trkpt lat="66.62129" lon="17.37391">
        <time>2025-03-22T09:26:00Z</time>
      </trkpt>
      <trkpt lat="66.62531" lon="17.37921">
        <time>2025-03-22T09:36:00Z</time>
      </trkpt>
      <trkpt lat="66.62536" lon="17.37974">
        <time>2025-03-22T09:46:00Z</time>
      </trkpt>
      <trkpt lat="66.63102" lon="17.38831">
        <time>2025-03-22T09:56:00Z</time>
      </trkpt>
      <trkpt lat="66.63922" lon="17.40041">
        <time>2025-03-22T10:06:00Z</time>
      </trkpt>
      <trkpt lat="66.64866" lon="17.39661">
        <time>2025-03-22T10:16:00Z</time>
      </trkpt>
      <trkpt lat="66.65534" lon="17.40603">
        <time>2025-03-22T10:26:00Z</time>
      </trkpt>
      <trkpt lat="66.66225" lon="17.41897">
        <time>2025-03-22T10:36:00Z</time>
      </trkpt>
      <trkpt lat="66.66549" lon="17.42918">
        <time>2025-03-22T10:46:00Z</time>
      </trkpt>
      <trkpt lat="66.67216" lon="17.43963">
        <time>2025-03-22T10:56:00Z</time>
      </trkpt>
      <trkpt lat="66.67963" lon="17.43045">
        <time>2025-03-22T11:06:00Z</time>
      </trkpt>
      <trkpt lat="66.68671" lon="17.42069">
        <time>2025-03-22T11:16:00Z</time>
      </trkpt>
      <trkpt lat="66.69386" lon="17.41049">
        <time>2025-03-22T11:26:00Z</time>
      </trkpt>
      <trkpt lat="66.70107" lon="17.39944">
        <time>2025-03-22T11:36:00Z</time>
      </trkpt>
      <trkpt lat="66.70774" lon="17.39045">
        <time>2025-03-22T11:46:00Z</time>
      </trkpt>
      <trkpt lat="66.70886" lon="17.38934">
        <time>2025-03-22T11:56:00Z</time>
      </trkpt>
      <trkpt lat="66.70891" lon="17.38931">
        <time>2025-03-22T12:06:00Z</time>
      </trkpt>
      <trkpt lat="66.70987" lon="17.38837">
        <time>2025-03-22T12:36:00Z</time>
      </trkpt>
      <trkpt lat="66.71491" lon="17.3915">
        <time>2025-03-22T12:46:00Z</time>
      </trkpt>
      <trkpt lat="66.71928" lon="17.39794">
        <time>2025-03-22T12:56:00Z</time>
      </trkpt>
      <trkpt lat="66.72493" lon="17.39625">
        <time>2025-03-22T13:06:00Z</time>
      </trkpt>
      <trkpt lat="66.72952" lon="17.39721">
        <time>2025-03-22T13:16:00Z</time>
      </trkpt>
      <trkpt lat="66.7367" lon="17.4009">
        <time>2025-03-22T13:26:00Z</time>
      </trkpt>
      <trkpt lat="66.74189" lon="17.40732">
        <time>2025-03-22T13:36:00Z</time>
      </trkpt>
      <trkpt lat="66.74448" lon="17.41318">
        <time>2025-03-22T13:46:00Z</time>
      </trkpt>
      <trkpt lat="66.74614" lon="17.42367">
        <time>2025-03-22T13:56:00Z</time>
      </trkpt>
      <trkpt lat="66.74781" lon="17.43465">
        <time>2025-03-22T14:06:00Z</time>
      </trkpt>
      <trkpt lat="66.74776" lon="17.43453">
        <time>2025-03-22T14:16:00Z</time>
      </trkpt>
      <trkpt lat="66.74884" lon="17.43976">
        <time>2025-03-22T14:26:00Z</time>
      </trkpt>
      <trkpt lat="66.75344" lon="17.45487">
        <time>2025-03-22T14:36:00Z</time>
      </trkpt>
      <trkpt lat="66.7555" lon="17.46152">
        <time>2025-03-22T14:46:00Z</time>
      </trkpt>
      <trkpt lat="66.7596" lon="17.4721">
        <time>2025-03-22T14:56:00Z</time>
      </trkpt>
      <trkpt lat="66.7626" lon="17.48532">
        <time>2025-03-22T15:06:00Z</time>
      </trkpt>
      <trkpt lat="66.76647" lon="17.49261">
        <time>2025-03-22T15:16:00Z</time>
      </trkpt>
      <trkpt lat="66.76838" lon="17.49705">
        <time>2025-03-22T15:26:00Z</time>
      </trkpt>
      <trkpt lat="66.7743" lon="17.50225">
        <time>2025-03-22T15:36:00Z</time>
      </trkpt>
      <trkpt lat="66.7766" lon="17.52596">
        <time>2025-03-22T15:46:00Z</time>
      </trkpt>
      <trkpt lat="66.77635" lon="17.53793">
        <time>2025-03-22T15:56:00Z</time>
      </trkpt>
      <trkpt lat="66.78129" lon="17.54932">
        <time>2025-03-22T16:06:00Z</time>
      </trkpt>
      <trkpt lat="66.78708" lon="17.55158">
        <time>2025-03-22T16:16:00Z</time>
      </trkpt>
      <trkpt lat="66.79082" lon="17.54083">
        <time>2025-03-22T16:26:00Z</time>
      </trkpt>
      <trkpt lat="66.79299" lon="17.53862">
        <time>2025-03-22T16:36:00Z</time>
      </trkpt>
      <trkpt lat="66.793" lon="17.53862">
        <time>2025-03-22T16:38:00Z</time>
      </trkpt>
      <trkpt lat="66.79304" lon="17.53868">
        <time>2025-03-22T16:46:00Z</time>
      </trkpt>
      <trkpt lat="66.793" lon="17.53868">
        <time>2025-03-23T06:40:00Z</time>
      </trkpt>
      <trkpt lat="66.79295" lon="17.53868">
        <time>2025-03-23T06:50:00Z</time>
      </trkpt>
      <trkpt lat="66.793" lon="17.53868">
        <time>2025-03-23T07:15:00Z</time>
      </trkpt>
      <trkpt lat="66.79501" lon="17.53911">
        <time>2025-03-23T07:30:00Z</time>
      </trkpt>
      <trkpt lat="66.79832" lon="17.53881">
        <time>2025-03-23T07:40:00Z</time>
      </trkpt>
      <trkpt lat="66.80089" lon="17.5386">
        <time>2025-03-23T07:50:00Z</time>
      </trkpt>
      <trkpt lat="66.80431" lon="17.54044">
        <time>2025-03-23T08:00:00Z</time>
      </trkpt>
      <trkpt lat="66.80817" lon="17.54684">
        <time>2025-03-23T08:10:00Z</time>
      </trkpt>
      <trkpt lat="66.80979" lon="17.5492">
        <time>2025-03-23T08:20:00Z</time>
      </trkpt>
      <trkpt lat="66.81745" lon="17.5595">
        <time>2025-03-23T08:30:00Z</time>
      </trkpt>
      <trkpt lat="66.82281" lon="17.56617">
        <time>2025-03-23T08:40:00Z</time>
      </trkpt>
      <trkpt lat="66.8244" lon="17.5663">
        <time>2025-03-23T08:50:00Z</time>
      </trkpt>
      <trkpt lat="66.82749" lon="17.57567">
        <time>2025-03-23T09:00:00Z</time>
      </trkpt>
      <trkpt lat="66.83867" lon="17.5834">
        <time>2025-03-23T09:10:00Z</time>
      </trkpt>
      <trkpt lat="66.84693" lon="17.58801">
        <time>2025-03-23T09:20:00Z</time>
      </trkpt>
      <trkpt lat="66.84809" lon="17.58848">
        <time>2025-03-23T09:30:00Z</time>
      </trkpt>
      <trkpt lat="66.84967" lon="17.58992">
        <time>2025-03-23T09:40:00Z</time>
      </trkpt>
      <trkpt lat="66.84971" lon="17.5899">
        <time>2025-03-23T09:50:00Z</time>
      </trkpt>
      <trkpt lat="66.85408" lon="17.5937">
        <time>2025-03-23T10:00:00Z</time>
      </trkpt>
      <trkpt lat="66.86139" lon="17.59784">
        <time>2025-03-23T10:10:00Z</time>
      </trkpt>
      <trkpt lat="66.86624" lon="17.60228">
        <time>2025-03-23T10:20:00Z</time>
      </trkpt>
      <trkpt lat="66.87078" lon="17.61091">
        <time>2025-03-23T10:30:00Z</time>
      </trkpt>
      <trkpt lat="66.8753" lon="17.62621">
        <time>2025-03-23T10:40:00Z</time>
      </trkpt>
      <trkpt lat="66.87643" lon="17.63591">
        <time>2025-03-23T10:50:00Z</time>
      </trkpt>
      <trkpt lat="66.87949" lon="17.65571">
        <time>2025-03-23T11:00:00Z</time>
      </trkpt>
      <trkpt lat="66.88178" lon="17.65408">
        <time>2025-03-23T11:10:00Z</time>
      </trkpt>
      <trkpt lat="66.8818" lon="17.65408">
        <time>2025-03-23T11:20:00Z</time>
      </trkpt>
      <trkpt lat="66.88544" lon="17.6543">
        <time>2025-03-23T11:50:00Z</time>
      </trkpt>
      <trkpt lat="66.89019" lon="17.66069">
        <time>2025-03-23T12:00:00Z</time>
      </trkpt>
      <trkpt lat="66.89521" lon="17.6652">
        <time>2025-03-23T12:10:00Z</time>
      </trkpt>
      <trkpt lat="66.90061" lon="17.67369">
        <time>2025-03-23T12:20:00Z</time>
      </trkpt>
      <trkpt lat="66.90818" lon="17.67208">
        <time>2025-03-23T12:30:00Z</time>
      </trkpt>
      <trkpt lat="66.91477" lon="17.67219">
        <time>2025-03-23T12:40:00Z</time>
      </trkpt>
      <trkpt lat="66.92303" lon="17.66408">
        <time>2025-03-23T12:50:00Z</time>
      </trkpt>
      <trkpt lat="66.92244" lon="17.68195">
        <time>2025-03-23T13:00:00Z</time>
      </trkpt>
      <trkpt lat="66.92074" lon="17.70723">
        <time>2025-03-23T13:10:00Z</time>
      </trkpt>
      <trkpt lat="66.92349" lon="17.71476">
        <time>2025-03-23T13:20:00Z</time>
      </trkpt>
      <trkpt lat="66.93149" lon="17.72605">
        <time>2025-03-23T13:30:00Z</time>
      </trkpt>
      <trkpt lat="66.93656" lon="17.72759">
        <time>2025-03-23T13:40:00Z</time>
      </trkpt>
      <trkpt lat="66.94579" lon="17.72493">
        <time>2025-03-23T13:50:00Z</time>
      </trkpt>
      <trkpt lat="66.94766" lon="17.72223">
        <time>2025-03-23T14:00:00Z</time>
      </trkpt>
      <trkpt lat="66.95231" lon="17.71895">
        <time>2025-03-23T14:10:00Z</time>
      </trkpt>
      <trkpt lat="66.95399" lon="17.71983">
        <time>2025-03-23T14:20:00Z</time>
      </trkpt>
      <trkpt lat="66.95363" lon="17.71948">
        <time>2025-03-23T14:26:00Z</time>
      </trkpt>
      <trkpt lat="66.95369" lon="17.71963">
        <time>2025-03-23T14:30:00Z</time>
      </trkpt>
      <trkpt lat="66.95353" lon="17.71946">
        <time>2025-03-24T06:51:00Z</time>
      </trkpt>
      <trkpt lat="66.95351" lon="17.71963">
        <time>2025-03-24T07:01:00Z</time>
      </trkpt>
      <trkpt lat="66.95359" lon="17.71963">
        <time>2025-03-25T07:58:00Z</time>
      </trkpt>
      <trkpt lat="66.95354" lon="17.71908">
        <time>2025-03-25T08:08:00Z</time>
      </trkpt>
      <trkpt lat="66.95395" lon="17.71968">
        <time>2025-03-25T08:28:00Z</time>
      </trkpt>
      <trkpt lat="66.95876" lon="17.72152">
        <time>2025-03-25T08:38:00Z</time>
      </trkpt>
      <trkpt lat="66.96131" lon="17.72659">
        <time>2025-03-25T08:48:00Z</time>
      </trkpt>
      <trkpt lat="66.96392" lon="17.73717">
        <time>2025-03-25T08:58:00Z</time>
      </trkpt>
      <trkpt lat="66.96756" lon="17.74309">
        <time>2025-03-25T09:08:00Z</time>
      </trkpt>
      <trkpt lat="66.9725" lon="17.75154">
        <time>2025-03-25T09:18:00Z</time>
      </trkpt>
      <trkpt lat="66.97915" lon="17.76092">
        <time>2025-03-25T09:28:00Z</time>
      </trkpt>
      <trkpt lat="66.98436" lon="17.77525">
        <time>2025-03-25T09:38:00Z</time>
      </trkpt>
      <trkpt lat="66.99101" lon="17.78607">
        <time>2025-03-25T09:48:00Z</time>
      </trkpt>
      <trkpt lat="66.99439" lon="17.78654">
        <time>2025-03-25T09:58:00Z</time>
      </trkpt>
      <trkpt lat="67.00068" lon="17.7922">
        <time>2025-03-25T10:08:00Z</time>
      </trkpt>
      <trkpt lat="67.00613" lon="17.78999">
        <time>2025-03-25T10:18:00Z</time>
      </trkpt>
      <trkpt lat="67.01388" lon="17.79079">
        <time>2025-03-25T10:28:00Z</time>
      </trkpt>
      <trkpt lat="67.01976" lon="17.79452">
        <time>2025-03-25T10:38:00Z</time>
      </trkpt>
      <trkpt lat="67.01977" lon="17.79461">
        <time>2025-03-25T10:48:00Z</time>
      </trkpt>
      <trkpt lat="67.02197" lon="17.80413">
        <time>2025-03-25T10:58:00Z</time>
      </trkpt>
      <trkpt lat="67.02395" lon="17.8245">
        <time>2025-03-25T11:08:00Z</time>
      </trkpt>
      <trkpt lat="67.02571" lon="17.84493">
        <time>2025-03-25T11:18:00Z</time>
      </trkpt>
      <trkpt lat="67.02837" lon="17.86443">
        <time>2025-03-25T11:28:00Z</time>
      </trkpt>
      <trkpt lat="67.03039" lon="17.88361">
        <time>2025-03-25T11:38:00Z</time>
      </trkpt>
      <trkpt lat="67.02935" lon="17.90668">
        <time>2025-03-25T11:48:00Z</time>
      </trkpt>
      <trkpt lat="67.03212" lon="17.91941">
        <time>2025-03-25T11:58:00Z</time>
      </trkpt>
      <trkpt lat="67.03575" lon="17.93685">
        <time>2025-03-25T12:08:00Z</time>
      </trkpt>
      <trkpt lat="67.04058" lon="17.95131">
        <time>2025-03-25T12:18:00Z</time>
      </trkpt>
      <trkpt lat="67.04061" lon="17.95123">
        <time>2025-03-25T12:28:00Z</time>
      </trkpt>
      <trkpt lat="67.0424" lon="17.95616">
        <time>2025-03-25T12:48:00Z</time>
      </trkpt>
      <trkpt lat="67.04368" lon="17.96796">
        <time>2025-03-25T12:58:00Z</time>
      </trkpt>
      <trkpt lat="67.04265" lon="17.9861">
        <time>2025-03-25T13:08:00Z</time>
      </trkpt>
      <trkpt lat="67.04328" lon="18.01026">
        <time>2025-03-25T13:18:00Z</time>
      </trkpt>
      <trkpt lat="67.04477" lon="18.02607">
        <time>2025-03-25T13:28:00Z</time>
      </trkpt>
      <trkpt lat="67.04745" lon="18.04701">
        <time>2025-03-25T13:38:00Z</time>
      </trkpt>
      <trkpt lat="67.0468" lon="18.05437">
        <time>2025-03-25T13:48:00Z</time>
      </trkpt>
      <trkpt lat="67.04969" lon="18.07725">
        <time>2025-03-25T13:58:00Z</time>
      </trkpt>
      <trkpt lat="67.05139" lon="18.09935">
        <time>2025-03-25T14:08:00Z</time>
      </trkpt>
      <trkpt lat="67.05299" lon="18.11714">
        <time>2025-03-25T14:18:00Z</time>
      </trkpt>
      <trkpt lat="67.05532" lon="18.12338">
        <time>2025-03-25T14:28:00Z</time>
      </trkpt>
      <trkpt lat="67.05534" lon="18.12347">
        <time>2025-03-25T14:38:00Z</time>
      </trkpt>
      <trkpt lat="67.05628" lon="18.13196">
        <time>2025-03-25T14:48:00Z</time>
      </trkpt>
      <trkpt lat="67.05679" lon="18.151">
        <time>2025-03-25T14:58:00Z</time>
      </trkpt>
      <trkpt lat="67.05685" lon="18.16316">
        <time>2025-03-25T15:08:00Z</time>
      </trkpt>
      <trkpt lat="67.05761" lon="18.18355">
        <time>2025-03-25T15:18:00Z</time>
      </trkpt>
      <trkpt lat="67.05851" lon="18.19321">
        <time>2025-03-25T15:28:00Z</time>
      </trkpt>
      <trkpt lat="67.06162" lon="18.21181">
        <time>2025-03-25T15:38:00Z</time>
      </trkpt>
      <trkpt lat="67.06276" lon="18.22887">
        <time>2025-03-25T15:48:00Z</time>
      </trkpt>
      <trkpt lat="67.06225" lon="18.23337">
        <time>2025-03-25T15:58:00Z</time>
      </trkpt>
      <trkpt lat="67.06468" lon="18.25075">
        <time>2025-03-25T16:08:00Z</time>
      </trkpt>
      <trkpt lat="67.06922" lon="18.26249">
        <time>2025-03-25T16:18:00Z</time>
      </trkpt>
      <trkpt lat="67.07478" lon="18.27419">
        <time>2025-03-25T16:28:00Z</time>
      </trkpt>
      <trkpt lat="67.08156" lon="18.28131">
        <time>2025-03-25T16:38:00Z</time>
      </trkpt>
      <trkpt lat="67.08526" lon="18.28408">
        <time>2025-03-25T16:48:00Z</time>
      </trkpt>
      <trkpt lat="67.08758" lon="18.27951">
        <time>2025-03-25T16:58:00Z</time>
      </trkpt>
      <trkpt lat="67.08775" lon="18.27955">
        <time>2025-03-25T17:08:00Z</time>
      </trkpt>
      <trkpt lat="67.08775" lon="18.27951">
        <time>2025-03-25T17:10:00Z</time>
      </trkpt>
      <trkpt lat="67.08753" lon="18.27899">
        <time>2025-03-26T06:16:00Z</time>
      </trkpt>
      <trkpt lat="67.08774" lon="18.27942">
        <time>2025-03-26T06:26:00Z</time>
      </trkpt>
      <trkpt lat="67.09235" lon="18.27236">
        <time>2025-03-26T07:26:00Z</time>
      </trkpt>
      <trkpt lat="67.09821" lon="18.27307">
        <time>2025-03-26T07:36:00Z</time>
      </trkpt>
      <trkpt lat="67.105" lon="18.27329">
        <time>2025-03-26T07:46:00Z</time>
      </trkpt>
      <trkpt lat="67.11054" lon="18.28086">
        <time>2025-03-26T07:56:00Z</time>
      </trkpt>
      <trkpt lat="67.11814" lon="18.28895">
        <time>2025-03-26T08:06:00Z</time>
      </trkpt>
      <trkpt lat="67.12176" lon="18.29335">
        <time>2025-03-26T08:16:00Z</time>
      </trkpt>
      <trkpt lat="67.12792" lon="18.30133">
        <time>2025-03-26T08:26:00Z</time>
      </trkpt>
      <trkpt lat="67.13367" lon="18.30856">
        <time>2025-03-26T08:36:00Z</time>
      </trkpt>
      <trkpt lat="67.13853" lon="18.31472">
        <time>2025-03-26T08:46:00Z</time>
      </trkpt>
      <trkpt lat="67.14333" lon="18.31172">
        <time>2025-03-26T08:56:00Z</time>
      </trkpt>
      <trkpt lat="67.14651" lon="18.30901">
        <time>2025-03-26T09:06:00Z</time>
      </trkpt>
      <trkpt lat="67.14645" lon="18.30901">
        <time>2025-03-26T09:16:00Z</time>
      </trkpt>
      <trkpt lat="67.14722" lon="18.31635">
        <time>2025-03-26T09:26:00Z</time>
      </trkpt>
      <trkpt lat="67.1484" lon="18.3233">
        <time>2025-03-26T09:36:00Z</time>
      </trkpt>
      <trkpt lat="67.1499" lon="18.33028">
        <time>2025-03-26T09:46:00Z</time>
      </trkpt>
      <trkpt lat="67.15328" lon="18.33326">
        <time>2025-03-26T09:56:00Z</time>
      </trkpt>
      <trkpt lat="67.15638" lon="18.33656">
        <time>2025-03-26T10:06:00Z</time>
      </trkpt>
      <trkpt lat="67.16014" lon="18.34135">
        <time>2025-03-26T10:16:00Z</time>
      </trkpt>
      <trkpt lat="67.16041" lon="18.34167">
        <time>2025-03-26T10:26:00Z</time>
      </trkpt>
      <trkpt lat="67.16475" lon="18.3533">
        <time>2025-03-26T10:36:00Z</time>
      </trkpt>
      <trkpt lat="67.16742" lon="18.37356">
        <time>2025-03-26T10:46:00Z</time>
      </trkpt>
      <trkpt lat="67.16935" lon="18.39795">
        <time>2025-03-26T10:56:00Z</time>
      </trkpt>
      <trkpt lat="67.17317" lon="18.41377">
        <time>2025-03-26T11:06:00Z</time>
      </trkpt>
      <trkpt lat="67.18179" lon="18.42525">
        <time>2025-03-26T11:16:00Z</time>
      </trkpt>
      <trkpt lat="67.18951" lon="18.43546">
        <time>2025-03-26T11:26:00Z</time>
      </trkpt>
      <trkpt lat="67.19829" lon="18.43342">
        <time>2025-03-26T11:36:00Z</time>
      </trkpt>
      <trkpt lat="67.19964" lon="18.43289">
        <time>2025-03-26T11:46:00Z</time>
      </trkpt>
      <trkpt lat="67.19963" lon="18.43284">
        <time>2025-03-26T11:56:00Z</time>
      </trkpt>
      <trkpt lat="67.20352" lon="18.43136">
        <time>2025-03-26T12:16:00Z</time>
      </trkpt>
      <trkpt lat="67.21013" lon="18.42819">
        <time>2025-03-26T12:26:00Z</time>
      </trkpt>
      <trkpt lat="67.21604" lon="18.43216">
        <time>2025-03-26T12:36:00Z</time>
      </trkpt>
      <trkpt lat="67.22304" lon="18.43102">
        <time>2025-03-26T12:46:00Z</time>
      </trkpt>
      <trkpt lat="67.22905" lon="18.43621">
        <time>2025-03-26T12:56:00Z</time>
      </trkpt>
      <trkpt lat="67.23371" lon="18.44662">
        <time>2025-03-26T13:06:00Z</time>
      </trkpt>
      <trkpt lat="67.23883" lon="18.45046">
        <time>2025-03-26T13:16:00Z</time>
      </trkpt>
      <trkpt lat="67.2435" lon="18.459">
        <time>2025-03-26T13:26:00Z</time>
      </trkpt>
      <trkpt lat="67.24769" lon="18.46516">
        <time>2025-03-26T13:36:00Z</time>
      </trkpt>
      <trkpt lat="67.24921" lon="18.46617">
        <time>2025-03-26T13:46:00Z</time>
      </trkpt>
      <trkpt lat="67.25392" lon="18.46758">
        <time>2025-03-26T13:56:00Z</time>
      </trkpt>
      <trkpt lat="67.26128" lon="18.47125">
        <time>2025-03-26T14:06:00Z</time>
      </trkpt>
      <trkpt lat="67.26845" lon="18.4669">
        <time>2025-03-26T14:16:00Z</time>
      </trkpt>
      <trkpt lat="67.27552" lon="18.46346">
        <time>2025-03-26T14:26:00Z</time>
      </trkpt>
      <trkpt lat="67.28264" lon="18.46316">
        <time>2025-03-26T14:36:00Z</time>
      </trkpt>
      <trkpt lat="67.28725" lon="18.47014">
        <time>2025-03-26T14:46:00Z</time>
      </trkpt>
      <trkpt lat="67.29254" lon="18.47863">
        <time>2025-03-26T14:56:00Z</time>
      </trkpt>
      <trkpt lat="67.29945" lon="18.48672">
        <time>2025-03-26T15:06:00Z</time>
      </trkpt>
      <trkpt lat="67.30286" lon="18.48878">
        <time>2025-03-26T15:16:00Z</time>
      </trkpt>
      <trkpt lat="67.3087" lon="18.48986">
        <time>2025-03-26T15:26:00Z</time>
      </trkpt>
      <trkpt lat="67.31827" lon="18.49574">
        <time>2025-03-26T15:36:00Z</time>
      </trkpt>
      <trkpt lat="67.32662" lon="18.50481">
        <time>2025-03-26T15:46:00Z</time>
      </trkpt>
      <trkpt lat="67.33429" lon="18.50657">
        <time>2025-03-26T15:56:00Z</time>
      </trkpt>
      <trkpt lat="67.3434" lon="18.50423">
        <time>2025-03-26T16:06:00Z</time>
      </trkpt>
      <trkpt lat="67.35071" lon="18.50164">
        <time>2025-03-26T16:16:00Z</time>
      </trkpt>
      <trkpt lat="67.35574" lon="18.50054">
        <time>2025-03-26T16:26:00Z</time>
      </trkpt>
      <trkpt lat="67.36213" lon="18.50953">
        <time>2025-03-26T16:36:00Z</time>
      </trkpt>
      <trkpt lat="67.3711" lon="18.52228">
        <time>2025-03-26T16:46:00Z</time>
      </trkpt>
      <trkpt lat="67.38215" lon="18.53503">
        <time>2025-03-26T16:56:00Z</time>
      </trkpt>
      <trkpt lat="67.38783" lon="18.5326">
        <time>2025-03-26T17:06:00Z</time>
      </trkpt>
      <trkpt lat="67.39256" lon="18.51996">
        <time>2025-03-26T17:16:00Z</time>
      </trkpt>
      <trkpt lat="67.39397" lon="18.52063">
        <time>2025-03-26T17:40:00Z</time>
      </trkpt>
      <trkpt lat="67.39405" lon="18.52037">
        <time>2025-03-26T17:41:00Z</time>
      </trkpt>
      <trkpt lat="67.39405" lon="18.52039">
        <time>2025-03-27T08:58:00Z</time>
      </trkpt>
      <trkpt lat="67.39398" lon="18.52016">
        <time>2025-03-27T09:08:00Z</time>
      </trkpt>
      <trkpt lat="67.39426" lon="18.51837">
        <time>2025-03-27T09:16:00Z</time>
      </trkpt>
      <trkpt lat="67.39495" lon="18.51713">
        <time>2025-03-27T09:18:00Z</time>
      </trkpt>
      <trkpt lat="67.40388" lon="18.5011">
        <time>2025-03-27T09:28:00Z</time>
      </trkpt>
      <trkpt lat="67.40806" lon="18.49009">
        <time>2025-03-27T09:38:00Z</time>
      </trkpt>
      <trkpt lat="67.41199" lon="18.47037">
        <time>2025-03-27T09:48:00Z</time>
      </trkpt>
      <trkpt lat="67.41758" lon="18.45514">
        <time>2025-03-27T09:58:00Z</time>
      </trkpt>
      <trkpt lat="67.42149" lon="18.44662">
        <time>2025-03-27T10:08:00Z</time>
      </trkpt>
      <trkpt lat="67.42779" lon="18.4375">
        <time>2025-03-27T10:18:00Z</time>
      </trkpt>
      <trkpt lat="67.43397" lon="18.4275">
        <time>2025-03-27T10:28:00Z</time>
      </trkpt>
      <trkpt lat="67.43862" lon="18.41355">
        <time>2025-03-27T10:38:00Z</time>
      </trkpt>
      <trkpt lat="67.44128" lon="18.4069">
        <time>2025-03-27T10:48:00Z</time>
      </trkpt>
      <trkpt lat="67.44439" lon="18.39873">
        <time>2025-03-27T10:58:00Z</time>
      </trkpt>
      <trkpt lat="67.45061" lon="18.39182">
        <time>2025-03-27T11:08:00Z</time>
      </trkpt>
      <trkpt lat="67.45354" lon="18.38568">
        <time>2025-03-27T11:18:00Z</time>
      </trkpt>
      <trkpt lat="67.45714" lon="18.38102">
        <time>2025-03-27T11:28:00Z</time>
      </trkpt>
      <trkpt lat="67.46391" lon="18.3721">
        <time>2025-03-27T11:38:00Z</time>
      </trkpt>
      <trkpt lat="67.46947" lon="18.36515">
        <time>2025-03-27T11:48:00Z</time>
      </trkpt>
      <trkpt lat="67.47464" lon="18.36459">
        <time>2025-03-27T11:58:00Z</time>
      </trkpt>
      <trkpt lat="67.47825" lon="18.36199">
        <time>2025-03-27T12:08:00Z</time>
      </trkpt>
      <trkpt lat="67.48489" lon="18.35798">
        <time>2025-03-27T12:18:00Z</time>
      </trkpt>
      <trkpt lat="67.48487" lon="18.35806">
        <time>2025-03-27T12:28:00Z</time>
      </trkpt>
      <trkpt lat="67.48582" lon="18.36171">
        <time>2025-03-27T12:48:00Z</time>
      </trkpt>
      <trkpt lat="67.49124" lon="18.36761">
        <time>2025-03-27T12:58:00Z</time>
      </trkpt>
      <trkpt lat="67.49787" lon="18.38298">
        <time>2025-03-27T13:08:00Z</time>
      </trkpt>
      <trkpt lat="67.50188" lon="18.39768">
        <time>2025-03-27T13:18:00Z</time>
      </trkpt>
      <trkpt lat="67.50662" lon="18.41965">
        <time>2025-03-27T13:28:00Z</time>
      </trkpt>
      <trkpt lat="67.50627" lon="18.44143">
        <time>2025-03-27T13:38:00Z</time>
      </trkpt>
      <trkpt lat="67.50623" lon="18.44175">
        <time>2025-03-27T13:48:00Z</time>
      </trkpt>
      <trkpt lat="67.51185" lon="18.44123">
        <time>2025-03-27T13:58:00Z</time>
      </trkpt>
      <trkpt lat="67.51673" lon="18.44967">
        <time>2025-03-27T14:08:00Z</time>
      </trkpt>
      <trkpt lat="67.52046" lon="18.4602">
        <time>2025-03-27T14:18:00Z</time>
      </trkpt>
      <trkpt lat="67.52654" lon="18.47436">
        <time>2025-03-27T14:28:00Z</time>
      </trkpt>
      <trkpt lat="67.53018" lon="18.4811">
        <time>2025-03-27T14:38:00Z</time>
      </trkpt>
      <trkpt lat="67.53674" lon="18.4872">
        <time>2025-03-27T14:48:00Z</time>
      </trkpt>
      <trkpt lat="67.53986" lon="18.48022">
        <time>2025-03-27T14:58:00Z</time>
      </trkpt>
      <trkpt lat="67.54204" lon="18.47248">
        <time>2025-03-27T15:08:00Z</time>
      </trkpt>
      <trkpt lat="67.54613" lon="18.46484">
        <time>2025-03-27T15:18:00Z</time>
      </trkpt>
      <trkpt lat="67.55192" lon="18.45645">
        <time>2025-03-27T15:28:00Z</time>
      </trkpt>
      <trkpt lat="67.55701" lon="18.4443">
        <time>2025-03-27T15:38:00Z</time>
      </trkpt>
      <trkpt lat="67.56234" lon="18.4336">
        <time>2025-03-27T15:48:00Z</time>
      </trkpt>
      <trkpt lat="67.56742" lon="18.42274">
        <time>2025-03-27T15:58:00Z</time>
      </trkpt>
      <trkpt lat="67.57135" lon="18.40963">
        <time>2025-03-27T16:08:00Z</time>
      </trkpt>
      <trkpt lat="67.57564" lon="18.39791">
        <time>2025-03-27T16:18:00Z</time>
      </trkpt>
      <trkpt lat="67.58024" lon="18.38596">
        <time>2025-03-27T16:28:00Z</time>
      </trkpt>
      <trkpt lat="67.58603" lon="18.37663">
        <time>2025-03-27T16:38:00Z</time>
      </trkpt>
      <trkpt lat="67.59218" lon="18.37411">
        <time>2025-03-27T16:48:00Z</time>
      </trkpt>
      <trkpt lat="67.59542" lon="18.36894">
        <time>2025-03-27T16:58:00Z</time>
      </trkpt>
      <trkpt lat="67.59546" lon="18.36927">
        <time>2025-03-27T17:07:00Z</time>
      </trkpt>
      <trkpt lat="67.59554" lon="18.36892">
        <time>2025-03-27T17:08:00Z</time>
      </trkpt>
      <trkpt lat="67.59561" lon="18.36858">
        <time>2025-03-28T06:07:00Z</time>
      </trkpt>
      <trkpt lat="67.59556" lon="18.36907">
        <time>2025-03-28T06:17:00Z</time>
      </trkpt>
      <trkpt lat="67.59559" lon="18.36892">
        <time>2025-03-28T07:00:00Z</time>
      </trkpt>
      <trkpt lat="67.5952" lon="18.37139">
        <time>2025-03-28T07:07:00Z</time>
      </trkpt>
      <trkpt lat="67.59698" lon="18.37871">
        <time>2025-03-28T07:17:00Z</time>
      </trkpt>
      <trkpt lat="67.60262" lon="18.3792">
        <time>2025-03-28T07:27:00Z</time>
      </trkpt>
      <trkpt lat="67.60961" lon="18.36879">
        <time>2025-03-28T07:37:00Z</time>
      </trkpt>
      <trkpt lat="67.61704" lon="18.36388">
        <time>2025-03-28T07:47:00Z</time>
      </trkpt>
      <trkpt lat="67.62436" lon="18.35982">
        <time>2025-03-28T07:57:00Z</time>
      </trkpt>
      <trkpt lat="67.62498" lon="18.3565">
        <time>2025-03-28T08:07:00Z</time>
      </trkpt>
      <trkpt lat="67.62731" lon="18.34719">
        <time>2025-03-28T08:17:00Z</time>
      </trkpt>
      <trkpt lat="67.63357" lon="18.33605">
        <time>2025-03-28T08:27:00Z</time>
      </trkpt>
      <trkpt lat="67.63484" lon="18.32371">
        <time>2025-03-28T08:37:00Z</time>
      </trkpt>
      <trkpt lat="67.6382" lon="18.31755">
        <time>2025-03-28T08:47:00Z</time>
      </trkpt>
      <trkpt lat="67.6394" lon="18.31551">
        <time>2025-03-28T08:57:00Z</time>
      </trkpt>
      <trkpt lat="67.64507" lon="18.30438">
        <time>2025-03-28T09:07:00Z</time>
      </trkpt>
      <trkpt lat="67.65088" lon="18.28586">
        <time>2025-03-28T09:17:00Z</time>
      </trkpt>
      <trkpt lat="67.65579" lon="18.26786">
        <time>2025-03-28T09:27:00Z</time>
      </trkpt>
      <trkpt lat="67.65925" lon="18.25284">
        <time>2025-03-28T09:37:00Z</time>
      </trkpt>
      <trkpt lat="67.66249" lon="18.24011">
        <time>2025-03-28T09:47:00Z</time>
      </trkpt>
      <trkpt lat="67.66682" lon="18.22372">
        <time>2025-03-28T09:57:00Z</time>
      </trkpt>
      <trkpt lat="67.672" lon="18.20717">
        <time>2025-03-28T10:07:00Z</time>
      </trkpt>
      <trkpt lat="67.67791" lon="18.19192">
        <time>2025-03-28T10:17:00Z</time>
      </trkpt>
      <trkpt lat="67.68187" lon="18.18145">
        <time>2025-03-28T10:27:00Z</time>
      </trkpt>
      <trkpt lat="67.68777" lon="18.16668">
        <time>2025-03-28T10:37:00Z</time>
      </trkpt>
      <trkpt lat="67.69184" lon="18.15544">
        <time>2025-03-28T10:47:00Z</time>
      </trkpt>
      <trkpt lat="67.69462" lon="18.15561">
        <time>2025-03-28T10:57:00Z</time>
      </trkpt>
      <trkpt lat="67.69462" lon="18.15565">
        <time>2025-03-28T11:07:00Z</time>
      </trkpt>
      <trkpt lat="67.6954" lon="18.15857">
        <time>2025-03-28T12:37:00Z</time>
      </trkpt>
      <trkpt lat="67.69628" lon="18.16134">
        <time>2025-03-28T12:47:00Z</time>
      </trkpt>
      <trkpt lat="67.69635" lon="18.16705">
        <time>2025-03-28T12:57:00Z</time>
      </trkpt>
      <trkpt lat="67.69695" lon="18.17074">
        <time>2025-03-28T13:07:00Z</time>
      </trkpt>
      <trkpt lat="67.70126" lon="18.17263">
        <time>2025-03-28T13:17:00Z</time>
      </trkpt>
      <trkpt lat="67.70231" lon="18.17625">
        <time>2025-03-28T13:27:00Z</time>
      </trkpt>
      <trkpt lat="67.70663" lon="18.18917">
        <time>2025-03-28T13:37:00Z</time>
      </trkpt>
      <trkpt lat="67.71203" lon="18.20355">
        <time>2025-03-28T13:47:00Z</time>
      </trkpt>
      <trkpt lat="67.71969" lon="18.21812">
        <time>2025-03-28T13:57:00Z</time>
      </trkpt>
      <trkpt lat="67.72968" lon="18.23578">
        <time>2025-03-28T14:07:00Z</time>
      </trkpt>
      <trkpt lat="67.73381" lon="18.25247">
        <time>2025-03-28T14:17:00Z</time>
      </trkpt>
      <trkpt lat="67.73479" lon="18.25809">
        <time>2025-03-28T14:27:00Z</time>
      </trkpt>
      <trkpt lat="67.73624" lon="18.26595">
        <time>2025-03-28T14:37:00Z</time>
      </trkpt>
      <trkpt lat="67.74109" lon="18.28434">
        <time>2025-03-28T14:47:00Z</time>
      </trkpt>
      <trkpt lat="67.74433" lon="18.297">
        <time>2025-03-28T14:57:00Z</time>
      </trkpt>
      <trkpt lat="67.74483" lon="18.29798">
        <time>2025-03-28T15:07:00Z</time>
      </trkpt>
      <trkpt lat="67.7498" lon="18.3006">
        <time>2025-03-28T15:17:00Z</time>
      </trkpt>
      <trkpt lat="67.75496" lon="18.29307">
        <time>2025-03-28T15:27:00Z</time>
      </trkpt>
      <trkpt lat="67.75844" lon="18.28779">
        <time>2025-03-28T15:37:00Z</time>
      </trkpt>
      <trkpt lat="67.76417" lon="18.28474">
        <time>2025-03-28T15:47:00Z</time>
      </trkpt>
      <trkpt lat="67.765" lon="18.28421">
        <time>2025-03-28T15:57:00Z</time>
      </trkpt>
      <trkpt lat="67.76497" lon="18.28414">
        <time>2025-03-28T15:57:00Z</time>
      </trkpt>
      <trkpt lat="67.76506" lon="18.2841">
        <time>2025-03-29T05:07:00Z</time>
      </trkpt>
      <trkpt lat="67.76501" lon="18.28412">
        <time>2025-03-29T05:17:00Z</time>
      </trkpt>
      <trkpt lat="67.76833" lon="18.28373">
        <time>2025-03-29T07:17:00Z</time>
      </trkpt>
      <trkpt lat="67.77369" lon="18.28318">
        <time>2025-03-29T07:27:00Z</time>
      </trkpt>
      <trkpt lat="67.7775" lon="18.28429">
        <time>2025-03-29T07:37:00Z</time>
      </trkpt>
      <trkpt lat="67.78331" lon="18.28951">
        <time>2025-03-29T07:47:00Z</time>
      </trkpt>
      <trkpt lat="67.78588" lon="18.29088">
        <time>2025-03-29T07:57:00Z</time>
      </trkpt>
      <trkpt lat="67.78925" lon="18.2944">
        <time>2025-03-29T08:07:00Z</time>
      </trkpt>
      <trkpt lat="67.79571" lon="18.29536">
        <time>2025-03-29T08:17:00Z</time>
      </trkpt>
      <trkpt lat="67.80169" lon="18.29627">
        <time>2025-03-29T08:27:00Z</time>
      </trkpt>
      <trkpt lat="67.80698" lon="18.29721">
        <time>2025-03-29T08:37:00Z</time>
      </trkpt>
      <trkpt lat="67.81195" lon="18.29966">
        <time>2025-03-29T08:47:00Z</time>
      </trkpt>
      <trkpt lat="67.81745" lon="18.29946">
        <time>2025-03-29T08:57:00Z</time>
      </trkpt>
      <trkpt lat="67.82424" lon="18.30629">
        <time>2025-03-29T09:07:00Z</time>
      </trkpt>
      <trkpt lat="67.83022" lon="18.31732">
        <time>2025-03-29T09:17:00Z</time>
      </trkpt>
      <trkpt lat="67.83406" lon="18.31504">
        <time>2025-03-29T09:27:00Z</time>
      </trkpt>
      <trkpt lat="67.8348" lon="18.31427">
        <time>2025-03-29T09:37:00Z</time>
      </trkpt>
      <trkpt lat="67.83701" lon="18.3121">
        <time>2025-03-29T09:47:00Z</time>
      </trkpt>
      <trkpt lat="67.84379" lon="18.31384">
        <time>2025-03-29T09:57:00Z</time>
      </trkpt>
      <trkpt lat="67.84873" lon="18.31526">
        <time>2025-03-29T10:07:00Z</time>
      </trkpt>
      <trkpt lat="67.85249" lon="18.30369">
        <time>2025-03-29T10:26:00Z</time>
      </trkpt>
      <trkpt lat="67.85029" lon="18.3156">
        <time>2025-03-29T11:27:00Z</time>
      </trkpt>
      <trkpt lat="67.85034" lon="18.31526">
        <time>2025-03-29T12:52:00Z</time>
      </trkpt>
      <trkpt lat="67.8502" lon="18.31496">
        <time>2025-03-29T13:02:00Z</time>
      </trkpt>
      <trkpt lat="67.85634" lon="18.31455">
        <time>2025-03-29T13:52:00Z</time>
      </trkpt>
      <trkpt lat="67.86309" lon="18.30886">
        <time>2025-03-29T14:02:00Z</time>
      </trkpt>
      <trkpt lat="67.86569" lon="18.30682">
        <time>2025-03-29T14:12:00Z</time>
      </trkpt>
      <trkpt lat="67.86984" lon="18.31152">
        <time>2025-03-29T14:22:00Z</time>
      </trkpt>
      <trkpt lat="67.8781" lon="18.31878">
        <time>2025-03-29T14:32:00Z</time>
      </trkpt>
      <trkpt lat="67.88382" lon="18.32328">
        <time>2025-03-29T14:42:00Z</time>
      </trkpt>
      <trkpt lat="67.88936" lon="18.323">
        <time>2025-03-29T14:52:00Z</time>
      </trkpt>
      <trkpt lat="67.89598" lon="18.32047">
        <time>2025-03-29T15:02:00Z</time>
      </trkpt>
      <trkpt lat="67.90206" lon="18.31639">
        <time>2025-03-29T15:12:00Z</time>
      </trkpt>
      <trkpt lat="67.90729" lon="18.31264">
        <time>2025-03-29T15:22:00Z</time>
      </trkpt>
      <trkpt lat="67.91295" lon="18.30875">
        <time>2025-03-29T15:32:00Z</time>
      </trkpt>
      <trkpt lat="67.92004" lon="18.30393">
        <time>2025-03-29T15:42:00Z</time>
      </trkpt>
      <trkpt lat="67.92559" lon="18.30006">
        <time>2025-03-29T15:52:00Z</time>
      </trkpt>
      <trkpt lat="67.93267" lon="18.29446">
        <time>2025-03-29T16:02:00Z</time>
      </trkpt>
      <trkpt lat="67.93869" lon="18.28957">
        <time>2025-03-29T16:12:00Z</time>
      </trkpt>
      <trkpt lat="67.94541" lon="18.28341">
        <time>2025-03-29T16:22:00Z</time>
      </trkpt>
      <trkpt lat="67.946" lon="18.28262">
        <time>2025-03-29T16:32:00Z</time>
      </trkpt>
      <trkpt lat="67.94638" lon="18.2823">
        <time>2025-03-29T17:12:00Z</time>
      </trkpt>
      <trkpt lat="67.94636" lon="18.28195">
        <time>2025-03-29T19:39:00Z</time>
      </trkpt>
      <trkpt lat="67.94635" lon="18.28202">
        <time>2025-03-29T19:49:00Z</time>
      </trkpt>
      <trkpt lat="67.94635" lon="18.28251">
        <time>2025-03-30T05:06:00Z</time>
      </trkpt>
      <trkpt lat="67.94632" lon="18.28183">
        <time>2025-03-30T05:16:00Z</time>
      </trkpt>
      <trkpt lat="67.94639" lon="18.28217">
        <time>2025-03-30T07:06:00Z</time>
      </trkpt>
      <trkpt lat="67.94821" lon="18.28174">
        <time>2025-03-30T07:16:00Z</time>
      </trkpt>
      <trkpt lat="67.9535" lon="18.27974">
        <time>2025-03-30T07:26:00Z</time>
      </trkpt>
      <trkpt lat="67.95942" lon="18.27592">
        <time>2025-03-30T07:36:00Z</time>
      </trkpt>
      <trkpt lat="67.96493" lon="18.27221">
        <time>2025-03-30T07:46:00Z</time>
      </trkpt>
      <trkpt lat="67.97043" lon="18.26835">
        <time>2025-03-30T07:56:00Z</time>
      </trkpt>
      <trkpt lat="67.97635" lon="18.26462">
        <time>2025-03-30T08:06:00Z</time>
      </trkpt>
      <trkpt lat="67.97992" lon="18.26176">
        <time>2025-03-30T08:16:00Z</time>
      </trkpt>
      <trkpt lat="67.98489" lon="18.2612">
        <time>2025-03-30T08:26:00Z</time>
      </trkpt>
      <trkpt lat="67.99096" lon="18.25865">
        <time>2025-03-30T08:36:00Z</time>
      </trkpt>
      <trkpt lat="67.99476" lon="18.25404">
        <time>2025-03-30T08:46:00Z</time>
      </trkpt>
      <trkpt lat="68.00006" lon="18.24936">
        <time>2025-03-30T08:56:00Z</time>
      </trkpt>
      <trkpt lat="68.005" lon="18.24533">
        <time>2025-03-30T09:06:00Z</time>
      </trkpt>
      <trkpt lat="68.00844" lon="18.24273">
        <time>2025-03-30T09:16:00Z</time>
      </trkpt>
      <trkpt lat="68.0089" lon="18.24224">
        <time>2025-03-30T09:26:00Z</time>
      </trkpt>
      <trkpt lat="68.0126" lon="18.24035">
        <time>2025-03-30T09:36:00Z</time>
      </trkpt>
      <trkpt lat="68.01555" lon="18.24058">
        <time>2025-03-30T09:46:00Z</time>
      </trkpt>
      <trkpt lat="68.01717" lon="18.24348">
        <time>2025-03-30T09:56:00Z</time>
      </trkpt>
      <trkpt lat="68.01973" lon="18.24732">
        <time>2025-03-30T10:06:00Z</time>
      </trkpt>
      <trkpt lat="68.01187" lon="18.25208">
        <time>2025-03-30T10:22:00Z</time>
      </trkpt>
      <trkpt lat="68.01973" lon="18.24706">
        <time>2025-03-30T10:32:00Z</time>
      </trkpt>
      <trkpt lat="68.02332" lon="18.25011">
        <time>2025-03-30T10:42:00Z</time>
      </trkpt>
      <trkpt lat="68.03384" lon="18.24734">
        <time>2025-03-30T10:52:00Z</time>
      </trkpt>
      <trkpt lat="68.0436" lon="18.24552">
        <time>2025-03-30T11:02:00Z</time>
      </trkpt>
      <trkpt lat="68.05101" lon="18.24095">
        <time>2025-03-30T11:12:00Z</time>
      </trkpt>
      <trkpt lat="68.05165" lon="18.24159">
        <time>2025-03-30T11:22:00Z</time>
      </trkpt>
      <trkpt lat="68.05446" lon="18.24887">
        <time>2025-03-30T12:12:00Z</time>
      </trkpt>
      <trkpt lat="68.06457" lon="18.25833">
        <time>2025-03-30T12:22:00Z</time>
      </trkpt>
      <trkpt lat="68.07204" lon="18.26856">
        <time>2025-03-30T12:32:00Z</time>
      </trkpt>
      <trkpt lat="68.07676" lon="18.27391">
        <time>2025-03-30T12:42:00Z</time>
      </trkpt>
      <trkpt lat="68.08234" lon="18.28017">
        <time>2025-03-30T12:52:00Z</time>
      </trkpt>
      <trkpt lat="68.08935" lon="18.28713">
        <time>2025-03-30T13:02:00Z</time>
      </trkpt>
      <trkpt lat="68.09412" lon="18.29747">
        <time>2025-03-30T13:12:00Z</time>
      </trkpt>
      <trkpt lat="68.0968" lon="18.30646">
        <time>2025-03-30T13:22:00Z</time>
      </trkpt>
      <trkpt lat="68.10079" lon="18.31594">
        <time>2025-03-30T13:32:00Z</time>
      </trkpt>
      <trkpt lat="68.10608" lon="18.33092">
        <time>2025-03-30T13:42:00Z</time>
      </trkpt>
      <trkpt lat="68.10887" lon="18.34418">
        <time>2025-03-30T13:52:00Z</time>
      </trkpt>
      <trkpt lat="68.1118" lon="18.35759">
        <time>2025-03-30T14:02:00Z</time>
      </trkpt>
      <trkpt lat="68.11738" lon="18.37514">
        <time>2025-03-30T14:12:00Z</time>
      </trkpt>
      <trkpt lat="68.1204" lon="18.38677">
        <time>2025-03-30T14:22:00Z</time>
      </trkpt>
      <trkpt lat="68.12467" lon="18.39783">
        <time>2025-03-30T14:32:00Z</time>
      </trkpt>
      <trkpt lat="68.12909" lon="18.41102">
        <time>2025-03-30T14:42:00Z</time>
      </trkpt>
      <trkpt lat="68.13552" lon="18.41501">
        <time>2025-03-30T14:52:00Z</time>
      </trkpt>
      <trkpt lat="68.13718" lon="18.41879">
        <time>2025-03-30T15:02:00Z</time>
      </trkpt>
      <trkpt lat="68.13722" lon="18.41879">
        <time>2025-03-30T15:12:00Z</time>
      </trkpt>
      <trkpt lat="68.14321" lon="18.42684">
        <time>2025-03-30T15:22:00Z</time>
      </trkpt>
      <trkpt lat="68.14952" lon="18.4357">
        <time>2025-03-30T15:32:00Z</time>
      </trkpt>
      <trkpt lat="68.15561" lon="18.44396">
        <time>2025-03-30T15:42:00Z</time>
      </trkpt>
      <trkpt lat="68.16195" lon="18.45246">
        <time>2025-03-30T15:52:00Z</time>
      </trkpt>
      <trkpt lat="68.16727" lon="18.46025">
        <time>2025-03-30T16:02:00Z</time>
      </trkpt>
      <trkpt lat="68.17028" lon="18.46739">
        <time>2025-03-30T16:12:00Z</time>
      </trkpt>
      <trkpt lat="68.17386" lon="18.47735">
        <time>2025-03-30T16:22:00Z</time>
      </trkpt>
      <trkpt lat="68.1738" lon="18.47726">
        <time>2025-03-30T16:32:00Z</time>
      </trkpt>
      <trkpt lat="68.17383" lon="18.47726">
        <time>2025-03-30T16:52:00Z</time>
      </trkpt>
      <trkpt lat="68.17399" lon="18.47739">
        <time>2025-03-31T05:58:00Z</time>
      </trkpt>
      <trkpt lat="68.17383" lon="18.47715">
        <time>2025-03-31T06:08:00Z</time>
      </trkpt>
      <trkpt lat="68.17383" lon="18.47709">
        <time>2025-03-31T07:06:00Z</time>
      </trkpt>
      <trkpt lat="68.17939" lon="18.47939">
        <time>2025-03-31T07:18:00Z</time>
      </trkpt>
      <trkpt lat="68.18441" lon="18.49093">
        <time>2025-03-31T07:28:00Z</time>
      </trkpt>
      <trkpt lat="68.18771" lon="18.50048">
        <time>2025-03-31T07:38:00Z</time>
      </trkpt>
      <trkpt lat="68.19216" lon="18.5132">
        <time>2025-03-31T07:48:00Z</time>
      </trkpt>
      <trkpt lat="68.19623" lon="18.52543">
        <time>2025-03-31T07:58:00Z</time>
      </trkpt>
      <trkpt lat="68.19923" lon="18.53352">
        <time>2025-03-31T08:08:00Z</time>
      </trkpt>
      <trkpt lat="68.20397" lon="18.54432">
        <time>2025-03-31T08:18:00Z</time>
      </trkpt>
      <trkpt lat="68.20762" lon="18.55009">
        <time>2025-03-31T08:28:00Z</time>
      </trkpt>
      <trkpt lat="68.21203" lon="18.5573">
        <time>2025-03-31T08:38:00Z</time>
      </trkpt>
      <trkpt lat="68.21765" lon="18.56477">
        <time>2025-03-31T08:48:00Z</time>
      </trkpt>
      <trkpt lat="68.22281" lon="18.57318">
        <time>2025-03-31T08:58:00Z</time>
      </trkpt>
      <trkpt lat="68.22602" lon="18.57927">
        <time>2025-03-31T09:08:00Z</time>
      </trkpt>
      <trkpt lat="68.22941" lon="18.5879">
        <time>2025-03-31T09:18:00Z</time>
      </trkpt>
      <trkpt lat="68.23187" lon="18.59436">
        <time>2025-03-31T09:28:00Z</time>
      </trkpt>
      <trkpt lat="68.24068" lon="18.6038">
        <time>2025-03-31T09:38:00Z</time>
      </trkpt>
      <trkpt lat="68.2457" lon="18.60247">
        <time>2025-03-31T09:48:00Z</time>
      </trkpt>
      <trkpt lat="68.25433" lon="18.59423">
        <time>2025-03-31T09:58:00Z</time>
      </trkpt>
      <trkpt lat="68.259" lon="18.58663">
        <time>2025-03-31T10:08:00Z</time>
      </trkpt>
      <trkpt lat="68.26019" lon="18.57436">
        <time>2025-03-31T10:18:00Z</time>
      </trkpt>
      <trkpt lat="68.26512" lon="18.56813">
        <time>2025-03-31T10:28:00Z</time>
      </trkpt>
      <trkpt lat="68.27199" lon="18.57022">
        <time>2025-03-31T10:38:00Z</time>
      </trkpt>
      <trkpt lat="68.28056" lon="18.57588">
        <time>2025-03-31T10:48:00Z</time>
      </trkpt>
      <trkpt lat="68.2859" lon="18.59028">
        <time>2025-03-31T10:58:00Z</time>
      </trkpt>
      <trkpt lat="68.28587" lon="18.58996">
        <time>2025-03-31T11:08:00Z</time>
      </trkpt>
      <trkpt lat="68.28858" lon="18.60762">
        <time>2025-03-31T12:08:00Z</time>
      </trkpt>
      <trkpt lat="68.29454" lon="18.62532">
        <time>2025-03-31T12:18:00Z</time>
      </trkpt>
      <trkpt lat="68.29993" lon="18.64281">
        <time>2025-03-31T12:28:00Z</time>
      </trkpt>
      <trkpt lat="68.30411" lon="18.65523">
        <time>2025-03-31T12:38:00Z</time>
      </trkpt>
      <trkpt lat="68.30899" lon="18.67566">
        <time>2025-03-31T12:48:00Z</time>
      </trkpt>
      <trkpt lat="68.31259" lon="18.69583">
        <time>2025-03-31T12:58:00Z</time>
      </trkpt>
      <trkpt lat="68.31302" lon="18.70821">
        <time>2025-03-31T13:08:00Z</time>
      </trkpt>
      <trkpt lat="68.31485" lon="18.72705">
        <time>2025-03-31T13:18:00Z</time>
      </trkpt>
      <trkpt lat="68.31655" lon="18.73864">
        <time>2025-03-31T13:28:00Z</time>
      </trkpt>
      <trkpt lat="68.32157" lon="18.75756">
        <time>2025-03-31T13:38:00Z</time>
      </trkpt>
      <trkpt lat="68.32478" lon="18.77404">
        <time>2025-03-31T13:48:00Z</time>
      </trkpt>
      <trkpt lat="68.32973" lon="18.78584">
        <time>2025-03-31T13:58:00Z</time>
      </trkpt>
      <trkpt lat="68.33527" lon="18.78544">
        <time>2025-03-31T14:08:00Z</time>
      </trkpt>
      <trkpt lat="68.34563" lon="18.79157">
        <time>2025-03-31T14:18:00Z</time>
      </trkpt>
      <trkpt lat="68.34916" lon="18.79162">
        <time>2025-03-31T14:28:00Z</time>
      </trkpt>
      <trkpt lat="68.35709" lon="18.78254">
        <time>2025-03-31T14:38:00Z</time>
      </trkpt>
      <trkpt lat="68.35841" lon="18.7834">
        <time>2025-03-31T14:48:00Z</time>
      </trkpt>
      <trkpt lat="68.3586" lon="18.78361">
        <time>2025-03-31T14:49:00Z</time>
      </trkpt>
      <trkpt lat="68.3585" lon="18.78396">
        <time>2025-03-31T14:59:00Z</time>
      </trkpt>
      <trkpt lat="68.35866" lon="18.78417">
        <time>2025-03-31T16:54:00Z</time>
      </trkpt>
      <trkpt lat="68.35909" lon="18.78123">
        <time>2025-04-01T12:04:00Z</time>
      </trkpt>
      <trkpt lat="68.3585" lon="18.7849">
        <time>2025-04-01T12:15:00Z</time>
      </trkpt>
      <trkpt lat="68.35857" lon="18.78473">
        <time>2025-04-01T12:27:00Z</time>
      </trkpt>
      <trkpt lat="68.35869" lon="18.78428">
        <time>2025-04-02T08:59:00Z</time>
      </trkpt>
      <trkpt lat="68.35854" lon="18.78464">
        <time>2025-04-02T09:02:00Z</time>
      </trkpt>
      <trkpt lat="68.35934" lon="18.78353">
        <time>2025-04-02T09:12:00Z</time>
      </trkpt>
      <trkpt lat="68.36326" lon="18.80743">
        <time>2025-04-02T09:22:00Z</time>
      </trkpt>
      <trkpt lat="68.3711" lon="18.82848">
        <time>2025-04-02T09:32:00Z</time>
      </trkpt>
      <trkpt lat="68.37122" lon="18.85676">
        <time>2025-04-02T09:42:00Z</time>
      </trkpt>
      <trkpt lat="68.37132" lon="18.88176">
        <time>2025-04-02T09:52:00Z</time>
      </trkpt>
      <trkpt lat="68.37133" lon="18.90811">
        <time>2025-04-02T10:02:00Z</time>
      </trkpt>
      <trkpt lat="68.37133" lon="18.92345">
        <time>2025-04-02T10:12:00Z</time>
      </trkpt>
      <trkpt lat="68.37125" lon="18.94832">
        <time>2025-04-02T10:22:00Z</time>
      </trkpt>
      <trkpt lat="68.37104" lon="18.97431">
        <time>2025-04-02T10:32:00Z</time>
      </trkpt>
      <trkpt lat="68.3708" lon="18.9998">
        <time>2025-04-02T10:42:00Z</time>
      </trkpt>
      <trkpt lat="68.37068" lon="19.01276">
        <time>2025-04-02T10:52:00Z</time>
      </trkpt>
      <trkpt lat="68.37087" lon="19.03495">
        <time>2025-04-02T11:02:00Z</time>
      </trkpt>
      <trkpt lat="68.37071" lon="19.06067">
        <time>2025-04-02T11:12:00Z</time>
      </trkpt>
      <trkpt lat="68.36928" lon="19.08559">
        <time>2025-04-02T11:22:00Z</time>
      </trkpt>
      <trkpt lat="68.36606" lon="19.10322">
        <time>2025-04-02T11:32:00Z</time>
      </trkpt>
      <trkpt lat="68.35722" lon="19.15013">
        <time>2025-04-02T11:52:00Z</time>
      </trkpt>
      <trkpt lat="68.35327" lon="19.17393">
        <time>2025-04-02T12:02:00Z</time>
      </trkpt>
      <trkpt lat="68.34686" lon="19.21071">
        <time>2025-04-02T12:12:00Z</time>
      </trkpt>
      <trkpt lat="68.33955" lon="19.25208">
        <time>2025-04-02T12:22:00Z</time>
      </trkpt>
      <trkpt lat="68.33209" lon="19.29355">
        <time>2025-04-02T12:32:00Z</time>
      </trkpt>
      <trkpt lat="68.32428" lon="19.33645">
        <time>2025-04-02T12:42:00Z</time>
      </trkpt>
      <trkpt lat="68.31602" lon="19.37878">
        <time>2025-04-02T12:52:00Z</time>
      </trkpt>
      <trkpt lat="68.30912" lon="19.41739">
        <time>2025-04-02T13:02:00Z</time>
      </trkpt>
      <trkpt lat="68.30203" lon="19.45588">
        <time>2025-04-02T13:12:00Z</time>
      </trkpt>
      <trkpt lat="68.30135" lon="19.48466">
        <time>2025-04-02T13:22:00Z</time>
      </trkpt>
      <trkpt lat="68.30072" lon="19.51641">
        <time>2025-04-02T13:32:00Z</time>
      </trkpt>
      <trkpt lat="68.29984" lon="19.55225">
        <time>2025-04-02T13:42:00Z</time>
      </trkpt>
      <trkpt lat="68.30167" lon="19.56405">
        <time>2025-04-02T13:52:00Z</time>
      </trkpt>
      <trkpt lat="68.30194" lon="19.56405">
        <time>2025-04-02T14:02:00Z</time>
      </trkpt>
      <trkpt lat="68.3009" lon="19.59094">
        <time>2025-04-02T14:32:00Z</time>
      </trkpt>
      <trkpt lat="68.30173" lon="19.62149">
        <time>2025-04-02T14:42:00Z</time>
      </trkpt>
      <trkpt lat="68.30222" lon="19.6511">
        <time>2025-04-02T14:52:00Z</time>
      </trkpt>
      <trkpt lat="68.30248" lon="19.66698">
        <time>2025-04-02T15:02:00Z</time>
      </trkpt>
      <trkpt lat="68.30303" lon="19.69295">
        <time>2025-04-02T15:12:00Z</time>
      </trkpt>
      <trkpt lat="68.30382" lon="19.72318">
        <time>2025-04-02T15:22:00Z</time>
      </trkpt>
      <trkpt lat="68.30589" lon="19.75783">
        <time>2025-04-02T15:32:00Z</time>
      </trkpt>
      <trkpt lat="68.30988" lon="19.79721">
        <time>2025-04-02T15:42:00Z</time>
      </trkpt>
      <trkpt lat="68.3094" lon="19.81716">
        <time>2025-04-02T15:52:00Z</time>
      </trkpt>
      <trkpt lat="68.30759" lon="19.83246">
        <time>2025-04-02T16:02:00Z</time>
      </trkpt>
      <trkpt lat="68.30664" lon="19.83485">
        <time>2025-04-02T16:12:00Z</time>
      </trkpt>
      <trkpt lat="68.30256" lon="19.84572">
        <time>2025-04-02T16:22:00Z</time>
      </trkpt>
      <trkpt lat="68.30037" lon="19.86165">
        <time>2025-04-02T16:32:00Z</time>
      </trkpt>
      <trkpt lat="68.29568" lon="19.87493">
        <time>2025-04-02T16:42:00Z</time>
      </trkpt>
      <trkpt lat="68.2913" lon="19.89038">
        <time>2025-04-02T16:52:00Z</time>
      </trkpt>
      <trkpt lat="68.29176" lon="19.89194">
        <time>2025-04-02T17:02:00Z</time>
      </trkpt>
      <trkpt lat="68.29425" lon="19.8939">
        <time>2025-04-02T17:12:00Z</time>
      </trkpt>
      <trkpt lat="68.29541" lon="19.89877">
        <time>2025-04-02T17:22:00Z</time>
      </trkpt>
      <trkpt lat="68.29959" lon="19.91186">
        <time>2025-04-02T17:32:00Z</time>
      </trkpt>
      <trkpt lat="68.30473" lon="19.92849">
        <time>2025-04-02T17:42:00Z</time>
      </trkpt>
      <trkpt lat="68.30982" lon="19.9358">
        <time>2025-04-02T17:52:00Z</time>
      </trkpt>
      <trkpt lat="68.31711" lon="19.93819">
        <time>2025-04-02T18:02:00Z</time>
      </trkpt>
      <trkpt lat="68.32228" lon="19.94647">
        <time>2025-04-02T18:12:00Z</time>
      </trkpt>
      <trkpt lat="68.32274" lon="19.94746">
        <time>2025-04-02T18:19:00Z</time>
      </trkpt>
      <trkpt lat="68.32272" lon="19.94756">
        <time>2025-04-02T18:22:00Z</time>
      </trkpt>
      <trkpt lat="68.32272" lon="19.94754">
        <time>2025-04-02T22:22:00Z</time>
      </trkpt>
      <trkpt lat="68.32275" lon="19.94752">
        <time>2025-04-03T02:22:00Z</time>
      </trkpt>
      <trkpt lat="68.32272" lon="19.94743">
        <time>2025-04-03T06:22:00Z</time>
      </trkpt>
      <trkpt lat="68.32352" lon="19.94861">
        <time>2025-04-03T07:22:00Z</time>
      </trkpt>
      <trkpt lat="68.32704" lon="19.95168">
        <time>2025-04-03T07:32:00Z</time>
      </trkpt>
      <trkpt lat="68.33172" lon="19.956">
        <time>2025-04-03T07:42:00Z</time>
      </trkpt>
      <trkpt lat="68.3368" lon="19.9616">
        <time>2025-04-03T07:52:00Z</time>
      </trkpt>
      <trkpt lat="68.3424" lon="19.9652">
        <time>2025-04-03T08:02:00Z</time>
      </trkpt>
      <trkpt lat="68.34776" lon="19.97222">
        <time>2025-04-03T08:12:00Z</time>
      </trkpt>
      <trkpt lat="68.35123" lon="19.98044">
        <time>2025-04-03T08:22:00Z</time>
      </trkpt>
      <trkpt lat="68.35645" lon="20.00395">
        <time>2025-04-03T08:32:00Z</time>
      </trkpt>
      <trkpt lat="68.35991" lon="20.01957">
        <time>2025-04-03T08:42:00Z</time>
      </trkpt>
      <trkpt lat="68.36514" lon="20.03232">
        <time>2025-04-03T08:52:00Z</time>
      </trkpt>
      <trkpt lat="68.36819" lon="20.0441">
        <time>2025-04-03T09:02:00Z</time>
      </trkpt>
      <trkpt lat="68.37052" lon="20.05225">
        <time>2025-04-03T09:12:00Z</time>
      </trkpt>
      <trkpt lat="68.3727" lon="20.06185">
        <time>2025-04-03T09:22:00Z</time>
      </trkpt>
      <trkpt lat="68.37462" lon="20.07496">
        <time>2025-04-03T09:32:00Z</time>
      </trkpt>
      <trkpt lat="68.38165" lon="20.07451">
        <time>2025-04-03T09:42:00Z</time>
      </trkpt>
      <trkpt lat="68.38485" lon="20.0723">
        <time>2025-04-03T09:52:00Z</time>
      </trkpt>
      <trkpt lat="68.3858" lon="20.07187">
        <time>2025-04-03T10:02:00Z</time>
      </trkpt>
      <trkpt lat="68.39284" lon="20.0624">
        <time>2025-04-03T10:12:00Z</time>
      </trkpt>
      <trkpt lat="68.39916" lon="20.06476">
        <time>2025-04-03T10:22:00Z</time>
      </trkpt>
      <trkpt lat="68.40513" lon="20.07131">
        <time>2025-04-03T10:32:00Z</time>
      </trkpt>
      <trkpt lat="68.41068" lon="20.07987">
        <time>2025-04-03T10:42:00Z</time>
      </trkpt>
      <trkpt lat="68.41261" lon="20.08159">
        <time>2025-04-03T10:52:00Z</time>
      </trkpt>
      <trkpt lat="68.41257" lon="20.08167">
        <time>2025-04-03T11:02:00Z</time>
      </trkpt>
      <trkpt lat="68.41495" lon="20.08753">
        <time>2025-04-03T11:32:00Z</time>
      </trkpt>
      <trkpt lat="68.41956" lon="20.10511">
        <time>2025-04-03T11:42:00Z</time>
      </trkpt>
      <trkpt lat="68.42184" lon="20.12884">
        <time>2025-04-03T11:52:00Z</time>
      </trkpt>
      <trkpt lat="68.42255" lon="20.14583">
        <time>2025-04-03T12:02:00Z</time>
      </trkpt>
      <trkpt lat="68.42511" lon="20.15609">
        <time>2025-04-03T12:12:00Z</time>
      </trkpt>
      <trkpt lat="68.43248" lon="20.16982">
        <time>2025-04-03T12:22:00Z</time>
      </trkpt>
      <trkpt lat="68.44512" lon="20.19428">
        <time>2025-04-03T12:32:00Z</time>
      </trkpt>
      <trkpt lat="68.45244" lon="20.20317">
        <time>2025-04-03T12:42:00Z</time>
      </trkpt>
      <trkpt lat="68.46134" lon="20.21385">
        <time>2025-04-03T12:52:00Z</time>
      </trkpt>
      <trkpt lat="68.47037" lon="20.22404">
        <time>2025-04-03T13:02:00Z</time>
      </trkpt>
      <trkpt lat="68.47546" lon="20.22999">
        <time>2025-04-03T13:12:00Z</time>
      </trkpt>
      <trkpt lat="68.4755" lon="20.22995">
        <time>2025-04-03T13:22:00Z</time>
      </trkpt>
      <trkpt lat="68.47554" lon="20.2299">
        <time>2025-04-03T14:29:00Z</time>
      </trkpt>
      <trkpt lat="68.47573" lon="20.22986">
        <time>2025-04-03T18:25:00Z</time>
      </trkpt>
      <trkpt lat="68.47555" lon="20.22988">
        <time>2025-04-03T18:35:00Z</time>
      </trkpt>
      <trkpt lat="68.47558" lon="20.2299">
        <time>2025-04-04T05:51:00Z</time>
      </trkpt>
      <trkpt lat="68.47554" lon="20.2298">
        <time>2025-04-04T06:01:00Z</time>
      </trkpt>
      <trkpt lat="68.48118" lon="20.23926">
        <time>2025-04-04T07:51:00Z</time>
      </trkpt>
      <trkpt lat="68.4862" lon="20.25273">
        <time>2025-04-04T08:01:00Z</time>
      </trkpt>
      <trkpt lat="68.49109" lon="20.26945">
        <time>2025-04-04T08:11:00Z</time>
      </trkpt>
      <trkpt lat="68.49747" lon="20.28211">
        <time>2025-04-04T08:21:00Z</time>
      </trkpt>
      <trkpt lat="68.50479" lon="20.29361">
        <time>2025-04-04T08:31:00Z</time>
      </trkpt>
      <trkpt lat="68.51209" lon="20.29207">
        <time>2025-04-04T08:41:00Z</time>
      </trkpt>
      <trkpt lat="68.51869" lon="20.29449">
        <time>2025-04-04T08:51:00Z</time>
      </trkpt>
      <trkpt lat="68.52635" lon="20.2937">
        <time>2025-04-04T09:01:00Z</time>
      </trkpt>
      <trkpt lat="68.53298" lon="20.29282">
        <time>2025-04-04T09:11:00Z</time>
      </trkpt>
      <trkpt lat="68.53962" lon="20.29295">
        <time>2025-04-04T09:21:00Z</time>
      </trkpt>
      <trkpt lat="68.54721" lon="20.29973">
        <time>2025-04-04T09:31:00Z</time>
      </trkpt>
      <trkpt lat="68.54965" lon="20.30599">
        <time>2025-04-04T09:41:00Z</time>
      </trkpt>
      <trkpt lat="68.55476" lon="20.32078">
        <time>2025-04-04T09:51:00Z</time>
      </trkpt>
      <trkpt lat="68.56102" lon="20.33442">
        <time>2025-04-04T10:01:00Z</time>
      </trkpt>
      <trkpt lat="68.56478" lon="20.34185">
        <time>2025-04-04T10:11:00Z</time>
      </trkpt>
      <trkpt lat="68.57163" lon="20.35713">
        <time>2025-04-04T10:21:00Z</time>
      </trkpt>
      <trkpt lat="68.57627" lon="20.36766">
        <time>2025-04-04T10:31:00Z</time>
      </trkpt>
      <trkpt lat="68.57892" lon="20.37835">
        <time>2025-04-04T10:41:00Z</time>
      </trkpt>
      <trkpt lat="68.58376" lon="20.39425">
        <time>2025-04-04T10:51:00Z</time>
      </trkpt>
      <trkpt lat="68.58958" lon="20.40401">
        <time>2025-04-04T11:01:00Z</time>
      </trkpt>
      <trkpt lat="68.59623" lon="20.41736">
        <time>2025-04-04T11:11:00Z</time>
      </trkpt>
      <trkpt lat="68.60197" lon="20.41678">
        <time>2025-04-04T11:21:00Z</time>
      </trkpt>
      <trkpt lat="68.60716" lon="20.41208">
        <time>2025-04-04T11:31:00Z</time>
      </trkpt>
      <trkpt lat="68.61311" lon="20.41824">
        <time>2025-04-04T11:41:00Z</time>
      </trkpt>
      <trkpt lat="68.61608" lon="20.42053">
        <time>2025-04-04T11:51:00Z</time>
      </trkpt>
      <trkpt lat="68.62249" lon="20.42382">
        <time>2025-04-04T12:01:00Z</time>
      </trkpt>
      <trkpt lat="68.63032" lon="20.43062">
        <time>2025-04-04T12:11:00Z</time>
      </trkpt>
      <trkpt lat="68.63695" lon="20.43375">
        <time>2025-04-04T12:21:00Z</time>
      </trkpt>
      <trkpt lat="68.64381" lon="20.4357">
        <time>2025-04-04T12:31:00Z</time>
      </trkpt>
      <trkpt lat="68.64395" lon="20.4357">
        <time>2025-04-04T12:41:00Z</time>
      </trkpt>
      <trkpt lat="68.65062" lon="20.44373">
        <time>2025-04-04T13:11:00Z</time>
      </trkpt>
      <trkpt lat="68.65729" lon="20.45242">
        <time>2025-04-04T13:21:00Z</time>
      </trkpt>
      <trkpt lat="68.66495" lon="20.46141">
        <time>2025-04-04T13:31:00Z</time>
      </trkpt>
      <trkpt lat="68.67305" lon="20.46898">
        <time>2025-04-04T13:41:00Z</time>
      </trkpt>
      <trkpt lat="68.6772" lon="20.47368">
        <time>2025-04-04T13:51:00Z</time>
      </trkpt>
      <trkpt lat="68.684" lon="20.48398">
        <time>2025-04-04T14:01:00Z</time>
      </trkpt>
      <trkpt lat="68.69165" lon="20.49578">
        <time>2025-04-04T14:11:00Z</time>
      </trkpt>
      <trkpt lat="68.69939" lon="20.50456">
        <time>2025-04-04T14:21:00Z</time>
      </trkpt>
      <trkpt lat="68.70612" lon="20.51829">
        <time>2025-04-04T14:31:00Z</time>
      </trkpt>
      <trkpt lat="68.71341" lon="20.51486">
        <time>2025-04-04T14:41:00Z</time>
      </trkpt>
      <trkpt lat="68.71402" lon="20.51462">
        <time>2025-04-04T14:51:00Z</time>
      </trkpt>
      <trkpt lat="68.72087" lon="20.52507">
        <time>2025-04-04T15:11:00Z</time>
      </trkpt>
      <trkpt lat="68.72631" lon="20.53776">
        <time>2025-04-04T15:21:00Z</time>
      </trkpt>
      <trkpt lat="68.72876" lon="20.54705">
        <time>2025-04-04T15:31:00Z</time>
      </trkpt>
      <trkpt lat="68.73204" lon="20.56102">
        <time>2025-04-04T15:41:00Z</time>
      </trkpt>
      <trkpt lat="68.73595" lon="20.57018">
        <time>2025-04-04T15:51:00Z</time>
      </trkpt>
      <trkpt lat="68.74" lon="20.58342">
        <time>2025-04-04T16:01:00Z</time>
      </trkpt>
      <trkpt lat="68.74467" lon="20.5976">
        <time>2025-04-04T16:11:00Z</time>
      </trkpt>
      <trkpt lat="68.74703" lon="20.60464">
        <time>2025-04-04T16:21:00Z</time>
      </trkpt>
      <trkpt lat="68.75184" lon="20.61867">
        <time>2025-04-04T16:31:00Z</time>
      </trkpt>
      <trkpt lat="68.75577" lon="20.62271">
        <time>2025-04-04T16:41:00Z</time>
      </trkpt>
      <trkpt lat="68.75577" lon="20.62874">
        <time>2025-04-04T16:51:00Z</time>
      </trkpt>
      <trkpt lat="68.75586" lon="20.62854">
        <time>2025-04-04T16:51:00Z</time>
      </trkpt>
      <trkpt lat="68.75589" lon="20.62854">
        <time>2025-04-04T17:01:00Z</time>
      </trkpt>
      <trkpt lat="68.75589" lon="20.62852">
        <time>2025-04-04T21:01:00Z</time>
      </trkpt>
      <trkpt lat="68.7559" lon="20.62854">
        <time>2025-04-05T01:01:00Z</time>
      </trkpt>
      <trkpt lat="68.7559" lon="20.62841">
        <time>2025-04-05T05:01:00Z</time>
      </trkpt>
      <trkpt lat="68.76031" lon="20.63994">
        <time>2025-04-05T07:31:00Z</time>
      </trkpt>
      <trkpt lat="68.76417" lon="20.65118">
        <time>2025-04-05T07:41:00Z</time>
      </trkpt>
      <trkpt lat="68.76318" lon="20.66567">
        <time>2025-04-05T07:51:00Z</time>
      </trkpt>
      <trkpt lat="68.7651" lon="20.6803">
        <time>2025-04-05T08:01:00Z</time>
      </trkpt>
      <trkpt lat="68.77246" lon="20.68684">
        <time>2025-04-05T08:11:00Z</time>
      </trkpt>
      <trkpt lat="68.77937" lon="20.69178">
        <time>2025-04-05T08:21:00Z</time>
      </trkpt>
      <trkpt lat="68.78115" lon="20.68933">
        <time>2025-04-05T08:31:00Z</time>
      </trkpt>
      <trkpt lat="68.78704" lon="20.68307">
        <time>2025-04-05T08:41:00Z</time>
      </trkpt>
      <trkpt lat="68.79367" lon="20.68041">
        <time>2025-04-05T08:51:00Z</time>
      </trkpt>
      <trkpt lat="68.79918" lon="20.67536">
        <time>2025-04-05T09:01:00Z</time>
      </trkpt>
      <trkpt lat="68.80562" lon="20.66888">
        <time>2025-04-05T09:11:00Z</time>
      </trkpt>
      <trkpt lat="68.80858" lon="20.66607">
        <time>2025-04-05T09:21:00Z</time>
      </trkpt>
      <trkpt lat="68.8146" lon="20.65972">
        <time>2025-04-05T09:31:00Z</time>
      </trkpt>
      <trkpt lat="68.8192" lon="20.65434">
        <time>2025-04-05T09:41:00Z</time>
      </trkpt>
      <trkpt lat="68.82481" lon="20.64981">
        <time>2025-04-05T09:51:00Z</time>
      </trkpt>
      <trkpt lat="68.83159" lon="20.64743">
        <time>2025-04-05T10:01:00Z</time>
      </trkpt>
      <trkpt lat="68.83762" lon="20.64515">
        <time>2025-04-05T10:11:00Z</time>
      </trkpt>
      <trkpt lat="68.84185" lon="20.64612">
        <time>2025-04-05T10:21:00Z</time>
      </trkpt>
      <trkpt lat="68.84885" lon="20.64067">
        <time>2025-04-05T10:31:00Z</time>
      </trkpt>
      <trkpt lat="68.85557" lon="20.62822">
        <time>2025-04-05T10:41:00Z</time>
      </trkpt>
      <trkpt lat="68.86138" lon="20.6176">
        <time>2025-04-05T10:51:00Z</time>
      </trkpt>
      <trkpt lat="68.86465" lon="20.60719">
        <time>2025-04-05T11:01:00Z</time>
      </trkpt>
      <trkpt lat="68.86614" lon="20.59689">
        <time>2025-04-05T11:11:00Z</time>
      </trkpt>
      <trkpt lat="68.86608" lon="20.59713">
        <time>2025-04-05T11:21:00Z</time>
      </trkpt>
      <trkpt lat="68.86964" lon="20.58814">
        <time>2025-04-05T11:51:00Z</time>
      </trkpt>
      <trkpt lat="68.8722" lon="20.56979">
        <time>2025-04-05T12:01:00Z</time>
      </trkpt>
      <trkpt lat="68.87361" lon="20.55061">
        <time>2025-04-05T12:11:00Z</time>
      </trkpt>
      <trkpt lat="68.87597" lon="20.53361">
        <time>2025-04-05T12:21:00Z</time>
      </trkpt>
      <trkpt lat="68.8766" lon="20.51973">
        <time>2025-04-05T12:31:00Z</time>
      </trkpt>
      <trkpt lat="68.87869" lon="20.50269">
        <time>2025-04-05T12:41:00Z</time>
      </trkpt>
      <trkpt lat="68.88183" lon="20.48849">
        <time>2025-04-05T12:51:00Z</time>
      </trkpt>
      <trkpt lat="68.88395" lon="20.47624">
        <time>2025-04-05T13:01:00Z</time>
      </trkpt>
      <trkpt lat="68.88991" lon="20.46677">
        <time>2025-04-05T13:11:00Z</time>
      </trkpt>
      <trkpt lat="68.89621" lon="20.45441">
        <time>2025-04-05T13:21:00Z</time>
      </trkpt>
      <trkpt lat="68.90076" lon="20.4383">
        <time>2025-04-05T13:31:00Z</time>
      </trkpt>
      <trkpt lat="68.90494" lon="20.42577">
        <time>2025-04-05T13:41:00Z</time>
      </trkpt>
      <trkpt lat="68.9086" lon="20.41834">
        <time>2025-04-05T13:51:00Z</time>
      </trkpt>
      <trkpt lat="68.915" lon="20.40519">
        <time>2025-04-05T14:01:00Z</time>
      </trkpt>
      <trkpt lat="68.92114" lon="20.39343">
        <time>2025-04-05T14:11:00Z</time>
      </trkpt>
      <trkpt lat="68.92631" lon="20.38541">
        <time>2025-04-05T14:21:00Z</time>
      </trkpt>
      <trkpt lat="68.92868" lon="20.38195">
        <time>2025-04-05T14:31:00Z</time>
      </trkpt>
      <trkpt lat="68.931" lon="20.37933">
        <time>2025-04-05T14:41:00Z</time>
      </trkpt>
      <trkpt lat="68.93785" lon="20.3759">
        <time>2025-04-05T14:51:00Z</time>
      </trkpt>
      <trkpt lat="68.94398" lon="20.3668">
        <time>2025-04-05T15:01:00Z</time>
      </trkpt>
      <trkpt lat="68.94925" lon="20.35818">
        <time>2025-04-05T15:11:00Z</time>
      </trkpt>
      <trkpt lat="68.95489" lon="20.35893">
        <time>2025-04-05T15:21:00Z</time>
      </trkpt>
      <trkpt lat="68.96412" lon="20.35676">
        <time>2025-04-05T15:31:00Z</time>
      </trkpt>
      <trkpt lat="68.97048" lon="20.35215">
        <time>2025-04-05T15:41:00Z</time>
      </trkpt>
      <trkpt lat="68.97405" lon="20.36768">
        <time>2025-04-05T15:51:00Z</time>
      </trkpt>
      <trkpt lat="68.9733" lon="20.36811">
        <time>2025-04-05T16:03:00Z</time>
      </trkpt>
      <trkpt lat="68.97449" lon="20.36867">
        <time>2025-04-05T16:48:00Z</time>
      </trkpt>
      <trkpt lat="68.97429" lon="20.36777">
        <time>2025-04-05T16:53:00Z</time>
      </trkpt>
      <trkpt lat="68.97419" lon="20.36858">
        <time>2025-04-05T17:14:00Z</time>
      </trkpt>
      <trkpt lat="68.97283" lon="20.36976">
        <time>2025-04-05T19:34:00Z</time>
      </trkpt>
      <trkpt lat="68.97275" lon="20.36981">
        <time>2025-04-05T19:44:00Z</time>
      </trkpt>
      <trkpt lat="68.97418" lon="20.36848">
        <time>2025-04-05T20:07:00Z</time>
      </trkpt>
      <trkpt lat="68.97428" lon="20.36903">
        <time>2025-04-05T20:17:00Z</time>
      </trkpt>
      <trkpt lat="68.97429" lon="20.36824">
        <time>2025-04-06T04:52:00Z</time>
      </trkpt>
      <trkpt lat="68.9744" lon="20.36901">
        <time>2025-04-06T05:03:00Z</time>
      </trkpt>
      <trkpt lat="68.87641" lon="21.06066">
        <time>2025-04-06T06:51:00Z</time>
      </trkpt>
      <trkpt lat="68.97845" lon="20.36955">
        <time>2025-04-06T07:13:00Z</time>
      </trkpt>
      <trkpt lat="68.97981" lon="20.37742">
        <time>2025-04-06T07:23:00Z</time>
      </trkpt>
      <trkpt lat="68.98051" lon="20.3874">
        <time>2025-04-06T07:33:00Z</time>
      </trkpt>
      <trkpt lat="68.98112" lon="20.39809">
        <time>2025-04-06T07:43:00Z</time>
      </trkpt>
      <trkpt lat="68.98164" lon="20.40877">
        <time>2025-04-06T07:53:00Z</time>
      </trkpt>
      <trkpt lat="68.98244" lon="20.41772">
        <time>2025-04-06T08:03:00Z</time>
      </trkpt>
      <trkpt lat="68.98384" lon="20.4268">
        <time>2025-04-06T08:13:00Z</time>
      </trkpt>
      <trkpt lat="68.98908" lon="20.43879">
        <time>2025-04-06T08:23:00Z</time>
      </trkpt>
      <trkpt lat="68.99127" lon="20.44609">
        <time>2025-04-06T08:33:00Z</time>
      </trkpt>
      <trkpt lat="68.99462" lon="20.45617">
        <time>2025-04-06T08:43:00Z</time>
      </trkpt>
      <trkpt lat="69.00058" lon="20.46804">
        <time>2025-04-06T08:53:00Z</time>
      </trkpt>
      <trkpt lat="69.00203" lon="20.47362">
        <time>2025-04-06T09:03:00Z</time>
      </trkpt>
      <trkpt lat="69.00441" lon="20.47965">
        <time>2025-04-06T09:13:00Z</time>
      </trkpt>
      <trkpt lat="69.00975" lon="20.48894">
        <time>2025-04-06T09:23:00Z</time>
      </trkpt>
      <trkpt lat="69.01248" lon="20.49227">
        <time>2025-04-06T09:33:00Z</time>
      </trkpt>
      <trkpt lat="69.01868" lon="20.50115">
        <time>2025-04-06T09:43:00Z</time>
      </trkpt>
      <trkpt lat="69.02527" lon="20.51514">
        <time>2025-04-06T09:53:00Z</time>
      </trkpt>
      <trkpt lat="69.03299" lon="20.51814">
        <time>2025-04-06T10:03:00Z</time>
      </trkpt>
      <trkpt lat="69.04382" lon="20.51505">
        <time>2025-04-06T10:13:00Z</time>
      </trkpt>
      <trkpt lat="69.04957" lon="20.5246">
        <time>2025-04-06T10:23:00Z</time>
      </trkpt>
      <trkpt lat="69.05485" lon="20.53029">
        <time>2025-04-06T10:33:00Z</time>
      </trkpt>
      <trkpt lat="69.05936" lon="20.54795">
        <time>2025-04-06T10:43:00Z</time>
      </trkpt>
      <trkpt lat="69.05994" lon="20.54876">
        <time>2025-04-06T10:53:00Z</time>
      </trkpt>
      <trkpt lat="69.05988" lon="20.54896">
        <time>2025-04-06T11:21:00Z</time>
      </trkpt>
      <trkpt lat="69.05996" lon="20.55522">
        <time>2025-04-06T11:43:00Z</time>
      </trkpt>
      <trkpt lat="69.05655" lon="20.56947">
        <time>2025-04-06T11:53:00Z</time>
      </trkpt>
      <trkpt lat="69.05235" lon="20.59082">
        <time>2025-04-06T12:03:00Z</time>
      </trkpt>
      <trkpt lat="69.04904" lon="20.61432">
        <time>2025-04-06T12:13:00Z</time>
      </trkpt>
      <trkpt lat="69.04857" lon="20.62449">
        <time>2025-04-06T12:23:00Z</time>
      </trkpt>
      <trkpt lat="69.04856" lon="20.62453">
        <time>2025-04-06T12:33:00Z</time>
      </trkpt>
      <trkpt lat="69.04749" lon="20.63078">
        <time>2025-04-06T13:13:00Z</time>
      </trkpt>
      <trkpt lat="69.04588" lon="20.65622">
        <time>2025-04-06T13:23:00Z</time>
      </trkpt>
      <trkpt lat="69.04591" lon="20.67921">
        <time>2025-04-06T13:33:00Z</time>
      </trkpt>
      <trkpt lat="69.04638" lon="20.7">
        <time>2025-04-06T13:43:00Z</time>
      </trkpt>
      <trkpt lat="69.04551" lon="20.72446">
        <time>2025-04-06T13:53:00Z</time>
      </trkpt>
      <trkpt lat="69.04485" lon="20.73892">
        <time>2025-04-06T14:03:00Z</time>
      </trkpt>
      <trkpt lat="69.04509" lon="20.76143">
        <time>2025-04-06T14:13:00Z</time>
      </trkpt>
      <trkpt lat="69.04687" lon="20.78272">
        <time>2025-04-06T14:23:00Z</time>
      </trkpt>
      <trkpt lat="69.04744" lon="20.79023">
        <time>2025-04-06T14:33:00Z</time>
      </trkpt>
      <trkpt lat="69.04334" lon="20.79975">
        <time>2025-04-06T14:43:00Z</time>
      </trkpt>
      <trkpt lat="69.04131" lon="20.8054">
        <time>2025-04-06T14:53:00Z</time>
      </trkpt>
      <trkpt lat="69.03543" lon="20.82374">
        <time>2025-04-06T15:03:00Z</time>
      </trkpt>
      <trkpt lat="69.02638" lon="20.84093">
        <time>2025-04-06T15:13:00Z</time>
      </trkpt>
      <trkpt lat="69.02183" lon="20.8528">
        <time>2025-04-06T15:23:00Z</time>
      </trkpt>
      <trkpt lat="69.01706" lon="20.86299">
        <time>2025-04-06T15:33:00Z</time>
      </trkpt>
      <trkpt lat="69.01403" lon="20.86599">
        <time>2025-04-06T15:43:00Z</time>
      </trkpt>
      <trkpt lat="69.01667" lon="20.87022">
        <time>2025-04-06T15:53:00Z</time>
      </trkpt>
      <trkpt lat="69.01653" lon="20.86941">
        <time>2025-04-06T16:03:00Z</time>
      </trkpt>
    </trkseg>
  </trk>
</gpx>
