<?xml version="1.0" encoding="UTF-8"?>
<gpx xmlns="http://www.topografix.com/GPX/1/1" version="1.1" creator="VitaBandet">
  <metadata>
    <name>Mårtens Band</name>
  </metadata>
  <trk>
    <name>Mårtens Band</name>
    <trkseg>
      <trkpt lat="62.09892" lon="12.31247">
        <time>2026-02-15T09:01:00Z</time>
      </trkpt>
      <trkpt lat="62.09889" lon="12.31288">
        <time>2026-02-15T09:11:00Z</time>
      </trkpt>
      <trkpt lat="62.09913" lon="12.32093">
        <time>2026-02-15T09:31:00Z</time>
      </trkpt>
      <trkpt lat="62.09928" lon="12.32385">
        <time>2026-02-15T09:36:00Z</time>
      </trkpt>
      <trkpt lat="62.10652" lon="12.33372">
        <time>2026-02-15T09:56:00Z</time>
      </trkpt>
      <trkpt lat="62.11712" lon="12.3473">
        <time>2026-02-15T10:16:00Z</time>
      </trkpt>
      <trkpt lat="62.13443" lon="12.36122">
        <time>2026-02-15T10:36:00Z</time>
      </trkpt>
      <trkpt lat="62.15263" lon="12.37193">
        <time>2026-02-15T10:56:00Z</time>
      </trkpt>
      <trkpt lat="62.15785" lon="12.37386">
        <time>2026-02-15T11:16:00Z</time>
      </trkpt>
      <trkpt lat="62.15792" lon="12.3738">
        <time>2026-02-15T11:36:00Z</time>
      </trkpt>
      <trkpt lat="62.16314" lon="12.37948">
        <time>2026-02-15T11:56:00Z</time>
      </trkpt>
      <trkpt lat="62.18458" lon="12.39122">
        <time>2026-02-15T12:16:00Z</time>
      </trkpt>
      <trkpt lat="62.18572" lon="12.39124">
        <time>2026-02-15T12:36:00Z</time>
      </trkpt>
      <trkpt lat="62.19952" lon="12.38281">
        <time>2026-02-15T12:56:00Z</time>
      </trkpt>
      <trkpt lat="62.21349" lon="12.36288">
        <time>2026-02-15T13:16:00Z</time>
      </trkpt>
      <trkpt lat="62.22519" lon="12.34964">
        <time>2026-02-15T13:36:00Z</time>
      </trkpt>
      <trkpt lat="62.23582" lon="12.35086">
        <time>2026-02-15T13:56:00Z</time>
      </trkpt>
      <trkpt lat="62.24898" lon="12.34779">
        <time>2026-02-15T14:16:00Z</time>
      </trkpt>
      <trkpt lat="62.25972" lon="12.35442">
        <time>2026-02-15T14:36:00Z</time>
      </trkpt>
      <trkpt lat="62.25925" lon="12.37296">
        <time>2026-02-15T14:56:00Z</time>
      </trkpt>
      <trkpt lat="62.25927" lon="12.37311">
        <time>2026-02-15T15:01:00Z</time>
      </trkpt>
      <trkpt lat="62.25916" lon="12.37311">
        <time>2026-02-16T08:48:00Z</time>
      </trkpt>
      <trkpt lat="62.26314" lon="12.38133">
        <time>2026-02-16T08:58:00Z</time>
      </trkpt>
      <trkpt lat="62.26754" lon="12.38554">
        <time>2026-02-16T09:08:00Z</time>
      </trkpt>
      <trkpt lat="62.27606" lon="12.39223">
        <time>2026-02-16T09:18:00Z</time>
      </trkpt>
      <trkpt lat="62.281" lon="12.3988">
        <time>2026-02-16T09:28:00Z</time>
      </trkpt>
      <trkpt lat="62.28576" lon="12.40165">
        <time>2026-02-16T09:38:00Z</time>
      </trkpt>
      <trkpt lat="62.29129" lon="12.40749">
        <time>2026-02-16T09:48:00Z</time>
      </trkpt>
      <trkpt lat="62.29286" lon="12.41536">
        <time>2026-02-16T09:58:00Z</time>
      </trkpt>
      <trkpt lat="62.29392" lon="12.42459">
        <time>2026-02-16T10:08:00Z</time>
      </trkpt>
      <trkpt lat="62.30107" lon="12.43474">
        <time>2026-02-16T10:18:00Z</time>
      </trkpt>
      <trkpt lat="62.31004" lon="12.44019">
        <time>2026-02-16T10:28:00Z</time>
      </trkpt>
      <trkpt lat="62.31722" lon="12.44781">
        <time>2026-02-16T10:38:00Z</time>
      </trkpt>
      <trkpt lat="62.31671" lon="12.45014">
        <time>2026-02-16T10:48:00Z</time>
      </trkpt>
      <trkpt lat="62.31673" lon="12.45014">
        <time>2026-02-16T10:58:00Z</time>
      </trkpt>
      <trkpt lat="62.32023" lon="12.43721">
        <time>2026-02-16T11:58:00Z</time>
      </trkpt>
      <trkpt lat="62.3251" lon="12.42178">
        <time>2026-02-16T12:08:00Z</time>
      </trkpt>
      <trkpt lat="62.32923" lon="12.40854">
        <time>2026-02-16T12:18:00Z</time>
      </trkpt>
      <trkpt lat="62.33372" lon="12.39455">
        <time>2026-02-16T12:28:00Z</time>
      </trkpt>
      <trkpt lat="62.337" lon="12.38483">
        <time>2026-02-16T12:38:00Z</time>
      </trkpt>
      <trkpt lat="62.34206" lon="12.37335">
        <time>2026-02-16T12:48:00Z</time>
      </trkpt>
      <trkpt lat="62.34656" lon="12.36341">
        <time>2026-02-16T12:58:00Z</time>
      </trkpt>
      <trkpt lat="62.34923" lon="12.35725">
        <time>2026-02-16T13:08:00Z</time>
      </trkpt>
      <trkpt lat="62.35395" lon="12.34732">
        <time>2026-02-16T13:18:00Z</time>
      </trkpt>
      <trkpt lat="62.35545" lon="12.34526">
        <time>2026-02-16T13:28:00Z</time>
      </trkpt>
      <trkpt lat="62.35543" lon="12.34524">
        <time>2026-02-16T13:38:00Z</time>
      </trkpt>
      <trkpt lat="62.35793" lon="12.34131">
        <time>2026-02-16T13:58:00Z</time>
      </trkpt>
      <trkpt lat="62.3648" lon="12.34075">
        <time>2026-02-16T14:08:00Z</time>
      </trkpt>
      <trkpt lat="62.36988" lon="12.33629">
        <time>2026-02-16T14:18:00Z</time>
      </trkpt>
      <trkpt lat="62.37453" lon="12.32766">
        <time>2026-02-16T14:28:00Z</time>
      </trkpt>
      <trkpt lat="62.37834" lon="12.31584">
        <time>2026-02-16T14:38:00Z</time>
      </trkpt>
      <trkpt lat="62.38083" lon="12.30558">
        <time>2026-02-16T14:48:00Z</time>
      </trkpt>
      <trkpt lat="62.38581" lon="12.29698">
        <time>2026-02-16T14:58:00Z</time>
      </trkpt>
      <trkpt lat="62.38783" lon="12.28812">
        <time>2026-02-16T15:08:00Z</time>
      </trkpt>
      <trkpt lat="62.38793" lon="12.28823">
        <time>2026-02-16T15:18:00Z</time>
      </trkpt>
      <trkpt lat="62.3879" lon="12.28818">
        <time>2026-02-16T19:18:00Z</time>
      </trkpt>
      <trkpt lat="62.38795" lon="12.28816">
        <time>2026-02-17T08:03:00Z</time>
      </trkpt>
      <trkpt lat="62.38794" lon="12.28803">
        <time>2026-02-17T08:13:00Z</time>
      </trkpt>
      <trkpt lat="62.39219" lon="12.28372">
        <time>2026-02-17T08:23:00Z</time>
      </trkpt>
      <trkpt lat="62.39768" lon="12.28033">
        <time>2026-02-17T08:33:00Z</time>
      </trkpt>
      <trkpt lat="62.40382" lon="12.27456">
        <time>2026-02-17T08:43:00Z</time>
      </trkpt>
      <trkpt lat="62.41077" lon="12.27595">
        <time>2026-02-17T08:53:00Z</time>
      </trkpt>
      <trkpt lat="62.41722" lon="12.27977">
        <time>2026-02-17T09:03:00Z</time>
      </trkpt>
      <trkpt lat="62.42142" lon="12.2879">
        <time>2026-02-17T09:13:00Z</time>
      </trkpt>
      <trkpt lat="62.42515" lon="12.29177">
        <time>2026-02-17T09:23:00Z</time>
      </trkpt>
      <trkpt lat="62.4291" lon="12.29584">
        <time>2026-02-17T09:33:00Z</time>
      </trkpt>
      <trkpt lat="62.43521" lon="12.2938">
        <time>2026-02-17T09:43:00Z</time>
      </trkpt>
      <trkpt lat="62.44091" lon="12.28593">
        <time>2026-02-17T09:53:00Z</time>
      </trkpt>
      <trkpt lat="62.44454" lon="12.29054">
        <time>2026-02-17T10:03:00Z</time>
      </trkpt>
      <trkpt lat="62.44847" lon="12.28348">
        <time>2026-02-17T10:13:00Z</time>
      </trkpt>
      <trkpt lat="62.45448" lon="12.28022">
        <time>2026-02-17T10:23:00Z</time>
      </trkpt>
      <trkpt lat="62.45934" lon="12.28308">
        <time>2026-02-17T10:33:00Z</time>
      </trkpt>
      <trkpt lat="62.46299" lon="12.28668">
        <time>2026-02-17T10:43:00Z</time>
      </trkpt>
      <trkpt lat="62.46642" lon="12.28357">
        <time>2026-02-17T10:53:00Z</time>
      </trkpt>
      <trkpt lat="62.4676" lon="12.28436">
        <time>2026-02-17T11:03:00Z</time>
      </trkpt>
      <trkpt lat="62.46757" lon="12.28441">
        <time>2026-02-17T11:13:00Z</time>
      </trkpt>
      <trkpt lat="62.47014" lon="12.28662">
        <time>2026-02-17T12:33:00Z</time>
      </trkpt>
      <trkpt lat="62.47224" lon="12.28885">
        <time>2026-02-17T12:43:00Z</time>
      </trkpt>
      <trkpt lat="62.47402" lon="12.28694">
        <time>2026-02-17T12:53:00Z</time>
      </trkpt>
      <trkpt lat="62.47591" lon="12.28183">
        <time>2026-02-17T13:03:00Z</time>
      </trkpt>
      <trkpt lat="62.48011" lon="12.27316">
        <time>2026-02-17T13:13:00Z</time>
      </trkpt>
      <trkpt lat="62.48556" lon="12.27119">
        <time>2026-02-17T13:23:00Z</time>
      </trkpt>
      <trkpt lat="62.4914" lon="12.26928">
        <time>2026-02-17T13:33:00Z</time>
      </trkpt>
      <trkpt lat="62.50145" lon="12.27164">
        <time>2026-02-17T13:43:00Z</time>
      </trkpt>
      <trkpt lat="62.51214" lon="12.27863">
        <time>2026-02-17T13:53:00Z</time>
      </trkpt>
      <trkpt lat="62.51876" lon="12.28589">
        <time>2026-02-17T14:03:00Z</time>
      </trkpt>
      <trkpt lat="62.52555" lon="12.29254">
        <time>2026-02-17T14:13:00Z</time>
      </trkpt>
      <trkpt lat="62.53041" lon="12.30855">
        <time>2026-02-17T14:23:00Z</time>
      </trkpt>
      <trkpt lat="62.53798" lon="12.31535">
        <time>2026-02-17T14:33:00Z</time>
      </trkpt>
      <trkpt lat="62.54133" lon="12.32612">
        <time>2026-02-17T14:43:00Z</time>
      </trkpt>
      <trkpt lat="62.53799" lon="12.33917">
        <time>2026-02-17T14:53:00Z</time>
      </trkpt>
      <trkpt lat="62.53943" lon="12.34663">
        <time>2026-02-17T15:03:00Z</time>
      </trkpt>
      <trkpt lat="62.54043" lon="12.35065">
        <time>2026-02-17T15:13:00Z</time>
      </trkpt>
      <trkpt lat="62.54289" lon="12.35532">
        <time>2026-02-17T15:23:00Z</time>
      </trkpt>
      <trkpt lat="62.54277" lon="12.35511">
        <time>2026-02-17T15:33:00Z</time>
      </trkpt>
      <trkpt lat="62.54278" lon="12.35511">
        <time>2026-02-17T15:46:00Z</time>
      </trkpt>
      <trkpt lat="62.54397" lon="12.35455">
        <time>2026-02-18T08:31:00Z</time>
      </trkpt>
      <trkpt lat="62.54518" lon="12.35339">
        <time>2026-02-18T08:41:00Z</time>
      </trkpt>
      <trkpt lat="62.54969" lon="12.35219">
        <time>2026-02-18T08:51:00Z</time>
      </trkpt>
      <trkpt lat="62.5546" lon="12.34977">
        <time>2026-02-18T09:01:00Z</time>
      </trkpt>
      <trkpt lat="62.55774" lon="12.35191">
        <time>2026-02-18T09:11:00Z</time>
      </trkpt>
      <trkpt lat="62.56127" lon="12.36245">
        <time>2026-02-18T09:21:00Z</time>
      </trkpt>
      <trkpt lat="62.56371" lon="12.3706">
        <time>2026-02-18T09:31:00Z</time>
      </trkpt>
      <trkpt lat="62.5703" lon="12.37813">
        <time>2026-02-18T09:41:00Z</time>
      </trkpt>
      <trkpt lat="62.57516" lon="12.38468">
        <time>2026-02-18T09:51:00Z</time>
      </trkpt>
      <trkpt lat="62.58027" lon="12.3883">
        <time>2026-02-18T10:01:00Z</time>
      </trkpt>
      <trkpt lat="62.58047" lon="12.38826">
        <time>2026-02-18T10:11:00Z</time>
      </trkpt>
      <trkpt lat="62.58813" lon="12.38809">
        <time>2026-02-18T10:21:00Z</time>
      </trkpt>
      <trkpt lat="62.597" lon="12.39049">
        <time>2026-02-18T10:31:00Z</time>
      </trkpt>
      <trkpt lat="62.60369" lon="12.38785">
        <time>2026-02-18T10:41:00Z</time>
      </trkpt>
      <trkpt lat="62.60744" lon="12.38352">
        <time>2026-02-18T10:51:00Z</time>
      </trkpt>
      <trkpt lat="62.61236" lon="12.37815">
        <time>2026-02-18T11:01:00Z</time>
      </trkpt>
      <trkpt lat="62.6136" lon="12.3744">
        <time>2026-02-18T11:11:00Z</time>
      </trkpt>
      <trkpt lat="62.61742" lon="12.37438">
        <time>2026-02-18T11:21:00Z</time>
      </trkpt>
      <trkpt lat="62.62022" lon="12.37234">
        <time>2026-02-18T11:31:00Z</time>
      </trkpt>
      <trkpt lat="62.62036" lon="12.37225">
        <time>2026-02-18T11:41:00Z</time>
      </trkpt>
      <trkpt lat="62.62489" lon="12.37037">
        <time>2026-02-18T12:01:00Z</time>
      </trkpt>
      <trkpt lat="62.62631" lon="12.36949">
        <time>2026-02-18T12:11:00Z</time>
      </trkpt>
      <trkpt lat="62.63042" lon="12.36704">
        <time>2026-02-18T12:21:00Z</time>
      </trkpt>
      <trkpt lat="62.63415" lon="12.36534">
        <time>2026-02-18T12:31:00Z</time>
      </trkpt>
      <trkpt lat="62.63631" lon="12.36378">
        <time>2026-02-18T12:41:00Z</time>
      </trkpt>
      <trkpt lat="62.63632" lon="12.36376">
        <time>2026-02-18T12:51:00Z</time>
      </trkpt>
      <trkpt lat="62.63776" lon="12.36225">
        <time>2026-02-18T13:11:00Z</time>
      </trkpt>
      <trkpt lat="62.64394" lon="12.36071">
        <time>2026-02-18T13:21:00Z</time>
      </trkpt>
      <trkpt lat="62.64963" lon="12.36011">
        <time>2026-02-18T13:31:00Z</time>
      </trkpt>
      <trkpt lat="62.65417" lon="12.35322">
        <time>2026-02-18T13:41:00Z</time>
      </trkpt>
      <trkpt lat="62.65837" lon="12.34878">
        <time>2026-02-18T13:51:00Z</time>
      </trkpt>
      <trkpt lat="62.66279" lon="12.34878">
        <time>2026-02-18T14:01:00Z</time>
      </trkpt>
      <trkpt lat="62.66733" lon="12.35007">
        <time>2026-02-18T14:11:00Z</time>
      </trkpt>
      <trkpt lat="62.67483" lon="12.34595">
        <time>2026-02-18T14:21:00Z</time>
      </trkpt>
      <trkpt lat="62.68041" lon="12.3391">
        <time>2026-02-18T14:31:00Z</time>
      </trkpt>
      <trkpt lat="62.68482" lon="12.33084">
        <time>2026-02-18T14:41:00Z</time>
      </trkpt>
      <trkpt lat="62.6851" lon="12.33078">
        <time>2026-02-18T14:51:00Z</time>
      </trkpt>
      <trkpt lat="62.69067" lon="12.32423">
        <time>2026-02-18T15:41:00Z</time>
      </trkpt>
      <trkpt lat="62.69562" lon="12.31704">
        <time>2026-02-18T15:51:00Z</time>
      </trkpt>
      <trkpt lat="62.69949" lon="12.31076">
        <time>2026-02-18T16:01:00Z</time>
      </trkpt>
      <trkpt lat="62.70646" lon="12.30741">
        <time>2026-02-18T16:11:00Z</time>
      </trkpt>
      <trkpt lat="62.70864" lon="12.29773">
        <time>2026-02-18T16:21:00Z</time>
      </trkpt>
      <trkpt lat="62.70977" lon="12.2938">
        <time>2026-02-18T16:31:00Z</time>
      </trkpt>
      <trkpt lat="62.71465" lon="12.29848">
        <time>2026-02-18T16:41:00Z</time>
      </trkpt>
      <trkpt lat="62.71896" lon="12.29962">
        <time>2026-02-18T16:51:00Z</time>
      </trkpt>
      <trkpt lat="62.72246" lon="12.29994">
        <time>2026-02-18T17:01:00Z</time>
      </trkpt>
      <trkpt lat="62.72186" lon="12.30183">
        <time>2026-02-18T17:11:00Z</time>
      </trkpt>
      <trkpt lat="62.72188" lon="12.30181">
        <time>2026-02-18T17:21:00Z</time>
      </trkpt>
      <trkpt lat="62.72181" lon="12.30181">
        <time>2026-02-18T21:21:00Z</time>
      </trkpt>
      <trkpt lat="62.72182" lon="12.30183">
        <time>2026-02-19T01:21:00Z</time>
      </trkpt>
      <trkpt lat="62.7218" lon="12.30181">
        <time>2026-02-19T05:21:00Z</time>
      </trkpt>
      <trkpt lat="62.72286" lon="12.30194">
        <time>2026-02-19T08:41:00Z</time>
      </trkpt>
      <trkpt lat="62.72558" lon="12.30142">
        <time>2026-02-19T08:51:00Z</time>
      </trkpt>
      <trkpt lat="62.72812" lon="12.30842">
        <time>2026-02-19T09:01:00Z</time>
      </trkpt>
      <trkpt lat="62.73032" lon="12.31129">
        <time>2026-02-19T09:11:00Z</time>
      </trkpt>
      <trkpt lat="62.73162" lon="12.31273">
        <time>2026-02-19T09:21:00Z</time>
      </trkpt>
      <trkpt lat="62.73374" lon="12.31357">
        <time>2026-02-19T09:31:00Z</time>
      </trkpt>
      <trkpt lat="62.73616" lon="12.31807">
        <time>2026-02-19T09:41:00Z</time>
      </trkpt>
      <trkpt lat="62.7373" lon="12.31936">
        <time>2026-02-19T09:51:00Z</time>
      </trkpt>
      <trkpt lat="62.74174" lon="12.32391">
        <time>2026-02-19T10:01:00Z</time>
      </trkpt>
      <trkpt lat="62.74577" lon="12.32717">
        <time>2026-02-19T10:11:00Z</time>
      </trkpt>
      <trkpt lat="62.75053" lon="12.332">
        <time>2026-02-19T10:21:00Z</time>
      </trkpt>
      <trkpt lat="62.75401" lon="12.33554">
        <time>2026-02-19T10:31:00Z</time>
      </trkpt>
      <trkpt lat="62.75725" lon="12.33884">
        <time>2026-02-19T10:41:00Z</time>
      </trkpt>
      <trkpt lat="62.76257" lon="12.34554">
        <time>2026-02-19T10:51:00Z</time>
      </trkpt>
      <trkpt lat="62.76654" lon="12.35163">
        <time>2026-02-19T11:01:00Z</time>
      </trkpt>
      <trkpt lat="62.76652" lon="12.35178">
        <time>2026-02-19T11:11:00Z</time>
      </trkpt>
      <trkpt lat="62.76957" lon="12.35616">
        <time>2026-02-19T12:51:00Z</time>
      </trkpt>
      <trkpt lat="62.77524" lon="12.36339">
        <time>2026-02-19T13:01:00Z</time>
      </trkpt>
      <trkpt lat="62.7843" lon="12.37708">
        <time>2026-02-19T13:11:00Z</time>
      </trkpt>
      <trkpt lat="62.79239" lon="12.39257">
        <time>2026-02-19T13:21:00Z</time>
      </trkpt>
      <trkpt lat="62.79439" lon="12.39734">
        <time>2026-02-19T13:31:00Z</time>
      </trkpt>
      <trkpt lat="62.79757" lon="12.40474">
        <time>2026-02-19T13:41:00Z</time>
      </trkpt>
      <trkpt lat="62.7992" lon="12.41013">
        <time>2026-02-19T13:51:00Z</time>
      </trkpt>
      <trkpt lat="62.80519" lon="12.41983">
        <time>2026-02-19T14:01:00Z</time>
      </trkpt>
      <trkpt lat="62.80905" lon="12.42671">
        <time>2026-02-19T14:11:00Z</time>
      </trkpt>
      <trkpt lat="62.81298" lon="12.43401">
        <time>2026-02-19T14:21:00Z</time>
      </trkpt>
      <trkpt lat="62.81709" lon="12.44255">
        <time>2026-02-19T14:31:00Z</time>
      </trkpt>
      <trkpt lat="62.81822" lon="12.44598">
        <time>2026-02-19T14:41:00Z</time>
      </trkpt>
      <trkpt lat="62.81825" lon="12.44658">
        <time>2026-02-19T14:51:00Z</time>
      </trkpt>
      <trkpt lat="62.81831" lon="12.44618">
        <time>2026-02-19T15:24:00Z</time>
      </trkpt>
      <trkpt lat="62.81836" lon="12.44555">
        <time>2026-02-20T09:04:00Z</time>
      </trkpt>
      <trkpt lat="62.82499" lon="12.44967">
        <time>2026-02-20T09:14:00Z</time>
      </trkpt>
      <trkpt lat="62.83094" lon="12.45678">
        <time>2026-02-20T09:24:00Z</time>
      </trkpt>
      <trkpt lat="62.83809" lon="12.46727">
        <time>2026-02-20T09:34:00Z</time>
      </trkpt>
      <trkpt lat="62.84419" lon="12.47439">
        <time>2026-02-20T09:44:00Z</time>
      </trkpt>
      <trkpt lat="62.84835" lon="12.4778">
        <time>2026-02-20T09:54:00Z</time>
      </trkpt>
      <trkpt lat="62.85304" lon="12.48156">
        <time>2026-02-20T10:04:00Z</time>
      </trkpt>
      <trkpt lat="62.86091" lon="12.48812">
        <time>2026-02-20T10:14:00Z</time>
      </trkpt>
      <trkpt lat="62.86467" lon="12.49182">
        <time>2026-02-20T10:24:00Z</time>
      </trkpt>
      <trkpt lat="62.87103" lon="12.49767">
        <time>2026-02-20T10:34:00Z</time>
      </trkpt>
      <trkpt lat="62.87577" lon="12.50229">
        <time>2026-02-20T10:44:00Z</time>
      </trkpt>
      <trkpt lat="62.88045" lon="12.50669">
        <time>2026-02-20T10:54:00Z</time>
      </trkpt>
      <trkpt lat="62.88364" lon="12.51452">
        <time>2026-02-20T11:04:00Z</time>
      </trkpt>
      <trkpt lat="62.88457" lon="12.50988">
        <time>2026-02-20T11:14:00Z</time>
      </trkpt>
      <trkpt lat="62.88595" lon="12.51967">
        <time>2026-02-20T11:24:00Z</time>
      </trkpt>
      <trkpt lat="62.88862" lon="12.52902">
        <time>2026-02-20T11:34:00Z</time>
      </trkpt>
      <trkpt lat="62.89353" lon="12.53623">
        <time>2026-02-20T11:44:00Z</time>
      </trkpt>
      <trkpt lat="62.90155" lon="12.5298">
        <time>2026-02-20T11:54:00Z</time>
      </trkpt>
      <trkpt lat="62.90707" lon="12.52383">
        <time>2026-02-20T12:04:00Z</time>
      </trkpt>
      <trkpt lat="62.90847" lon="12.5228">
        <time>2026-02-20T12:14:00Z</time>
      </trkpt>
      <trkpt lat="62.91456" lon="12.51452">
        <time>2026-02-20T12:24:00Z</time>
      </trkpt>
      <trkpt lat="62.91708" lon="12.50591">
        <time>2026-02-20T12:34:00Z</time>
      </trkpt>
      <trkpt lat="62.91683" lon="12.50578">
        <time>2026-02-20T12:44:00Z</time>
      </trkpt>
      <trkpt lat="62.91709" lon="12.50602">
        <time>2026-02-20T13:07:00Z</time>
      </trkpt>
      <trkpt lat="62.91703" lon="12.50546">
        <time>2026-02-21T08:05:00Z</time>
      </trkpt>
      <trkpt lat="62.92147" lon="12.49461">
        <time>2026-02-21T08:15:00Z</time>
      </trkpt>
      <trkpt lat="62.92664" lon="12.48656">
        <time>2026-02-21T08:25:00Z</time>
      </trkpt>
      <trkpt lat="62.93069" lon="12.48255">
        <time>2026-02-21T08:35:00Z</time>
      </trkpt>
      <trkpt lat="62.93634" lon="12.47574">
        <time>2026-02-21T08:45:00Z</time>
      </trkpt>
      <trkpt lat="62.9402" lon="12.46946">
        <time>2026-02-21T08:55:00Z</time>
      </trkpt>
      <trkpt lat="62.94612" lon="12.46077">
        <time>2026-02-21T09:05:00Z</time>
      </trkpt>
      <trkpt lat="62.95037" lon="12.44959">
        <time>2026-02-21T09:15:00Z</time>
      </trkpt>
      <trkpt lat="62.95298" lon="12.43701">
        <time>2026-02-21T09:25:00Z</time>
      </trkpt>
      <trkpt lat="62.95572" lon="12.42427">
        <time>2026-02-21T09:35:00Z</time>
      </trkpt>
      <trkpt lat="62.95826" lon="12.41116">
        <time>2026-02-21T09:45:00Z</time>
      </trkpt>
      <trkpt lat="62.95976" lon="12.4021">
        <time>2026-02-21T09:55:00Z</time>
      </trkpt>
      <trkpt lat="62.96379" lon="12.38983">
        <time>2026-02-21T10:05:00Z</time>
      </trkpt>
      <trkpt lat="62.96689" lon="12.37807">
        <time>2026-02-21T10:15:00Z</time>
      </trkpt>
      <trkpt lat="62.97037" lon="12.37105">
        <time>2026-02-21T10:25:00Z</time>
      </trkpt>
      <trkpt lat="62.97482" lon="12.36723">
        <time>2026-02-21T10:35:00Z</time>
      </trkpt>
      <trkpt lat="62.97877" lon="12.36451">
        <time>2026-02-21T10:45:00Z</time>
      </trkpt>
      <trkpt lat="62.98413" lon="12.3611">
        <time>2026-02-21T10:55:00Z</time>
      </trkpt>
      <trkpt lat="62.98371" lon="12.36176">
        <time>2026-02-21T11:05:00Z</time>
      </trkpt>
      <trkpt lat="62.98513" lon="12.35886">
        <time>2026-02-21T12:35:00Z</time>
      </trkpt>
      <trkpt lat="62.99013" lon="12.35601">
        <time>2026-02-21T12:45:00Z</time>
      </trkpt>
      <trkpt lat="62.99275" lon="12.35397">
        <time>2026-02-21T12:55:00Z</time>
      </trkpt>
      <trkpt lat="62.99605" lon="12.34987">
        <time>2026-02-21T13:05:00Z</time>
      </trkpt>
      <trkpt lat="62.99975" lon="12.34402">
        <time>2026-02-21T13:15:00Z</time>
      </trkpt>
      <trkpt lat="63.00473" lon="12.34032">
        <time>2026-02-21T13:25:00Z</time>
      </trkpt>
      <trkpt lat="63.00827" lon="12.33573">
        <time>2026-02-21T13:35:00Z</time>
      </trkpt>
      <trkpt lat="63.01151" lon="12.33071">
        <time>2026-02-21T13:45:00Z</time>
      </trkpt>
      <trkpt lat="63.01404" lon="12.32181">
        <time>2026-02-21T13:55:00Z</time>
      </trkpt>
      <trkpt lat="63.01688" lon="12.31393">
        <time>2026-02-21T14:05:00Z</time>
      </trkpt>
      <trkpt lat="63.02045" lon="12.30586">
        <time>2026-02-21T14:15:00Z</time>
      </trkpt>
      <trkpt lat="63.02413" lon="12.29848">
        <time>2026-02-21T14:25:00Z</time>
      </trkpt>
      <trkpt lat="63.02585" lon="12.29136">
        <time>2026-02-21T14:35:00Z</time>
      </trkpt>
      <trkpt lat="63.02699" lon="12.28629">
        <time>2026-02-21T14:45:00Z</time>
      </trkpt>
      <trkpt lat="63.02797" lon="12.27835">
        <time>2026-02-21T14:55:00Z</time>
      </trkpt>
      <trkpt lat="63.02829" lon="12.26885">
        <time>2026-02-21T15:05:00Z</time>
      </trkpt>
      <trkpt lat="63.03283" lon="12.26582">
        <time>2026-02-21T15:15:00Z</time>
      </trkpt>
      <trkpt lat="63.03661" lon="12.26773">
        <time>2026-02-21T15:25:00Z</time>
      </trkpt>
      <trkpt lat="63.04142" lon="12.27308">
        <time>2026-02-21T15:35:00Z</time>
      </trkpt>
      <trkpt lat="63.04242" lon="12.27423">
        <time>2026-02-21T15:45:00Z</time>
      </trkpt>
      <trkpt lat="63.04239" lon="12.27428">
        <time>2026-02-21T15:55:00Z</time>
      </trkpt>
      <trkpt lat="63.04245" lon="12.27398">
        <time>2026-02-21T16:31:00Z</time>
      </trkpt>
      <trkpt lat="63.04361" lon="12.27557">
        <time>2026-02-22T08:30:00Z</time>
      </trkpt>
      <trkpt lat="63.05156" lon="12.27977">
        <time>2026-02-22T08:40:00Z</time>
      </trkpt>
      <trkpt lat="63.06093" lon="12.27769">
        <time>2026-02-22T08:50:00Z</time>
      </trkpt>
      <trkpt lat="63.06839" lon="12.28235">
        <time>2026-02-22T09:00:00Z</time>
      </trkpt>
      <trkpt lat="63.07345" lon="12.28662">
        <time>2026-02-22T09:10:00Z</time>
      </trkpt>
      <trkpt lat="63.07609" lon="12.29468">
        <time>2026-02-22T09:20:00Z</time>
      </trkpt>
      <trkpt lat="63.081" lon="12.30344">
        <time>2026-02-22T09:30:00Z</time>
      </trkpt>
      <trkpt lat="63.08402" lon="12.30606">
        <time>2026-02-22T09:40:00Z</time>
      </trkpt>
      <trkpt lat="63.092" lon="12.3105">
        <time>2026-02-22T09:50:00Z</time>
      </trkpt>
      <trkpt lat="63.10145" lon="12.31801">
        <time>2026-02-22T10:00:00Z</time>
      </trkpt>
      <trkpt lat="63.10552" lon="12.32239">
        <time>2026-02-22T10:10:00Z</time>
      </trkpt>
      <trkpt lat="63.10554" lon="12.32234">
        <time>2026-02-22T10:20:00Z</time>
      </trkpt>
      <trkpt lat="63.11354" lon="12.32623">
        <time>2026-02-22T10:40:00Z</time>
      </trkpt>
      <trkpt lat="63.12061" lon="12.32949">
        <time>2026-02-22T10:50:00Z</time>
      </trkpt>
      <trkpt lat="63.12626" lon="12.33449">
        <time>2026-02-22T11:00:00Z</time>
      </trkpt>
      <trkpt lat="63.13547" lon="12.34071">
        <time>2026-02-22T11:10:00Z</time>
      </trkpt>
      <trkpt lat="63.1419" lon="12.34537">
        <time>2026-02-22T11:20:00Z</time>
      </trkpt>
      <trkpt lat="63.14977" lon="12.3511">
        <time>2026-02-22T11:30:00Z</time>
      </trkpt>
      <trkpt lat="63.16028" lon="12.35504">
        <time>2026-02-22T11:40:00Z</time>
      </trkpt>
      <trkpt lat="63.16903" lon="12.3612">
        <time>2026-02-22T11:50:00Z</time>
      </trkpt>
      <trkpt lat="63.16925" lon="12.36221">
        <time>2026-02-22T12:00:00Z</time>
      </trkpt>
      <trkpt lat="63.17026" lon="12.36294">
        <time>2026-02-22T13:20:00Z</time>
      </trkpt>
      <trkpt lat="63.17823" lon="12.37564">
        <time>2026-02-22T13:30:00Z</time>
      </trkpt>
      <trkpt lat="63.18465" lon="12.37893">
        <time>2026-02-22T13:40:00Z</time>
      </trkpt>
      <trkpt lat="63.19305" lon="12.38779">
        <time>2026-02-22T13:50:00Z</time>
      </trkpt>
      <trkpt lat="63.1989" lon="12.38908">
        <time>2026-02-22T14:00:00Z</time>
      </trkpt>
      <trkpt lat="63.20296" lon="12.3938">
        <time>2026-02-22T14:10:00Z</time>
      </trkpt>
      <trkpt lat="63.20928" lon="12.40367">
        <time>2026-02-22T14:20:00Z</time>
      </trkpt>
      <trkpt lat="63.21564" lon="12.40695">
        <time>2026-02-22T14:30:00Z</time>
      </trkpt>
      <trkpt lat="63.22306" lon="12.41476">
        <time>2026-02-22T14:40:00Z</time>
      </trkpt>
      <trkpt lat="63.22976" lon="12.42191">
        <time>2026-02-22T14:50:00Z</time>
      </trkpt>
      <trkpt lat="63.23302" lon="12.42703">
        <time>2026-02-22T15:00:00Z</time>
      </trkpt>
      <trkpt lat="63.238" lon="12.4306">
        <time>2026-02-22T15:10:00Z</time>
      </trkpt>
      <trkpt lat="63.24917" lon="12.42791">
        <time>2026-02-22T15:20:00Z</time>
      </trkpt>
      <trkpt lat="63.25846" lon="12.42261">
        <time>2026-02-22T15:30:00Z</time>
      </trkpt>
      <trkpt lat="63.26442" lon="12.40918">
        <time>2026-02-22T15:40:00Z</time>
      </trkpt>
      <trkpt lat="63.266" lon="12.39897">
        <time>2026-02-22T15:50:00Z</time>
      </trkpt>
      <trkpt lat="63.27015" lon="12.383">
        <time>2026-02-22T16:00:00Z</time>
      </trkpt>
      <trkpt lat="63.27331" lon="12.37225">
        <time>2026-02-22T16:10:00Z</time>
      </trkpt>
      <trkpt lat="63.28144" lon="12.36135">
        <time>2026-02-22T16:20:00Z</time>
      </trkpt>
      <trkpt lat="63.28544" lon="12.35376">
        <time>2026-02-22T16:30:00Z</time>
      </trkpt>
      <trkpt lat="63.28861" lon="12.34562">
        <time>2026-02-22T16:40:00Z</time>
      </trkpt>
      <trkpt lat="63.29096" lon="12.33826">
        <time>2026-02-22T16:50:00Z</time>
      </trkpt>
      <trkpt lat="63.29102" lon="12.33831">
        <time>2026-02-22T17:00:00Z</time>
      </trkpt>
      <trkpt lat="63.29532" lon="12.33689">
        <time>2026-02-22T17:10:00Z</time>
      </trkpt>
      <trkpt lat="63.29548" lon="12.33646">
        <time>2026-02-22T17:19:00Z</time>
      </trkpt>
      <trkpt lat="63.29549" lon="12.33638">
        <time>2026-02-23T08:36:00Z</time>
      </trkpt>
      <trkpt lat="63.30121" lon="12.33314">
        <time>2026-02-23T08:46:00Z</time>
      </trkpt>
      <trkpt lat="63.30527" lon="12.33251">
        <time>2026-02-23T08:56:00Z</time>
      </trkpt>
      <trkpt lat="63.31107" lon="12.32052">
        <time>2026-02-23T09:06:00Z</time>
      </trkpt>
      <trkpt lat="63.31493" lon="12.31151">
        <time>2026-02-23T09:16:00Z</time>
      </trkpt>
      <trkpt lat="63.32241" lon="12.30393">
        <time>2026-02-23T09:26:00Z</time>
      </trkpt>
      <trkpt lat="63.33057" lon="12.29889">
        <time>2026-02-23T09:36:00Z</time>
      </trkpt>
      <trkpt lat="63.33812" lon="12.29421">
        <time>2026-02-23T09:46:00Z</time>
      </trkpt>
      <trkpt lat="63.34599" lon="12.28934">
        <time>2026-02-23T09:56:00Z</time>
      </trkpt>
      <trkpt lat="63.3538" lon="12.28372">
        <time>2026-02-23T10:06:00Z</time>
      </trkpt>
      <trkpt lat="63.35523" lon="12.28217">
        <time>2026-02-23T10:16:00Z</time>
      </trkpt>
      <trkpt lat="63.35523" lon="12.28232">
        <time>2026-02-23T10:26:00Z</time>
      </trkpt>
      <trkpt lat="63.35692" lon="12.27593">
        <time>2026-02-23T10:56:00Z</time>
      </trkpt>
      <trkpt lat="63.36388" lon="12.28147">
        <time>2026-02-23T11:06:00Z</time>
      </trkpt>
      <trkpt lat="63.3709" lon="12.2823">
        <time>2026-02-23T11:16:00Z</time>
      </trkpt>
      <trkpt lat="63.37316" lon="12.279">
        <time>2026-02-23T11:26:00Z</time>
      </trkpt>
      <trkpt lat="63.38024" lon="12.27441">
        <time>2026-02-23T11:36:00Z</time>
      </trkpt>
      <trkpt lat="63.38613" lon="12.26868">
        <time>2026-02-23T11:46:00Z</time>
      </trkpt>
      <trkpt lat="63.39248" lon="12.2575">
        <time>2026-02-23T11:56:00Z</time>
      </trkpt>
      <trkpt lat="63.39794" lon="12.24788">
        <time>2026-02-23T12:06:00Z</time>
      </trkpt>
      <trkpt lat="63.40286" lon="12.23894">
        <time>2026-02-23T12:16:00Z</time>
      </trkpt>
      <trkpt lat="63.40878" lon="12.23263">
        <time>2026-02-23T12:26:00Z</time>
      </trkpt>
      <trkpt lat="63.41486" lon="12.22844">
        <time>2026-02-23T12:36:00Z</time>
      </trkpt>
      <trkpt lat="63.41873" lon="12.22473">
        <time>2026-02-23T12:46:00Z</time>
      </trkpt>
      <trkpt lat="63.42391" lon="12.21842">
        <time>2026-02-23T12:56:00Z</time>
      </trkpt>
      <trkpt lat="63.42716" lon="12.21677">
        <time>2026-02-23T13:06:00Z</time>
      </trkpt>
      <trkpt lat="63.42718" lon="12.21677">
        <time>2026-02-23T13:16:00Z</time>
      </trkpt>
      <trkpt lat="63.4303" lon="12.22081">
        <time>2026-02-23T13:56:00Z</time>
      </trkpt>
      <trkpt lat="63.4324" lon="12.226">
        <time>2026-02-23T14:06:00Z</time>
      </trkpt>
      <trkpt lat="63.43549" lon="12.23593">
        <time>2026-02-23T14:16:00Z</time>
      </trkpt>
      <trkpt lat="63.43794" lon="12.24164">
        <time>2026-02-23T14:26:00Z</time>
      </trkpt>
      <trkpt lat="63.44234" lon="12.25158">
        <time>2026-02-23T14:36:00Z</time>
      </trkpt>
      <trkpt lat="63.44558" lon="12.25879">
        <time>2026-02-23T14:46:00Z</time>
      </trkpt>
      <trkpt lat="63.44921" lon="12.26687">
        <time>2026-02-23T14:56:00Z</time>
      </trkpt>
      <trkpt lat="63.45102" lon="12.27376">
        <time>2026-02-23T15:06:00Z</time>
      </trkpt>
      <trkpt lat="63.45433" lon="12.27786">
        <time>2026-02-23T15:16:00Z</time>
      </trkpt>
      <trkpt lat="63.45886" lon="12.28677">
        <time>2026-02-23T15:26:00Z</time>
      </trkpt>
      <trkpt lat="63.46677" lon="12.30247">
        <time>2026-02-23T15:36:00Z</time>
      </trkpt>
      <trkpt lat="63.47107" lon="12.31086">
        <time>2026-02-23T15:46:00Z</time>
      </trkpt>
      <trkpt lat="63.47479" lon="12.31822">
        <time>2026-02-23T15:56:00Z</time>
      </trkpt>
      <trkpt lat="63.47741" lon="12.32378">
        <time>2026-02-23T16:06:00Z</time>
      </trkpt>
      <trkpt lat="63.48233" lon="12.3364">
        <time>2026-02-23T16:16:00Z</time>
      </trkpt>
      <trkpt lat="63.48304" lon="12.34071">
        <time>2026-02-23T16:26:00Z</time>
      </trkpt>
      <trkpt lat="63.48483" lon="12.34399">
        <time>2026-02-23T16:36:00Z</time>
      </trkpt>
      <trkpt lat="63.4868" lon="12.35148">
        <time>2026-02-23T16:46:00Z</time>
      </trkpt>
      <trkpt lat="63.48769" lon="12.35884">
        <time>2026-02-23T16:56:00Z</time>
      </trkpt>
      <trkpt lat="63.4889" lon="12.37047">
        <time>2026-02-23T17:06:00Z</time>
      </trkpt>
      <trkpt lat="63.49351" lon="12.38021">
        <time>2026-02-23T17:16:00Z</time>
      </trkpt>
      <trkpt lat="63.50304" lon="12.38446">
        <time>2026-02-23T17:26:00Z</time>
      </trkpt>
      <trkpt lat="63.50898" lon="12.39202">
        <time>2026-02-23T17:36:00Z</time>
      </trkpt>
      <trkpt lat="63.51256" lon="12.40453">
        <time>2026-02-23T17:46:00Z</time>
      </trkpt>
      <trkpt lat="63.5169" lon="12.40835">
        <time>2026-02-23T17:56:00Z</time>
      </trkpt>
      <trkpt lat="63.51866" lon="12.40991">
        <time>2026-02-23T18:06:00Z</time>
      </trkpt>
      <trkpt lat="63.51954" lon="12.40955">
        <time>2026-02-23T18:16:00Z</time>
      </trkpt>
      <trkpt lat="63.51922" lon="12.4091">
        <time>2026-02-23T22:16:00Z</time>
      </trkpt>
      <trkpt lat="63.51925" lon="12.40903">
        <time>2026-02-24T02:16:00Z</time>
      </trkpt>
      <trkpt lat="63.51919" lon="12.40895">
        <time>2026-02-24T06:16:00Z</time>
      </trkpt>
      <trkpt lat="63.51832" lon="12.41019">
        <time>2026-02-24T08:43:00Z</time>
      </trkpt>
      <trkpt lat="63.51722" lon="12.41435">
        <time>2026-02-24T08:53:00Z</time>
      </trkpt>
      <trkpt lat="63.51793" lon="12.41352">
        <time>2026-02-24T09:03:00Z</time>
      </trkpt>
      <trkpt lat="63.51963" lon="12.41135">
        <time>2026-02-24T09:33:00Z</time>
      </trkpt>
      <trkpt lat="63.51727" lon="12.42017">
        <time>2026-02-24T09:43:00Z</time>
      </trkpt>
      <trkpt lat="63.52148" lon="12.42976">
        <time>2026-02-24T09:53:00Z</time>
      </trkpt>
      <trkpt lat="63.52399" lon="12.42766">
        <time>2026-02-24T10:03:00Z</time>
      </trkpt>
      <trkpt lat="63.52945" lon="12.43757">
        <time>2026-02-24T10:13:00Z</time>
      </trkpt>
      <trkpt lat="63.53736" lon="12.45148">
        <time>2026-02-24T10:23:00Z</time>
      </trkpt>
      <trkpt lat="63.54557" lon="12.46789">
        <time>2026-02-24T10:33:00Z</time>
      </trkpt>
      <trkpt lat="63.55081" lon="12.47158">
        <time>2026-02-24T10:43:00Z</time>
      </trkpt>
      <trkpt lat="63.55051" lon="12.48808">
        <time>2026-02-24T10:53:00Z</time>
      </trkpt>
      <trkpt lat="63.54916" lon="12.50102">
        <time>2026-02-24T11:03:00Z</time>
      </trkpt>
      <trkpt lat="63.54732" lon="12.51347">
        <time>2026-02-24T11:13:00Z</time>
      </trkpt>
      <trkpt lat="63.54514" lon="12.52855">
        <time>2026-02-24T11:23:00Z</time>
      </trkpt>
      <trkpt lat="63.54167" lon="12.549">
        <time>2026-02-24T11:33:00Z</time>
      </trkpt>
      <trkpt lat="63.54091" lon="12.56593">
        <time>2026-02-24T11:43:00Z</time>
      </trkpt>
      <trkpt lat="63.54085" lon="12.56597">
        <time>2026-02-24T11:53:00Z</time>
      </trkpt>
      <trkpt lat="63.54656" lon="12.57928">
        <time>2026-02-24T12:13:00Z</time>
      </trkpt>
      <trkpt lat="63.55008" lon="12.58842">
        <time>2026-02-24T12:23:00Z</time>
      </trkpt>
      <trkpt lat="63.55594" lon="12.59046">
        <time>2026-02-24T12:33:00Z</time>
      </trkpt>
      <trkpt lat="63.55893" lon="12.58801">
        <time>2026-02-24T12:43:00Z</time>
      </trkpt>
      <trkpt lat="63.56605" lon="12.58861">
        <time>2026-02-24T12:53:00Z</time>
      </trkpt>
      <trkpt lat="63.57071" lon="12.58535">
        <time>2026-02-24T13:03:00Z</time>
      </trkpt>
      <trkpt lat="63.57515" lon="12.58468">
        <time>2026-02-24T13:13:00Z</time>
      </trkpt>
      <trkpt lat="63.58064" lon="12.59505">
        <time>2026-02-24T13:23:00Z</time>
      </trkpt>
      <trkpt lat="63.5871" lon="12.60361">
        <time>2026-02-24T13:33:00Z</time>
      </trkpt>
      <trkpt lat="63.59634" lon="12.60097">
        <time>2026-02-24T13:43:00Z</time>
      </trkpt>
      <trkpt lat="63.59694" lon="12.60065">
        <time>2026-02-24T13:53:00Z</time>
      </trkpt>
      <trkpt lat="63.60038" lon="12.60546">
        <time>2026-02-24T14:23:00Z</time>
      </trkpt>
      <trkpt lat="63.60712" lon="12.60975">
        <time>2026-02-24T14:33:00Z</time>
      </trkpt>
      <trkpt lat="63.61247" lon="12.6211">
        <time>2026-02-24T14:43:00Z</time>
      </trkpt>
      <trkpt lat="63.61796" lon="12.63183">
        <time>2026-02-24T14:53:00Z</time>
      </trkpt>
      <trkpt lat="63.62383" lon="12.63556">
        <time>2026-02-24T15:03:00Z</time>
      </trkpt>
      <trkpt lat="63.63035" lon="12.62689">
        <time>2026-02-24T15:13:00Z</time>
      </trkpt>
      <trkpt lat="63.63468" lon="12.62033">
        <time>2026-02-24T15:23:00Z</time>
      </trkpt>
      <trkpt lat="63.64135" lon="12.61054">
        <time>2026-02-24T15:33:00Z</time>
      </trkpt>
      <trkpt lat="63.6482" lon="12.60157">
        <time>2026-02-24T15:43:00Z</time>
      </trkpt>
      <trkpt lat="63.6515" lon="12.59719">
        <time>2026-02-24T15:53:00Z</time>
      </trkpt>
      <trkpt lat="63.65787" lon="12.58865">
        <time>2026-02-24T16:03:00Z</time>
      </trkpt>
      <trkpt lat="63.66416" lon="12.58035">
        <time>2026-02-24T16:13:00Z</time>
      </trkpt>
      <trkpt lat="63.67003" lon="12.57344">
        <time>2026-02-24T16:23:00Z</time>
      </trkpt>
      <trkpt lat="63.67384" lon="12.57484">
        <time>2026-02-24T16:33:00Z</time>
      </trkpt>
      <trkpt lat="63.67676" lon="12.5734">
        <time>2026-02-24T16:43:00Z</time>
      </trkpt>
      <trkpt lat="63.67959" lon="12.57799">
        <time>2026-02-24T16:53:00Z</time>
      </trkpt>
      <trkpt lat="63.68131" lon="12.57602">
        <time>2026-02-24T17:03:00Z</time>
      </trkpt>
      <trkpt lat="63.6845" lon="12.57623">
        <time>2026-02-24T17:13:00Z</time>
      </trkpt>
      <trkpt lat="63.6868" lon="12.57303">
        <time>2026-02-24T17:23:00Z</time>
      </trkpt>
      <trkpt lat="63.68906" lon="12.56868">
        <time>2026-02-24T17:33:00Z</time>
      </trkpt>
      <trkpt lat="63.68971" lon="12.56655">
        <time>2026-02-24T17:43:00Z</time>
      </trkpt>
      <trkpt lat="63.68964" lon="12.56702">
        <time>2026-02-24T17:53:00Z</time>
      </trkpt>
      <trkpt lat="63.69058" lon="12.56546">
        <time>2026-02-24T18:03:00Z</time>
      </trkpt>
      <trkpt lat="63.69167" lon="12.56612">
        <time>2026-02-24T18:13:00Z</time>
      </trkpt>
      <trkpt lat="63.69295" lon="12.56829">
        <time>2026-02-24T18:23:00Z</time>
      </trkpt>
      <trkpt lat="63.69579" lon="12.57694">
        <time>2026-02-24T18:33:00Z</time>
      </trkpt>
      <trkpt lat="63.69761" lon="12.58702">
        <time>2026-02-24T18:43:00Z</time>
      </trkpt>
      <trkpt lat="63.69953" lon="12.59928">
        <time>2026-02-24T18:53:00Z</time>
      </trkpt>
      <trkpt lat="63.70171" lon="12.60704">
        <time>2026-02-24T19:03:00Z</time>
      </trkpt>
      <trkpt lat="63.70202" lon="12.60571">
        <time>2026-02-24T19:13:00Z</time>
      </trkpt>
      <trkpt lat="63.70205" lon="12.60561">
        <time>2026-02-24T19:46:00Z</time>
      </trkpt>
      <trkpt lat="63.70098" lon="12.60659">
        <time>2026-02-25T08:20:00Z</time>
      </trkpt>
      <trkpt lat="63.70142" lon="12.61473">
        <time>2026-02-25T08:30:00Z</time>
      </trkpt>
      <trkpt lat="63.70129" lon="12.62629">
        <time>2026-02-25T08:40:00Z</time>
      </trkpt>
      <trkpt lat="63.70172" lon="12.63702">
        <time>2026-02-25T08:50:00Z</time>
      </trkpt>
      <trkpt lat="63.70177" lon="12.63867">
        <time>2026-02-25T09:00:00Z</time>
      </trkpt>
      <trkpt lat="63.70168" lon="12.64592">
        <time>2026-02-25T09:10:00Z</time>
      </trkpt>
      <trkpt lat="63.70109" lon="12.65985">
        <time>2026-02-25T09:20:00Z</time>
      </trkpt>
      <trkpt lat="63.69977" lon="12.66981">
        <time>2026-02-25T09:30:00Z</time>
      </trkpt>
      <trkpt lat="63.69883" lon="12.67978">
        <time>2026-02-25T09:40:00Z</time>
      </trkpt>
      <trkpt lat="63.69844" lon="12.68901">
        <time>2026-02-25T09:50:00Z</time>
      </trkpt>
      <trkpt lat="63.69867" lon="12.70219">
        <time>2026-02-25T10:00:00Z</time>
      </trkpt>
      <trkpt lat="63.69875" lon="12.72165">
        <time>2026-02-25T10:10:00Z</time>
      </trkpt>
      <trkpt lat="63.70127" lon="12.73759">
        <time>2026-02-25T10:20:00Z</time>
      </trkpt>
      <trkpt lat="63.70076" lon="12.75212">
        <time>2026-02-25T10:30:00Z</time>
      </trkpt>
      <trkpt lat="63.70155" lon="12.76304">
        <time>2026-02-25T10:40:00Z</time>
      </trkpt>
      <trkpt lat="63.70167" lon="12.76922">
        <time>2026-02-25T10:50:00Z</time>
      </trkpt>
      <trkpt lat="63.70237" lon="12.77609">
        <time>2026-02-25T11:00:00Z</time>
      </trkpt>
      <trkpt lat="63.70194" lon="12.78443">
        <time>2026-02-25T11:10:00Z</time>
      </trkpt>
      <trkpt lat="63.70289" lon="12.78632">
        <time>2026-02-25T11:20:00Z</time>
      </trkpt>
      <trkpt lat="63.70593" lon="12.79295">
        <time>2026-02-25T11:30:00Z</time>
      </trkpt>
      <trkpt lat="63.7087" lon="12.79898">
        <time>2026-02-25T11:40:00Z</time>
      </trkpt>
      <trkpt lat="63.7093" lon="12.80113">
        <time>2026-02-25T11:50:00Z</time>
      </trkpt>
      <trkpt lat="63.70928" lon="12.80111">
        <time>2026-02-25T12:00:00Z</time>
      </trkpt>
      <trkpt lat="63.71256" lon="12.80426">
        <time>2026-02-25T12:30:00Z</time>
      </trkpt>
      <trkpt lat="63.71853" lon="12.8202">
        <time>2026-02-25T12:40:00Z</time>
      </trkpt>
      <trkpt lat="63.72274" lon="12.82977">
        <time>2026-02-25T12:50:00Z</time>
      </trkpt>
      <trkpt lat="63.72558" lon="12.83842">
        <time>2026-02-25T13:00:00Z</time>
      </trkpt>
      <trkpt lat="63.72704" lon="12.84962">
        <time>2026-02-25T13:10:00Z</time>
      </trkpt>
      <trkpt lat="63.72557" lon="12.86121">
        <time>2026-02-25T13:20:00Z</time>
      </trkpt>
      <trkpt lat="63.72475" lon="12.86516">
        <time>2026-02-25T13:30:00Z</time>
      </trkpt>
      <trkpt lat="63.72382" lon="12.87496">
        <time>2026-02-25T13:40:00Z</time>
      </trkpt>
      <trkpt lat="63.72657" lon="12.87934">
        <time>2026-02-25T13:50:00Z</time>
      </trkpt>
      <trkpt lat="63.72818" lon="12.87921">
        <time>2026-02-25T14:00:00Z</time>
      </trkpt>
      <trkpt lat="63.73438" lon="12.88359">
        <time>2026-02-25T14:10:00Z</time>
      </trkpt>
      <trkpt lat="63.74343" lon="12.90417">
        <time>2026-02-25T14:20:00Z</time>
      </trkpt>
      <trkpt lat="63.74554" lon="12.92041">
        <time>2026-02-25T14:30:00Z</time>
      </trkpt>
      <trkpt lat="63.74453" lon="12.93318">
        <time>2026-02-25T14:40:00Z</time>
      </trkpt>
      <trkpt lat="63.74324" lon="12.94447">
        <time>2026-02-25T14:50:00Z</time>
      </trkpt>
      <trkpt lat="63.74428" lon="12.95485">
        <time>2026-02-25T15:00:00Z</time>
      </trkpt>
      <trkpt lat="63.74694" lon="12.95856">
        <time>2026-02-25T15:10:00Z</time>
      </trkpt>
      <trkpt lat="63.74991" lon="12.95436">
        <time>2026-02-25T15:20:00Z</time>
      </trkpt>
      <trkpt lat="63.75243" lon="12.95569">
        <time>2026-02-25T15:30:00Z</time>
      </trkpt>
      <trkpt lat="63.753" lon="12.95751">
        <time>2026-02-25T15:40:00Z</time>
      </trkpt>
      <trkpt lat="63.75065" lon="12.95949">
        <time>2026-02-25T15:50:00Z</time>
      </trkpt>
      <trkpt lat="63.75077" lon="12.95974">
        <time>2026-02-25T16:00:00Z</time>
      </trkpt>
      <trkpt lat="63.75079" lon="12.95968">
        <time>2026-02-25T16:26:00Z</time>
      </trkpt>
      <trkpt lat="63.75093" lon="12.96052">
        <time>2026-02-26T08:20:00Z</time>
      </trkpt>
      <trkpt lat="63.75259" lon="12.95562">
        <time>2026-02-26T08:30:00Z</time>
      </trkpt>
      <trkpt lat="63.74591" lon="12.95835">
        <time>2026-02-26T08:40:00Z</time>
      </trkpt>
      <trkpt lat="63.7402" lon="12.95854">
        <time>2026-02-26T08:50:00Z</time>
      </trkpt>
      <trkpt lat="63.73456" lon="12.95841">
        <time>2026-02-26T09:00:00Z</time>
      </trkpt>
      <trkpt lat="63.73161" lon="12.96195">
        <time>2026-02-26T09:10:00Z</time>
      </trkpt>
      <trkpt lat="63.72596" lon="12.97298">
        <time>2026-02-26T09:20:00Z</time>
      </trkpt>
      <trkpt lat="63.7244" lon="12.96985">
        <time>2026-02-26T09:30:00Z</time>
      </trkpt>
      <trkpt lat="63.7153" lon="12.96296">
        <time>2026-02-26T09:40:00Z</time>
      </trkpt>
      <trkpt lat="63.71039" lon="12.95682">
        <time>2026-02-26T09:50:00Z</time>
      </trkpt>
      <trkpt lat="63.70333" lon="12.95007">
        <time>2026-02-26T10:00:00Z</time>
      </trkpt>
      <trkpt lat="63.70145" lon="12.95674">
        <time>2026-02-26T10:10:00Z</time>
      </trkpt>
      <trkpt lat="63.70139" lon="12.95663">
        <time>2026-02-26T11:06:00Z</time>
      </trkpt>
      <trkpt lat="63.7005" lon="12.96135">
        <time>2026-02-26T11:16:00Z</time>
      </trkpt>
      <trkpt lat="63.69359" lon="12.97629">
        <time>2026-02-26T11:26:00Z</time>
      </trkpt>
      <trkpt lat="63.68924" lon="12.98275">
        <time>2026-02-26T11:36:00Z</time>
      </trkpt>
      <trkpt lat="63.6839" lon="12.99877">
        <time>2026-02-26T11:46:00Z</time>
      </trkpt>
      <trkpt lat="63.68362" lon="13.01047">
        <time>2026-02-26T11:56:00Z</time>
      </trkpt>
      <trkpt lat="63.68159" lon="13.02564">
        <time>2026-02-26T12:06:00Z</time>
      </trkpt>
      <trkpt lat="63.67973" lon="13.04401">
        <time>2026-02-26T12:16:00Z</time>
      </trkpt>
      <trkpt lat="63.67561" lon="13.05182">
        <time>2026-02-26T12:26:00Z</time>
      </trkpt>
      <trkpt lat="63.66879" lon="13.04735">
        <time>2026-02-26T12:36:00Z</time>
      </trkpt>
      <trkpt lat="63.66434" lon="13.04875">
        <time>2026-02-26T12:46:00Z</time>
      </trkpt>
      <trkpt lat="63.65785" lon="13.06128">
        <time>2026-02-26T12:56:00Z</time>
      </trkpt>
      <trkpt lat="63.65377" lon="13.06613">
        <time>2026-02-26T13:06:00Z</time>
      </trkpt>
      <trkpt lat="63.64828" lon="13.06918">
        <time>2026-02-26T13:16:00Z</time>
      </trkpt>
      <trkpt lat="63.64252" lon="13.07806">
        <time>2026-02-26T13:26:00Z</time>
      </trkpt>
      <trkpt lat="63.63824" lon="13.09518">
        <time>2026-02-26T13:36:00Z</time>
      </trkpt>
      <trkpt lat="63.6334" lon="13.11149">
        <time>2026-02-26T13:46:00Z</time>
      </trkpt>
      <trkpt lat="63.62675" lon="13.12608">
        <time>2026-02-26T13:56:00Z</time>
      </trkpt>
      <trkpt lat="63.6239" lon="13.13866">
        <time>2026-02-26T14:06:00Z</time>
      </trkpt>
      <trkpt lat="63.62294" lon="13.14636">
        <time>2026-02-26T14:16:00Z</time>
      </trkpt>
      <trkpt lat="63.62297" lon="13.14651">
        <time>2026-02-26T14:26:00Z</time>
      </trkpt>
      <trkpt lat="63.62329" lon="13.15426">
        <time>2026-02-26T14:46:00Z</time>
      </trkpt>
      <trkpt lat="63.62041" lon="13.16943">
        <time>2026-02-26T14:56:00Z</time>
      </trkpt>
      <trkpt lat="63.61838" lon="13.18215">
        <time>2026-02-26T15:06:00Z</time>
      </trkpt>
      <trkpt lat="63.61711" lon="13.1961">
        <time>2026-02-26T15:16:00Z</time>
      </trkpt>
      <trkpt lat="63.61455" lon="13.20586">
        <time>2026-02-26T15:26:00Z</time>
      </trkpt>
      <trkpt lat="63.61746" lon="13.21022">
        <time>2026-02-26T15:36:00Z</time>
      </trkpt>
      <trkpt lat="63.62199" lon="13.2156">
        <time>2026-02-26T15:46:00Z</time>
      </trkpt>
      <trkpt lat="63.6253" lon="13.22033">
        <time>2026-02-26T15:56:00Z</time>
      </trkpt>
      <trkpt lat="63.62839" lon="13.22243">
        <time>2026-02-26T16:06:00Z</time>
      </trkpt>
      <trkpt lat="63.63314" lon="13.22575">
        <time>2026-02-26T16:16:00Z</time>
      </trkpt>
      <trkpt lat="63.63716" lon="13.23191">
        <time>2026-02-26T16:26:00Z</time>
      </trkpt>
      <trkpt lat="63.63854" lon="13.2364">
        <time>2026-02-26T16:36:00Z</time>
      </trkpt>
      <trkpt lat="63.63916" lon="13.23981">
        <time>2026-02-26T16:46:00Z</time>
      </trkpt>
      <trkpt lat="63.63988" lon="13.2517">
        <time>2026-02-26T16:56:00Z</time>
      </trkpt>
      <trkpt lat="63.63989" lon="13.26494">
        <time>2026-02-26T17:06:00Z</time>
      </trkpt>
      <trkpt lat="63.64103" lon="13.29148">
        <time>2026-02-26T17:16:00Z</time>
      </trkpt>
      <trkpt lat="63.64655" lon="13.28798">
        <time>2026-02-26T17:26:00Z</time>
      </trkpt>
      <trkpt lat="63.64654" lon="13.288">
        <time>2026-02-26T17:36:00Z</time>
      </trkpt>
      <trkpt lat="63.65487" lon="13.28663">
        <time>2026-02-26T17:46:00Z</time>
      </trkpt>
      <trkpt lat="63.66072" lon="13.2888">
        <time>2026-02-26T17:56:00Z</time>
      </trkpt>
      <trkpt lat="63.66075" lon="13.28884">
        <time>2026-02-26T18:06:00Z</time>
      </trkpt>
      <trkpt lat="63.66067" lon="13.28875">
        <time>2026-02-26T18:19:00Z</time>
      </trkpt>
      <trkpt lat="63.66059" lon="13.28839">
        <time>2026-02-27T07:39:00Z</time>
      </trkpt>
      <trkpt lat="63.66369" lon="13.28893">
        <time>2026-02-27T07:49:00Z</time>
      </trkpt>
      <trkpt lat="63.66767" lon="13.29674">
        <time>2026-02-27T07:59:00Z</time>
      </trkpt>
      <trkpt lat="63.66949" lon="13.30564">
        <time>2026-02-27T08:09:00Z</time>
      </trkpt>
      <trkpt lat="63.67356" lon="13.31418">
        <time>2026-02-27T08:19:00Z</time>
      </trkpt>
      <trkpt lat="63.67438" lon="13.33418">
        <time>2026-02-27T08:29:00Z</time>
      </trkpt>
      <trkpt lat="63.67394" lon="13.34587">
        <time>2026-02-27T08:39:00Z</time>
      </trkpt>
      <trkpt lat="63.67456" lon="13.36203">
        <time>2026-02-27T08:49:00Z</time>
      </trkpt>
      <trkpt lat="63.67709" lon="13.37227">
        <time>2026-02-27T08:59:00Z</time>
      </trkpt>
      <trkpt lat="63.67578" lon="13.36727">
        <time>2026-02-27T09:09:00Z</time>
      </trkpt>
      <trkpt lat="63.67603" lon="13.36755">
        <time>2026-02-27T09:19:00Z</time>
      </trkpt>
      <trkpt lat="63.6811" lon="13.38323">
        <time>2026-02-27T10:29:00Z</time>
      </trkpt>
      <trkpt lat="63.681" lon="13.40299">
        <time>2026-02-27T10:39:00Z</time>
      </trkpt>
      <trkpt lat="63.68175" lon="13.41707">
        <time>2026-02-27T10:49:00Z</time>
      </trkpt>
      <trkpt lat="63.68534" lon="13.43284">
        <time>2026-02-27T10:59:00Z</time>
      </trkpt>
      <trkpt lat="63.68633" lon="13.43288">
        <time>2026-02-27T11:09:00Z</time>
      </trkpt>
      <trkpt lat="63.69022" lon="13.4425">
        <time>2026-02-27T11:19:00Z</time>
      </trkpt>
      <trkpt lat="63.69293" lon="13.45947">
        <time>2026-02-27T11:29:00Z</time>
      </trkpt>
      <trkpt lat="63.69178" lon="13.47346">
        <time>2026-02-27T11:39:00Z</time>
      </trkpt>
      <trkpt lat="63.6901" lon="13.48709">
        <time>2026-02-27T11:49:00Z</time>
      </trkpt>
      <trkpt lat="63.68969" lon="13.49237">
        <time>2026-02-27T11:59:00Z</time>
      </trkpt>
      <trkpt lat="63.68979" lon="13.4923">
        <time>2026-02-27T12:09:00Z</time>
      </trkpt>
      <trkpt lat="63.68894" lon="13.50769">
        <time>2026-02-27T12:39:00Z</time>
      </trkpt>
      <trkpt lat="63.69028" lon="13.5203">
        <time>2026-02-27T12:49:00Z</time>
      </trkpt>
      <trkpt lat="63.69196" lon="13.53103">
        <time>2026-02-27T12:59:00Z</time>
      </trkpt>
      <trkpt lat="63.69251" lon="13.54058">
        <time>2026-02-27T13:09:00Z</time>
      </trkpt>
      <trkpt lat="63.69299" lon="13.54921">
        <time>2026-02-27T13:19:00Z</time>
      </trkpt>
      <trkpt lat="63.69336" lon="13.56479">
        <time>2026-02-27T13:29:00Z</time>
      </trkpt>
      <trkpt lat="63.69097" lon="13.58071">
        <time>2026-02-27T13:39:00Z</time>
      </trkpt>
      <trkpt lat="63.6905" lon="13.5889">
        <time>2026-02-27T13:49:00Z</time>
      </trkpt>
      <trkpt lat="63.69367" lon="13.59779">
        <time>2026-02-27T13:59:00Z</time>
      </trkpt>
      <trkpt lat="63.69553" lon="13.60959">
        <time>2026-02-27T14:09:00Z</time>
      </trkpt>
      <trkpt lat="63.69505" lon="13.62062">
        <time>2026-02-27T14:19:00Z</time>
      </trkpt>
      <trkpt lat="63.69506" lon="13.62062">
        <time>2026-02-27T14:29:00Z</time>
      </trkpt>
      <trkpt lat="63.69539" lon="13.62424">
        <time>2026-02-27T15:09:00Z</time>
      </trkpt>
      <trkpt lat="63.69578" lon="13.63714">
        <time>2026-02-27T15:19:00Z</time>
      </trkpt>
      <trkpt lat="63.69651" lon="13.63015">
        <time>2026-02-27T15:29:00Z</time>
      </trkpt>
      <trkpt lat="63.69636" lon="13.62596">
        <time>2026-02-27T15:39:00Z</time>
      </trkpt>
      <trkpt lat="63.69626" lon="13.62585">
        <time>2026-02-27T15:49:00Z</time>
      </trkpt>
      <trkpt lat="63.69639" lon="13.62575">
        <time>2026-02-27T16:37:00Z</time>
      </trkpt>
      <trkpt lat="63.70048" lon="13.61532">
        <time>2026-02-28T08:22:00Z</time>
      </trkpt>
      <trkpt lat="63.70291" lon="13.60652">
        <time>2026-02-28T08:32:00Z</time>
      </trkpt>
      <trkpt lat="63.70985" lon="13.60652">
        <time>2026-02-28T08:42:00Z</time>
      </trkpt>
      <trkpt lat="63.71575" lon="13.61111">
        <time>2026-02-28T08:52:00Z</time>
      </trkpt>
      <trkpt lat="63.71912" lon="13.61416">
        <time>2026-02-28T09:02:00Z</time>
      </trkpt>
      <trkpt lat="63.72486" lon="13.61905">
        <time>2026-02-28T09:12:00Z</time>
      </trkpt>
      <trkpt lat="63.73011" lon="13.62008">
        <time>2026-02-28T09:22:00Z</time>
      </trkpt>
      <trkpt lat="63.73641" lon="13.62446">
        <time>2026-02-28T09:32:00Z</time>
      </trkpt>
      <trkpt lat="63.7432" lon="13.62654">
        <time>2026-02-28T09:42:00Z</time>
      </trkpt>
      <trkpt lat="63.7458" lon="13.6306">
        <time>2026-02-28T09:52:00Z</time>
      </trkpt>
      <trkpt lat="63.74775" lon="13.63291">
        <time>2026-02-28T10:02:00Z</time>
      </trkpt>
      <trkpt lat="63.74792" lon="13.63454">
        <time>2026-02-28T10:12:00Z</time>
      </trkpt>
      <trkpt lat="63.74902" lon="13.64926">
        <time>2026-02-28T10:22:00Z</time>
      </trkpt>
      <trkpt lat="63.75338" lon="13.65298">
        <time>2026-02-28T10:32:00Z</time>
      </trkpt>
      <trkpt lat="63.75416" lon="13.66162">
        <time>2026-02-28T10:42:00Z</time>
      </trkpt>
      <trkpt lat="63.75146" lon="13.67866">
        <time>2026-02-28T10:52:00Z</time>
      </trkpt>
      <trkpt lat="63.74947" lon="13.69196">
        <time>2026-02-28T11:02:00Z</time>
      </trkpt>
      <trkpt lat="63.74946" lon="13.69194">
        <time>2026-02-28T11:12:00Z</time>
      </trkpt>
      <trkpt lat="63.74801" lon="13.70141">
        <time>2026-02-28T11:52:00Z</time>
      </trkpt>
      <trkpt lat="63.74484" lon="13.72143">
        <time>2026-02-28T12:02:00Z</time>
      </trkpt>
      <trkpt lat="63.74463" lon="13.73915">
        <time>2026-02-28T12:12:00Z</time>
      </trkpt>
      <trkpt lat="63.74827" lon="13.74763">
        <time>2026-02-28T12:22:00Z</time>
      </trkpt>
      <trkpt lat="63.75059" lon="13.76357">
        <time>2026-02-28T12:32:00Z</time>
      </trkpt>
      <trkpt lat="63.75055" lon="13.76567">
        <time>2026-02-28T12:42:00Z</time>
      </trkpt>
      <trkpt lat="63.75056" lon="13.76561">
        <time>2026-02-28T12:52:00Z</time>
      </trkpt>
      <trkpt lat="63.75138" lon="13.77009">
        <time>2026-02-28T13:32:00Z</time>
      </trkpt>
      <trkpt lat="63.75377" lon="13.77404">
        <time>2026-02-28T13:42:00Z</time>
      </trkpt>
      <trkpt lat="63.75861" lon="13.77936">
        <time>2026-02-28T13:52:00Z</time>
      </trkpt>
      <trkpt lat="63.76117" lon="13.78475">
        <time>2026-02-28T14:02:00Z</time>
      </trkpt>
      <trkpt lat="63.76203" lon="13.78958">
        <time>2026-02-28T14:12:00Z</time>
      </trkpt>
      <trkpt lat="63.7656" lon="13.80007">
        <time>2026-02-28T14:22:00Z</time>
      </trkpt>
      <trkpt lat="63.76858" lon="13.80932">
        <time>2026-02-28T14:32:00Z</time>
      </trkpt>
      <trkpt lat="63.77139" lon="13.81691">
        <time>2026-02-28T14:42:00Z</time>
      </trkpt>
      <trkpt lat="63.77556" lon="13.82829">
        <time>2026-02-28T14:52:00Z</time>
      </trkpt>
      <trkpt lat="63.78064" lon="13.82123">
        <time>2026-02-28T15:02:00Z</time>
      </trkpt>
      <trkpt lat="63.78066" lon="13.82118">
        <time>2026-02-28T15:12:00Z</time>
      </trkpt>
      <trkpt lat="63.78048" lon="13.82135">
        <time>2026-02-28T15:37:00Z</time>
      </trkpt>
      <trkpt lat="63.78072" lon="13.8211">
        <time>2026-03-01T09:03:00Z</time>
      </trkpt>
      <trkpt lat="63.78093" lon="13.82515">
        <time>2026-03-01T09:13:00Z</time>
      </trkpt>
      <trkpt lat="63.78198" lon="13.83178">
        <time>2026-03-01T09:23:00Z</time>
      </trkpt>
      <trkpt lat="63.78592" lon="13.83189">
        <time>2026-03-01T09:33:00Z</time>
      </trkpt>
      <trkpt lat="63.79265" lon="13.83734">
        <time>2026-03-01T09:43:00Z</time>
      </trkpt>
      <trkpt lat="63.80126" lon="13.83552">
        <time>2026-03-01T09:53:00Z</time>
      </trkpt>
      <trkpt lat="63.80871" lon="13.83112">
        <time>2026-03-01T10:03:00Z</time>
      </trkpt>
      <trkpt lat="63.81656" lon="13.83028">
        <time>2026-03-01T10:13:00Z</time>
      </trkpt>
      <trkpt lat="63.82237" lon="13.83876">
        <time>2026-03-01T10:23:00Z</time>
      </trkpt>
      <trkpt lat="63.82584" lon="13.85764">
        <time>2026-03-01T10:33:00Z</time>
      </trkpt>
      <trkpt lat="63.83158" lon="13.86972">
        <time>2026-03-01T10:43:00Z</time>
      </trkpt>
      <trkpt lat="63.83941" lon="13.87669">
        <time>2026-03-01T10:53:00Z</time>
      </trkpt>
      <trkpt lat="63.84597" lon="13.8774">
        <time>2026-03-01T11:03:00Z</time>
      </trkpt>
      <trkpt lat="63.85523" lon="13.87599">
        <time>2026-03-01T11:13:00Z</time>
      </trkpt>
      <trkpt lat="63.86355" lon="13.8762">
        <time>2026-03-01T11:23:00Z</time>
      </trkpt>
      <trkpt lat="63.86905" lon="13.86903">
        <time>2026-03-01T11:33:00Z</time>
      </trkpt>
      <trkpt lat="63.8691" lon="13.86914">
        <time>2026-03-01T11:43:00Z</time>
      </trkpt>
      <trkpt lat="63.87099" lon="13.86871">
        <time>2026-03-01T11:53:00Z</time>
      </trkpt>
      <trkpt lat="63.87853" lon="13.8638">
        <time>2026-03-01T12:03:00Z</time>
      </trkpt>
      <trkpt lat="63.88161" lon="13.85923">
        <time>2026-03-01T12:13:00Z</time>
      </trkpt>
      <trkpt lat="63.8885" lon="13.85468">
        <time>2026-03-01T12:23:00Z</time>
      </trkpt>
      <trkpt lat="63.89283" lon="13.86429">
        <time>2026-03-01T12:33:00Z</time>
      </trkpt>
      <trkpt lat="63.90046" lon="13.8665">
        <time>2026-03-01T12:43:00Z</time>
      </trkpt>
      <trkpt lat="63.90563" lon="13.86517">
        <time>2026-03-01T12:54:00Z</time>
      </trkpt>
      <trkpt lat="63.91212" lon="13.86665">
        <time>2026-03-01T13:04:00Z</time>
      </trkpt>
      <trkpt lat="63.9159" lon="13.86807">
        <time>2026-03-01T13:14:00Z</time>
      </trkpt>
      <trkpt lat="63.92498" lon="13.87339">
        <time>2026-03-01T13:24:00Z</time>
      </trkpt>
      <trkpt lat="63.92836" lon="13.87802">
        <time>2026-03-01T13:34:00Z</time>
      </trkpt>
      <trkpt lat="63.92833" lon="13.87805">
        <time>2026-03-01T13:44:00Z</time>
      </trkpt>
      <trkpt lat="63.92986" lon="13.88526">
        <time>2026-03-01T14:14:00Z</time>
      </trkpt>
      <trkpt lat="63.93738" lon="13.89601">
        <time>2026-03-01T14:24:00Z</time>
      </trkpt>
      <trkpt lat="63.9432" lon="13.90858">
        <time>2026-03-01T14:34:00Z</time>
      </trkpt>
      <trkpt lat="63.9517" lon="13.92152">
        <time>2026-03-01T14:44:00Z</time>
      </trkpt>
      <trkpt lat="63.95771" lon="13.93669">
        <time>2026-03-01T14:54:00Z</time>
      </trkpt>
      <trkpt lat="63.96154" lon="13.94952">
        <time>2026-03-01T15:04:00Z</time>
      </trkpt>
      <trkpt lat="63.96168" lon="13.94963">
        <time>2026-03-01T15:14:00Z</time>
      </trkpt>
      <trkpt lat="63.9676" lon="13.94744">
        <time>2026-03-01T15:34:00Z</time>
      </trkpt>
      <trkpt lat="63.97471" lon="13.96055">
        <time>2026-03-01T15:44:00Z</time>
      </trkpt>
      <trkpt lat="63.97901" lon="13.97106">
        <time>2026-03-01T15:54:00Z</time>
      </trkpt>
      <trkpt lat="63.98271" lon="13.97091">
        <time>2026-03-01T16:04:00Z</time>
      </trkpt>
      <trkpt lat="63.98669" lon="13.97199">
        <time>2026-03-01T16:14:00Z</time>
      </trkpt>
      <trkpt lat="63.99168" lon="13.97965">
        <time>2026-03-01T16:24:00Z</time>
      </trkpt>
      <trkpt lat="63.99748" lon="13.98688">
        <time>2026-03-01T16:34:00Z</time>
      </trkpt>
      <trkpt lat="63.9956" lon="13.99334">
        <time>2026-03-01T16:44:00Z</time>
      </trkpt>
      <trkpt lat="64.0006" lon="14.00126">
        <time>2026-03-01T16:54:00Z</time>
      </trkpt>
      <trkpt lat="64.00541" lon="14.00855">
        <time>2026-03-01T17:04:00Z</time>
      </trkpt>
      <trkpt lat="64.00604" lon="14.01999">
        <time>2026-03-01T17:14:00Z</time>
      </trkpt>
      <trkpt lat="64.01345" lon="14.01392">
        <time>2026-03-01T17:24:00Z</time>
      </trkpt>
      <trkpt lat="64.01618" lon="14.00894">
        <time>2026-03-01T17:34:00Z</time>
      </trkpt>
      <trkpt lat="64.01626" lon="14.00898">
        <time>2026-03-01T17:38:00Z</time>
      </trkpt>
      <trkpt lat="64.01616" lon="14.00866">
        <time>2026-03-02T08:10:00Z</time>
      </trkpt>
      <trkpt lat="64.01798" lon="14.01484">
        <time>2026-03-02T08:20:00Z</time>
      </trkpt>
      <trkpt lat="64.02104" lon="14.02926">
        <time>2026-03-02T08:30:00Z</time>
      </trkpt>
      <trkpt lat="64.02438" lon="14.03909">
        <time>2026-03-02T08:40:00Z</time>
      </trkpt>
      <trkpt lat="64.02603" lon="14.04037">
        <time>2026-03-02T08:50:00Z</time>
      </trkpt>
      <trkpt lat="64.02512" lon="14.06247">
        <time>2026-03-02T09:00:00Z</time>
      </trkpt>
      <trkpt lat="64.02836" lon="14.08039">
        <time>2026-03-02T09:10:00Z</time>
      </trkpt>
      <trkpt lat="64.03049" lon="14.087">
        <time>2026-03-02T09:20:00Z</time>
      </trkpt>
      <trkpt lat="64.03639" lon="14.08906">
        <time>2026-03-02T09:30:00Z</time>
      </trkpt>
      <trkpt lat="64.0463" lon="14.1082">
        <time>2026-03-02T09:40:00Z</time>
      </trkpt>
      <trkpt lat="64.05008" lon="14.09648">
        <time>2026-03-02T09:50:00Z</time>
      </trkpt>
      <trkpt lat="64.05379" lon="14.08685">
        <time>2026-03-02T10:00:00Z</time>
      </trkpt>
      <trkpt lat="64.05851" lon="14.08161">
        <time>2026-03-02T10:10:00Z</time>
      </trkpt>
      <trkpt lat="64.06032" lon="14.07183">
        <time>2026-03-02T10:20:00Z</time>
      </trkpt>
      <trkpt lat="64.06424" lon="14.07696">
        <time>2026-03-02T10:30:00Z</time>
      </trkpt>
      <trkpt lat="64.06491" lon="14.08573">
        <time>2026-03-02T10:40:00Z</time>
      </trkpt>
      <trkpt lat="64.0672" lon="14.10103">
        <time>2026-03-02T10:50:00Z</time>
      </trkpt>
      <trkpt lat="64.06909" lon="14.1094">
        <time>2026-03-02T11:00:00Z</time>
      </trkpt>
      <trkpt lat="64.06915" lon="14.12436">
        <time>2026-03-02T11:10:00Z</time>
      </trkpt>
      <trkpt lat="64.06718" lon="14.14092">
        <time>2026-03-02T11:20:00Z</time>
      </trkpt>
      <trkpt lat="64.06715" lon="14.14071">
        <time>2026-03-02T11:30:00Z</time>
      </trkpt>
      <trkpt lat="64.06901" lon="14.13813">
        <time>2026-03-02T12:20:00Z</time>
      </trkpt>
      <trkpt lat="64.07374" lon="14.13938">
        <time>2026-03-02T12:30:00Z</time>
      </trkpt>
      <trkpt lat="64.07965" lon="14.13725">
        <time>2026-03-02T12:40:00Z</time>
      </trkpt>
      <trkpt lat="64.08795" lon="14.13824">
        <time>2026-03-02T12:50:00Z</time>
      </trkpt>
      <trkpt lat="64.09618" lon="14.14193">
        <time>2026-03-02T13:00:00Z</time>
      </trkpt>
      <trkpt lat="64.10167" lon="14.14861">
        <time>2026-03-02T13:10:00Z</time>
      </trkpt>
      <trkpt lat="64.10651" lon="14.15034">
        <time>2026-03-02T13:20:00Z</time>
      </trkpt>
      <trkpt lat="64.11378" lon="14.15101">
        <time>2026-03-02T13:30:00Z</time>
      </trkpt>
      <trkpt lat="64.11875" lon="14.14798">
        <time>2026-03-02T13:40:00Z</time>
      </trkpt>
      <trkpt lat="64.12264" lon="14.15356">
        <time>2026-03-02T13:50:00Z</time>
      </trkpt>
      <trkpt lat="64.12306" lon="14.15305">
        <time>2026-03-02T14:00:00Z</time>
      </trkpt>
      <trkpt lat="64.12562" lon="14.15448">
        <time>2026-03-02T14:10:00Z</time>
      </trkpt>
      <trkpt lat="64.12748" lon="14.16206">
        <time>2026-03-02T14:20:00Z</time>
      </trkpt>
      <trkpt lat="64.12858" lon="14.16817">
        <time>2026-03-02T14:30:00Z</time>
      </trkpt>
      <trkpt lat="64.12859" lon="14.1685">
        <time>2026-03-02T14:40:00Z</time>
      </trkpt>
      <trkpt lat="64.13035" lon="14.17693">
        <time>2026-03-02T14:50:00Z</time>
      </trkpt>
      <trkpt lat="64.1319" lon="14.18214">
        <time>2026-03-02T15:00:00Z</time>
      </trkpt>
      <trkpt lat="64.13483" lon="14.18618">
        <time>2026-03-02T15:10:00Z</time>
      </trkpt>
      <trkpt lat="64.14029" lon="14.19362">
        <time>2026-03-02T15:20:00Z</time>
      </trkpt>
      <trkpt lat="64.14441" lon="14.20255">
        <time>2026-03-02T15:30:00Z</time>
      </trkpt>
      <trkpt lat="64.14633" lon="14.21221">
        <time>2026-03-02T15:40:00Z</time>
      </trkpt>
      <trkpt lat="64.14962" lon="14.21639">
        <time>2026-03-02T15:50:00Z</time>
      </trkpt>
      <trkpt lat="64.15258" lon="14.21957">
        <time>2026-03-02T16:00:00Z</time>
      </trkpt>
      <trkpt lat="64.15455" lon="14.22708">
        <time>2026-03-02T16:10:00Z</time>
      </trkpt>
      <trkpt lat="64.15757" lon="14.23338">
        <time>2026-03-02T16:20:00Z</time>
      </trkpt>
      <trkpt lat="64.15894" lon="14.24027">
        <time>2026-03-02T16:30:00Z</time>
      </trkpt>
      <trkpt lat="64.16363" lon="14.24652">
        <time>2026-03-02T16:40:00Z</time>
      </trkpt>
      <trkpt lat="64.16445" lon="14.24753">
        <time>2026-03-02T16:50:00Z</time>
      </trkpt>
      <trkpt lat="64.16448" lon="14.24748">
        <time>2026-03-02T17:00:00Z</time>
      </trkpt>
      <trkpt lat="64.16445" lon="14.2475">
        <time>2026-03-02T17:38:00Z</time>
      </trkpt>
      <trkpt lat="64.16694" lon="14.25845">
        <time>2026-03-03T07:26:00Z</time>
      </trkpt>
      <trkpt lat="64.16997" lon="14.2577">
        <time>2026-03-03T07:36:00Z</time>
      </trkpt>
      <trkpt lat="64.17487" lon="14.25111">
        <time>2026-03-03T07:46:00Z</time>
      </trkpt>
      <trkpt lat="64.17885" lon="14.24409">
        <time>2026-03-03T07:56:00Z</time>
      </trkpt>
      <trkpt lat="64.18275" lon="14.24628">
        <time>2026-03-03T08:06:00Z</time>
      </trkpt>
      <trkpt lat="64.18157" lon="14.25737">
        <time>2026-03-03T08:16:00Z</time>
      </trkpt>
      <trkpt lat="64.18235" lon="14.25898">
        <time>2026-03-03T08:26:00Z</time>
      </trkpt>
      <trkpt lat="64.18753" lon="14.25804">
        <time>2026-03-03T08:36:00Z</time>
      </trkpt>
      <trkpt lat="64.19135" lon="14.26875">
        <time>2026-03-03T08:46:00Z</time>
      </trkpt>
      <trkpt lat="64.19743" lon="14.27744">
        <time>2026-03-03T08:56:00Z</time>
      </trkpt>
      <trkpt lat="64.20458" lon="14.27793">
        <time>2026-03-03T09:06:00Z</time>
      </trkpt>
      <trkpt lat="64.20971" lon="14.2819">
        <time>2026-03-03T09:16:00Z</time>
      </trkpt>
      <trkpt lat="64.21474" lon="14.28542">
        <time>2026-03-03T09:26:00Z</time>
      </trkpt>
      <trkpt lat="64.22102" lon="14.29662">
        <time>2026-03-03T09:36:00Z</time>
      </trkpt>
      <trkpt lat="64.22142" lon="14.30261">
        <time>2026-03-03T09:46:00Z</time>
      </trkpt>
      <trkpt lat="64.23024" lon="14.30827">
        <time>2026-03-03T09:56:00Z</time>
      </trkpt>
      <trkpt lat="64.23815" lon="14.31228">
        <time>2026-03-03T10:06:00Z</time>
      </trkpt>
      <trkpt lat="64.24251" lon="14.31546">
        <time>2026-03-03T10:16:00Z</time>
      </trkpt>
      <trkpt lat="64.24458" lon="14.31879">
        <time>2026-03-03T10:26:00Z</time>
      </trkpt>
      <trkpt lat="64.2446" lon="14.31881">
        <time>2026-03-03T10:36:00Z</time>
      </trkpt>
      <trkpt lat="64.2475" lon="14.33314">
        <time>2026-03-03T11:06:00Z</time>
      </trkpt>
      <trkpt lat="64.25286" lon="14.33752">
        <time>2026-03-03T11:16:00Z</time>
      </trkpt>
      <trkpt lat="64.2567" lon="14.34164">
        <time>2026-03-03T11:26:00Z</time>
      </trkpt>
      <trkpt lat="64.25788" lon="14.34696">
        <time>2026-03-03T11:36:00Z</time>
      </trkpt>
      <trkpt lat="64.26288" lon="14.35175">
        <time>2026-03-03T11:46:00Z</time>
      </trkpt>
      <trkpt lat="64.26379" lon="14.35943">
        <time>2026-03-03T11:56:00Z</time>
      </trkpt>
      <trkpt lat="64.26391" lon="14.36535">
        <time>2026-03-03T12:06:00Z</time>
      </trkpt>
      <trkpt lat="64.26268" lon="14.37016">
        <time>2026-03-03T12:16:00Z</time>
      </trkpt>
      <trkpt lat="64.26308" lon="14.37586">
        <time>2026-03-03T12:26:00Z</time>
      </trkpt>
      <trkpt lat="64.26414" lon="14.37904">
        <time>2026-03-03T12:36:00Z</time>
      </trkpt>
      <trkpt lat="64.26414" lon="14.37915">
        <time>2026-03-03T12:46:00Z</time>
      </trkpt>
      <trkpt lat="64.26436" lon="14.384">
        <time>2026-03-03T13:06:00Z</time>
      </trkpt>
      <trkpt lat="64.26635" lon="14.39393">
        <time>2026-03-03T13:16:00Z</time>
      </trkpt>
      <trkpt lat="64.26855" lon="14.41069">
        <time>2026-03-03T13:26:00Z</time>
      </trkpt>
      <trkpt lat="64.27073" lon="14.42223">
        <time>2026-03-03T13:36:00Z</time>
      </trkpt>
      <trkpt lat="64.27224" lon="14.42859">
        <time>2026-03-03T13:46:00Z</time>
      </trkpt>
      <trkpt lat="64.27334" lon="14.43758">
        <time>2026-03-03T13:56:00Z</time>
      </trkpt>
      <trkpt lat="64.27721" lon="14.42803">
        <time>2026-03-03T14:06:00Z</time>
      </trkpt>
      <trkpt lat="64.28018" lon="14.42436">
        <time>2026-03-03T14:16:00Z</time>
      </trkpt>
      <trkpt lat="64.28016" lon="14.42449">
        <time>2026-03-03T14:26:00Z</time>
      </trkpt>
      <trkpt lat="64.28544" lon="14.4212">
        <time>2026-03-03T14:46:00Z</time>
      </trkpt>
      <trkpt lat="64.29325" lon="14.40715">
        <time>2026-03-03T14:56:00Z</time>
      </trkpt>
      <trkpt lat="64.29767" lon="14.40127">
        <time>2026-03-03T15:06:00Z</time>
      </trkpt>
      <trkpt lat="64.30113" lon="14.39136">
        <time>2026-03-03T15:16:00Z</time>
      </trkpt>
      <trkpt lat="64.30411" lon="14.38603">
        <time>2026-03-03T15:26:00Z</time>
      </trkpt>
      <trkpt lat="64.30485" lon="14.3864">
        <time>2026-03-03T15:36:00Z</time>
      </trkpt>
      <trkpt lat="64.31095" lon="14.38595">
        <time>2026-03-03T15:46:00Z</time>
      </trkpt>
      <trkpt lat="64.31722" lon="14.38912">
        <time>2026-03-03T15:56:00Z</time>
      </trkpt>
      <trkpt lat="64.32032" lon="14.39275">
        <time>2026-03-03T16:06:00Z</time>
      </trkpt>
      <trkpt lat="64.3281" lon="14.40571">
        <time>2026-03-03T16:16:00Z</time>
      </trkpt>
      <trkpt lat="64.33563" lon="14.41058">
        <time>2026-03-03T16:26:00Z</time>
      </trkpt>
      <trkpt lat="64.34694" lon="14.39724">
        <time>2026-03-03T16:36:00Z</time>
      </trkpt>
      <trkpt lat="64.35532" lon="14.4059">
        <time>2026-03-03T16:46:00Z</time>
      </trkpt>
      <trkpt lat="64.36425" lon="14.39573">
        <time>2026-03-03T16:56:00Z</time>
      </trkpt>
      <trkpt lat="64.36899" lon="14.38955">
        <time>2026-03-03T17:06:00Z</time>
      </trkpt>
      <trkpt lat="64.37298" lon="14.37548">
        <time>2026-03-03T17:16:00Z</time>
      </trkpt>
      <trkpt lat="64.37442" lon="14.36833">
        <time>2026-03-03T17:26:00Z</time>
      </trkpt>
      <trkpt lat="64.37421" lon="14.36859">
        <time>2026-03-03T17:36:00Z</time>
      </trkpt>
      <trkpt lat="64.37425" lon="14.36818">
        <time>2026-03-03T17:57:00Z</time>
      </trkpt>
      <trkpt lat="64.3738" lon="14.36816">
        <time>2026-03-04T07:10:00Z</time>
      </trkpt>
      <trkpt lat="64.37582" lon="14.35996">
        <time>2026-03-04T07:20:00Z</time>
      </trkpt>
      <trkpt lat="64.38" lon="14.33911">
        <time>2026-03-04T07:30:00Z</time>
      </trkpt>
      <trkpt lat="64.38457" lon="14.32694">
        <time>2026-03-04T07:40:00Z</time>
      </trkpt>
      <trkpt lat="64.39081" lon="14.31984">
        <time>2026-03-04T07:50:00Z</time>
      </trkpt>
      <trkpt lat="64.39362" lon="14.30254">
        <time>2026-03-04T08:00:00Z</time>
      </trkpt>
      <trkpt lat="64.40123" lon="14.28898">
        <time>2026-03-04T08:10:00Z</time>
      </trkpt>
      <trkpt lat="64.4067" lon="14.2795">
        <time>2026-03-04T08:20:00Z</time>
      </trkpt>
      <trkpt lat="64.41084" lon="14.26368">
        <time>2026-03-04T08:30:00Z</time>
      </trkpt>
      <trkpt lat="64.41509" lon="14.2486">
        <time>2026-03-04T08:40:00Z</time>
      </trkpt>
      <trkpt lat="64.4205" lon="14.23815">
        <time>2026-03-04T08:50:00Z</time>
      </trkpt>
      <trkpt lat="64.42467" lon="14.22682">
        <time>2026-03-04T09:00:00Z</time>
      </trkpt>
      <trkpt lat="64.4277" lon="14.21761">
        <time>2026-03-04T09:10:00Z</time>
      </trkpt>
      <trkpt lat="64.43013" lon="14.2103">
        <time>2026-03-04T09:20:00Z</time>
      </trkpt>
      <trkpt lat="64.43516" lon="14.19538">
        <time>2026-03-04T09:30:00Z</time>
      </trkpt>
      <trkpt lat="64.43748" lon="14.1844">
        <time>2026-03-04T09:40:00Z</time>
      </trkpt>
      <trkpt lat="64.44176" lon="14.1762">
        <time>2026-03-04T09:50:00Z</time>
      </trkpt>
      <trkpt lat="64.44167" lon="14.17618">
        <time>2026-03-04T10:00:00Z</time>
      </trkpt>
      <trkpt lat="64.44614" lon="14.16341">
        <time>2026-03-04T10:10:00Z</time>
      </trkpt>
      <trkpt lat="64.45174" lon="14.15519">
        <time>2026-03-04T10:20:00Z</time>
      </trkpt>
      <trkpt lat="64.45158" lon="14.15551">
        <time>2026-03-04T10:30:00Z</time>
      </trkpt>
      <trkpt lat="64.45506" lon="14.1644">
        <time>2026-03-04T11:10:00Z</time>
      </trkpt>
      <trkpt lat="64.46174" lon="14.16034">
        <time>2026-03-04T11:20:00Z</time>
      </trkpt>
      <trkpt lat="64.465" lon="14.15509">
        <time>2026-03-04T11:30:00Z</time>
      </trkpt>
      <trkpt lat="64.46967" lon="14.14871">
        <time>2026-03-04T11:40:00Z</time>
      </trkpt>
      <trkpt lat="64.47384" lon="14.1417">
        <time>2026-03-04T11:50:00Z</time>
      </trkpt>
      <trkpt lat="64.47798" lon="14.13067">
        <time>2026-03-04T12:00:00Z</time>
      </trkpt>
      <trkpt lat="64.4813" lon="14.12638">
        <time>2026-03-04T12:10:00Z</time>
      </trkpt>
      <trkpt lat="64.48497" lon="14.13466">
        <time>2026-03-04T12:20:00Z</time>
      </trkpt>
      <trkpt lat="64.48917" lon="14.13391">
        <time>2026-03-04T12:30:00Z</time>
      </trkpt>
      <trkpt lat="64.49548" lon="14.14049">
        <time>2026-03-04T12:40:00Z</time>
      </trkpt>
      <trkpt lat="64.50027" lon="14.1432">
        <time>2026-03-04T12:50:00Z</time>
      </trkpt>
      <trkpt lat="64.50035" lon="14.14228">
        <time>2026-03-04T13:00:00Z</time>
      </trkpt>
      <trkpt lat="64.49913" lon="14.1423">
        <time>2026-03-04T14:40:00Z</time>
      </trkpt>
      <trkpt lat="64.49935" lon="14.14215">
        <time>2026-03-04T14:50:00Z</time>
      </trkpt>
      <trkpt lat="64.50467" lon="14.14575">
        <time>2026-03-04T15:00:00Z</time>
      </trkpt>
      <trkpt lat="64.50662" lon="14.14429">
        <time>2026-03-04T15:10:00Z</time>
      </trkpt>
      <trkpt lat="64.50706" lon="14.14228">
        <time>2026-03-04T15:16:00Z</time>
      </trkpt>
      <trkpt lat="64.50435" lon="14.14575">
        <time>2026-03-05T09:29:00Z</time>
      </trkpt>
      <trkpt lat="64.50306" lon="14.15034">
        <time>2026-03-05T09:39:00Z</time>
      </trkpt>
      <trkpt lat="64.50276" lon="14.15646">
        <time>2026-03-05T09:49:00Z</time>
      </trkpt>
      <trkpt lat="64.5067" lon="14.15848">
        <time>2026-03-05T09:59:00Z</time>
      </trkpt>
      <trkpt lat="64.50462" lon="14.1706">
        <time>2026-03-05T10:09:00Z</time>
      </trkpt>
      <trkpt lat="64.50324" lon="14.18592">
        <time>2026-03-05T10:19:00Z</time>
      </trkpt>
      <trkpt lat="64.50246" lon="14.19343">
        <time>2026-03-05T10:29:00Z</time>
      </trkpt>
      <trkpt lat="64.50177" lon="14.20639">
        <time>2026-03-05T10:39:00Z</time>
      </trkpt>
      <trkpt lat="64.50236" lon="14.21478">
        <time>2026-03-05T10:49:00Z</time>
      </trkpt>
      <trkpt lat="64.50413" lon="14.22495">
        <time>2026-03-05T10:59:00Z</time>
      </trkpt>
      <trkpt lat="64.50467" lon="14.23944">
        <time>2026-03-05T11:09:00Z</time>
      </trkpt>
      <trkpt lat="64.5078" lon="14.24984">
        <time>2026-03-05T11:19:00Z</time>
      </trkpt>
      <trkpt lat="64.50784" lon="14.24989">
        <time>2026-03-05T11:29:00Z</time>
      </trkpt>
      <trkpt lat="64.51096" lon="14.24525">
        <time>2026-03-05T11:49:00Z</time>
      </trkpt>
      <trkpt lat="64.51854" lon="14.22791">
        <time>2026-03-05T11:59:00Z</time>
      </trkpt>
      <trkpt lat="64.5221" lon="14.23414">
        <time>2026-03-05T12:09:00Z</time>
      </trkpt>
      <trkpt lat="64.52196" lon="14.24806">
        <time>2026-03-05T12:19:00Z</time>
      </trkpt>
      <trkpt lat="64.52589" lon="14.2492">
        <time>2026-03-05T12:29:00Z</time>
      </trkpt>
      <trkpt lat="64.52987" lon="14.24147">
        <time>2026-03-05T12:39:00Z</time>
      </trkpt>
      <trkpt lat="64.53646" lon="14.23789">
        <time>2026-03-05T12:49:00Z</time>
      </trkpt>
      <trkpt lat="64.53647" lon="14.23778">
        <time>2026-03-05T12:59:00Z</time>
      </trkpt>
      <trkpt lat="64.5442" lon="14.23336">
        <time>2026-03-05T13:39:00Z</time>
      </trkpt>
      <trkpt lat="64.55124" lon="14.22433">
        <time>2026-03-05T13:49:00Z</time>
      </trkpt>
      <trkpt lat="64.55885" lon="14.23248">
        <time>2026-03-05T13:59:00Z</time>
      </trkpt>
      <trkpt lat="64.56468" lon="14.24506">
        <time>2026-03-05T14:09:00Z</time>
      </trkpt>
      <trkpt lat="64.56758" lon="14.24984">
        <time>2026-03-05T14:19:00Z</time>
      </trkpt>
      <trkpt lat="64.56759" lon="14.24995">
        <time>2026-03-05T14:29:00Z</time>
      </trkpt>
      <trkpt lat="64.57079" lon="14.26654">
        <time>2026-03-05T14:39:00Z</time>
      </trkpt>
      <trkpt lat="64.57226" lon="14.26737">
        <time>2026-03-05T14:49:00Z</time>
      </trkpt>
      <trkpt lat="64.57878" lon="14.27287">
        <time>2026-03-05T14:59:00Z</time>
      </trkpt>
      <trkpt lat="64.57974" lon="14.27366">
        <time>2026-03-05T15:09:00Z</time>
      </trkpt>
      <trkpt lat="64.5817" lon="14.26943">
        <time>2026-03-05T15:19:00Z</time>
      </trkpt>
      <trkpt lat="64.58728" lon="14.25613">
        <time>2026-03-05T15:29:00Z</time>
      </trkpt>
      <trkpt lat="64.59139" lon="14.23804">
        <time>2026-03-05T15:39:00Z</time>
      </trkpt>
      <trkpt lat="64.59467" lon="14.2292">
        <time>2026-03-05T15:49:00Z</time>
      </trkpt>
      <trkpt lat="64.59998" lon="14.22688">
        <time>2026-03-05T15:59:00Z</time>
      </trkpt>
      <trkpt lat="64.60539" lon="14.22072">
        <time>2026-03-05T16:09:00Z</time>
      </trkpt>
      <trkpt lat="64.60595" lon="14.21828">
        <time>2026-03-05T16:19:00Z</time>
      </trkpt>
      <trkpt lat="64.60937" lon="14.21362">
        <time>2026-03-05T16:29:00Z</time>
      </trkpt>
      <trkpt lat="64.60931" lon="14.21356">
        <time>2026-03-05T16:39:00Z</time>
      </trkpt>
      <trkpt lat="64.6128" lon="14.20596">
        <time>2026-03-05T17:09:00Z</time>
      </trkpt>
      <trkpt lat="64.61625" lon="14.2056">
        <time>2026-03-05T17:19:00Z</time>
      </trkpt>
      <trkpt lat="64.61904" lon="14.20746">
        <time>2026-03-05T17:29:00Z</time>
      </trkpt>
      <trkpt lat="64.62005" lon="14.20892">
        <time>2026-03-05T17:39:00Z</time>
      </trkpt>
      <trkpt lat="64.6226" lon="14.21062">
        <time>2026-03-05T17:49:00Z</time>
      </trkpt>
      <trkpt lat="64.62541" lon="14.21212">
        <time>2026-03-05T17:59:00Z</time>
      </trkpt>
      <trkpt lat="64.62544" lon="14.21208">
        <time>2026-03-05T18:09:00Z</time>
      </trkpt>
      <trkpt lat="64.6254" lon="14.21216">
        <time>2026-03-05T18:28:00Z</time>
      </trkpt>
      <trkpt lat="64.62535" lon="14.21178">
        <time>2026-03-06T07:30:00Z</time>
      </trkpt>
      <trkpt lat="64.62809" lon="14.20502">
        <time>2026-03-06T07:40:00Z</time>
      </trkpt>
      <trkpt lat="64.62974" lon="14.19238">
        <time>2026-03-06T07:50:00Z</time>
      </trkpt>
      <trkpt lat="64.63098" lon="14.17989">
        <time>2026-03-06T08:00:00Z</time>
      </trkpt>
      <trkpt lat="64.63391" lon="14.17963">
        <time>2026-03-06T08:10:00Z</time>
      </trkpt>
      <trkpt lat="64.63563" lon="14.17345">
        <time>2026-03-06T08:20:00Z</time>
      </trkpt>
      <trkpt lat="64.63804" lon="14.15725">
        <time>2026-03-06T08:30:00Z</time>
      </trkpt>
      <trkpt lat="64.64049" lon="14.1456">
        <time>2026-03-06T08:40:00Z</time>
      </trkpt>
      <trkpt lat="64.64586" lon="14.14316">
        <time>2026-03-06T08:50:00Z</time>
      </trkpt>
      <trkpt lat="64.64964" lon="14.13721">
        <time>2026-03-06T09:00:00Z</time>
      </trkpt>
      <trkpt lat="64.65302" lon="14.14099">
        <time>2026-03-06T09:10:00Z</time>
      </trkpt>
      <trkpt lat="64.65307" lon="14.14092">
        <time>2026-03-06T09:20:00Z</time>
      </trkpt>
      <trkpt lat="64.65602" lon="14.14165">
        <time>2026-03-06T09:30:00Z</time>
      </trkpt>
      <trkpt lat="64.66162" lon="14.14487">
        <time>2026-03-06T09:40:00Z</time>
      </trkpt>
      <trkpt lat="64.66766" lon="14.15472">
        <time>2026-03-06T09:50:00Z</time>
      </trkpt>
      <trkpt lat="64.67201" lon="14.17431">
        <time>2026-03-06T10:00:00Z</time>
      </trkpt>
      <trkpt lat="64.67398" lon="14.18862">
        <time>2026-03-06T10:10:00Z</time>
      </trkpt>
      <trkpt lat="64.67426" lon="14.20693">
        <time>2026-03-06T10:20:00Z</time>
      </trkpt>
      <trkpt lat="64.68015" lon="14.20326">
        <time>2026-03-06T10:30:00Z</time>
      </trkpt>
      <trkpt lat="64.68135" lon="14.19858">
        <time>2026-03-06T10:40:00Z</time>
      </trkpt>
      <trkpt lat="64.68195" lon="14.1956">
        <time>2026-03-06T10:50:00Z</time>
      </trkpt>
      <trkpt lat="64.68782" lon="14.1944">
        <time>2026-03-06T11:00:00Z</time>
      </trkpt>
      <trkpt lat="64.69405" lon="14.19854">
        <time>2026-03-06T11:10:00Z</time>
      </trkpt>
      <trkpt lat="64.69831" lon="14.2018">
        <time>2026-03-06T11:20:00Z</time>
      </trkpt>
      <trkpt lat="64.70019" lon="14.19195">
        <time>2026-03-06T11:30:00Z</time>
      </trkpt>
      <trkpt lat="64.70273" lon="14.19268">
        <time>2026-03-06T11:40:00Z</time>
      </trkpt>
      <trkpt lat="64.70965" lon="14.18963">
        <time>2026-03-06T11:50:00Z</time>
      </trkpt>
      <trkpt lat="64.71554" lon="14.18287">
        <time>2026-03-06T12:00:00Z</time>
      </trkpt>
      <trkpt lat="64.72017" lon="14.17564">
        <time>2026-03-06T12:10:00Z</time>
      </trkpt>
      <trkpt lat="64.7253" lon="14.16485">
        <time>2026-03-06T12:20:00Z</time>
      </trkpt>
      <trkpt lat="64.72533" lon="14.16395">
        <time>2026-03-06T12:30:00Z</time>
      </trkpt>
      <trkpt lat="64.72628" lon="14.16429">
        <time>2026-03-06T13:20:00Z</time>
      </trkpt>
      <trkpt lat="64.73153" lon="14.16699">
        <time>2026-03-06T13:30:00Z</time>
      </trkpt>
      <trkpt lat="64.73761" lon="14.17159">
        <time>2026-03-06T13:40:00Z</time>
      </trkpt>
      <trkpt lat="64.74439" lon="14.17322">
        <time>2026-03-06T13:50:00Z</time>
      </trkpt>
      <trkpt lat="64.7525" lon="14.17562">
        <time>2026-03-06T14:00:00Z</time>
      </trkpt>
      <trkpt lat="64.75663" lon="14.18401">
        <time>2026-03-06T14:10:00Z</time>
      </trkpt>
      <trkpt lat="64.75839" lon="14.18781">
        <time>2026-03-06T14:20:00Z</time>
      </trkpt>
      <trkpt lat="64.76244" lon="14.19761">
        <time>2026-03-06T14:30:00Z</time>
      </trkpt>
      <trkpt lat="64.76905" lon="14.19976">
        <time>2026-03-06T14:40:00Z</time>
      </trkpt>
      <trkpt lat="64.77199" lon="14.2009">
        <time>2026-03-06T14:50:00Z</time>
      </trkpt>
      <trkpt lat="64.77756" lon="14.19734">
        <time>2026-03-06T15:00:00Z</time>
      </trkpt>
      <trkpt lat="64.77983" lon="14.1962">
        <time>2026-03-06T15:10:00Z</time>
      </trkpt>
      <trkpt lat="64.77984" lon="14.1962">
        <time>2026-03-06T15:20:00Z</time>
      </trkpt>
      <trkpt lat="64.78242" lon="14.19517">
        <time>2026-03-06T15:30:00Z</time>
      </trkpt>
      <trkpt lat="64.79046" lon="14.20227">
        <time>2026-03-06T15:40:00Z</time>
      </trkpt>
      <trkpt lat="64.79712" lon="14.20796">
        <time>2026-03-06T15:50:00Z</time>
      </trkpt>
      <trkpt lat="64.80454" lon="14.21397">
        <time>2026-03-06T16:00:00Z</time>
      </trkpt>
      <trkpt lat="64.80824" lon="14.21656">
        <time>2026-03-06T16:10:00Z</time>
      </trkpt>
      <trkpt lat="64.80924" lon="14.21667">
        <time>2026-03-06T16:20:00Z</time>
      </trkpt>
      <trkpt lat="64.81243" lon="14.22607">
        <time>2026-03-06T16:30:00Z</time>
      </trkpt>
      <trkpt lat="64.81365" lon="14.22918">
        <time>2026-03-06T16:40:00Z</time>
      </trkpt>
      <trkpt lat="64.81706" lon="14.23551">
        <time>2026-03-06T16:50:00Z</time>
      </trkpt>
      <trkpt lat="64.81855" lon="14.24223">
        <time>2026-03-06T17:00:00Z</time>
      </trkpt>
      <trkpt lat="64.82209" lon="14.24989">
        <time>2026-03-06T17:10:00Z</time>
      </trkpt>
      <trkpt lat="64.82646" lon="14.25624">
        <time>2026-03-06T17:20:00Z</time>
      </trkpt>
      <trkpt lat="64.83122" lon="14.25634">
        <time>2026-03-06T17:30:00Z</time>
      </trkpt>
      <trkpt lat="64.83234" lon="14.25849">
        <time>2026-03-06T17:40:00Z</time>
      </trkpt>
      <trkpt lat="64.83232" lon="14.25838">
        <time>2026-03-06T17:50:00Z</time>
      </trkpt>
      <trkpt lat="64.83209" lon="14.2583">
        <time>2026-03-06T18:05:00Z</time>
      </trkpt>
      <trkpt lat="64.83229" lon="14.25834">
        <time>2026-03-06T20:05:00Z</time>
      </trkpt>
      <trkpt lat="64.83224" lon="14.25845">
        <time>2026-03-06T21:05:00Z</time>
      </trkpt>
      <trkpt lat="64.83223" lon="14.25847">
        <time>2026-03-06T23:05:00Z</time>
      </trkpt>
      <trkpt lat="64.83227" lon="14.25834">
        <time>2026-03-07T01:06:00Z</time>
      </trkpt>
      <trkpt lat="64.83227" lon="14.25843">
        <time>2026-03-07T03:06:00Z</time>
      </trkpt>
      <trkpt lat="64.83225" lon="14.2584">
        <time>2026-03-07T05:06:00Z</time>
      </trkpt>
      <trkpt lat="64.8323" lon="14.25838">
        <time>2026-03-07T06:06:00Z</time>
      </trkpt>
      <trkpt lat="64.8324" lon="14.25849">
        <time>2026-03-07T07:20:00Z</time>
      </trkpt>
      <trkpt lat="64.83385" lon="14.26652">
        <time>2026-03-07T07:25:00Z</time>
      </trkpt>
      <trkpt lat="64.8385" lon="14.27619">
        <time>2026-03-07T07:35:00Z</time>
      </trkpt>
      <trkpt lat="64.84169" lon="14.28385">
        <time>2026-03-07T07:45:00Z</time>
      </trkpt>
      <trkpt lat="64.84521" lon="14.29456">
        <time>2026-03-07T07:55:00Z</time>
      </trkpt>
      <trkpt lat="64.84674" lon="14.29956">
        <time>2026-03-07T08:05:00Z</time>
      </trkpt>
      <trkpt lat="64.84873" lon="14.30454">
        <time>2026-03-07T08:15:00Z</time>
      </trkpt>
      <trkpt lat="64.84959" lon="14.31289">
        <time>2026-03-07T08:25:00Z</time>
      </trkpt>
      <trkpt lat="64.84961" lon="14.31327">
        <time>2026-03-07T08:35:00Z</time>
      </trkpt>
      <trkpt lat="64.8511" lon="14.32619">
        <time>2026-03-07T08:45:00Z</time>
      </trkpt>
      <trkpt lat="64.85346" lon="14.33846">
        <time>2026-03-07T08:55:00Z</time>
      </trkpt>
      <trkpt lat="64.85554" lon="14.34857">
        <time>2026-03-07T09:05:00Z</time>
      </trkpt>
      <trkpt lat="64.85984" lon="14.35344">
        <time>2026-03-07T09:15:00Z</time>
      </trkpt>
      <trkpt lat="64.86213" lon="14.35947">
        <time>2026-03-07T09:25:00Z</time>
      </trkpt>
      <trkpt lat="64.86212" lon="14.35953">
        <time>2026-03-07T09:35:00Z</time>
      </trkpt>
      <trkpt lat="64.866" lon="14.37189">
        <time>2026-03-07T09:45:00Z</time>
      </trkpt>
      <trkpt lat="64.87057" lon="14.38919">
        <time>2026-03-07T09:55:00Z</time>
      </trkpt>
      <trkpt lat="64.87417" lon="14.39902">
        <time>2026-03-07T10:05:00Z</time>
      </trkpt>
      <trkpt lat="64.87426" lon="14.39925">
        <time>2026-03-07T10:15:00Z</time>
      </trkpt>
      <trkpt lat="64.88042" lon="14.4035">
        <time>2026-03-07T10:45:00Z</time>
      </trkpt>
      <trkpt lat="64.88479" lon="14.40515">
        <time>2026-03-07T10:55:00Z</time>
      </trkpt>
      <trkpt lat="64.88479" lon="14.40513">
        <time>2026-03-07T10:55:00Z</time>
      </trkpt>
      <trkpt lat="64.88632" lon="14.41457">
        <time>2026-03-07T11:05:00Z</time>
      </trkpt>
      <trkpt lat="64.8885" lon="14.43049">
        <time>2026-03-07T11:15:00Z</time>
      </trkpt>
      <trkpt lat="64.88918" lon="14.44762">
        <time>2026-03-07T11:25:00Z</time>
      </trkpt>
      <trkpt lat="64.8894" lon="14.45382">
        <time>2026-03-07T11:35:00Z</time>
      </trkpt>
      <trkpt lat="64.88956" lon="14.45468">
        <time>2026-03-07T11:45:00Z</time>
      </trkpt>
      <trkpt lat="64.89061" lon="14.4688">
        <time>2026-03-07T11:55:00Z</time>
      </trkpt>
      <trkpt lat="64.89045" lon="14.48041">
        <time>2026-03-07T12:05:00Z</time>
      </trkpt>
      <trkpt lat="64.89159" lon="14.49935">
        <time>2026-03-07T12:15:00Z</time>
      </trkpt>
      <trkpt lat="64.89113" lon="14.51242">
        <time>2026-03-07T12:25:00Z</time>
      </trkpt>
      <trkpt lat="64.88927" lon="14.52015">
        <time>2026-03-07T12:35:00Z</time>
      </trkpt>
      <trkpt lat="64.8892" lon="14.52034">
        <time>2026-03-07T12:45:00Z</time>
      </trkpt>
      <trkpt lat="64.88893" lon="14.53128">
        <time>2026-03-07T13:35:00Z</time>
      </trkpt>
      <trkpt lat="64.88848" lon="14.55074">
        <time>2026-03-07T13:45:00Z</time>
      </trkpt>
      <trkpt lat="64.88847" lon="14.55072">
        <time>2026-03-07T13:45:00Z</time>
      </trkpt>
      <trkpt lat="64.89135" lon="14.57066">
        <time>2026-03-07T13:55:00Z</time>
      </trkpt>
      <trkpt lat="64.89434" lon="14.58703">
        <time>2026-03-07T14:05:00Z</time>
      </trkpt>
      <trkpt lat="64.90141" lon="14.57817">
        <time>2026-03-07T14:15:00Z</time>
      </trkpt>
      <trkpt lat="64.90777" lon="14.56986">
        <time>2026-03-07T14:25:00Z</time>
      </trkpt>
      <trkpt lat="64.91206" lon="14.56252">
        <time>2026-03-07T14:35:00Z</time>
      </trkpt>
      <trkpt lat="64.9148" lon="14.55916">
        <time>2026-03-07T14:45:00Z</time>
      </trkpt>
      <trkpt lat="64.91484" lon="14.55926">
        <time>2026-03-07T14:55:00Z</time>
      </trkpt>
      <trkpt lat="64.91568" lon="14.55823">
        <time>2026-03-07T15:05:00Z</time>
      </trkpt>
      <trkpt lat="64.92006" lon="14.55366">
        <time>2026-03-07T15:15:00Z</time>
      </trkpt>
      <trkpt lat="64.9215" lon="14.55793">
        <time>2026-03-07T15:25:00Z</time>
      </trkpt>
      <trkpt lat="64.92379" lon="14.56364">
        <time>2026-03-07T15:35:00Z</time>
      </trkpt>
      <trkpt lat="64.92598" lon="14.56997">
        <time>2026-03-07T15:45:00Z</time>
      </trkpt>
      <trkpt lat="64.92729" lon="14.57214">
        <time>2026-03-07T15:55:00Z</time>
      </trkpt>
      <trkpt lat="64.93112" lon="14.57875">
        <time>2026-03-07T16:05:00Z</time>
      </trkpt>
      <trkpt lat="64.93347" lon="14.58312">
        <time>2026-03-07T16:15:00Z</time>
      </trkpt>
      <trkpt lat="64.93625" lon="14.58928">
        <time>2026-03-07T16:25:00Z</time>
      </trkpt>
      <trkpt lat="64.94122" lon="14.60235">
        <time>2026-03-07T16:35:00Z</time>
      </trkpt>
      <trkpt lat="64.94395" lon="14.61422">
        <time>2026-03-07T16:45:00Z</time>
      </trkpt>
      <trkpt lat="64.94552" lon="14.62278">
        <time>2026-03-07T16:55:00Z</time>
      </trkpt>
      <trkpt lat="64.94732" lon="14.63074">
        <time>2026-03-07T17:05:00Z</time>
      </trkpt>
      <trkpt lat="64.94868" lon="14.63737">
        <time>2026-03-07T17:15:00Z</time>
      </trkpt>
      <trkpt lat="64.94876" lon="14.63735">
        <time>2026-03-07T17:25:00Z</time>
      </trkpt>
      <trkpt lat="64.94876" lon="14.63739">
        <time>2026-03-07T18:25:00Z</time>
      </trkpt>
      <trkpt lat="64.94876" lon="14.63739">
        <time>2026-03-07T18:25:00Z</time>
      </trkpt>
      <trkpt lat="64.94873" lon="14.63735">
        <time>2026-03-07T19:35:00Z</time>
      </trkpt>
      <trkpt lat="64.94875" lon="14.63737">
        <time>2026-03-07T20:35:00Z</time>
      </trkpt>
      <trkpt lat="64.94876" lon="14.63739">
        <time>2026-03-07T21:35:00Z</time>
      </trkpt>
      <trkpt lat="64.94873" lon="14.63739">
        <time>2026-03-07T22:35:00Z</time>
      </trkpt>
      <trkpt lat="64.94878" lon="14.63735">
        <time>2026-03-07T23:35:00Z</time>
      </trkpt>
      <trkpt lat="64.94875" lon="14.63733">
        <time>2026-03-08T00:35:00Z</time>
      </trkpt>
      <trkpt lat="64.94878" lon="14.6373">
        <time>2026-03-08T01:35:00Z</time>
      </trkpt>
      <trkpt lat="64.94874" lon="14.63733">
        <time>2026-03-08T03:05:00Z</time>
      </trkpt>
      <trkpt lat="64.9488" lon="14.63733">
        <time>2026-03-08T04:05:00Z</time>
      </trkpt>
      <trkpt lat="64.94876" lon="14.63735">
        <time>2026-03-08T05:05:00Z</time>
      </trkpt>
      <trkpt lat="64.94874" lon="14.63737">
        <time>2026-03-08T07:05:00Z</time>
      </trkpt>
      <trkpt lat="64.94875" lon="14.63733">
        <time>2026-03-08T08:05:00Z</time>
      </trkpt>
      <trkpt lat="64.95126" lon="14.64153">
        <time>2026-03-08T08:15:00Z</time>
      </trkpt>
      <trkpt lat="64.95286" lon="14.6481">
        <time>2026-03-08T08:25:00Z</time>
      </trkpt>
      <trkpt lat="64.95487" lon="14.6628">
        <time>2026-03-08T08:35:00Z</time>
      </trkpt>
      <trkpt lat="64.95677" lon="14.67003">
        <time>2026-03-08T08:45:00Z</time>
      </trkpt>
      <trkpt lat="64.96027" lon="14.67717">
        <time>2026-03-08T08:55:00Z</time>
      </trkpt>
      <trkpt lat="64.96653" lon="14.68445">
        <time>2026-03-08T09:05:00Z</time>
      </trkpt>
      <trkpt lat="64.97219" lon="14.69618">
        <time>2026-03-08T09:15:00Z</time>
      </trkpt>
      <trkpt lat="64.97864" lon="14.70751">
        <time>2026-03-08T09:25:00Z</time>
      </trkpt>
      <trkpt lat="64.984" lon="14.71814">
        <time>2026-03-08T09:35:00Z</time>
      </trkpt>
      <trkpt lat="64.98394" lon="14.71811">
        <time>2026-03-08T09:45:00Z</time>
      </trkpt>
      <trkpt lat="64.98394" lon="14.71792">
        <time>2026-03-08T10:35:00Z</time>
      </trkpt>
      <trkpt lat="64.99125" lon="14.72389">
        <time>2026-03-08T10:55:00Z</time>
      </trkpt>
      <trkpt lat="64.99675" lon="14.72367">
        <time>2026-03-08T11:05:00Z</time>
      </trkpt>
      <trkpt lat="65.00262" lon="14.72393">
        <time>2026-03-08T11:15:00Z</time>
      </trkpt>
      <trkpt lat="65.01108" lon="14.72936">
        <time>2026-03-08T11:25:00Z</time>
      </trkpt>
      <trkpt lat="65.01719" lon="14.73386">
        <time>2026-03-08T11:35:00Z</time>
      </trkpt>
      <trkpt lat="65.0334" lon="14.7288">
        <time>2026-03-08T11:45:00Z</time>
      </trkpt>
      <trkpt lat="65.0422" lon="14.72584">
        <time>2026-03-08T11:55:00Z</time>
      </trkpt>
      <trkpt lat="65.04905" lon="14.74189">
        <time>2026-03-08T12:05:00Z</time>
      </trkpt>
      <trkpt lat="65.04881" lon="14.74562">
        <time>2026-03-08T12:15:00Z</time>
      </trkpt>
      <trkpt lat="65.04899" lon="14.74882">
        <time>2026-03-08T12:25:00Z</time>
      </trkpt>
      <trkpt lat="65.05078" lon="14.76466">
        <time>2026-03-08T12:35:00Z</time>
      </trkpt>
      <trkpt lat="65.05215" lon="14.78285">
        <time>2026-03-08T12:45:00Z</time>
      </trkpt>
      <trkpt lat="65.05557" lon="14.79899">
        <time>2026-03-08T12:55:00Z</time>
      </trkpt>
      <trkpt lat="65.05555" lon="14.79903">
        <time>2026-03-08T13:05:00Z</time>
      </trkpt>
      <trkpt lat="65.0618" lon="14.81188">
        <time>2026-03-08T13:15:00Z</time>
      </trkpt>
      <trkpt lat="65.06332" lon="14.80965">
        <time>2026-03-08T13:25:00Z</time>
      </trkpt>
      <trkpt lat="65.06337" lon="14.80952">
        <time>2026-03-08T13:35:00Z</time>
      </trkpt>
      <trkpt lat="65.06388" lon="14.80746">
        <time>2026-03-08T13:47:00Z</time>
      </trkpt>
      <trkpt lat="65.06301" lon="14.80884">
        <time>2026-03-08T15:47:00Z</time>
      </trkpt>
      <trkpt lat="65.06303" lon="14.80899">
        <time>2026-03-08T17:25:00Z</time>
      </trkpt>
      <trkpt lat="65.06301" lon="14.80877">
        <time>2026-03-08T19:15:00Z</time>
      </trkpt>
      <trkpt lat="65.06294" lon="14.80866">
        <time>2026-03-08T20:15:00Z</time>
      </trkpt>
      <trkpt lat="65.06301" lon="14.80875">
        <time>2026-03-08T21:15:00Z</time>
      </trkpt>
      <trkpt lat="65.06296" lon="14.80886">
        <time>2026-03-08T22:15:00Z</time>
      </trkpt>
      <trkpt lat="65.06291" lon="14.80886">
        <time>2026-03-08T23:15:00Z</time>
      </trkpt>
      <trkpt lat="65.06291" lon="14.8086">
        <time>2026-03-09T01:15:00Z</time>
      </trkpt>
      <trkpt lat="65.06309" lon="14.80866">
        <time>2026-03-09T03:15:00Z</time>
      </trkpt>
      <trkpt lat="65.06295" lon="14.80886">
        <time>2026-03-09T04:28:00Z</time>
      </trkpt>
      <trkpt lat="65.06294" lon="14.8086">
        <time>2026-03-09T05:28:00Z</time>
      </trkpt>
      <trkpt lat="65.06303" lon="14.80884">
        <time>2026-03-09T07:28:00Z</time>
      </trkpt>
      <trkpt lat="65.06305" lon="14.80864">
        <time>2026-03-09T08:28:00Z</time>
      </trkpt>
      <trkpt lat="65.06163" lon="14.81268">
        <time>2026-03-09T08:38:00Z</time>
      </trkpt>
      <trkpt lat="65.05833" lon="14.82995">
        <time>2026-03-09T08:48:00Z</time>
      </trkpt>
      <trkpt lat="65.0573" lon="14.84838">
        <time>2026-03-09T08:58:00Z</time>
      </trkpt>
      <trkpt lat="65.0557" lon="14.86703">
        <time>2026-03-09T09:08:00Z</time>
      </trkpt>
      <trkpt lat="65.05538" lon="14.87072">
        <time>2026-03-09T09:18:00Z</time>
      </trkpt>
      <trkpt lat="65.05485" lon="14.87604">
        <time>2026-03-09T09:28:00Z</time>
      </trkpt>
      <trkpt lat="65.05376" lon="14.89353">
        <time>2026-03-09T09:38:00Z</time>
      </trkpt>
      <trkpt lat="65.05254" lon="14.91222">
        <time>2026-03-09T09:48:00Z</time>
      </trkpt>
      <trkpt lat="65.05301" lon="14.93123">
        <time>2026-03-09T09:58:00Z</time>
      </trkpt>
      <trkpt lat="65.05411" lon="14.94941">
        <time>2026-03-09T10:08:00Z</time>
      </trkpt>
      <trkpt lat="65.05521" lon="14.96696">
        <time>2026-03-09T10:18:00Z</time>
      </trkpt>
      <trkpt lat="65.05519" lon="14.96696">
        <time>2026-03-09T10:28:00Z</time>
      </trkpt>
      <trkpt lat="65.05549" lon="14.97234">
        <time>2026-03-09T10:38:00Z</time>
      </trkpt>
      <trkpt lat="65.0568" lon="14.99537">
        <time>2026-03-09T10:48:00Z</time>
      </trkpt>
      <trkpt lat="65.0584" lon="15.01517">
        <time>2026-03-09T10:58:00Z</time>
      </trkpt>
      <trkpt lat="65.06011" lon="15.03461">
        <time>2026-03-09T11:08:00Z</time>
      </trkpt>
      <trkpt lat="65.06003" lon="15.04948">
        <time>2026-03-09T11:18:00Z</time>
      </trkpt>
      <trkpt lat="65.06008" lon="15.05354">
        <time>2026-03-09T11:28:00Z</time>
      </trkpt>
      <trkpt lat="65.06009" lon="15.05354">
        <time>2026-03-09T11:38:00Z</time>
      </trkpt>
      <trkpt lat="65.06162" lon="15.05721">
        <time>2026-03-09T12:08:00Z</time>
      </trkpt>
      <trkpt lat="65.06435" lon="15.06279">
        <time>2026-03-09T12:18:00Z</time>
      </trkpt>
      <trkpt lat="65.06622" lon="15.06461">
        <time>2026-03-09T12:28:00Z</time>
      </trkpt>
      <trkpt lat="65.06999" lon="15.08139">
        <time>2026-03-09T12:38:00Z</time>
      </trkpt>
      <trkpt lat="65.07584" lon="15.08819">
        <time>2026-03-09T12:48:00Z</time>
      </trkpt>
      <trkpt lat="65.08303" lon="15.08961">
        <time>2026-03-09T12:58:00Z</time>
      </trkpt>
      <trkpt lat="65.0839" lon="15.08946">
        <time>2026-03-09T13:08:00Z</time>
      </trkpt>
      <trkpt lat="65.08601" lon="15.08643">
        <time>2026-03-09T13:48:00Z</time>
      </trkpt>
      <trkpt lat="65.09497" lon="15.08815">
        <time>2026-03-09T13:58:00Z</time>
      </trkpt>
      <trkpt lat="65.10154" lon="15.07929">
        <time>2026-03-09T14:08:00Z</time>
      </trkpt>
      <trkpt lat="65.10776" lon="15.07472">
        <time>2026-03-09T14:18:00Z</time>
      </trkpt>
      <trkpt lat="65.11483" lon="15.06433">
        <time>2026-03-09T14:28:00Z</time>
      </trkpt>
      <trkpt lat="65.1155" lon="15.06315">
        <time>2026-03-09T14:38:00Z</time>
      </trkpt>
      <trkpt lat="65.11719" lon="15.06066">
        <time>2026-03-09T14:48:00Z</time>
      </trkpt>
      <trkpt lat="65.12375" lon="15.04863">
        <time>2026-03-09T14:58:00Z</time>
      </trkpt>
      <trkpt lat="65.1308" lon="15.03635">
        <time>2026-03-09T15:08:00Z</time>
      </trkpt>
      <trkpt lat="65.13745" lon="15.03088">
        <time>2026-03-09T15:18:00Z</time>
      </trkpt>
      <trkpt lat="65.14417" lon="15.0374">
        <time>2026-03-09T15:28:00Z</time>
      </trkpt>
      <trkpt lat="65.14767" lon="15.04004">
        <time>2026-03-09T15:38:00Z</time>
      </trkpt>
      <trkpt lat="65.14767" lon="15.04002">
        <time>2026-03-09T15:48:00Z</time>
      </trkpt>
      <trkpt lat="65.15401" lon="15.04779">
        <time>2026-03-09T15:58:00Z</time>
      </trkpt>
      <trkpt lat="65.15747" lon="15.05805">
        <time>2026-03-09T16:08:00Z</time>
      </trkpt>
      <trkpt lat="65.1613" lon="15.0591">
        <time>2026-03-09T16:18:00Z</time>
      </trkpt>
      <trkpt lat="65.16795" lon="15.05912">
        <time>2026-03-09T16:28:00Z</time>
      </trkpt>
      <trkpt lat="65.17428" lon="15.06813">
        <time>2026-03-09T16:38:00Z</time>
      </trkpt>
      <trkpt lat="65.17712" lon="15.06995">
        <time>2026-03-09T16:48:00Z</time>
      </trkpt>
      <trkpt lat="65.18261" lon="15.07311">
        <time>2026-03-09T16:58:00Z</time>
      </trkpt>
      <trkpt lat="65.18263" lon="15.07311">
        <time>2026-03-09T17:08:00Z</time>
      </trkpt>
      <trkpt lat="65.18573" lon="15.06925">
        <time>2026-03-09T17:18:00Z</time>
      </trkpt>
      <trkpt lat="65.19315" lon="15.05912">
        <time>2026-03-09T17:28:00Z</time>
      </trkpt>
      <trkpt lat="65.20051" lon="15.04925">
        <time>2026-03-09T17:38:00Z</time>
      </trkpt>
      <trkpt lat="65.20806" lon="15.04011">
        <time>2026-03-09T17:48:00Z</time>
      </trkpt>
      <trkpt lat="65.21485" lon="15.02798">
        <time>2026-03-09T17:58:00Z</time>
      </trkpt>
      <trkpt lat="65.21666" lon="15.0241">
        <time>2026-03-09T18:08:00Z</time>
      </trkpt>
      <trkpt lat="65.21665" lon="15.02406">
        <time>2026-03-09T18:18:00Z</time>
      </trkpt>
      <trkpt lat="65.2205" lon="15.01494">
        <time>2026-03-09T18:28:00Z</time>
      </trkpt>
      <trkpt lat="65.22585" lon="15.00249">
        <time>2026-03-09T18:38:00Z</time>
      </trkpt>
      <trkpt lat="65.2298" lon="14.995">
        <time>2026-03-09T18:48:00Z</time>
      </trkpt>
      <trkpt lat="65.23566" lon="14.98526">
        <time>2026-03-09T18:58:00Z</time>
      </trkpt>
      <trkpt lat="65.23922" lon="14.97629">
        <time>2026-03-09T19:08:00Z</time>
      </trkpt>
      <trkpt lat="65.24246" lon="14.96503">
        <time>2026-03-09T19:18:00Z</time>
      </trkpt>
      <trkpt lat="65.24561" lon="14.95443">
        <time>2026-03-09T19:28:00Z</time>
      </trkpt>
      <trkpt lat="65.25074" lon="14.94142">
        <time>2026-03-09T19:38:00Z</time>
      </trkpt>
      <trkpt lat="65.25353" lon="14.93303">
        <time>2026-03-09T19:48:00Z</time>
      </trkpt>
      <trkpt lat="65.25173" lon="14.94316">
        <time>2026-03-09T19:58:00Z</time>
      </trkpt>
      <trkpt lat="65.25347" lon="14.93376">
        <time>2026-03-09T20:08:00Z</time>
      </trkpt>
      <trkpt lat="65.25328" lon="14.93213">
        <time>2026-03-09T20:18:00Z</time>
      </trkpt>
      <trkpt lat="65.25324" lon="14.93239">
        <time>2026-03-09T20:23:00Z</time>
      </trkpt>
      <trkpt lat="65.39846" lon="15.02339">
        <time>2026-03-10T18:29:00Z</time>
      </trkpt>
      <trkpt lat="65.39846" lon="15.02356">
        <time>2026-03-10T18:32:00Z</time>
      </trkpt>
      <trkpt lat="65.39849" lon="15.02339">
        <time>2026-03-11T06:40:00Z</time>
      </trkpt>
      <trkpt lat="65.3985" lon="15.02335">
        <time>2026-03-11T06:50:00Z</time>
      </trkpt>
      <trkpt lat="65.39946" lon="15.02552">
        <time>2026-03-11T07:40:00Z</time>
      </trkpt>
      <trkpt lat="65.40169" lon="15.0238">
        <time>2026-03-11T07:50:00Z</time>
      </trkpt>
      <trkpt lat="65.40327" lon="15.04219">
        <time>2026-03-11T08:00:00Z</time>
      </trkpt>
      <trkpt lat="65.40474" lon="15.05809">
        <time>2026-03-11T08:10:00Z</time>
      </trkpt>
      <trkpt lat="65.40586" lon="15.07109">
        <time>2026-03-11T08:20:00Z</time>
      </trkpt>
      <trkpt lat="65.40774" lon="15.09062">
        <time>2026-03-11T08:30:00Z</time>
      </trkpt>
      <trkpt lat="65.40773" lon="15.0906">
        <time>2026-03-11T08:40:00Z</time>
      </trkpt>
      <trkpt lat="65.40886" lon="15.10264">
        <time>2026-03-11T09:00:00Z</time>
      </trkpt>
      <trkpt lat="65.41066" lon="15.12388">
        <time>2026-03-11T09:10:00Z</time>
      </trkpt>
      <trkpt lat="65.41213" lon="15.14469">
        <time>2026-03-11T09:20:00Z</time>
      </trkpt>
      <trkpt lat="65.41503" lon="15.16366">
        <time>2026-03-11T09:30:00Z</time>
      </trkpt>
      <trkpt lat="65.41648" lon="15.17113">
        <time>2026-03-11T09:40:00Z</time>
      </trkpt>
      <trkpt lat="65.42135" lon="15.18827">
        <time>2026-03-11T09:50:00Z</time>
      </trkpt>
      <trkpt lat="65.42596" lon="15.20537">
        <time>2026-03-11T10:00:00Z</time>
      </trkpt>
      <trkpt lat="65.43171" lon="15.21887">
        <time>2026-03-11T10:10:00Z</time>
      </trkpt>
      <trkpt lat="65.43169" lon="15.21872">
        <time>2026-03-11T10:20:00Z</time>
      </trkpt>
      <trkpt lat="65.43301" lon="15.22544">
        <time>2026-03-11T11:10:00Z</time>
      </trkpt>
      <trkpt lat="65.43671" lon="15.2361">
        <time>2026-03-11T11:20:00Z</time>
      </trkpt>
      <trkpt lat="65.44514" lon="15.23649">
        <time>2026-03-11T11:30:00Z</time>
      </trkpt>
      <trkpt lat="65.45123" lon="15.25003">
        <time>2026-03-11T11:40:00Z</time>
      </trkpt>
      <trkpt lat="65.45753" lon="15.25039">
        <time>2026-03-11T11:50:00Z</time>
      </trkpt>
      <trkpt lat="65.45757" lon="15.25037">
        <time>2026-03-11T12:00:00Z</time>
      </trkpt>
      <trkpt lat="65.4593" lon="15.25526">
        <time>2026-03-11T12:10:00Z</time>
      </trkpt>
      <trkpt lat="65.46756" lon="15.27867">
        <time>2026-03-11T12:20:00Z</time>
      </trkpt>
      <trkpt lat="65.47193" lon="15.29605">
        <time>2026-03-11T12:30:00Z</time>
      </trkpt>
      <trkpt lat="65.47985" lon="15.31704">
        <time>2026-03-11T12:40:00Z</time>
      </trkpt>
      <trkpt lat="65.48249" lon="15.32794">
        <time>2026-03-11T12:50:00Z</time>
      </trkpt>
      <trkpt lat="65.48647" lon="15.34157">
        <time>2026-03-11T13:00:00Z</time>
      </trkpt>
      <trkpt lat="65.48913" lon="15.35478">
        <time>2026-03-11T13:10:00Z</time>
      </trkpt>
      <trkpt lat="65.49223" lon="15.35659">
        <time>2026-03-11T13:20:00Z</time>
      </trkpt>
      <trkpt lat="65.49222" lon="15.35661">
        <time>2026-03-11T13:30:00Z</time>
      </trkpt>
      <trkpt lat="65.4946" lon="15.3574">
        <time>2026-03-11T15:20:00Z</time>
      </trkpt>
      <trkpt lat="65.50217" lon="15.35302">
        <time>2026-03-11T15:30:00Z</time>
      </trkpt>
      <trkpt lat="65.50733" lon="15.34882">
        <time>2026-03-11T15:40:00Z</time>
      </trkpt>
      <trkpt lat="65.51238" lon="15.34736">
        <time>2026-03-11T15:50:00Z</time>
      </trkpt>
      <trkpt lat="65.51281" lon="15.34757">
        <time>2026-03-11T16:00:00Z</time>
      </trkpt>
      <trkpt lat="65.51967" lon="15.33856">
        <time>2026-03-11T16:10:00Z</time>
      </trkpt>
      <trkpt lat="65.52705" lon="15.33189">
        <time>2026-03-11T16:20:00Z</time>
      </trkpt>
      <trkpt lat="65.53158" lon="15.33247">
        <time>2026-03-11T16:30:00Z</time>
      </trkpt>
      <trkpt lat="65.53805" lon="15.33361">
        <time>2026-03-11T16:40:00Z</time>
      </trkpt>
      <trkpt lat="65.54303" lon="15.33337">
        <time>2026-03-11T16:50:00Z</time>
      </trkpt>
      <trkpt lat="65.54737" lon="15.33515">
        <time>2026-03-11T17:00:00Z</time>
      </trkpt>
      <trkpt lat="65.5478" lon="15.33622">
        <time>2026-03-11T17:10:00Z</time>
      </trkpt>
      <trkpt lat="65.54774" lon="15.33605">
        <time>2026-03-11T18:05:00Z</time>
      </trkpt>
      <trkpt lat="65.54783" lon="15.33618">
        <time>2026-03-12T07:49:00Z</time>
      </trkpt>
      <trkpt lat="65.5494" lon="15.33755">
        <time>2026-03-12T07:59:00Z</time>
      </trkpt>
      <trkpt lat="65.55589" lon="15.34564">
        <time>2026-03-12T08:09:00Z</time>
      </trkpt>
      <trkpt lat="65.55887" lon="15.34221">
        <time>2026-03-12T08:19:00Z</time>
      </trkpt>
      <trkpt lat="65.5646" lon="15.33657">
        <time>2026-03-12T08:29:00Z</time>
      </trkpt>
      <trkpt lat="65.56981" lon="15.3261">
        <time>2026-03-12T08:39:00Z</time>
      </trkpt>
      <trkpt lat="65.57424" lon="15.31232">
        <time>2026-03-12T08:49:00Z</time>
      </trkpt>
      <trkpt lat="65.57736" lon="15.30129">
        <time>2026-03-12T08:59:00Z</time>
      </trkpt>
      <trkpt lat="65.57741" lon="15.30138">
        <time>2026-03-12T09:09:00Z</time>
      </trkpt>
      <trkpt lat="65.58217" lon="15.29769">
        <time>2026-03-12T09:19:00Z</time>
      </trkpt>
      <trkpt lat="65.58785" lon="15.28865">
        <time>2026-03-12T09:29:00Z</time>
      </trkpt>
      <trkpt lat="65.59356" lon="15.2852">
        <time>2026-03-12T09:39:00Z</time>
      </trkpt>
      <trkpt lat="65.59719" lon="15.28243">
        <time>2026-03-12T09:49:00Z</time>
      </trkpt>
      <trkpt lat="65.60131" lon="15.27655">
        <time>2026-03-12T09:59:00Z</time>
      </trkpt>
      <trkpt lat="65.60185" lon="15.27028">
        <time>2026-03-12T10:09:00Z</time>
      </trkpt>
      <trkpt lat="65.60137" lon="15.27627">
        <time>2026-03-12T10:19:00Z</time>
      </trkpt>
      <trkpt lat="65.60184" lon="15.26784">
        <time>2026-03-12T10:29:00Z</time>
      </trkpt>
      <trkpt lat="65.60568" lon="15.2564">
        <time>2026-03-12T10:39:00Z</time>
      </trkpt>
      <trkpt lat="65.61199" lon="15.24376">
        <time>2026-03-12T10:49:00Z</time>
      </trkpt>
      <trkpt lat="65.61905" lon="15.23393">
        <time>2026-03-12T10:59:00Z</time>
      </trkpt>
      <trkpt lat="65.62373" lon="15.22739">
        <time>2026-03-12T11:09:00Z</time>
      </trkpt>
      <trkpt lat="65.62861" lon="15.21851">
        <time>2026-03-12T11:19:00Z</time>
      </trkpt>
      <trkpt lat="65.6286" lon="15.21853">
        <time>2026-03-12T11:29:00Z</time>
      </trkpt>
      <trkpt lat="65.63231" lon="15.21149">
        <time>2026-03-12T11:59:00Z</time>
      </trkpt>
      <trkpt lat="65.6383" lon="15.19982">
        <time>2026-03-12T12:09:00Z</time>
      </trkpt>
      <trkpt lat="65.64371" lon="15.1845">
        <time>2026-03-12T12:19:00Z</time>
      </trkpt>
      <trkpt lat="65.64833" lon="15.17332">
        <time>2026-03-12T12:29:00Z</time>
      </trkpt>
      <trkpt lat="65.65378" lon="15.15808">
        <time>2026-03-12T12:39:00Z</time>
      </trkpt>
      <trkpt lat="65.6564" lon="15.15076">
        <time>2026-03-12T12:49:00Z</time>
      </trkpt>
      <trkpt lat="65.65816" lon="15.14263">
        <time>2026-03-12T12:59:00Z</time>
      </trkpt>
      <trkpt lat="65.65813" lon="15.14246">
        <time>2026-03-12T13:09:00Z</time>
      </trkpt>
      <trkpt lat="65.65893" lon="15.14132">
        <time>2026-03-12T13:49:00Z</time>
      </trkpt>
      <trkpt lat="65.65907" lon="15.13461">
        <time>2026-03-12T13:59:00Z</time>
      </trkpt>
      <trkpt lat="65.65926" lon="15.13201">
        <time>2026-03-12T14:09:00Z</time>
      </trkpt>
      <trkpt lat="65.66073" lon="15.12939">
        <time>2026-03-12T14:19:00Z</time>
      </trkpt>
      <trkpt lat="65.66545" lon="15.12995">
        <time>2026-03-12T14:29:00Z</time>
      </trkpt>
      <trkpt lat="65.67114" lon="15.13102">
        <time>2026-03-12T14:39:00Z</time>
      </trkpt>
      <trkpt lat="65.67512" lon="15.1283">
        <time>2026-03-12T14:49:00Z</time>
      </trkpt>
      <trkpt lat="65.67814" lon="15.12514">
        <time>2026-03-12T14:59:00Z</time>
      </trkpt>
      <trkpt lat="65.68296" lon="15.1224">
        <time>2026-03-12T15:09:00Z</time>
      </trkpt>
      <trkpt lat="65.68799" lon="15.1218">
        <time>2026-03-12T15:19:00Z</time>
      </trkpt>
      <trkpt lat="65.69044" lon="15.1186">
        <time>2026-03-12T15:29:00Z</time>
      </trkpt>
      <trkpt lat="65.69286" lon="15.11077">
        <time>2026-03-12T15:39:00Z</time>
      </trkpt>
      <trkpt lat="65.69668" lon="15.11098">
        <time>2026-03-12T15:49:00Z</time>
      </trkpt>
      <trkpt lat="65.69668" lon="15.1109">
        <time>2026-03-12T15:59:00Z</time>
      </trkpt>
      <trkpt lat="65.69907" lon="15.1101">
        <time>2026-03-12T16:09:00Z</time>
      </trkpt>
      <trkpt lat="65.70273" lon="15.1053">
        <time>2026-03-12T16:19:00Z</time>
      </trkpt>
      <trkpt lat="65.70829" lon="15.09903">
        <time>2026-03-12T16:29:00Z</time>
      </trkpt>
      <trkpt lat="65.71353" lon="15.09377">
        <time>2026-03-12T16:39:00Z</time>
      </trkpt>
      <trkpt lat="65.71734" lon="15.09103">
        <time>2026-03-12T16:49:00Z</time>
      </trkpt>
      <trkpt lat="65.72136" lon="15.09347">
        <time>2026-03-12T16:59:00Z</time>
      </trkpt>
      <trkpt lat="65.72037" lon="15.09937">
        <time>2026-03-12T17:09:00Z</time>
      </trkpt>
      <trkpt lat="65.72038" lon="15.09927">
        <time>2026-03-12T17:19:00Z</time>
      </trkpt>
      <trkpt lat="65.72033" lon="15.09909">
        <time>2026-03-12T17:57:00Z</time>
      </trkpt>
      <trkpt lat="65.72093" lon="15.11019">
        <time>2026-03-13T08:07:00Z</time>
      </trkpt>
      <trkpt lat="65.72458" lon="15.11111">
        <time>2026-03-13T08:17:00Z</time>
      </trkpt>
      <trkpt lat="65.72871" lon="15.10957">
        <time>2026-03-13T08:27:00Z</time>
      </trkpt>
      <trkpt lat="65.7351" lon="15.11356">
        <time>2026-03-13T08:37:00Z</time>
      </trkpt>
      <trkpt lat="65.73705" lon="15.11553">
        <time>2026-03-13T08:47:00Z</time>
      </trkpt>
      <trkpt lat="65.73705" lon="15.11538">
        <time>2026-03-13T08:57:00Z</time>
      </trkpt>
      <trkpt lat="65.74252" lon="15.12287">
        <time>2026-03-13T09:07:00Z</time>
      </trkpt>
      <trkpt lat="65.75116" lon="15.12832">
        <time>2026-03-13T09:17:00Z</time>
      </trkpt>
      <trkpt lat="65.75767" lon="15.13008">
        <time>2026-03-13T09:27:00Z</time>
      </trkpt>
      <trkpt lat="65.75775" lon="15.13032">
        <time>2026-03-13T09:37:00Z</time>
      </trkpt>
      <trkpt lat="65.76197" lon="15.12514">
        <time>2026-03-13T09:57:00Z</time>
      </trkpt>
      <trkpt lat="65.76703" lon="15.11678">
        <time>2026-03-13T10:07:00Z</time>
      </trkpt>
      <trkpt lat="65.77199" lon="15.11205">
        <time>2026-03-13T10:17:00Z</time>
      </trkpt>
      <trkpt lat="65.77658" lon="15.10708">
        <time>2026-03-13T10:27:00Z</time>
      </trkpt>
      <trkpt lat="65.77701" lon="15.10476">
        <time>2026-03-13T10:37:00Z</time>
      </trkpt>
      <trkpt lat="65.77698" lon="15.10489">
        <time>2026-03-13T10:47:00Z</time>
      </trkpt>
      <trkpt lat="65.78303" lon="15.10148">
        <time>2026-03-13T11:57:00Z</time>
      </trkpt>
      <trkpt lat="65.78938" lon="15.09388">
        <time>2026-03-13T12:07:00Z</time>
      </trkpt>
      <trkpt lat="65.79265" lon="15.08259">
        <time>2026-03-13T12:17:00Z</time>
      </trkpt>
      <trkpt lat="65.7983" lon="15.07141">
        <time>2026-03-13T12:27:00Z</time>
      </trkpt>
      <trkpt lat="65.8013" lon="15.07399">
        <time>2026-03-13T12:37:00Z</time>
      </trkpt>
      <trkpt lat="65.80899" lon="15.07468">
        <time>2026-03-13T12:47:00Z</time>
      </trkpt>
      <trkpt lat="65.8143" lon="15.07729">
        <time>2026-03-13T12:57:00Z</time>
      </trkpt>
      <trkpt lat="65.81514" lon="15.08652">
        <time>2026-03-13T13:07:00Z</time>
      </trkpt>
      <trkpt lat="65.8153" lon="15.08706">
        <time>2026-03-13T13:17:00Z</time>
      </trkpt>
      <trkpt lat="65.8153" lon="15.08654">
        <time>2026-03-13T13:42:00Z</time>
      </trkpt>
      <trkpt lat="65.81484" lon="15.09847">
        <time>2026-03-15T08:25:00Z</time>
      </trkpt>
      <trkpt lat="65.8149" lon="15.09832">
        <time>2026-03-15T08:35:00Z</time>
      </trkpt>
      <trkpt lat="65.81605" lon="15.09961">
        <time>2026-03-15T08:45:00Z</time>
      </trkpt>
      <trkpt lat="65.81464" lon="15.10703">
        <time>2026-03-15T08:55:00Z</time>
      </trkpt>
      <trkpt lat="65.8146" lon="15.11512">
        <time>2026-03-15T09:05:00Z</time>
      </trkpt>
      <trkpt lat="65.81742" lon="15.12019">
        <time>2026-03-15T09:15:00Z</time>
      </trkpt>
      <trkpt lat="65.81924" lon="15.11592">
        <time>2026-03-15T09:25:00Z</time>
      </trkpt>
      <trkpt lat="65.82293" lon="15.10778">
        <time>2026-03-15T09:35:00Z</time>
      </trkpt>
      <trkpt lat="65.82791" lon="15.10405">
        <time>2026-03-15T09:45:00Z</time>
      </trkpt>
      <trkpt lat="65.82923" lon="15.09828">
        <time>2026-03-15T09:55:00Z</time>
      </trkpt>
      <trkpt lat="65.83241" lon="15.09824">
        <time>2026-03-15T10:05:00Z</time>
      </trkpt>
      <trkpt lat="65.83572" lon="15.09652">
        <time>2026-03-15T10:15:00Z</time>
      </trkpt>
      <trkpt lat="65.836" lon="15.09532">
        <time>2026-03-15T10:25:00Z</time>
      </trkpt>
      <trkpt lat="65.8366" lon="15.09203">
        <time>2026-03-15T10:35:00Z</time>
      </trkpt>
      <trkpt lat="65.84344" lon="15.09113">
        <time>2026-03-15T10:45:00Z</time>
      </trkpt>
      <trkpt lat="65.84654" lon="15.096">
        <time>2026-03-15T10:55:00Z</time>
      </trkpt>
      <trkpt lat="65.85536" lon="15.09349">
        <time>2026-03-15T11:05:00Z</time>
      </trkpt>
      <trkpt lat="65.85824" lon="15.09564">
        <time>2026-03-15T11:15:00Z</time>
      </trkpt>
      <trkpt lat="65.8619" lon="15.09836">
        <time>2026-03-15T11:25:00Z</time>
      </trkpt>
      <trkpt lat="65.86514" lon="15.10851">
        <time>2026-03-15T11:35:00Z</time>
      </trkpt>
      <trkpt lat="65.86511" lon="15.10851">
        <time>2026-03-15T11:45:00Z</time>
      </trkpt>
      <trkpt lat="65.86742" lon="15.11409">
        <time>2026-03-15T11:55:00Z</time>
      </trkpt>
      <trkpt lat="65.87217" lon="15.12536">
        <time>2026-03-15T12:05:00Z</time>
      </trkpt>
      <trkpt lat="65.87581" lon="15.1339">
        <time>2026-03-15T12:15:00Z</time>
      </trkpt>
      <trkpt lat="65.88031" lon="15.14469">
        <time>2026-03-15T12:25:00Z</time>
      </trkpt>
      <trkpt lat="65.88453" lon="15.15568">
        <time>2026-03-15T12:35:00Z</time>
      </trkpt>
      <trkpt lat="65.8848" lon="15.15911">
        <time>2026-03-15T12:45:00Z</time>
      </trkpt>
      <trkpt lat="65.88474" lon="15.15737">
        <time>2026-03-15T12:55:00Z</time>
      </trkpt>
      <trkpt lat="65.88546" lon="15.15905">
        <time>2026-03-15T13:25:00Z</time>
      </trkpt>
      <trkpt lat="65.88509" lon="15.1583">
        <time>2026-03-15T13:35:00Z</time>
      </trkpt>
      <trkpt lat="65.88789" lon="15.17021">
        <time>2026-03-15T13:55:00Z</time>
      </trkpt>
      <trkpt lat="65.88827" lon="15.18186">
        <time>2026-03-15T14:05:00Z</time>
      </trkpt>
      <trkpt lat="65.8863" lon="15.19643">
        <time>2026-03-15T14:15:00Z</time>
      </trkpt>
      <trkpt lat="65.88393" lon="15.21162">
        <time>2026-03-15T14:25:00Z</time>
      </trkpt>
      <trkpt lat="65.88113" lon="15.22696">
        <time>2026-03-15T14:35:00Z</time>
      </trkpt>
      <trkpt lat="65.87992" lon="15.23679">
        <time>2026-03-15T14:45:00Z</time>
      </trkpt>
      <trkpt lat="65.87853" lon="15.2487">
        <time>2026-03-15T14:55:00Z</time>
      </trkpt>
      <trkpt lat="65.87732" lon="15.26513">
        <time>2026-03-15T15:05:00Z</time>
      </trkpt>
      <trkpt lat="65.87566" lon="15.28146">
        <time>2026-03-15T15:15:00Z</time>
      </trkpt>
      <trkpt lat="65.87374" lon="15.28932">
        <time>2026-03-15T15:25:00Z</time>
      </trkpt>
      <trkpt lat="65.87376" lon="15.28927">
        <time>2026-03-15T15:35:00Z</time>
      </trkpt>
      <trkpt lat="65.87275" lon="15.30466">
        <time>2026-03-15T16:05:00Z</time>
      </trkpt>
      <trkpt lat="65.87315" lon="15.32406">
        <time>2026-03-15T16:15:00Z</time>
      </trkpt>
      <trkpt lat="65.87354" lon="15.33221">
        <time>2026-03-15T16:25:00Z</time>
      </trkpt>
      <trkpt lat="65.87376" lon="15.34114">
        <time>2026-03-15T16:35:00Z</time>
      </trkpt>
      <trkpt lat="65.87559" lon="15.34521">
        <time>2026-03-15T16:45:00Z</time>
      </trkpt>
      <trkpt lat="65.88037" lon="15.36141">
        <time>2026-03-15T16:55:00Z</time>
      </trkpt>
      <trkpt lat="65.8844" lon="15.37287">
        <time>2026-03-15T17:05:00Z</time>
      </trkpt>
      <trkpt lat="65.88952" lon="15.38839">
        <time>2026-03-15T17:15:00Z</time>
      </trkpt>
      <trkpt lat="65.89279" lon="15.39669">
        <time>2026-03-15T17:25:00Z</time>
      </trkpt>
      <trkpt lat="65.8927" lon="15.396">
        <time>2026-03-15T17:35:00Z</time>
      </trkpt>
      <trkpt lat="65.89279" lon="15.39652">
        <time>2026-03-15T17:50:00Z</time>
      </trkpt>
      <trkpt lat="65.89269" lon="15.39652">
        <time>2026-03-16T07:28:00Z</time>
      </trkpt>
      <trkpt lat="65.89264" lon="15.3965">
        <time>2026-03-16T07:38:00Z</time>
      </trkpt>
      <trkpt lat="65.89241" lon="15.40521">
        <time>2026-03-16T07:48:00Z</time>
      </trkpt>
      <trkpt lat="65.89581" lon="15.42834">
        <time>2026-03-16T07:58:00Z</time>
      </trkpt>
      <trkpt lat="65.90184" lon="15.44581">
        <time>2026-03-16T08:08:00Z</time>
      </trkpt>
      <trkpt lat="65.90941" lon="15.45089">
        <time>2026-03-16T08:18:00Z</time>
      </trkpt>
      <trkpt lat="65.91744" lon="15.45072">
        <time>2026-03-16T08:28:00Z</time>
      </trkpt>
      <trkpt lat="65.92189" lon="15.45581">
        <time>2026-03-16T08:38:00Z</time>
      </trkpt>
      <trkpt lat="65.9239" lon="15.4592">
        <time>2026-03-16T08:48:00Z</time>
      </trkpt>
      <trkpt lat="65.93177" lon="15.46772">
        <time>2026-03-16T08:58:00Z</time>
      </trkpt>
      <trkpt lat="65.94015" lon="15.47196">
        <time>2026-03-16T09:08:00Z</time>
      </trkpt>
      <trkpt lat="65.94826" lon="15.47497">
        <time>2026-03-16T09:18:00Z</time>
      </trkpt>
      <trkpt lat="65.95619" lon="15.47752">
        <time>2026-03-16T09:28:00Z</time>
      </trkpt>
      <trkpt lat="65.96099" lon="15.47883">
        <time>2026-03-16T09:38:00Z</time>
      </trkpt>
      <trkpt lat="65.96924" lon="15.47956">
        <time>2026-03-16T09:48:00Z</time>
      </trkpt>
      <trkpt lat="65.97042" lon="15.48126">
        <time>2026-03-16T09:58:00Z</time>
      </trkpt>
      <trkpt lat="65.97048" lon="15.48134">
        <time>2026-03-16T10:08:00Z</time>
      </trkpt>
      <trkpt lat="65.97893" lon="15.48574">
        <time>2026-03-16T10:28:00Z</time>
      </trkpt>
      <trkpt lat="65.98664" lon="15.49297">
        <time>2026-03-16T10:38:00Z</time>
      </trkpt>
      <trkpt lat="65.98858" lon="15.49776">
        <time>2026-03-16T10:48:00Z</time>
      </trkpt>
      <trkpt lat="65.98883" lon="15.49728">
        <time>2026-03-16T10:58:00Z</time>
      </trkpt>
      <trkpt lat="65.9913" lon="15.48735">
        <time>2026-03-16T11:48:00Z</time>
      </trkpt>
      <trkpt lat="66.00047" lon="15.48997">
        <time>2026-03-16T11:58:00Z</time>
      </trkpt>
      <trkpt lat="66.0065" lon="15.49668">
        <time>2026-03-16T12:08:00Z</time>
      </trkpt>
      <trkpt lat="66.00499" lon="15.50572">
        <time>2026-03-16T12:18:00Z</time>
      </trkpt>
      <trkpt lat="66.00333" lon="15.5193">
        <time>2026-03-16T12:28:00Z</time>
      </trkpt>
      <trkpt lat="66.00424" lon="15.53308">
        <time>2026-03-16T12:38:00Z</time>
      </trkpt>
      <trkpt lat="66.00326" lon="15.54059">
        <time>2026-03-16T12:48:00Z</time>
      </trkpt>
      <trkpt lat="66.00171" lon="15.54604">
        <time>2026-03-16T12:58:00Z</time>
      </trkpt>
      <trkpt lat="66.002" lon="15.55986">
        <time>2026-03-16T13:08:00Z</time>
      </trkpt>
      <trkpt lat="65.99758" lon="15.5711">
        <time>2026-03-16T13:18:00Z</time>
      </trkpt>
      <trkpt lat="65.99215" lon="15.57391">
        <time>2026-03-16T13:28:00Z</time>
      </trkpt>
      <trkpt lat="65.98836" lon="15.57717">
        <time>2026-03-16T13:38:00Z</time>
      </trkpt>
      <trkpt lat="65.98758" lon="15.57797">
        <time>2026-03-16T13:48:00Z</time>
      </trkpt>
      <trkpt lat="65.98365" lon="15.58138">
        <time>2026-03-16T14:18:00Z</time>
      </trkpt>
      <trkpt lat="65.97959" lon="15.58704">
        <time>2026-03-16T14:28:00Z</time>
      </trkpt>
      <trkpt lat="65.97163" lon="15.59777">
        <time>2026-03-16T14:38:00Z</time>
      </trkpt>
      <trkpt lat="65.96985" lon="15.60582">
        <time>2026-03-16T14:48:00Z</time>
      </trkpt>
      <trkpt lat="65.96883" lon="15.61719">
        <time>2026-03-16T14:58:00Z</time>
      </trkpt>
      <trkpt lat="65.96809" lon="15.62292">
        <time>2026-03-16T15:08:00Z</time>
      </trkpt>
      <trkpt lat="65.967" lon="15.64086">
        <time>2026-03-16T15:18:00Z</time>
      </trkpt>
      <trkpt lat="65.97013" lon="15.66165">
        <time>2026-03-16T15:28:00Z</time>
      </trkpt>
      <trkpt lat="65.96999" lon="15.67047">
        <time>2026-03-16T15:38:00Z</time>
      </trkpt>
      <trkpt lat="65.97069" lon="15.67658">
        <time>2026-03-16T15:48:00Z</time>
      </trkpt>
      <trkpt lat="65.97033" lon="15.69463">
        <time>2026-03-16T15:58:00Z</time>
      </trkpt>
      <trkpt lat="65.96558" lon="15.70461">
        <time>2026-03-16T16:08:00Z</time>
      </trkpt>
      <trkpt lat="65.96289" lon="15.71467">
        <time>2026-03-16T16:18:00Z</time>
      </trkpt>
      <trkpt lat="65.96517" lon="15.73598">
        <time>2026-03-16T16:28:00Z</time>
      </trkpt>
      <trkpt lat="65.97119" lon="15.7537">
        <time>2026-03-16T16:38:00Z</time>
      </trkpt>
      <trkpt lat="65.97211" lon="15.76257">
        <time>2026-03-16T16:48:00Z</time>
      </trkpt>
      <trkpt lat="65.97211" lon="15.76246">
        <time>2026-03-16T16:58:00Z</time>
      </trkpt>
      <trkpt lat="65.97238" lon="15.7642">
        <time>2026-03-16T17:38:00Z</time>
      </trkpt>
      <trkpt lat="65.97238" lon="15.76428">
        <time>2026-03-16T19:37:00Z</time>
      </trkpt>
      <trkpt lat="65.97215" lon="15.76394">
        <time>2026-03-17T08:14:00Z</time>
      </trkpt>
      <trkpt lat="65.96746" lon="15.77975">
        <time>2026-03-17T08:24:00Z</time>
      </trkpt>
      <trkpt lat="65.96726" lon="15.79823">
        <time>2026-03-17T08:34:00Z</time>
      </trkpt>
      <trkpt lat="65.9687" lon="15.80261">
        <time>2026-03-17T08:44:00Z</time>
      </trkpt>
      <trkpt lat="65.97296" lon="15.82112">
        <time>2026-03-17T08:54:00Z</time>
      </trkpt>
      <trkpt lat="65.97534" lon="15.83385">
        <time>2026-03-17T09:04:00Z</time>
      </trkpt>
      <trkpt lat="65.97477" lon="15.84063">
        <time>2026-03-17T09:14:00Z</time>
      </trkpt>
      <trkpt lat="65.97476" lon="15.84067">
        <time>2026-03-17T09:24:00Z</time>
      </trkpt>
      <trkpt lat="65.97421" lon="15.85172">
        <time>2026-03-17T09:44:00Z</time>
      </trkpt>
      <trkpt lat="65.97216" lon="15.86458">
        <time>2026-03-17T09:54:00Z</time>
      </trkpt>
      <trkpt lat="65.9702" lon="15.88082">
        <time>2026-03-17T10:04:00Z</time>
      </trkpt>
      <trkpt lat="65.9662" lon="15.89698">
        <time>2026-03-17T10:14:00Z</time>
      </trkpt>
      <trkpt lat="65.96339" lon="15.91487">
        <time>2026-03-17T10:24:00Z</time>
      </trkpt>
      <trkpt lat="65.96323" lon="15.91616">
        <time>2026-03-17T10:34:00Z</time>
      </trkpt>
      <trkpt lat="65.96003" lon="15.93146">
        <time>2026-03-17T10:54:00Z</time>
      </trkpt>
      <trkpt lat="65.96292" lon="15.95137">
        <time>2026-03-17T11:04:00Z</time>
      </trkpt>
      <trkpt lat="65.96505" lon="15.97229">
        <time>2026-03-17T11:14:00Z</time>
      </trkpt>
      <trkpt lat="65.96374" lon="15.99298">
        <time>2026-03-17T11:24:00Z</time>
      </trkpt>
      <trkpt lat="65.96304" lon="16.00954">
        <time>2026-03-17T11:34:00Z</time>
      </trkpt>
      <trkpt lat="65.9629" lon="16.00948">
        <time>2026-03-17T11:44:00Z</time>
      </trkpt>
      <trkpt lat="65.96268" lon="16.01607">
        <time>2026-03-17T11:54:00Z</time>
      </trkpt>
      <trkpt lat="65.96314" lon="16.0387">
        <time>2026-03-17T12:04:00Z</time>
      </trkpt>
      <trkpt lat="65.96158" lon="16.05834">
        <time>2026-03-17T12:14:00Z</time>
      </trkpt>
      <trkpt lat="65.96205" lon="16.06827">
        <time>2026-03-17T12:24:00Z</time>
      </trkpt>
      <trkpt lat="65.96209" lon="16.06829">
        <time>2026-03-17T12:34:00Z</time>
      </trkpt>
      <trkpt lat="65.96274" lon="16.07739">
        <time>2026-03-17T13:34:00Z</time>
      </trkpt>
      <trkpt lat="65.96292" lon="16.09909">
        <time>2026-03-17T13:44:00Z</time>
      </trkpt>
      <trkpt lat="65.96149" lon="16.12267">
        <time>2026-03-17T13:54:00Z</time>
      </trkpt>
      <trkpt lat="65.95721" lon="16.14215">
        <time>2026-03-17T14:04:00Z</time>
      </trkpt>
      <trkpt lat="65.95711" lon="16.14204">
        <time>2026-03-17T14:14:00Z</time>
      </trkpt>
      <trkpt lat="65.95358" lon="16.1593">
        <time>2026-03-17T14:34:00Z</time>
      </trkpt>
      <trkpt lat="65.95499" lon="16.17593">
        <time>2026-03-17T14:44:00Z</time>
      </trkpt>
      <trkpt lat="65.95478" lon="16.19316">
        <time>2026-03-17T14:54:00Z</time>
      </trkpt>
      <trkpt lat="65.9562" lon="16.20916">
        <time>2026-03-17T15:04:00Z</time>
      </trkpt>
      <trkpt lat="65.95668" lon="16.20824">
        <time>2026-03-17T15:14:00Z</time>
      </trkpt>
      <trkpt lat="65.95738" lon="16.2074">
        <time>2026-03-17T15:26:00Z</time>
      </trkpt>
      <trkpt lat="65.95735" lon="16.2079">
        <time>2026-03-19T09:33:00Z</time>
      </trkpt>
      <trkpt lat="65.95794" lon="16.21899">
        <time>2026-03-19T09:43:00Z</time>
      </trkpt>
      <trkpt lat="65.961" lon="16.22914">
        <time>2026-03-19T09:53:00Z</time>
      </trkpt>
      <trkpt lat="65.96843" lon="16.22058">
        <time>2026-03-19T10:03:00Z</time>
      </trkpt>
      <trkpt lat="65.97455" lon="16.21298">
        <time>2026-03-19T10:13:00Z</time>
      </trkpt>
      <trkpt lat="65.9761" lon="16.21095">
        <time>2026-03-19T10:23:00Z</time>
      </trkpt>
      <trkpt lat="65.9803" lon="16.20558">
        <time>2026-03-19T10:33:00Z</time>
      </trkpt>
      <trkpt lat="65.98818" lon="16.20163">
        <time>2026-03-19T10:43:00Z</time>
      </trkpt>
      <trkpt lat="65.99082" lon="16.20097">
        <time>2026-03-19T10:53:00Z</time>
      </trkpt>
      <trkpt lat="65.99767" lon="16.19547">
        <time>2026-03-19T11:03:00Z</time>
      </trkpt>
      <trkpt lat="66.00712" lon="16.19597">
        <time>2026-03-19T11:13:00Z</time>
      </trkpt>
      <trkpt lat="66.01425" lon="16.19528">
        <time>2026-03-19T11:23:00Z</time>
      </trkpt>
      <trkpt lat="66.01415" lon="16.19532">
        <time>2026-03-19T11:33:00Z</time>
      </trkpt>
      <trkpt lat="66.02391" lon="16.19477">
        <time>2026-03-19T11:53:00Z</time>
      </trkpt>
      <trkpt lat="66.03042" lon="16.18977">
        <time>2026-03-19T12:03:00Z</time>
      </trkpt>
      <trkpt lat="66.03728" lon="16.19007">
        <time>2026-03-19T12:13:00Z</time>
      </trkpt>
      <trkpt lat="66.03789" lon="16.19187">
        <time>2026-03-19T12:23:00Z</time>
      </trkpt>
      <trkpt lat="66.03928" lon="16.21013">
        <time>2026-03-19T12:33:00Z</time>
      </trkpt>
      <trkpt lat="66.03916" lon="16.22217">
        <time>2026-03-19T12:43:00Z</time>
      </trkpt>
      <trkpt lat="66.03862" lon="16.22496">
        <time>2026-03-19T12:53:00Z</time>
      </trkpt>
      <trkpt lat="66.03869" lon="16.22481">
        <time>2026-03-19T13:03:00Z</time>
      </trkpt>
      <trkpt lat="66.03774" lon="16.23539">
        <time>2026-03-19T13:53:00Z</time>
      </trkpt>
      <trkpt lat="66.03802" lon="16.24629">
        <time>2026-03-19T14:03:00Z</time>
      </trkpt>
      <trkpt lat="66.03944" lon="16.25156">
        <time>2026-03-19T14:13:00Z</time>
      </trkpt>
      <trkpt lat="66.04136" lon="16.25764">
        <time>2026-03-19T14:23:00Z</time>
      </trkpt>
      <trkpt lat="66.04218" lon="16.25978">
        <time>2026-03-19T14:33:00Z</time>
      </trkpt>
      <trkpt lat="66.04213" lon="16.25976">
        <time>2026-03-19T14:43:00Z</time>
      </trkpt>
      <trkpt lat="66.04596" lon="16.26465">
        <time>2026-03-19T15:03:00Z</time>
      </trkpt>
      <trkpt lat="66.05152" lon="16.26757">
        <time>2026-03-19T15:13:00Z</time>
      </trkpt>
      <trkpt lat="66.05602" lon="16.27006">
        <time>2026-03-19T15:23:00Z</time>
      </trkpt>
      <trkpt lat="66.06229" lon="16.27161">
        <time>2026-03-19T15:33:00Z</time>
      </trkpt>
      <trkpt lat="66.06947" lon="16.27154">
        <time>2026-03-19T15:43:00Z</time>
      </trkpt>
      <trkpt lat="66.06969" lon="16.27229">
        <time>2026-03-19T15:53:00Z</time>
      </trkpt>
      <trkpt lat="66.07225" lon="16.27358">
        <time>2026-03-19T16:03:00Z</time>
      </trkpt>
      <trkpt lat="66.07638" lon="16.27648">
        <time>2026-03-19T16:13:00Z</time>
      </trkpt>
      <trkpt lat="66.08374" lon="16.28693">
        <time>2026-03-19T16:23:00Z</time>
      </trkpt>
      <trkpt lat="66.08925" lon="16.29532">
        <time>2026-03-19T16:33:00Z</time>
      </trkpt>
      <trkpt lat="66.09096" lon="16.298">
        <time>2026-03-19T16:43:00Z</time>
      </trkpt>
      <trkpt lat="66.09097" lon="16.298">
        <time>2026-03-19T16:53:00Z</time>
      </trkpt>
      <trkpt lat="66.09743" lon="16.30802">
        <time>2026-03-19T17:03:00Z</time>
      </trkpt>
      <trkpt lat="66.1023" lon="16.31566">
        <time>2026-03-19T17:13:00Z</time>
      </trkpt>
      <trkpt lat="66.10745" lon="16.32441">
        <time>2026-03-19T17:23:00Z</time>
      </trkpt>
      <trkpt lat="66.11208" lon="16.33544">
        <time>2026-03-19T17:33:00Z</time>
      </trkpt>
      <trkpt lat="66.1182" lon="16.3484">
        <time>2026-03-19T17:43:00Z</time>
      </trkpt>
      <trkpt lat="66.12523" lon="16.35853">
        <time>2026-03-19T17:53:00Z</time>
      </trkpt>
      <trkpt lat="66.12848" lon="16.35885">
        <time>2026-03-19T18:03:00Z</time>
      </trkpt>
      <trkpt lat="66.12848" lon="16.3589">
        <time>2026-03-19T18:13:00Z</time>
      </trkpt>
      <trkpt lat="66.12849" lon="16.35909">
        <time>2026-03-19T18:46:00Z</time>
      </trkpt>
      <trkpt lat="66.12844" lon="16.35881">
        <time>2026-03-20T07:27:00Z</time>
      </trkpt>
      <trkpt lat="66.13457" lon="16.35842">
        <time>2026-03-20T07:37:00Z</time>
      </trkpt>
      <trkpt lat="66.14062" lon="16.35808">
        <time>2026-03-20T07:47:00Z</time>
      </trkpt>
      <trkpt lat="66.14449" lon="16.35611">
        <time>2026-03-20T07:57:00Z</time>
      </trkpt>
      <trkpt lat="66.15125" lon="16.35124">
        <time>2026-03-20T08:07:00Z</time>
      </trkpt>
      <trkpt lat="66.1606" lon="16.35171">
        <time>2026-03-20T08:17:00Z</time>
      </trkpt>
      <trkpt lat="66.17045" lon="16.35988">
        <time>2026-03-20T08:27:00Z</time>
      </trkpt>
      <trkpt lat="66.17271" lon="16.36224">
        <time>2026-03-20T08:37:00Z</time>
      </trkpt>
      <trkpt lat="66.17271" lon="16.36226">
        <time>2026-03-20T08:47:00Z</time>
      </trkpt>
      <trkpt lat="66.17588" lon="16.36486">
        <time>2026-03-20T08:57:00Z</time>
      </trkpt>
      <trkpt lat="66.1845" lon="16.3725">
        <time>2026-03-20T09:07:00Z</time>
      </trkpt>
      <trkpt lat="66.19349" lon="16.37973">
        <time>2026-03-20T09:17:00Z</time>
      </trkpt>
      <trkpt lat="66.20171" lon="16.38113">
        <time>2026-03-20T09:27:00Z</time>
      </trkpt>
      <trkpt lat="66.20951" lon="16.37851">
        <time>2026-03-20T09:37:00Z</time>
      </trkpt>
      <trkpt lat="66.20995" lon="16.37744">
        <time>2026-03-20T09:47:00Z</time>
      </trkpt>
      <trkpt lat="66.21576" lon="16.3778">
        <time>2026-03-20T10:57:00Z</time>
      </trkpt>
      <trkpt lat="66.22104" lon="16.37512">
        <time>2026-03-20T11:07:00Z</time>
      </trkpt>
      <trkpt lat="66.22712" lon="16.38694">
        <time>2026-03-20T11:17:00Z</time>
      </trkpt>
      <trkpt lat="66.23572" lon="16.3907">
        <time>2026-03-20T11:27:00Z</time>
      </trkpt>
      <trkpt lat="66.24258" lon="16.3819">
        <time>2026-03-20T11:37:00Z</time>
      </trkpt>
      <trkpt lat="66.24489" lon="16.37962">
        <time>2026-03-20T11:47:00Z</time>
      </trkpt>
      <trkpt lat="66.24802" lon="16.38057">
        <time>2026-03-20T11:57:00Z</time>
      </trkpt>
      <trkpt lat="66.25256" lon="16.38379">
        <time>2026-03-20T12:07:00Z</time>
      </trkpt>
      <trkpt lat="66.25676" lon="16.38765">
        <time>2026-03-20T12:17:00Z</time>
      </trkpt>
      <trkpt lat="66.26369" lon="16.39248">
        <time>2026-03-20T12:27:00Z</time>
      </trkpt>
      <trkpt lat="66.26757" lon="16.40737">
        <time>2026-03-20T12:37:00Z</time>
      </trkpt>
      <trkpt lat="66.27197" lon="16.42945">
        <time>2026-03-20T12:47:00Z</time>
      </trkpt>
      <trkpt lat="66.27895" lon="16.46277">
        <time>2026-03-20T12:57:00Z</time>
      </trkpt>
      <trkpt lat="66.28271" lon="16.47934">
        <time>2026-03-20T13:07:00Z</time>
      </trkpt>
      <trkpt lat="66.2828" lon="16.4958">
        <time>2026-03-20T13:17:00Z</time>
      </trkpt>
      <trkpt lat="66.28229" lon="16.49599">
        <time>2026-03-20T13:27:00Z</time>
      </trkpt>
      <trkpt lat="66.28159" lon="16.51079">
        <time>2026-03-20T14:37:00Z</time>
      </trkpt>
      <trkpt lat="66.28291" lon="16.52234">
        <time>2026-03-20T14:47:00Z</time>
      </trkpt>
      <trkpt lat="66.28223" lon="16.53863">
        <time>2026-03-20T14:57:00Z</time>
      </trkpt>
      <trkpt lat="66.28493" lon="16.55242">
        <time>2026-03-20T15:07:00Z</time>
      </trkpt>
      <trkpt lat="66.28589" lon="16.55375">
        <time>2026-03-20T15:17:00Z</time>
      </trkpt>
      <trkpt lat="66.28582" lon="16.55365">
        <time>2026-03-20T15:27:00Z</time>
      </trkpt>
      <trkpt lat="66.28683" lon="16.5545">
        <time>2026-03-20T16:27:00Z</time>
      </trkpt>
      <trkpt lat="66.28689" lon="16.55446">
        <time>2026-03-20T16:37:00Z</time>
      </trkpt>
      <trkpt lat="66.28683" lon="16.55433">
        <time>2026-03-20T20:37:00Z</time>
      </trkpt>
      <trkpt lat="66.28677" lon="16.55438">
        <time>2026-03-21T00:37:00Z</time>
      </trkpt>
      <trkpt lat="66.28681" lon="16.55448">
        <time>2026-03-21T04:37:00Z</time>
      </trkpt>
      <trkpt lat="66.28581" lon="16.55397">
        <time>2026-03-21T07:37:00Z</time>
      </trkpt>
      <trkpt lat="66.28599" lon="16.5538">
        <time>2026-03-21T07:41:00Z</time>
      </trkpt>
      <trkpt lat="66.28485" lon="16.56056">
        <time>2026-03-21T07:51:00Z</time>
      </trkpt>
      <trkpt lat="66.28314" lon="16.58272">
        <time>2026-03-21T08:01:00Z</time>
      </trkpt>
      <trkpt lat="66.28738" lon="16.59551">
        <time>2026-03-21T08:11:00Z</time>
      </trkpt>
      <trkpt lat="66.28432" lon="16.61476">
        <time>2026-03-21T08:21:00Z</time>
      </trkpt>
      <trkpt lat="66.28097" lon="16.63409">
        <time>2026-03-21T08:31:00Z</time>
      </trkpt>
      <trkpt lat="66.27931" lon="16.65033">
        <time>2026-03-21T08:41:00Z</time>
      </trkpt>
      <trkpt lat="66.27949" lon="16.65119">
        <time>2026-03-21T08:51:00Z</time>
      </trkpt>
      <trkpt lat="66.27949" lon="16.66722">
        <time>2026-03-21T09:01:00Z</time>
      </trkpt>
      <trkpt lat="66.28452" lon="16.66312">
        <time>2026-03-21T09:11:00Z</time>
      </trkpt>
      <trkpt lat="66.28705" lon="16.66619">
        <time>2026-03-21T09:21:00Z</time>
      </trkpt>
      <trkpt lat="66.29325" lon="16.67392">
        <time>2026-03-21T09:31:00Z</time>
      </trkpt>
      <trkpt lat="66.29826" lon="16.67647">
        <time>2026-03-21T09:41:00Z</time>
      </trkpt>
      <trkpt lat="66.29815" lon="16.67656">
        <time>2026-03-21T09:51:00Z</time>
      </trkpt>
      <trkpt lat="66.30018" lon="16.67713">
        <time>2026-03-21T10:01:00Z</time>
      </trkpt>
      <trkpt lat="66.30368" lon="16.68012">
        <time>2026-03-21T10:11:00Z</time>
      </trkpt>
      <trkpt lat="66.30737" lon="16.68409">
        <time>2026-03-21T10:21:00Z</time>
      </trkpt>
      <trkpt lat="66.31077" lon="16.696">
        <time>2026-03-21T10:31:00Z</time>
      </trkpt>
      <trkpt lat="66.31804" lon="16.70327">
        <time>2026-03-21T10:41:00Z</time>
      </trkpt>
      <trkpt lat="66.32074" lon="16.7084">
        <time>2026-03-21T10:51:00Z</time>
      </trkpt>
      <trkpt lat="66.32083" lon="16.70874">
        <time>2026-03-21T11:01:00Z</time>
      </trkpt>
      <trkpt lat="66.32285" lon="16.72934">
        <time>2026-03-21T11:11:00Z</time>
      </trkpt>
      <trkpt lat="66.32501" lon="16.74737">
        <time>2026-03-21T11:21:00Z</time>
      </trkpt>
      <trkpt lat="66.32571" lon="16.74885">
        <time>2026-03-21T11:31:00Z</time>
      </trkpt>
      <trkpt lat="66.3281" lon="16.76103">
        <time>2026-03-21T11:41:00Z</time>
      </trkpt>
      <trkpt lat="66.33204" lon="16.77146">
        <time>2026-03-21T11:51:00Z</time>
      </trkpt>
      <trkpt lat="66.33361" lon="16.77947">
        <time>2026-03-21T12:01:00Z</time>
      </trkpt>
      <trkpt lat="66.3371" lon="16.78964">
        <time>2026-03-21T12:11:00Z</time>
      </trkpt>
      <trkpt lat="66.34043" lon="16.79977">
        <time>2026-03-21T12:21:00Z</time>
      </trkpt>
      <trkpt lat="66.34352" lon="16.80614">
        <time>2026-03-21T12:31:00Z</time>
      </trkpt>
      <trkpt lat="66.34328" lon="16.80618">
        <time>2026-03-21T12:41:00Z</time>
      </trkpt>
      <trkpt lat="66.34533" lon="16.80919">
        <time>2026-03-21T13:31:00Z</time>
      </trkpt>
      <trkpt lat="66.34808" lon="16.81933">
        <time>2026-03-21T13:41:00Z</time>
      </trkpt>
      <trkpt lat="66.34988" lon="16.82888">
        <time>2026-03-21T13:51:00Z</time>
      </trkpt>
      <trkpt lat="66.351" lon="16.83395">
        <time>2026-03-21T14:01:00Z</time>
      </trkpt>
      <trkpt lat="66.35102" lon="16.83326">
        <time>2026-03-21T14:11:00Z</time>
      </trkpt>
      <trkpt lat="66.35202" lon="16.83772">
        <time>2026-03-21T14:21:00Z</time>
      </trkpt>
      <trkpt lat="66.35286" lon="16.84854">
        <time>2026-03-21T14:31:00Z</time>
      </trkpt>
      <trkpt lat="66.35467" lon="16.86008">
        <time>2026-03-21T14:41:00Z</time>
      </trkpt>
      <trkpt lat="66.35574" lon="16.86626">
        <time>2026-03-21T14:51:00Z</time>
      </trkpt>
      <trkpt lat="66.35757" lon="16.87856">
        <time>2026-03-21T15:01:00Z</time>
      </trkpt>
      <trkpt lat="66.35886" lon="16.89085">
        <time>2026-03-21T15:11:00Z</time>
      </trkpt>
      <trkpt lat="66.35867" lon="16.90843">
        <time>2026-03-21T15:21:00Z</time>
      </trkpt>
      <trkpt lat="66.35933" lon="16.92607">
        <time>2026-03-21T15:31:00Z</time>
      </trkpt>
      <trkpt lat="66.35829" lon="16.94372">
        <time>2026-03-21T15:41:00Z</time>
      </trkpt>
      <trkpt lat="66.35593" lon="16.96014">
        <time>2026-03-21T15:51:00Z</time>
      </trkpt>
      <trkpt lat="66.35597" lon="16.96014">
        <time>2026-03-21T16:01:00Z</time>
      </trkpt>
      <trkpt lat="66.35651" lon="16.97673">
        <time>2026-03-21T16:11:00Z</time>
      </trkpt>
      <trkpt lat="66.35813" lon="16.989">
        <time>2026-03-21T16:21:00Z</time>
      </trkpt>
      <trkpt lat="66.35894" lon="16.98964">
        <time>2026-03-21T16:31:00Z</time>
      </trkpt>
      <trkpt lat="66.36036" lon="16.99166">
        <time>2026-03-21T16:41:00Z</time>
      </trkpt>
      <trkpt lat="66.36404" lon="16.99518">
        <time>2026-03-21T16:51:00Z</time>
      </trkpt>
      <trkpt lat="66.3677" lon="16.99424">
        <time>2026-03-21T17:01:00Z</time>
      </trkpt>
      <trkpt lat="66.36663" lon="16.99488">
        <time>2026-03-21T17:11:00Z</time>
      </trkpt>
      <trkpt lat="66.36894" lon="16.99168">
        <time>2026-03-21T17:22:00Z</time>
      </trkpt>
      <trkpt lat="66.36944" lon="16.99143">
        <time>2026-03-21T17:30:00Z</time>
      </trkpt>
      <trkpt lat="66.36854" lon="16.9916">
        <time>2026-03-22T08:19:00Z</time>
      </trkpt>
      <trkpt lat="66.37393" lon="16.98449">
        <time>2026-03-22T08:29:00Z</time>
      </trkpt>
      <trkpt lat="66.37977" lon="16.98608">
        <time>2026-03-22T08:39:00Z</time>
      </trkpt>
      <trkpt lat="66.38439" lon="16.99462">
        <time>2026-03-22T08:49:00Z</time>
      </trkpt>
      <trkpt lat="66.38858" lon="17.01052">
        <time>2026-03-22T08:59:00Z</time>
      </trkpt>
      <trkpt lat="66.39144" lon="17.02994">
        <time>2026-03-22T09:09:00Z</time>
      </trkpt>
      <trkpt lat="66.39264" lon="17.04114">
        <time>2026-03-22T09:19:00Z</time>
      </trkpt>
      <trkpt lat="66.3928" lon="17.04127">
        <time>2026-03-22T09:29:00Z</time>
      </trkpt>
      <trkpt lat="66.39454" lon="17.05936">
        <time>2026-03-22T09:39:00Z</time>
      </trkpt>
      <trkpt lat="66.39645" lon="17.07977">
        <time>2026-03-22T09:49:00Z</time>
      </trkpt>
      <trkpt lat="66.39832" lon="17.10015">
        <time>2026-03-22T09:59:00Z</time>
      </trkpt>
      <trkpt lat="66.39961" lon="17.11534">
        <time>2026-03-22T10:09:00Z</time>
      </trkpt>
      <trkpt lat="66.40103" lon="17.13596">
        <time>2026-03-22T10:19:00Z</time>
      </trkpt>
      <trkpt lat="66.40357" lon="17.14968">
        <time>2026-03-22T10:29:00Z</time>
      </trkpt>
      <trkpt lat="66.40365" lon="17.14978">
        <time>2026-03-22T10:39:00Z</time>
      </trkpt>
      <trkpt lat="66.40627" lon="17.15532">
        <time>2026-03-22T11:19:00Z</time>
      </trkpt>
      <trkpt lat="66.40954" lon="17.16903">
        <time>2026-03-22T11:29:00Z</time>
      </trkpt>
      <trkpt lat="66.40683" lon="17.18823">
        <time>2026-03-22T11:39:00Z</time>
      </trkpt>
      <trkpt lat="66.41098" lon="17.18841">
        <time>2026-03-22T11:49:00Z</time>
      </trkpt>
      <trkpt lat="66.41234" lon="17.18905">
        <time>2026-03-22T11:59:00Z</time>
      </trkpt>
      <trkpt lat="66.41716" lon="17.18736">
        <time>2026-03-22T12:09:00Z</time>
      </trkpt>
      <trkpt lat="66.42059" lon="17.18729">
        <time>2026-03-22T12:19:00Z</time>
      </trkpt>
      <trkpt lat="66.4231" lon="17.18678">
        <time>2026-03-22T12:29:00Z</time>
      </trkpt>
      <trkpt lat="66.42349" lon="17.1868">
        <time>2026-03-22T12:39:00Z</time>
      </trkpt>
      <trkpt lat="66.42753" lon="17.18881">
        <time>2026-03-22T12:49:00Z</time>
      </trkpt>
      <trkpt lat="66.43093" lon="17.1962">
        <time>2026-03-22T12:59:00Z</time>
      </trkpt>
      <trkpt lat="66.43313" lon="17.20379">
        <time>2026-03-22T13:09:00Z</time>
      </trkpt>
      <trkpt lat="66.43312" lon="17.20383">
        <time>2026-03-22T13:19:00Z</time>
      </trkpt>
      <trkpt lat="66.43722" lon="17.22351">
        <time>2026-03-22T14:39:00Z</time>
      </trkpt>
      <trkpt lat="66.43888" lon="17.2381">
        <time>2026-03-22T14:49:00Z</time>
      </trkpt>
      <trkpt lat="66.44579" lon="17.24102">
        <time>2026-03-22T14:59:00Z</time>
      </trkpt>
      <trkpt lat="66.45331" lon="17.24261">
        <time>2026-03-22T15:09:00Z</time>
      </trkpt>
      <trkpt lat="66.46045" lon="17.24192">
        <time>2026-03-22T15:19:00Z</time>
      </trkpt>
      <trkpt lat="66.46652" lon="17.24147">
        <time>2026-03-22T15:29:00Z</time>
      </trkpt>
      <trkpt lat="66.47419" lon="17.23905">
        <time>2026-03-22T15:39:00Z</time>
      </trkpt>
      <trkpt lat="66.47657" lon="17.23825">
        <time>2026-03-22T15:49:00Z</time>
      </trkpt>
      <trkpt lat="66.48409" lon="17.23501">
        <time>2026-03-22T15:59:00Z</time>
      </trkpt>
      <trkpt lat="66.49033" lon="17.23267">
        <time>2026-03-22T16:09:00Z</time>
      </trkpt>
      <trkpt lat="66.49184" lon="17.24203">
        <time>2026-03-22T16:19:00Z</time>
      </trkpt>
      <trkpt lat="66.49227" lon="17.24345">
        <time>2026-03-22T16:29:00Z</time>
      </trkpt>
      <trkpt lat="66.49271" lon="17.2439">
        <time>2026-03-22T16:40:00Z</time>
      </trkpt>
      <trkpt lat="66.4922" lon="17.24295">
        <time>2026-03-23T08:13:00Z</time>
      </trkpt>
      <trkpt lat="66.49213" lon="17.2351">
        <time>2026-03-23T08:23:00Z</time>
      </trkpt>
      <trkpt lat="66.49461" lon="17.2316">
        <time>2026-03-23T08:33:00Z</time>
      </trkpt>
      <trkpt lat="66.50009" lon="17.23476">
        <time>2026-03-23T08:43:00Z</time>
      </trkpt>
      <trkpt lat="66.5056" lon="17.2389">
        <time>2026-03-23T08:53:00Z</time>
      </trkpt>
      <trkpt lat="66.51105" lon="17.24216">
        <time>2026-03-23T09:03:00Z</time>
      </trkpt>
      <trkpt lat="66.51903" lon="17.24158">
        <time>2026-03-23T09:13:00Z</time>
      </trkpt>
      <trkpt lat="66.51953" lon="17.24154">
        <time>2026-03-23T09:23:00Z</time>
      </trkpt>
      <trkpt lat="66.52121" lon="17.24089">
        <time>2026-03-23T09:33:00Z</time>
      </trkpt>
      <trkpt lat="66.5292" lon="17.24192">
        <time>2026-03-23T09:43:00Z</time>
      </trkpt>
      <trkpt lat="66.5349" lon="17.23915">
        <time>2026-03-23T09:53:00Z</time>
      </trkpt>
      <trkpt lat="66.54266" lon="17.231">
        <time>2026-03-23T10:03:00Z</time>
      </trkpt>
      <trkpt lat="66.54846" lon="17.22918">
        <time>2026-03-23T10:13:00Z</time>
      </trkpt>
      <trkpt lat="66.55264" lon="17.23059">
        <time>2026-03-23T10:23:00Z</time>
      </trkpt>
      <trkpt lat="66.55396" lon="17.23061">
        <time>2026-03-23T10:33:00Z</time>
      </trkpt>
      <trkpt lat="66.55395" lon="17.23064">
        <time>2026-03-23T10:43:00Z</time>
      </trkpt>
      <trkpt lat="66.56292" lon="17.23218">
        <time>2026-03-23T11:03:00Z</time>
      </trkpt>
      <trkpt lat="66.56568" lon="17.24227">
        <time>2026-03-23T11:13:00Z</time>
      </trkpt>
      <trkpt lat="66.56482" lon="17.25649">
        <time>2026-03-23T11:23:00Z</time>
      </trkpt>
      <trkpt lat="66.56518" lon="17.27053">
        <time>2026-03-23T11:33:00Z</time>
      </trkpt>
      <trkpt lat="66.56519" lon="17.2705">
        <time>2026-03-23T11:43:00Z</time>
      </trkpt>
      <trkpt lat="66.56348" lon="17.28261">
        <time>2026-03-23T11:53:00Z</time>
      </trkpt>
      <trkpt lat="66.5611" lon="17.29902">
        <time>2026-03-23T12:03:00Z</time>
      </trkpt>
      <trkpt lat="66.55972" lon="17.30681">
        <time>2026-03-23T12:13:00Z</time>
      </trkpt>
      <trkpt lat="66.55727" lon="17.322">
        <time>2026-03-23T12:23:00Z</time>
      </trkpt>
      <trkpt lat="66.55363" lon="17.34076">
        <time>2026-03-23T12:33:00Z</time>
      </trkpt>
      <trkpt lat="66.55564" lon="17.35947">
        <time>2026-03-23T12:43:00Z</time>
      </trkpt>
      <trkpt lat="66.55501" lon="17.36977">
        <time>2026-03-23T12:53:00Z</time>
      </trkpt>
      <trkpt lat="66.555" lon="17.36966">
        <time>2026-03-23T13:03:00Z</time>
      </trkpt>
      <trkpt lat="66.55369" lon="17.37908">
        <time>2026-03-23T13:53:00Z</time>
      </trkpt>
      <trkpt lat="66.55598" lon="17.3867">
        <time>2026-03-23T14:03:00Z</time>
      </trkpt>
      <trkpt lat="66.55897" lon="17.38957">
        <time>2026-03-23T14:13:00Z</time>
      </trkpt>
      <trkpt lat="66.56358" lon="17.39097">
        <time>2026-03-23T14:23:00Z</time>
      </trkpt>
      <trkpt lat="66.57069" lon="17.39957">
        <time>2026-03-23T14:33:00Z</time>
      </trkpt>
      <trkpt lat="66.57979" lon="17.39807">
        <time>2026-03-23T14:43:00Z</time>
      </trkpt>
      <trkpt lat="66.58419" lon="17.39174">
        <time>2026-03-23T14:53:00Z</time>
      </trkpt>
      <trkpt lat="66.59311" lon="17.38595">
        <time>2026-03-23T15:03:00Z</time>
      </trkpt>
      <trkpt lat="66.59625" lon="17.39389">
        <time>2026-03-23T15:13:00Z</time>
      </trkpt>
      <trkpt lat="66.60368" lon="17.39148">
        <time>2026-03-23T15:23:00Z</time>
      </trkpt>
      <trkpt lat="66.60719" lon="17.38708">
        <time>2026-03-23T15:33:00Z</time>
      </trkpt>
      <trkpt lat="66.60853" lon="17.38367">
        <time>2026-03-23T15:43:00Z</time>
      </trkpt>
      <trkpt lat="66.6137" lon="17.37269">
        <time>2026-03-23T15:53:00Z</time>
      </trkpt>
      <trkpt lat="66.61846" lon="17.37303">
        <time>2026-03-23T16:03:00Z</time>
      </trkpt>
      <trkpt lat="66.61922" lon="17.37241">
        <time>2026-03-23T16:13:00Z</time>
      </trkpt>
      <trkpt lat="66.62445" lon="17.37841">
        <time>2026-03-23T17:13:00Z</time>
      </trkpt>
      <trkpt lat="66.63022" lon="17.38837">
        <time>2026-03-23T17:23:00Z</time>
      </trkpt>
      <trkpt lat="66.63299" lon="17.39135">
        <time>2026-03-23T17:33:00Z</time>
      </trkpt>
      <trkpt lat="66.64234" lon="17.40305">
        <time>2026-03-23T17:43:00Z</time>
      </trkpt>
      <trkpt lat="66.64788" lon="17.397">
        <time>2026-03-23T17:53:00Z</time>
      </trkpt>
      <trkpt lat="66.64795" lon="17.395">
        <time>2026-03-23T18:01:00Z</time>
      </trkpt>
      <trkpt lat="66.64804" lon="17.39455">
        <time>2026-03-24T07:34:00Z</time>
      </trkpt>
      <trkpt lat="66.6491" lon="17.3959">
        <time>2026-03-24T07:44:00Z</time>
      </trkpt>
      <trkpt lat="66.65424" lon="17.40298">
        <time>2026-03-24T07:54:00Z</time>
      </trkpt>
      <trkpt lat="66.65747" lon="17.41429">
        <time>2026-03-24T08:04:00Z</time>
      </trkpt>
      <trkpt lat="66.66201" lon="17.41845">
        <time>2026-03-24T08:14:00Z</time>
      </trkpt>
      <trkpt lat="66.66656" lon="17.41365">
        <time>2026-03-24T08:24:00Z</time>
      </trkpt>
      <trkpt lat="66.67471" lon="17.41006">
        <time>2026-03-24T08:34:00Z</time>
      </trkpt>
      <trkpt lat="66.68319" lon="17.41082">
        <time>2026-03-24T08:44:00Z</time>
      </trkpt>
      <trkpt lat="66.69057" lon="17.40813">
        <time>2026-03-24T08:54:00Z</time>
      </trkpt>
      <trkpt lat="66.69738" lon="17.40361">
        <time>2026-03-24T09:04:00Z</time>
      </trkpt>
      <trkpt lat="66.70371" lon="17.39597">
        <time>2026-03-24T09:14:00Z</time>
      </trkpt>
      <trkpt lat="66.70975" lon="17.38844">
        <time>2026-03-24T09:24:00Z</time>
      </trkpt>
      <trkpt lat="66.71153" lon="17.38831">
        <time>2026-03-24T09:34:00Z</time>
      </trkpt>
      <trkpt lat="66.71149" lon="17.38816">
        <time>2026-03-24T09:44:00Z</time>
      </trkpt>
      <trkpt lat="66.71794" lon="17.39363">
        <time>2026-03-24T10:24:00Z</time>
      </trkpt>
      <trkpt lat="66.72085" lon="17.39893">
        <time>2026-03-24T10:34:00Z</time>
      </trkpt>
      <trkpt lat="66.72425" lon="17.39689">
        <time>2026-03-24T10:44:00Z</time>
      </trkpt>
      <trkpt lat="66.72886" lon="17.39749">
        <time>2026-03-24T10:54:00Z</time>
      </trkpt>
      <trkpt lat="66.73624" lon="17.39955">
        <time>2026-03-24T11:04:00Z</time>
      </trkpt>
      <trkpt lat="66.74332" lon="17.40846">
        <time>2026-03-24T11:14:00Z</time>
      </trkpt>
      <trkpt lat="66.74461" lon="17.41084">
        <time>2026-03-24T11:24:00Z</time>
      </trkpt>
      <trkpt lat="66.74462" lon="17.41099">
        <time>2026-03-24T11:34:00Z</time>
      </trkpt>
      <trkpt lat="66.74559" lon="17.42015">
        <time>2026-03-24T11:44:00Z</time>
      </trkpt>
      <trkpt lat="66.74859" lon="17.43858">
        <time>2026-03-24T11:54:00Z</time>
      </trkpt>
      <trkpt lat="66.75418" lon="17.45648">
        <time>2026-03-24T12:04:00Z</time>
      </trkpt>
      <trkpt lat="66.7577" lon="17.46755">
        <time>2026-03-24T12:14:00Z</time>
      </trkpt>
      <trkpt lat="66.75815" lon="17.46955">
        <time>2026-03-24T12:24:00Z</time>
      </trkpt>
      <trkpt lat="66.75818" lon="17.46955">
        <time>2026-03-24T12:34:00Z</time>
      </trkpt>
      <trkpt lat="66.76112" lon="17.47729">
        <time>2026-03-24T13:24:00Z</time>
      </trkpt>
      <trkpt lat="66.76463" lon="17.48815">
        <time>2026-03-24T13:34:00Z</time>
      </trkpt>
      <trkpt lat="66.76737" lon="17.49401">
        <time>2026-03-24T13:44:00Z</time>
      </trkpt>
      <trkpt lat="66.77109" lon="17.49858">
        <time>2026-03-24T13:54:00Z</time>
      </trkpt>
      <trkpt lat="66.7774" lon="17.51737">
        <time>2026-03-24T14:04:00Z</time>
      </trkpt>
      <trkpt lat="66.77623" lon="17.53411">
        <time>2026-03-24T14:14:00Z</time>
      </trkpt>
      <trkpt lat="66.77748" lon="17.54012">
        <time>2026-03-24T14:24:00Z</time>
      </trkpt>
      <trkpt lat="66.77745" lon="17.54003">
        <time>2026-03-24T14:34:00Z</time>
      </trkpt>
      <trkpt lat="66.78154" lon="17.54924">
        <time>2026-03-24T14:54:00Z</time>
      </trkpt>
      <trkpt lat="66.78734" lon="17.55087">
        <time>2026-03-24T15:04:00Z</time>
      </trkpt>
      <trkpt lat="66.79058" lon="17.54111">
        <time>2026-03-24T15:14:00Z</time>
      </trkpt>
      <trkpt lat="66.79164" lon="17.54042">
        <time>2026-03-24T15:24:00Z</time>
      </trkpt>
      <trkpt lat="66.79567" lon="17.53943">
        <time>2026-03-24T15:34:00Z</time>
      </trkpt>
      <trkpt lat="66.79971" lon="17.53842">
        <time>2026-03-24T15:44:00Z</time>
      </trkpt>
      <trkpt lat="66.80231" lon="17.53909">
        <time>2026-03-24T15:54:00Z</time>
      </trkpt>
      <trkpt lat="66.8023" lon="17.53911">
        <time>2026-03-24T16:04:00Z</time>
      </trkpt>
      <trkpt lat="66.80398" lon="17.54018">
        <time>2026-03-24T16:14:00Z</time>
      </trkpt>
      <trkpt lat="66.8068" lon="17.54398">
        <time>2026-03-24T16:24:00Z</time>
      </trkpt>
      <trkpt lat="66.80963" lon="17.54883">
        <time>2026-03-24T16:34:00Z</time>
      </trkpt>
      <trkpt lat="66.81632" lon="17.55774">
        <time>2026-03-24T16:44:00Z</time>
      </trkpt>
      <trkpt lat="66.81943" lon="17.56336">
        <time>2026-03-24T16:54:00Z</time>
      </trkpt>
      <trkpt lat="66.82638" lon="17.57387">
        <time>2026-03-24T17:04:00Z</time>
      </trkpt>
      <trkpt lat="66.8389" lon="17.58426">
        <time>2026-03-24T17:14:00Z</time>
      </trkpt>
      <trkpt lat="66.84493" lon="17.58919">
        <time>2026-03-24T17:24:00Z</time>
      </trkpt>
      <trkpt lat="66.84486" lon="17.58911">
        <time>2026-03-24T17:25:00Z</time>
      </trkpt>
      <trkpt lat="66.84509" lon="17.58932">
        <time>2026-03-25T07:40:00Z</time>
      </trkpt>
      <trkpt lat="66.8449" lon="17.58921">
        <time>2026-03-25T07:50:00Z</time>
      </trkpt>
      <trkpt lat="66.8465" lon="17.58743">
        <time>2026-03-25T08:00:00Z</time>
      </trkpt>
      <trkpt lat="66.85317" lon="17.59215">
        <time>2026-03-25T08:10:00Z</time>
      </trkpt>
      <trkpt lat="66.85953" lon="17.5969">
        <time>2026-03-25T08:20:00Z</time>
      </trkpt>
      <trkpt lat="66.85869" lon="17.59657">
        <time>2026-03-25T08:30:00Z</time>
      </trkpt>
      <trkpt lat="66.86387" lon="17.60037">
        <time>2026-03-25T08:40:00Z</time>
      </trkpt>
      <trkpt lat="66.86387" lon="17.60035">
        <time>2026-03-25T08:50:00Z</time>
      </trkpt>
      <trkpt lat="66.86792" lon="17.60441">
        <time>2026-03-25T09:10:00Z</time>
      </trkpt>
      <trkpt lat="66.87174" lon="17.61451">
        <time>2026-03-25T09:20:00Z</time>
      </trkpt>
      <trkpt lat="66.87595" lon="17.63129">
        <time>2026-03-25T09:30:00Z</time>
      </trkpt>
      <trkpt lat="66.87756" lon="17.63831">
        <time>2026-03-25T09:40:00Z</time>
      </trkpt>
      <trkpt lat="66.87945" lon="17.6556">
        <time>2026-03-25T09:50:00Z</time>
      </trkpt>
      <trkpt lat="66.8813" lon="17.65477">
        <time>2026-03-25T10:00:00Z</time>
      </trkpt>
      <trkpt lat="66.88129" lon="17.6547">
        <time>2026-03-25T10:10:00Z</time>
      </trkpt>
      <trkpt lat="66.8846" lon="17.65367">
        <time>2026-03-25T10:20:00Z</time>
      </trkpt>
      <trkpt lat="66.88962" lon="17.66009">
        <time>2026-03-25T10:30:00Z</time>
      </trkpt>
      <trkpt lat="66.88981" lon="17.66026">
        <time>2026-03-25T10:40:00Z</time>
      </trkpt>
      <trkpt lat="66.8953" lon="17.6652">
        <time>2026-03-25T10:50:00Z</time>
      </trkpt>
      <trkpt lat="66.89923" lon="17.67005">
        <time>2026-03-25T11:00:00Z</time>
      </trkpt>
      <trkpt lat="66.9022" lon="17.67369">
        <time>2026-03-25T11:10:00Z</time>
      </trkpt>
      <trkpt lat="66.9086" lon="17.67159">
        <time>2026-03-25T11:20:00Z</time>
      </trkpt>
      <trkpt lat="66.91165" lon="17.66962">
        <time>2026-03-25T11:30:00Z</time>
      </trkpt>
      <trkpt lat="66.92116" lon="17.66874">
        <time>2026-03-25T11:40:00Z</time>
      </trkpt>
      <trkpt lat="66.92138" lon="17.66904">
        <time>2026-03-25T11:50:00Z</time>
      </trkpt>
      <trkpt lat="66.92488" lon="17.66487">
        <time>2026-03-25T13:20:00Z</time>
      </trkpt>
      <trkpt lat="66.922" lon="17.685">
        <time>2026-03-25T13:30:00Z</time>
      </trkpt>
      <trkpt lat="66.9202" lon="17.69002">
        <time>2026-03-25T13:40:00Z</time>
      </trkpt>
      <trkpt lat="66.92106" lon="17.70768">
        <time>2026-03-25T13:50:00Z</time>
      </trkpt>
      <trkpt lat="66.92771" lon="17.72133">
        <time>2026-03-25T14:00:00Z</time>
      </trkpt>
      <trkpt lat="66.93511" lon="17.72605">
        <time>2026-03-25T14:10:00Z</time>
      </trkpt>
      <trkpt lat="66.94379" lon="17.72423">
        <time>2026-03-25T14:20:00Z</time>
      </trkpt>
      <trkpt lat="66.95094" lon="17.71742">
        <time>2026-03-25T14:30:00Z</time>
      </trkpt>
      <trkpt lat="66.95384" lon="17.71991">
        <time>2026-03-25T14:40:00Z</time>
      </trkpt>
      <trkpt lat="66.95393" lon="17.72049">
        <time>2026-03-25T14:47:00Z</time>
      </trkpt>
      <trkpt lat="66.95386" lon="17.71983">
        <time>2026-03-26T08:41:00Z</time>
      </trkpt>
      <trkpt lat="66.95403" lon="17.71987">
        <time>2026-03-26T08:51:00Z</time>
      </trkpt>
      <trkpt lat="66.95925" lon="17.72251">
        <time>2026-03-26T09:01:00Z</time>
      </trkpt>
      <trkpt lat="66.96277" lon="17.7294">
        <time>2026-03-26T09:11:00Z</time>
      </trkpt>
      <trkpt lat="66.96465" lon="17.7412">
        <time>2026-03-26T09:21:00Z</time>
      </trkpt>
      <trkpt lat="66.97003" lon="17.7462">
        <time>2026-03-26T09:31:00Z</time>
      </trkpt>
      <trkpt lat="66.97247" lon="17.75146">
        <time>2026-03-26T09:41:00Z</time>
      </trkpt>
      <trkpt lat="66.97525" lon="17.75525">
        <time>2026-03-26T09:51:00Z</time>
      </trkpt>
      <trkpt lat="66.98056" lon="17.76281">
        <time>2026-03-26T10:01:00Z</time>
      </trkpt>
      <trkpt lat="66.98575" lon="17.78158">
        <time>2026-03-26T10:11:00Z</time>
      </trkpt>
      <trkpt lat="66.98579" lon="17.78173">
        <time>2026-03-26T10:21:00Z</time>
      </trkpt>
      <trkpt lat="66.99199" lon="17.78641">
        <time>2026-03-26T10:31:00Z</time>
      </trkpt>
      <trkpt lat="67.00094" lon="17.79111">
        <time>2026-03-26T10:41:00Z</time>
      </trkpt>
      <trkpt lat="67.01027" lon="17.79167">
        <time>2026-03-26T10:51:00Z</time>
      </trkpt>
      <trkpt lat="67.01962" lon="17.7945">
        <time>2026-03-26T11:01:00Z</time>
      </trkpt>
      <trkpt lat="67.02298" lon="17.81581">
        <time>2026-03-26T11:11:00Z</time>
      </trkpt>
      <trkpt lat="67.02298" lon="17.81581">
        <time>2026-03-26T11:21:00Z</time>
      </trkpt>
      <trkpt lat="67.02416" lon="17.82748">
        <time>2026-03-26T11:51:00Z</time>
      </trkpt>
      <trkpt lat="67.02603" lon="17.85186">
        <time>2026-03-26T12:01:00Z</time>
      </trkpt>
      <trkpt lat="67.03057" lon="17.87239">
        <time>2026-03-26T12:11:00Z</time>
      </trkpt>
      <trkpt lat="67.03048" lon="17.88127">
        <time>2026-03-26T12:21:00Z</time>
      </trkpt>
      <trkpt lat="67.02913" lon="17.90082">
        <time>2026-03-26T12:31:00Z</time>
      </trkpt>
      <trkpt lat="67.03132" lon="17.91855">
        <time>2026-03-26T12:41:00Z</time>
      </trkpt>
      <trkpt lat="67.03589" lon="17.93724">
        <time>2026-03-26T12:51:00Z</time>
      </trkpt>
      <trkpt lat="67.04233" lon="17.94303">
        <time>2026-03-26T13:01:00Z</time>
      </trkpt>
      <trkpt lat="67.04233" lon="17.94305">
        <time>2026-03-26T13:11:00Z</time>
      </trkpt>
      <trkpt lat="67.04108" lon="17.94522">
        <time>2026-03-26T14:41:00Z</time>
      </trkpt>
      <trkpt lat="67.04165" lon="17.95331">
        <time>2026-03-26T14:51:00Z</time>
      </trkpt>
      <trkpt lat="67.04382" lon="17.96642">
        <time>2026-03-26T15:01:00Z</time>
      </trkpt>
      <trkpt lat="67.04263" lon="17.98661">
        <time>2026-03-26T15:11:00Z</time>
      </trkpt>
      <trkpt lat="67.04318" lon="18.00893">
        <time>2026-03-26T15:21:00Z</time>
      </trkpt>
      <trkpt lat="67.04518" lon="18.02674">
        <time>2026-03-26T15:31:00Z</time>
      </trkpt>
      <trkpt lat="67.04747" lon="18.0427">
        <time>2026-03-26T15:41:00Z</time>
      </trkpt>
      <trkpt lat="67.0475" lon="18.06141">
        <time>2026-03-26T15:51:00Z</time>
      </trkpt>
      <trkpt lat="67.04753" lon="18.06139">
        <time>2026-03-26T16:01:00Z</time>
      </trkpt>
      <trkpt lat="67.05046" lon="18.08407">
        <time>2026-03-26T16:11:00Z</time>
      </trkpt>
      <trkpt lat="67.05149" lon="18.10664">
        <time>2026-03-26T16:21:00Z</time>
      </trkpt>
      <trkpt lat="67.05548" lon="18.12409">
        <time>2026-03-26T16:31:00Z</time>
      </trkpt>
      <trkpt lat="67.05627" lon="18.13203">
        <time>2026-03-26T16:41:00Z</time>
      </trkpt>
      <trkpt lat="67.05722" lon="18.14791">
        <time>2026-03-26T16:51:00Z</time>
      </trkpt>
      <trkpt lat="67.05679" lon="18.16557">
        <time>2026-03-26T17:01:00Z</time>
      </trkpt>
      <trkpt lat="67.05808" lon="18.18698">
        <time>2026-03-26T17:11:00Z</time>
      </trkpt>
      <trkpt lat="67.06088" lon="18.20857">
        <time>2026-03-26T17:21:00Z</time>
      </trkpt>
      <trkpt lat="67.0625" lon="18.21533">
        <time>2026-03-26T17:31:00Z</time>
      </trkpt>
      <trkpt lat="67.0652" lon="18.23048">
        <time>2026-03-26T17:41:00Z</time>
      </trkpt>
      <trkpt lat="67.06988" lon="18.23792">
        <time>2026-03-26T17:51:00Z</time>
      </trkpt>
      <trkpt lat="67.07325" lon="18.24524">
        <time>2026-03-26T18:01:00Z</time>
      </trkpt>
      <trkpt lat="67.07547" lon="18.25588">
        <time>2026-03-26T18:11:00Z</time>
      </trkpt>
      <trkpt lat="67.08023" lon="18.26593">
        <time>2026-03-26T18:21:00Z</time>
      </trkpt>
      <trkpt lat="67.08221" lon="18.27288">
        <time>2026-03-26T18:31:00Z</time>
      </trkpt>
      <trkpt lat="67.0827" lon="18.282">
        <time>2026-03-26T18:41:00Z</time>
      </trkpt>
      <trkpt lat="67.08488" lon="18.28406">
        <time>2026-03-26T18:51:00Z</time>
      </trkpt>
      <trkpt lat="67.08461" lon="18.28459">
        <time>2026-03-26T19:01:00Z</time>
      </trkpt>
      <trkpt lat="67.08476" lon="18.28492">
        <time>2026-03-26T19:20:00Z</time>
      </trkpt>
      <trkpt lat="67.08464" lon="18.28474">
        <time>2026-03-27T06:52:00Z</time>
      </trkpt>
      <trkpt lat="67.08667" lon="18.27972">
        <time>2026-03-27T07:02:00Z</time>
      </trkpt>
      <trkpt lat="67.09085" lon="18.27466">
        <time>2026-03-27T07:12:00Z</time>
      </trkpt>
      <trkpt lat="67.09187" lon="18.27309">
        <time>2026-03-27T07:22:00Z</time>
      </trkpt>
      <trkpt lat="67.09955" lon="18.27281">
        <time>2026-03-27T07:32:00Z</time>
      </trkpt>
      <trkpt lat="67.10548" lon="18.27346">
        <time>2026-03-27T07:42:00Z</time>
      </trkpt>
      <trkpt lat="67.11153" lon="18.28273">
        <time>2026-03-27T07:52:00Z</time>
      </trkpt>
      <trkpt lat="67.11907" lon="18.29019">
        <time>2026-03-27T08:02:00Z</time>
      </trkpt>
      <trkpt lat="67.12571" lon="18.29865">
        <time>2026-03-27T08:12:00Z</time>
      </trkpt>
      <trkpt lat="67.13387" lon="18.30878">
        <time>2026-03-27T08:22:00Z</time>
      </trkpt>
      <trkpt lat="67.13972" lon="18.31629">
        <time>2026-03-27T08:32:00Z</time>
      </trkpt>
      <trkpt lat="67.14519" lon="18.30968">
        <time>2026-03-27T08:42:00Z</time>
      </trkpt>
      <trkpt lat="67.14879" lon="18.30564">
        <time>2026-03-27T08:52:00Z</time>
      </trkpt>
      <trkpt lat="67.14888" lon="18.30569">
        <time>2026-03-27T09:02:00Z</time>
      </trkpt>
      <trkpt lat="67.14709" lon="18.30607">
        <time>2026-03-27T10:02:00Z</time>
      </trkpt>
      <trkpt lat="67.14751" lon="18.31693">
        <time>2026-03-27T10:12:00Z</time>
      </trkpt>
      <trkpt lat="67.14843" lon="18.3227">
        <time>2026-03-27T10:22:00Z</time>
      </trkpt>
      <trkpt lat="67.14954" lon="18.32995">
        <time>2026-03-27T10:32:00Z</time>
      </trkpt>
      <trkpt lat="67.15045" lon="18.33064">
        <time>2026-03-27T10:42:00Z</time>
      </trkpt>
      <trkpt lat="67.15292" lon="18.333">
        <time>2026-03-27T10:52:00Z</time>
      </trkpt>
      <trkpt lat="67.1552" lon="18.33532">
        <time>2026-03-27T11:02:00Z</time>
      </trkpt>
      <trkpt lat="67.1582" lon="18.33888">
        <time>2026-03-27T11:12:00Z</time>
      </trkpt>
      <trkpt lat="67.16131" lon="18.34289">
        <time>2026-03-27T11:22:00Z</time>
      </trkpt>
      <trkpt lat="67.16309" lon="18.34854">
        <time>2026-03-27T11:32:00Z</time>
      </trkpt>
      <trkpt lat="67.16309" lon="18.34854">
        <time>2026-03-27T11:42:00Z</time>
      </trkpt>
      <trkpt lat="67.23213" lon="18.44083">
        <time>2026-03-27T15:55:00Z</time>
      </trkpt>
      <trkpt lat="67.23221" lon="18.44074">
        <time>2026-03-27T16:05:00Z</time>
      </trkpt>
      <trkpt lat="67.23224" lon="18.44078">
        <time>2026-03-27T20:05:00Z</time>
      </trkpt>
      <trkpt lat="67.23125" lon="18.44224">
        <time>2026-03-27T20:25:00Z</time>
      </trkpt>
      <trkpt lat="67.23128" lon="18.44226">
        <time>2026-03-27T20:35:00Z</time>
      </trkpt>
      <trkpt lat="67.23128" lon="18.44222">
        <time>2026-03-28T00:35:00Z</time>
      </trkpt>
      <trkpt lat="67.23129" lon="18.44222">
        <time>2026-03-28T04:35:00Z</time>
      </trkpt>
      <trkpt lat="67.23231" lon="18.44057">
        <time>2026-03-28T05:35:00Z</time>
      </trkpt>
      <trkpt lat="67.23235" lon="18.44046">
        <time>2026-03-28T05:38:00Z</time>
      </trkpt>
      <trkpt lat="67.23156" lon="18.44123">
        <time>2026-03-28T08:25:00Z</time>
      </trkpt>
      <trkpt lat="67.23167" lon="18.44175">
        <time>2026-03-28T08:35:00Z</time>
      </trkpt>
      <trkpt lat="67.23586" lon="18.44681">
        <time>2026-03-28T08:45:00Z</time>
      </trkpt>
      <trkpt lat="67.24176" lon="18.45407">
        <time>2026-03-28T08:55:00Z</time>
      </trkpt>
      <trkpt lat="67.2445" lon="18.46239">
        <time>2026-03-28T09:05:00Z</time>
      </trkpt>
      <trkpt lat="67.25281" lon="18.46743">
        <time>2026-03-28T09:15:00Z</time>
      </trkpt>
      <trkpt lat="67.25956" lon="18.47048">
        <time>2026-03-28T09:25:00Z</time>
      </trkpt>
      <trkpt lat="67.26643" lon="18.46765">
        <time>2026-03-28T09:35:00Z</time>
      </trkpt>
      <trkpt lat="67.27069" lon="18.46589">
        <time>2026-03-28T09:45:00Z</time>
      </trkpt>
      <trkpt lat="67.27069" lon="18.46587">
        <time>2026-03-28T09:55:00Z</time>
      </trkpt>
      <trkpt lat="67.27679" lon="18.46282">
        <time>2026-03-28T10:45:00Z</time>
      </trkpt>
      <trkpt lat="67.28489" lon="18.46666">
        <time>2026-03-28T10:55:00Z</time>
      </trkpt>
      <trkpt lat="67.29219" lon="18.47818">
        <time>2026-03-28T11:05:00Z</time>
      </trkpt>
      <trkpt lat="67.30002" lon="18.4872">
        <time>2026-03-28T11:15:00Z</time>
      </trkpt>
      <trkpt lat="67.30866" lon="18.48994">
        <time>2026-03-28T11:25:00Z</time>
      </trkpt>
      <trkpt lat="67.31577" lon="18.49278">
        <time>2026-03-28T11:35:00Z</time>
      </trkpt>
      <trkpt lat="67.32318" lon="18.50001">
        <time>2026-03-28T11:45:00Z</time>
      </trkpt>
      <trkpt lat="67.32343" lon="18.49994">
        <time>2026-03-28T11:55:00Z</time>
      </trkpt>
      <trkpt lat="67.33043" lon="18.50874">
        <time>2026-03-28T13:05:00Z</time>
      </trkpt>
      <trkpt lat="67.33754" lon="18.50316">
        <time>2026-03-28T13:15:00Z</time>
      </trkpt>
      <trkpt lat="67.3451" lon="18.50441">
        <time>2026-03-28T13:25:00Z</time>
      </trkpt>
      <trkpt lat="67.35318" lon="18.50018">
        <time>2026-03-28T13:35:00Z</time>
      </trkpt>
      <trkpt lat="67.3575" lon="18.50308">
        <time>2026-03-28T13:45:00Z</time>
      </trkpt>
      <trkpt lat="67.364" lon="18.51226">
        <time>2026-03-28T13:55:00Z</time>
      </trkpt>
      <trkpt lat="67.36545" lon="18.51425">
        <time>2026-03-28T14:05:00Z</time>
      </trkpt>
      <trkpt lat="67.37161" lon="18.52297">
        <time>2026-03-28T14:15:00Z</time>
      </trkpt>
      <trkpt lat="67.37263" lon="18.5244">
        <time>2026-03-28T14:25:00Z</time>
      </trkpt>
      <trkpt lat="67.38423" lon="18.53436">
        <time>2026-03-28T14:35:00Z</time>
      </trkpt>
      <trkpt lat="67.38981" lon="18.52567">
        <time>2026-03-28T14:45:00Z</time>
      </trkpt>
      <trkpt lat="67.39379" lon="18.52116">
        <time>2026-03-28T14:56:00Z</time>
      </trkpt>
      <trkpt lat="67.39411" lon="18.52033">
        <time>2026-03-28T15:07:00Z</time>
      </trkpt>
      <trkpt lat="67.39474" lon="18.5185">
        <time>2026-03-28T16:07:00Z</time>
      </trkpt>
      <trkpt lat="67.39474" lon="18.5185">
        <time>2026-03-28T16:17:00Z</time>
      </trkpt>
      <trkpt lat="67.39423" lon="18.51947">
        <time>2026-03-28T17:24:00Z</time>
      </trkpt>
      <trkpt lat="67.39413" lon="18.52018">
        <time>2026-03-30T08:47:00Z</time>
      </trkpt>
      <trkpt lat="67.39816" lon="18.5087">
        <time>2026-03-30T08:57:00Z</time>
      </trkpt>
      <trkpt lat="67.40392" lon="18.49305">
        <time>2026-03-30T09:07:00Z</time>
      </trkpt>
      <trkpt lat="67.41024" lon="18.47484">
        <time>2026-03-30T09:17:00Z</time>
      </trkpt>
      <trkpt lat="67.41646" lon="18.45653">
        <time>2026-03-30T09:27:00Z</time>
      </trkpt>
      <trkpt lat="67.42364" lon="18.44186">
        <time>2026-03-30T09:37:00Z</time>
      </trkpt>
      <trkpt lat="67.4312" lon="18.43051">
        <time>2026-03-30T09:47:00Z</time>
      </trkpt>
      <trkpt lat="67.43159" lon="18.43066">
        <time>2026-03-30T09:57:00Z</time>
      </trkpt>
      <trkpt lat="67.43705" lon="18.41759">
        <time>2026-03-30T10:17:00Z</time>
      </trkpt>
      <trkpt lat="67.44291" lon="18.39879">
        <time>2026-03-30T10:27:00Z</time>
      </trkpt>
      <trkpt lat="67.45085" lon="18.38959">
        <time>2026-03-30T10:37:00Z</time>
      </trkpt>
      <trkpt lat="67.4526" lon="18.38594">
        <time>2026-03-30T10:47:00Z</time>
      </trkpt>
      <trkpt lat="67.45261" lon="18.38594">
        <time>2026-03-30T10:57:00Z</time>
      </trkpt>
      <trkpt lat="67.44485" lon="18.3968">
        <time>2026-03-30T11:07:00Z</time>
      </trkpt>
      <trkpt lat="67.438" lon="18.41465">
        <time>2026-03-30T11:17:00Z</time>
      </trkpt>
      <trkpt lat="67.42792" lon="18.43581">
        <time>2026-03-30T11:27:00Z</time>
      </trkpt>
      <trkpt lat="67.41821" lon="18.45304">
        <time>2026-03-30T11:37:00Z</time>
      </trkpt>
      <trkpt lat="67.40885" lon="18.479">
        <time>2026-03-30T11:47:00Z</time>
      </trkpt>
      <trkpt lat="67.4047" lon="18.50029">
        <time>2026-03-30T11:57:00Z</time>
      </trkpt>
      <trkpt lat="67.40785" lon="18.48203">
        <time>2026-03-30T12:07:00Z</time>
      </trkpt>
      <trkpt lat="67.41789" lon="18.4537">
        <time>2026-03-30T12:17:00Z</time>
      </trkpt>
      <trkpt lat="67.43022" lon="18.43199">
        <time>2026-03-30T12:27:00Z</time>
      </trkpt>
      <trkpt lat="67.44085" lon="18.40519">
        <time>2026-03-30T12:37:00Z</time>
      </trkpt>
      <trkpt lat="67.45246" lon="18.38617">
        <time>2026-03-30T12:47:00Z</time>
      </trkpt>
      <trkpt lat="67.46513" lon="18.36806">
        <time>2026-03-30T12:57:00Z</time>
      </trkpt>
      <trkpt lat="67.47465" lon="18.36463">
        <time>2026-03-30T13:07:00Z</time>
      </trkpt>
      <trkpt lat="67.47846" lon="18.36201">
        <time>2026-03-30T13:17:00Z</time>
      </trkpt>
      <trkpt lat="67.48199" lon="18.35558">
        <time>2026-03-30T13:31:00Z</time>
      </trkpt>
      <trkpt lat="67.4821" lon="18.35585">
        <time>2026-03-30T13:41:00Z</time>
      </trkpt>
      <trkpt lat="67.48492" lon="18.35796">
        <time>2026-03-30T14:21:00Z</time>
      </trkpt>
      <trkpt lat="67.48899" lon="18.36774">
        <time>2026-03-30T14:31:00Z</time>
      </trkpt>
      <trkpt lat="67.49322" lon="18.37019">
        <time>2026-03-30T14:41:00Z</time>
      </trkpt>
      <trkpt lat="67.49823" lon="18.38435">
        <time>2026-03-30T14:51:00Z</time>
      </trkpt>
      <trkpt lat="67.50314" lon="18.4024">
        <time>2026-03-30T15:01:00Z</time>
      </trkpt>
      <trkpt lat="67.50416" lon="18.40628">
        <time>2026-03-30T15:11:00Z</time>
      </trkpt>
      <trkpt lat="67.50659" lon="18.41945">
        <time>2026-03-30T15:21:00Z</time>
      </trkpt>
      <trkpt lat="67.50637" lon="18.4384">
        <time>2026-03-30T15:31:00Z</time>
      </trkpt>
      <trkpt lat="67.51137" lon="18.44357">
        <time>2026-03-30T15:41:00Z</time>
      </trkpt>
      <trkpt lat="67.51549" lon="18.44533">
        <time>2026-03-30T15:51:00Z</time>
      </trkpt>
      <trkpt lat="67.51933" lon="18.4598">
        <time>2026-03-30T16:01:00Z</time>
      </trkpt>
      <trkpt lat="67.52451" lon="18.46758">
        <time>2026-03-30T16:11:00Z</time>
      </trkpt>
      <trkpt lat="67.52646" lon="18.47409">
        <time>2026-03-30T16:21:00Z</time>
      </trkpt>
      <trkpt lat="67.52646" lon="18.47411">
        <time>2026-03-30T16:31:00Z</time>
      </trkpt>
      <trkpt lat="67.52793" lon="18.47958">
        <time>2026-03-30T16:51:00Z</time>
      </trkpt>
      <trkpt lat="67.53409" lon="18.48745">
        <time>2026-03-30T17:01:00Z</time>
      </trkpt>
      <trkpt lat="67.5397" lon="18.48406">
        <time>2026-03-30T17:11:00Z</time>
      </trkpt>
      <trkpt lat="67.54482" lon="18.46655">
        <time>2026-03-30T17:21:00Z</time>
      </trkpt>
      <trkpt lat="67.55223" lon="18.45623">
        <time>2026-03-30T17:31:00Z</time>
      </trkpt>
      <trkpt lat="67.55766" lon="18.44323">
        <time>2026-03-30T17:41:00Z</time>
      </trkpt>
      <trkpt lat="67.56271" lon="18.4328">
        <time>2026-03-30T17:51:00Z</time>
      </trkpt>
      <trkpt lat="67.56779" lon="18.42147">
        <time>2026-03-30T18:01:00Z</time>
      </trkpt>
      <trkpt lat="67.56779" lon="18.42147">
        <time>2026-03-30T18:11:00Z</time>
      </trkpt>
      <trkpt lat="67.57115" lon="18.41089">
        <time>2026-03-30T18:21:00Z</time>
      </trkpt>
      <trkpt lat="67.57762" lon="18.39308">
        <time>2026-03-30T18:31:00Z</time>
      </trkpt>
      <trkpt lat="67.5801" lon="18.38632">
        <time>2026-03-30T18:41:00Z</time>
      </trkpt>
      <trkpt lat="67.58809" lon="18.37617">
        <time>2026-03-30T18:51:00Z</time>
      </trkpt>
      <trkpt lat="67.59555" lon="18.37802">
        <time>2026-03-30T19:01:00Z</time>
      </trkpt>
      <trkpt lat="67.60139" lon="18.37978">
        <time>2026-03-30T19:11:00Z</time>
      </trkpt>
      <trkpt lat="67.60412" lon="18.37806">
        <time>2026-03-30T19:21:00Z</time>
      </trkpt>
      <trkpt lat="67.60385" lon="18.37802">
        <time>2026-03-30T19:31:00Z</time>
      </trkpt>
      <trkpt lat="67.60443" lon="18.37808">
        <time>2026-03-30T20:00:00Z</time>
      </trkpt>
      <trkpt lat="67.6043" lon="18.37802">
        <time>2026-03-31T08:00:00Z</time>
      </trkpt>
      <trkpt lat="67.60904" lon="18.36929">
        <time>2026-03-31T08:10:00Z</time>
      </trkpt>
      <trkpt lat="67.61508" lon="18.36358">
        <time>2026-03-31T08:20:00Z</time>
      </trkpt>
      <trkpt lat="67.61505" lon="18.36356">
        <time>2026-03-31T08:30:00Z</time>
      </trkpt>
      <trkpt lat="67.61962" lon="18.36362">
        <time>2026-03-31T08:40:00Z</time>
      </trkpt>
      <trkpt lat="67.62141" lon="18.3624">
        <time>2026-03-31T08:50:00Z</time>
      </trkpt>
      <trkpt lat="67.62602" lon="18.34873">
        <time>2026-03-31T09:00:00Z</time>
      </trkpt>
      <trkpt lat="67.63004" lon="18.34749">
        <time>2026-03-31T09:10:00Z</time>
      </trkpt>
      <trkpt lat="67.63369" lon="18.33525">
        <time>2026-03-31T09:20:00Z</time>
      </trkpt>
      <trkpt lat="67.634" lon="18.33129">
        <time>2026-03-31T09:30:00Z</time>
      </trkpt>
      <trkpt lat="67.63398" lon="18.33129">
        <time>2026-03-31T09:40:00Z</time>
      </trkpt>
      <trkpt lat="67.63389" lon="18.32813">
        <time>2026-03-31T09:50:00Z</time>
      </trkpt>
      <trkpt lat="67.63458" lon="18.32433">
        <time>2026-03-31T10:00:00Z</time>
      </trkpt>
      <trkpt lat="67.638" lon="18.318">
        <time>2026-03-31T10:10:00Z</time>
      </trkpt>
      <trkpt lat="67.64093" lon="18.31236">
        <time>2026-03-31T10:20:00Z</time>
      </trkpt>
      <trkpt lat="67.64707" lon="18.29921">
        <time>2026-03-31T10:30:00Z</time>
      </trkpt>
      <trkpt lat="67.65094" lon="18.28713">
        <time>2026-03-31T10:40:00Z</time>
      </trkpt>
      <trkpt lat="67.65505" lon="18.27303">
        <time>2026-03-31T10:50:00Z</time>
      </trkpt>
      <trkpt lat="67.65936" lon="18.25614">
        <time>2026-03-31T11:00:00Z</time>
      </trkpt>
      <trkpt lat="67.66312" lon="18.23827">
        <time>2026-03-31T11:10:00Z</time>
      </trkpt>
      <trkpt lat="67.66519" lon="18.2341">
        <time>2026-03-31T11:20:00Z</time>
      </trkpt>
      <trkpt lat="67.66516" lon="18.23397">
        <time>2026-03-31T11:30:00Z</time>
      </trkpt>
      <trkpt lat="67.66685" lon="18.2243">
        <time>2026-03-31T11:50:00Z</time>
      </trkpt>
      <trkpt lat="67.67328" lon="18.20602">
        <time>2026-03-31T12:00:00Z</time>
      </trkpt>
      <trkpt lat="67.67693" lon="18.19608">
        <time>2026-03-31T12:10:00Z</time>
      </trkpt>
      <trkpt lat="67.6829" lon="18.18057">
        <time>2026-03-31T12:20:00Z</time>
      </trkpt>
      <trkpt lat="67.68709" lon="18.17074">
        <time>2026-03-31T12:30:00Z</time>
      </trkpt>
      <trkpt lat="67.69357" lon="18.15816">
        <time>2026-03-31T12:40:00Z</time>
      </trkpt>
      <trkpt lat="67.69502" lon="18.15666">
        <time>2026-03-31T12:50:00Z</time>
      </trkpt>
      <trkpt lat="67.6942" lon="18.15722">
        <time>2026-03-31T13:00:00Z</time>
      </trkpt>
      <trkpt lat="67.69548" lon="18.16031">
        <time>2026-03-31T14:50:00Z</time>
      </trkpt>
      <trkpt lat="67.69595" lon="18.16218">
        <time>2026-03-31T15:00:00Z</time>
      </trkpt>
      <trkpt lat="67.69634" lon="18.16763">
        <time>2026-03-31T15:20:00Z</time>
      </trkpt>
      <trkpt lat="67.69757" lon="18.16969">
        <time>2026-03-31T15:30:00Z</time>
      </trkpt>
      <trkpt lat="67.69865" lon="18.16868">
        <time>2026-03-31T15:40:00Z</time>
      </trkpt>
      <trkpt lat="67.70167" lon="18.17361">
        <time>2026-03-31T15:50:00Z</time>
      </trkpt>
      <trkpt lat="67.70483" lon="18.18426">
        <time>2026-03-31T16:00:00Z</time>
      </trkpt>
      <trkpt lat="67.70797" lon="18.19271">
        <time>2026-03-31T16:10:00Z</time>
      </trkpt>
      <trkpt lat="67.71253" lon="18.20481">
        <time>2026-03-31T16:20:00Z</time>
      </trkpt>
      <trkpt lat="67.72091" lon="18.22033">
        <time>2026-03-31T16:30:00Z</time>
      </trkpt>
      <trkpt lat="67.72861" lon="18.23297">
        <time>2026-03-31T16:40:00Z</time>
      </trkpt>
      <trkpt lat="67.7294" lon="18.23488">
        <time>2026-03-31T16:50:00Z</time>
      </trkpt>
      <trkpt lat="67.7294" lon="18.2349">
        <time>2026-03-31T17:00:00Z</time>
      </trkpt>
      <trkpt lat="67.73427" lon="18.2532">
        <time>2026-03-31T17:30:00Z</time>
      </trkpt>
      <trkpt lat="67.73754" lon="18.2735">
        <time>2026-03-31T17:40:00Z</time>
      </trkpt>
      <trkpt lat="67.74238" lon="18.2897">
        <time>2026-03-31T17:50:00Z</time>
      </trkpt>
      <trkpt lat="67.74312" lon="18.29322">
        <time>2026-03-31T18:00:00Z</time>
      </trkpt>
      <trkpt lat="67.74625" lon="18.29472">
        <time>2026-03-31T18:10:00Z</time>
      </trkpt>
      <trkpt lat="67.74624" lon="18.29515">
        <time>2026-03-31T18:20:00Z</time>
      </trkpt>
      <trkpt lat="67.74605" lon="18.29556">
        <time>2026-03-31T18:24:00Z</time>
      </trkpt>
      <trkpt lat="67.76239" lon="18.2856">
        <time>2026-04-01T08:23:00Z</time>
      </trkpt>
      <trkpt lat="67.76501" lon="18.28404">
        <time>2026-04-01T08:33:00Z</time>
      </trkpt>
      <trkpt lat="67.76636" lon="18.28393">
        <time>2026-04-01T08:43:00Z</time>
      </trkpt>
      <trkpt lat="67.77426" lon="18.28313">
        <time>2026-04-01T08:53:00Z</time>
      </trkpt>
      <trkpt lat="67.77954" lon="18.2867">
        <time>2026-04-01T09:03:00Z</time>
      </trkpt>
      <trkpt lat="67.7872" lon="18.29234">
        <time>2026-04-01T09:13:00Z</time>
      </trkpt>
      <trkpt lat="67.79037" lon="18.29491">
        <time>2026-04-01T09:23:00Z</time>
      </trkpt>
      <trkpt lat="67.79574" lon="18.29552">
        <time>2026-04-01T09:33:00Z</time>
      </trkpt>
      <trkpt lat="67.80388" lon="18.29305">
        <time>2026-04-01T09:43:00Z</time>
      </trkpt>
      <trkpt lat="67.81259" lon="18.29601">
        <time>2026-04-01T09:53:00Z</time>
      </trkpt>
      <trkpt lat="67.81886" lon="18.29996">
        <time>2026-04-01T10:03:00Z</time>
      </trkpt>
      <trkpt lat="67.82373" lon="18.30513">
        <time>2026-04-01T10:13:00Z</time>
      </trkpt>
      <trkpt lat="67.82687" lon="18.31069">
        <time>2026-04-01T10:23:00Z</time>
      </trkpt>
      <trkpt lat="67.83245" lon="18.31339">
        <time>2026-04-01T10:33:00Z</time>
      </trkpt>
      <trkpt lat="67.83993" lon="18.3126">
        <time>2026-04-01T10:43:00Z</time>
      </trkpt>
      <trkpt lat="67.84585" lon="18.31354">
        <time>2026-04-01T10:53:00Z</time>
      </trkpt>
      <trkpt lat="67.85039" lon="18.31551">
        <time>2026-04-01T11:03:00Z</time>
      </trkpt>
      <trkpt lat="67.85101" lon="18.3165">
        <time>2026-04-01T11:13:00Z</time>
      </trkpt>
      <trkpt lat="67.85116" lon="18.31519">
        <time>2026-04-01T14:24:00Z</time>
      </trkpt>
      <trkpt lat="67.85125" lon="18.31551">
        <time>2026-04-02T08:30:00Z</time>
      </trkpt>
      <trkpt lat="67.85323" lon="18.31536">
        <time>2026-04-02T08:40:00Z</time>
      </trkpt>
      <trkpt lat="67.85821" lon="18.31423">
        <time>2026-04-02T08:50:00Z</time>
      </trkpt>
      <trkpt lat="67.86389" lon="18.3073">
        <time>2026-04-02T09:00:00Z</time>
      </trkpt>
      <trkpt lat="67.86767" lon="18.30888">
        <time>2026-04-02T09:10:00Z</time>
      </trkpt>
      <trkpt lat="67.87337" lon="18.30903">
        <time>2026-04-02T09:20:00Z</time>
      </trkpt>
      <trkpt lat="67.87909" lon="18.31047">
        <time>2026-04-02T09:30:00Z</time>
      </trkpt>
      <trkpt lat="67.88569" lon="18.3083">
        <time>2026-04-02T09:40:00Z</time>
      </trkpt>
      <trkpt lat="67.89128" lon="18.30223">
        <time>2026-04-02T09:50:00Z</time>
      </trkpt>
      <trkpt lat="67.89531" lon="18.29818">
        <time>2026-04-02T10:00:00Z</time>
      </trkpt>
      <trkpt lat="67.8953" lon="18.29818">
        <time>2026-04-02T10:10:00Z</time>
      </trkpt>
      <trkpt lat="67.90125" lon="18.29564">
        <time>2026-04-02T10:30:00Z</time>
      </trkpt>
      <trkpt lat="67.90652" lon="18.29318">
        <time>2026-04-02T10:40:00Z</time>
      </trkpt>
      <trkpt lat="67.91335" lon="18.28895">
        <time>2026-04-02T10:50:00Z</time>
      </trkpt>
      <trkpt lat="67.91732" lon="18.28831">
        <time>2026-04-02T11:00:00Z</time>
      </trkpt>
      <trkpt lat="67.92289" lon="18.28318">
        <time>2026-04-02T11:10:00Z</time>
      </trkpt>
      <trkpt lat="67.9241" lon="18.28292">
        <time>2026-04-02T11:20:00Z</time>
      </trkpt>
      <trkpt lat="67.92881" lon="18.28395">
        <time>2026-04-02T11:30:00Z</time>
      </trkpt>
      <trkpt lat="67.9348" lon="18.28316">
        <time>2026-04-02T11:40:00Z</time>
      </trkpt>
      <trkpt lat="67.93974" lon="18.28159">
        <time>2026-04-02T11:50:00Z</time>
      </trkpt>
      <trkpt lat="67.94474" lon="18.28118">
        <time>2026-04-02T12:00:00Z</time>
      </trkpt>
      <trkpt lat="67.94653" lon="18.28238">
        <time>2026-04-02T12:10:00Z</time>
      </trkpt>
      <trkpt lat="67.94653" lon="18.28255">
        <time>2026-04-02T12:20:00Z</time>
      </trkpt>
      <trkpt lat="67.95066" lon="18.28086">
        <time>2026-04-02T14:10:00Z</time>
      </trkpt>
      <trkpt lat="67.95433" lon="18.27916">
        <time>2026-04-02T14:20:00Z</time>
      </trkpt>
      <trkpt lat="67.96246" lon="18.27386">
        <time>2026-04-02T14:30:00Z</time>
      </trkpt>
      <trkpt lat="67.96979" lon="18.26895">
        <time>2026-04-02T14:40:00Z</time>
      </trkpt>
      <trkpt lat="67.97405" lon="18.26556">
        <time>2026-04-02T14:50:00Z</time>
      </trkpt>
      <trkpt lat="67.97566" lon="18.26492">
        <time>2026-04-02T15:00:00Z</time>
      </trkpt>
      <trkpt lat="67.97816" lon="18.26322">
        <time>2026-04-02T15:10:00Z</time>
      </trkpt>
      <trkpt lat="67.98189" lon="18.26095">
        <time>2026-04-02T15:20:00Z</time>
      </trkpt>
      <trkpt lat="67.98802" lon="18.26073">
        <time>2026-04-02T15:30:00Z</time>
      </trkpt>
      <trkpt lat="67.99543" lon="18.25305">
        <time>2026-04-02T15:40:00Z</time>
      </trkpt>
      <trkpt lat="68.00095" lon="18.24861">
        <time>2026-04-02T15:50:00Z</time>
      </trkpt>
      <trkpt lat="68.00141" lon="18.24837">
        <time>2026-04-02T16:00:00Z</time>
      </trkpt>
      <trkpt lat="68.00642" lon="18.2444">
        <time>2026-04-02T16:20:00Z</time>
      </trkpt>
      <trkpt lat="68.00932" lon="18.24179">
        <time>2026-04-02T16:30:00Z</time>
      </trkpt>
      <trkpt lat="68.01172" lon="18.24052">
        <time>2026-04-02T16:40:00Z</time>
      </trkpt>
      <trkpt lat="68.01444" lon="18.24013">
        <time>2026-04-02T16:50:00Z</time>
      </trkpt>
      <trkpt lat="68.01561" lon="18.24279">
        <time>2026-04-02T17:00:00Z</time>
      </trkpt>
      <trkpt lat="68.01825" lon="18.24464">
        <time>2026-04-02T17:10:00Z</time>
      </trkpt>
      <trkpt lat="68.01961" lon="18.24724">
        <time>2026-04-02T17:20:00Z</time>
      </trkpt>
      <trkpt lat="68.01969" lon="18.24719">
        <time>2026-04-02T17:30:00Z</time>
      </trkpt>
      <trkpt lat="68.02762" lon="18.24865">
        <time>2026-04-02T18:30:00Z</time>
      </trkpt>
      <trkpt lat="68.03443" lon="18.24732">
        <time>2026-04-02T18:40:00Z</time>
      </trkpt>
      <trkpt lat="68.03801" lon="18.24672">
        <time>2026-04-02T18:50:00Z</time>
      </trkpt>
      <trkpt lat="68.04635" lon="18.24597">
        <time>2026-04-02T19:01:00Z</time>
      </trkpt>
      <trkpt lat="68.05591" lon="18.25221">
        <time>2026-04-02T19:11:00Z</time>
      </trkpt>
      <trkpt lat="68.0628" lon="18.25522">
        <time>2026-04-02T19:21:00Z</time>
      </trkpt>
      <trkpt lat="68.07047" lon="18.26071">
        <time>2026-04-02T19:31:00Z</time>
      </trkpt>
      <trkpt lat="68.07095" lon="18.26084">
        <time>2026-04-02T19:41:00Z</time>
      </trkpt>
      <trkpt lat="68.07096" lon="18.26071">
        <time>2026-04-02T20:08:00Z</time>
      </trkpt>
      <trkpt lat="68.07215" lon="18.2608">
        <time>2026-04-03T07:57:00Z</time>
      </trkpt>
      <trkpt lat="68.07074" lon="18.26174">
        <time>2026-04-03T08:07:00Z</time>
      </trkpt>
      <trkpt lat="68.07448" lon="18.27138">
        <time>2026-04-03T08:17:00Z</time>
      </trkpt>
      <trkpt lat="68.08252" lon="18.27921">
        <time>2026-04-03T08:27:00Z</time>
      </trkpt>
      <trkpt lat="68.09012" lon="18.28775">
        <time>2026-04-03T08:37:00Z</time>
      </trkpt>
      <trkpt lat="68.09309" lon="18.29464">
        <time>2026-04-03T08:47:00Z</time>
      </trkpt>
      <trkpt lat="68.09651" lon="18.3053">
        <time>2026-04-03T08:57:00Z</time>
      </trkpt>
      <trkpt lat="68.10216" lon="18.31811">
        <time>2026-04-03T09:07:00Z</time>
      </trkpt>
      <trkpt lat="68.10746" lon="18.32903">
        <time>2026-04-03T09:17:00Z</time>
      </trkpt>
      <trkpt lat="68.10975" lon="18.33669">
        <time>2026-04-03T09:27:00Z</time>
      </trkpt>
      <trkpt lat="68.1097" lon="18.33671">
        <time>2026-04-03T09:37:00Z</time>
      </trkpt>
      <trkpt lat="68.11181" lon="18.34665">
        <time>2026-04-03T09:57:00Z</time>
      </trkpt>
      <trkpt lat="68.11494" lon="18.36397">
        <time>2026-04-03T10:07:00Z</time>
      </trkpt>
      <trkpt lat="68.12265" lon="18.38523">
        <time>2026-04-03T10:17:00Z</time>
      </trkpt>
      <trkpt lat="68.12624" lon="18.39761">
        <time>2026-04-03T10:27:00Z</time>
      </trkpt>
      <trkpt lat="68.13124" lon="18.41186">
        <time>2026-04-03T10:37:00Z</time>
      </trkpt>
      <trkpt lat="68.13649" lon="18.41484">
        <time>2026-04-03T10:47:00Z</time>
      </trkpt>
      <trkpt lat="68.13651" lon="18.41458">
        <time>2026-04-03T10:57:00Z</time>
      </trkpt>
      <trkpt lat="68.14116" lon="18.42239">
        <time>2026-04-03T11:47:00Z</time>
      </trkpt>
      <trkpt lat="68.14791" lon="18.43121">
        <time>2026-04-03T11:57:00Z</time>
      </trkpt>
      <trkpt lat="68.15429" lon="18.44061">
        <time>2026-04-03T12:07:00Z</time>
      </trkpt>
      <trkpt lat="68.16146" lon="18.44917">
        <time>2026-04-03T12:17:00Z</time>
      </trkpt>
      <trkpt lat="68.16703" lon="18.45701">
        <time>2026-04-03T12:27:00Z</time>
      </trkpt>
      <trkpt lat="68.17406" lon="18.46881">
        <time>2026-04-03T12:37:00Z</time>
      </trkpt>
      <trkpt lat="68.17405" lon="18.46874">
        <time>2026-04-03T12:47:00Z</time>
      </trkpt>
      <trkpt lat="68.17495" lon="18.4704">
        <time>2026-04-03T13:47:00Z</time>
      </trkpt>
      <trkpt lat="68.18091" lon="18.48245">
        <time>2026-04-03T13:57:00Z</time>
      </trkpt>
      <trkpt lat="68.18314" lon="18.48795">
        <time>2026-04-03T14:07:00Z</time>
      </trkpt>
      <trkpt lat="68.18803" lon="18.50153">
        <time>2026-04-03T14:17:00Z</time>
      </trkpt>
      <trkpt lat="68.19135" lon="18.51419">
        <time>2026-04-03T14:27:00Z</time>
      </trkpt>
      <trkpt lat="68.1964" lon="18.53303">
        <time>2026-04-03T14:37:00Z</time>
      </trkpt>
      <trkpt lat="68.1991" lon="18.5441">
        <time>2026-04-03T14:47:00Z</time>
      </trkpt>
      <trkpt lat="68.2038" lon="18.56318">
        <time>2026-04-03T14:57:00Z</time>
      </trkpt>
      <trkpt lat="68.20688" lon="18.57571">
        <time>2026-04-03T15:07:00Z</time>
      </trkpt>
      <trkpt lat="68.21067" lon="18.59569">
        <time>2026-04-03T15:17:00Z</time>
      </trkpt>
      <trkpt lat="68.21581" lon="18.60079">
        <time>2026-04-03T15:27:00Z</time>
      </trkpt>
      <trkpt lat="68.22019" lon="18.60026">
        <time>2026-04-03T15:37:00Z</time>
      </trkpt>
      <trkpt lat="68.22021" lon="18.60017">
        <time>2026-04-03T15:47:00Z</time>
      </trkpt>
      <trkpt lat="68.22475" lon="18.59966">
        <time>2026-04-03T17:07:00Z</time>
      </trkpt>
      <trkpt lat="68.23244" lon="18.60367">
        <time>2026-04-03T17:17:00Z</time>
      </trkpt>
      <trkpt lat="68.24227" lon="18.60386">
        <time>2026-04-03T17:27:00Z</time>
      </trkpt>
      <trkpt lat="68.25998" lon="18.57172">
        <time>2026-04-03T18:43:00Z</time>
      </trkpt>
      <trkpt lat="68.26012" lon="18.57204">
        <time>2026-04-03T18:43:00Z</time>
      </trkpt>
      <trkpt lat="68.26104" lon="18.57215">
        <time>2026-04-04T08:27:00Z</time>
      </trkpt>
      <trkpt lat="68.26657" lon="18.57009">
        <time>2026-04-04T08:37:00Z</time>
      </trkpt>
      <trkpt lat="68.27679" lon="18.57174">
        <time>2026-04-04T08:47:00Z</time>
      </trkpt>
      <trkpt lat="68.28374" lon="18.58584">
        <time>2026-04-04T08:57:00Z</time>
      </trkpt>
      <trkpt lat="68.28612" lon="18.59073">
        <time>2026-04-04T09:07:00Z</time>
      </trkpt>
      <trkpt lat="68.28925" lon="18.61006">
        <time>2026-04-04T09:17:00Z</time>
      </trkpt>
      <trkpt lat="68.29594" lon="18.62955">
        <time>2026-04-04T09:27:00Z</time>
      </trkpt>
      <trkpt lat="68.30175" lon="18.64832">
        <time>2026-04-04T09:37:00Z</time>
      </trkpt>
      <trkpt lat="68.30692" lon="18.6657">
        <time>2026-04-04T09:47:00Z</time>
      </trkpt>
      <trkpt lat="68.3069" lon="18.66575">
        <time>2026-04-04T09:57:00Z</time>
      </trkpt>
      <trkpt lat="68.31151" lon="18.68137">
        <time>2026-04-04T10:07:00Z</time>
      </trkpt>
      <trkpt lat="68.31278" lon="18.7031">
        <time>2026-04-04T10:17:00Z</time>
      </trkpt>
      <trkpt lat="68.31429" lon="18.71819">
        <time>2026-04-04T10:27:00Z</time>
      </trkpt>
      <trkpt lat="68.31463" lon="18.72063">
        <time>2026-04-04T10:37:00Z</time>
      </trkpt>
      <trkpt lat="68.31458" lon="18.72042">
        <time>2026-04-04T10:47:00Z</time>
      </trkpt>
      <trkpt lat="68.31588" lon="18.73512">
        <time>2026-04-04T11:07:00Z</time>
      </trkpt>
      <trkpt lat="68.31968" lon="18.74428">
        <time>2026-04-04T11:17:00Z</time>
      </trkpt>
      <trkpt lat="68.32141" lon="18.75782">
        <time>2026-04-04T11:27:00Z</time>
      </trkpt>
      <trkpt lat="68.32266" lon="18.77089">
        <time>2026-04-04T11:37:00Z</time>
      </trkpt>
      <trkpt lat="68.32501" lon="18.77754">
        <time>2026-04-04T11:47:00Z</time>
      </trkpt>
      <trkpt lat="68.3299" lon="18.78591">
        <time>2026-04-04T11:57:00Z</time>
      </trkpt>
      <trkpt lat="68.33164" lon="18.78767">
        <time>2026-04-04T12:07:00Z</time>
      </trkpt>
      <trkpt lat="68.33162" lon="18.78752">
        <time>2026-04-04T12:17:00Z</time>
      </trkpt>
      <trkpt lat="68.33893" lon="18.79561">
        <time>2026-04-04T13:57:00Z</time>
      </trkpt>
      <trkpt lat="68.34565" lon="18.80799">
        <time>2026-04-04T14:07:00Z</time>
      </trkpt>
      <trkpt lat="68.34911" lon="18.8146">
        <time>2026-04-04T14:17:00Z</time>
      </trkpt>
      <trkpt lat="68.35225" lon="18.81576">
        <time>2026-04-04T14:27:00Z</time>
      </trkpt>
      <trkpt lat="68.35041" lon="18.82556">
        <time>2026-04-04T14:37:00Z</time>
      </trkpt>
      <trkpt lat="68.35041" lon="18.82548">
        <time>2026-04-04T14:47:00Z</time>
      </trkpt>
      <trkpt lat="68.35037" lon="18.82558">
        <time>2026-04-04T14:47:00Z</time>
      </trkpt>
      <trkpt lat="68.34967" lon="18.82842">
        <time>2026-04-05T09:24:00Z</time>
      </trkpt>
      <trkpt lat="68.34952" lon="18.83097">
        <time>2026-04-05T09:34:00Z</time>
      </trkpt>
      <trkpt lat="68.35435" lon="18.84305">
        <time>2026-04-05T09:44:00Z</time>
      </trkpt>
      <trkpt lat="68.35666" lon="18.84951">
        <time>2026-04-05T09:54:00Z</time>
      </trkpt>
      <trkpt lat="68.3637" lon="18.86985">
        <time>2026-04-05T10:04:00Z</time>
      </trkpt>
      <trkpt lat="68.36631" lon="18.89251">
        <time>2026-04-05T10:14:00Z</time>
      </trkpt>
      <trkpt lat="68.36604" lon="18.89436">
        <time>2026-04-05T10:24:00Z</time>
      </trkpt>
      <trkpt lat="68.36618" lon="18.91266">
        <time>2026-04-05T11:14:00Z</time>
      </trkpt>
      <trkpt lat="68.3635" lon="18.9333">
        <time>2026-04-05T11:24:00Z</time>
      </trkpt>
      <trkpt lat="68.36709" lon="18.95806">
        <time>2026-04-05T11:34:00Z</time>
      </trkpt>
      <trkpt lat="68.36733" lon="18.98353">
        <time>2026-04-05T11:44:00Z</time>
      </trkpt>
      <trkpt lat="68.36748" lon="19.01003">
        <time>2026-04-05T11:54:00Z</time>
      </trkpt>
      <trkpt lat="68.36785" lon="19.01349">
        <time>2026-04-05T12:04:00Z</time>
      </trkpt>
      <trkpt lat="68.36871" lon="19.02287">
        <time>2026-04-05T12:14:00Z</time>
      </trkpt>
      <trkpt lat="68.36937" lon="19.04941">
        <time>2026-04-05T12:24:00Z</time>
      </trkpt>
      <trkpt lat="68.36971" lon="19.07486">
        <time>2026-04-05T12:34:00Z</time>
      </trkpt>
      <trkpt lat="68.36703" lon="19.09335">
        <time>2026-04-05T12:44:00Z</time>
      </trkpt>
      <trkpt lat="68.36623" lon="19.1152">
        <time>2026-04-05T12:54:00Z</time>
      </trkpt>
      <trkpt lat="68.36504" lon="19.13678">
        <time>2026-04-05T13:04:00Z</time>
      </trkpt>
      <trkpt lat="68.36311" lon="19.16159">
        <time>2026-04-05T13:14:00Z</time>
      </trkpt>
      <trkpt lat="68.36137" lon="19.18569">
        <time>2026-04-05T13:24:00Z</time>
      </trkpt>
      <trkpt lat="68.35967" lon="19.19837">
        <time>2026-04-05T13:34:00Z</time>
      </trkpt>
      <trkpt lat="68.35334" lon="19.21757">
        <time>2026-04-05T13:44:00Z</time>
      </trkpt>
      <trkpt lat="68.3517" lon="19.22682">
        <time>2026-04-05T13:54:00Z</time>
      </trkpt>
      <trkpt lat="68.35172" lon="19.22686">
        <time>2026-04-05T14:04:00Z</time>
      </trkpt>
      <trkpt lat="68.34969" lon="19.23686">
        <time>2026-04-05T14:34:00Z</time>
      </trkpt>
      <trkpt lat="68.34565" lon="19.26079">
        <time>2026-04-05T14:44:00Z</time>
      </trkpt>
      <trkpt lat="68.34586" lon="19.28731">
        <time>2026-04-05T14:54:00Z</time>
      </trkpt>
      <trkpt lat="68.34474" lon="19.31338">
        <time>2026-04-05T15:04:00Z</time>
      </trkpt>
      <trkpt lat="68.34199" lon="19.33797">
        <time>2026-04-05T15:14:00Z</time>
      </trkpt>
      <trkpt lat="68.34096" lon="19.35278">
        <time>2026-04-05T15:24:00Z</time>
      </trkpt>
      <trkpt lat="68.33975" lon="19.37741">
        <time>2026-04-05T15:34:00Z</time>
      </trkpt>
      <trkpt lat="68.33628" lon="19.39393">
        <time>2026-04-05T15:44:00Z</time>
      </trkpt>
      <trkpt lat="68.3362" lon="19.394">
        <time>2026-04-05T15:54:00Z</time>
      </trkpt>
      <trkpt lat="68.33299" lon="19.40805">
        <time>2026-04-05T16:04:00Z</time>
      </trkpt>
      <trkpt lat="68.32811" lon="19.42927">
        <time>2026-04-05T16:14:00Z</time>
      </trkpt>
      <trkpt lat="68.32329" lon="19.44994">
        <time>2026-04-05T16:24:00Z</time>
      </trkpt>
      <trkpt lat="68.3198" lon="19.46502">
        <time>2026-04-05T16:34:00Z</time>
      </trkpt>
      <trkpt lat="68.31552" lon="19.48378">
        <time>2026-04-05T16:44:00Z</time>
      </trkpt>
      <trkpt lat="68.31111" lon="19.5044">
        <time>2026-04-05T16:54:00Z</time>
      </trkpt>
      <trkpt lat="68.30709" lon="19.52433">
        <time>2026-04-05T17:04:00Z</time>
      </trkpt>
      <trkpt lat="68.30685" lon="19.52504">
        <time>2026-04-05T17:14:00Z</time>
      </trkpt>
      <trkpt lat="68.30391" lon="19.53997">
        <time>2026-04-05T17:34:00Z</time>
      </trkpt>
      <trkpt lat="68.3014" lon="19.56315">
        <time>2026-04-05T17:44:00Z</time>
      </trkpt>
      <trkpt lat="68.30157" lon="19.58014">
        <time>2026-04-05T17:54:00Z</time>
      </trkpt>
      <trkpt lat="68.30235" lon="19.60651">
        <time>2026-04-05T18:04:00Z</time>
      </trkpt>
      <trkpt lat="68.30499" lon="19.6184">
        <time>2026-04-05T18:14:00Z</time>
      </trkpt>
      <trkpt lat="68.3063" lon="19.62241">
        <time>2026-04-05T18:24:00Z</time>
      </trkpt>
      <trkpt lat="68.30634" lon="19.62239">
        <time>2026-04-05T18:34:00Z</time>
      </trkpt>
      <trkpt lat="68.30634" lon="19.62241">
        <time>2026-04-05T18:42:00Z</time>
      </trkpt>
      <trkpt lat="68.30632" lon="19.62261">
        <time>2026-04-06T07:28:00Z</time>
      </trkpt>
      <trkpt lat="68.30664" lon="19.6425">
        <time>2026-04-06T07:38:00Z</time>
      </trkpt>
      <trkpt lat="68.30592" lon="19.6705">
        <time>2026-04-06T07:48:00Z</time>
      </trkpt>
      <trkpt lat="68.30532" lon="19.68029">
        <time>2026-04-06T07:58:00Z</time>
      </trkpt>
      <trkpt lat="68.30457" lon="19.70775">
        <time>2026-04-06T08:08:00Z</time>
      </trkpt>
      <trkpt lat="68.30497" lon="19.72844">
        <time>2026-04-06T08:18:00Z</time>
      </trkpt>
      <trkpt lat="68.30651" lon="19.75869">
        <time>2026-04-06T08:28:00Z</time>
      </trkpt>
      <trkpt lat="68.30703" lon="19.78195">
        <time>2026-04-06T08:38:00Z</time>
      </trkpt>
      <trkpt lat="68.30938" lon="19.80753">
        <time>2026-04-06T08:48:00Z</time>
      </trkpt>
      <trkpt lat="68.30825" lon="19.8309">
        <time>2026-04-06T08:58:00Z</time>
      </trkpt>
      <trkpt lat="68.30273" lon="19.85004">
        <time>2026-04-06T09:08:00Z</time>
      </trkpt>
      <trkpt lat="68.30079" lon="19.86017">
        <time>2026-04-06T09:18:00Z</time>
      </trkpt>
      <trkpt lat="68.29594" lon="19.87317">
        <time>2026-04-06T09:28:00Z</time>
      </trkpt>
      <trkpt lat="68.29137" lon="19.88892">
        <time>2026-04-06T09:38:00Z</time>
      </trkpt>
      <trkpt lat="68.28998" lon="19.89716">
        <time>2026-04-06T09:48:00Z</time>
      </trkpt>
      <trkpt lat="68.28988" lon="19.89819">
        <time>2026-04-06T09:58:00Z</time>
      </trkpt>
      <trkpt lat="68.29267" lon="19.90218">
        <time>2026-04-06T10:38:00Z</time>
      </trkpt>
      <trkpt lat="68.29979" lon="19.91254">
        <time>2026-04-06T10:48:00Z</time>
      </trkpt>
      <trkpt lat="68.30404" lon="19.9254">
        <time>2026-04-06T10:58:00Z</time>
      </trkpt>
      <trkpt lat="68.31009" lon="19.93587">
        <time>2026-04-06T11:08:00Z</time>
      </trkpt>
      <trkpt lat="68.31895" lon="19.94022">
        <time>2026-04-06T11:18:00Z</time>
      </trkpt>
      <trkpt lat="68.3231" lon="19.94737">
        <time>2026-04-06T11:28:00Z</time>
      </trkpt>
      <trkpt lat="68.32785" lon="19.95239">
        <time>2026-04-06T11:38:00Z</time>
      </trkpt>
      <trkpt lat="68.3318" lon="19.95612">
        <time>2026-04-06T11:48:00Z</time>
      </trkpt>
      <trkpt lat="68.33753" lon="19.96203">
        <time>2026-04-06T11:58:00Z</time>
      </trkpt>
      <trkpt lat="68.33847" lon="19.96228">
        <time>2026-04-06T12:08:00Z</time>
      </trkpt>
      <trkpt lat="68.34057" lon="19.96318">
        <time>2026-04-06T12:18:00Z</time>
      </trkpt>
      <trkpt lat="68.34712" lon="19.97119">
        <time>2026-04-06T12:28:00Z</time>
      </trkpt>
      <trkpt lat="68.34858" lon="19.97494">
        <time>2026-04-06T12:38:00Z</time>
      </trkpt>
      <trkpt lat="68.35448" lon="19.99582">
        <time>2026-04-06T12:48:00Z</time>
      </trkpt>
      <trkpt lat="68.35932" lon="20.0152">
        <time>2026-04-06T12:58:00Z</time>
      </trkpt>
      <trkpt lat="68.36391" lon="20.02614">
        <time>2026-04-06T13:08:00Z</time>
      </trkpt>
      <trkpt lat="68.36693" lon="20.03917">
        <time>2026-04-06T13:18:00Z</time>
      </trkpt>
      <trkpt lat="68.36807" lon="20.04704">
        <time>2026-04-06T13:28:00Z</time>
      </trkpt>
      <trkpt lat="68.36807" lon="20.04704">
        <time>2026-04-06T13:38:00Z</time>
      </trkpt>
      <trkpt lat="68.37176" lon="20.05908">
        <time>2026-04-06T14:38:00Z</time>
      </trkpt>
      <trkpt lat="68.37457" lon="20.07515">
        <time>2026-04-06T14:48:00Z</time>
      </trkpt>
      <trkpt lat="68.3803" lon="20.07727">
        <time>2026-04-06T14:58:00Z</time>
      </trkpt>
      <trkpt lat="68.38559" lon="20.07208">
        <time>2026-04-06T15:08:00Z</time>
      </trkpt>
      <trkpt lat="68.3931" lon="20.06238">
        <time>2026-04-06T15:18:00Z</time>
      </trkpt>
      <trkpt lat="68.39854" lon="20.0641">
        <time>2026-04-06T15:28:00Z</time>
      </trkpt>
      <trkpt lat="68.40123" lon="20.06884">
        <time>2026-04-06T15:38:00Z</time>
      </trkpt>
      <trkpt lat="68.4013" lon="20.06886">
        <time>2026-04-06T15:48:00Z</time>
      </trkpt>
      <trkpt lat="68.4073" lon="20.07562">
        <time>2026-04-06T15:58:00Z</time>
      </trkpt>
      <trkpt lat="68.4121" lon="20.08152">
        <time>2026-04-06T16:08:00Z</time>
      </trkpt>
      <trkpt lat="68.41423" lon="20.08388">
        <time>2026-04-06T16:18:00Z</time>
      </trkpt>
      <trkpt lat="68.41827" lon="20.09916">
        <time>2026-04-06T16:28:00Z</time>
      </trkpt>
      <trkpt lat="68.41973" lon="20.10566">
        <time>2026-04-06T16:38:00Z</time>
      </trkpt>
      <trkpt lat="68.42036" lon="20.11946">
        <time>2026-04-06T16:48:00Z</time>
      </trkpt>
      <trkpt lat="68.42231" lon="20.13697">
        <time>2026-04-06T16:58:00Z</time>
      </trkpt>
      <trkpt lat="68.42241" lon="20.14641">
        <time>2026-04-06T17:08:00Z</time>
      </trkpt>
      <trkpt lat="68.42286" lon="20.15343">
        <time>2026-04-06T17:18:00Z</time>
      </trkpt>
      <trkpt lat="68.42632" lon="20.15791">
        <time>2026-04-06T17:28:00Z</time>
      </trkpt>
      <trkpt lat="68.43284" lon="20.1704">
        <time>2026-04-06T17:38:00Z</time>
      </trkpt>
      <trkpt lat="68.44419" lon="20.19308">
        <time>2026-04-06T17:48:00Z</time>
      </trkpt>
      <trkpt lat="68.4526" lon="20.20289">
        <time>2026-04-06T17:58:00Z</time>
      </trkpt>
      <trkpt lat="68.45723" lon="20.20851">
        <time>2026-04-06T18:08:00Z</time>
      </trkpt>
      <trkpt lat="68.45908" lon="20.21076">
        <time>2026-04-06T18:18:00Z</time>
      </trkpt>
      <trkpt lat="68.46723" lon="20.22048">
        <time>2026-04-06T18:28:00Z</time>
      </trkpt>
      <trkpt lat="68.47479" lon="20.22924">
        <time>2026-04-06T18:38:00Z</time>
      </trkpt>
      <trkpt lat="68.47554" lon="20.22977">
        <time>2026-04-06T18:48:00Z</time>
      </trkpt>
      <trkpt lat="68.47548" lon="20.2301">
        <time>2026-04-06T19:22:00Z</time>
      </trkpt>
      <trkpt lat="68.48085" lon="20.23861">
        <time>2026-04-07T08:11:00Z</time>
      </trkpt>
      <trkpt lat="68.48585" lon="20.25194">
        <time>2026-04-07T08:21:00Z</time>
      </trkpt>
      <trkpt lat="68.48929" lon="20.25943">
        <time>2026-04-07T08:31:00Z</time>
      </trkpt>
      <trkpt lat="68.49588" lon="20.27999">
        <time>2026-04-07T08:41:00Z</time>
      </trkpt>
      <trkpt lat="68.50119" lon="20.28771">
        <time>2026-04-07T08:51:00Z</time>
      </trkpt>
      <trkpt lat="68.51042" lon="20.29121">
        <time>2026-04-07T09:01:00Z</time>
      </trkpt>
      <trkpt lat="68.51578" lon="20.29492">
        <time>2026-04-07T09:11:00Z</time>
      </trkpt>
      <trkpt lat="68.52511" lon="20.29398">
        <time>2026-04-07T09:21:00Z</time>
      </trkpt>
      <trkpt lat="68.53234" lon="20.2931">
        <time>2026-04-07T09:31:00Z</time>
      </trkpt>
      <trkpt lat="68.53691" lon="20.29262">
        <time>2026-04-07T09:41:00Z</time>
      </trkpt>
      <trkpt lat="68.53693" lon="20.29262">
        <time>2026-04-07T09:51:00Z</time>
      </trkpt>
      <trkpt lat="68.54024" lon="20.29322">
        <time>2026-04-07T10:01:00Z</time>
      </trkpt>
      <trkpt lat="68.54943" lon="20.30475">
        <time>2026-04-07T10:11:00Z</time>
      </trkpt>
      <trkpt lat="68.55485" lon="20.32099">
        <time>2026-04-07T10:21:00Z</time>
      </trkpt>
      <trkpt lat="68.56106" lon="20.33472">
        <time>2026-04-07T10:31:00Z</time>
      </trkpt>
      <trkpt lat="68.56352" lon="20.33897">
        <time>2026-04-07T10:41:00Z</time>
      </trkpt>
      <trkpt lat="68.56578" lon="20.34434">
        <time>2026-04-07T10:51:00Z</time>
      </trkpt>
      <trkpt lat="68.57195" lon="20.35676">
        <time>2026-04-07T11:01:00Z</time>
      </trkpt>
      <trkpt lat="68.57181" lon="20.35717">
        <time>2026-04-07T11:11:00Z</time>
      </trkpt>
      <trkpt lat="68.57565" lon="20.36491">
        <time>2026-04-07T11:21:00Z</time>
      </trkpt>
      <trkpt lat="68.57931" lon="20.37989">
        <time>2026-04-07T11:31:00Z</time>
      </trkpt>
      <trkpt lat="68.58334" lon="20.39332">
        <time>2026-04-07T11:41:00Z</time>
      </trkpt>
      <trkpt lat="68.58728" lon="20.40103">
        <time>2026-04-07T11:51:00Z</time>
      </trkpt>
      <trkpt lat="68.59275" lon="20.41043">
        <time>2026-04-07T12:01:00Z</time>
      </trkpt>
      <trkpt lat="68.59559" lon="20.41598">
        <time>2026-04-07T12:11:00Z</time>
      </trkpt>
      <trkpt lat="68.59559" lon="20.41601">
        <time>2026-04-07T12:21:00Z</time>
      </trkpt>
      <trkpt lat="68.6016" lon="20.41731">
        <time>2026-04-07T13:11:00Z</time>
      </trkpt>
      <trkpt lat="68.60577" lon="20.41259">
        <time>2026-04-07T13:21:00Z</time>
      </trkpt>
      <trkpt lat="68.61054" lon="20.41412">
        <time>2026-04-07T13:31:00Z</time>
      </trkpt>
      <trkpt lat="68.61263" lon="20.41768">
        <time>2026-04-07T13:41:00Z</time>
      </trkpt>
      <trkpt lat="68.61594" lon="20.42064">
        <time>2026-04-07T13:51:00Z</time>
      </trkpt>
      <trkpt lat="68.62321" lon="20.42427">
        <time>2026-04-07T14:01:00Z</time>
      </trkpt>
      <trkpt lat="68.63071" lon="20.431">
        <time>2026-04-07T14:11:00Z</time>
      </trkpt>
      <trkpt lat="68.6336" lon="20.4327">
        <time>2026-04-07T14:21:00Z</time>
      </trkpt>
      <trkpt lat="68.64205" lon="20.43439">
        <time>2026-04-07T14:31:00Z</time>
      </trkpt>
      <trkpt lat="68.64946" lon="20.44244">
        <time>2026-04-07T14:41:00Z</time>
      </trkpt>
      <trkpt lat="68.65285" lon="20.44675">
        <time>2026-04-07T14:51:00Z</time>
      </trkpt>
      <trkpt lat="68.65654" lon="20.45145">
        <time>2026-04-07T15:01:00Z</time>
      </trkpt>
      <trkpt lat="68.66475" lon="20.46124">
        <time>2026-04-07T15:11:00Z</time>
      </trkpt>
      <trkpt lat="68.66676" lon="20.46315">
        <time>2026-04-07T15:21:00Z</time>
      </trkpt>
      <trkpt lat="68.67322" lon="20.46905">
        <time>2026-04-07T15:31:00Z</time>
      </trkpt>
      <trkpt lat="68.68139" lon="20.47922">
        <time>2026-04-07T15:41:00Z</time>
      </trkpt>
      <trkpt lat="68.68731" lon="20.48961">
        <time>2026-04-07T15:51:00Z</time>
      </trkpt>
      <trkpt lat="68.69594" lon="20.50044">
        <time>2026-04-07T16:01:00Z</time>
      </trkpt>
      <trkpt lat="68.69934" lon="20.5043">
        <time>2026-04-07T16:11:00Z</time>
      </trkpt>
      <trkpt lat="68.70608" lon="20.51782">
        <time>2026-04-07T16:21:00Z</time>
      </trkpt>
      <trkpt lat="68.71193" lon="20.51574">
        <time>2026-04-07T16:31:00Z</time>
      </trkpt>
      <trkpt lat="68.71713" lon="20.51246">
        <time>2026-04-07T16:41:00Z</time>
      </trkpt>
      <trkpt lat="68.7214" lon="20.51634">
        <time>2026-04-07T16:51:00Z</time>
      </trkpt>
      <trkpt lat="68.72514" lon="20.52679">
        <time>2026-04-07T17:01:00Z</time>
      </trkpt>
      <trkpt lat="68.73346" lon="20.53587">
        <time>2026-04-07T17:11:00Z</time>
      </trkpt>
      <trkpt lat="68.73981" lon="20.54059">
        <time>2026-04-07T17:21:00Z</time>
      </trkpt>
      <trkpt lat="68.74706" lon="20.5466">
        <time>2026-04-07T17:31:00Z</time>
      </trkpt>
      <trkpt lat="68.75374" lon="20.55499">
        <time>2026-04-07T17:41:00Z</time>
      </trkpt>
      <trkpt lat="68.75812" lon="20.56211">
        <time>2026-04-07T17:51:00Z</time>
      </trkpt>
      <trkpt lat="68.75811" lon="20.56217">
        <time>2026-04-07T18:01:00Z</time>
      </trkpt>
      <trkpt lat="68.75811" lon="20.5622">
        <time>2026-04-07T18:25:00Z</time>
      </trkpt>
      <trkpt lat="68.75806" lon="20.56215">
        <time>2026-04-08T06:56:00Z</time>
      </trkpt>
      <trkpt lat="68.7581" lon="20.56211">
        <time>2026-04-08T07:06:00Z</time>
      </trkpt>
      <trkpt lat="68.76313" lon="20.56093">
        <time>2026-04-08T07:36:00Z</time>
      </trkpt>
      <trkpt lat="68.76804" lon="20.57024">
        <time>2026-04-08T07:46:00Z</time>
      </trkpt>
      <trkpt lat="68.77158" lon="20.58035">
        <time>2026-04-08T07:56:00Z</time>
      </trkpt>
      <trkpt lat="68.77032" lon="20.59915">
        <time>2026-04-08T08:06:00Z</time>
      </trkpt>
      <trkpt lat="68.76741" lon="20.61153">
        <time>2026-04-08T08:16:00Z</time>
      </trkpt>
      <trkpt lat="68.77215" lon="20.60088">
        <time>2026-04-08T08:26:00Z</time>
      </trkpt>
      <trkpt lat="68.77955" lon="20.59264">
        <time>2026-04-08T08:36:00Z</time>
      </trkpt>
      <trkpt lat="68.78506" lon="20.58689">
        <time>2026-04-08T08:46:00Z</time>
      </trkpt>
      <trkpt lat="68.79011" lon="20.57305">
        <time>2026-04-08T08:56:00Z</time>
      </trkpt>
      <trkpt lat="68.79569" lon="20.56778">
        <time>2026-04-08T09:06:00Z</time>
      </trkpt>
      <trkpt lat="68.80176" lon="20.55378">
        <time>2026-04-08T09:16:00Z</time>
      </trkpt>
      <trkpt lat="68.80682" lon="20.54132">
        <time>2026-04-08T09:26:00Z</time>
      </trkpt>
      <trkpt lat="68.81237" lon="20.53705">
        <time>2026-04-08T09:36:00Z</time>
      </trkpt>
      <trkpt lat="68.81795" lon="20.53645">
        <time>2026-04-08T09:46:00Z</time>
      </trkpt>
      <trkpt lat="68.82563" lon="20.53591">
        <time>2026-04-08T09:56:00Z</time>
      </trkpt>
      <trkpt lat="68.83308" lon="20.54211">
        <time>2026-04-08T10:06:00Z</time>
      </trkpt>
      <trkpt lat="68.84003" lon="20.53613">
        <time>2026-04-08T10:16:00Z</time>
      </trkpt>
      <trkpt lat="68.84505" lon="20.51945">
        <time>2026-04-08T10:26:00Z</time>
      </trkpt>
      <trkpt lat="68.8505" lon="20.50561">
        <time>2026-04-08T10:36:00Z</time>
      </trkpt>
      <trkpt lat="68.85093" lon="20.50463">
        <time>2026-04-08T10:46:00Z</time>
      </trkpt>
      <trkpt lat="68.85888" lon="20.50542">
        <time>2026-04-08T10:56:00Z</time>
      </trkpt>
      <trkpt lat="68.8613" lon="20.50802">
        <time>2026-04-08T11:06:00Z</time>
      </trkpt>
      <trkpt lat="68.86041" lon="20.50617">
        <time>2026-04-08T11:16:00Z</time>
      </trkpt>
      <trkpt lat="68.86243" lon="20.50585">
        <time>2026-04-08T11:26:00Z</time>
      </trkpt>
      <trkpt lat="68.8645" lon="20.50417">
        <time>2026-04-08T11:36:00Z</time>
      </trkpt>
      <trkpt lat="68.86497" lon="20.50345">
        <time>2026-04-08T11:46:00Z</time>
      </trkpt>
      <trkpt lat="68.86816" lon="20.49922">
        <time>2026-04-08T11:56:00Z</time>
      </trkpt>
      <trkpt lat="68.87054" lon="20.49709">
        <time>2026-04-08T12:06:00Z</time>
      </trkpt>
      <trkpt lat="68.8767" lon="20.49085">
        <time>2026-04-08T12:16:00Z</time>
      </trkpt>
      <trkpt lat="68.88349" lon="20.47525">
        <time>2026-04-08T12:26:00Z</time>
      </trkpt>
      <trkpt lat="68.89139" lon="20.46014">
        <time>2026-04-08T12:36:00Z</time>
      </trkpt>
      <trkpt lat="68.89832" lon="20.44763">
        <time>2026-04-08T12:46:00Z</time>
      </trkpt>
      <trkpt lat="68.90333" lon="20.42924">
        <time>2026-04-08T12:56:00Z</time>
      </trkpt>
      <trkpt lat="68.90951" lon="20.41616">
        <time>2026-04-08T13:06:00Z</time>
      </trkpt>
      <trkpt lat="68.90951" lon="20.41667">
        <time>2026-04-08T13:16:00Z</time>
      </trkpt>
      <trkpt lat="68.91793" lon="20.39873">
        <time>2026-04-08T13:26:00Z</time>
      </trkpt>
      <trkpt lat="68.92779" lon="20.3829">
        <time>2026-04-08T13:36:00Z</time>
      </trkpt>
      <trkpt lat="68.9327" lon="20.37768">
        <time>2026-04-08T13:46:00Z</time>
      </trkpt>
      <trkpt lat="68.94047" lon="20.3732">
        <time>2026-04-08T13:56:00Z</time>
      </trkpt>
      <trkpt lat="68.9422" lon="20.3703">
        <time>2026-04-08T14:06:00Z</time>
      </trkpt>
      <trkpt lat="68.94276" lon="20.36938">
        <time>2026-04-08T14:16:00Z</time>
      </trkpt>
      <trkpt lat="68.94721" lon="20.35972">
        <time>2026-04-08T14:26:00Z</time>
      </trkpt>
      <trkpt lat="68.95182" lon="20.35854">
        <time>2026-04-08T14:36:00Z</time>
      </trkpt>
      <trkpt lat="68.96603" lon="20.35457">
        <time>2026-04-08T14:46:00Z</time>
      </trkpt>
      <trkpt lat="68.97335" lon="20.36279">
        <time>2026-04-08T14:56:00Z</time>
      </trkpt>
      <trkpt lat="68.9742" lon="20.36858">
        <time>2026-04-08T15:06:00Z</time>
      </trkpt>
      <trkpt lat="68.97409" lon="20.36858">
        <time>2026-04-08T15:17:00Z</time>
      </trkpt>
      <trkpt lat="68.97414" lon="20.36848">
        <time>2026-04-08T15:39:00Z</time>
      </trkpt>
      <trkpt lat="68.9742" lon="20.36871">
        <time>2026-04-09T07:04:00Z</time>
      </trkpt>
      <trkpt lat="68.97765" lon="20.36938">
        <time>2026-04-09T07:14:00Z</time>
      </trkpt>
      <trkpt lat="68.97941" lon="20.375">
        <time>2026-04-09T07:24:00Z</time>
      </trkpt>
      <trkpt lat="68.98036" lon="20.38579">
        <time>2026-04-09T07:34:00Z</time>
      </trkpt>
      <trkpt lat="68.98143" lon="20.39545">
        <time>2026-04-09T07:44:00Z</time>
      </trkpt>
      <trkpt lat="68.98102" lon="20.40341">
        <time>2026-04-09T07:54:00Z</time>
      </trkpt>
      <trkpt lat="68.98206" lon="20.41289">
        <time>2026-04-09T08:04:00Z</time>
      </trkpt>
      <trkpt lat="68.98258" lon="20.41972">
        <time>2026-04-09T08:14:00Z</time>
      </trkpt>
      <trkpt lat="68.98279" lon="20.42195">
        <time>2026-04-09T08:24:00Z</time>
      </trkpt>
      <trkpt lat="68.98627" lon="20.4363">
        <time>2026-04-09T08:34:00Z</time>
      </trkpt>
      <trkpt lat="68.98988" lon="20.44315">
        <time>2026-04-09T08:44:00Z</time>
      </trkpt>
      <trkpt lat="68.99258" lon="20.4495">
        <time>2026-04-09T08:54:00Z</time>
      </trkpt>
      <trkpt lat="68.99471" lon="20.45798">
        <time>2026-04-09T09:04:00Z</time>
      </trkpt>
      <trkpt lat="69.00062" lon="20.4681">
        <time>2026-04-09T09:14:00Z</time>
      </trkpt>
      <trkpt lat="69.00271" lon="20.47516">
        <time>2026-04-09T09:24:00Z</time>
      </trkpt>
      <trkpt lat="69.00423" lon="20.47909">
        <time>2026-04-09T09:34:00Z</time>
      </trkpt>
      <trkpt lat="69.00421" lon="20.47911">
        <time>2026-04-09T09:44:00Z</time>
      </trkpt>
      <trkpt lat="69.0069" lon="20.48437">
        <time>2026-04-09T09:54:00Z</time>
      </trkpt>
      <trkpt lat="69.01264" lon="20.49267">
        <time>2026-04-09T10:04:00Z</time>
      </trkpt>
      <trkpt lat="69.0188" lon="20.50104">
        <time>2026-04-09T10:14:00Z</time>
      </trkpt>
      <trkpt lat="69.02368" lon="20.51162">
        <time>2026-04-09T10:24:00Z</time>
      </trkpt>
      <trkpt lat="69.02761" lon="20.51922">
        <time>2026-04-09T10:34:00Z</time>
      </trkpt>
      <trkpt lat="69.0418" lon="20.51422">
        <time>2026-04-09T10:44:00Z</time>
      </trkpt>
      <trkpt lat="69.04583" lon="20.51771">
        <time>2026-04-09T10:54:00Z</time>
      </trkpt>
      <trkpt lat="69.04948" lon="20.52435">
        <time>2026-04-09T11:04:00Z</time>
      </trkpt>
      <trkpt lat="69.05636" lon="20.53499">
        <time>2026-04-09T11:14:00Z</time>
      </trkpt>
      <trkpt lat="69.0599" lon="20.54859">
        <time>2026-04-09T11:24:00Z</time>
      </trkpt>
      <trkpt lat="69.05988" lon="20.54859">
        <time>2026-04-09T11:34:00Z</time>
      </trkpt>
      <trkpt lat="69.05987" lon="20.54861">
        <time>2026-04-09T11:36:00Z</time>
      </trkpt>
      <trkpt lat="69.05709" lon="20.56351">
        <time>2026-04-09T13:37:00Z</time>
      </trkpt>
      <trkpt lat="69.05288" lon="20.58739">
        <time>2026-04-09T13:47:00Z</time>
      </trkpt>
      <trkpt lat="69.05071" lon="20.60919">
        <time>2026-04-09T13:57:00Z</time>
      </trkpt>
      <trkpt lat="69.04724" lon="20.63286">
        <time>2026-04-09T14:07:00Z</time>
      </trkpt>
      <trkpt lat="69.04577" lon="20.65822">
        <time>2026-04-09T14:17:00Z</time>
      </trkpt>
      <trkpt lat="69.04548" lon="20.67444">
        <time>2026-04-09T14:27:00Z</time>
      </trkpt>
      <trkpt lat="69.04516" lon="20.70088">
        <time>2026-04-09T14:37:00Z</time>
      </trkpt>
      <trkpt lat="69.04482" lon="20.72581">
        <time>2026-04-09T14:47:00Z</time>
      </trkpt>
      <trkpt lat="69.0448" lon="20.75235">
        <time>2026-04-09T14:57:00Z</time>
      </trkpt>
      <trkpt lat="69.04612" lon="20.7777">
        <time>2026-04-09T15:07:00Z</time>
      </trkpt>
      <trkpt lat="69.04716" lon="20.79506">
        <time>2026-04-09T15:17:00Z</time>
      </trkpt>
      <trkpt lat="69.048" lon="20.79503">
        <time>2026-04-09T15:27:00Z</time>
      </trkpt>
      <trkpt lat="69.04811" lon="20.79814">
        <time>2026-04-09T15:37:00Z</time>
      </trkpt>
      <trkpt lat="69.04693" lon="20.80076">
        <time>2026-04-09T15:47:00Z</time>
      </trkpt>
      <trkpt lat="69.04714" lon="20.80072">
        <time>2026-04-09T15:57:00Z</time>
      </trkpt>
      <trkpt lat="69.04698" lon="20.80083">
        <time>2026-04-09T19:57:00Z</time>
      </trkpt>
    </trkseg>
  </trk>
</gpx>
