<?xml version="1.0" encoding="UTF-8"?>
<gpx xmlns="http://www.topografix.com/GPX/1/1" version="1.1" creator="VitaBandet">
  <metadata>
    <name>Noah Bovin's Band</name>
  </metadata>
  <trk>
    <name>Noah Bovin's Band</name>
    <trkseg>
      <trkpt lat="62.09879" lon="12.31264">
        <time>2026-02-28T09:38:00Z</time>
      </trkpt>
      <trkpt lat="62.09914" lon="12.32045">
        <time>2026-02-28T09:48:00Z</time>
      </trkpt>
      <trkpt lat="62.09924" lon="12.32262">
        <time>2026-02-28T09:58:00Z</time>
      </trkpt>
      <trkpt lat="62.1012" lon="12.33002">
        <time>2026-02-28T10:08:00Z</time>
      </trkpt>
      <trkpt lat="62.10516" lon="12.33275">
        <time>2026-02-28T10:18:00Z</time>
      </trkpt>
      <trkpt lat="62.1088" lon="12.3358">
        <time>2026-02-28T10:28:00Z</time>
      </trkpt>
      <trkpt lat="62.11325" lon="12.33887">
        <time>2026-02-28T10:38:00Z</time>
      </trkpt>
      <trkpt lat="62.11786" lon="12.34925">
        <time>2026-02-28T10:48:00Z</time>
      </trkpt>
      <trkpt lat="62.1232" lon="12.35416">
        <time>2026-02-28T10:58:00Z</time>
      </trkpt>
      <trkpt lat="62.12801" lon="12.35751">
        <time>2026-02-28T11:08:00Z</time>
      </trkpt>
      <trkpt lat="62.13371" lon="12.3611">
        <time>2026-02-28T11:18:00Z</time>
      </trkpt>
      <trkpt lat="62.13855" lon="12.36266">
        <time>2026-02-28T11:28:00Z</time>
      </trkpt>
      <trkpt lat="62.1459" lon="12.36747">
        <time>2026-02-28T11:38:00Z</time>
      </trkpt>
      <trkpt lat="62.1508" lon="12.37073">
        <time>2026-02-28T11:48:00Z</time>
      </trkpt>
      <trkpt lat="62.15707" lon="12.37552">
        <time>2026-02-28T11:58:00Z</time>
      </trkpt>
      <trkpt lat="62.16369" lon="12.3797">
        <time>2026-02-28T12:08:00Z</time>
      </trkpt>
      <trkpt lat="62.1721" lon="12.37981">
        <time>2026-02-28T12:18:00Z</time>
      </trkpt>
      <trkpt lat="62.18045" lon="12.38837">
        <time>2026-02-28T12:28:00Z</time>
      </trkpt>
      <trkpt lat="62.18398" lon="12.39073">
        <time>2026-02-28T12:38:00Z</time>
      </trkpt>
      <trkpt lat="62.18568" lon="12.39127">
        <time>2026-02-28T12:48:00Z</time>
      </trkpt>
      <trkpt lat="62.18984" lon="12.38978">
        <time>2026-02-28T12:58:00Z</time>
      </trkpt>
      <trkpt lat="62.19435" lon="12.38654">
        <time>2026-02-28T13:08:00Z</time>
      </trkpt>
      <trkpt lat="62.2004" lon="12.38225">
        <time>2026-02-28T13:18:00Z</time>
      </trkpt>
      <trkpt lat="62.20532" lon="12.37867">
        <time>2026-02-28T13:28:00Z</time>
      </trkpt>
      <trkpt lat="62.20971" lon="12.37086">
        <time>2026-02-28T13:38:00Z</time>
      </trkpt>
      <trkpt lat="62.21054" lon="12.36914">
        <time>2026-02-28T13:48:00Z</time>
      </trkpt>
      <trkpt lat="62.21507" lon="12.35953">
        <time>2026-02-28T13:58:00Z</time>
      </trkpt>
      <trkpt lat="62.21963" lon="12.35303">
        <time>2026-02-28T14:08:00Z</time>
      </trkpt>
      <trkpt lat="62.22414" lon="12.34848">
        <time>2026-02-28T14:18:00Z</time>
      </trkpt>
      <trkpt lat="62.22688" lon="12.35195">
        <time>2026-02-28T14:28:00Z</time>
      </trkpt>
      <trkpt lat="62.23159" lon="12.3523">
        <time>2026-02-28T14:38:00Z</time>
      </trkpt>
      <trkpt lat="62.23664" lon="12.34953">
        <time>2026-02-28T14:48:00Z</time>
      </trkpt>
      <trkpt lat="62.24257" lon="12.34788">
        <time>2026-02-28T14:58:00Z</time>
      </trkpt>
      <trkpt lat="62.24434" lon="12.34402">
        <time>2026-02-28T15:08:00Z</time>
      </trkpt>
      <trkpt lat="62.24354" lon="12.34421">
        <time>2026-02-28T15:18:00Z</time>
      </trkpt>
      <trkpt lat="62.24345" lon="12.34453">
        <time>2026-02-28T15:59:00Z</time>
      </trkpt>
      <trkpt lat="62.24357" lon="12.34425">
        <time>2026-03-01T08:28:00Z</time>
      </trkpt>
      <trkpt lat="62.24602" lon="12.3468">
        <time>2026-03-01T08:38:00Z</time>
      </trkpt>
      <trkpt lat="62.25111" lon="12.34878">
        <time>2026-03-01T08:48:00Z</time>
      </trkpt>
      <trkpt lat="62.2563" lon="12.35133">
        <time>2026-03-01T08:58:00Z</time>
      </trkpt>
      <trkpt lat="62.25998" lon="12.35582">
        <time>2026-03-01T09:08:00Z</time>
      </trkpt>
      <trkpt lat="62.25941" lon="12.36841">
        <time>2026-03-01T09:18:00Z</time>
      </trkpt>
      <trkpt lat="62.26142" lon="12.37818">
        <time>2026-03-01T09:28:00Z</time>
      </trkpt>
      <trkpt lat="62.26563" lon="12.38378">
        <time>2026-03-01T09:38:00Z</time>
      </trkpt>
      <trkpt lat="62.26775" lon="12.38571">
        <time>2026-03-01T09:43:00Z</time>
      </trkpt>
      <trkpt lat="62.26774" lon="12.38566">
        <time>2026-03-01T09:43:00Z</time>
      </trkpt>
      <trkpt lat="62.27249" lon="12.38948">
        <time>2026-03-01T09:53:00Z</time>
      </trkpt>
      <trkpt lat="62.27841" lon="12.39427">
        <time>2026-03-01T10:03:00Z</time>
      </trkpt>
      <trkpt lat="62.28081" lon="12.39839">
        <time>2026-03-01T10:13:00Z</time>
      </trkpt>
      <trkpt lat="62.28082" lon="12.39832">
        <time>2026-03-01T10:23:00Z</time>
      </trkpt>
      <trkpt lat="62.28325" lon="12.40032">
        <time>2026-03-01T10:43:00Z</time>
      </trkpt>
      <trkpt lat="62.28681" lon="12.40146">
        <time>2026-03-01T10:53:00Z</time>
      </trkpt>
      <trkpt lat="62.29016" lon="12.40564">
        <time>2026-03-01T11:03:00Z</time>
      </trkpt>
      <trkpt lat="62.29242" lon="12.41176">
        <time>2026-03-01T11:13:00Z</time>
      </trkpt>
      <trkpt lat="62.29283" lon="12.41804">
        <time>2026-03-01T11:23:00Z</time>
      </trkpt>
      <trkpt lat="62.29317" lon="12.42193">
        <time>2026-03-01T11:33:00Z</time>
      </trkpt>
      <trkpt lat="62.2978" lon="12.43253">
        <time>2026-03-01T11:43:00Z</time>
      </trkpt>
      <trkpt lat="62.30384" lon="12.43495">
        <time>2026-03-01T11:53:00Z</time>
      </trkpt>
      <trkpt lat="62.30754" lon="12.43802">
        <time>2026-03-01T12:03:00Z</time>
      </trkpt>
      <trkpt lat="62.31311" lon="12.4427">
        <time>2026-03-01T12:13:00Z</time>
      </trkpt>
      <trkpt lat="62.31737" lon="12.44635">
        <time>2026-03-01T12:23:00Z</time>
      </trkpt>
      <trkpt lat="62.32008" lon="12.43761">
        <time>2026-03-01T12:33:00Z</time>
      </trkpt>
      <trkpt lat="62.32212" lon="12.43131">
        <time>2026-03-01T12:43:00Z</time>
      </trkpt>
      <trkpt lat="62.32598" lon="12.41907">
        <time>2026-03-01T12:53:00Z</time>
      </trkpt>
      <trkpt lat="62.32932" lon="12.40847">
        <time>2026-03-01T13:03:00Z</time>
      </trkpt>
      <trkpt lat="62.33266" lon="12.39792">
        <time>2026-03-01T13:13:00Z</time>
      </trkpt>
      <trkpt lat="62.33567" lon="12.3883">
        <time>2026-03-01T13:23:00Z</time>
      </trkpt>
      <trkpt lat="62.33962" lon="12.37878">
        <time>2026-03-01T13:33:00Z</time>
      </trkpt>
      <trkpt lat="62.34228" lon="12.37283">
        <time>2026-03-01T13:43:00Z</time>
      </trkpt>
      <trkpt lat="62.34666" lon="12.3632">
        <time>2026-03-01T13:53:00Z</time>
      </trkpt>
      <trkpt lat="62.35117" lon="12.35346">
        <time>2026-03-01T14:03:00Z</time>
      </trkpt>
      <trkpt lat="62.35535" lon="12.34511">
        <time>2026-03-01T14:13:00Z</time>
      </trkpt>
      <trkpt lat="62.35781" lon="12.34138">
        <time>2026-03-01T14:23:00Z</time>
      </trkpt>
      <trkpt lat="62.36402" lon="12.34112">
        <time>2026-03-01T14:33:00Z</time>
      </trkpt>
      <trkpt lat="62.36891" lon="12.33691">
        <time>2026-03-01T14:43:00Z</time>
      </trkpt>
      <trkpt lat="62.3739" lon="12.32927">
        <time>2026-03-01T14:53:00Z</time>
      </trkpt>
      <trkpt lat="62.3773" lon="12.31927">
        <time>2026-03-01T15:03:00Z</time>
      </trkpt>
      <trkpt lat="62.38033" lon="12.30773">
        <time>2026-03-01T15:13:00Z</time>
      </trkpt>
      <trkpt lat="62.38415" lon="12.29898">
        <time>2026-03-01T15:23:00Z</time>
      </trkpt>
      <trkpt lat="62.38741" lon="12.29056">
        <time>2026-03-01T15:33:00Z</time>
      </trkpt>
      <trkpt lat="62.38789" lon="12.28803">
        <time>2026-03-01T15:43:00Z</time>
      </trkpt>
      <trkpt lat="62.38797" lon="12.28814">
        <time>2026-03-01T15:48:00Z</time>
      </trkpt>
      <trkpt lat="62.38784" lon="12.28771">
        <time>2026-03-02T08:15:00Z</time>
      </trkpt>
      <trkpt lat="62.39297" lon="12.2822">
        <time>2026-03-02T08:25:00Z</time>
      </trkpt>
      <trkpt lat="62.39592" lon="12.28087">
        <time>2026-03-02T08:35:00Z</time>
      </trkpt>
      <trkpt lat="62.39981" lon="12.27765">
        <time>2026-03-02T08:45:00Z</time>
      </trkpt>
      <trkpt lat="62.40505" lon="12.27415">
        <time>2026-03-02T08:55:00Z</time>
      </trkpt>
      <trkpt lat="62.41035" lon="12.27469">
        <time>2026-03-02T09:05:00Z</time>
      </trkpt>
      <trkpt lat="62.41477" lon="12.27853">
        <time>2026-03-02T09:15:00Z</time>
      </trkpt>
      <trkpt lat="62.41824" lon="12.28069">
        <time>2026-03-02T09:25:00Z</time>
      </trkpt>
      <trkpt lat="62.42108" lon="12.28726">
        <time>2026-03-02T09:35:00Z</time>
      </trkpt>
      <trkpt lat="62.42496" lon="12.29155">
        <time>2026-03-02T09:45:00Z</time>
      </trkpt>
      <trkpt lat="62.42806" lon="12.29486">
        <time>2026-03-02T09:55:00Z</time>
      </trkpt>
      <trkpt lat="62.42919" lon="12.29623">
        <time>2026-03-02T10:05:00Z</time>
      </trkpt>
      <trkpt lat="62.43248" lon="12.29546">
        <time>2026-03-02T10:15:00Z</time>
      </trkpt>
      <trkpt lat="62.43743" lon="12.29247">
        <time>2026-03-02T10:25:00Z</time>
      </trkpt>
      <trkpt lat="62.44147" lon="12.28634">
        <time>2026-03-02T10:35:00Z</time>
      </trkpt>
      <trkpt lat="62.44587" lon="12.28902">
        <time>2026-03-02T10:45:00Z</time>
      </trkpt>
      <trkpt lat="62.44926" lon="12.2823">
        <time>2026-03-02T10:55:00Z</time>
      </trkpt>
      <trkpt lat="62.45389" lon="12.28069">
        <time>2026-03-02T11:05:00Z</time>
      </trkpt>
      <trkpt lat="62.45728" lon="12.28202">
        <time>2026-03-02T11:15:00Z</time>
      </trkpt>
      <trkpt lat="62.46133" lon="12.28357">
        <time>2026-03-02T11:25:00Z</time>
      </trkpt>
      <trkpt lat="62.46457" lon="12.28632">
        <time>2026-03-02T11:35:00Z</time>
      </trkpt>
      <trkpt lat="62.46648" lon="12.28359">
        <time>2026-03-02T11:45:00Z</time>
      </trkpt>
      <trkpt lat="62.46716" lon="12.28421">
        <time>2026-03-02T11:55:00Z</time>
      </trkpt>
      <trkpt lat="62.46869" lon="12.28494">
        <time>2026-03-02T12:05:00Z</time>
      </trkpt>
      <trkpt lat="62.46968" lon="12.28606">
        <time>2026-03-02T12:15:00Z</time>
      </trkpt>
      <trkpt lat="62.4705" lon="12.28705">
        <time>2026-03-02T12:25:00Z</time>
      </trkpt>
      <trkpt lat="62.4715" lon="12.28833">
        <time>2026-03-02T12:35:00Z</time>
      </trkpt>
      <trkpt lat="62.47227" lon="12.28885">
        <time>2026-03-02T12:45:00Z</time>
      </trkpt>
      <trkpt lat="62.47498" lon="12.28456">
        <time>2026-03-02T13:05:00Z</time>
      </trkpt>
      <trkpt lat="62.47788" lon="12.27702">
        <time>2026-03-02T13:15:00Z</time>
      </trkpt>
      <trkpt lat="62.48165" lon="12.27284">
        <time>2026-03-02T13:25:00Z</time>
      </trkpt>
      <trkpt lat="62.48632" lon="12.27093">
        <time>2026-03-02T13:35:00Z</time>
      </trkpt>
      <trkpt lat="62.49225" lon="12.26943">
        <time>2026-03-02T13:45:00Z</time>
      </trkpt>
      <trkpt lat="62.49867" lon="12.27061">
        <time>2026-03-02T13:55:00Z</time>
      </trkpt>
      <trkpt lat="62.50343" lon="12.27241">
        <time>2026-03-02T14:05:00Z</time>
      </trkpt>
      <trkpt lat="62.50922" lon="12.27496">
        <time>2026-03-02T14:15:00Z</time>
      </trkpt>
      <trkpt lat="62.51487" lon="12.28228">
        <time>2026-03-02T14:25:00Z</time>
      </trkpt>
      <trkpt lat="62.52336" lon="12.29052">
        <time>2026-03-02T14:35:00Z</time>
      </trkpt>
      <trkpt lat="62.52797" lon="12.29814">
        <time>2026-03-02T14:45:00Z</time>
      </trkpt>
      <trkpt lat="62.53081" lon="12.30925">
        <time>2026-03-02T14:55:00Z</time>
      </trkpt>
      <trkpt lat="62.53799" lon="12.31546">
        <time>2026-03-02T15:05:00Z</time>
      </trkpt>
      <trkpt lat="62.5411" lon="12.32206">
        <time>2026-03-02T15:15:00Z</time>
      </trkpt>
      <trkpt lat="62.54297" lon="12.33121">
        <time>2026-03-02T15:25:00Z</time>
      </trkpt>
      <trkpt lat="62.54425" lon="12.33361">
        <time>2026-03-02T15:35:00Z</time>
      </trkpt>
      <trkpt lat="62.54431" lon="12.33754">
        <time>2026-03-02T15:45:00Z</time>
      </trkpt>
      <trkpt lat="62.54409" lon="12.33766">
        <time>2026-03-02T15:55:00Z</time>
      </trkpt>
      <trkpt lat="62.54409" lon="12.33756">
        <time>2026-03-02T16:11:00Z</time>
      </trkpt>
      <trkpt lat="62.54441" lon="12.33844">
        <time>2026-03-03T08:41:00Z</time>
      </trkpt>
      <trkpt lat="62.54659" lon="12.34552">
        <time>2026-03-03T08:51:00Z</time>
      </trkpt>
      <trkpt lat="62.5489" lon="12.34822">
        <time>2026-03-03T09:01:00Z</time>
      </trkpt>
      <trkpt lat="62.55237" lon="12.34826">
        <time>2026-03-03T09:11:00Z</time>
      </trkpt>
      <trkpt lat="62.55585" lon="12.35052">
        <time>2026-03-03T09:21:00Z</time>
      </trkpt>
      <trkpt lat="62.5596" lon="12.35359">
        <time>2026-03-03T09:31:00Z</time>
      </trkpt>
      <trkpt lat="62.5616" lon="12.34794">
        <time>2026-03-03T09:41:00Z</time>
      </trkpt>
      <trkpt lat="62.56489" lon="12.34165">
        <time>2026-03-03T09:51:00Z</time>
      </trkpt>
      <trkpt lat="62.56904" lon="12.33522">
        <time>2026-03-03T10:01:00Z</time>
      </trkpt>
      <trkpt lat="62.57059" lon="12.33052">
        <time>2026-03-03T10:11:00Z</time>
      </trkpt>
      <trkpt lat="62.57558" lon="12.32835">
        <time>2026-03-03T10:21:00Z</time>
      </trkpt>
      <trkpt lat="62.58189" lon="12.33075">
        <time>2026-03-03T10:31:00Z</time>
      </trkpt>
      <trkpt lat="62.58695" lon="12.32977">
        <time>2026-03-03T10:41:00Z</time>
      </trkpt>
      <trkpt lat="62.5919" lon="12.32805">
        <time>2026-03-03T10:51:00Z</time>
      </trkpt>
      <trkpt lat="62.59447" lon="12.33054">
        <time>2026-03-03T11:01:00Z</time>
      </trkpt>
      <trkpt lat="62.59674" lon="12.33005">
        <time>2026-03-03T11:11:00Z</time>
      </trkpt>
      <trkpt lat="62.60381" lon="12.32947">
        <time>2026-03-03T11:21:00Z</time>
      </trkpt>
      <trkpt lat="62.60726" lon="12.32872">
        <time>2026-03-03T11:31:00Z</time>
      </trkpt>
      <trkpt lat="62.61163" lon="12.32769">
        <time>2026-03-03T11:41:00Z</time>
      </trkpt>
      <trkpt lat="62.61558" lon="12.3303">
        <time>2026-03-03T11:51:00Z</time>
      </trkpt>
      <trkpt lat="62.6196" lon="12.34251">
        <time>2026-03-03T12:01:00Z</time>
      </trkpt>
      <trkpt lat="62.62263" lon="12.34998">
        <time>2026-03-03T12:11:00Z</time>
      </trkpt>
      <trkpt lat="62.62594" lon="12.3553">
        <time>2026-03-03T12:21:00Z</time>
      </trkpt>
      <trkpt lat="62.62727" lon="12.36193">
        <time>2026-03-03T12:31:00Z</time>
      </trkpt>
      <trkpt lat="62.62748" lon="12.36498">
        <time>2026-03-03T12:45:00Z</time>
      </trkpt>
      <trkpt lat="62.6274" lon="12.36502">
        <time>2026-03-03T12:56:00Z</time>
      </trkpt>
      <trkpt lat="62.63311" lon="12.35992">
        <time>2026-03-03T13:16:00Z</time>
      </trkpt>
      <trkpt lat="62.63604" lon="12.36865">
        <time>2026-03-03T13:26:00Z</time>
      </trkpt>
      <trkpt lat="62.6422" lon="12.40148">
        <time>2026-03-03T13:36:00Z</time>
      </trkpt>
      <trkpt lat="62.63979" lon="12.41307">
        <time>2026-03-03T13:46:00Z</time>
      </trkpt>
      <trkpt lat="62.63952" lon="12.41796">
        <time>2026-03-04T09:07:00Z</time>
      </trkpt>
      <trkpt lat="62.64217" lon="12.41562">
        <time>2026-03-04T09:17:00Z</time>
      </trkpt>
      <trkpt lat="62.64514" lon="12.42598">
        <time>2026-03-04T09:27:00Z</time>
      </trkpt>
      <trkpt lat="62.65054" lon="12.42639">
        <time>2026-03-04T09:37:00Z</time>
      </trkpt>
      <trkpt lat="62.65864" lon="12.42843">
        <time>2026-03-04T09:47:00Z</time>
      </trkpt>
      <trkpt lat="62.66376" lon="12.4307">
        <time>2026-03-04T09:57:00Z</time>
      </trkpt>
      <trkpt lat="62.66888" lon="12.43043">
        <time>2026-03-04T10:07:00Z</time>
      </trkpt>
      <trkpt lat="62.67517" lon="12.42912">
        <time>2026-03-04T10:17:00Z</time>
      </trkpt>
      <trkpt lat="62.68124" lon="12.41787">
        <time>2026-03-04T10:27:00Z</time>
      </trkpt>
      <trkpt lat="62.68694" lon="12.41313">
        <time>2026-03-04T10:37:00Z</time>
      </trkpt>
      <trkpt lat="62.69439" lon="12.41096">
        <time>2026-03-04T10:47:00Z</time>
      </trkpt>
      <trkpt lat="62.69987" lon="12.40058">
        <time>2026-03-04T10:57:00Z</time>
      </trkpt>
      <trkpt lat="62.70547" lon="12.39734">
        <time>2026-03-04T11:07:00Z</time>
      </trkpt>
      <trkpt lat="62.70731" lon="12.38618">
        <time>2026-03-04T11:17:00Z</time>
      </trkpt>
      <trkpt lat="62.70965" lon="12.38408">
        <time>2026-03-04T11:27:00Z</time>
      </trkpt>
      <trkpt lat="62.71186" lon="12.3865">
        <time>2026-03-04T11:37:00Z</time>
      </trkpt>
      <trkpt lat="62.71252" lon="12.38672">
        <time>2026-03-04T11:47:00Z</time>
      </trkpt>
      <trkpt lat="62.71355" lon="12.38826">
        <time>2026-03-04T11:57:00Z</time>
      </trkpt>
      <trkpt lat="62.71565" lon="12.38942">
        <time>2026-03-04T12:07:00Z</time>
      </trkpt>
      <trkpt lat="62.71713" lon="12.38903">
        <time>2026-03-04T12:17:00Z</time>
      </trkpt>
      <trkpt lat="62.71929" lon="12.39137">
        <time>2026-03-04T12:27:00Z</time>
      </trkpt>
      <trkpt lat="62.72177" lon="12.39517">
        <time>2026-03-04T12:37:00Z</time>
      </trkpt>
      <trkpt lat="62.72517" lon="12.3953">
        <time>2026-03-04T12:47:00Z</time>
      </trkpt>
      <trkpt lat="62.72881" lon="12.39354">
        <time>2026-03-04T12:57:00Z</time>
      </trkpt>
      <trkpt lat="62.73281" lon="12.39169">
        <time>2026-03-04T13:07:00Z</time>
      </trkpt>
      <trkpt lat="62.73759" lon="12.38687">
        <time>2026-03-04T13:17:00Z</time>
      </trkpt>
      <trkpt lat="62.74112" lon="12.38285">
        <time>2026-03-04T13:27:00Z</time>
      </trkpt>
      <trkpt lat="62.74418" lon="12.37923">
        <time>2026-03-04T13:37:00Z</time>
      </trkpt>
      <trkpt lat="62.749" lon="12.37476">
        <time>2026-03-04T13:47:00Z</time>
      </trkpt>
      <trkpt lat="62.75333" lon="12.36906">
        <time>2026-03-04T13:57:00Z</time>
      </trkpt>
      <trkpt lat="62.75727" lon="12.36384">
        <time>2026-03-04T14:07:00Z</time>
      </trkpt>
      <trkpt lat="62.76128" lon="12.3585">
        <time>2026-03-04T14:17:00Z</time>
      </trkpt>
      <trkpt lat="62.76519" lon="12.35331">
        <time>2026-03-04T14:27:00Z</time>
      </trkpt>
      <trkpt lat="62.76653" lon="12.35174">
        <time>2026-03-04T14:37:00Z</time>
      </trkpt>
      <trkpt lat="62.76655" lon="12.3517">
        <time>2026-03-04T14:47:00Z</time>
      </trkpt>
      <trkpt lat="62.77075" lon="12.35783">
        <time>2026-03-04T15:07:00Z</time>
      </trkpt>
      <trkpt lat="62.77738" lon="12.36599">
        <time>2026-03-04T15:17:00Z</time>
      </trkpt>
      <trkpt lat="62.7843" lon="12.37723">
        <time>2026-03-04T15:27:00Z</time>
      </trkpt>
      <trkpt lat="62.79182" lon="12.39129">
        <time>2026-03-04T15:37:00Z</time>
      </trkpt>
      <trkpt lat="62.79537" lon="12.39963">
        <time>2026-03-04T15:47:00Z</time>
      </trkpt>
      <trkpt lat="62.79749" lon="12.40448">
        <time>2026-03-04T15:57:00Z</time>
      </trkpt>
      <trkpt lat="62.80056" lon="12.41152">
        <time>2026-03-04T16:07:00Z</time>
      </trkpt>
      <trkpt lat="62.80424" lon="12.41807">
        <time>2026-03-04T16:17:00Z</time>
      </trkpt>
      <trkpt lat="62.80777" lon="12.42444">
        <time>2026-03-04T16:27:00Z</time>
      </trkpt>
      <trkpt lat="62.81053" lon="12.42944">
        <time>2026-03-04T16:37:00Z</time>
      </trkpt>
      <trkpt lat="62.81314" lon="12.43392">
        <time>2026-03-04T16:47:00Z</time>
      </trkpt>
      <trkpt lat="62.81715" lon="12.44103">
        <time>2026-03-04T16:57:00Z</time>
      </trkpt>
      <trkpt lat="62.81819" lon="12.44581">
        <time>2026-03-05T08:41:00Z</time>
      </trkpt>
      <trkpt lat="62.82242" lon="12.44862">
        <time>2026-03-05T08:51:00Z</time>
      </trkpt>
      <trkpt lat="62.82766" lon="12.45542">
        <time>2026-03-05T09:01:00Z</time>
      </trkpt>
      <trkpt lat="62.83345" lon="12.46147">
        <time>2026-03-05T09:11:00Z</time>
      </trkpt>
      <trkpt lat="62.84026" lon="12.46965">
        <time>2026-03-05T09:21:00Z</time>
      </trkpt>
      <trkpt lat="62.84633" lon="12.47658">
        <time>2026-03-05T09:31:00Z</time>
      </trkpt>
      <trkpt lat="62.85195" lon="12.4807">
        <time>2026-03-05T09:41:00Z</time>
      </trkpt>
      <trkpt lat="62.85562" lon="12.4837">
        <time>2026-03-05T09:51:00Z</time>
      </trkpt>
      <trkpt lat="62.86172" lon="12.4889">
        <time>2026-03-05T10:01:00Z</time>
      </trkpt>
      <trkpt lat="62.86688" lon="12.4933">
        <time>2026-03-05T10:11:00Z</time>
      </trkpt>
      <trkpt lat="62.87323" lon="12.49991">
        <time>2026-03-05T10:21:00Z</time>
      </trkpt>
      <trkpt lat="62.87771" lon="12.50355">
        <time>2026-03-05T10:31:00Z</time>
      </trkpt>
      <trkpt lat="62.88067" lon="12.50503">
        <time>2026-03-05T10:41:00Z</time>
      </trkpt>
      <trkpt lat="62.88208" lon="12.50593">
        <time>2026-03-05T10:51:00Z</time>
      </trkpt>
      <trkpt lat="62.88575" lon="12.50761">
        <time>2026-03-05T11:01:00Z</time>
      </trkpt>
      <trkpt lat="62.88871" lon="12.50911">
        <time>2026-03-05T11:11:00Z</time>
      </trkpt>
      <trkpt lat="62.89185" lon="12.51068">
        <time>2026-03-05T11:21:00Z</time>
      </trkpt>
      <trkpt lat="62.89641" lon="12.51392">
        <time>2026-03-05T11:31:00Z</time>
      </trkpt>
      <trkpt lat="62.90035" lon="12.51778">
        <time>2026-03-05T11:41:00Z</time>
      </trkpt>
      <trkpt lat="62.9072" lon="12.52392">
        <time>2026-03-05T11:51:00Z</time>
      </trkpt>
      <trkpt lat="62.91181" lon="12.53917">
        <time>2026-03-05T12:01:00Z</time>
      </trkpt>
      <trkpt lat="62.91196" lon="12.52829">
        <time>2026-03-05T12:11:00Z</time>
      </trkpt>
      <trkpt lat="62.90271" lon="12.52001">
        <time>2026-03-05T12:21:00Z</time>
      </trkpt>
      <trkpt lat="62.90922" lon="12.52565">
        <time>2026-03-05T12:31:00Z</time>
      </trkpt>
      <trkpt lat="62.91157" lon="12.54108">
        <time>2026-03-05T12:41:00Z</time>
      </trkpt>
      <trkpt lat="62.91029" lon="12.55876">
        <time>2026-03-05T12:51:00Z</time>
      </trkpt>
      <trkpt lat="62.91067" lon="12.57653">
        <time>2026-03-05T13:01:00Z</time>
      </trkpt>
      <trkpt lat="62.91468" lon="12.59252">
        <time>2026-03-05T13:11:00Z</time>
      </trkpt>
      <trkpt lat="62.91743" lon="12.60676">
        <time>2026-03-05T13:21:00Z</time>
      </trkpt>
      <trkpt lat="62.92026" lon="12.61455">
        <time>2026-03-05T13:31:00Z</time>
      </trkpt>
      <trkpt lat="62.92313" lon="12.62176">
        <time>2026-03-05T13:41:00Z</time>
      </trkpt>
      <trkpt lat="62.92699" lon="12.63017">
        <time>2026-03-05T13:51:00Z</time>
      </trkpt>
      <trkpt lat="62.93209" lon="12.63601">
        <time>2026-03-05T14:01:00Z</time>
      </trkpt>
      <trkpt lat="62.93785" lon="12.6412">
        <time>2026-03-05T14:11:00Z</time>
      </trkpt>
      <trkpt lat="62.94377" lon="12.64183">
        <time>2026-03-05T14:21:00Z</time>
      </trkpt>
      <trkpt lat="62.94965" lon="12.64022">
        <time>2026-03-05T14:31:00Z</time>
      </trkpt>
      <trkpt lat="62.95438" lon="12.64095">
        <time>2026-03-05T14:41:00Z</time>
      </trkpt>
      <trkpt lat="62.95904" lon="12.64655">
        <time>2026-03-05T14:51:00Z</time>
      </trkpt>
      <trkpt lat="62.96471" lon="12.65153">
        <time>2026-03-05T15:01:00Z</time>
      </trkpt>
      <trkpt lat="62.97195" lon="12.65588">
        <time>2026-03-05T15:11:00Z</time>
      </trkpt>
      <trkpt lat="62.97584" lon="12.65625">
        <time>2026-03-05T15:19:00Z</time>
      </trkpt>
      <trkpt lat="62.97585" lon="12.65683">
        <time>2026-03-06T07:59:00Z</time>
      </trkpt>
      <trkpt lat="62.98001" lon="12.66708">
        <time>2026-03-06T08:09:00Z</time>
      </trkpt>
      <trkpt lat="62.98389" lon="12.6768">
        <time>2026-03-06T08:19:00Z</time>
      </trkpt>
      <trkpt lat="62.98683" lon="12.68429">
        <time>2026-03-06T08:29:00Z</time>
      </trkpt>
      <trkpt lat="62.99024" lon="12.6945">
        <time>2026-03-06T08:39:00Z</time>
      </trkpt>
      <trkpt lat="62.99279" lon="12.70792">
        <time>2026-03-06T08:49:00Z</time>
      </trkpt>
      <trkpt lat="62.9955" lon="12.72442">
        <time>2026-03-06T08:59:00Z</time>
      </trkpt>
      <trkpt lat="62.99899" lon="12.73755">
        <time>2026-03-06T09:09:00Z</time>
      </trkpt>
      <trkpt lat="63.00326" lon="12.74364">
        <time>2026-03-06T09:19:00Z</time>
      </trkpt>
      <trkpt lat="63.00874" lon="12.74989">
        <time>2026-03-06T09:29:00Z</time>
      </trkpt>
      <trkpt lat="63.01369" lon="12.75587">
        <time>2026-03-06T09:39:00Z</time>
      </trkpt>
      <trkpt lat="63.0184" lon="12.7625">
        <time>2026-03-06T09:49:00Z</time>
      </trkpt>
      <trkpt lat="63.02515" lon="12.766">
        <time>2026-03-06T09:59:00Z</time>
      </trkpt>
      <trkpt lat="63.03053" lon="12.7731">
        <time>2026-03-06T10:09:00Z</time>
      </trkpt>
      <trkpt lat="63.03518" lon="12.78727">
        <time>2026-03-06T10:19:00Z</time>
      </trkpt>
      <trkpt lat="63.03907" lon="12.79452">
        <time>2026-03-06T10:29:00Z</time>
      </trkpt>
      <trkpt lat="63.04546" lon="12.79443">
        <time>2026-03-06T10:39:00Z</time>
      </trkpt>
      <trkpt lat="63.05164" lon="12.79362">
        <time>2026-03-06T10:49:00Z</time>
      </trkpt>
      <trkpt lat="63.05731" lon="12.79512">
        <time>2026-03-06T10:59:00Z</time>
      </trkpt>
      <trkpt lat="63.06318" lon="12.7993">
        <time>2026-03-06T11:09:00Z</time>
      </trkpt>
      <trkpt lat="63.06984" lon="12.80793">
        <time>2026-03-06T11:19:00Z</time>
      </trkpt>
      <trkpt lat="63.0744" lon="12.81287">
        <time>2026-03-06T11:29:00Z</time>
      </trkpt>
      <trkpt lat="63.08012" lon="12.81943">
        <time>2026-03-06T11:39:00Z</time>
      </trkpt>
      <trkpt lat="63.08659" lon="12.81984">
        <time>2026-03-06T11:49:00Z</time>
      </trkpt>
      <trkpt lat="63.09048" lon="12.81684">
        <time>2026-03-06T11:59:00Z</time>
      </trkpt>
      <trkpt lat="63.09473" lon="12.81147">
        <time>2026-03-06T12:09:00Z</time>
      </trkpt>
      <trkpt lat="63.09897" lon="12.81035">
        <time>2026-03-06T12:19:00Z</time>
      </trkpt>
      <trkpt lat="63.11027" lon="12.82168">
        <time>2026-03-06T12:29:00Z</time>
      </trkpt>
      <trkpt lat="63.11189" lon="12.83372">
        <time>2026-03-06T12:39:00Z</time>
      </trkpt>
      <trkpt lat="63.11545" lon="12.84344">
        <time>2026-03-06T12:49:00Z</time>
      </trkpt>
      <trkpt lat="63.1166" lon="12.85816">
        <time>2026-03-06T12:59:00Z</time>
      </trkpt>
      <trkpt lat="63.11997" lon="12.86316">
        <time>2026-03-06T13:09:00Z</time>
      </trkpt>
      <trkpt lat="63.1247" lon="12.86859">
        <time>2026-03-06T13:19:00Z</time>
      </trkpt>
      <trkpt lat="63.13077" lon="12.87269">
        <time>2026-03-06T13:29:00Z</time>
      </trkpt>
      <trkpt lat="63.13395" lon="12.88561">
        <time>2026-03-06T13:39:00Z</time>
      </trkpt>
      <trkpt lat="63.13789" lon="12.89902">
        <time>2026-03-06T13:49:00Z</time>
      </trkpt>
      <trkpt lat="63.14355" lon="12.90355">
        <time>2026-03-06T13:59:00Z</time>
      </trkpt>
      <trkpt lat="63.14896" lon="12.91479">
        <time>2026-03-06T14:09:00Z</time>
      </trkpt>
      <trkpt lat="63.14883" lon="12.92762">
        <time>2026-03-06T14:19:00Z</time>
      </trkpt>
      <trkpt lat="63.14858" lon="12.93743">
        <time>2026-03-06T14:29:00Z</time>
      </trkpt>
      <trkpt lat="63.14534" lon="12.9515">
        <time>2026-03-06T14:39:00Z</time>
      </trkpt>
      <trkpt lat="63.14543" lon="12.95901">
        <time>2026-03-06T14:49:00Z</time>
      </trkpt>
      <trkpt lat="63.14885" lon="12.96631">
        <time>2026-03-06T14:59:00Z</time>
      </trkpt>
      <trkpt lat="63.14881" lon="12.96622">
        <time>2026-03-06T15:08:00Z</time>
      </trkpt>
      <trkpt lat="63.14853" lon="12.96732">
        <time>2026-03-06T19:04:00Z</time>
      </trkpt>
      <trkpt lat="63.14857" lon="12.9668">
        <time>2026-03-07T02:38:00Z</time>
      </trkpt>
      <trkpt lat="63.14885" lon="12.96663">
        <time>2026-03-07T03:07:00Z</time>
      </trkpt>
      <trkpt lat="63.14862" lon="12.96723">
        <time>2026-03-07T07:33:00Z</time>
      </trkpt>
      <trkpt lat="63.14863" lon="12.96712">
        <time>2026-03-07T08:33:00Z</time>
      </trkpt>
      <trkpt lat="63.14896" lon="12.96689">
        <time>2026-03-07T09:28:00Z</time>
      </trkpt>
      <trkpt lat="63.14885" lon="12.96637">
        <time>2026-03-07T09:50:00Z</time>
      </trkpt>
      <trkpt lat="63.14889" lon="12.96655">
        <time>2026-03-07T09:50:00Z</time>
      </trkpt>
      <trkpt lat="63.1494" lon="12.978">
        <time>2026-03-07T10:00:00Z</time>
      </trkpt>
      <trkpt lat="63.15161" lon="12.98828">
        <time>2026-03-07T10:10:00Z</time>
      </trkpt>
      <trkpt lat="63.15374" lon="13.00236">
        <time>2026-03-07T10:20:00Z</time>
      </trkpt>
      <trkpt lat="63.15564" lon="13.01493">
        <time>2026-03-07T10:30:00Z</time>
      </trkpt>
      <trkpt lat="63.15715" lon="13.03034">
        <time>2026-03-07T10:40:00Z</time>
      </trkpt>
      <trkpt lat="63.1602" lon="13.04435">
        <time>2026-03-07T10:50:00Z</time>
      </trkpt>
      <trkpt lat="63.16425" lon="13.05497">
        <time>2026-03-07T11:00:00Z</time>
      </trkpt>
      <trkpt lat="63.16722" lon="13.06126">
        <time>2026-03-07T11:10:00Z</time>
      </trkpt>
      <trkpt lat="63.17147" lon="13.06115">
        <time>2026-03-07T11:20:00Z</time>
      </trkpt>
      <trkpt lat="63.17515" lon="13.06096">
        <time>2026-03-07T11:30:00Z</time>
      </trkpt>
      <trkpt lat="63.18134" lon="13.06444">
        <time>2026-03-07T11:40:00Z</time>
      </trkpt>
      <trkpt lat="63.18634" lon="13.0624">
        <time>2026-03-07T11:50:00Z</time>
      </trkpt>
      <trkpt lat="63.19181" lon="13.05613">
        <time>2026-03-07T12:00:00Z</time>
      </trkpt>
      <trkpt lat="63.19606" lon="13.05422">
        <time>2026-03-07T12:10:00Z</time>
      </trkpt>
      <trkpt lat="63.20153" lon="13.05317">
        <time>2026-03-07T12:20:00Z</time>
      </trkpt>
      <trkpt lat="63.20767" lon="13.05135">
        <time>2026-03-07T12:30:00Z</time>
      </trkpt>
      <trkpt lat="63.20905" lon="13.05615">
        <time>2026-03-07T12:40:00Z</time>
      </trkpt>
      <trkpt lat="63.20907" lon="13.05613">
        <time>2026-03-07T12:50:00Z</time>
      </trkpt>
      <trkpt lat="63.20738" lon="13.06579">
        <time>2026-03-07T13:20:00Z</time>
      </trkpt>
      <trkpt lat="63.20504" lon="13.08171">
        <time>2026-03-07T13:30:00Z</time>
      </trkpt>
      <trkpt lat="63.20478" lon="13.09724">
        <time>2026-03-07T13:40:00Z</time>
      </trkpt>
      <trkpt lat="63.20318" lon="13.11214">
        <time>2026-03-07T13:50:00Z</time>
      </trkpt>
      <trkpt lat="63.20423" lon="13.124">
        <time>2026-03-07T14:00:00Z</time>
      </trkpt>
      <trkpt lat="63.20484" lon="13.13065">
        <time>2026-03-07T14:10:00Z</time>
      </trkpt>
      <trkpt lat="63.20579" lon="13.14514">
        <time>2026-03-07T14:20:00Z</time>
      </trkpt>
      <trkpt lat="63.20604" lon="13.16205">
        <time>2026-03-07T14:30:00Z</time>
      </trkpt>
      <trkpt lat="63.20869" lon="13.17119">
        <time>2026-03-07T14:40:00Z</time>
      </trkpt>
      <trkpt lat="63.21374" lon="13.17078">
        <time>2026-03-07T14:50:00Z</time>
      </trkpt>
      <trkpt lat="63.21922" lon="13.16921">
        <time>2026-03-07T15:00:00Z</time>
      </trkpt>
      <trkpt lat="63.22336" lon="13.18009">
        <time>2026-03-07T15:10:00Z</time>
      </trkpt>
      <trkpt lat="63.22082" lon="13.19161">
        <time>2026-03-07T15:20:00Z</time>
      </trkpt>
      <trkpt lat="63.22326" lon="13.19979">
        <time>2026-03-07T15:30:00Z</time>
      </trkpt>
      <trkpt lat="63.22672" lon="13.2117">
        <time>2026-03-07T15:40:00Z</time>
      </trkpt>
      <trkpt lat="63.22885" lon="13.22065">
        <time>2026-03-07T15:50:00Z</time>
      </trkpt>
      <trkpt lat="63.23305" lon="13.22756">
        <time>2026-03-07T16:00:00Z</time>
      </trkpt>
      <trkpt lat="63.23533" lon="13.24241">
        <time>2026-03-07T16:10:00Z</time>
      </trkpt>
      <trkpt lat="63.23993" lon="13.25496">
        <time>2026-03-07T16:20:00Z</time>
      </trkpt>
      <trkpt lat="63.24434" lon="13.25888">
        <time>2026-03-07T16:30:00Z</time>
      </trkpt>
      <trkpt lat="63.24983" lon="13.26075">
        <time>2026-03-07T16:40:00Z</time>
      </trkpt>
      <trkpt lat="63.25376" lon="13.26599">
        <time>2026-03-07T16:50:00Z</time>
      </trkpt>
      <trkpt lat="63.26007" lon="13.2726">
        <time>2026-03-07T17:00:00Z</time>
      </trkpt>
      <trkpt lat="63.26735" lon="13.27354">
        <time>2026-03-07T17:10:00Z</time>
      </trkpt>
      <trkpt lat="63.27578" lon="13.27294">
        <time>2026-03-07T17:20:00Z</time>
      </trkpt>
      <trkpt lat="63.28232" lon="13.27783">
        <time>2026-03-07T17:30:00Z</time>
      </trkpt>
      <trkpt lat="63.2892" lon="13.26972">
        <time>2026-03-07T17:40:00Z</time>
      </trkpt>
      <trkpt lat="63.30015" lon="13.27723">
        <time>2026-03-07T17:50:00Z</time>
      </trkpt>
      <trkpt lat="63.30338" lon="13.27257">
        <time>2026-03-07T18:00:00Z</time>
      </trkpt>
      <trkpt lat="63.30327" lon="13.2712">
        <time>2026-03-07T18:03:00Z</time>
      </trkpt>
      <trkpt lat="63.30332" lon="13.27139">
        <time>2026-03-08T08:27:00Z</time>
      </trkpt>
      <trkpt lat="63.3033" lon="13.27142">
        <time>2026-03-08T08:28:00Z</time>
      </trkpt>
      <trkpt lat="63.30475" lon="13.27365">
        <time>2026-03-08T08:38:00Z</time>
      </trkpt>
      <trkpt lat="63.30644" lon="13.26077">
        <time>2026-03-08T08:48:00Z</time>
      </trkpt>
      <trkpt lat="63.31014" lon="13.25071">
        <time>2026-03-08T08:58:00Z</time>
      </trkpt>
      <trkpt lat="63.31237" lon="13.23955">
        <time>2026-03-08T09:08:00Z</time>
      </trkpt>
      <trkpt lat="63.31541" lon="13.23539">
        <time>2026-03-08T09:18:00Z</time>
      </trkpt>
      <trkpt lat="63.31794" lon="13.23871">
        <time>2026-03-08T09:28:00Z</time>
      </trkpt>
      <trkpt lat="63.32196" lon="13.24009">
        <time>2026-03-08T09:38:00Z</time>
      </trkpt>
      <trkpt lat="63.32523" lon="13.24253">
        <time>2026-03-08T09:48:00Z</time>
      </trkpt>
      <trkpt lat="63.32932" lon="13.24627">
        <time>2026-03-08T09:58:00Z</time>
      </trkpt>
      <trkpt lat="63.33156" lon="13.25764">
        <time>2026-03-08T10:08:00Z</time>
      </trkpt>
      <trkpt lat="63.33477" lon="13.26333">
        <time>2026-03-08T10:18:00Z</time>
      </trkpt>
      <trkpt lat="63.34004" lon="13.26571">
        <time>2026-03-08T10:28:00Z</time>
      </trkpt>
      <trkpt lat="63.34734" lon="13.26423">
        <time>2026-03-08T10:38:00Z</time>
      </trkpt>
      <trkpt lat="63.35298" lon="13.26163">
        <time>2026-03-08T10:48:00Z</time>
      </trkpt>
      <trkpt lat="63.35768" lon="13.25758">
        <time>2026-03-08T10:58:00Z</time>
      </trkpt>
      <trkpt lat="63.35962" lon="13.25137">
        <time>2026-03-08T11:08:00Z</time>
      </trkpt>
      <trkpt lat="63.36358" lon="13.24249">
        <time>2026-03-08T11:18:00Z</time>
      </trkpt>
      <trkpt lat="63.36819" lon="13.23288">
        <time>2026-03-08T11:28:00Z</time>
      </trkpt>
      <trkpt lat="63.37465" lon="13.22322">
        <time>2026-03-08T11:38:00Z</time>
      </trkpt>
      <trkpt lat="63.37899" lon="13.22013">
        <time>2026-03-08T11:48:00Z</time>
      </trkpt>
      <trkpt lat="63.38244" lon="13.21747">
        <time>2026-03-08T11:58:00Z</time>
      </trkpt>
      <trkpt lat="63.3847" lon="13.21584">
        <time>2026-03-08T12:08:00Z</time>
      </trkpt>
      <trkpt lat="63.38952" lon="13.2102">
        <time>2026-03-08T12:18:00Z</time>
      </trkpt>
      <trkpt lat="63.39309" lon="13.20013">
        <time>2026-03-08T12:28:00Z</time>
      </trkpt>
      <trkpt lat="63.39747" lon="13.19322">
        <time>2026-03-08T12:38:00Z</time>
      </trkpt>
      <trkpt lat="63.4011" lon="13.20254">
        <time>2026-03-08T12:48:00Z</time>
      </trkpt>
      <trkpt lat="63.40263" lon="13.20788">
        <time>2026-03-08T12:58:00Z</time>
      </trkpt>
      <trkpt lat="63.40428" lon="13.21003">
        <time>2026-03-08T13:08:00Z</time>
      </trkpt>
      <trkpt lat="63.40653" lon="13.21912">
        <time>2026-03-08T13:18:00Z</time>
      </trkpt>
      <trkpt lat="63.40907" lon="13.2238">
        <time>2026-03-08T13:28:00Z</time>
      </trkpt>
      <trkpt lat="63.41585" lon="13.22565">
        <time>2026-03-08T13:38:00Z</time>
      </trkpt>
      <trkpt lat="63.42384" lon="13.22438">
        <time>2026-03-08T13:48:00Z</time>
      </trkpt>
      <trkpt lat="63.42824" lon="13.2256">
        <time>2026-03-08T13:58:00Z</time>
      </trkpt>
      <trkpt lat="63.43375" lon="13.22213">
        <time>2026-03-08T14:08:00Z</time>
      </trkpt>
      <trkpt lat="63.43543" lon="13.22318">
        <time>2026-03-08T14:18:00Z</time>
      </trkpt>
      <trkpt lat="63.43942" lon="13.21719">
        <time>2026-03-08T14:28:00Z</time>
      </trkpt>
      <trkpt lat="63.44308" lon="13.22749">
        <time>2026-03-08T14:38:00Z</time>
      </trkpt>
      <trkpt lat="63.4482" lon="13.22002">
        <time>2026-03-08T14:48:00Z</time>
      </trkpt>
      <trkpt lat="63.45142" lon="13.2087">
        <time>2026-03-08T14:58:00Z</time>
      </trkpt>
      <trkpt lat="63.45399" lon="13.19966">
        <time>2026-03-08T15:08:00Z</time>
      </trkpt>
      <trkpt lat="63.45521" lon="13.2087">
        <time>2026-03-08T15:18:00Z</time>
      </trkpt>
      <trkpt lat="63.46093" lon="13.21316">
        <time>2026-03-08T15:28:00Z</time>
      </trkpt>
      <trkpt lat="63.46615" lon="13.21503">
        <time>2026-03-08T15:38:00Z</time>
      </trkpt>
      <trkpt lat="63.46618" lon="13.21503">
        <time>2026-03-08T15:48:00Z</time>
      </trkpt>
      <trkpt lat="63.46615" lon="13.21492">
        <time>2026-03-08T16:00:00Z</time>
      </trkpt>
      <trkpt lat="63.46608" lon="13.21503">
        <time>2026-03-09T07:57:00Z</time>
      </trkpt>
      <trkpt lat="63.46606" lon="13.21503">
        <time>2026-03-09T07:57:00Z</time>
      </trkpt>
      <trkpt lat="63.46851" lon="13.22301">
        <time>2026-03-09T08:07:00Z</time>
      </trkpt>
      <trkpt lat="63.471" lon="13.22605">
        <time>2026-03-09T08:17:00Z</time>
      </trkpt>
      <trkpt lat="63.47368" lon="13.23026">
        <time>2026-03-09T08:27:00Z</time>
      </trkpt>
      <trkpt lat="63.47572" lon="13.23429">
        <time>2026-03-09T08:37:00Z</time>
      </trkpt>
      <trkpt lat="63.47867" lon="13.2423">
        <time>2026-03-09T08:47:00Z</time>
      </trkpt>
      <trkpt lat="63.48391" lon="13.24633">
        <time>2026-03-09T08:57:00Z</time>
      </trkpt>
      <trkpt lat="63.48764" lon="13.24676">
        <time>2026-03-09T09:07:00Z</time>
      </trkpt>
      <trkpt lat="63.49256" lon="13.24781">
        <time>2026-03-09T09:17:00Z</time>
      </trkpt>
      <trkpt lat="63.49908" lon="13.24826">
        <time>2026-03-09T09:27:00Z</time>
      </trkpt>
      <trkpt lat="63.50466" lon="13.24659">
        <time>2026-03-09T09:37:00Z</time>
      </trkpt>
      <trkpt lat="63.51091" lon="13.24771">
        <time>2026-03-09T09:47:00Z</time>
      </trkpt>
      <trkpt lat="63.51669" lon="13.25341">
        <time>2026-03-09T09:57:00Z</time>
      </trkpt>
      <trkpt lat="63.51889" lon="13.2529">
        <time>2026-03-09T10:07:00Z</time>
      </trkpt>
      <trkpt lat="63.5214" lon="13.25968">
        <time>2026-03-09T10:17:00Z</time>
      </trkpt>
      <trkpt lat="63.52672" lon="13.25876">
        <time>2026-03-09T10:27:00Z</time>
      </trkpt>
      <trkpt lat="63.53227" lon="13.26227">
        <time>2026-03-09T10:37:00Z</time>
      </trkpt>
      <trkpt lat="63.53617" lon="13.26305">
        <time>2026-03-09T10:47:00Z</time>
      </trkpt>
      <trkpt lat="63.53829" lon="13.26283">
        <time>2026-03-09T10:57:00Z</time>
      </trkpt>
      <trkpt lat="63.54224" lon="13.26532">
        <time>2026-03-09T11:07:00Z</time>
      </trkpt>
      <trkpt lat="63.54815" lon="13.26361">
        <time>2026-03-09T11:17:00Z</time>
      </trkpt>
      <trkpt lat="63.55021" lon="13.25893">
        <time>2026-03-09T11:27:00Z</time>
      </trkpt>
      <trkpt lat="63.55321" lon="13.25449">
        <time>2026-03-09T11:37:00Z</time>
      </trkpt>
      <trkpt lat="63.55774" lon="13.2506">
        <time>2026-03-09T11:47:00Z</time>
      </trkpt>
      <trkpt lat="63.56174" lon="13.25414">
        <time>2026-03-09T11:57:00Z</time>
      </trkpt>
      <trkpt lat="63.56663" lon="13.24818">
        <time>2026-03-09T12:07:00Z</time>
      </trkpt>
      <trkpt lat="63.56923" lon="13.24135">
        <time>2026-03-09T12:17:00Z</time>
      </trkpt>
      <trkpt lat="63.57401" lon="13.23105">
        <time>2026-03-09T12:27:00Z</time>
      </trkpt>
      <trkpt lat="63.57863" lon="13.22262">
        <time>2026-03-09T12:37:00Z</time>
      </trkpt>
      <trkpt lat="63.57959" lon="13.21505">
        <time>2026-03-09T12:47:00Z</time>
      </trkpt>
      <trkpt lat="63.58229" lon="13.20773">
        <time>2026-03-09T12:57:00Z</time>
      </trkpt>
      <trkpt lat="63.58694" lon="13.19805">
        <time>2026-03-09T13:07:00Z</time>
      </trkpt>
      <trkpt lat="63.59211" lon="13.18837">
        <time>2026-03-09T13:17:00Z</time>
      </trkpt>
      <trkpt lat="63.59892" lon="13.17752">
        <time>2026-03-09T13:27:00Z</time>
      </trkpt>
      <trkpt lat="63.60142" lon="13.18005">
        <time>2026-03-09T13:37:00Z</time>
      </trkpt>
      <trkpt lat="63.60483" lon="13.19387">
        <time>2026-03-09T13:47:00Z</time>
      </trkpt>
      <trkpt lat="63.61073" lon="13.20425">
        <time>2026-03-09T13:57:00Z</time>
      </trkpt>
      <trkpt lat="63.61478" lon="13.21131">
        <time>2026-03-09T14:07:00Z</time>
      </trkpt>
      <trkpt lat="63.61769" lon="13.21041">
        <time>2026-03-09T14:17:00Z</time>
      </trkpt>
      <trkpt lat="63.62242" lon="13.21616">
        <time>2026-03-09T14:27:00Z</time>
      </trkpt>
      <trkpt lat="63.62626" lon="13.22138">
        <time>2026-03-09T14:37:00Z</time>
      </trkpt>
      <trkpt lat="63.63176" lon="13.22404">
        <time>2026-03-09T14:47:00Z</time>
      </trkpt>
      <trkpt lat="63.63737" lon="13.23215">
        <time>2026-03-09T14:57:00Z</time>
      </trkpt>
      <trkpt lat="63.63972" lon="13.24337">
        <time>2026-03-09T15:07:00Z</time>
      </trkpt>
      <trkpt lat="63.63902" lon="13.26004">
        <time>2026-03-09T15:17:00Z</time>
      </trkpt>
      <trkpt lat="63.64025" lon="13.26575">
        <time>2026-03-09T15:27:00Z</time>
      </trkpt>
      <trkpt lat="63.64094" lon="13.28358">
        <time>2026-03-09T15:37:00Z</time>
      </trkpt>
      <trkpt lat="63.64567" lon="13.28837">
        <time>2026-03-09T15:47:00Z</time>
      </trkpt>
      <trkpt lat="63.65439" lon="13.28594">
        <time>2026-03-09T15:57:00Z</time>
      </trkpt>
      <trkpt lat="63.66078" lon="13.28742">
        <time>2026-03-09T16:07:00Z</time>
      </trkpt>
      <trkpt lat="63.66753" lon="13.29644">
        <time>2026-03-09T16:17:00Z</time>
      </trkpt>
      <trkpt lat="63.6714" lon="13.30798">
        <time>2026-03-09T16:27:00Z</time>
      </trkpt>
      <trkpt lat="63.67784" lon="13.31673">
        <time>2026-03-09T16:37:00Z</time>
      </trkpt>
      <trkpt lat="63.6802" lon="13.32815">
        <time>2026-03-09T16:47:00Z</time>
      </trkpt>
      <trkpt lat="63.68259" lon="13.34066">
        <time>2026-03-09T16:57:00Z</time>
      </trkpt>
      <trkpt lat="63.68488" lon="13.35418">
        <time>2026-03-09T17:07:00Z</time>
      </trkpt>
      <trkpt lat="63.68554" lon="13.36671">
        <time>2026-03-09T17:17:00Z</time>
      </trkpt>
      <trkpt lat="63.68769" lon="13.38072">
        <time>2026-03-09T17:27:00Z</time>
      </trkpt>
      <trkpt lat="63.68853" lon="13.39928">
        <time>2026-03-09T17:37:00Z</time>
      </trkpt>
      <trkpt lat="63.69033" lon="13.41053">
        <time>2026-03-09T17:45:00Z</time>
      </trkpt>
      <trkpt lat="63.69044" lon="13.41031">
        <time>2026-03-10T07:35:00Z</time>
      </trkpt>
      <trkpt lat="63.68922" lon="13.41988">
        <time>2026-03-10T07:45:00Z</time>
      </trkpt>
      <trkpt lat="63.68792" lon="13.43293">
        <time>2026-03-10T07:55:00Z</time>
      </trkpt>
      <trkpt lat="63.68963" lon="13.44095">
        <time>2026-03-10T08:05:00Z</time>
      </trkpt>
      <trkpt lat="63.69375" lon="13.45312">
        <time>2026-03-10T08:15:00Z</time>
      </trkpt>
      <trkpt lat="63.69204" lon="13.46657">
        <time>2026-03-10T08:25:00Z</time>
      </trkpt>
      <trkpt lat="63.69067" lon="13.48228">
        <time>2026-03-10T08:35:00Z</time>
      </trkpt>
      <trkpt lat="63.69014" lon="13.49612">
        <time>2026-03-10T08:45:00Z</time>
      </trkpt>
      <trkpt lat="63.68823" lon="13.51181">
        <time>2026-03-10T08:55:00Z</time>
      </trkpt>
      <trkpt lat="63.69096" lon="13.52326">
        <time>2026-03-10T09:05:00Z</time>
      </trkpt>
      <trkpt lat="63.69277" lon="13.53337">
        <time>2026-03-10T09:15:00Z</time>
      </trkpt>
      <trkpt lat="63.69296" lon="13.54852">
        <time>2026-03-10T09:25:00Z</time>
      </trkpt>
      <trkpt lat="63.69347" lon="13.56277">
        <time>2026-03-10T09:35:00Z</time>
      </trkpt>
      <trkpt lat="63.69106" lon="13.58002">
        <time>2026-03-10T09:45:00Z</time>
      </trkpt>
      <trkpt lat="63.69299" lon="13.59622">
        <time>2026-03-10T09:55:00Z</time>
      </trkpt>
      <trkpt lat="63.69548" lon="13.61043">
        <time>2026-03-10T10:05:00Z</time>
      </trkpt>
      <trkpt lat="63.69599" lon="13.62706">
        <time>2026-03-10T10:15:00Z</time>
      </trkpt>
      <trkpt lat="63.69934" lon="13.62922">
        <time>2026-03-10T10:25:00Z</time>
      </trkpt>
      <trkpt lat="63.70087" lon="13.61358">
        <time>2026-03-10T10:35:00Z</time>
      </trkpt>
      <trkpt lat="63.70578" lon="13.60665">
        <time>2026-03-10T10:45:00Z</time>
      </trkpt>
      <trkpt lat="63.71195" lon="13.60712">
        <time>2026-03-10T10:55:00Z</time>
      </trkpt>
      <trkpt lat="63.71584" lon="13.61133">
        <time>2026-03-10T11:05:00Z</time>
      </trkpt>
      <trkpt lat="63.71987" lon="13.61459">
        <time>2026-03-10T11:15:00Z</time>
      </trkpt>
      <trkpt lat="63.72457" lon="13.61864">
        <time>2026-03-10T11:25:00Z</time>
      </trkpt>
      <trkpt lat="63.73066" lon="13.6201">
        <time>2026-03-10T11:35:00Z</time>
      </trkpt>
      <trkpt lat="63.73634" lon="13.62424">
        <time>2026-03-10T11:45:00Z</time>
      </trkpt>
      <trkpt lat="63.74222" lon="13.62643">
        <time>2026-03-10T11:55:00Z</time>
      </trkpt>
      <trkpt lat="63.74776" lon="13.63306">
        <time>2026-03-10T12:05:00Z</time>
      </trkpt>
      <trkpt lat="63.74951" lon="13.64414">
        <time>2026-03-10T12:15:00Z</time>
      </trkpt>
      <trkpt lat="63.74994" lon="13.65263">
        <time>2026-03-10T12:25:00Z</time>
      </trkpt>
      <trkpt lat="63.75475" lon="13.65763">
        <time>2026-03-10T12:35:00Z</time>
      </trkpt>
      <trkpt lat="63.75283" lon="13.67021">
        <time>2026-03-10T12:45:00Z</time>
      </trkpt>
      <trkpt lat="63.75088" lon="13.68265">
        <time>2026-03-10T12:55:00Z</time>
      </trkpt>
      <trkpt lat="63.74873" lon="13.69681">
        <time>2026-03-10T13:05:00Z</time>
      </trkpt>
      <trkpt lat="63.74664" lon="13.71018">
        <time>2026-03-10T13:15:00Z</time>
      </trkpt>
      <trkpt lat="63.74415" lon="13.72542">
        <time>2026-03-10T13:25:00Z</time>
      </trkpt>
      <trkpt lat="63.7432" lon="13.7363">
        <time>2026-03-10T13:35:00Z</time>
      </trkpt>
      <trkpt lat="63.74795" lon="13.74677">
        <time>2026-03-10T13:45:00Z</time>
      </trkpt>
      <trkpt lat="63.74959" lon="13.75638">
        <time>2026-03-10T13:55:00Z</time>
      </trkpt>
      <trkpt lat="63.75174" lon="13.77033">
        <time>2026-03-10T14:05:00Z</time>
      </trkpt>
      <trkpt lat="63.75449" lon="13.77511">
        <time>2026-03-10T14:15:00Z</time>
      </trkpt>
      <trkpt lat="63.75909" lon="13.78166">
        <time>2026-03-10T14:25:00Z</time>
      </trkpt>
      <trkpt lat="63.76223" lon="13.78893">
        <time>2026-03-10T14:35:00Z</time>
      </trkpt>
      <trkpt lat="63.76534" lon="13.79784">
        <time>2026-03-10T14:45:00Z</time>
      </trkpt>
      <trkpt lat="63.76772" lon="13.80646">
        <time>2026-03-10T14:55:00Z</time>
      </trkpt>
      <trkpt lat="63.77108" lon="13.81593">
        <time>2026-03-10T15:05:00Z</time>
      </trkpt>
      <trkpt lat="63.77515" lon="13.82535">
        <time>2026-03-10T15:15:00Z</time>
      </trkpt>
      <trkpt lat="63.77692" lon="13.82955">
        <time>2026-03-10T15:25:00Z</time>
      </trkpt>
      <trkpt lat="63.78066" lon="13.82103">
        <time>2026-03-10T15:35:00Z</time>
      </trkpt>
      <trkpt lat="63.78066" lon="13.8211">
        <time>2026-03-10T15:41:00Z</time>
      </trkpt>
      <trkpt lat="63.78049" lon="13.82082">
        <time>2026-03-12T07:47:00Z</time>
      </trkpt>
      <trkpt lat="63.78179" lon="13.82599">
        <time>2026-03-12T07:57:00Z</time>
      </trkpt>
      <trkpt lat="63.78654" lon="13.83369">
        <time>2026-03-12T08:07:00Z</time>
      </trkpt>
      <trkpt lat="63.79112" lon="13.83867">
        <time>2026-03-12T08:17:00Z</time>
      </trkpt>
      <trkpt lat="63.79868" lon="13.83511">
        <time>2026-03-12T08:27:00Z</time>
      </trkpt>
      <trkpt lat="63.80509" lon="13.83577">
        <time>2026-03-12T08:37:00Z</time>
      </trkpt>
      <trkpt lat="63.81085" lon="13.82996">
        <time>2026-03-12T08:47:00Z</time>
      </trkpt>
      <trkpt lat="63.81882" lon="13.83056">
        <time>2026-03-12T08:57:00Z</time>
      </trkpt>
      <trkpt lat="63.82275" lon="13.84056">
        <time>2026-03-12T09:07:00Z</time>
      </trkpt>
      <trkpt lat="63.82483" lon="13.85174">
        <time>2026-03-12T09:17:00Z</time>
      </trkpt>
      <trkpt lat="63.82801" lon="13.86502">
        <time>2026-03-12T09:27:00Z</time>
      </trkpt>
      <trkpt lat="63.83382" lon="13.87109">
        <time>2026-03-12T09:37:00Z</time>
      </trkpt>
      <trkpt lat="63.83783" lon="13.87601">
        <time>2026-03-12T09:47:00Z</time>
      </trkpt>
      <trkpt lat="63.84522" lon="13.87699">
        <time>2026-03-12T09:57:00Z</time>
      </trkpt>
      <trkpt lat="63.8504" lon="13.8783">
        <time>2026-03-12T10:07:00Z</time>
      </trkpt>
      <trkpt lat="63.85686" lon="13.87517">
        <time>2026-03-12T10:17:00Z</time>
      </trkpt>
      <trkpt lat="63.86325" lon="13.87665">
        <time>2026-03-12T10:27:00Z</time>
      </trkpt>
      <trkpt lat="63.86987" lon="13.86863">
        <time>2026-03-12T10:37:00Z</time>
      </trkpt>
      <trkpt lat="63.87572" lon="13.86871">
        <time>2026-03-12T10:47:00Z</time>
      </trkpt>
      <trkpt lat="63.88086" lon="13.86004">
        <time>2026-03-12T10:57:00Z</time>
      </trkpt>
      <trkpt lat="63.8878" lon="13.85517">
        <time>2026-03-12T11:07:00Z</time>
      </trkpt>
      <trkpt lat="63.89216" lon="13.86066">
        <time>2026-03-12T11:17:00Z</time>
      </trkpt>
      <trkpt lat="63.89767" lon="13.86669">
        <time>2026-03-12T11:27:00Z</time>
      </trkpt>
      <trkpt lat="63.90155" lon="13.86637">
        <time>2026-03-12T11:37:00Z</time>
      </trkpt>
      <trkpt lat="63.90685" lon="13.86682">
        <time>2026-03-12T11:47:00Z</time>
      </trkpt>
      <trkpt lat="63.91308" lon="13.86652">
        <time>2026-03-12T11:57:00Z</time>
      </trkpt>
      <trkpt lat="63.92038" lon="13.87245">
        <time>2026-03-12T12:07:00Z</time>
      </trkpt>
      <trkpt lat="63.92753" lon="13.87515">
        <time>2026-03-12T12:17:00Z</time>
      </trkpt>
      <trkpt lat="63.93032" lon="13.88869">
        <time>2026-03-12T12:27:00Z</time>
      </trkpt>
      <trkpt lat="63.93694" lon="13.89547">
        <time>2026-03-12T12:37:00Z</time>
      </trkpt>
      <trkpt lat="63.94338" lon="13.90944">
        <time>2026-03-12T12:47:00Z</time>
      </trkpt>
      <trkpt lat="63.94693" lon="13.91854">
        <time>2026-03-12T12:57:00Z</time>
      </trkpt>
      <trkpt lat="63.95483" lon="13.93092">
        <time>2026-03-12T13:07:00Z</time>
      </trkpt>
      <trkpt lat="63.95789" lon="13.94585">
        <time>2026-03-12T13:17:00Z</time>
      </trkpt>
      <trkpt lat="63.96156" lon="13.94954">
        <time>2026-03-12T13:27:00Z</time>
      </trkpt>
      <trkpt lat="63.96699" lon="13.9466">
        <time>2026-03-12T13:37:00Z</time>
      </trkpt>
      <trkpt lat="63.97097" lon="13.95298">
        <time>2026-03-12T13:47:00Z</time>
      </trkpt>
      <trkpt lat="63.97181" lon="13.95293">
        <time>2026-03-12T13:57:00Z</time>
      </trkpt>
      <trkpt lat="63.97368" lon="13.95461">
        <time>2026-03-12T14:07:00Z</time>
      </trkpt>
      <trkpt lat="63.97465" lon="13.96012">
        <time>2026-03-12T14:17:00Z</time>
      </trkpt>
      <trkpt lat="63.97695" lon="13.96737">
        <time>2026-03-12T14:27:00Z</time>
      </trkpt>
      <trkpt lat="63.9815" lon="13.97096">
        <time>2026-03-12T14:37:00Z</time>
      </trkpt>
      <trkpt lat="63.9881" lon="13.9736">
        <time>2026-03-12T14:47:00Z</time>
      </trkpt>
      <trkpt lat="63.99338" lon="13.98267">
        <time>2026-03-12T14:57:00Z</time>
      </trkpt>
      <trkpt lat="63.99631" lon="13.98347">
        <time>2026-03-12T15:07:00Z</time>
      </trkpt>
      <trkpt lat="63.99633" lon="13.98357">
        <time>2026-03-12T15:18:00Z</time>
      </trkpt>
      <trkpt lat="63.99632" lon="13.98355">
        <time>2026-03-13T06:48:00Z</time>
      </trkpt>
      <trkpt lat="63.99615" lon="13.99194">
        <time>2026-03-13T06:58:00Z</time>
      </trkpt>
      <trkpt lat="64.00011" lon="13.99737">
        <time>2026-03-13T07:08:00Z</time>
      </trkpt>
      <trkpt lat="64.00175" lon="14.00724">
        <time>2026-03-13T07:18:00Z</time>
      </trkpt>
      <trkpt lat="64.00615" lon="14.01621">
        <time>2026-03-13T07:28:00Z</time>
      </trkpt>
      <trkpt lat="64.01072" lon="14.01722">
        <time>2026-03-13T07:38:00Z</time>
      </trkpt>
      <trkpt lat="64.01681" lon="14.00872">
        <time>2026-03-13T07:48:00Z</time>
      </trkpt>
      <trkpt lat="64.01746" lon="14.01469">
        <time>2026-03-13T07:58:00Z</time>
      </trkpt>
      <trkpt lat="64.01879" lon="14.02138">
        <time>2026-03-13T08:08:00Z</time>
      </trkpt>
      <trkpt lat="64.02264" lon="14.03509">
        <time>2026-03-13T08:18:00Z</time>
      </trkpt>
      <trkpt lat="64.02593" lon="14.03975">
        <time>2026-03-13T08:28:00Z</time>
      </trkpt>
      <trkpt lat="64.02723" lon="14.04185">
        <time>2026-03-13T08:38:00Z</time>
      </trkpt>
      <trkpt lat="64.02996" lon="14.03848">
        <time>2026-03-13T08:48:00Z</time>
      </trkpt>
      <trkpt lat="64.03572" lon="14.03173">
        <time>2026-03-13T08:58:00Z</time>
      </trkpt>
      <trkpt lat="64.04047" lon="14.03063">
        <time>2026-03-13T09:08:00Z</time>
      </trkpt>
      <trkpt lat="64.04027" lon="14.03432">
        <time>2026-03-13T09:18:00Z</time>
      </trkpt>
      <trkpt lat="64.03933" lon="14.04548">
        <time>2026-03-13T09:28:00Z</time>
      </trkpt>
      <trkpt lat="64.03996" lon="14.0543">
        <time>2026-03-13T09:38:00Z</time>
      </trkpt>
      <trkpt lat="64.04029" lon="14.0619">
        <time>2026-03-13T09:48:00Z</time>
      </trkpt>
      <trkpt lat="64.04047" lon="14.07664">
        <time>2026-03-13T09:58:00Z</time>
      </trkpt>
      <trkpt lat="64.04482" lon="14.08071">
        <time>2026-03-13T10:08:00Z</time>
      </trkpt>
      <trkpt lat="64.05147" lon="14.09043">
        <time>2026-03-13T10:18:00Z</time>
      </trkpt>
      <trkpt lat="64.05487" lon="14.08597">
        <time>2026-03-13T10:28:00Z</time>
      </trkpt>
      <trkpt lat="64.0619" lon="14.0879">
        <time>2026-03-13T10:38:00Z</time>
      </trkpt>
      <trkpt lat="64.06565" lon="14.09395">
        <time>2026-03-13T10:48:00Z</time>
      </trkpt>
      <trkpt lat="64.06881" lon="14.10648">
        <time>2026-03-13T10:58:00Z</time>
      </trkpt>
      <trkpt lat="64.07" lon="14.11314">
        <time>2026-03-13T11:08:00Z</time>
      </trkpt>
      <trkpt lat="64.07271" lon="14.12129">
        <time>2026-03-13T11:18:00Z</time>
      </trkpt>
      <trkpt lat="64.07544" lon="14.11865">
        <time>2026-03-13T11:28:00Z</time>
      </trkpt>
      <trkpt lat="64.07661" lon="14.11584">
        <time>2026-03-13T11:38:00Z</time>
      </trkpt>
      <trkpt lat="64.08051" lon="14.11397">
        <time>2026-03-13T11:48:00Z</time>
      </trkpt>
      <trkpt lat="64.0833" lon="14.11751">
        <time>2026-03-13T11:58:00Z</time>
      </trkpt>
      <trkpt lat="64.09026" lon="14.1211">
        <time>2026-03-13T12:08:00Z</time>
      </trkpt>
      <trkpt lat="64.09487" lon="14.13043">
        <time>2026-03-13T12:18:00Z</time>
      </trkpt>
      <trkpt lat="64.10265" lon="14.13346">
        <time>2026-03-13T12:28:00Z</time>
      </trkpt>
      <trkpt lat="64.11008" lon="14.13893">
        <time>2026-03-13T12:38:00Z</time>
      </trkpt>
      <trkpt lat="64.1137" lon="14.15004">
        <time>2026-03-13T12:48:00Z</time>
      </trkpt>
      <trkpt lat="64.11369" lon="14.15206">
        <time>2026-03-13T12:58:00Z</time>
      </trkpt>
      <trkpt lat="64.11926" lon="14.15326">
        <time>2026-03-13T13:18:00Z</time>
      </trkpt>
      <trkpt lat="64.12453" lon="14.15341">
        <time>2026-03-13T13:28:00Z</time>
      </trkpt>
      <trkpt lat="64.127" lon="14.16009">
        <time>2026-03-13T13:38:00Z</time>
      </trkpt>
      <trkpt lat="64.12815" lon="14.16592">
        <time>2026-03-13T13:48:00Z</time>
      </trkpt>
      <trkpt lat="64.1298" lon="14.17378">
        <time>2026-03-13T13:58:00Z</time>
      </trkpt>
      <trkpt lat="64.12994" lon="14.18384">
        <time>2026-03-13T14:08:00Z</time>
      </trkpt>
      <trkpt lat="64.13021" lon="14.1859">
        <time>2026-03-13T14:18:00Z</time>
      </trkpt>
      <trkpt lat="64.13019" lon="14.1859">
        <time>2026-03-13T14:28:00Z</time>
      </trkpt>
      <trkpt lat="64.13009" lon="14.18633">
        <time>2026-03-13T14:33:00Z</time>
      </trkpt>
      <trkpt lat="64.13028" lon="14.18609">
        <time>2026-03-14T08:15:00Z</time>
      </trkpt>
      <trkpt lat="64.1326" lon="14.1874">
        <time>2026-03-14T08:25:00Z</time>
      </trkpt>
      <trkpt lat="64.13362" lon="14.18912">
        <time>2026-03-14T08:35:00Z</time>
      </trkpt>
      <trkpt lat="64.13379" lon="14.18903">
        <time>2026-03-14T08:45:00Z</time>
      </trkpt>
      <trkpt lat="64.13633" lon="14.18875">
        <time>2026-03-14T08:55:00Z</time>
      </trkpt>
      <trkpt lat="64.14009" lon="14.19231">
        <time>2026-03-14T09:05:00Z</time>
      </trkpt>
      <trkpt lat="64.1452" lon="14.19455">
        <time>2026-03-14T09:15:00Z</time>
      </trkpt>
      <trkpt lat="64.14903" lon="14.19648">
        <time>2026-03-14T09:25:00Z</time>
      </trkpt>
      <trkpt lat="64.15261" lon="14.20289">
        <time>2026-03-14T09:35:00Z</time>
      </trkpt>
      <trkpt lat="64.15417" lon="14.20901">
        <time>2026-03-14T09:45:00Z</time>
      </trkpt>
      <trkpt lat="64.15444" lon="14.21774">
        <time>2026-03-14T09:55:00Z</time>
      </trkpt>
      <trkpt lat="64.15653" lon="14.22596">
        <time>2026-03-14T10:05:00Z</time>
      </trkpt>
      <trkpt lat="64.15679" lon="14.23353">
        <time>2026-03-14T10:15:00Z</time>
      </trkpt>
      <trkpt lat="64.15875" lon="14.24049">
        <time>2026-03-14T10:25:00Z</time>
      </trkpt>
      <trkpt lat="64.16186" lon="14.24991">
        <time>2026-03-14T10:35:00Z</time>
      </trkpt>
      <trkpt lat="64.16487" lon="14.25767">
        <time>2026-03-14T10:45:00Z</time>
      </trkpt>
      <trkpt lat="64.16776" lon="14.26375">
        <time>2026-03-14T10:55:00Z</time>
      </trkpt>
      <trkpt lat="64.16899" lon="14.27285">
        <time>2026-03-14T11:05:00Z</time>
      </trkpt>
      <trkpt lat="64.17063" lon="14.284">
        <time>2026-03-14T11:15:00Z</time>
      </trkpt>
      <trkpt lat="64.17365" lon="14.29561">
        <time>2026-03-14T11:25:00Z</time>
      </trkpt>
      <trkpt lat="64.17714" lon="14.30055">
        <time>2026-03-14T11:35:00Z</time>
      </trkpt>
      <trkpt lat="64.18239" lon="14.29355">
        <time>2026-03-14T11:45:00Z</time>
      </trkpt>
      <trkpt lat="64.18783" lon="14.28703">
        <time>2026-03-14T11:55:00Z</time>
      </trkpt>
      <trkpt lat="64.1934" lon="14.27877">
        <time>2026-03-14T12:05:00Z</time>
      </trkpt>
      <trkpt lat="64.19702" lon="14.27476">
        <time>2026-03-14T12:15:00Z</time>
      </trkpt>
      <trkpt lat="64.20632" lon="14.2678">
        <time>2026-03-14T12:25:00Z</time>
      </trkpt>
      <trkpt lat="64.21106" lon="14.27087">
        <time>2026-03-14T12:35:00Z</time>
      </trkpt>
      <trkpt lat="64.21477" lon="14.27334">
        <time>2026-03-14T12:45:00Z</time>
      </trkpt>
      <trkpt lat="64.21977" lon="14.27769">
        <time>2026-03-14T12:55:00Z</time>
      </trkpt>
      <trkpt lat="64.22558" lon="14.28319">
        <time>2026-03-14T13:05:00Z</time>
      </trkpt>
      <trkpt lat="64.23102" lon="14.28194">
        <time>2026-03-14T13:15:00Z</time>
      </trkpt>
      <trkpt lat="64.23951" lon="14.28033">
        <time>2026-03-14T13:25:00Z</time>
      </trkpt>
      <trkpt lat="64.24732" lon="14.2789">
        <time>2026-03-14T13:35:00Z</time>
      </trkpt>
      <trkpt lat="64.2543" lon="14.27881">
        <time>2026-03-14T13:45:00Z</time>
      </trkpt>
      <trkpt lat="64.25822" lon="14.27903">
        <time>2026-03-14T13:55:00Z</time>
      </trkpt>
      <trkpt lat="64.2642" lon="14.28102">
        <time>2026-03-14T14:05:00Z</time>
      </trkpt>
      <trkpt lat="64.27034" lon="14.28083">
        <time>2026-03-14T14:15:00Z</time>
      </trkpt>
      <trkpt lat="64.27931" lon="14.27827">
        <time>2026-03-14T14:25:00Z</time>
      </trkpt>
      <trkpt lat="64.2876" lon="14.27731">
        <time>2026-03-14T14:35:00Z</time>
      </trkpt>
      <trkpt lat="64.29472" lon="14.27516">
        <time>2026-03-14T14:45:00Z</time>
      </trkpt>
      <trkpt lat="64.2999" lon="14.27405">
        <time>2026-03-14T14:55:00Z</time>
      </trkpt>
      <trkpt lat="64.30436" lon="14.27089">
        <time>2026-03-14T15:05:00Z</time>
      </trkpt>
      <trkpt lat="64.3085" lon="14.27192">
        <time>2026-03-14T15:15:00Z</time>
      </trkpt>
      <trkpt lat="64.31584" lon="14.27746">
        <time>2026-03-14T15:25:00Z</time>
      </trkpt>
      <trkpt lat="64.32008" lon="14.28212">
        <time>2026-03-14T15:35:00Z</time>
      </trkpt>
      <trkpt lat="64.32527" lon="14.28945">
        <time>2026-03-14T15:45:00Z</time>
      </trkpt>
      <trkpt lat="64.33093" lon="14.29405">
        <time>2026-03-14T15:55:00Z</time>
      </trkpt>
      <trkpt lat="64.33422" lon="14.29439">
        <time>2026-03-14T16:05:00Z</time>
      </trkpt>
      <trkpt lat="64.33988" lon="14.29804">
        <time>2026-03-14T16:15:00Z</time>
      </trkpt>
      <trkpt lat="64.34537" lon="14.29677">
        <time>2026-03-14T16:25:00Z</time>
      </trkpt>
      <trkpt lat="64.34939" lon="14.29791">
        <time>2026-03-14T16:35:00Z</time>
      </trkpt>
      <trkpt lat="64.35669" lon="14.29169">
        <time>2026-03-14T16:45:00Z</time>
      </trkpt>
      <trkpt lat="64.35903" lon="14.28321">
        <time>2026-03-14T16:55:00Z</time>
      </trkpt>
      <trkpt lat="64.3634" lon="14.27559">
        <time>2026-03-14T17:05:00Z</time>
      </trkpt>
      <trkpt lat="64.37103" lon="14.27797">
        <time>2026-03-14T17:15:00Z</time>
      </trkpt>
      <trkpt lat="64.37605" lon="14.28349">
        <time>2026-03-14T17:25:00Z</time>
      </trkpt>
      <trkpt lat="64.37848" lon="14.28975">
        <time>2026-03-14T17:35:00Z</time>
      </trkpt>
      <trkpt lat="64.38093" lon="14.2972">
        <time>2026-03-14T17:45:00Z</time>
      </trkpt>
      <trkpt lat="64.38341" lon="14.30709">
        <time>2026-03-14T17:55:00Z</time>
      </trkpt>
      <trkpt lat="64.38556" lon="14.31314">
        <time>2026-03-14T18:05:00Z</time>
      </trkpt>
      <trkpt lat="64.3873" lon="14.31512">
        <time>2026-03-14T18:15:00Z</time>
      </trkpt>
      <trkpt lat="64.39051" lon="14.31967">
        <time>2026-03-14T18:25:00Z</time>
      </trkpt>
      <trkpt lat="64.39281" lon="14.31537">
        <time>2026-03-14T18:35:00Z</time>
      </trkpt>
      <trkpt lat="64.39319" lon="14.31156">
        <time>2026-03-14T18:45:00Z</time>
      </trkpt>
      <trkpt lat="64.39407" lon="14.31198">
        <time>2026-03-14T18:55:00Z</time>
      </trkpt>
      <trkpt lat="64.39739" lon="14.316">
        <time>2026-03-14T19:05:00Z</time>
      </trkpt>
      <trkpt lat="64.39904" lon="14.31507">
        <time>2026-03-14T19:11:00Z</time>
      </trkpt>
      <trkpt lat="64.39902" lon="14.3152">
        <time>2026-03-15T06:30:00Z</time>
      </trkpt>
      <trkpt lat="64.40155" lon="14.31115">
        <time>2026-03-15T06:40:00Z</time>
      </trkpt>
      <trkpt lat="64.40522" lon="14.3058">
        <time>2026-03-15T06:50:00Z</time>
      </trkpt>
      <trkpt lat="64.40734" lon="14.29289">
        <time>2026-03-15T07:00:00Z</time>
      </trkpt>
      <trkpt lat="64.41249" lon="14.2854">
        <time>2026-03-15T07:10:00Z</time>
      </trkpt>
      <trkpt lat="64.41495" lon="14.2792">
        <time>2026-03-15T07:20:00Z</time>
      </trkpt>
      <trkpt lat="64.41246" lon="14.27233">
        <time>2026-03-15T07:30:00Z</time>
      </trkpt>
      <trkpt lat="64.41371" lon="14.26422">
        <time>2026-03-15T07:40:00Z</time>
      </trkpt>
      <trkpt lat="64.41607" lon="14.25246">
        <time>2026-03-15T07:50:00Z</time>
      </trkpt>
      <trkpt lat="64.42003" lon="14.2454">
        <time>2026-03-15T08:00:00Z</time>
      </trkpt>
      <trkpt lat="64.4225" lon="14.23673">
        <time>2026-03-15T08:10:00Z</time>
      </trkpt>
      <trkpt lat="64.42448" lon="14.23257">
        <time>2026-03-15T08:20:00Z</time>
      </trkpt>
      <trkpt lat="64.42852" lon="14.22439">
        <time>2026-03-15T08:30:00Z</time>
      </trkpt>
      <trkpt lat="64.43235" lon="14.21186">
        <time>2026-03-15T08:40:00Z</time>
      </trkpt>
      <trkpt lat="64.4356" lon="14.198">
        <time>2026-03-15T08:50:00Z</time>
      </trkpt>
      <trkpt lat="64.43917" lon="14.18598">
        <time>2026-03-15T09:00:00Z</time>
      </trkpt>
      <trkpt lat="64.44322" lon="14.1779">
        <time>2026-03-15T09:10:00Z</time>
      </trkpt>
      <trkpt lat="64.44725" lon="14.17051">
        <time>2026-03-15T09:20:00Z</time>
      </trkpt>
      <trkpt lat="64.45023" lon="14.16049">
        <time>2026-03-15T09:30:00Z</time>
      </trkpt>
      <trkpt lat="64.45083" lon="14.15908">
        <time>2026-03-15T09:40:00Z</time>
      </trkpt>
      <trkpt lat="64.45267" lon="14.14953">
        <time>2026-03-15T09:50:00Z</time>
      </trkpt>
      <trkpt lat="64.45423" lon="14.14779">
        <time>2026-03-15T10:00:00Z</time>
      </trkpt>
      <trkpt lat="64.45588" lon="14.14599">
        <time>2026-03-15T10:10:00Z</time>
      </trkpt>
      <trkpt lat="64.45853" lon="14.1412">
        <time>2026-03-15T10:20:00Z</time>
      </trkpt>
      <trkpt lat="64.46161" lon="14.13466">
        <time>2026-03-15T10:30:00Z</time>
      </trkpt>
      <trkpt lat="64.46516" lon="14.13498">
        <time>2026-03-15T10:40:00Z</time>
      </trkpt>
      <trkpt lat="64.46911" lon="14.12747">
        <time>2026-03-15T10:50:00Z</time>
      </trkpt>
      <trkpt lat="64.47251" lon="14.12108">
        <time>2026-03-15T11:00:00Z</time>
      </trkpt>
      <trkpt lat="64.47759" lon="14.11352">
        <time>2026-03-15T11:10:00Z</time>
      </trkpt>
      <trkpt lat="64.48097" lon="14.11668">
        <time>2026-03-15T11:20:00Z</time>
      </trkpt>
      <trkpt lat="64.48329" lon="14.11891">
        <time>2026-03-15T11:30:00Z</time>
      </trkpt>
      <trkpt lat="64.48619" lon="14.10964">
        <time>2026-03-15T11:40:00Z</time>
      </trkpt>
      <trkpt lat="64.48919" lon="14.10625">
        <time>2026-03-15T11:50:00Z</time>
      </trkpt>
      <trkpt lat="64.49393" lon="14.1138">
        <time>2026-03-15T12:00:00Z</time>
      </trkpt>
      <trkpt lat="64.4986" lon="14.10676">
        <time>2026-03-15T12:10:00Z</time>
      </trkpt>
      <trkpt lat="64.50216" lon="14.1112">
        <time>2026-03-15T12:20:00Z</time>
      </trkpt>
      <trkpt lat="64.50507" lon="14.1265">
        <time>2026-03-15T12:30:00Z</time>
      </trkpt>
      <trkpt lat="64.50668" lon="14.13801">
        <time>2026-03-15T12:40:00Z</time>
      </trkpt>
      <trkpt lat="64.50668" lon="14.14474">
        <time>2026-03-15T12:50:00Z</time>
      </trkpt>
      <trkpt lat="64.5069" lon="14.14468">
        <time>2026-03-15T12:51:00Z</time>
      </trkpt>
      <trkpt lat="64.5067" lon="14.14442">
        <time>2026-03-16T09:48:00Z</time>
      </trkpt>
      <trkpt lat="64.50385" lon="14.15127">
        <time>2026-03-16T09:58:00Z</time>
      </trkpt>
      <trkpt lat="64.50287" lon="14.15082">
        <time>2026-03-16T10:08:00Z</time>
      </trkpt>
      <trkpt lat="64.50355" lon="14.15468">
        <time>2026-03-16T10:18:00Z</time>
      </trkpt>
      <trkpt lat="64.50338" lon="14.15517">
        <time>2026-03-16T10:28:00Z</time>
      </trkpt>
      <trkpt lat="64.5078" lon="14.1547">
        <time>2026-03-16T10:58:00Z</time>
      </trkpt>
      <trkpt lat="64.50635" lon="14.16163">
        <time>2026-03-16T11:08:00Z</time>
      </trkpt>
      <trkpt lat="64.50449" lon="14.17212">
        <time>2026-03-16T11:18:00Z</time>
      </trkpt>
      <trkpt lat="64.50373" lon="14.18189">
        <time>2026-03-16T11:28:00Z</time>
      </trkpt>
      <trkpt lat="64.50257" lon="14.19236">
        <time>2026-03-16T11:38:00Z</time>
      </trkpt>
      <trkpt lat="64.50227" lon="14.19837">
        <time>2026-03-16T11:48:00Z</time>
      </trkpt>
      <trkpt lat="64.50175" lon="14.20661">
        <time>2026-03-16T11:58:00Z</time>
      </trkpt>
      <trkpt lat="64.5018" lon="14.21083">
        <time>2026-03-16T12:08:00Z</time>
      </trkpt>
      <trkpt lat="64.50182" lon="14.21083">
        <time>2026-03-16T12:18:00Z</time>
      </trkpt>
      <trkpt lat="64.50329" lon="14.21967">
        <time>2026-03-16T12:38:00Z</time>
      </trkpt>
      <trkpt lat="64.5046" lon="14.22972">
        <time>2026-03-16T12:48:00Z</time>
      </trkpt>
      <trkpt lat="64.50491" lon="14.24107">
        <time>2026-03-16T12:58:00Z</time>
      </trkpt>
      <trkpt lat="64.50738" lon="14.2492">
        <time>2026-03-16T13:08:00Z</time>
      </trkpt>
      <trkpt lat="64.5103" lon="14.24665">
        <time>2026-03-16T13:18:00Z</time>
      </trkpt>
      <trkpt lat="64.51293" lon="14.24085">
        <time>2026-03-16T13:28:00Z</time>
      </trkpt>
      <trkpt lat="64.51921" lon="14.22751">
        <time>2026-03-16T13:38:00Z</time>
      </trkpt>
      <trkpt lat="64.52201" lon="14.23373">
        <time>2026-03-16T13:48:00Z</time>
      </trkpt>
      <trkpt lat="64.52241" lon="14.23787">
        <time>2026-03-16T13:58:00Z</time>
      </trkpt>
      <trkpt lat="64.52215" lon="14.2486">
        <time>2026-03-16T14:08:00Z</time>
      </trkpt>
      <trkpt lat="64.52489" lon="14.25042">
        <time>2026-03-16T14:18:00Z</time>
      </trkpt>
      <trkpt lat="64.52978" lon="14.24158">
        <time>2026-03-16T14:28:00Z</time>
      </trkpt>
      <trkpt lat="64.53625" lon="14.23811">
        <time>2026-03-16T14:38:00Z</time>
      </trkpt>
      <trkpt lat="64.54227" lon="14.23353">
        <time>2026-03-16T14:48:00Z</time>
      </trkpt>
      <trkpt lat="64.54773" lon="14.22972">
        <time>2026-03-16T14:58:00Z</time>
      </trkpt>
      <trkpt lat="64.55301" lon="14.22482">
        <time>2026-03-16T15:08:00Z</time>
      </trkpt>
      <trkpt lat="64.55909" lon="14.233">
        <time>2026-03-16T15:18:00Z</time>
      </trkpt>
      <trkpt lat="64.56381" lon="14.24345">
        <time>2026-03-16T15:28:00Z</time>
      </trkpt>
      <trkpt lat="64.56708" lon="14.24903">
        <time>2026-03-16T15:38:00Z</time>
      </trkpt>
      <trkpt lat="64.5677" lon="14.24982">
        <time>2026-03-16T15:48:00Z</time>
      </trkpt>
      <trkpt lat="64.56754" lon="14.24976">
        <time>2026-03-16T15:49:00Z</time>
      </trkpt>
      <trkpt lat="64.56755" lon="14.24969">
        <time>2026-03-17T06:47:00Z</time>
      </trkpt>
      <trkpt lat="64.56798" lon="14.25551">
        <time>2026-03-17T06:57:00Z</time>
      </trkpt>
      <trkpt lat="64.57035" lon="14.26583">
        <time>2026-03-17T07:07:00Z</time>
      </trkpt>
      <trkpt lat="64.57585" lon="14.26939">
        <time>2026-03-17T07:17:00Z</time>
      </trkpt>
      <trkpt lat="64.57982" lon="14.2733">
        <time>2026-03-17T07:27:00Z</time>
      </trkpt>
      <trkpt lat="64.58353" lon="14.27008">
        <time>2026-03-17T07:37:00Z</time>
      </trkpt>
      <trkpt lat="64.58672" lon="14.26694">
        <time>2026-03-17T07:47:00Z</time>
      </trkpt>
      <trkpt lat="64.58904" lon="14.26373">
        <time>2026-03-17T07:57:00Z</time>
      </trkpt>
      <trkpt lat="64.59275" lon="14.25853">
        <time>2026-03-17T08:07:00Z</time>
      </trkpt>
      <trkpt lat="64.59403" lon="14.2589">
        <time>2026-03-17T08:17:00Z</time>
      </trkpt>
      <trkpt lat="64.59727" lon="14.26115">
        <time>2026-03-17T08:27:00Z</time>
      </trkpt>
      <trkpt lat="64.60219" lon="14.26297">
        <time>2026-03-17T08:37:00Z</time>
      </trkpt>
      <trkpt lat="64.60501" lon="14.26467">
        <time>2026-03-17T08:47:00Z</time>
      </trkpt>
      <trkpt lat="64.60771" lon="14.26873">
        <time>2026-03-17T08:57:00Z</time>
      </trkpt>
      <trkpt lat="64.61195" lon="14.27373">
        <time>2026-03-17T09:07:00Z</time>
      </trkpt>
      <trkpt lat="64.61835" lon="14.27821">
        <time>2026-03-17T09:17:00Z</time>
      </trkpt>
      <trkpt lat="64.62158" lon="14.28085">
        <time>2026-03-17T09:27:00Z</time>
      </trkpt>
      <trkpt lat="64.62691" lon="14.27868">
        <time>2026-03-17T09:37:00Z</time>
      </trkpt>
      <trkpt lat="64.63015" lon="14.27538">
        <time>2026-03-17T09:47:00Z</time>
      </trkpt>
      <trkpt lat="64.6352" lon="14.27289">
        <time>2026-03-17T09:57:00Z</time>
      </trkpt>
      <trkpt lat="64.6391" lon="14.27325">
        <time>2026-03-17T10:07:00Z</time>
      </trkpt>
      <trkpt lat="64.64301" lon="14.27463">
        <time>2026-03-17T10:17:00Z</time>
      </trkpt>
      <trkpt lat="64.65178" lon="14.28207">
        <time>2026-03-17T10:27:00Z</time>
      </trkpt>
      <trkpt lat="64.65723" lon="14.28666">
        <time>2026-03-17T10:37:00Z</time>
      </trkpt>
      <trkpt lat="64.6592" lon="14.28791">
        <time>2026-03-17T10:47:00Z</time>
      </trkpt>
      <trkpt lat="64.66109" lon="14.28963">
        <time>2026-03-17T10:58:00Z</time>
      </trkpt>
      <trkpt lat="64.6622" lon="14.29299">
        <time>2026-03-17T11:08:00Z</time>
      </trkpt>
      <trkpt lat="64.66283" lon="14.2951">
        <time>2026-03-17T11:18:00Z</time>
      </trkpt>
      <trkpt lat="64.66291" lon="14.29563">
        <time>2026-03-17T11:28:00Z</time>
      </trkpt>
      <trkpt lat="64.66358" lon="14.29733">
        <time>2026-03-17T11:38:00Z</time>
      </trkpt>
      <trkpt lat="64.6638" lon="14.2992">
        <time>2026-03-17T11:48:00Z</time>
      </trkpt>
      <trkpt lat="64.66407" lon="14.30244">
        <time>2026-03-17T11:58:00Z</time>
      </trkpt>
      <trkpt lat="64.66488" lon="14.30407">
        <time>2026-03-17T12:08:00Z</time>
      </trkpt>
      <trkpt lat="64.66546" lon="14.30754">
        <time>2026-03-17T12:18:00Z</time>
      </trkpt>
      <trkpt lat="64.66521" lon="14.31033">
        <time>2026-03-17T12:28:00Z</time>
      </trkpt>
      <trkpt lat="64.66513" lon="14.31325">
        <time>2026-03-17T12:38:00Z</time>
      </trkpt>
      <trkpt lat="64.66615" lon="14.31604">
        <time>2026-03-17T12:48:00Z</time>
      </trkpt>
      <trkpt lat="64.66695" lon="14.31778">
        <time>2026-03-17T12:58:00Z</time>
      </trkpt>
      <trkpt lat="64.66813" lon="14.31979">
        <time>2026-03-17T13:08:00Z</time>
      </trkpt>
      <trkpt lat="64.67002" lon="14.32179">
        <time>2026-03-17T13:18:00Z</time>
      </trkpt>
      <trkpt lat="64.67168" lon="14.32467">
        <time>2026-03-17T13:28:00Z</time>
      </trkpt>
      <trkpt lat="64.6747" lon="14.3257">
        <time>2026-03-17T13:38:00Z</time>
      </trkpt>
      <trkpt lat="64.67858" lon="14.31907">
        <time>2026-03-17T13:48:00Z</time>
      </trkpt>
      <trkpt lat="64.68257" lon="14.32398">
        <time>2026-03-17T13:58:00Z</time>
      </trkpt>
      <trkpt lat="64.68633" lon="14.331">
        <time>2026-03-17T14:08:00Z</time>
      </trkpt>
      <trkpt lat="64.6922" lon="14.33936">
        <time>2026-03-17T14:18:00Z</time>
      </trkpt>
      <trkpt lat="64.69481" lon="14.34228">
        <time>2026-03-17T14:28:00Z</time>
      </trkpt>
      <trkpt lat="64.69798" lon="14.3431">
        <time>2026-03-17T14:38:00Z</time>
      </trkpt>
      <trkpt lat="64.69929" lon="14.34578">
        <time>2026-03-17T14:48:00Z</time>
      </trkpt>
      <trkpt lat="64.70166" lon="14.34649">
        <time>2026-03-17T14:58:00Z</time>
      </trkpt>
      <trkpt lat="64.703" lon="14.34715">
        <time>2026-03-17T15:08:00Z</time>
      </trkpt>
      <trkpt lat="64.70352" lon="14.34793">
        <time>2026-03-17T15:18:00Z</time>
      </trkpt>
      <trkpt lat="64.70568" lon="14.34941">
        <time>2026-03-17T15:28:00Z</time>
      </trkpt>
      <trkpt lat="64.70631" lon="14.35022">
        <time>2026-03-17T15:38:00Z</time>
      </trkpt>
      <trkpt lat="64.70742" lon="14.35046">
        <time>2026-03-17T15:48:00Z</time>
      </trkpt>
      <trkpt lat="64.71122" lon="14.3531">
        <time>2026-03-17T15:58:00Z</time>
      </trkpt>
      <trkpt lat="64.71802" lon="14.36689">
        <time>2026-03-17T16:08:00Z</time>
      </trkpt>
      <trkpt lat="64.72488" lon="14.36535">
        <time>2026-03-17T16:18:00Z</time>
      </trkpt>
      <trkpt lat="64.73057" lon="14.36247">
        <time>2026-03-17T16:28:00Z</time>
      </trkpt>
      <trkpt lat="64.73924" lon="14.36578">
        <time>2026-03-17T16:38:00Z</time>
      </trkpt>
      <trkpt lat="64.74516" lon="14.36533">
        <time>2026-03-17T16:48:00Z</time>
      </trkpt>
      <trkpt lat="64.74925" lon="14.3649">
        <time>2026-03-17T16:58:00Z</time>
      </trkpt>
      <trkpt lat="64.75414" lon="14.369">
        <time>2026-03-17T17:08:00Z</time>
      </trkpt>
      <trkpt lat="64.75645" lon="14.36241">
        <time>2026-03-17T17:18:00Z</time>
      </trkpt>
      <trkpt lat="64.75966" lon="14.35162">
        <time>2026-03-17T17:28:00Z</time>
      </trkpt>
      <trkpt lat="64.76499" lon="14.34123">
        <time>2026-03-17T17:38:00Z</time>
      </trkpt>
      <trkpt lat="64.77239" lon="14.33297">
        <time>2026-03-17T17:48:00Z</time>
      </trkpt>
      <trkpt lat="64.77818" lon="14.32894">
        <time>2026-03-17T17:58:00Z</time>
      </trkpt>
      <trkpt lat="64.77847" lon="14.32179">
        <time>2026-03-17T18:08:00Z</time>
      </trkpt>
      <trkpt lat="64.78183" lon="14.3095">
        <time>2026-03-17T18:18:00Z</time>
      </trkpt>
      <trkpt lat="64.78192" lon="14.30917">
        <time>2026-03-17T18:18:00Z</time>
      </trkpt>
      <trkpt lat="64.78221" lon="14.3087">
        <time>2026-03-18T07:17:00Z</time>
      </trkpt>
      <trkpt lat="64.78694" lon="14.29593">
        <time>2026-03-18T07:27:00Z</time>
      </trkpt>
      <trkpt lat="64.78983" lon="14.29209">
        <time>2026-03-18T07:37:00Z</time>
      </trkpt>
      <trkpt lat="64.79176" lon="14.2919">
        <time>2026-03-18T07:47:00Z</time>
      </trkpt>
      <trkpt lat="64.79428" lon="14.2937">
        <time>2026-03-18T07:57:00Z</time>
      </trkpt>
      <trkpt lat="64.79594" lon="14.29252">
        <time>2026-03-18T08:07:00Z</time>
      </trkpt>
      <trkpt lat="64.79855" lon="14.28997">
        <time>2026-03-18T08:17:00Z</time>
      </trkpt>
      <trkpt lat="64.79979" lon="14.28894">
        <time>2026-03-18T08:27:00Z</time>
      </trkpt>
      <trkpt lat="64.80264" lon="14.28703">
        <time>2026-03-18T08:37:00Z</time>
      </trkpt>
      <trkpt lat="64.80722" lon="14.28104">
        <time>2026-03-18T08:47:00Z</time>
      </trkpt>
      <trkpt lat="64.81029" lon="14.26984">
        <time>2026-03-18T08:57:00Z</time>
      </trkpt>
      <trkpt lat="64.81062" lon="14.26351">
        <time>2026-03-18T09:07:00Z</time>
      </trkpt>
      <trkpt lat="64.81095" lon="14.26293">
        <time>2026-03-18T09:17:00Z</time>
      </trkpt>
      <trkpt lat="64.81307" lon="14.2495">
        <time>2026-03-18T09:27:00Z</time>
      </trkpt>
      <trkpt lat="64.81842" lon="14.24321">
        <time>2026-03-18T09:37:00Z</time>
      </trkpt>
      <trkpt lat="64.8215" lon="14.24871">
        <time>2026-03-18T09:47:00Z</time>
      </trkpt>
      <trkpt lat="64.82447" lon="14.25476">
        <time>2026-03-18T09:57:00Z</time>
      </trkpt>
      <trkpt lat="64.82702" lon="14.25731">
        <time>2026-03-18T10:07:00Z</time>
      </trkpt>
      <trkpt lat="64.83261" lon="14.25845">
        <time>2026-03-18T10:17:00Z</time>
      </trkpt>
      <trkpt lat="64.83491" lon="14.26986">
        <time>2026-03-18T10:27:00Z</time>
      </trkpt>
      <trkpt lat="64.83979" lon="14.28109">
        <time>2026-03-18T10:37:00Z</time>
      </trkpt>
      <trkpt lat="64.84341" lon="14.28834">
        <time>2026-03-18T10:47:00Z</time>
      </trkpt>
      <trkpt lat="64.84491" lon="14.29226">
        <time>2026-03-18T10:57:00Z</time>
      </trkpt>
      <trkpt lat="64.84607" lon="14.29782">
        <time>2026-03-18T11:07:00Z</time>
      </trkpt>
      <trkpt lat="64.84765" lon="14.30121">
        <time>2026-03-18T11:17:00Z</time>
      </trkpt>
      <trkpt lat="64.84954" lon="14.31304">
        <time>2026-03-18T11:27:00Z</time>
      </trkpt>
      <trkpt lat="64.85024" lon="14.32546">
        <time>2026-03-18T11:37:00Z</time>
      </trkpt>
      <trkpt lat="64.8498" lon="14.33256">
        <time>2026-03-18T11:47:00Z</time>
      </trkpt>
      <trkpt lat="64.84799" lon="14.34458">
        <time>2026-03-18T11:57:00Z</time>
      </trkpt>
      <trkpt lat="64.84765" lon="14.35859">
        <time>2026-03-18T12:07:00Z</time>
      </trkpt>
      <trkpt lat="64.8506" lon="14.37204">
        <time>2026-03-18T12:17:00Z</time>
      </trkpt>
      <trkpt lat="64.8538" lon="14.3838">
        <time>2026-03-18T12:27:00Z</time>
      </trkpt>
      <trkpt lat="64.85514" lon="14.39678">
        <time>2026-03-18T12:37:00Z</time>
      </trkpt>
      <trkpt lat="64.85365" lon="14.41253">
        <time>2026-03-18T12:47:00Z</time>
      </trkpt>
      <trkpt lat="64.85332" lon="14.42313">
        <time>2026-03-18T12:57:00Z</time>
      </trkpt>
      <trkpt lat="64.85672" lon="14.43371">
        <time>2026-03-18T13:07:00Z</time>
      </trkpt>
      <trkpt lat="64.85943" lon="14.42818">
        <time>2026-03-18T13:17:00Z</time>
      </trkpt>
      <trkpt lat="64.8607" lon="14.42464">
        <time>2026-03-18T13:27:00Z</time>
      </trkpt>
      <trkpt lat="64.8634" lon="14.43041">
        <time>2026-03-18T13:37:00Z</time>
      </trkpt>
      <trkpt lat="64.86529" lon="14.44391">
        <time>2026-03-18T13:47:00Z</time>
      </trkpt>
      <trkpt lat="64.86659" lon="14.45845">
        <time>2026-03-18T13:57:00Z</time>
      </trkpt>
      <trkpt lat="64.86923" lon="14.47253">
        <time>2026-03-18T14:07:00Z</time>
      </trkpt>
      <trkpt lat="64.86982" lon="14.48429">
        <time>2026-03-18T14:17:00Z</time>
      </trkpt>
      <trkpt lat="64.87033" lon="14.49094">
        <time>2026-03-18T14:27:00Z</time>
      </trkpt>
      <trkpt lat="64.8738" lon="14.5051">
        <time>2026-03-18T14:37:00Z</time>
      </trkpt>
      <trkpt lat="64.8778" lon="14.51437">
        <time>2026-03-18T14:47:00Z</time>
      </trkpt>
      <trkpt lat="64.88354" lon="14.52564">
        <time>2026-03-18T14:57:00Z</time>
      </trkpt>
      <trkpt lat="64.88779" lon="14.53806">
        <time>2026-03-18T15:07:00Z</time>
      </trkpt>
      <trkpt lat="64.89001" lon="14.55907">
        <time>2026-03-18T15:17:00Z</time>
      </trkpt>
      <trkpt lat="64.89181" lon="14.57518">
        <time>2026-03-18T15:27:00Z</time>
      </trkpt>
      <trkpt lat="64.89515" lon="14.58724">
        <time>2026-03-18T15:37:00Z</time>
      </trkpt>
      <trkpt lat="64.90077" lon="14.58046">
        <time>2026-03-18T15:47:00Z</time>
      </trkpt>
      <trkpt lat="64.90572" lon="14.56945">
        <time>2026-03-18T15:57:00Z</time>
      </trkpt>
      <trkpt lat="64.91053" lon="14.55916">
        <time>2026-03-18T16:07:00Z</time>
      </trkpt>
      <trkpt lat="64.91576" lon="14.55403">
        <time>2026-03-18T16:17:00Z</time>
      </trkpt>
      <trkpt lat="64.91576" lon="14.55403">
        <time>2026-03-18T16:17:00Z</time>
      </trkpt>
      <trkpt lat="64.91576" lon="14.55407">
        <time>2026-03-19T07:13:00Z</time>
      </trkpt>
      <trkpt lat="64.9189" lon="14.55574">
        <time>2026-03-19T07:23:00Z</time>
      </trkpt>
      <trkpt lat="64.92102" lon="14.55587">
        <time>2026-03-19T07:33:00Z</time>
      </trkpt>
      <trkpt lat="64.92267" lon="14.56102">
        <time>2026-03-19T07:43:00Z</time>
      </trkpt>
      <trkpt lat="64.92394" lon="14.56392">
        <time>2026-03-19T07:53:00Z</time>
      </trkpt>
      <trkpt lat="64.92469" lon="14.56675">
        <time>2026-03-19T08:03:00Z</time>
      </trkpt>
      <trkpt lat="64.92597" lon="14.56999">
        <time>2026-03-19T08:13:00Z</time>
      </trkpt>
      <trkpt lat="64.92834" lon="14.57362">
        <time>2026-03-19T08:23:00Z</time>
      </trkpt>
      <trkpt lat="64.93129" lon="14.5795">
        <time>2026-03-19T08:33:00Z</time>
      </trkpt>
      <trkpt lat="64.93319" lon="14.58231">
        <time>2026-03-19T08:43:00Z</time>
      </trkpt>
      <trkpt lat="64.93556" lon="14.58877">
        <time>2026-03-19T08:53:00Z</time>
      </trkpt>
      <trkpt lat="64.93892" lon="14.59518">
        <time>2026-03-19T09:03:00Z</time>
      </trkpt>
      <trkpt lat="64.94184" lon="14.60304">
        <time>2026-03-19T09:13:00Z</time>
      </trkpt>
      <trkpt lat="64.94335" lon="14.61093">
        <time>2026-03-19T09:23:00Z</time>
      </trkpt>
      <trkpt lat="64.94438" lon="14.61879">
        <time>2026-03-19T09:33:00Z</time>
      </trkpt>
      <trkpt lat="64.94622" lon="14.62642">
        <time>2026-03-19T09:43:00Z</time>
      </trkpt>
      <trkpt lat="64.9489" lon="14.63404">
        <time>2026-03-19T09:53:00Z</time>
      </trkpt>
      <trkpt lat="64.95135" lon="14.64185">
        <time>2026-03-19T10:03:00Z</time>
      </trkpt>
      <trkpt lat="64.95315" lon="14.65533">
        <time>2026-03-19T10:13:00Z</time>
      </trkpt>
      <trkpt lat="64.95597" lon="14.66696">
        <time>2026-03-19T10:23:00Z</time>
      </trkpt>
      <trkpt lat="64.96046" lon="14.67784">
        <time>2026-03-19T10:33:00Z</time>
      </trkpt>
      <trkpt lat="64.96383" lon="14.68378">
        <time>2026-03-19T10:43:00Z</time>
      </trkpt>
      <trkpt lat="64.96884" lon="14.68749">
        <time>2026-03-19T10:53:00Z</time>
      </trkpt>
      <trkpt lat="64.97426" lon="14.7">
        <time>2026-03-19T11:03:00Z</time>
      </trkpt>
      <trkpt lat="64.98037" lon="14.71344">
        <time>2026-03-19T11:13:00Z</time>
      </trkpt>
      <trkpt lat="64.98549" lon="14.71886">
        <time>2026-03-19T11:23:00Z</time>
      </trkpt>
      <trkpt lat="64.99297" lon="14.72399">
        <time>2026-03-19T11:33:00Z</time>
      </trkpt>
      <trkpt lat="65.0002" lon="14.72367">
        <time>2026-03-19T11:43:00Z</time>
      </trkpt>
      <trkpt lat="65.00746" lon="14.72509">
        <time>2026-03-19T11:53:00Z</time>
      </trkpt>
      <trkpt lat="65.01414" lon="14.73221">
        <time>2026-03-19T12:03:00Z</time>
      </trkpt>
      <trkpt lat="65.0217" lon="14.73429">
        <time>2026-03-19T12:13:00Z</time>
      </trkpt>
      <trkpt lat="65.03214" lon="14.73045">
        <time>2026-03-19T12:23:00Z</time>
      </trkpt>
      <trkpt lat="65.04152" lon="14.72672">
        <time>2026-03-19T12:33:00Z</time>
      </trkpt>
      <trkpt lat="65.0475" lon="14.73575">
        <time>2026-03-19T12:43:00Z</time>
      </trkpt>
      <trkpt lat="65.04911" lon="14.74974">
        <time>2026-03-19T12:53:00Z</time>
      </trkpt>
      <trkpt lat="65.05029" lon="14.7592">
        <time>2026-03-19T13:03:00Z</time>
      </trkpt>
      <trkpt lat="65.05159" lon="14.77495">
        <time>2026-03-19T13:13:00Z</time>
      </trkpt>
      <trkpt lat="65.05374" lon="14.79146">
        <time>2026-03-19T13:23:00Z</time>
      </trkpt>
      <trkpt lat="65.0576" lon="14.80403">
        <time>2026-03-19T13:33:00Z</time>
      </trkpt>
      <trkpt lat="65.06263" lon="14.81231">
        <time>2026-03-19T13:43:00Z</time>
      </trkpt>
      <trkpt lat="65.06337" lon="14.80914">
        <time>2026-03-19T13:49:00Z</time>
      </trkpt>
      <trkpt lat="65.06331" lon="14.80871">
        <time>2026-03-21T08:54:00Z</time>
      </trkpt>
      <trkpt lat="65.06307" lon="14.81598">
        <time>2026-03-21T09:04:00Z</time>
      </trkpt>
      <trkpt lat="65.06294" lon="14.82489">
        <time>2026-03-21T09:14:00Z</time>
      </trkpt>
      <trkpt lat="65.06048" lon="14.83989">
        <time>2026-03-21T09:24:00Z</time>
      </trkpt>
      <trkpt lat="65.05905" lon="14.85952">
        <time>2026-03-21T09:34:00Z</time>
      </trkpt>
      <trkpt lat="65.05749" lon="14.87913">
        <time>2026-03-21T09:44:00Z</time>
      </trkpt>
      <trkpt lat="65.05563" lon="14.89971">
        <time>2026-03-21T09:54:00Z</time>
      </trkpt>
      <trkpt lat="65.05459" lon="14.91419">
        <time>2026-03-21T10:04:00Z</time>
      </trkpt>
      <trkpt lat="65.05422" lon="14.93366">
        <time>2026-03-21T10:14:00Z</time>
      </trkpt>
      <trkpt lat="65.05496" lon="14.95374">
        <time>2026-03-21T10:24:00Z</time>
      </trkpt>
      <trkpt lat="65.05647" lon="14.97046">
        <time>2026-03-21T10:34:00Z</time>
      </trkpt>
      <trkpt lat="65.05762" lon="14.98503">
        <time>2026-03-21T10:44:00Z</time>
      </trkpt>
      <trkpt lat="65.0587" lon="15.00361">
        <time>2026-03-21T10:54:00Z</time>
      </trkpt>
      <trkpt lat="65.05979" lon="15.02125">
        <time>2026-03-21T11:04:00Z</time>
      </trkpt>
      <trkpt lat="65.06132" lon="15.03996">
        <time>2026-03-21T11:14:00Z</time>
      </trkpt>
      <trkpt lat="65.06134" lon="15.05691">
        <time>2026-03-21T11:24:00Z</time>
      </trkpt>
      <trkpt lat="65.06339" lon="15.05978">
        <time>2026-03-21T11:34:00Z</time>
      </trkpt>
      <trkpt lat="65.06592" lon="15.06822">
        <time>2026-03-21T11:44:00Z</time>
      </trkpt>
      <trkpt lat="65.06997" lon="15.08124">
        <time>2026-03-21T11:54:00Z</time>
      </trkpt>
      <trkpt lat="65.07394" lon="15.08043">
        <time>2026-03-21T12:04:00Z</time>
      </trkpt>
      <trkpt lat="65.07829" lon="15.08895">
        <time>2026-03-21T12:14:00Z</time>
      </trkpt>
      <trkpt lat="65.08437" lon="15.08871">
        <time>2026-03-21T12:24:00Z</time>
      </trkpt>
      <trkpt lat="65.08955" lon="15.08882">
        <time>2026-03-21T12:34:00Z</time>
      </trkpt>
      <trkpt lat="65.09659" lon="15.08637">
        <time>2026-03-21T12:44:00Z</time>
      </trkpt>
      <trkpt lat="65.10326" lon="15.08216">
        <time>2026-03-21T12:54:00Z</time>
      </trkpt>
      <trkpt lat="65.10747" lon="15.07373">
        <time>2026-03-21T13:04:00Z</time>
      </trkpt>
      <trkpt lat="65.11268" lon="15.06468">
        <time>2026-03-21T13:14:00Z</time>
      </trkpt>
      <trkpt lat="65.11639" lon="15.05202">
        <time>2026-03-21T13:24:00Z</time>
      </trkpt>
      <trkpt lat="65.11896" lon="15.04206">
        <time>2026-03-21T13:34:00Z</time>
      </trkpt>
      <trkpt lat="65.12323" lon="15.03466">
        <time>2026-03-21T13:44:00Z</time>
      </trkpt>
      <trkpt lat="65.13056" lon="15.03303">
        <time>2026-03-21T13:54:00Z</time>
      </trkpt>
      <trkpt lat="65.1373" lon="15.0285">
        <time>2026-03-21T14:04:00Z</time>
      </trkpt>
      <trkpt lat="65.14255" lon="15.03388">
        <time>2026-03-21T14:14:00Z</time>
      </trkpt>
      <trkpt lat="65.14655" lon="15.03998">
        <time>2026-03-21T14:24:00Z</time>
      </trkpt>
      <trkpt lat="65.15023" lon="15.04277">
        <time>2026-03-21T14:34:00Z</time>
      </trkpt>
      <trkpt lat="65.15411" lon="15.04794">
        <time>2026-03-21T14:44:00Z</time>
      </trkpt>
      <trkpt lat="65.15789" lon="15.05787">
        <time>2026-03-21T14:54:00Z</time>
      </trkpt>
      <trkpt lat="65.16337" lon="15.06032">
        <time>2026-03-21T15:04:00Z</time>
      </trkpt>
      <trkpt lat="65.16758" lon="15.05912">
        <time>2026-03-21T15:14:00Z</time>
      </trkpt>
      <trkpt lat="65.17323" lon="15.06429">
        <time>2026-03-21T15:24:00Z</time>
      </trkpt>
      <trkpt lat="65.17578" lon="15.06841">
        <time>2026-03-21T15:34:00Z</time>
      </trkpt>
      <trkpt lat="65.18073" lon="15.0751">
        <time>2026-03-21T15:44:00Z</time>
      </trkpt>
      <trkpt lat="65.18706" lon="15.07053">
        <time>2026-03-21T15:54:00Z</time>
      </trkpt>
      <trkpt lat="65.18907" lon="15.06893">
        <time>2026-03-21T16:04:00Z</time>
      </trkpt>
      <trkpt lat="65.19627" lon="15.06328">
        <time>2026-03-21T16:14:00Z</time>
      </trkpt>
      <trkpt lat="65.20316" lon="15.0577">
        <time>2026-03-21T16:24:00Z</time>
      </trkpt>
      <trkpt lat="65.21064" lon="15.05174">
        <time>2026-03-21T16:34:00Z</time>
      </trkpt>
      <trkpt lat="65.21686" lon="15.04689">
        <time>2026-03-21T16:44:00Z</time>
      </trkpt>
      <trkpt lat="65.22383" lon="15.04112">
        <time>2026-03-21T16:54:00Z</time>
      </trkpt>
      <trkpt lat="65.23072" lon="15.03601">
        <time>2026-03-21T17:04:00Z</time>
      </trkpt>
      <trkpt lat="65.2374" lon="15.03125">
        <time>2026-03-21T17:14:00Z</time>
      </trkpt>
      <trkpt lat="65.24309" lon="15.02706">
        <time>2026-03-21T17:24:00Z</time>
      </trkpt>
      <trkpt lat="65.24989" lon="15.02213">
        <time>2026-03-21T17:34:00Z</time>
      </trkpt>
      <trkpt lat="65.2551" lon="15.02408">
        <time>2026-03-21T17:44:00Z</time>
      </trkpt>
      <trkpt lat="65.25671" lon="15.02798">
        <time>2026-03-21T17:54:00Z</time>
      </trkpt>
      <trkpt lat="65.25663" lon="15.02796">
        <time>2026-03-21T17:59:00Z</time>
      </trkpt>
      <trkpt lat="65.25777" lon="15.03043">
        <time>2026-03-22T07:49:00Z</time>
      </trkpt>
      <trkpt lat="65.26352" lon="15.02283">
        <time>2026-03-22T07:59:00Z</time>
      </trkpt>
      <trkpt lat="65.27007" lon="15.02084">
        <time>2026-03-22T08:09:00Z</time>
      </trkpt>
      <trkpt lat="65.27644" lon="15.01929">
        <time>2026-03-22T08:19:00Z</time>
      </trkpt>
      <trkpt lat="65.28125" lon="15.0235">
        <time>2026-03-22T08:29:00Z</time>
      </trkpt>
      <trkpt lat="65.2843" lon="15.0235">
        <time>2026-03-22T08:39:00Z</time>
      </trkpt>
      <trkpt lat="65.2912" lon="15.02161">
        <time>2026-03-22T08:49:00Z</time>
      </trkpt>
      <trkpt lat="65.29731" lon="15.02449">
        <time>2026-03-22T08:59:00Z</time>
      </trkpt>
      <trkpt lat="65.29876" lon="15.02547">
        <time>2026-03-22T09:09:00Z</time>
      </trkpt>
      <trkpt lat="65.30377" lon="15.02676">
        <time>2026-03-22T09:19:00Z</time>
      </trkpt>
      <trkpt lat="65.30761" lon="15.02981">
        <time>2026-03-22T09:29:00Z</time>
      </trkpt>
      <trkpt lat="65.31132" lon="15.0371">
        <time>2026-03-22T09:39:00Z</time>
      </trkpt>
      <trkpt lat="65.31621" lon="15.04442">
        <time>2026-03-22T09:49:00Z</time>
      </trkpt>
      <trkpt lat="65.32055" lon="15.05607">
        <time>2026-03-22T09:59:00Z</time>
      </trkpt>
      <trkpt lat="65.32347" lon="15.06073">
        <time>2026-03-22T10:09:00Z</time>
      </trkpt>
      <trkpt lat="65.32749" lon="15.06553">
        <time>2026-03-22T10:19:00Z</time>
      </trkpt>
      <trkpt lat="65.33133" lon="15.07156">
        <time>2026-03-22T10:29:00Z</time>
      </trkpt>
      <trkpt lat="65.33323" lon="15.08191">
        <time>2026-03-22T10:39:00Z</time>
      </trkpt>
      <trkpt lat="65.33408" lon="15.09085">
        <time>2026-03-22T10:49:00Z</time>
      </trkpt>
      <trkpt lat="65.33638" lon="15.09725">
        <time>2026-03-22T10:59:00Z</time>
      </trkpt>
      <trkpt lat="65.3386" lon="15.1006">
        <time>2026-03-22T11:09:00Z</time>
      </trkpt>
      <trkpt lat="65.34081" lon="15.10251">
        <time>2026-03-22T11:19:00Z</time>
      </trkpt>
      <trkpt lat="65.34177" lon="15.10847">
        <time>2026-03-22T11:29:00Z</time>
      </trkpt>
      <trkpt lat="65.34594" lon="15.1071">
        <time>2026-03-22T11:39:00Z</time>
      </trkpt>
      <trkpt lat="65.3514" lon="15.10049">
        <time>2026-03-22T11:49:00Z</time>
      </trkpt>
      <trkpt lat="65.35613" lon="15.09701">
        <time>2026-03-22T11:59:00Z</time>
      </trkpt>
      <trkpt lat="65.36027" lon="15.09562">
        <time>2026-03-22T12:09:00Z</time>
      </trkpt>
      <trkpt lat="65.36259" lon="15.09695">
        <time>2026-03-22T12:19:00Z</time>
      </trkpt>
      <trkpt lat="65.36537" lon="15.106">
        <time>2026-03-22T12:29:00Z</time>
      </trkpt>
      <trkpt lat="65.36552" lon="15.11881">
        <time>2026-03-22T12:39:00Z</time>
      </trkpt>
      <trkpt lat="65.36695" lon="15.1298">
        <time>2026-03-22T12:49:00Z</time>
      </trkpt>
      <trkpt lat="65.36842" lon="15.14321">
        <time>2026-03-22T12:59:00Z</time>
      </trkpt>
      <trkpt lat="65.37083" lon="15.14832">
        <time>2026-03-22T13:09:00Z</time>
      </trkpt>
      <trkpt lat="65.37242" lon="15.14735">
        <time>2026-03-22T13:19:00Z</time>
      </trkpt>
      <trkpt lat="65.37603" lon="15.13789">
        <time>2026-03-22T13:29:00Z</time>
      </trkpt>
      <trkpt lat="65.38035" lon="15.13306">
        <time>2026-03-22T13:39:00Z</time>
      </trkpt>
      <trkpt lat="65.38518" lon="15.1351">
        <time>2026-03-22T13:49:00Z</time>
      </trkpt>
      <trkpt lat="65.38724" lon="15.13677">
        <time>2026-03-22T13:59:00Z</time>
      </trkpt>
      <trkpt lat="65.38923" lon="15.13587">
        <time>2026-03-22T14:09:00Z</time>
      </trkpt>
      <trkpt lat="65.39004" lon="15.13463">
        <time>2026-03-22T14:19:00Z</time>
      </trkpt>
      <trkpt lat="65.39153" lon="15.13383">
        <time>2026-03-22T14:29:00Z</time>
      </trkpt>
      <trkpt lat="65.39283" lon="15.13317">
        <time>2026-03-22T14:39:00Z</time>
      </trkpt>
      <trkpt lat="65.39448" lon="15.14177">
        <time>2026-03-22T14:49:00Z</time>
      </trkpt>
      <trkpt lat="65.39871" lon="15.14677">
        <time>2026-03-22T14:59:00Z</time>
      </trkpt>
      <trkpt lat="65.40415" lon="15.1524">
        <time>2026-03-22T15:09:00Z</time>
      </trkpt>
      <trkpt lat="65.40719" lon="15.15742">
        <time>2026-03-22T15:19:00Z</time>
      </trkpt>
      <trkpt lat="65.41165" lon="15.1587">
        <time>2026-03-22T15:29:00Z</time>
      </trkpt>
      <trkpt lat="65.41505" lon="15.16892">
        <time>2026-03-22T15:39:00Z</time>
      </trkpt>
      <trkpt lat="65.41918" lon="15.18304">
        <time>2026-03-22T15:49:00Z</time>
      </trkpt>
      <trkpt lat="65.42371" lon="15.19804">
        <time>2026-03-22T15:59:00Z</time>
      </trkpt>
      <trkpt lat="65.4276" lon="15.21093">
        <time>2026-03-22T16:09:00Z</time>
      </trkpt>
      <trkpt lat="65.43158" lon="15.21971">
        <time>2026-03-22T16:19:00Z</time>
      </trkpt>
      <trkpt lat="65.4323" lon="15.22254">
        <time>2026-03-22T16:29:00Z</time>
      </trkpt>
      <trkpt lat="65.43351" lon="15.22552">
        <time>2026-03-22T16:39:00Z</time>
      </trkpt>
      <trkpt lat="65.43388" lon="15.23052">
        <time>2026-03-22T16:49:00Z</time>
      </trkpt>
      <trkpt lat="65.43424" lon="15.23434">
        <time>2026-03-22T16:59:00Z</time>
      </trkpt>
      <trkpt lat="65.43544" lon="15.23638">
        <time>2026-03-22T17:04:00Z</time>
      </trkpt>
      <trkpt lat="65.43542" lon="15.23636">
        <time>2026-03-23T08:07:00Z</time>
      </trkpt>
      <trkpt lat="65.43638" lon="15.23599">
        <time>2026-03-23T08:17:00Z</time>
      </trkpt>
      <trkpt lat="65.44528" lon="15.23655">
        <time>2026-03-23T08:27:00Z</time>
      </trkpt>
      <trkpt lat="65.45166" lon="15.25007">
        <time>2026-03-23T08:37:00Z</time>
      </trkpt>
      <trkpt lat="65.45874" lon="15.25299">
        <time>2026-03-23T08:47:00Z</time>
      </trkpt>
      <trkpt lat="65.46343" lon="15.27041">
        <time>2026-03-23T08:57:00Z</time>
      </trkpt>
      <trkpt lat="65.46993" lon="15.28597">
        <time>2026-03-23T09:07:00Z</time>
      </trkpt>
      <trkpt lat="65.47498" lon="15.3052">
        <time>2026-03-23T09:17:00Z</time>
      </trkpt>
      <trkpt lat="65.47997" lon="15.31717">
        <time>2026-03-23T09:27:00Z</time>
      </trkpt>
      <trkpt lat="65.48282" lon="15.33084">
        <time>2026-03-23T09:37:00Z</time>
      </trkpt>
      <trkpt lat="65.48656" lon="15.34236">
        <time>2026-03-23T09:47:00Z</time>
      </trkpt>
      <trkpt lat="65.49" lon="15.35586">
        <time>2026-03-23T09:57:00Z</time>
      </trkpt>
      <trkpt lat="65.49169" lon="15.35579">
        <time>2026-03-23T10:07:00Z</time>
      </trkpt>
      <trkpt lat="65.49474" lon="15.35122">
        <time>2026-03-23T10:17:00Z</time>
      </trkpt>
      <trkpt lat="65.49747" lon="15.34721">
        <time>2026-03-23T10:27:00Z</time>
      </trkpt>
      <trkpt lat="65.50457" lon="15.34614">
        <time>2026-03-23T10:37:00Z</time>
      </trkpt>
      <trkpt lat="65.51066" lon="15.34571">
        <time>2026-03-23T10:47:00Z</time>
      </trkpt>
      <trkpt lat="65.51523" lon="15.34367">
        <time>2026-03-23T10:57:00Z</time>
      </trkpt>
      <trkpt lat="65.52236" lon="15.33685">
        <time>2026-03-23T11:07:00Z</time>
      </trkpt>
      <trkpt lat="65.52769" lon="15.3318">
        <time>2026-03-23T11:17:00Z</time>
      </trkpt>
      <trkpt lat="65.53591" lon="15.33264">
        <time>2026-03-23T11:27:00Z</time>
      </trkpt>
      <trkpt lat="65.54334" lon="15.33253">
        <time>2026-03-23T11:37:00Z</time>
      </trkpt>
      <trkpt lat="65.5501" lon="15.33818">
        <time>2026-03-23T11:47:00Z</time>
      </trkpt>
      <trkpt lat="65.55513" lon="15.34519">
        <time>2026-03-23T11:57:00Z</time>
      </trkpt>
      <trkpt lat="65.55617" lon="15.34659">
        <time>2026-03-23T12:07:00Z</time>
      </trkpt>
      <trkpt lat="65.55811" lon="15.34905">
        <time>2026-03-23T12:17:00Z</time>
      </trkpt>
      <trkpt lat="65.56052" lon="15.35041">
        <time>2026-03-23T12:27:00Z</time>
      </trkpt>
      <trkpt lat="65.56423" lon="15.35659">
        <time>2026-03-23T12:37:00Z</time>
      </trkpt>
      <trkpt lat="65.56607" lon="15.36047">
        <time>2026-03-23T12:47:00Z</time>
      </trkpt>
      <trkpt lat="65.5693" lon="15.36182">
        <time>2026-03-23T12:57:00Z</time>
      </trkpt>
      <trkpt lat="65.57235" lon="15.36133">
        <time>2026-03-23T13:07:00Z</time>
      </trkpt>
      <trkpt lat="65.57525" lon="15.35948">
        <time>2026-03-23T13:17:00Z</time>
      </trkpt>
      <trkpt lat="65.57946" lon="15.36058">
        <time>2026-03-23T13:27:00Z</time>
      </trkpt>
      <trkpt lat="65.58369" lon="15.36594">
        <time>2026-03-23T13:37:00Z</time>
      </trkpt>
      <trkpt lat="65.58807" lon="15.36556">
        <time>2026-03-23T13:47:00Z</time>
      </trkpt>
      <trkpt lat="65.59223" lon="15.36564">
        <time>2026-03-23T13:57:00Z</time>
      </trkpt>
      <trkpt lat="65.59719" lon="15.36822">
        <time>2026-03-23T14:07:00Z</time>
      </trkpt>
      <trkpt lat="65.6026" lon="15.36877">
        <time>2026-03-23T14:17:00Z</time>
      </trkpt>
      <trkpt lat="65.6043" lon="15.36345">
        <time>2026-03-23T14:27:00Z</time>
      </trkpt>
      <trkpt lat="65.60772" lon="15.35985">
        <time>2026-03-23T14:37:00Z</time>
      </trkpt>
      <trkpt lat="65.61363" lon="15.36146">
        <time>2026-03-23T14:47:00Z</time>
      </trkpt>
      <trkpt lat="65.62059" lon="15.36487">
        <time>2026-03-23T14:57:00Z</time>
      </trkpt>
      <trkpt lat="65.62633" lon="15.36498">
        <time>2026-03-23T15:07:00Z</time>
      </trkpt>
      <trkpt lat="65.6304" lon="15.35708">
        <time>2026-03-23T15:17:00Z</time>
      </trkpt>
      <trkpt lat="65.63279" lon="15.34337">
        <time>2026-03-23T15:27:00Z</time>
      </trkpt>
      <trkpt lat="65.6357" lon="15.3329">
        <time>2026-03-23T15:37:00Z</time>
      </trkpt>
      <trkpt lat="65.63544" lon="15.31678">
        <time>2026-03-23T15:47:00Z</time>
      </trkpt>
      <trkpt lat="65.64069" lon="15.3165">
        <time>2026-03-23T15:57:00Z</time>
      </trkpt>
      <trkpt lat="65.64585" lon="15.3167">
        <time>2026-03-23T16:07:00Z</time>
      </trkpt>
      <trkpt lat="65.65078" lon="15.30505">
        <time>2026-03-23T16:17:00Z</time>
      </trkpt>
      <trkpt lat="65.65461" lon="15.29365">
        <time>2026-03-23T16:27:00Z</time>
      </trkpt>
      <trkpt lat="65.65493" lon="15.2914">
        <time>2026-03-23T16:29:00Z</time>
      </trkpt>
      <trkpt lat="65.65502" lon="15.29148">
        <time>2026-03-24T07:40:00Z</time>
      </trkpt>
      <trkpt lat="65.66017" lon="15.29116">
        <time>2026-03-24T07:50:00Z</time>
      </trkpt>
      <trkpt lat="65.66179" lon="15.28754">
        <time>2026-03-24T08:00:00Z</time>
      </trkpt>
      <trkpt lat="65.66534" lon="15.27689">
        <time>2026-03-24T08:10:00Z</time>
      </trkpt>
      <trkpt lat="65.6688" lon="15.26486">
        <time>2026-03-24T08:20:00Z</time>
      </trkpt>
      <trkpt lat="65.67016" lon="15.25556">
        <time>2026-03-24T08:30:00Z</time>
      </trkpt>
      <trkpt lat="65.67251" lon="15.24466">
        <time>2026-03-24T08:40:00Z</time>
      </trkpt>
      <trkpt lat="65.6745" lon="15.23496">
        <time>2026-03-24T08:50:00Z</time>
      </trkpt>
      <trkpt lat="65.67492" lon="15.23119">
        <time>2026-03-24T09:00:00Z</time>
      </trkpt>
      <trkpt lat="65.6778" lon="15.2196">
        <time>2026-03-24T09:10:00Z</time>
      </trkpt>
      <trkpt lat="65.68054" lon="15.2108">
        <time>2026-03-24T09:20:00Z</time>
      </trkpt>
      <trkpt lat="65.68466" lon="15.19662">
        <time>2026-03-24T09:30:00Z</time>
      </trkpt>
      <trkpt lat="65.68953" lon="15.1898">
        <time>2026-03-24T09:40:00Z</time>
      </trkpt>
      <trkpt lat="65.69543" lon="15.18308">
        <time>2026-03-24T09:50:00Z</time>
      </trkpt>
      <trkpt lat="65.69871" lon="15.17864">
        <time>2026-03-24T10:00:00Z</time>
      </trkpt>
      <trkpt lat="65.70293" lon="15.16767">
        <time>2026-03-24T10:10:00Z</time>
      </trkpt>
      <trkpt lat="65.70746" lon="15.14954">
        <time>2026-03-24T10:20:00Z</time>
      </trkpt>
      <trkpt lat="65.71238" lon="15.15782">
        <time>2026-03-24T10:30:00Z</time>
      </trkpt>
      <trkpt lat="65.71266" lon="15.17136">
        <time>2026-03-24T10:40:00Z</time>
      </trkpt>
      <trkpt lat="65.71039" lon="15.18748">
        <time>2026-03-24T10:50:00Z</time>
      </trkpt>
      <trkpt lat="65.70807" lon="15.20359">
        <time>2026-03-24T11:00:00Z</time>
      </trkpt>
      <trkpt lat="65.70859" lon="15.21881">
        <time>2026-03-24T11:10:00Z</time>
      </trkpt>
      <trkpt lat="65.71103" lon="15.22295">
        <time>2026-03-24T11:20:00Z</time>
      </trkpt>
      <trkpt lat="65.70836" lon="15.23778">
        <time>2026-03-24T11:30:00Z</time>
      </trkpt>
      <trkpt lat="65.70981" lon="15.24378">
        <time>2026-03-24T11:40:00Z</time>
      </trkpt>
      <trkpt lat="65.71137" lon="15.24983">
        <time>2026-03-24T11:50:00Z</time>
      </trkpt>
      <trkpt lat="65.71155" lon="15.24983">
        <time>2026-03-24T11:51:00Z</time>
      </trkpt>
      <trkpt lat="65.71177" lon="15.2511">
        <time>2026-03-25T08:25:00Z</time>
      </trkpt>
      <trkpt lat="65.7111" lon="15.25586">
        <time>2026-03-25T08:35:00Z</time>
      </trkpt>
      <trkpt lat="65.71109" lon="15.25591">
        <time>2026-03-25T08:45:00Z</time>
      </trkpt>
      <trkpt lat="65.70969" lon="15.26835">
        <time>2026-03-25T08:55:00Z</time>
      </trkpt>
      <trkpt lat="65.7109" lon="15.28685">
        <time>2026-03-25T09:05:00Z</time>
      </trkpt>
      <trkpt lat="65.71304" lon="15.30513">
        <time>2026-03-25T09:15:00Z</time>
      </trkpt>
      <trkpt lat="65.71295" lon="15.31964">
        <time>2026-03-25T09:25:00Z</time>
      </trkpt>
      <trkpt lat="65.7155" lon="15.33403">
        <time>2026-03-25T09:35:00Z</time>
      </trkpt>
      <trkpt lat="65.71772" lon="15.33764">
        <time>2026-03-25T09:45:00Z</time>
      </trkpt>
      <trkpt lat="65.72169" lon="15.33303">
        <time>2026-03-25T09:55:00Z</time>
      </trkpt>
      <trkpt lat="65.72559" lon="15.33034">
        <time>2026-03-25T10:05:00Z</time>
      </trkpt>
      <trkpt lat="65.72879" lon="15.33511">
        <time>2026-03-25T10:15:00Z</time>
      </trkpt>
      <trkpt lat="65.7337" lon="15.33951">
        <time>2026-03-25T10:25:00Z</time>
      </trkpt>
      <trkpt lat="65.73769" lon="15.33446">
        <time>2026-03-25T10:35:00Z</time>
      </trkpt>
      <trkpt lat="65.7399" lon="15.32238">
        <time>2026-03-25T10:45:00Z</time>
      </trkpt>
      <trkpt lat="65.74565" lon="15.31256">
        <time>2026-03-25T10:55:00Z</time>
      </trkpt>
      <trkpt lat="65.75303" lon="15.30865">
        <time>2026-03-25T11:05:00Z</time>
      </trkpt>
      <trkpt lat="65.75755" lon="15.31">
        <time>2026-03-25T11:15:00Z</time>
      </trkpt>
      <trkpt lat="65.75915" lon="15.31386">
        <time>2026-03-25T11:25:00Z</time>
      </trkpt>
      <trkpt lat="65.7618" lon="15.31474">
        <time>2026-03-25T11:35:00Z</time>
      </trkpt>
      <trkpt lat="65.76217" lon="15.32384">
        <time>2026-03-25T11:45:00Z</time>
      </trkpt>
      <trkpt lat="65.76258" lon="15.33167">
        <time>2026-03-25T11:55:00Z</time>
      </trkpt>
      <trkpt lat="65.76286" lon="15.33837">
        <time>2026-03-25T12:05:00Z</time>
      </trkpt>
      <trkpt lat="65.7641" lon="15.34251">
        <time>2026-03-25T12:15:00Z</time>
      </trkpt>
      <trkpt lat="65.7664" lon="15.3468">
        <time>2026-03-25T12:25:00Z</time>
      </trkpt>
      <trkpt lat="65.76893" lon="15.34985">
        <time>2026-03-25T12:35:00Z</time>
      </trkpt>
      <trkpt lat="65.77182" lon="15.35148">
        <time>2026-03-25T12:45:00Z</time>
      </trkpt>
      <trkpt lat="65.77475" lon="15.3515">
        <time>2026-03-25T12:55:00Z</time>
      </trkpt>
      <trkpt lat="65.78009" lon="15.34942">
        <time>2026-03-25T13:05:00Z</time>
      </trkpt>
      <trkpt lat="65.78624" lon="15.35214">
        <time>2026-03-25T13:15:00Z</time>
      </trkpt>
      <trkpt lat="65.78849" lon="15.35348">
        <time>2026-03-25T13:25:00Z</time>
      </trkpt>
      <trkpt lat="65.79295" lon="15.35607">
        <time>2026-03-25T13:35:00Z</time>
      </trkpt>
      <trkpt lat="65.79699" lon="15.35839">
        <time>2026-03-25T13:45:00Z</time>
      </trkpt>
      <trkpt lat="65.80313" lon="15.35783">
        <time>2026-03-25T13:55:00Z</time>
      </trkpt>
      <trkpt lat="65.81002" lon="15.35678">
        <time>2026-03-25T14:05:00Z</time>
      </trkpt>
      <trkpt lat="65.81704" lon="15.35438">
        <time>2026-03-25T14:15:00Z</time>
      </trkpt>
      <trkpt lat="65.82296" lon="15.35088">
        <time>2026-03-25T14:25:00Z</time>
      </trkpt>
      <trkpt lat="65.82938" lon="15.34504">
        <time>2026-03-25T14:35:00Z</time>
      </trkpt>
      <trkpt lat="65.83331" lon="15.34148">
        <time>2026-03-25T14:45:00Z</time>
      </trkpt>
      <trkpt lat="65.83919" lon="15.33682">
        <time>2026-03-25T14:55:00Z</time>
      </trkpt>
      <trkpt lat="65.84495" lon="15.33326">
        <time>2026-03-25T15:05:00Z</time>
      </trkpt>
      <trkpt lat="65.85153" lon="15.32919">
        <time>2026-03-25T15:15:00Z</time>
      </trkpt>
      <trkpt lat="65.85742" lon="15.32577">
        <time>2026-03-25T15:25:00Z</time>
      </trkpt>
      <trkpt lat="65.86444" lon="15.32391">
        <time>2026-03-25T15:35:00Z</time>
      </trkpt>
      <trkpt lat="65.86642" lon="15.32571">
        <time>2026-03-25T15:45:00Z</time>
      </trkpt>
      <trkpt lat="65.86947" lon="15.33197">
        <time>2026-03-25T15:55:00Z</time>
      </trkpt>
      <trkpt lat="65.87048" lon="15.33408">
        <time>2026-03-25T16:05:00Z</time>
      </trkpt>
      <trkpt lat="65.87299" lon="15.33946">
        <time>2026-03-25T16:15:00Z</time>
      </trkpt>
      <trkpt lat="65.87594" lon="15.34616">
        <time>2026-03-25T16:25:00Z</time>
      </trkpt>
      <trkpt lat="65.87921" lon="15.3571">
        <time>2026-03-25T16:35:00Z</time>
      </trkpt>
      <trkpt lat="65.8888" lon="15.38628">
        <time>2026-03-25T16:45:00Z</time>
      </trkpt>
      <trkpt lat="65.89268" lon="15.39656">
        <time>2026-03-25T16:55:00Z</time>
      </trkpt>
      <trkpt lat="65.89283" lon="15.39652">
        <time>2026-03-25T17:06:00Z</time>
      </trkpt>
      <trkpt lat="65.89264" lon="15.39639">
        <time>2026-03-25T17:14:00Z</time>
      </trkpt>
      <trkpt lat="65.89262" lon="15.39658">
        <time>2026-03-26T08:25:00Z</time>
      </trkpt>
      <trkpt lat="65.90005" lon="15.4416">
        <time>2026-03-26T08:55:00Z</time>
      </trkpt>
      <trkpt lat="65.90436" lon="15.44976">
        <time>2026-03-26T09:05:00Z</time>
      </trkpt>
      <trkpt lat="65.91125" lon="15.451">
        <time>2026-03-26T09:15:00Z</time>
      </trkpt>
      <trkpt lat="65.91662" lon="15.45098">
        <time>2026-03-26T09:25:00Z</time>
      </trkpt>
      <trkpt lat="65.92167" lon="15.45503">
        <time>2026-03-26T09:35:00Z</time>
      </trkpt>
      <trkpt lat="65.92561" lon="15.46156">
        <time>2026-03-26T09:45:00Z</time>
      </trkpt>
      <trkpt lat="65.93138" lon="15.46735">
        <time>2026-03-26T09:55:00Z</time>
      </trkpt>
      <trkpt lat="65.93701" lon="15.47063">
        <time>2026-03-26T10:05:00Z</time>
      </trkpt>
      <trkpt lat="65.94362" lon="15.47336">
        <time>2026-03-26T10:15:00Z</time>
      </trkpt>
      <trkpt lat="65.94938" lon="15.47533">
        <time>2026-03-26T10:25:00Z</time>
      </trkpt>
      <trkpt lat="65.95466" lon="15.47705">
        <time>2026-03-26T10:35:00Z</time>
      </trkpt>
      <trkpt lat="65.96063" lon="15.4787">
        <time>2026-03-26T10:45:00Z</time>
      </trkpt>
      <trkpt lat="65.96679" lon="15.47967">
        <time>2026-03-26T10:55:00Z</time>
      </trkpt>
      <trkpt lat="65.97139" lon="15.4795">
        <time>2026-03-26T11:05:00Z</time>
      </trkpt>
      <trkpt lat="65.97768" lon="15.48231">
        <time>2026-03-26T11:15:00Z</time>
      </trkpt>
      <trkpt lat="65.98345" lon="15.48651">
        <time>2026-03-26T11:25:00Z</time>
      </trkpt>
      <trkpt lat="65.98817" lon="15.49484">
        <time>2026-03-26T11:35:00Z</time>
      </trkpt>
      <trkpt lat="65.98879" lon="15.49711">
        <time>2026-03-26T11:45:00Z</time>
      </trkpt>
      <trkpt lat="65.9888" lon="15.49711">
        <time>2026-03-26T11:55:00Z</time>
      </trkpt>
      <trkpt lat="65.99307" lon="15.50239">
        <time>2026-03-26T12:15:00Z</time>
      </trkpt>
      <trkpt lat="65.99565" lon="15.50765">
        <time>2026-03-26T12:25:00Z</time>
      </trkpt>
      <trkpt lat="65.99767" lon="15.51267">
        <time>2026-03-26T12:35:00Z</time>
      </trkpt>
      <trkpt lat="66.00024" lon="15.51336">
        <time>2026-03-26T12:45:00Z</time>
      </trkpt>
      <trkpt lat="66.00211" lon="15.51896">
        <time>2026-03-26T12:55:00Z</time>
      </trkpt>
      <trkpt lat="66.003" lon="15.53029">
        <time>2026-03-26T13:05:00Z</time>
      </trkpt>
      <trkpt lat="66.0036" lon="15.53973">
        <time>2026-03-26T13:15:00Z</time>
      </trkpt>
      <trkpt lat="66.00245" lon="15.55099">
        <time>2026-03-26T13:25:00Z</time>
      </trkpt>
      <trkpt lat="66.00184" lon="15.56264">
        <time>2026-03-26T13:35:00Z</time>
      </trkpt>
      <trkpt lat="65.99795" lon="15.57058">
        <time>2026-03-26T13:45:00Z</time>
      </trkpt>
      <trkpt lat="65.99446" lon="15.57292">
        <time>2026-03-26T13:55:00Z</time>
      </trkpt>
      <trkpt lat="65.99006" lon="15.57423">
        <time>2026-03-26T14:05:00Z</time>
      </trkpt>
      <trkpt lat="65.98676" lon="15.57869">
        <time>2026-03-26T14:15:00Z</time>
      </trkpt>
      <trkpt lat="65.98337" lon="15.5817">
        <time>2026-03-26T14:25:00Z</time>
      </trkpt>
      <trkpt lat="65.97773" lon="15.58842">
        <time>2026-03-26T14:35:00Z</time>
      </trkpt>
      <trkpt lat="65.97264" lon="15.59391">
        <time>2026-03-26T14:45:00Z</time>
      </trkpt>
      <trkpt lat="65.96969" lon="15.60691">
        <time>2026-03-26T14:55:00Z</time>
      </trkpt>
      <trkpt lat="65.96877" lon="15.61678">
        <time>2026-03-26T15:05:00Z</time>
      </trkpt>
      <trkpt lat="65.9677" lon="15.62833">
        <time>2026-03-26T15:15:00Z</time>
      </trkpt>
      <trkpt lat="65.96703" lon="15.64172">
        <time>2026-03-26T15:25:00Z</time>
      </trkpt>
      <trkpt lat="65.96933" lon="15.65549">
        <time>2026-03-26T15:35:00Z</time>
      </trkpt>
      <trkpt lat="65.97001" lon="15.67032">
        <time>2026-03-26T15:45:00Z</time>
      </trkpt>
      <trkpt lat="65.96939" lon="15.68596">
        <time>2026-03-26T15:55:00Z</time>
      </trkpt>
      <trkpt lat="65.96756" lon="15.69939">
        <time>2026-03-26T16:05:00Z</time>
      </trkpt>
      <trkpt lat="65.96366" lon="15.71049">
        <time>2026-03-26T16:15:00Z</time>
      </trkpt>
      <trkpt lat="65.96266" lon="15.72499">
        <time>2026-03-26T16:25:00Z</time>
      </trkpt>
      <trkpt lat="65.96557" lon="15.73712">
        <time>2026-03-26T16:35:00Z</time>
      </trkpt>
      <trkpt lat="65.96987" lon="15.74922">
        <time>2026-03-26T16:45:00Z</time>
      </trkpt>
      <trkpt lat="65.97234" lon="15.76345">
        <time>2026-03-26T16:55:00Z</time>
      </trkpt>
      <trkpt lat="65.97232" lon="15.76467">
        <time>2026-03-26T17:00:00Z</time>
      </trkpt>
      <trkpt lat="65.97235" lon="15.7633">
        <time>2026-03-27T08:29:00Z</time>
      </trkpt>
      <trkpt lat="65.97051" lon="15.77151">
        <time>2026-03-27T08:39:00Z</time>
      </trkpt>
      <trkpt lat="65.96734" lon="15.7808">
        <time>2026-03-27T08:49:00Z</time>
      </trkpt>
      <trkpt lat="65.96742" lon="15.79619">
        <time>2026-03-27T08:59:00Z</time>
      </trkpt>
      <trkpt lat="65.97013" lon="15.81016">
        <time>2026-03-27T09:09:00Z</time>
      </trkpt>
      <trkpt lat="65.97428" lon="15.82527">
        <time>2026-03-27T09:19:00Z</time>
      </trkpt>
      <trkpt lat="65.976" lon="15.83518">
        <time>2026-03-27T09:29:00Z</time>
      </trkpt>
      <trkpt lat="65.97454" lon="15.84151">
        <time>2026-03-27T09:39:00Z</time>
      </trkpt>
      <trkpt lat="65.97459" lon="15.85771">
        <time>2026-03-27T09:49:00Z</time>
      </trkpt>
      <trkpt lat="65.97044" lon="15.87187">
        <time>2026-03-27T09:59:00Z</time>
      </trkpt>
      <trkpt lat="65.96766" lon="15.8897">
        <time>2026-03-27T10:09:00Z</time>
      </trkpt>
      <trkpt lat="65.96507" lon="15.90271">
        <time>2026-03-27T10:19:00Z</time>
      </trkpt>
      <trkpt lat="65.96281" lon="15.91773">
        <time>2026-03-27T10:29:00Z</time>
      </trkpt>
      <trkpt lat="65.96094" lon="15.92697">
        <time>2026-03-27T10:39:00Z</time>
      </trkpt>
      <trkpt lat="65.96197" lon="15.94481">
        <time>2026-03-27T10:49:00Z</time>
      </trkpt>
      <trkpt lat="65.96242" lon="15.96264">
        <time>2026-03-27T10:59:00Z</time>
      </trkpt>
      <trkpt lat="65.96239" lon="15.97324">
        <time>2026-03-27T11:09:00Z</time>
      </trkpt>
      <trkpt lat="65.96208" lon="15.99066">
        <time>2026-03-27T11:19:00Z</time>
      </trkpt>
      <trkpt lat="65.9618" lon="16.00568">
        <time>2026-03-27T11:29:00Z</time>
      </trkpt>
      <trkpt lat="65.96162" lon="16.01673">
        <time>2026-03-27T11:39:00Z</time>
      </trkpt>
      <trkpt lat="65.96143" lon="16.03516">
        <time>2026-03-27T11:49:00Z</time>
      </trkpt>
      <trkpt lat="65.96135" lon="16.05233">
        <time>2026-03-27T11:59:00Z</time>
      </trkpt>
      <trkpt lat="65.9621" lon="16.0687">
        <time>2026-03-27T12:09:00Z</time>
      </trkpt>
      <trkpt lat="65.96314" lon="16.08306">
        <time>2026-03-27T12:19:00Z</time>
      </trkpt>
      <trkpt lat="65.96291" lon="16.10119">
        <time>2026-03-27T12:29:00Z</time>
      </trkpt>
      <trkpt lat="65.96233" lon="16.11398">
        <time>2026-03-27T12:39:00Z</time>
      </trkpt>
      <trkpt lat="65.95829" lon="16.13578">
        <time>2026-03-27T12:49:00Z</time>
      </trkpt>
      <trkpt lat="65.95686" lon="16.15099">
        <time>2026-03-27T12:59:00Z</time>
      </trkpt>
      <trkpt lat="65.95361" lon="16.15915">
        <time>2026-03-27T13:09:00Z</time>
      </trkpt>
      <trkpt lat="65.95527" lon="16.17434">
        <time>2026-03-27T13:19:00Z</time>
      </trkpt>
      <trkpt lat="65.95443" lon="16.18876">
        <time>2026-03-27T13:29:00Z</time>
      </trkpt>
      <trkpt lat="65.95505" lon="16.18964">
        <time>2026-03-27T13:39:00Z</time>
      </trkpt>
      <trkpt lat="65.95429" lon="16.20065">
        <time>2026-03-27T13:49:00Z</time>
      </trkpt>
      <trkpt lat="65.95725" lon="16.21172">
        <time>2026-03-27T13:59:00Z</time>
      </trkpt>
      <trkpt lat="65.95911" lon="16.22384">
        <time>2026-03-27T14:09:00Z</time>
      </trkpt>
      <trkpt lat="65.9629" lon="16.22573">
        <time>2026-03-27T14:19:00Z</time>
      </trkpt>
      <trkpt lat="65.96867" lon="16.22049">
        <time>2026-03-27T14:29:00Z</time>
      </trkpt>
      <trkpt lat="65.97409" lon="16.21303">
        <time>2026-03-27T14:39:00Z</time>
      </trkpt>
      <trkpt lat="65.97633" lon="16.21071">
        <time>2026-03-27T14:49:00Z</time>
      </trkpt>
      <trkpt lat="65.98075" lon="16.20532">
        <time>2026-03-27T14:59:00Z</time>
      </trkpt>
      <trkpt lat="65.9846" lon="16.20298">
        <time>2026-03-27T15:09:00Z</time>
      </trkpt>
      <trkpt lat="65.98812" lon="16.20172">
        <time>2026-03-27T15:19:00Z</time>
      </trkpt>
      <trkpt lat="65.99489" lon="16.19575">
        <time>2026-03-27T15:29:00Z</time>
      </trkpt>
      <trkpt lat="66.00259" lon="16.19522">
        <time>2026-03-27T15:39:00Z</time>
      </trkpt>
      <trkpt lat="66.00974" lon="16.1965">
        <time>2026-03-27T15:49:00Z</time>
      </trkpt>
      <trkpt lat="66.01563" lon="16.19584">
        <time>2026-03-27T15:59:00Z</time>
      </trkpt>
      <trkpt lat="66.02309" lon="16.19556">
        <time>2026-03-27T16:09:00Z</time>
      </trkpt>
      <trkpt lat="66.02982" lon="16.19069">
        <time>2026-03-27T16:19:00Z</time>
      </trkpt>
      <trkpt lat="66.03693" lon="16.18962">
        <time>2026-03-27T16:29:00Z</time>
      </trkpt>
      <trkpt lat="66.03742" lon="16.18983">
        <time>2026-03-27T16:38:00Z</time>
      </trkpt>
      <trkpt lat="66.03738" lon="16.19">
        <time>2026-03-28T07:23:00Z</time>
      </trkpt>
      <trkpt lat="66.03807" lon="16.19874">
        <time>2026-03-28T07:33:00Z</time>
      </trkpt>
      <trkpt lat="66.03914" lon="16.21341">
        <time>2026-03-28T07:43:00Z</time>
      </trkpt>
      <trkpt lat="66.0392" lon="16.22174">
        <time>2026-03-28T07:53:00Z</time>
      </trkpt>
      <trkpt lat="66.03746" lon="16.2303">
        <time>2026-03-28T08:03:00Z</time>
      </trkpt>
      <trkpt lat="66.03791" lon="16.23609">
        <time>2026-03-28T08:13:00Z</time>
      </trkpt>
      <trkpt lat="66.0383" lon="16.24279">
        <time>2026-03-28T08:23:00Z</time>
      </trkpt>
      <trkpt lat="66.03909" lon="16.24974">
        <time>2026-03-28T08:33:00Z</time>
      </trkpt>
      <trkpt lat="66.04049" lon="16.25356">
        <time>2026-03-28T08:43:00Z</time>
      </trkpt>
      <trkpt lat="66.04246" lon="16.26008">
        <time>2026-03-28T08:53:00Z</time>
      </trkpt>
      <trkpt lat="66.04399" lon="16.26244">
        <time>2026-03-28T09:03:00Z</time>
      </trkpt>
      <trkpt lat="66.04699" lon="16.26521">
        <time>2026-03-28T09:13:00Z</time>
      </trkpt>
      <trkpt lat="66.05074" lon="16.26721">
        <time>2026-03-28T09:23:00Z</time>
      </trkpt>
      <trkpt lat="66.05493" lon="16.2694">
        <time>2026-03-28T09:33:00Z</time>
      </trkpt>
      <trkpt lat="66.06182" lon="16.27253">
        <time>2026-03-28T09:43:00Z</time>
      </trkpt>
      <trkpt lat="66.06633" lon="16.26933">
        <time>2026-03-28T09:53:00Z</time>
      </trkpt>
      <trkpt lat="66.06984" lon="16.27184">
        <time>2026-03-28T10:03:00Z</time>
      </trkpt>
      <trkpt lat="66.07483" lon="16.27536">
        <time>2026-03-28T10:13:00Z</time>
      </trkpt>
      <trkpt lat="66.07984" lon="16.2809">
        <time>2026-03-28T10:23:00Z</time>
      </trkpt>
      <trkpt lat="66.08339" lon="16.2863">
        <time>2026-03-28T10:33:00Z</time>
      </trkpt>
      <trkpt lat="66.08788" lon="16.29319">
        <time>2026-03-28T10:43:00Z</time>
      </trkpt>
      <trkpt lat="66.09265" lon="16.30062">
        <time>2026-03-28T10:53:00Z</time>
      </trkpt>
      <trkpt lat="66.09795" lon="16.30886">
        <time>2026-03-28T11:03:00Z</time>
      </trkpt>
      <trkpt lat="66.10258" lon="16.31607">
        <time>2026-03-28T11:13:00Z</time>
      </trkpt>
      <trkpt lat="66.10773" lon="16.3251">
        <time>2026-03-28T11:23:00Z</time>
      </trkpt>
      <trkpt lat="66.11212" lon="16.33564">
        <time>2026-03-28T11:33:00Z</time>
      </trkpt>
      <trkpt lat="66.11774" lon="16.34731">
        <time>2026-03-28T11:43:00Z</time>
      </trkpt>
      <trkpt lat="66.12652" lon="16.359">
        <time>2026-03-28T11:53:00Z</time>
      </trkpt>
      <trkpt lat="66.13264" lon="16.35853">
        <time>2026-03-28T12:03:00Z</time>
      </trkpt>
      <trkpt lat="66.1389" lon="16.35864">
        <time>2026-03-28T12:13:00Z</time>
      </trkpt>
      <trkpt lat="66.14397" lon="16.35658">
        <time>2026-03-28T12:23:00Z</time>
      </trkpt>
      <trkpt lat="66.14921" lon="16.35276">
        <time>2026-03-28T12:33:00Z</time>
      </trkpt>
      <trkpt lat="66.1565" lon="16.35057">
        <time>2026-03-28T12:43:00Z</time>
      </trkpt>
      <trkpt lat="66.16069" lon="16.35188">
        <time>2026-03-28T12:53:00Z</time>
      </trkpt>
      <trkpt lat="66.16626" lon="16.35649">
        <time>2026-03-28T13:03:00Z</time>
      </trkpt>
      <trkpt lat="66.17327" lon="16.36239">
        <time>2026-03-28T13:13:00Z</time>
      </trkpt>
      <trkpt lat="66.1784" lon="16.36684">
        <time>2026-03-28T13:23:00Z</time>
      </trkpt>
      <trkpt lat="66.18289" lon="16.37083">
        <time>2026-03-28T13:33:00Z</time>
      </trkpt>
      <trkpt lat="66.18949" lon="16.37739">
        <time>2026-03-28T13:43:00Z</time>
      </trkpt>
      <trkpt lat="66.19436" lon="16.38048">
        <time>2026-03-28T13:53:00Z</time>
      </trkpt>
      <trkpt lat="66.19802" lon="16.38209">
        <time>2026-03-28T14:03:00Z</time>
      </trkpt>
      <trkpt lat="66.20362" lon="16.3804">
        <time>2026-03-28T14:13:00Z</time>
      </trkpt>
      <trkpt lat="66.2099" lon="16.37866">
        <time>2026-03-28T14:23:00Z</time>
      </trkpt>
      <trkpt lat="66.21101" lon="16.37904">
        <time>2026-03-28T14:33:00Z</time>
      </trkpt>
      <trkpt lat="66.21761" lon="16.37686">
        <time>2026-03-28T14:43:00Z</time>
      </trkpt>
      <trkpt lat="66.2223" lon="16.37741">
        <time>2026-03-28T14:53:00Z</time>
      </trkpt>
      <trkpt lat="66.22648" lon="16.38568">
        <time>2026-03-28T15:03:00Z</time>
      </trkpt>
      <trkpt lat="66.23306" lon="16.39149">
        <time>2026-03-28T15:13:00Z</time>
      </trkpt>
      <trkpt lat="66.23833" lon="16.38726">
        <time>2026-03-28T15:23:00Z</time>
      </trkpt>
      <trkpt lat="66.24466" lon="16.37967">
        <time>2026-03-28T15:33:00Z</time>
      </trkpt>
      <trkpt lat="66.2477" lon="16.38057">
        <time>2026-03-28T15:43:00Z</time>
      </trkpt>
      <trkpt lat="66.25175" lon="16.38293">
        <time>2026-03-28T15:53:00Z</time>
      </trkpt>
      <trkpt lat="66.25642" lon="16.38767">
        <time>2026-03-28T16:03:00Z</time>
      </trkpt>
      <trkpt lat="66.26166" lon="16.39089">
        <time>2026-03-28T16:13:00Z</time>
      </trkpt>
      <trkpt lat="66.26528" lon="16.39645">
        <time>2026-03-28T16:23:00Z</time>
      </trkpt>
      <trkpt lat="66.26753" lon="16.40698">
        <time>2026-03-28T16:33:00Z</time>
      </trkpt>
      <trkpt lat="66.27068" lon="16.42273">
        <time>2026-03-28T16:43:00Z</time>
      </trkpt>
      <trkpt lat="66.27522" lon="16.44196">
        <time>2026-03-28T16:53:00Z</time>
      </trkpt>
      <trkpt lat="66.28053" lon="16.47597">
        <time>2026-03-28T17:03:00Z</time>
      </trkpt>
      <trkpt lat="66.2834" lon="16.48543">
        <time>2026-03-28T17:13:00Z</time>
      </trkpt>
      <trkpt lat="66.28195" lon="16.49556">
        <time>2026-03-28T17:23:00Z</time>
      </trkpt>
      <trkpt lat="66.2818" lon="16.49562">
        <time>2026-03-28T17:24:00Z</time>
      </trkpt>
      <trkpt lat="66.282" lon="16.49562">
        <time>2026-03-29T08:02:00Z</time>
      </trkpt>
      <trkpt lat="66.28123" lon="16.50803">
        <time>2026-03-29T08:12:00Z</time>
      </trkpt>
      <trkpt lat="66.28313" lon="16.52571">
        <time>2026-03-29T08:22:00Z</time>
      </trkpt>
      <trkpt lat="66.28302" lon="16.53371">
        <time>2026-03-29T08:32:00Z</time>
      </trkpt>
      <trkpt lat="66.28456" lon="16.55073">
        <time>2026-03-29T08:42:00Z</time>
      </trkpt>
      <trkpt lat="66.28365" lon="16.56882">
        <time>2026-03-29T08:52:00Z</time>
      </trkpt>
      <trkpt lat="66.28415" lon="16.58613">
        <time>2026-03-29T09:02:00Z</time>
      </trkpt>
      <trkpt lat="66.28745" lon="16.59386">
        <time>2026-03-29T09:12:00Z</time>
      </trkpt>
      <trkpt lat="66.28558" lon="16.60684">
        <time>2026-03-29T09:22:00Z</time>
      </trkpt>
      <trkpt lat="66.28257" lon="16.62474">
        <time>2026-03-29T09:32:00Z</time>
      </trkpt>
      <trkpt lat="66.27955" lon="16.64285">
        <time>2026-03-29T09:42:00Z</time>
      </trkpt>
      <trkpt lat="66.27907" lon="16.65563">
        <time>2026-03-29T09:52:00Z</time>
      </trkpt>
      <trkpt lat="66.27924" lon="16.66699">
        <time>2026-03-29T10:02:00Z</time>
      </trkpt>
      <trkpt lat="66.28235" lon="16.66387">
        <time>2026-03-29T10:12:00Z</time>
      </trkpt>
      <trkpt lat="66.28509" lon="16.66458">
        <time>2026-03-29T10:22:00Z</time>
      </trkpt>
      <trkpt lat="66.28935" lon="16.67269">
        <time>2026-03-29T10:32:00Z</time>
      </trkpt>
      <trkpt lat="66.29529" lon="16.67398">
        <time>2026-03-29T10:42:00Z</time>
      </trkpt>
      <trkpt lat="66.29847" lon="16.67664">
        <time>2026-03-29T10:52:00Z</time>
      </trkpt>
      <trkpt lat="66.3024" lon="16.67836">
        <time>2026-03-29T11:02:00Z</time>
      </trkpt>
      <trkpt lat="66.30575" lon="16.68211">
        <time>2026-03-29T11:12:00Z</time>
      </trkpt>
      <trkpt lat="66.30951" lon="16.68804">
        <time>2026-03-29T11:22:00Z</time>
      </trkpt>
      <trkpt lat="66.31391" lon="16.70027">
        <time>2026-03-29T11:32:00Z</time>
      </trkpt>
      <trkpt lat="66.31903" lon="16.70561">
        <time>2026-03-29T11:42:00Z</time>
      </trkpt>
      <trkpt lat="66.32166" lon="16.71722">
        <time>2026-03-29T11:52:00Z</time>
      </trkpt>
      <trkpt lat="66.32346" lon="16.73516">
        <time>2026-03-29T12:02:00Z</time>
      </trkpt>
      <trkpt lat="66.32468" lon="16.74604">
        <time>2026-03-29T12:12:00Z</time>
      </trkpt>
      <trkpt lat="66.32511" lon="16.74762">
        <time>2026-03-29T12:22:00Z</time>
      </trkpt>
      <trkpt lat="66.32696" lon="16.75809">
        <time>2026-03-29T12:32:00Z</time>
      </trkpt>
      <trkpt lat="66.33069" lon="16.76646">
        <time>2026-03-29T12:42:00Z</time>
      </trkpt>
      <trkpt lat="66.33304" lon="16.77517">
        <time>2026-03-29T12:52:00Z</time>
      </trkpt>
      <trkpt lat="66.33451" lon="16.78354">
        <time>2026-03-29T13:02:00Z</time>
      </trkpt>
      <trkpt lat="66.33705" lon="16.78955">
        <time>2026-03-29T13:12:00Z</time>
      </trkpt>
      <trkpt lat="66.34038" lon="16.79974">
        <time>2026-03-29T13:22:00Z</time>
      </trkpt>
      <trkpt lat="66.34429" lon="16.80695">
        <time>2026-03-29T13:32:00Z</time>
      </trkpt>
      <trkpt lat="66.34659" lon="16.81712">
        <time>2026-03-29T13:42:00Z</time>
      </trkpt>
      <trkpt lat="66.34901" lon="16.82202">
        <time>2026-03-29T13:52:00Z</time>
      </trkpt>
      <trkpt lat="66.35012" lon="16.83047">
        <time>2026-03-29T14:02:00Z</time>
      </trkpt>
      <trkpt lat="66.351" lon="16.83476">
        <time>2026-03-29T14:12:00Z</time>
      </trkpt>
      <trkpt lat="66.35194" lon="16.83978">
        <time>2026-03-29T14:22:00Z</time>
      </trkpt>
      <trkpt lat="66.35204" lon="16.84534">
        <time>2026-03-29T14:32:00Z</time>
      </trkpt>
      <trkpt lat="66.35345" lon="16.85221">
        <time>2026-03-29T14:42:00Z</time>
      </trkpt>
      <trkpt lat="66.3549" lon="16.86141">
        <time>2026-03-29T14:52:00Z</time>
      </trkpt>
      <trkpt lat="66.35641" lon="16.87032">
        <time>2026-03-29T15:02:00Z</time>
      </trkpt>
      <trkpt lat="66.35842" lon="16.88628">
        <time>2026-03-29T15:12:00Z</time>
      </trkpt>
      <trkpt lat="66.36026" lon="16.90287">
        <time>2026-03-29T15:22:00Z</time>
      </trkpt>
      <trkpt lat="66.365" lon="16.91701">
        <time>2026-03-29T15:32:00Z</time>
      </trkpt>
      <trkpt lat="66.36875" lon="16.90699">
        <time>2026-03-29T15:42:00Z</time>
      </trkpt>
      <trkpt lat="66.37749" lon="16.92036">
        <time>2026-03-29T15:52:00Z</time>
      </trkpt>
      <trkpt lat="66.38043" lon="16.94823">
        <time>2026-03-29T16:02:00Z</time>
      </trkpt>
      <trkpt lat="66.38374" lon="16.95997">
        <time>2026-03-29T16:12:00Z</time>
      </trkpt>
      <trkpt lat="66.38475" lon="16.95926">
        <time>2026-03-29T16:22:00Z</time>
      </trkpt>
      <trkpt lat="66.38751" lon="16.96598">
        <time>2026-03-29T16:32:00Z</time>
      </trkpt>
      <trkpt lat="66.38743" lon="16.9657">
        <time>2026-03-29T16:42:00Z</time>
      </trkpt>
      <trkpt lat="66.38776" lon="16.9669">
        <time>2026-03-29T16:57:00Z</time>
      </trkpt>
      <trkpt lat="66.38767" lon="16.96651">
        <time>2026-03-30T08:30:00Z</time>
      </trkpt>
      <trkpt lat="66.38591" lon="16.97016">
        <time>2026-03-30T08:40:00Z</time>
      </trkpt>
      <trkpt lat="66.38598" lon="16.98574">
        <time>2026-03-30T08:50:00Z</time>
      </trkpt>
      <trkpt lat="66.38835" lon="17.00415">
        <time>2026-03-30T09:00:00Z</time>
      </trkpt>
      <trkpt lat="66.39047" lon="17.01913">
        <time>2026-03-30T09:10:00Z</time>
      </trkpt>
      <trkpt lat="66.39166" lon="17.02801">
        <time>2026-03-30T09:20:00Z</time>
      </trkpt>
      <trkpt lat="66.39416" lon="17.04567">
        <time>2026-03-30T09:30:00Z</time>
      </trkpt>
      <trkpt lat="66.39612" lon="17.064">
        <time>2026-03-30T09:40:00Z</time>
      </trkpt>
      <trkpt lat="66.39835" lon="17.0812">
        <time>2026-03-30T09:50:00Z</time>
      </trkpt>
      <trkpt lat="66.40023" lon="17.09863">
        <time>2026-03-30T10:00:00Z</time>
      </trkpt>
      <trkpt lat="66.40206" lon="17.11607">
        <time>2026-03-30T10:10:00Z</time>
      </trkpt>
      <trkpt lat="66.4032" lon="17.12783">
        <time>2026-03-30T10:20:00Z</time>
      </trkpt>
      <trkpt lat="66.40354" lon="17.14277">
        <time>2026-03-30T10:30:00Z</time>
      </trkpt>
      <trkpt lat="66.40371" lon="17.14933">
        <time>2026-03-30T10:40:00Z</time>
      </trkpt>
      <trkpt lat="66.40629" lon="17.1559">
        <time>2026-03-30T10:50:00Z</time>
      </trkpt>
      <trkpt lat="66.41" lon="17.1653">
        <time>2026-03-30T11:00:00Z</time>
      </trkpt>
      <trkpt lat="66.40794" lon="17.18051">
        <time>2026-03-30T11:10:00Z</time>
      </trkpt>
      <trkpt lat="66.40792" lon="17.1886">
        <time>2026-03-30T11:20:00Z</time>
      </trkpt>
      <trkpt lat="66.41224" lon="17.18892">
        <time>2026-03-30T11:30:00Z</time>
      </trkpt>
      <trkpt lat="66.4164" lon="17.18641">
        <time>2026-03-30T11:40:00Z</time>
      </trkpt>
      <trkpt lat="66.41885" lon="17.1866">
        <time>2026-03-30T11:50:00Z</time>
      </trkpt>
      <trkpt lat="66.42154" lon="17.1868">
        <time>2026-03-30T12:00:00Z</time>
      </trkpt>
      <trkpt lat="66.42482" lon="17.18768">
        <time>2026-03-30T12:10:00Z</time>
      </trkpt>
      <trkpt lat="66.42653" lon="17.18849">
        <time>2026-03-30T12:20:00Z</time>
      </trkpt>
      <trkpt lat="66.42944" lon="17.19332">
        <time>2026-03-30T12:30:00Z</time>
      </trkpt>
      <trkpt lat="66.43207" lon="17.1962">
        <time>2026-03-30T12:40:00Z</time>
      </trkpt>
      <trkpt lat="66.43421" lon="17.20763">
        <time>2026-03-30T12:50:00Z</time>
      </trkpt>
      <trkpt lat="66.43773" lon="17.23231">
        <time>2026-03-30T13:00:00Z</time>
      </trkpt>
      <trkpt lat="66.4421" lon="17.2395">
        <time>2026-03-30T13:10:00Z</time>
      </trkpt>
      <trkpt lat="66.44967" lon="17.24265">
        <time>2026-03-30T13:20:00Z</time>
      </trkpt>
      <trkpt lat="66.45574" lon="17.24227">
        <time>2026-03-30T13:30:00Z</time>
      </trkpt>
      <trkpt lat="66.46311" lon="17.24175">
        <time>2026-03-30T13:40:00Z</time>
      </trkpt>
      <trkpt lat="66.47029" lon="17.24068">
        <time>2026-03-30T13:50:00Z</time>
      </trkpt>
      <trkpt lat="66.47581" lon="17.23827">
        <time>2026-03-30T14:00:00Z</time>
      </trkpt>
      <trkpt lat="66.48315" lon="17.23501">
        <time>2026-03-30T14:10:00Z</time>
      </trkpt>
      <trkpt lat="66.49021" lon="17.23248">
        <time>2026-03-30T14:20:00Z</time>
      </trkpt>
      <trkpt lat="66.49322" lon="17.23145">
        <time>2026-03-30T14:30:00Z</time>
      </trkpt>
      <trkpt lat="66.49651" lon="17.23203">
        <time>2026-03-30T14:40:00Z</time>
      </trkpt>
      <trkpt lat="66.49995" lon="17.23478">
        <time>2026-03-30T14:50:00Z</time>
      </trkpt>
      <trkpt lat="66.50437" lon="17.23785">
        <time>2026-03-30T15:00:00Z</time>
      </trkpt>
      <trkpt lat="66.50928" lon="17.24272">
        <time>2026-03-30T15:10:00Z</time>
      </trkpt>
      <trkpt lat="66.51438" lon="17.24257">
        <time>2026-03-30T15:20:00Z</time>
      </trkpt>
      <trkpt lat="66.52013" lon="17.24143">
        <time>2026-03-30T15:30:00Z</time>
      </trkpt>
      <trkpt lat="66.52522" lon="17.24308">
        <time>2026-03-30T15:40:00Z</time>
      </trkpt>
      <trkpt lat="66.53026" lon="17.24246">
        <time>2026-03-30T15:50:00Z</time>
      </trkpt>
      <trkpt lat="66.53598" lon="17.23857">
        <time>2026-03-30T16:00:00Z</time>
      </trkpt>
      <trkpt lat="66.54019" lon="17.23192">
        <time>2026-03-30T16:10:00Z</time>
      </trkpt>
      <trkpt lat="66.54346" lon="17.23109">
        <time>2026-03-30T16:20:00Z</time>
      </trkpt>
      <trkpt lat="66.5495" lon="17.22986">
        <time>2026-03-30T16:30:00Z</time>
      </trkpt>
      <trkpt lat="66.55488" lon="17.229">
        <time>2026-03-30T16:40:00Z</time>
      </trkpt>
      <trkpt lat="66.55723" lon="17.2277">
        <time>2026-03-30T16:50:00Z</time>
      </trkpt>
      <trkpt lat="66.55723" lon="17.2277">
        <time>2026-03-30T17:00:00Z</time>
      </trkpt>
      <trkpt lat="66.55718" lon="17.2278">
        <time>2026-03-30T17:05:00Z</time>
      </trkpt>
      <trkpt lat="66.55725" lon="17.22767">
        <time>2026-03-31T08:00:00Z</time>
      </trkpt>
      <trkpt lat="66.56179" lon="17.2313">
        <time>2026-03-31T08:10:00Z</time>
      </trkpt>
      <trkpt lat="66.56489" lon="17.2363">
        <time>2026-03-31T08:20:00Z</time>
      </trkpt>
      <trkpt lat="66.56586" lon="17.24351">
        <time>2026-03-31T08:30:00Z</time>
      </trkpt>
      <trkpt lat="66.56491" lon="17.25611">
        <time>2026-03-31T08:40:00Z</time>
      </trkpt>
      <trkpt lat="66.56527" lon="17.26932">
        <time>2026-03-31T08:50:00Z</time>
      </trkpt>
      <trkpt lat="66.56535" lon="17.281">
        <time>2026-03-31T09:00:00Z</time>
      </trkpt>
      <trkpt lat="66.56823" lon="17.28705">
        <time>2026-03-31T09:10:00Z</time>
      </trkpt>
      <trkpt lat="66.57071" lon="17.29464">
        <time>2026-03-31T09:20:00Z</time>
      </trkpt>
      <trkpt lat="66.5725" lon="17.3025">
        <time>2026-03-31T09:30:00Z</time>
      </trkpt>
      <trkpt lat="66.57503" lon="17.31037">
        <time>2026-03-31T09:40:00Z</time>
      </trkpt>
      <trkpt lat="66.57796" lon="17.31484">
        <time>2026-03-31T09:50:00Z</time>
      </trkpt>
      <trkpt lat="66.58003" lon="17.32033">
        <time>2026-03-31T10:00:00Z</time>
      </trkpt>
      <trkpt lat="66.58203" lon="17.32331">
        <time>2026-03-31T10:10:00Z</time>
      </trkpt>
      <trkpt lat="66.58557" lon="17.33101">
        <time>2026-03-31T10:20:00Z</time>
      </trkpt>
      <trkpt lat="66.5897" lon="17.33981">
        <time>2026-03-31T10:30:00Z</time>
      </trkpt>
      <trkpt lat="66.59133" lon="17.34657">
        <time>2026-03-31T10:40:00Z</time>
      </trkpt>
      <trkpt lat="66.59635" lon="17.36807">
        <time>2026-03-31T10:50:00Z</time>
      </trkpt>
      <trkpt lat="66.60052" lon="17.3779">
        <time>2026-03-31T11:00:00Z</time>
      </trkpt>
      <trkpt lat="66.60132" lon="17.38288">
        <time>2026-03-31T11:10:00Z</time>
      </trkpt>
      <trkpt lat="66.60413" lon="17.3885">
        <time>2026-03-31T11:20:00Z</time>
      </trkpt>
      <trkpt lat="66.60515" lon="17.39">
        <time>2026-03-31T11:30:00Z</time>
      </trkpt>
      <trkpt lat="66.60881" lon="17.38294">
        <time>2026-03-31T11:40:00Z</time>
      </trkpt>
      <trkpt lat="66.61213" lon="17.37577">
        <time>2026-03-31T11:50:00Z</time>
      </trkpt>
      <trkpt lat="66.61785" lon="17.37249">
        <time>2026-03-31T12:00:00Z</time>
      </trkpt>
      <trkpt lat="66.62152" lon="17.37408">
        <time>2026-03-31T12:10:00Z</time>
      </trkpt>
      <trkpt lat="66.6271" lon="17.38466">
        <time>2026-03-31T12:20:00Z</time>
      </trkpt>
      <trkpt lat="66.63099" lon="17.38837">
        <time>2026-03-31T12:30:00Z</time>
      </trkpt>
      <trkpt lat="66.63416" lon="17.39305">
        <time>2026-03-31T12:40:00Z</time>
      </trkpt>
      <trkpt lat="66.64033" lon="17.40148">
        <time>2026-03-31T12:50:00Z</time>
      </trkpt>
      <trkpt lat="66.64475" lon="17.39957">
        <time>2026-03-31T13:00:00Z</time>
      </trkpt>
      <trkpt lat="66.64992" lon="17.39663">
        <time>2026-03-31T13:10:00Z</time>
      </trkpt>
      <trkpt lat="66.6536" lon="17.40197">
        <time>2026-03-31T13:20:00Z</time>
      </trkpt>
      <trkpt lat="66.6571" lon="17.4127">
        <time>2026-03-31T13:30:00Z</time>
      </trkpt>
      <trkpt lat="66.66215" lon="17.41856">
        <time>2026-03-31T13:40:00Z</time>
      </trkpt>
      <trkpt lat="66.66289" lon="17.41976">
        <time>2026-03-31T13:50:00Z</time>
      </trkpt>
      <trkpt lat="66.66777" lon="17.43266">
        <time>2026-03-31T14:00:00Z</time>
      </trkpt>
      <trkpt lat="66.67384" lon="17.44105">
        <time>2026-03-31T14:10:00Z</time>
      </trkpt>
      <trkpt lat="66.68073" lon="17.43118">
        <time>2026-03-31T14:20:00Z</time>
      </trkpt>
      <trkpt lat="66.68557" lon="17.42429">
        <time>2026-03-31T14:30:00Z</time>
      </trkpt>
      <trkpt lat="66.69173" lon="17.41352">
        <time>2026-03-31T14:40:00Z</time>
      </trkpt>
      <trkpt lat="66.69776" lon="17.40418">
        <time>2026-03-31T14:50:00Z</time>
      </trkpt>
      <trkpt lat="66.70424" lon="17.39571">
        <time>2026-03-31T15:00:00Z</time>
      </trkpt>
      <trkpt lat="66.70807" lon="17.3915">
        <time>2026-03-31T15:10:00Z</time>
      </trkpt>
      <trkpt lat="66.71215" lon="17.38773">
        <time>2026-03-31T15:20:00Z</time>
      </trkpt>
      <trkpt lat="66.7181" lon="17.3938">
        <time>2026-03-31T15:30:00Z</time>
      </trkpt>
      <trkpt lat="66.72227" lon="17.3997">
        <time>2026-03-31T15:40:00Z</time>
      </trkpt>
      <trkpt lat="66.72546" lon="17.3959">
        <time>2026-03-31T15:50:00Z</time>
      </trkpt>
      <trkpt lat="66.73023" lon="17.39719">
        <time>2026-03-31T16:00:00Z</time>
      </trkpt>
      <trkpt lat="66.73537" lon="17.3994">
        <time>2026-03-31T16:10:00Z</time>
      </trkpt>
      <trkpt lat="66.74134" lon="17.40704">
        <time>2026-03-31T16:20:00Z</time>
      </trkpt>
      <trkpt lat="66.74466" lon="17.41176">
        <time>2026-03-31T16:30:00Z</time>
      </trkpt>
      <trkpt lat="66.74601" lon="17.42245">
        <time>2026-03-31T16:40:00Z</time>
      </trkpt>
      <trkpt lat="66.74638" lon="17.42547">
        <time>2026-03-31T16:43:00Z</time>
      </trkpt>
      <trkpt lat="66.74662" lon="17.42513">
        <time>2026-04-01T09:17:00Z</time>
      </trkpt>
      <trkpt lat="66.74818" lon="17.43706">
        <time>2026-04-01T09:27:00Z</time>
      </trkpt>
      <trkpt lat="66.75008" lon="17.44407">
        <time>2026-04-01T09:37:00Z</time>
      </trkpt>
      <trkpt lat="66.75278" lon="17.45294">
        <time>2026-04-01T09:47:00Z</time>
      </trkpt>
      <trkpt lat="66.75663" lon="17.46487">
        <time>2026-04-01T09:57:00Z</time>
      </trkpt>
      <trkpt lat="66.7586" lon="17.47075">
        <time>2026-04-01T10:07:00Z</time>
      </trkpt>
      <trkpt lat="66.76168" lon="17.48053">
        <time>2026-04-01T10:17:00Z</time>
      </trkpt>
      <trkpt lat="66.76402" lon="17.48733">
        <time>2026-04-01T10:27:00Z</time>
      </trkpt>
      <trkpt lat="66.76611" lon="17.49139">
        <time>2026-04-01T10:37:00Z</time>
      </trkpt>
      <trkpt lat="66.76833" lon="17.4971">
        <time>2026-04-01T10:47:00Z</time>
      </trkpt>
      <trkpt lat="66.77422" lon="17.50201">
        <time>2026-04-01T10:57:00Z</time>
      </trkpt>
      <trkpt lat="66.77565" lon="17.50959">
        <time>2026-04-01T11:07:00Z</time>
      </trkpt>
      <trkpt lat="66.77694" lon="17.51941">
        <time>2026-04-01T11:17:00Z</time>
      </trkpt>
      <trkpt lat="66.77623" lon="17.53379">
        <time>2026-04-01T11:27:00Z</time>
      </trkpt>
      <trkpt lat="66.77974" lon="17.54488">
        <time>2026-04-01T11:37:00Z</time>
      </trkpt>
      <trkpt lat="66.78464" lon="17.55445">
        <time>2026-04-01T11:47:00Z</time>
      </trkpt>
      <trkpt lat="66.78756" lon="17.55016">
        <time>2026-04-01T11:57:00Z</time>
      </trkpt>
      <trkpt lat="66.79107" lon="17.54061">
        <time>2026-04-01T12:07:00Z</time>
      </trkpt>
      <trkpt lat="66.79289" lon="17.53898">
        <time>2026-04-01T12:17:00Z</time>
      </trkpt>
      <trkpt lat="66.79582" lon="17.53913">
        <time>2026-04-01T12:27:00Z</time>
      </trkpt>
      <trkpt lat="66.79795" lon="17.53881">
        <time>2026-04-01T12:37:00Z</time>
      </trkpt>
      <trkpt lat="66.80009" lon="17.5384">
        <time>2026-04-01T12:47:00Z</time>
      </trkpt>
      <trkpt lat="66.80211" lon="17.53911">
        <time>2026-04-01T12:57:00Z</time>
      </trkpt>
      <trkpt lat="66.80436" lon="17.54038">
        <time>2026-04-01T13:07:00Z</time>
      </trkpt>
      <trkpt lat="66.8059" lon="17.54287">
        <time>2026-04-01T13:17:00Z</time>
      </trkpt>
      <trkpt lat="66.81026" lon="17.54941">
        <time>2026-04-01T13:27:00Z</time>
      </trkpt>
      <trkpt lat="66.82052" lon="17.56514">
        <time>2026-04-01T13:37:00Z</time>
      </trkpt>
      <trkpt lat="66.82672" lon="17.57452">
        <time>2026-04-01T13:47:00Z</time>
      </trkpt>
      <trkpt lat="66.83617" lon="17.58093">
        <time>2026-04-01T13:57:00Z</time>
      </trkpt>
      <trkpt lat="66.84411" lon="17.58859">
        <time>2026-04-01T14:07:00Z</time>
      </trkpt>
      <trkpt lat="66.84933" lon="17.58975">
        <time>2026-04-01T14:17:00Z</time>
      </trkpt>
      <trkpt lat="66.85424" lon="17.59376">
        <time>2026-04-01T14:27:00Z</time>
      </trkpt>
      <trkpt lat="66.85883" lon="17.5969">
        <time>2026-04-01T14:37:00Z</time>
      </trkpt>
      <trkpt lat="66.86442" lon="17.60132">
        <time>2026-04-01T14:47:00Z</time>
      </trkpt>
      <trkpt lat="66.86874" lon="17.60597">
        <time>2026-04-01T14:57:00Z</time>
      </trkpt>
      <trkpt lat="66.87193" lon="17.61509">
        <time>2026-04-01T15:07:00Z</time>
      </trkpt>
      <trkpt lat="66.87564" lon="17.62803">
        <time>2026-04-01T15:17:00Z</time>
      </trkpt>
      <trkpt lat="66.87821" lon="17.64318">
        <time>2026-04-01T15:27:00Z</time>
      </trkpt>
      <trkpt lat="66.87914" lon="17.65584">
        <time>2026-04-01T15:37:00Z</time>
      </trkpt>
      <trkpt lat="66.88225" lon="17.65397">
        <time>2026-04-01T15:47:00Z</time>
      </trkpt>
      <trkpt lat="66.88449" lon="17.65372">
        <time>2026-04-01T15:57:00Z</time>
      </trkpt>
      <trkpt lat="66.88706" lon="17.6576">
        <time>2026-04-01T16:07:00Z</time>
      </trkpt>
      <trkpt lat="66.89033" lon="17.66084">
        <time>2026-04-01T16:17:00Z</time>
      </trkpt>
      <trkpt lat="66.89922" lon="17.67002">
        <time>2026-04-01T16:27:00Z</time>
      </trkpt>
      <trkpt lat="66.90551" lon="17.67084">
        <time>2026-04-01T16:37:00Z</time>
      </trkpt>
      <trkpt lat="66.91298" lon="17.67065">
        <time>2026-04-01T16:47:00Z</time>
      </trkpt>
      <trkpt lat="66.92175" lon="17.66644">
        <time>2026-04-01T16:57:00Z</time>
      </trkpt>
      <trkpt lat="66.92518" lon="17.67007">
        <time>2026-04-01T17:07:00Z</time>
      </trkpt>
      <trkpt lat="66.92197" lon="17.68494">
        <time>2026-04-01T17:17:00Z</time>
      </trkpt>
      <trkpt lat="66.92023" lon="17.7021">
        <time>2026-04-01T17:27:00Z</time>
      </trkpt>
      <trkpt lat="66.92415" lon="17.71624">
        <time>2026-04-01T17:37:00Z</time>
      </trkpt>
      <trkpt lat="66.92679" lon="17.7206">
        <time>2026-04-01T17:47:00Z</time>
      </trkpt>
      <trkpt lat="66.93402" lon="17.72624">
        <time>2026-04-01T17:57:00Z</time>
      </trkpt>
      <trkpt lat="66.94177" lon="17.72682">
        <time>2026-04-01T18:07:00Z</time>
      </trkpt>
      <trkpt lat="66.94891" lon="17.72395">
        <time>2026-04-01T18:17:00Z</time>
      </trkpt>
      <trkpt lat="66.9508" lon="17.72435">
        <time>2026-04-01T18:27:00Z</time>
      </trkpt>
      <trkpt lat="66.95212" lon="17.71966">
        <time>2026-04-01T18:37:00Z</time>
      </trkpt>
      <trkpt lat="66.95564" lon="17.72054">
        <time>2026-04-01T18:47:00Z</time>
      </trkpt>
      <trkpt lat="66.9595" lon="17.72245">
        <time>2026-04-01T18:55:00Z</time>
      </trkpt>
      <trkpt lat="66.95951" lon="17.72245">
        <time>2026-04-01T18:56:00Z</time>
      </trkpt>
      <trkpt lat="66.95952" lon="17.72234">
        <time>2026-04-03T08:15:00Z</time>
      </trkpt>
      <trkpt lat="66.95994" lon="17.72418">
        <time>2026-04-03T08:25:00Z</time>
      </trkpt>
      <trkpt lat="66.96282" lon="17.72972">
        <time>2026-04-03T08:35:00Z</time>
      </trkpt>
      <trkpt lat="66.96449" lon="17.74088">
        <time>2026-04-03T08:45:00Z</time>
      </trkpt>
      <trkpt lat="66.96794" lon="17.74354">
        <time>2026-04-03T08:55:00Z</time>
      </trkpt>
      <trkpt lat="66.97213" lon="17.75034">
        <time>2026-04-03T09:05:00Z</time>
      </trkpt>
      <trkpt lat="66.97715" lon="17.75738">
        <time>2026-04-03T09:15:00Z</time>
      </trkpt>
      <trkpt lat="66.98085" lon="17.76341">
        <time>2026-04-03T09:25:00Z</time>
      </trkpt>
      <trkpt lat="66.98442" lon="17.77549">
        <time>2026-04-03T09:35:00Z</time>
      </trkpt>
      <trkpt lat="66.9894" lon="17.78555">
        <time>2026-04-03T09:45:00Z</time>
      </trkpt>
      <trkpt lat="66.99606" lon="17.78819">
        <time>2026-04-03T09:55:00Z</time>
      </trkpt>
      <trkpt lat="67.00178" lon="17.79036">
        <time>2026-04-03T10:05:00Z</time>
      </trkpt>
      <trkpt lat="67.00781" lon="17.79158">
        <time>2026-04-03T10:15:00Z</time>
      </trkpt>
      <trkpt lat="67.01232" lon="17.79128">
        <time>2026-04-03T10:25:00Z</time>
      </trkpt>
      <trkpt lat="67.01945" lon="17.79437">
        <time>2026-04-03T10:35:00Z</time>
      </trkpt>
      <trkpt lat="67.02237" lon="17.80752">
        <time>2026-04-03T10:45:00Z</time>
      </trkpt>
      <trkpt lat="67.0242" lon="17.82776">
        <time>2026-04-03T10:55:00Z</time>
      </trkpt>
      <trkpt lat="67.02551" lon="17.84495">
        <time>2026-04-03T11:05:00Z</time>
      </trkpt>
      <trkpt lat="67.02828" lon="17.86359">
        <time>2026-04-03T11:15:00Z</time>
      </trkpt>
      <trkpt lat="67.02984" lon="17.87007">
        <time>2026-04-03T11:25:00Z</time>
      </trkpt>
      <trkpt lat="67.0305" lon="17.88638">
        <time>2026-04-03T11:35:00Z</time>
      </trkpt>
      <trkpt lat="67.0288" lon="17.90284">
        <time>2026-04-03T11:45:00Z</time>
      </trkpt>
      <trkpt lat="67.03186" lon="17.92046">
        <time>2026-04-03T11:55:00Z</time>
      </trkpt>
      <trkpt lat="67.03612" lon="17.93786">
        <time>2026-04-03T12:05:00Z</time>
      </trkpt>
      <trkpt lat="67.04084" lon="17.95185">
        <time>2026-04-03T12:15:00Z</time>
      </trkpt>
      <trkpt lat="67.04285" lon="17.95824">
        <time>2026-04-03T12:25:00Z</time>
      </trkpt>
      <trkpt lat="67.04283" lon="17.95837">
        <time>2026-04-03T12:35:00Z</time>
      </trkpt>
      <trkpt lat="67.04361" lon="17.96871">
        <time>2026-04-03T12:45:00Z</time>
      </trkpt>
      <trkpt lat="67.04258" lon="17.98318">
        <time>2026-04-03T12:55:00Z</time>
      </trkpt>
      <trkpt lat="67.04286" lon="18.002">
        <time>2026-04-03T13:05:00Z</time>
      </trkpt>
      <trkpt lat="67.04327" lon="18.01865">
        <time>2026-04-03T13:15:00Z</time>
      </trkpt>
      <trkpt lat="67.04548" lon="18.028">
        <time>2026-04-03T13:25:00Z</time>
      </trkpt>
      <trkpt lat="67.0475" lon="18.04498">
        <time>2026-04-03T13:35:00Z</time>
      </trkpt>
      <trkpt lat="67.04739" lon="18.06113">
        <time>2026-04-03T13:45:00Z</time>
      </trkpt>
      <trkpt lat="67.04993" lon="18.07611">
        <time>2026-04-03T13:55:00Z</time>
      </trkpt>
      <trkpt lat="67.0512" lon="18.09643">
        <time>2026-04-03T14:05:00Z</time>
      </trkpt>
      <trkpt lat="67.05209" lon="18.11441">
        <time>2026-04-03T14:15:00Z</time>
      </trkpt>
      <trkpt lat="67.05394" lon="18.11986">
        <time>2026-04-03T14:25:00Z</time>
      </trkpt>
      <trkpt lat="67.05634" lon="18.13151">
        <time>2026-04-03T14:35:00Z</time>
      </trkpt>
      <trkpt lat="67.05846" lon="18.14336">
        <time>2026-04-03T14:45:00Z</time>
      </trkpt>
      <trkpt lat="67.06168" lon="18.1602">
        <time>2026-04-03T14:55:00Z</time>
      </trkpt>
      <trkpt lat="67.06148" lon="18.17437">
        <time>2026-04-03T15:05:00Z</time>
      </trkpt>
      <trkpt lat="67.06133" lon="18.19164">
        <time>2026-04-03T15:15:00Z</time>
      </trkpt>
      <trkpt lat="67.06218" lon="18.19861">
        <time>2026-04-03T15:25:00Z</time>
      </trkpt>
      <trkpt lat="67.06584" lon="18.21168">
        <time>2026-04-03T15:35:00Z</time>
      </trkpt>
      <trkpt lat="67.06841" lon="18.22842">
        <time>2026-04-03T15:45:00Z</time>
      </trkpt>
      <trkpt lat="67.07049" lon="18.24481">
        <time>2026-04-03T15:55:00Z</time>
      </trkpt>
      <trkpt lat="67.07091" lon="18.25339">
        <time>2026-04-03T16:05:00Z</time>
      </trkpt>
      <trkpt lat="67.07295" lon="18.27148">
        <time>2026-04-03T16:15:00Z</time>
      </trkpt>
      <trkpt lat="67.07734" lon="18.27584">
        <time>2026-04-03T16:25:00Z</time>
      </trkpt>
      <trkpt lat="67.08161" lon="18.2808">
        <time>2026-04-03T16:35:00Z</time>
      </trkpt>
      <trkpt lat="67.08579" lon="18.28275">
        <time>2026-04-03T16:45:00Z</time>
      </trkpt>
      <trkpt lat="67.088" lon="18.27848">
        <time>2026-04-03T16:55:00Z</time>
      </trkpt>
      <trkpt lat="67.09118" lon="18.27416">
        <time>2026-04-03T17:05:00Z</time>
      </trkpt>
      <trkpt lat="67.09626" lon="18.27427">
        <time>2026-04-03T17:15:00Z</time>
      </trkpt>
      <trkpt lat="67.10111" lon="18.27305">
        <time>2026-04-03T17:25:00Z</time>
      </trkpt>
      <trkpt lat="67.10774" lon="18.27575">
        <time>2026-04-03T17:35:00Z</time>
      </trkpt>
      <trkpt lat="67.1128" lon="18.28507">
        <time>2026-04-03T17:45:00Z</time>
      </trkpt>
      <trkpt lat="67.11751" lon="18.28873">
        <time>2026-04-03T17:55:00Z</time>
      </trkpt>
      <trkpt lat="67.11761" lon="18.28929">
        <time>2026-04-03T17:57:00Z</time>
      </trkpt>
      <trkpt lat="67.11761" lon="18.28942">
        <time>2026-04-04T09:15:00Z</time>
      </trkpt>
      <trkpt lat="67.12474" lon="18.29751">
        <time>2026-04-04T09:25:00Z</time>
      </trkpt>
      <trkpt lat="67.13258" lon="18.30712">
        <time>2026-04-04T09:35:00Z</time>
      </trkpt>
      <trkpt lat="67.13811" lon="18.31388">
        <time>2026-04-04T09:45:00Z</time>
      </trkpt>
      <trkpt lat="67.14148" lon="18.31461">
        <time>2026-04-04T09:55:00Z</time>
      </trkpt>
      <trkpt lat="67.14646" lon="18.30886">
        <time>2026-04-04T10:05:00Z</time>
      </trkpt>
      <trkpt lat="67.14734" lon="18.31657">
        <time>2026-04-04T10:15:00Z</time>
      </trkpt>
      <trkpt lat="67.14785" lon="18.31974">
        <time>2026-04-04T10:25:00Z</time>
      </trkpt>
      <trkpt lat="67.14839" lon="18.32285">
        <time>2026-04-04T10:35:00Z</time>
      </trkpt>
      <trkpt lat="67.14836" lon="18.32599">
        <time>2026-04-04T10:45:00Z</time>
      </trkpt>
      <trkpt lat="67.14909" lon="18.32938">
        <time>2026-04-04T10:55:00Z</time>
      </trkpt>
      <trkpt lat="67.15114" lon="18.33133">
        <time>2026-04-04T11:05:00Z</time>
      </trkpt>
      <trkpt lat="67.1531" lon="18.33317">
        <time>2026-04-04T11:15:00Z</time>
      </trkpt>
      <trkpt lat="67.15477" lon="18.33491">
        <time>2026-04-04T11:25:00Z</time>
      </trkpt>
      <trkpt lat="67.15822" lon="18.33895">
        <time>2026-04-04T11:35:00Z</time>
      </trkpt>
      <trkpt lat="67.16166" lon="18.34403">
        <time>2026-04-04T11:45:00Z</time>
      </trkpt>
      <trkpt lat="67.16557" lon="18.35654">
        <time>2026-04-04T11:55:00Z</time>
      </trkpt>
      <trkpt lat="67.1674" lon="18.37596">
        <time>2026-04-04T12:05:00Z</time>
      </trkpt>
      <trkpt lat="67.17141" lon="18.40673">
        <time>2026-04-04T12:15:00Z</time>
      </trkpt>
      <trkpt lat="67.17532" lon="18.42145">
        <time>2026-04-04T12:25:00Z</time>
      </trkpt>
      <trkpt lat="67.18112" lon="18.42499">
        <time>2026-04-04T12:35:00Z</time>
      </trkpt>
      <trkpt lat="67.1867" lon="18.43548">
        <time>2026-04-04T12:45:00Z</time>
      </trkpt>
      <trkpt lat="67.19398" lon="18.43596">
        <time>2026-04-04T12:55:00Z</time>
      </trkpt>
      <trkpt lat="67.19942" lon="18.43349">
        <time>2026-04-04T13:05:00Z</time>
      </trkpt>
      <trkpt lat="67.20807" lon="18.42935">
        <time>2026-04-04T13:15:00Z</time>
      </trkpt>
      <trkpt lat="67.21331" lon="18.42958">
        <time>2026-04-04T13:25:00Z</time>
      </trkpt>
      <trkpt lat="67.22101" lon="18.43248">
        <time>2026-04-04T13:35:00Z</time>
      </trkpt>
      <trkpt lat="67.22826" lon="18.43548">
        <time>2026-04-04T13:45:00Z</time>
      </trkpt>
      <trkpt lat="67.23177" lon="18.44012">
        <time>2026-04-04T13:55:00Z</time>
      </trkpt>
      <trkpt lat="67.2314" lon="18.44085">
        <time>2026-04-04T14:05:00Z</time>
      </trkpt>
      <trkpt lat="67.23452" lon="18.4466">
        <time>2026-04-04T14:15:00Z</time>
      </trkpt>
      <trkpt lat="67.23748" lon="18.44885">
        <time>2026-04-04T14:25:00Z</time>
      </trkpt>
      <trkpt lat="67.24174" lon="18.45422">
        <time>2026-04-04T14:35:00Z</time>
      </trkpt>
      <trkpt lat="67.2463" lon="18.46402">
        <time>2026-04-04T14:45:00Z</time>
      </trkpt>
      <trkpt lat="67.25249" lon="18.46737">
        <time>2026-04-04T14:55:00Z</time>
      </trkpt>
      <trkpt lat="67.25847" lon="18.46975">
        <time>2026-04-04T15:05:00Z</time>
      </trkpt>
      <trkpt lat="67.26392" lon="18.46922">
        <time>2026-04-04T15:15:00Z</time>
      </trkpt>
      <trkpt lat="67.26805" lon="18.46698">
        <time>2026-04-04T15:25:00Z</time>
      </trkpt>
      <trkpt lat="67.27449" lon="18.46391">
        <time>2026-04-04T15:35:00Z</time>
      </trkpt>
      <trkpt lat="67.28085" lon="18.46123">
        <time>2026-04-04T15:45:00Z</time>
      </trkpt>
      <trkpt lat="67.28708" lon="18.47012">
        <time>2026-04-04T15:55:00Z</time>
      </trkpt>
      <trkpt lat="67.2931" lon="18.4796">
        <time>2026-04-04T16:05:00Z</time>
      </trkpt>
      <trkpt lat="67.29731" lon="18.48462">
        <time>2026-04-04T16:14:00Z</time>
      </trkpt>
      <trkpt lat="67.29735" lon="18.4855">
        <time>2026-04-05T08:50:00Z</time>
      </trkpt>
      <trkpt lat="67.30377" lon="18.48911">
        <time>2026-04-05T09:00:00Z</time>
      </trkpt>
      <trkpt lat="67.31031" lon="18.49011">
        <time>2026-04-05T09:10:00Z</time>
      </trkpt>
      <trkpt lat="67.31773" lon="18.49522">
        <time>2026-04-05T09:20:00Z</time>
      </trkpt>
      <trkpt lat="67.32383" lon="18.50293">
        <time>2026-04-05T09:30:00Z</time>
      </trkpt>
      <trkpt lat="67.32835" lon="18.50623">
        <time>2026-04-05T09:40:00Z</time>
      </trkpt>
      <trkpt lat="67.33615" lon="18.5046">
        <time>2026-04-05T09:50:00Z</time>
      </trkpt>
      <trkpt lat="67.33914" lon="18.50198">
        <time>2026-04-05T10:00:00Z</time>
      </trkpt>
      <trkpt lat="67.34727" lon="18.50325">
        <time>2026-04-05T10:10:00Z</time>
      </trkpt>
      <trkpt lat="67.35498" lon="18.49943">
        <time>2026-04-05T10:20:00Z</time>
      </trkpt>
      <trkpt lat="67.36003" lon="18.50659">
        <time>2026-04-05T10:30:00Z</time>
      </trkpt>
      <trkpt lat="67.36681" lon="18.51619">
        <time>2026-04-05T10:40:00Z</time>
      </trkpt>
      <trkpt lat="67.37737" lon="18.53114">
        <time>2026-04-05T10:50:00Z</time>
      </trkpt>
      <trkpt lat="67.388" lon="18.53241">
        <time>2026-04-05T11:00:00Z</time>
      </trkpt>
      <trkpt lat="67.38888" lon="18.52988">
        <time>2026-04-05T11:10:00Z</time>
      </trkpt>
      <trkpt lat="67.39417" lon="18.52799">
        <time>2026-04-05T11:20:00Z</time>
      </trkpt>
      <trkpt lat="67.3949" lon="18.52597">
        <time>2026-04-05T11:30:00Z</time>
      </trkpt>
      <trkpt lat="67.39661" lon="18.50998">
        <time>2026-04-05T11:40:00Z</time>
      </trkpt>
      <trkpt lat="67.40383" lon="18.50054">
        <time>2026-04-05T11:50:00Z</time>
      </trkpt>
      <trkpt lat="67.40554" lon="18.49722">
        <time>2026-04-05T12:00:00Z</time>
      </trkpt>
      <trkpt lat="67.41023" lon="18.48018">
        <time>2026-04-05T12:10:00Z</time>
      </trkpt>
      <trkpt lat="67.41465" lon="18.46123">
        <time>2026-04-05T12:20:00Z</time>
      </trkpt>
      <trkpt lat="67.42132" lon="18.44679">
        <time>2026-04-05T12:30:00Z</time>
      </trkpt>
      <trkpt lat="67.42832" lon="18.43435">
        <time>2026-04-05T12:40:00Z</time>
      </trkpt>
      <trkpt lat="67.43467" lon="18.42218">
        <time>2026-04-05T12:50:00Z</time>
      </trkpt>
      <trkpt lat="67.43693" lon="18.41699">
        <time>2026-04-05T13:00:00Z</time>
      </trkpt>
      <trkpt lat="67.44227" lon="18.40049">
        <time>2026-04-05T13:10:00Z</time>
      </trkpt>
      <trkpt lat="67.44952" lon="18.39171">
        <time>2026-04-05T13:20:00Z</time>
      </trkpt>
      <trkpt lat="67.45622" lon="18.38182">
        <time>2026-04-05T13:30:00Z</time>
      </trkpt>
      <trkpt lat="67.46343" lon="18.37229">
        <time>2026-04-05T13:40:00Z</time>
      </trkpt>
      <trkpt lat="67.46648" lon="18.36493">
        <time>2026-04-05T13:50:00Z</time>
      </trkpt>
      <trkpt lat="67.47171" lon="18.3645">
        <time>2026-04-05T14:00:00Z</time>
      </trkpt>
      <trkpt lat="67.47451" lon="18.36403">
        <time>2026-04-05T14:10:00Z</time>
      </trkpt>
      <trkpt lat="67.47736" lon="18.36257">
        <time>2026-04-05T14:20:00Z</time>
      </trkpt>
      <trkpt lat="67.48157" lon="18.36079">
        <time>2026-04-05T14:30:00Z</time>
      </trkpt>
      <trkpt lat="67.48248" lon="18.36017">
        <time>2026-04-05T14:40:00Z</time>
      </trkpt>
      <trkpt lat="67.48353" lon="18.36603">
        <time>2026-04-05T14:50:00Z</time>
      </trkpt>
      <trkpt lat="67.48353" lon="18.366">
        <time>2026-04-05T15:00:00Z</time>
      </trkpt>
      <trkpt lat="67.48341" lon="18.36622">
        <time>2026-04-05T15:06:00Z</time>
      </trkpt>
      <trkpt lat="67.48354" lon="18.36594">
        <time>2026-04-06T07:46:00Z</time>
      </trkpt>
      <trkpt lat="67.48818" lon="18.37358">
        <time>2026-04-06T07:56:00Z</time>
      </trkpt>
      <trkpt lat="67.49244" lon="18.37532">
        <time>2026-04-06T08:06:00Z</time>
      </trkpt>
      <trkpt lat="67.49495" lon="18.38688">
        <time>2026-04-06T08:16:00Z</time>
      </trkpt>
      <trkpt lat="67.49644" lon="18.39175">
        <time>2026-04-06T08:26:00Z</time>
      </trkpt>
      <trkpt lat="67.49714" lon="18.40197">
        <time>2026-04-06T08:36:00Z</time>
      </trkpt>
      <trkpt lat="67.4969" lon="18.4086">
        <time>2026-04-06T08:46:00Z</time>
      </trkpt>
      <trkpt lat="67.49977" lon="18.4084">
        <time>2026-04-06T08:56:00Z</time>
      </trkpt>
      <trkpt lat="67.50261" lon="18.40441">
        <time>2026-04-06T09:06:00Z</time>
      </trkpt>
      <trkpt lat="67.50508" lon="18.41076">
        <time>2026-04-06T09:16:00Z</time>
      </trkpt>
      <trkpt lat="67.50707" lon="18.43128">
        <time>2026-04-06T09:26:00Z</time>
      </trkpt>
      <trkpt lat="67.50774" lon="18.44499">
        <time>2026-04-06T09:36:00Z</time>
      </trkpt>
      <trkpt lat="67.51414" lon="18.43924">
        <time>2026-04-06T09:46:00Z</time>
      </trkpt>
      <trkpt lat="67.51625" lon="18.43971">
        <time>2026-04-06T09:56:00Z</time>
      </trkpt>
      <trkpt lat="67.51852" lon="18.44063">
        <time>2026-04-06T10:06:00Z</time>
      </trkpt>
      <trkpt lat="67.52188" lon="18.44909">
        <time>2026-04-06T10:16:00Z</time>
      </trkpt>
      <trkpt lat="67.52478" lon="18.46246">
        <time>2026-04-06T10:26:00Z</time>
      </trkpt>
      <trkpt lat="67.5285" lon="18.47857">
        <time>2026-04-06T10:36:00Z</time>
      </trkpt>
      <trkpt lat="67.53255" lon="18.48582">
        <time>2026-04-06T10:46:00Z</time>
      </trkpt>
      <trkpt lat="67.53771" lon="18.48623">
        <time>2026-04-06T10:56:00Z</time>
      </trkpt>
      <trkpt lat="67.54155" lon="18.47475">
        <time>2026-04-06T11:06:00Z</time>
      </trkpt>
      <trkpt lat="67.54795" lon="18.4611">
        <time>2026-04-06T11:16:00Z</time>
      </trkpt>
      <trkpt lat="67.55339" lon="18.4534">
        <time>2026-04-06T11:26:00Z</time>
      </trkpt>
      <trkpt lat="67.56031" lon="18.43793">
        <time>2026-04-06T11:36:00Z</time>
      </trkpt>
      <trkpt lat="67.56704" lon="18.4234">
        <time>2026-04-06T11:46:00Z</time>
      </trkpt>
      <trkpt lat="67.57466" lon="18.40933">
        <time>2026-04-06T11:56:00Z</time>
      </trkpt>
      <trkpt lat="67.5795" lon="18.40057">
        <time>2026-04-06T12:06:00Z</time>
      </trkpt>
      <trkpt lat="67.58546" lon="18.39023">
        <time>2026-04-06T12:16:00Z</time>
      </trkpt>
      <trkpt lat="67.59241" lon="18.38171">
        <time>2026-04-06T12:26:00Z</time>
      </trkpt>
      <trkpt lat="67.59599" lon="18.37828">
        <time>2026-04-06T12:36:00Z</time>
      </trkpt>
      <trkpt lat="67.60086" lon="18.37995">
        <time>2026-04-06T12:46:00Z</time>
      </trkpt>
      <trkpt lat="67.60295" lon="18.37935">
        <time>2026-04-06T12:56:00Z</time>
      </trkpt>
      <trkpt lat="67.60863" lon="18.3701">
        <time>2026-04-06T13:06:00Z</time>
      </trkpt>
      <trkpt lat="67.61234" lon="18.366">
        <time>2026-04-06T13:16:00Z</time>
      </trkpt>
      <trkpt lat="67.61845" lon="18.36392">
        <time>2026-04-06T13:26:00Z</time>
      </trkpt>
      <trkpt lat="67.62304" lon="18.36208">
        <time>2026-04-06T13:36:00Z</time>
      </trkpt>
      <trkpt lat="67.6261" lon="18.34858">
        <time>2026-04-06T13:46:00Z</time>
      </trkpt>
      <trkpt lat="67.62961" lon="18.3477">
        <time>2026-04-06T13:56:00Z</time>
      </trkpt>
      <trkpt lat="67.63353" lon="18.33676">
        <time>2026-04-06T14:06:00Z</time>
      </trkpt>
      <trkpt lat="67.63398" lon="18.32749">
        <time>2026-04-06T14:16:00Z</time>
      </trkpt>
      <trkpt lat="67.63573" lon="18.32135">
        <time>2026-04-06T14:26:00Z</time>
      </trkpt>
      <trkpt lat="67.63883" lon="18.31712">
        <time>2026-04-06T14:36:00Z</time>
      </trkpt>
      <trkpt lat="67.64334" lon="18.30918">
        <time>2026-04-06T14:46:00Z</time>
      </trkpt>
      <trkpt lat="67.64766" lon="18.29715">
        <time>2026-04-06T14:56:00Z</time>
      </trkpt>
      <trkpt lat="67.65066" lon="18.28863">
        <time>2026-04-06T15:06:00Z</time>
      </trkpt>
      <trkpt lat="67.65241" lon="18.28307">
        <time>2026-04-06T15:16:00Z</time>
      </trkpt>
      <trkpt lat="67.6576" lon="18.26811">
        <time>2026-04-06T15:26:00Z</time>
      </trkpt>
      <trkpt lat="67.6616" lon="18.24887">
        <time>2026-04-06T15:36:00Z</time>
      </trkpt>
      <trkpt lat="67.6654" lon="18.22968">
        <time>2026-04-06T15:46:00Z</time>
      </trkpt>
      <trkpt lat="67.66997" lon="18.21556">
        <time>2026-04-06T15:56:00Z</time>
      </trkpt>
      <trkpt lat="67.67492" lon="18.20432">
        <time>2026-04-06T16:06:00Z</time>
      </trkpt>
      <trkpt lat="67.68079" lon="18.189">
        <time>2026-04-06T16:16:00Z</time>
      </trkpt>
      <trkpt lat="67.68623" lon="18.17473">
        <time>2026-04-06T16:26:00Z</time>
      </trkpt>
      <trkpt lat="67.69193" lon="18.16265">
        <time>2026-04-06T16:36:00Z</time>
      </trkpt>
      <trkpt lat="67.6942" lon="18.15735">
        <time>2026-04-06T16:46:00Z</time>
      </trkpt>
      <trkpt lat="67.69477" lon="18.15542">
        <time>2026-04-06T16:52:00Z</time>
      </trkpt>
      <trkpt lat="67.69477" lon="18.15527">
        <time>2026-04-07T09:07:00Z</time>
      </trkpt>
      <trkpt lat="67.69542" lon="18.15829">
        <time>2026-04-07T09:17:00Z</time>
      </trkpt>
      <trkpt lat="67.69563" lon="18.16072">
        <time>2026-04-07T09:27:00Z</time>
      </trkpt>
      <trkpt lat="67.69599" lon="18.16246">
        <time>2026-04-07T09:37:00Z</time>
      </trkpt>
      <trkpt lat="67.69631" lon="18.16514">
        <time>2026-04-07T09:47:00Z</time>
      </trkpt>
      <trkpt lat="67.69627" lon="18.17067">
        <time>2026-04-07T09:57:00Z</time>
      </trkpt>
      <trkpt lat="67.69802" lon="18.16885">
        <time>2026-04-07T10:07:00Z</time>
      </trkpt>
      <trkpt lat="67.69988" lon="18.16979">
        <time>2026-04-07T10:17:00Z</time>
      </trkpt>
      <trkpt lat="67.70101" lon="18.17115">
        <time>2026-04-07T10:27:00Z</time>
      </trkpt>
      <trkpt lat="67.70362" lon="18.18104">
        <time>2026-04-07T10:37:00Z</time>
      </trkpt>
      <trkpt lat="67.70801" lon="18.19273">
        <time>2026-04-07T10:47:00Z</time>
      </trkpt>
      <trkpt lat="67.71231" lon="18.2043">
        <time>2026-04-07T10:57:00Z</time>
      </trkpt>
      <trkpt lat="67.71901" lon="18.21709">
        <time>2026-04-07T11:07:00Z</time>
      </trkpt>
      <trkpt lat="67.72812" lon="18.23209">
        <time>2026-04-07T11:17:00Z</time>
      </trkpt>
      <trkpt lat="67.7334" lon="18.24586">
        <time>2026-04-07T11:27:00Z</time>
      </trkpt>
      <trkpt lat="67.73644" lon="18.2673">
        <time>2026-04-07T11:37:00Z</time>
      </trkpt>
      <trkpt lat="67.73822" lon="18.2753">
        <time>2026-04-07T11:47:00Z</time>
      </trkpt>
      <trkpt lat="67.74273" lon="18.29088">
        <time>2026-04-07T11:57:00Z</time>
      </trkpt>
      <trkpt lat="67.74723" lon="18.30277">
        <time>2026-04-07T12:07:00Z</time>
      </trkpt>
      <trkpt lat="67.75219" lon="18.29755">
        <time>2026-04-07T12:17:00Z</time>
      </trkpt>
      <trkpt lat="67.75744" lon="18.28927">
        <time>2026-04-07T12:27:00Z</time>
      </trkpt>
      <trkpt lat="67.76233" lon="18.28567">
        <time>2026-04-07T12:37:00Z</time>
      </trkpt>
      <trkpt lat="67.76847" lon="18.28361">
        <time>2026-04-07T12:47:00Z</time>
      </trkpt>
      <trkpt lat="67.77495" lon="18.28414">
        <time>2026-04-07T12:57:00Z</time>
      </trkpt>
      <trkpt lat="67.78142" lon="18.28865">
        <time>2026-04-07T13:07:00Z</time>
      </trkpt>
      <trkpt lat="67.78667" lon="18.2938">
        <time>2026-04-07T13:17:00Z</time>
      </trkpt>
      <trkpt lat="67.79348" lon="18.29573">
        <time>2026-04-07T13:27:00Z</time>
      </trkpt>
      <trkpt lat="67.79938" lon="18.29371">
        <time>2026-04-07T13:37:00Z</time>
      </trkpt>
      <trkpt lat="67.80706" lon="18.29206">
        <time>2026-04-07T13:47:00Z</time>
      </trkpt>
      <trkpt lat="67.81403" lon="18.29562">
        <time>2026-04-07T13:57:00Z</time>
      </trkpt>
      <trkpt lat="67.82147" lon="18.30311">
        <time>2026-04-07T14:07:00Z</time>
      </trkpt>
      <trkpt lat="67.82866" lon="18.30609">
        <time>2026-04-07T14:17:00Z</time>
      </trkpt>
      <trkpt lat="67.83471" lon="18.30923">
        <time>2026-04-07T14:27:00Z</time>
      </trkpt>
      <trkpt lat="67.84174" lon="18.31343">
        <time>2026-04-07T14:37:00Z</time>
      </trkpt>
      <trkpt lat="67.84851" lon="18.31493">
        <time>2026-04-07T14:47:00Z</time>
      </trkpt>
      <trkpt lat="67.85131" lon="18.31575">
        <time>2026-04-07T14:57:00Z</time>
      </trkpt>
      <trkpt lat="67.85723" lon="18.31444">
        <time>2026-04-07T15:07:00Z</time>
      </trkpt>
      <trkpt lat="67.86292" lon="18.30948">
        <time>2026-04-07T15:17:00Z</time>
      </trkpt>
      <trkpt lat="67.86716" lon="18.3083">
        <time>2026-04-07T15:27:00Z</time>
      </trkpt>
      <trkpt lat="67.87046" lon="18.30951">
        <time>2026-04-07T15:37:00Z</time>
      </trkpt>
      <trkpt lat="67.87836" lon="18.3103">
        <time>2026-04-07T15:47:00Z</time>
      </trkpt>
      <trkpt lat="67.88498" lon="18.31481">
        <time>2026-04-07T15:57:00Z</time>
      </trkpt>
      <trkpt lat="67.88956" lon="18.31712">
        <time>2026-04-07T16:07:00Z</time>
      </trkpt>
      <trkpt lat="67.89456" lon="18.31914">
        <time>2026-04-07T16:17:00Z</time>
      </trkpt>
      <trkpt lat="67.89853" lon="18.31882">
        <time>2026-04-07T16:27:00Z</time>
      </trkpt>
      <trkpt lat="67.90367" lon="18.31519">
        <time>2026-04-07T16:37:00Z</time>
      </trkpt>
      <trkpt lat="67.90927" lon="18.31146">
        <time>2026-04-07T16:47:00Z</time>
      </trkpt>
      <trkpt lat="67.91514" lon="18.30736">
        <time>2026-04-07T16:57:00Z</time>
      </trkpt>
      <trkpt lat="67.92294" lon="18.30182">
        <time>2026-04-07T17:07:00Z</time>
      </trkpt>
      <trkpt lat="67.92985" lon="18.29674">
        <time>2026-04-07T17:17:00Z</time>
      </trkpt>
      <trkpt lat="67.93493" lon="18.29247">
        <time>2026-04-07T17:27:00Z</time>
      </trkpt>
      <trkpt lat="67.94177" lon="18.28702">
        <time>2026-04-07T17:37:00Z</time>
      </trkpt>
      <trkpt lat="67.94627" lon="18.28243">
        <time>2026-04-07T17:47:00Z</time>
      </trkpt>
      <trkpt lat="67.94625" lon="18.28232">
        <time>2026-04-07T17:48:00Z</time>
      </trkpt>
      <trkpt lat="67.94642" lon="18.28232">
        <time>2026-04-08T08:07:00Z</time>
      </trkpt>
      <trkpt lat="67.95141" lon="18.28052">
        <time>2026-04-08T08:17:00Z</time>
      </trkpt>
      <trkpt lat="67.95775" lon="18.277">
        <time>2026-04-08T08:27:00Z</time>
      </trkpt>
      <trkpt lat="67.96541" lon="18.27206">
        <time>2026-04-08T08:37:00Z</time>
      </trkpt>
      <trkpt lat="67.97199" lon="18.26704">
        <time>2026-04-08T08:47:00Z</time>
      </trkpt>
      <trkpt lat="67.9785" lon="18.26294">
        <time>2026-04-08T08:57:00Z</time>
      </trkpt>
      <trkpt lat="67.98366" lon="18.26118">
        <time>2026-04-08T09:07:00Z</time>
      </trkpt>
      <trkpt lat="67.99072" lon="18.25893">
        <time>2026-04-08T09:17:00Z</time>
      </trkpt>
      <trkpt lat="67.99834" lon="18.25071">
        <time>2026-04-08T09:27:00Z</time>
      </trkpt>
      <trkpt lat="68.00497" lon="18.24545">
        <time>2026-04-08T09:37:00Z</time>
      </trkpt>
      <trkpt lat="68.01027" lon="18.24125">
        <time>2026-04-08T09:47:00Z</time>
      </trkpt>
      <trkpt lat="68.01411" lon="18.24007">
        <time>2026-04-08T09:57:00Z</time>
      </trkpt>
      <trkpt lat="68.01534" lon="18.24209">
        <time>2026-04-08T10:07:00Z</time>
      </trkpt>
      <trkpt lat="68.01848" lon="18.24423">
        <time>2026-04-08T10:17:00Z</time>
      </trkpt>
      <trkpt lat="68.02236" lon="18.25069">
        <time>2026-04-08T10:27:00Z</time>
      </trkpt>
      <trkpt lat="68.03032" lon="18.24807">
        <time>2026-04-08T10:37:00Z</time>
      </trkpt>
      <trkpt lat="68.03812" lon="18.24668">
        <time>2026-04-08T10:47:00Z</time>
      </trkpt>
      <trkpt lat="68.0471" lon="18.24445">
        <time>2026-04-08T10:57:00Z</time>
      </trkpt>
      <trkpt lat="68.05582" lon="18.25191">
        <time>2026-04-08T11:07:00Z</time>
      </trkpt>
      <trkpt lat="68.06719" lon="18.26217">
        <time>2026-04-08T11:17:00Z</time>
      </trkpt>
      <trkpt lat="68.07421" lon="18.27105">
        <time>2026-04-08T11:27:00Z</time>
      </trkpt>
      <trkpt lat="68.0782" lon="18.27861">
        <time>2026-04-08T11:37:00Z</time>
      </trkpt>
      <trkpt lat="68.08514" lon="18.29062">
        <time>2026-04-08T11:47:00Z</time>
      </trkpt>
      <trkpt lat="68.09163" lon="18.3024">
        <time>2026-04-08T11:57:00Z</time>
      </trkpt>
      <trkpt lat="68.09819" lon="18.31262">
        <time>2026-04-08T12:07:00Z</time>
      </trkpt>
      <trkpt lat="68.10409" lon="18.32429">
        <time>2026-04-08T12:17:00Z</time>
      </trkpt>
      <trkpt lat="68.10821" lon="18.33826">
        <time>2026-04-08T12:27:00Z</time>
      </trkpt>
      <trkpt lat="68.1109" lon="18.35352">
        <time>2026-04-08T12:37:00Z</time>
      </trkpt>
      <trkpt lat="68.11588" lon="18.36815">
        <time>2026-04-08T12:47:00Z</time>
      </trkpt>
      <trkpt lat="68.12253" lon="18.38553">
        <time>2026-04-08T12:57:00Z</time>
      </trkpt>
      <trkpt lat="68.127" lon="18.40113">
        <time>2026-04-08T13:07:00Z</time>
      </trkpt>
      <trkpt lat="68.13033" lon="18.41027">
        <time>2026-04-08T13:17:00Z</time>
      </trkpt>
      <trkpt lat="68.13733" lon="18.41924">
        <time>2026-04-08T13:27:00Z</time>
      </trkpt>
      <trkpt lat="68.14421" lon="18.4257">
        <time>2026-04-08T13:37:00Z</time>
      </trkpt>
      <trkpt lat="68.15076" lon="18.43563">
        <time>2026-04-08T13:47:00Z</time>
      </trkpt>
      <trkpt lat="68.15715" lon="18.44389">
        <time>2026-04-08T13:57:00Z</time>
      </trkpt>
      <trkpt lat="68.16396" lon="18.45252">
        <time>2026-04-08T14:07:00Z</time>
      </trkpt>
      <trkpt lat="68.16951" lon="18.46074">
        <time>2026-04-08T14:17:00Z</time>
      </trkpt>
      <trkpt lat="68.17657" lon="18.47327">
        <time>2026-04-08T14:27:00Z</time>
      </trkpt>
      <trkpt lat="68.18271" lon="18.48677">
        <time>2026-04-08T14:37:00Z</time>
      </trkpt>
      <trkpt lat="68.18731" lon="18.49889">
        <time>2026-04-08T14:47:00Z</time>
      </trkpt>
      <trkpt lat="68.19143" lon="18.51408">
        <time>2026-04-08T14:57:00Z</time>
      </trkpt>
      <trkpt lat="68.19617" lon="18.52968">
        <time>2026-04-08T15:07:00Z</time>
      </trkpt>
      <trkpt lat="68.19939" lon="18.53513">
        <time>2026-04-08T15:17:00Z</time>
      </trkpt>
      <trkpt lat="68.19927" lon="18.53543">
        <time>2026-04-08T15:18:00Z</time>
      </trkpt>
      <trkpt lat="68.19937" lon="18.53528">
        <time>2026-04-09T08:04:00Z</time>
      </trkpt>
      <trkpt lat="68.20517" lon="18.54189">
        <time>2026-04-09T08:14:00Z</time>
      </trkpt>
      <trkpt lat="68.20897" lon="18.55198">
        <time>2026-04-09T08:24:00Z</time>
      </trkpt>
      <trkpt lat="68.21545" lon="18.56178">
        <time>2026-04-09T08:34:00Z</time>
      </trkpt>
      <trkpt lat="68.22211" lon="18.57165">
        <time>2026-04-09T08:44:00Z</time>
      </trkpt>
      <trkpt lat="68.22797" lon="18.58395">
        <time>2026-04-09T08:54:00Z</time>
      </trkpt>
      <trkpt lat="68.23459" lon="18.60105">
        <time>2026-04-09T09:04:00Z</time>
      </trkpt>
      <trkpt lat="68.23959" lon="18.60307">
        <time>2026-04-09T09:14:00Z</time>
      </trkpt>
      <trkpt lat="68.24902" lon="18.60212">
        <time>2026-04-09T09:24:00Z</time>
      </trkpt>
      <trkpt lat="68.25526" lon="18.59227">
        <time>2026-04-09T09:34:00Z</time>
      </trkpt>
      <trkpt lat="68.2605" lon="18.57854">
        <time>2026-04-09T09:44:00Z</time>
      </trkpt>
      <trkpt lat="68.26554" lon="18.56835">
        <time>2026-04-09T09:54:00Z</time>
      </trkpt>
      <trkpt lat="68.27118" lon="18.57028">
        <time>2026-04-09T10:04:00Z</time>
      </trkpt>
      <trkpt lat="68.27819" lon="18.57176">
        <time>2026-04-09T10:14:00Z</time>
      </trkpt>
      <trkpt lat="68.28197" lon="18.58161">
        <time>2026-04-09T10:24:00Z</time>
      </trkpt>
      <trkpt lat="68.28646" lon="18.59676">
        <time>2026-04-09T10:34:00Z</time>
      </trkpt>
      <trkpt lat="68.29129" lon="18.61573">
        <time>2026-04-09T10:44:00Z</time>
      </trkpt>
      <trkpt lat="68.29689" lon="18.63229">
        <time>2026-04-09T10:54:00Z</time>
      </trkpt>
      <trkpt lat="68.3023" lon="18.65008">
        <time>2026-04-09T11:04:00Z</time>
      </trkpt>
      <trkpt lat="68.3063" lon="18.66317">
        <time>2026-04-09T11:14:00Z</time>
      </trkpt>
      <trkpt lat="68.30968" lon="18.67804">
        <time>2026-04-09T11:24:00Z</time>
      </trkpt>
      <trkpt lat="68.3131" lon="18.69418">
        <time>2026-04-09T11:34:00Z</time>
      </trkpt>
      <trkpt lat="68.31313" lon="18.71053">
        <time>2026-04-09T11:44:00Z</time>
      </trkpt>
      <trkpt lat="68.31454" lon="18.72289">
        <time>2026-04-09T11:54:00Z</time>
      </trkpt>
      <trkpt lat="68.31592" lon="18.7325">
        <time>2026-04-09T12:04:00Z</time>
      </trkpt>
      <trkpt lat="68.31954" lon="18.74385">
        <time>2026-04-09T12:14:00Z</time>
      </trkpt>
      <trkpt lat="68.32196" lon="18.75733">
        <time>2026-04-09T12:24:00Z</time>
      </trkpt>
      <trkpt lat="68.32489" lon="18.76325">
        <time>2026-04-09T12:34:00Z</time>
      </trkpt>
      <trkpt lat="68.32967" lon="18.7617">
        <time>2026-04-09T12:44:00Z</time>
      </trkpt>
      <trkpt lat="68.3348" lon="18.7584">
        <time>2026-04-09T12:54:00Z</time>
      </trkpt>
      <trkpt lat="68.33958" lon="18.76252">
        <time>2026-04-09T13:04:00Z</time>
      </trkpt>
      <trkpt lat="68.3408" lon="18.76767">
        <time>2026-04-09T13:14:00Z</time>
      </trkpt>
      <trkpt lat="68.34687" lon="18.76615">
        <time>2026-04-09T13:24:00Z</time>
      </trkpt>
      <trkpt lat="68.35393" lon="18.76643">
        <time>2026-04-09T13:34:00Z</time>
      </trkpt>
      <trkpt lat="68.35747" lon="18.77657">
        <time>2026-04-09T13:44:00Z</time>
      </trkpt>
      <trkpt lat="68.35785" lon="18.77799">
        <time>2026-04-09T13:54:00Z</time>
      </trkpt>
      <trkpt lat="68.35859" lon="18.78355">
        <time>2026-04-09T14:04:00Z</time>
      </trkpt>
      <trkpt lat="68.3585" lon="18.7837">
        <time>2026-04-09T14:14:00Z</time>
      </trkpt>
      <trkpt lat="68.35898" lon="18.78499">
        <time>2026-04-10T07:41:00Z</time>
      </trkpt>
      <trkpt lat="68.36142" lon="18.78666">
        <time>2026-04-10T07:51:00Z</time>
      </trkpt>
      <trkpt lat="68.36201" lon="18.80035">
        <time>2026-04-10T08:01:00Z</time>
      </trkpt>
      <trkpt lat="68.36176" lon="18.81749">
        <time>2026-04-10T08:11:00Z</time>
      </trkpt>
      <trkpt lat="68.36288" lon="18.83912">
        <time>2026-04-10T08:21:00Z</time>
      </trkpt>
      <trkpt lat="68.36403" lon="18.85569">
        <time>2026-04-10T08:31:00Z</time>
      </trkpt>
      <trkpt lat="68.36539" lon="18.87629">
        <time>2026-04-10T08:41:00Z</time>
      </trkpt>
      <trkpt lat="68.36758" lon="18.89279">
        <time>2026-04-10T08:51:00Z</time>
      </trkpt>
      <trkpt lat="68.3698" lon="18.91285">
        <time>2026-04-10T09:01:00Z</time>
      </trkpt>
      <trkpt lat="68.37062" lon="18.92727">
        <time>2026-04-10T09:11:00Z</time>
      </trkpt>
      <trkpt lat="68.37053" lon="18.94579">
        <time>2026-04-10T09:21:00Z</time>
      </trkpt>
      <trkpt lat="68.37073" lon="18.96678">
        <time>2026-04-10T09:31:00Z</time>
      </trkpt>
      <trkpt lat="68.37087" lon="18.98695">
        <time>2026-04-10T09:41:00Z</time>
      </trkpt>
      <trkpt lat="68.37088" lon="18.99471">
        <time>2026-04-10T09:51:00Z</time>
      </trkpt>
      <trkpt lat="68.37069" lon="19.01521">
        <time>2026-04-10T10:01:00Z</time>
      </trkpt>
      <trkpt lat="68.37029" lon="19.03606">
        <time>2026-04-10T10:11:00Z</time>
      </trkpt>
      <trkpt lat="68.37021" lon="19.05701">
        <time>2026-04-10T10:21:00Z</time>
      </trkpt>
      <trkpt lat="68.37002" lon="19.07831">
        <time>2026-04-10T10:31:00Z</time>
      </trkpt>
      <trkpt lat="68.36899" lon="19.08915">
        <time>2026-04-10T10:41:00Z</time>
      </trkpt>
      <trkpt lat="68.36709" lon="19.10305">
        <time>2026-04-10T10:51:00Z</time>
      </trkpt>
      <trkpt lat="68.36431" lon="19.12125">
        <time>2026-04-10T11:01:00Z</time>
      </trkpt>
      <trkpt lat="68.36121" lon="19.14103">
        <time>2026-04-10T11:11:00Z</time>
      </trkpt>
      <trkpt lat="68.35801" lon="19.16103">
        <time>2026-04-10T11:21:00Z</time>
      </trkpt>
      <trkpt lat="68.35563" lon="19.17631">
        <time>2026-04-10T11:31:00Z</time>
      </trkpt>
      <trkpt lat="68.35279" lon="19.19601">
        <time>2026-04-10T11:41:00Z</time>
      </trkpt>
      <trkpt lat="68.3497" lon="19.21515">
        <time>2026-04-10T11:51:00Z</time>
      </trkpt>
      <trkpt lat="68.34874" lon="19.22075">
        <time>2026-04-10T12:01:00Z</time>
      </trkpt>
      <trkpt lat="68.34592" lon="19.24015">
        <time>2026-04-10T12:11:00Z</time>
      </trkpt>
      <trkpt lat="68.34346" lon="19.25993">
        <time>2026-04-10T12:21:00Z</time>
      </trkpt>
      <trkpt lat="68.34081" lon="19.27965">
        <time>2026-04-10T12:31:00Z</time>
      </trkpt>
      <trkpt lat="68.33845" lon="19.29684">
        <time>2026-04-10T12:41:00Z</time>
      </trkpt>
      <trkpt lat="68.33593" lon="19.31364">
        <time>2026-04-10T12:51:00Z</time>
      </trkpt>
      <trkpt lat="68.33393" lon="19.32669">
        <time>2026-04-10T13:01:00Z</time>
      </trkpt>
      <trkpt lat="68.33116" lon="19.34585">
        <time>2026-04-10T13:11:00Z</time>
      </trkpt>
      <trkpt lat="68.32841" lon="19.36417">
        <time>2026-04-10T13:21:00Z</time>
      </trkpt>
      <trkpt lat="68.32569" lon="19.38293">
        <time>2026-04-10T13:31:00Z</time>
      </trkpt>
      <trkpt lat="68.3234" lon="19.39788">
        <time>2026-04-10T13:41:00Z</time>
      </trkpt>
      <trkpt lat="68.32342" lon="19.39784">
        <time>2026-04-10T13:51:00Z</time>
      </trkpt>
      <trkpt lat="68.32197" lon="19.40569">
        <time>2026-04-10T14:11:00Z</time>
      </trkpt>
      <trkpt lat="68.31928" lon="19.42039">
        <time>2026-04-10T14:21:00Z</time>
      </trkpt>
      <trkpt lat="68.31654" lon="19.43887">
        <time>2026-04-10T14:31:00Z</time>
      </trkpt>
      <trkpt lat="68.31412" lon="19.45631">
        <time>2026-04-10T14:41:00Z</time>
      </trkpt>
      <trkpt lat="68.31265" lon="19.46695">
        <time>2026-04-10T14:51:00Z</time>
      </trkpt>
      <trkpt lat="68.31" lon="19.48554">
        <time>2026-04-10T15:01:00Z</time>
      </trkpt>
      <trkpt lat="68.30783" lon="19.49983">
        <time>2026-04-10T15:11:00Z</time>
      </trkpt>
      <trkpt lat="68.3056" lon="19.51626">
        <time>2026-04-10T15:21:00Z</time>
      </trkpt>
      <trkpt lat="68.30341" lon="19.53397">
        <time>2026-04-10T15:31:00Z</time>
      </trkpt>
      <trkpt lat="68.30144" lon="19.5515">
        <time>2026-04-10T15:41:00Z</time>
      </trkpt>
      <trkpt lat="68.30089" lon="19.56459">
        <time>2026-04-10T15:51:00Z</time>
      </trkpt>
      <trkpt lat="68.30076" lon="19.58396">
        <time>2026-04-10T16:01:00Z</time>
      </trkpt>
      <trkpt lat="68.30095" lon="19.60463">
        <time>2026-04-10T16:11:00Z</time>
      </trkpt>
      <trkpt lat="68.3012" lon="19.61804">
        <time>2026-04-10T16:21:00Z</time>
      </trkpt>
      <trkpt lat="68.3017" lon="19.63872">
        <time>2026-04-10T16:31:00Z</time>
      </trkpt>
      <trkpt lat="68.30214" lon="19.65477">
        <time>2026-04-10T16:41:00Z</time>
      </trkpt>
      <trkpt lat="68.30213" lon="19.65471">
        <time>2026-04-10T16:51:00Z</time>
      </trkpt>
      <trkpt lat="68.3026" lon="19.67142">
        <time>2026-04-10T17:01:00Z</time>
      </trkpt>
      <trkpt lat="68.30289" lon="19.68368">
        <time>2026-04-10T17:11:00Z</time>
      </trkpt>
      <trkpt lat="68.30335" lon="19.70327">
        <time>2026-04-10T17:21:00Z</time>
      </trkpt>
      <trkpt lat="68.30414" lon="19.72333">
        <time>2026-04-10T17:31:00Z</time>
      </trkpt>
      <trkpt lat="68.30497" lon="19.74116">
        <time>2026-04-10T17:41:00Z</time>
      </trkpt>
      <trkpt lat="68.30645" lon="19.75985">
        <time>2026-04-10T17:51:00Z</time>
      </trkpt>
      <trkpt lat="68.30942" lon="19.77839">
        <time>2026-04-10T18:01:00Z</time>
      </trkpt>
      <trkpt lat="68.31332" lon="19.79521">
        <time>2026-04-10T18:11:00Z</time>
      </trkpt>
      <trkpt lat="68.31422" lon="19.81457">
        <time>2026-04-10T18:21:00Z</time>
      </trkpt>
      <trkpt lat="68.31454" lon="19.81972">
        <time>2026-04-10T18:31:00Z</time>
      </trkpt>
      <trkpt lat="68.31454" lon="19.81989">
        <time>2026-04-10T18:41:00Z</time>
      </trkpt>
      <trkpt lat="68.31455" lon="19.81995">
        <time>2026-04-10T19:23:00Z</time>
      </trkpt>
      <trkpt lat="68.31448" lon="19.81946">
        <time>2026-04-11T08:16:00Z</time>
      </trkpt>
      <trkpt lat="68.31463" lon="19.83622">
        <time>2026-04-11T08:26:00Z</time>
      </trkpt>
      <trkpt lat="68.31039" lon="19.84939">
        <time>2026-04-11T08:36:00Z</time>
      </trkpt>
      <trkpt lat="68.30468" lon="19.85478">
        <time>2026-04-11T08:46:00Z</time>
      </trkpt>
      <trkpt lat="68.29905" lon="19.86491">
        <time>2026-04-11T08:56:00Z</time>
      </trkpt>
      <trkpt lat="68.29906" lon="19.86491">
        <time>2026-04-11T09:06:00Z</time>
      </trkpt>
      <trkpt lat="68.29544" lon="19.87587">
        <time>2026-04-11T09:16:00Z</time>
      </trkpt>
      <trkpt lat="68.29253" lon="19.88542">
        <time>2026-04-11T09:26:00Z</time>
      </trkpt>
      <trkpt lat="68.29438" lon="19.89385">
        <time>2026-04-11T09:36:00Z</time>
      </trkpt>
      <trkpt lat="68.29771" lon="19.90576">
        <time>2026-04-11T09:46:00Z</time>
      </trkpt>
      <trkpt lat="68.29965" lon="19.91184">
        <time>2026-04-11T09:56:00Z</time>
      </trkpt>
      <trkpt lat="68.30292" lon="19.92098">
        <time>2026-04-11T10:06:00Z</time>
      </trkpt>
      <trkpt lat="68.30661" lon="19.93357">
        <time>2026-04-11T10:16:00Z</time>
      </trkpt>
      <trkpt lat="68.31102" lon="19.93572">
        <time>2026-04-11T10:26:00Z</time>
      </trkpt>
      <trkpt lat="68.31776" lon="19.93782">
        <time>2026-04-11T10:36:00Z</time>
      </trkpt>
      <trkpt lat="68.32223" lon="19.94632">
        <time>2026-04-11T10:46:00Z</time>
      </trkpt>
      <trkpt lat="68.3256" lon="19.95057">
        <time>2026-04-11T10:56:00Z</time>
      </trkpt>
      <trkpt lat="68.32942" lon="19.95224">
        <time>2026-04-11T11:06:00Z</time>
      </trkpt>
      <trkpt lat="68.3333" lon="19.95786">
        <time>2026-04-11T11:16:00Z</time>
      </trkpt>
      <trkpt lat="68.33619" lon="19.96117">
        <time>2026-04-11T11:26:00Z</time>
      </trkpt>
      <trkpt lat="68.34079" lon="19.96301">
        <time>2026-04-11T11:36:00Z</time>
      </trkpt>
      <trkpt lat="68.34416" lon="19.96578">
        <time>2026-04-11T11:46:00Z</time>
      </trkpt>
      <trkpt lat="68.34885" lon="19.9737">
        <time>2026-04-11T11:56:00Z</time>
      </trkpt>
      <trkpt lat="68.35322" lon="19.98782">
        <time>2026-04-11T12:06:00Z</time>
      </trkpt>
      <trkpt lat="68.35625" lon="20.00301">
        <time>2026-04-11T12:16:00Z</time>
      </trkpt>
      <trkpt lat="68.35928" lon="20.01462">
        <time>2026-04-11T12:26:00Z</time>
      </trkpt>
      <trkpt lat="68.36118" lon="20.02346">
        <time>2026-04-11T12:36:00Z</time>
      </trkpt>
      <trkpt lat="68.36513" lon="20.03181">
        <time>2026-04-11T12:46:00Z</time>
      </trkpt>
      <trkpt lat="68.36808" lon="20.04363">
        <time>2026-04-11T12:56:00Z</time>
      </trkpt>
      <trkpt lat="68.36822" lon="20.04638">
        <time>2026-04-11T13:06:00Z</time>
      </trkpt>
      <trkpt lat="68.36936" lon="20.05082">
        <time>2026-04-11T13:16:00Z</time>
      </trkpt>
      <trkpt lat="68.3726" lon="20.0615">
        <time>2026-04-11T13:26:00Z</time>
      </trkpt>
      <trkpt lat="68.37399" lon="20.07382">
        <time>2026-04-11T13:36:00Z</time>
      </trkpt>
      <trkpt lat="68.37948" lon="20.07762">
        <time>2026-04-11T13:46:00Z</time>
      </trkpt>
      <trkpt lat="68.38504" lon="20.07238">
        <time>2026-04-11T13:56:00Z</time>
      </trkpt>
      <trkpt lat="68.38988" lon="20.0668">
        <time>2026-04-11T14:06:00Z</time>
      </trkpt>
      <trkpt lat="68.39368" lon="20.06219">
        <time>2026-04-11T14:16:00Z</time>
      </trkpt>
      <trkpt lat="68.39692" lon="20.06266">
        <time>2026-04-11T14:26:00Z</time>
      </trkpt>
      <trkpt lat="68.4011" lon="20.06815">
        <time>2026-04-11T14:36:00Z</time>
      </trkpt>
      <trkpt lat="68.40602" lon="20.073">
        <time>2026-04-11T14:46:00Z</time>
      </trkpt>
      <trkpt lat="68.41032" lon="20.07869">
        <time>2026-04-11T14:56:00Z</time>
      </trkpt>
      <trkpt lat="68.41425" lon="20.08406">
        <time>2026-04-11T15:06:00Z</time>
      </trkpt>
      <trkpt lat="68.41695" lon="20.09386">
        <time>2026-04-11T15:16:00Z</time>
      </trkpt>
      <trkpt lat="68.41982" lon="20.10845">
        <time>2026-04-11T15:26:00Z</time>
      </trkpt>
      <trkpt lat="68.4213" lon="20.12534">
        <time>2026-04-11T15:36:00Z</time>
      </trkpt>
      <trkpt lat="68.42231" lon="20.13924">
        <time>2026-04-11T15:46:00Z</time>
      </trkpt>
      <trkpt lat="68.42497" lon="20.15311">
        <time>2026-04-11T15:56:00Z</time>
      </trkpt>
      <trkpt lat="68.42674" lon="20.1586">
        <time>2026-04-11T16:06:00Z</time>
      </trkpt>
      <trkpt lat="68.43323" lon="20.17124">
        <time>2026-04-11T16:16:00Z</time>
      </trkpt>
      <trkpt lat="68.43923" lon="20.18752">
        <time>2026-04-11T16:26:00Z</time>
      </trkpt>
      <trkpt lat="68.44267" lon="20.19246">
        <time>2026-04-11T16:31:00Z</time>
      </trkpt>
      <trkpt lat="68.44278" lon="20.19255">
        <time>2026-04-12T07:54:00Z</time>
      </trkpt>
      <trkpt lat="68.44787" lon="20.19733">
        <time>2026-04-12T08:04:00Z</time>
      </trkpt>
      <trkpt lat="68.45552" lon="20.20645">
        <time>2026-04-12T08:14:00Z</time>
      </trkpt>
      <trkpt lat="68.46321" lon="20.21563">
        <time>2026-04-12T08:24:00Z</time>
      </trkpt>
      <trkpt lat="68.47184" lon="20.22574">
        <time>2026-04-12T08:34:00Z</time>
      </trkpt>
      <trkpt lat="68.47851" lon="20.23243">
        <time>2026-04-12T08:44:00Z</time>
      </trkpt>
      <trkpt lat="68.48397" lon="20.24585">
        <time>2026-04-12T08:54:00Z</time>
      </trkpt>
      <trkpt lat="68.48908" lon="20.25863">
        <time>2026-04-12T09:04:00Z</time>
      </trkpt>
      <trkpt lat="68.49472" lon="20.27795">
        <time>2026-04-12T09:14:00Z</time>
      </trkpt>
      <trkpt lat="68.50049" lon="20.28625">
        <time>2026-04-12T09:24:00Z</time>
      </trkpt>
      <trkpt lat="68.50755" lon="20.2935">
        <time>2026-04-12T09:34:00Z</time>
      </trkpt>
      <trkpt lat="68.51406" lon="20.29331">
        <time>2026-04-12T09:44:00Z</time>
      </trkpt>
      <trkpt lat="68.52141" lon="20.29423">
        <time>2026-04-12T09:54:00Z</time>
      </trkpt>
      <trkpt lat="68.52559" lon="20.29378">
        <time>2026-04-12T10:04:00Z</time>
      </trkpt>
      <trkpt lat="68.53231" lon="20.29295">
        <time>2026-04-12T10:14:00Z</time>
      </trkpt>
      <trkpt lat="68.53932" lon="20.2926">
        <time>2026-04-12T10:24:00Z</time>
      </trkpt>
      <trkpt lat="68.54675" lon="20.29874">
        <time>2026-04-12T10:34:00Z</time>
      </trkpt>
      <trkpt lat="68.55113" lon="20.31468">
        <time>2026-04-12T10:44:00Z</time>
      </trkpt>
      <trkpt lat="68.55735" lon="20.32359">
        <time>2026-04-12T10:54:00Z</time>
      </trkpt>
      <trkpt lat="68.55978" lon="20.33052">
        <time>2026-04-12T11:04:00Z</time>
      </trkpt>
      <trkpt lat="68.56389" lon="20.33964">
        <time>2026-04-12T11:14:00Z</time>
      </trkpt>
      <trkpt lat="68.56948" lon="20.35461">
        <time>2026-04-12T11:24:00Z</time>
      </trkpt>
      <trkpt lat="68.57189" lon="20.3561">
        <time>2026-04-12T11:34:00Z</time>
      </trkpt>
      <trkpt lat="68.57375" lon="20.35983">
        <time>2026-04-12T11:44:00Z</time>
      </trkpt>
      <trkpt lat="68.57823" lon="20.37545">
        <time>2026-04-12T11:54:00Z</time>
      </trkpt>
      <trkpt lat="68.58216" lon="20.39051">
        <time>2026-04-12T12:04:00Z</time>
      </trkpt>
      <trkpt lat="68.58788" lon="20.40167">
        <time>2026-04-12T12:14:00Z</time>
      </trkpt>
      <trkpt lat="68.59192" lon="20.40856">
        <time>2026-04-12T12:24:00Z</time>
      </trkpt>
      <trkpt lat="68.59675" lon="20.41819">
        <time>2026-04-12T12:34:00Z</time>
      </trkpt>
      <trkpt lat="68.60179" lon="20.41706">
        <time>2026-04-12T12:44:00Z</time>
      </trkpt>
      <trkpt lat="68.60598" lon="20.41242">
        <time>2026-04-12T12:54:00Z</time>
      </trkpt>
      <trkpt lat="68.61072" lon="20.41435">
        <time>2026-04-12T13:04:00Z</time>
      </trkpt>
      <trkpt lat="68.61357" lon="20.41888">
        <time>2026-04-12T13:14:00Z</time>
      </trkpt>
      <trkpt lat="68.62041" lon="20.42173">
        <time>2026-04-12T13:24:00Z</time>
      </trkpt>
      <trkpt lat="68.62827" lon="20.42937">
        <time>2026-04-12T13:34:00Z</time>
      </trkpt>
      <trkpt lat="68.63598" lon="20.43356">
        <time>2026-04-12T13:44:00Z</time>
      </trkpt>
      <trkpt lat="68.64419" lon="20.4362">
        <time>2026-04-12T13:54:00Z</time>
      </trkpt>
      <trkpt lat="68.65192" lon="20.44553">
        <time>2026-04-12T14:04:00Z</time>
      </trkpt>
      <trkpt lat="68.65881" lon="20.45418">
        <time>2026-04-12T14:14:00Z</time>
      </trkpt>
      <trkpt lat="68.66182" lon="20.4578">
        <time>2026-04-12T14:24:00Z</time>
      </trkpt>
      <trkpt lat="68.66404" lon="20.46053">
        <time>2026-04-12T14:34:00Z</time>
      </trkpt>
      <trkpt lat="68.67139" lon="20.46858">
        <time>2026-04-12T14:44:00Z</time>
      </trkpt>
      <trkpt lat="68.67298" lon="20.47115">
        <time>2026-04-12T14:54:00Z</time>
      </trkpt>
      <trkpt lat="68.67296" lon="20.47094">
        <time>2026-04-12T15:04:00Z</time>
      </trkpt>
      <trkpt lat="68.67307" lon="20.47111">
        <time>2026-04-12T15:21:00Z</time>
      </trkpt>
      <trkpt lat="68.67327" lon="20.47134">
        <time>2026-04-13T07:41:00Z</time>
      </trkpt>
      <trkpt lat="68.68066" lon="20.4784">
        <time>2026-04-13T07:51:00Z</time>
      </trkpt>
      <trkpt lat="68.68761" lon="20.49001">
        <time>2026-04-13T08:01:00Z</time>
      </trkpt>
      <trkpt lat="68.6962" lon="20.5007">
        <time>2026-04-13T08:11:00Z</time>
      </trkpt>
      <trkpt lat="68.70365" lon="20.51289">
        <time>2026-04-13T08:21:00Z</time>
      </trkpt>
      <trkpt lat="68.71032" lon="20.51694">
        <time>2026-04-13T08:31:00Z</time>
      </trkpt>
      <trkpt lat="68.71877" lon="20.51211">
        <time>2026-04-13T08:41:00Z</time>
      </trkpt>
      <trkpt lat="68.72618" lon="20.51128">
        <time>2026-04-13T08:51:00Z</time>
      </trkpt>
      <trkpt lat="68.7345" lon="20.50926">
        <time>2026-04-13T09:01:00Z</time>
      </trkpt>
      <trkpt lat="68.74176" lon="20.50804">
        <time>2026-04-13T09:11:00Z</time>
      </trkpt>
      <trkpt lat="68.75027" lon="20.50945">
        <time>2026-04-13T09:21:00Z</time>
      </trkpt>
      <trkpt lat="68.75703" lon="20.50917">
        <time>2026-04-13T09:31:00Z</time>
      </trkpt>
      <trkpt lat="68.76342" lon="20.50881">
        <time>2026-04-13T09:41:00Z</time>
      </trkpt>
      <trkpt lat="68.7675" lon="20.51211">
        <time>2026-04-13T09:51:00Z</time>
      </trkpt>
      <trkpt lat="68.77337" lon="20.51231">
        <time>2026-04-13T10:01:00Z</time>
      </trkpt>
      <trkpt lat="68.77798" lon="20.51078">
        <time>2026-04-13T10:11:00Z</time>
      </trkpt>
      <trkpt lat="68.78469" lon="20.5093">
        <time>2026-04-13T10:21:00Z</time>
      </trkpt>
      <trkpt lat="68.7896" lon="20.51008">
        <time>2026-04-13T10:31:00Z</time>
      </trkpt>
      <trkpt lat="68.79534" lon="20.51053">
        <time>2026-04-13T10:41:00Z</time>
      </trkpt>
      <trkpt lat="68.80165" lon="20.50411">
        <time>2026-04-13T10:51:00Z</time>
      </trkpt>
      <trkpt lat="68.80735" lon="20.49993">
        <time>2026-04-13T11:01:00Z</time>
      </trkpt>
      <trkpt lat="68.81294" lon="20.49795">
        <time>2026-04-13T11:11:00Z</time>
      </trkpt>
      <trkpt lat="68.81981" lon="20.49555">
        <time>2026-04-13T11:21:00Z</time>
      </trkpt>
      <trkpt lat="68.82631" lon="20.49364">
        <time>2026-04-13T11:31:00Z</time>
      </trkpt>
      <trkpt lat="68.83327" lon="20.49647">
        <time>2026-04-13T11:41:00Z</time>
      </trkpt>
      <trkpt lat="68.84159" lon="20.50295">
        <time>2026-04-13T11:51:00Z</time>
      </trkpt>
      <trkpt lat="68.85035" lon="20.50499">
        <time>2026-04-13T12:01:00Z</time>
      </trkpt>
      <trkpt lat="68.85821" lon="20.50467">
        <time>2026-04-13T12:11:00Z</time>
      </trkpt>
      <trkpt lat="68.86451" lon="20.50823">
        <time>2026-04-13T12:21:00Z</time>
      </trkpt>
      <trkpt lat="68.8731" lon="20.49926">
        <time>2026-04-13T12:31:00Z</time>
      </trkpt>
      <trkpt lat="68.88009" lon="20.48982">
        <time>2026-04-13T12:41:00Z</time>
      </trkpt>
      <trkpt lat="68.88201" lon="20.48667">
        <time>2026-04-13T12:51:00Z</time>
      </trkpt>
      <trkpt lat="68.8877" lon="20.46999">
        <time>2026-04-13T13:01:00Z</time>
      </trkpt>
      <trkpt lat="68.89356" lon="20.45926">
        <time>2026-04-13T13:11:00Z</time>
      </trkpt>
      <trkpt lat="68.89912" lon="20.44487">
        <time>2026-04-13T13:21:00Z</time>
      </trkpt>
      <trkpt lat="68.90286" lon="20.43053">
        <time>2026-04-13T13:31:00Z</time>
      </trkpt>
      <trkpt lat="68.90857" lon="20.41834">
        <time>2026-04-13T13:41:00Z</time>
      </trkpt>
      <trkpt lat="68.91421" lon="20.40665">
        <time>2026-04-13T13:51:00Z</time>
      </trkpt>
      <trkpt lat="68.92055" lon="20.3941">
        <time>2026-04-13T14:01:00Z</time>
      </trkpt>
      <trkpt lat="68.92804" lon="20.38253">
        <time>2026-04-13T14:11:00Z</time>
      </trkpt>
      <trkpt lat="68.93486" lon="20.37742">
        <time>2026-04-13T14:21:00Z</time>
      </trkpt>
      <trkpt lat="68.94172" lon="20.37116">
        <time>2026-04-13T14:31:00Z</time>
      </trkpt>
      <trkpt lat="68.94556" lon="20.36358">
        <time>2026-04-13T14:41:00Z</time>
      </trkpt>
      <trkpt lat="68.95064" lon="20.35788">
        <time>2026-04-13T14:51:00Z</time>
      </trkpt>
      <trkpt lat="68.95998" lon="20.35974">
        <time>2026-04-13T15:01:00Z</time>
      </trkpt>
      <trkpt lat="68.96706" lon="20.35374">
        <time>2026-04-13T15:11:00Z</time>
      </trkpt>
      <trkpt lat="68.97244" lon="20.35858">
        <time>2026-04-13T15:21:00Z</time>
      </trkpt>
      <trkpt lat="68.97437" lon="20.36878">
        <time>2026-04-13T15:31:00Z</time>
      </trkpt>
      <trkpt lat="68.97418" lon="20.36899">
        <time>2026-04-13T15:41:00Z</time>
      </trkpt>
      <trkpt lat="68.97563" lon="20.36916">
        <time>2026-04-13T16:11:00Z</time>
      </trkpt>
      <trkpt lat="68.98046" lon="20.36976">
        <time>2026-04-13T16:21:00Z</time>
      </trkpt>
      <trkpt lat="68.98036" lon="20.36985">
        <time>2026-04-13T16:23:00Z</time>
      </trkpt>
      <trkpt lat="68.98051" lon="20.36979">
        <time>2026-04-14T07:18:00Z</time>
      </trkpt>
      <trkpt lat="68.98035" lon="20.37296">
        <time>2026-04-14T07:28:00Z</time>
      </trkpt>
      <trkpt lat="68.98067" lon="20.38888">
        <time>2026-04-14T07:38:00Z</time>
      </trkpt>
      <trkpt lat="68.98114" lon="20.39777">
        <time>2026-04-14T07:48:00Z</time>
      </trkpt>
      <trkpt lat="68.98178" lon="20.41122">
        <time>2026-04-14T07:58:00Z</time>
      </trkpt>
      <trkpt lat="68.98216" lon="20.41746">
        <time>2026-04-14T08:08:00Z</time>
      </trkpt>
      <trkpt lat="68.98368" lon="20.42607">
        <time>2026-04-14T08:18:00Z</time>
      </trkpt>
      <trkpt lat="68.98891" lon="20.44186">
        <time>2026-04-14T08:28:00Z</time>
      </trkpt>
      <trkpt lat="68.99233" lon="20.44871">
        <time>2026-04-14T08:38:00Z</time>
      </trkpt>
      <trkpt lat="68.99599" lon="20.46426">
        <time>2026-04-14T08:48:00Z</time>
      </trkpt>
      <trkpt lat="69.00167" lon="20.47145">
        <time>2026-04-14T08:58:00Z</time>
      </trkpt>
      <trkpt lat="69.00307" lon="20.47456">
        <time>2026-04-14T09:08:00Z</time>
      </trkpt>
      <trkpt lat="69.00658" lon="20.48383">
        <time>2026-04-14T09:18:00Z</time>
      </trkpt>
      <trkpt lat="69.01202" lon="20.49158">
        <time>2026-04-14T09:28:00Z</time>
      </trkpt>
      <trkpt lat="69.01786" lon="20.4989">
        <time>2026-04-14T09:38:00Z</time>
      </trkpt>
      <trkpt lat="69.02361" lon="20.51138">
        <time>2026-04-14T09:48:00Z</time>
      </trkpt>
      <trkpt lat="69.02765" lon="20.51924">
        <time>2026-04-14T09:58:00Z</time>
      </trkpt>
      <trkpt lat="69.04352" lon="20.51422">
        <time>2026-04-14T10:08:00Z</time>
      </trkpt>
      <trkpt lat="69.04982" lon="20.52505">
        <time>2026-04-14T10:18:00Z</time>
      </trkpt>
      <trkpt lat="69.05431" lon="20.52804">
        <time>2026-04-14T10:28:00Z</time>
      </trkpt>
      <trkpt lat="69.05778" lon="20.54091">
        <time>2026-04-14T10:38:00Z</time>
      </trkpt>
    </trkseg>
  </trk>
</gpx>
