<?xml version="1.0" encoding="UTF-8"?>
<gpx xmlns="http://www.topografix.com/GPX/1/1" version="1.1" creator="VitaBandet">
  <metadata>
    <name>Eriks Band</name>
  </metadata>
  <trk>
    <name>Eriks Band</name>
    <trkseg>
      <trkpt lat="62.09877" lon="12.31237">
        <time>2026-01-17T08:59:00Z</time>
      </trkpt>
      <trkpt lat="62.09881" lon="12.31237">
        <time>2026-01-17T09:02:00Z</time>
      </trkpt>
      <trkpt lat="62.09881" lon="12.31234">
        <time>2026-01-17T09:03:00Z</time>
      </trkpt>
      <trkpt lat="62.09886" lon="12.31393">
        <time>2026-01-17T09:13:00Z</time>
      </trkpt>
      <trkpt lat="62.09821" lon="12.31895">
        <time>2026-01-17T09:23:00Z</time>
      </trkpt>
      <trkpt lat="62.09915" lon="12.32234">
        <time>2026-01-17T09:33:00Z</time>
      </trkpt>
      <trkpt lat="62.09946" lon="12.32569">
        <time>2026-01-17T09:43:00Z</time>
      </trkpt>
      <trkpt lat="62.10007" lon="12.32743">
        <time>2026-01-17T09:53:00Z</time>
      </trkpt>
      <trkpt lat="62.10058" lon="12.3291">
        <time>2026-01-17T10:03:00Z</time>
      </trkpt>
      <trkpt lat="62.10084" lon="12.33116">
        <time>2026-01-17T10:13:00Z</time>
      </trkpt>
      <trkpt lat="62.10083" lon="12.33367">
        <time>2026-01-17T10:23:00Z</time>
      </trkpt>
      <trkpt lat="62.101" lon="12.33558">
        <time>2026-01-17T10:33:00Z</time>
      </trkpt>
      <trkpt lat="62.10289" lon="12.34015">
        <time>2026-01-17T10:43:00Z</time>
      </trkpt>
      <trkpt lat="62.10627" lon="12.34814">
        <time>2026-01-17T10:53:00Z</time>
      </trkpt>
      <trkpt lat="62.10751" lon="12.35562">
        <time>2026-01-17T11:03:00Z</time>
      </trkpt>
      <trkpt lat="62.11126" lon="12.3559">
        <time>2026-01-17T11:13:00Z</time>
      </trkpt>
      <trkpt lat="62.11586" lon="12.35419">
        <time>2026-01-17T11:23:00Z</time>
      </trkpt>
      <trkpt lat="62.11899" lon="12.35153">
        <time>2026-01-17T11:33:00Z</time>
      </trkpt>
      <trkpt lat="62.12223" lon="12.35344">
        <time>2026-01-17T11:43:00Z</time>
      </trkpt>
      <trkpt lat="62.12784" lon="12.35732">
        <time>2026-01-17T11:53:00Z</time>
      </trkpt>
      <trkpt lat="62.13278" lon="12.36075">
        <time>2026-01-17T12:03:00Z</time>
      </trkpt>
      <trkpt lat="62.13742" lon="12.36198">
        <time>2026-01-17T12:13:00Z</time>
      </trkpt>
      <trkpt lat="62.14017" lon="12.36373">
        <time>2026-01-17T12:23:00Z</time>
      </trkpt>
      <trkpt lat="62.14627" lon="12.36773">
        <time>2026-01-17T12:33:00Z</time>
      </trkpt>
      <trkpt lat="62.15252" lon="12.37187">
        <time>2026-01-17T12:43:00Z</time>
      </trkpt>
      <trkpt lat="62.1584" lon="12.37622">
        <time>2026-01-17T12:53:00Z</time>
      </trkpt>
      <trkpt lat="62.16443" lon="12.38011">
        <time>2026-01-17T13:03:00Z</time>
      </trkpt>
      <trkpt lat="62.17132" lon="12.37961">
        <time>2026-01-17T13:13:00Z</time>
      </trkpt>
      <trkpt lat="62.17261" lon="12.38">
        <time>2026-01-17T13:23:00Z</time>
      </trkpt>
      <trkpt lat="62.17264" lon="12.38002">
        <time>2026-01-17T13:33:00Z</time>
      </trkpt>
      <trkpt lat="62.17945" lon="12.38712">
        <time>2026-01-17T13:43:00Z</time>
      </trkpt>
      <trkpt lat="62.1838" lon="12.39051">
        <time>2026-01-17T13:53:00Z</time>
      </trkpt>
      <trkpt lat="62.18788" lon="12.39152">
        <time>2026-01-17T14:03:00Z</time>
      </trkpt>
      <trkpt lat="62.19268" lon="12.38802">
        <time>2026-01-17T14:13:00Z</time>
      </trkpt>
      <trkpt lat="62.19664" lon="12.38549">
        <time>2026-01-17T14:23:00Z</time>
      </trkpt>
      <trkpt lat="62.20227" lon="12.3815">
        <time>2026-01-17T14:33:00Z</time>
      </trkpt>
      <trkpt lat="62.20677" lon="12.37751">
        <time>2026-01-17T14:43:00Z</time>
      </trkpt>
      <trkpt lat="62.21067" lon="12.36996">
        <time>2026-01-17T14:53:00Z</time>
      </trkpt>
      <trkpt lat="62.21206" lon="12.36625">
        <time>2026-01-17T15:03:00Z</time>
      </trkpt>
      <trkpt lat="62.21588" lon="12.35813">
        <time>2026-01-17T15:13:00Z</time>
      </trkpt>
      <trkpt lat="62.21832" lon="12.35298">
        <time>2026-01-17T15:23:00Z</time>
      </trkpt>
      <trkpt lat="62.22237" lon="12.35">
        <time>2026-01-17T15:33:00Z</time>
      </trkpt>
      <trkpt lat="62.22553" lon="12.35095">
        <time>2026-01-17T15:43:00Z</time>
      </trkpt>
      <trkpt lat="62.22855" lon="12.35279">
        <time>2026-01-17T15:53:00Z</time>
      </trkpt>
      <trkpt lat="62.23283" lon="12.35228">
        <time>2026-01-17T16:03:00Z</time>
      </trkpt>
      <trkpt lat="62.23615" lon="12.34998">
        <time>2026-01-17T16:13:00Z</time>
      </trkpt>
      <trkpt lat="62.24159" lon="12.34803">
        <time>2026-01-17T16:23:00Z</time>
      </trkpt>
      <trkpt lat="62.24504" lon="12.34556">
        <time>2026-01-17T16:33:00Z</time>
      </trkpt>
      <trkpt lat="62.24377" lon="12.34417">
        <time>2026-01-17T16:39:00Z</time>
      </trkpt>
      <trkpt lat="62.24352" lon="12.34391">
        <time>2026-01-18T08:35:00Z</time>
      </trkpt>
      <trkpt lat="62.24399" lon="12.34397">
        <time>2026-01-18T08:45:00Z</time>
      </trkpt>
      <trkpt lat="62.24715" lon="12.34715">
        <time>2026-01-18T09:05:00Z</time>
      </trkpt>
      <trkpt lat="62.25323" lon="12.34925">
        <time>2026-01-18T09:15:00Z</time>
      </trkpt>
      <trkpt lat="62.25717" lon="12.35202">
        <time>2026-01-18T09:25:00Z</time>
      </trkpt>
      <trkpt lat="62.25916" lon="12.35921">
        <time>2026-01-18T09:35:00Z</time>
      </trkpt>
      <trkpt lat="62.25945" lon="12.36813">
        <time>2026-01-18T09:45:00Z</time>
      </trkpt>
      <trkpt lat="62.26025" lon="12.37637">
        <time>2026-01-18T09:55:00Z</time>
      </trkpt>
      <trkpt lat="62.26479" lon="12.38326">
        <time>2026-01-18T10:05:00Z</time>
      </trkpt>
      <trkpt lat="62.26862" lon="12.38736">
        <time>2026-01-18T10:15:00Z</time>
      </trkpt>
      <trkpt lat="62.27395" lon="12.39358">
        <time>2026-01-18T10:25:00Z</time>
      </trkpt>
      <trkpt lat="62.27934" lon="12.39641">
        <time>2026-01-18T10:35:00Z</time>
      </trkpt>
      <trkpt lat="62.28001" lon="12.39592">
        <time>2026-01-18T10:45:00Z</time>
      </trkpt>
      <trkpt lat="62.28078" lon="12.3982">
        <time>2026-01-18T10:55:00Z</time>
      </trkpt>
      <trkpt lat="62.28207" lon="12.4003">
        <time>2026-01-18T11:05:00Z</time>
      </trkpt>
      <trkpt lat="62.28372" lon="12.40043">
        <time>2026-01-18T11:15:00Z</time>
      </trkpt>
      <trkpt lat="62.28553" lon="12.40189">
        <time>2026-01-18T11:25:00Z</time>
      </trkpt>
      <trkpt lat="62.28683" lon="12.40148">
        <time>2026-01-18T11:35:00Z</time>
      </trkpt>
      <trkpt lat="62.28963" lon="12.40367">
        <time>2026-01-18T11:45:00Z</time>
      </trkpt>
      <trkpt lat="62.29125" lon="12.40747">
        <time>2026-01-18T11:55:00Z</time>
      </trkpt>
      <trkpt lat="62.29237" lon="12.41083">
        <time>2026-01-18T12:05:00Z</time>
      </trkpt>
      <trkpt lat="62.29237" lon="12.41227">
        <time>2026-01-18T12:15:00Z</time>
      </trkpt>
      <trkpt lat="62.29265" lon="12.42045">
        <time>2026-01-18T12:35:00Z</time>
      </trkpt>
      <trkpt lat="62.29359" lon="12.42575">
        <time>2026-01-18T12:45:00Z</time>
      </trkpt>
      <trkpt lat="62.2955" lon="12.42914">
        <time>2026-01-18T12:55:00Z</time>
      </trkpt>
      <trkpt lat="62.29905" lon="12.43433">
        <time>2026-01-18T13:05:00Z</time>
      </trkpt>
      <trkpt lat="62.30242" lon="12.43452">
        <time>2026-01-18T13:15:00Z</time>
      </trkpt>
      <trkpt lat="62.3049" lon="12.43633">
        <time>2026-01-18T13:25:00Z</time>
      </trkpt>
      <trkpt lat="62.30692" lon="12.43753">
        <time>2026-01-18T13:35:00Z</time>
      </trkpt>
      <trkpt lat="62.31062" lon="12.4397">
        <time>2026-01-18T13:45:00Z</time>
      </trkpt>
      <trkpt lat="62.31078" lon="12.43982">
        <time>2026-01-18T13:55:00Z</time>
      </trkpt>
      <trkpt lat="62.31323" lon="12.44332">
        <time>2026-01-18T14:35:00Z</time>
      </trkpt>
      <trkpt lat="62.31604" lon="12.44755">
        <time>2026-01-18T14:45:00Z</time>
      </trkpt>
      <trkpt lat="62.31827" lon="12.44845">
        <time>2026-01-18T14:55:00Z</time>
      </trkpt>
      <trkpt lat="62.31736" lon="12.44892">
        <time>2026-01-18T15:05:00Z</time>
      </trkpt>
      <trkpt lat="62.31685" lon="12.45036">
        <time>2026-01-18T15:11:00Z</time>
      </trkpt>
      <trkpt lat="62.31693" lon="12.45036">
        <time>2026-01-19T07:57:00Z</time>
      </trkpt>
      <trkpt lat="62.31888" lon="12.44877">
        <time>2026-01-19T08:07:00Z</time>
      </trkpt>
      <trkpt lat="62.32152" lon="12.44806">
        <time>2026-01-19T08:17:00Z</time>
      </trkpt>
      <trkpt lat="62.3207" lon="12.44188">
        <time>2026-01-19T08:27:00Z</time>
      </trkpt>
      <trkpt lat="62.32239" lon="12.43519">
        <time>2026-01-19T08:37:00Z</time>
      </trkpt>
      <trkpt lat="62.3255" lon="12.43169">
        <time>2026-01-19T08:47:00Z</time>
      </trkpt>
      <trkpt lat="62.32807" lon="12.42502">
        <time>2026-01-19T08:57:00Z</time>
      </trkpt>
      <trkpt lat="62.33024" lon="12.41811">
        <time>2026-01-19T09:07:00Z</time>
      </trkpt>
      <trkpt lat="62.33244" lon="12.41186">
        <time>2026-01-19T09:17:00Z</time>
      </trkpt>
      <trkpt lat="62.33434" lon="12.40453">
        <time>2026-01-19T09:27:00Z</time>
      </trkpt>
      <trkpt lat="62.33596" lon="12.39878">
        <time>2026-01-19T09:37:00Z</time>
      </trkpt>
      <trkpt lat="62.33778" lon="12.39382">
        <time>2026-01-19T09:47:00Z</time>
      </trkpt>
      <trkpt lat="62.3399" lon="12.38768">
        <time>2026-01-19T09:57:00Z</time>
      </trkpt>
      <trkpt lat="62.34151" lon="12.38262">
        <time>2026-01-19T10:07:00Z</time>
      </trkpt>
      <trkpt lat="62.34349" lon="12.3771">
        <time>2026-01-19T10:17:00Z</time>
      </trkpt>
      <trkpt lat="62.34402" lon="12.37579">
        <time>2026-01-19T10:27:00Z</time>
      </trkpt>
      <trkpt lat="62.34493" lon="12.37365">
        <time>2026-01-19T10:37:00Z</time>
      </trkpt>
      <trkpt lat="62.34478" lon="12.37401">
        <time>2026-01-19T10:47:00Z</time>
      </trkpt>
      <trkpt lat="62.3457" lon="12.37219">
        <time>2026-01-19T10:57:00Z</time>
      </trkpt>
      <trkpt lat="62.34709" lon="12.36846">
        <time>2026-01-19T11:07:00Z</time>
      </trkpt>
      <trkpt lat="62.34775" lon="12.36631">
        <time>2026-01-19T11:17:00Z</time>
      </trkpt>
      <trkpt lat="62.34866" lon="12.36301">
        <time>2026-01-19T11:27:00Z</time>
      </trkpt>
      <trkpt lat="62.34981" lon="12.35916">
        <time>2026-01-19T11:37:00Z</time>
      </trkpt>
      <trkpt lat="62.35107" lon="12.35532">
        <time>2026-01-19T11:47:00Z</time>
      </trkpt>
      <trkpt lat="62.3531" lon="12.35026">
        <time>2026-01-19T11:57:00Z</time>
      </trkpt>
      <trkpt lat="62.35518" lon="12.34567">
        <time>2026-01-19T12:07:00Z</time>
      </trkpt>
      <trkpt lat="62.35515" lon="12.34567">
        <time>2026-01-19T12:17:00Z</time>
      </trkpt>
      <trkpt lat="62.35618" lon="12.34277">
        <time>2026-01-19T13:07:00Z</time>
      </trkpt>
      <trkpt lat="62.35821" lon="12.34123">
        <time>2026-01-19T13:17:00Z</time>
      </trkpt>
      <trkpt lat="62.362" lon="12.34163">
        <time>2026-01-19T13:27:00Z</time>
      </trkpt>
      <trkpt lat="62.36567" lon="12.34054">
        <time>2026-01-19T13:37:00Z</time>
      </trkpt>
      <trkpt lat="62.36994" lon="12.33631">
        <time>2026-01-19T13:47:00Z</time>
      </trkpt>
      <trkpt lat="62.37251" lon="12.33279">
        <time>2026-01-19T13:57:00Z</time>
      </trkpt>
      <trkpt lat="62.37413" lon="12.32861">
        <time>2026-01-19T14:07:00Z</time>
      </trkpt>
      <trkpt lat="62.37659" lon="12.32245">
        <time>2026-01-19T14:17:00Z</time>
      </trkpt>
      <trkpt lat="62.37888" lon="12.31451">
        <time>2026-01-19T14:27:00Z</time>
      </trkpt>
      <trkpt lat="62.38112" lon="12.30483">
        <time>2026-01-19T14:37:00Z</time>
      </trkpt>
      <trkpt lat="62.38447" lon="12.29833">
        <time>2026-01-19T14:47:00Z</time>
      </trkpt>
      <trkpt lat="62.38727" lon="12.29365">
        <time>2026-01-19T14:57:00Z</time>
      </trkpt>
      <trkpt lat="62.38792" lon="12.2881">
        <time>2026-01-19T15:07:00Z</time>
      </trkpt>
      <trkpt lat="62.38793" lon="12.28812">
        <time>2026-01-19T15:17:00Z</time>
      </trkpt>
      <trkpt lat="62.38793" lon="12.28812">
        <time>2026-01-19T15:19:00Z</time>
      </trkpt>
      <trkpt lat="62.388" lon="12.2882">
        <time>2026-01-20T08:18:00Z</time>
      </trkpt>
      <trkpt lat="62.38793" lon="12.28816">
        <time>2026-01-20T08:28:00Z</time>
      </trkpt>
      <trkpt lat="62.38986" lon="12.28565">
        <time>2026-01-20T08:38:00Z</time>
      </trkpt>
      <trkpt lat="62.39475" lon="12.28106">
        <time>2026-01-20T08:48:00Z</time>
      </trkpt>
      <trkpt lat="62.39837" lon="12.27936">
        <time>2026-01-20T08:58:00Z</time>
      </trkpt>
      <trkpt lat="62.40213" lon="12.27552">
        <time>2026-01-20T09:08:00Z</time>
      </trkpt>
      <trkpt lat="62.40644" lon="12.27389">
        <time>2026-01-20T09:18:00Z</time>
      </trkpt>
      <trkpt lat="62.41104" lon="12.27666">
        <time>2026-01-20T09:28:00Z</time>
      </trkpt>
      <trkpt lat="62.41458" lon="12.27853">
        <time>2026-01-20T09:38:00Z</time>
      </trkpt>
      <trkpt lat="62.41971" lon="12.28254">
        <time>2026-01-20T09:48:00Z</time>
      </trkpt>
      <trkpt lat="62.42121" lon="12.28765">
        <time>2026-01-20T09:58:00Z</time>
      </trkpt>
      <trkpt lat="62.4227" lon="12.28919">
        <time>2026-01-20T10:08:00Z</time>
      </trkpt>
      <trkpt lat="62.42664" lon="12.29333">
        <time>2026-01-20T10:18:00Z</time>
      </trkpt>
      <trkpt lat="62.42902" lon="12.29582">
        <time>2026-01-20T10:28:00Z</time>
      </trkpt>
      <trkpt lat="62.43152" lon="12.29644">
        <time>2026-01-20T10:38:00Z</time>
      </trkpt>
      <trkpt lat="62.43758" lon="12.29241">
        <time>2026-01-20T10:48:00Z</time>
      </trkpt>
      <trkpt lat="62.44109" lon="12.28544">
        <time>2026-01-20T10:58:00Z</time>
      </trkpt>
      <trkpt lat="62.44501" lon="12.29014">
        <time>2026-01-20T11:08:00Z</time>
      </trkpt>
      <trkpt lat="62.44887" lon="12.2829">
        <time>2026-01-20T11:18:00Z</time>
      </trkpt>
      <trkpt lat="62.45274" lon="12.28104">
        <time>2026-01-20T11:28:00Z</time>
      </trkpt>
      <trkpt lat="62.45802" lon="12.28245">
        <time>2026-01-20T11:38:00Z</time>
      </trkpt>
      <trkpt lat="62.4598" lon="12.28391">
        <time>2026-01-20T11:48:00Z</time>
      </trkpt>
      <trkpt lat="62.46382" lon="12.28687">
        <time>2026-01-20T11:58:00Z</time>
      </trkpt>
      <trkpt lat="62.46651" lon="12.2837">
        <time>2026-01-20T12:08:00Z</time>
      </trkpt>
      <trkpt lat="62.46786" lon="12.28471">
        <time>2026-01-20T12:18:00Z</time>
      </trkpt>
      <trkpt lat="62.46922" lon="12.28576">
        <time>2026-01-20T12:28:00Z</time>
      </trkpt>
      <trkpt lat="62.47038" lon="12.28685">
        <time>2026-01-20T12:38:00Z</time>
      </trkpt>
      <trkpt lat="62.47126" lon="12.2882">
        <time>2026-01-20T12:48:00Z</time>
      </trkpt>
      <trkpt lat="62.47204" lon="12.28844">
        <time>2026-01-20T12:58:00Z</time>
      </trkpt>
      <trkpt lat="62.47425" lon="12.28647">
        <time>2026-01-20T13:18:00Z</time>
      </trkpt>
      <trkpt lat="62.47624" lon="12.28157">
        <time>2026-01-20T13:28:00Z</time>
      </trkpt>
      <trkpt lat="62.47635" lon="12.28164">
        <time>2026-01-20T13:38:00Z</time>
      </trkpt>
      <trkpt lat="62.47802" lon="12.27681">
        <time>2026-01-20T13:48:00Z</time>
      </trkpt>
      <trkpt lat="62.47971" lon="12.27378">
        <time>2026-01-20T13:58:00Z</time>
      </trkpt>
      <trkpt lat="62.48404" lon="12.27198">
        <time>2026-01-20T14:08:00Z</time>
      </trkpt>
      <trkpt lat="62.48905" lon="12.26941">
        <time>2026-01-20T14:18:00Z</time>
      </trkpt>
      <trkpt lat="62.49555" lon="12.26975">
        <time>2026-01-20T14:28:00Z</time>
      </trkpt>
      <trkpt lat="62.49999" lon="12.2711">
        <time>2026-01-20T14:38:00Z</time>
      </trkpt>
      <trkpt lat="62.50518" lon="12.27293">
        <time>2026-01-20T14:48:00Z</time>
      </trkpt>
      <trkpt lat="62.50962" lon="12.27537">
        <time>2026-01-20T14:58:00Z</time>
      </trkpt>
      <trkpt lat="62.51537" lon="12.28265">
        <time>2026-01-20T15:08:00Z</time>
      </trkpt>
      <trkpt lat="62.5226" lon="12.28977">
        <time>2026-01-20T15:18:00Z</time>
      </trkpt>
      <trkpt lat="62.52621" lon="12.29338">
        <time>2026-01-20T15:28:00Z</time>
      </trkpt>
      <trkpt lat="62.5286" lon="12.30054">
        <time>2026-01-20T15:38:00Z</time>
      </trkpt>
      <trkpt lat="62.53121" lon="12.30973">
        <time>2026-01-20T15:48:00Z</time>
      </trkpt>
      <trkpt lat="62.53491" lon="12.31172">
        <time>2026-01-20T15:58:00Z</time>
      </trkpt>
      <trkpt lat="62.53611" lon="12.31318">
        <time>2026-01-20T16:08:00Z</time>
      </trkpt>
      <trkpt lat="62.53807" lon="12.31584">
        <time>2026-01-20T16:18:00Z</time>
      </trkpt>
      <trkpt lat="62.5407" lon="12.32018">
        <time>2026-01-20T16:28:00Z</time>
      </trkpt>
      <trkpt lat="62.54148" lon="12.32354">
        <time>2026-01-20T16:38:00Z</time>
      </trkpt>
      <trkpt lat="62.54143" lon="12.32369">
        <time>2026-01-20T16:59:00Z</time>
      </trkpt>
      <trkpt lat="62.54314" lon="12.32977">
        <time>2026-01-20T17:09:00Z</time>
      </trkpt>
      <trkpt lat="62.54281" lon="12.33112">
        <time>2026-01-20T17:19:00Z</time>
      </trkpt>
      <trkpt lat="62.54287" lon="12.33114">
        <time>2026-01-21T09:24:00Z</time>
      </trkpt>
      <trkpt lat="62.54514" lon="12.32357">
        <time>2026-01-21T09:34:00Z</time>
      </trkpt>
      <trkpt lat="62.54767" lon="12.32168">
        <time>2026-01-21T09:42:00Z</time>
      </trkpt>
      <trkpt lat="62.54789" lon="12.32163">
        <time>2026-01-21T10:03:00Z</time>
      </trkpt>
      <trkpt lat="62.54947" lon="12.32483">
        <time>2026-01-21T10:13:00Z</time>
      </trkpt>
      <trkpt lat="62.55184" lon="12.32732">
        <time>2026-01-21T10:23:00Z</time>
      </trkpt>
      <trkpt lat="62.55416" lon="12.32977">
        <time>2026-01-21T10:33:00Z</time>
      </trkpt>
      <trkpt lat="62.55629" lon="12.33026">
        <time>2026-01-21T10:43:00Z</time>
      </trkpt>
      <trkpt lat="62.55646" lon="12.33764">
        <time>2026-01-21T10:53:00Z</time>
      </trkpt>
      <trkpt lat="62.55616" lon="12.34389">
        <time>2026-01-21T11:03:00Z</time>
      </trkpt>
      <trkpt lat="62.55748" lon="12.34917">
        <time>2026-01-21T11:13:00Z</time>
      </trkpt>
      <trkpt lat="62.55923" lon="12.3561">
        <time>2026-01-21T11:23:00Z</time>
      </trkpt>
      <trkpt lat="62.56185" lon="12.3656">
        <time>2026-01-21T11:33:00Z</time>
      </trkpt>
      <trkpt lat="62.56397" lon="12.37137">
        <time>2026-01-21T11:43:00Z</time>
      </trkpt>
      <trkpt lat="62.56824" lon="12.37605">
        <time>2026-01-21T11:53:00Z</time>
      </trkpt>
      <trkpt lat="62.57273" lon="12.38084">
        <time>2026-01-21T12:03:00Z</time>
      </trkpt>
      <trkpt lat="62.57625" lon="12.38669">
        <time>2026-01-21T12:13:00Z</time>
      </trkpt>
      <trkpt lat="62.58274" lon="12.38818">
        <time>2026-01-21T12:23:00Z</time>
      </trkpt>
      <trkpt lat="62.58537" lon="12.38809">
        <time>2026-01-21T12:33:00Z</time>
      </trkpt>
      <trkpt lat="62.58535" lon="12.38807">
        <time>2026-01-21T12:43:00Z</time>
      </trkpt>
      <trkpt lat="62.59175" lon="12.38936">
        <time>2026-01-21T12:53:00Z</time>
      </trkpt>
      <trkpt lat="62.59736" lon="12.39036">
        <time>2026-01-21T13:03:00Z</time>
      </trkpt>
      <trkpt lat="62.6029" lon="12.38723">
        <time>2026-01-21T13:13:00Z</time>
      </trkpt>
      <trkpt lat="62.60724" lon="12.38382">
        <time>2026-01-21T13:23:00Z</time>
      </trkpt>
      <trkpt lat="62.61228" lon="12.37852">
        <time>2026-01-21T13:33:00Z</time>
      </trkpt>
      <trkpt lat="62.61356" lon="12.37408">
        <time>2026-01-21T13:43:00Z</time>
      </trkpt>
      <trkpt lat="62.61354" lon="12.36386">
        <time>2026-01-21T13:53:00Z</time>
      </trkpt>
      <trkpt lat="62.61324" lon="12.35292">
        <time>2026-01-21T14:03:00Z</time>
      </trkpt>
      <trkpt lat="62.61141" lon="12.3467">
        <time>2026-01-21T14:13:00Z</time>
      </trkpt>
      <trkpt lat="62.61056" lon="12.34078">
        <time>2026-01-21T14:23:00Z</time>
      </trkpt>
      <trkpt lat="62.61593" lon="12.34322">
        <time>2026-01-21T14:33:00Z</time>
      </trkpt>
      <trkpt lat="62.61827" lon="12.34951">
        <time>2026-01-21T14:43:00Z</time>
      </trkpt>
      <trkpt lat="62.62023" lon="12.35607">
        <time>2026-01-21T14:53:00Z</time>
      </trkpt>
      <trkpt lat="62.62371" lon="12.35781">
        <time>2026-01-21T15:03:00Z</time>
      </trkpt>
      <trkpt lat="62.62716" lon="12.36026">
        <time>2026-01-21T15:13:00Z</time>
      </trkpt>
      <trkpt lat="62.62429" lon="12.37026">
        <time>2026-01-21T15:23:00Z</time>
      </trkpt>
      <trkpt lat="62.62792" lon="12.37678">
        <time>2026-01-21T15:33:00Z</time>
      </trkpt>
      <trkpt lat="62.63432" lon="12.38569">
        <time>2026-01-21T15:43:00Z</time>
      </trkpt>
      <trkpt lat="62.63979" lon="12.38403">
        <time>2026-01-21T15:53:00Z</time>
      </trkpt>
      <trkpt lat="62.64655" lon="12.37807">
        <time>2026-01-21T16:03:00Z</time>
      </trkpt>
      <trkpt lat="62.64902" lon="12.38292">
        <time>2026-01-21T16:13:00Z</time>
      </trkpt>
      <trkpt lat="62.64877" lon="12.38448">
        <time>2026-01-21T16:23:00Z</time>
      </trkpt>
      <trkpt lat="62.64955" lon="12.39206">
        <time>2026-01-21T16:33:00Z</time>
      </trkpt>
      <trkpt lat="62.64974" lon="12.39264">
        <time>2026-01-21T16:43:00Z</time>
      </trkpt>
      <trkpt lat="62.64878" lon="12.38448">
        <time>2026-01-21T16:53:00Z</time>
      </trkpt>
      <trkpt lat="62.64876" lon="12.38446">
        <time>2026-01-22T08:33:00Z</time>
      </trkpt>
      <trkpt lat="62.64871" lon="12.38451">
        <time>2026-01-22T08:43:00Z</time>
      </trkpt>
      <trkpt lat="62.64933" lon="12.38204">
        <time>2026-01-22T08:53:00Z</time>
      </trkpt>
      <trkpt lat="62.65162" lon="12.37558">
        <time>2026-01-22T09:03:00Z</time>
      </trkpt>
      <trkpt lat="62.65409" lon="12.36878">
        <time>2026-01-22T09:13:00Z</time>
      </trkpt>
      <trkpt lat="62.65749" lon="12.35807">
        <time>2026-01-22T09:23:00Z</time>
      </trkpt>
      <trkpt lat="62.65965" lon="12.35026">
        <time>2026-01-22T09:33:00Z</time>
      </trkpt>
      <trkpt lat="62.66437" lon="12.34891">
        <time>2026-01-22T09:43:00Z</time>
      </trkpt>
      <trkpt lat="62.66927" lon="12.35159">
        <time>2026-01-22T09:53:00Z</time>
      </trkpt>
      <trkpt lat="62.67524" lon="12.3455">
        <time>2026-01-22T10:03:00Z</time>
      </trkpt>
      <trkpt lat="62.68095" lon="12.33814">
        <time>2026-01-22T10:13:00Z</time>
      </trkpt>
      <trkpt lat="62.68499" lon="12.33131">
        <time>2026-01-22T10:23:00Z</time>
      </trkpt>
      <trkpt lat="62.68583" lon="12.33696">
        <time>2026-01-22T10:33:00Z</time>
      </trkpt>
      <trkpt lat="62.68629" lon="12.34213">
        <time>2026-01-22T10:43:00Z</time>
      </trkpt>
      <trkpt lat="62.68776" lon="12.35313">
        <time>2026-01-22T10:53:00Z</time>
      </trkpt>
      <trkpt lat="62.68877" lon="12.3629">
        <time>2026-01-22T11:03:00Z</time>
      </trkpt>
      <trkpt lat="62.6937" lon="12.35674">
        <time>2026-01-22T11:13:00Z</time>
      </trkpt>
      <trkpt lat="62.70181" lon="12.35796">
        <time>2026-01-22T11:23:00Z</time>
      </trkpt>
      <trkpt lat="62.7081" lon="12.35816">
        <time>2026-01-22T11:33:00Z</time>
      </trkpt>
      <trkpt lat="62.71161" lon="12.35279">
        <time>2026-01-22T11:43:00Z</time>
      </trkpt>
      <trkpt lat="62.71182" lon="12.35159">
        <time>2026-01-22T11:53:00Z</time>
      </trkpt>
      <trkpt lat="62.71342" lon="12.34284">
        <time>2026-01-22T12:13:00Z</time>
      </trkpt>
      <trkpt lat="62.71665" lon="12.34567">
        <time>2026-01-22T12:23:00Z</time>
      </trkpt>
      <trkpt lat="62.71962" lon="12.33288">
        <time>2026-01-22T12:33:00Z</time>
      </trkpt>
      <trkpt lat="62.72336" lon="12.32376">
        <time>2026-01-22T12:43:00Z</time>
      </trkpt>
      <trkpt lat="62.72601" lon="12.32249">
        <time>2026-01-22T12:53:00Z</time>
      </trkpt>
      <trkpt lat="62.72878" lon="12.31992">
        <time>2026-01-22T13:03:00Z</time>
      </trkpt>
      <trkpt lat="62.73043" lon="12.32095">
        <time>2026-01-22T13:13:00Z</time>
      </trkpt>
      <trkpt lat="62.73238" lon="12.32251">
        <time>2026-01-22T13:23:00Z</time>
      </trkpt>
      <trkpt lat="62.7343" lon="12.32352">
        <time>2026-01-22T13:33:00Z</time>
      </trkpt>
      <trkpt lat="62.73806" lon="12.32048">
        <time>2026-01-22T13:43:00Z</time>
      </trkpt>
      <trkpt lat="62.74056" lon="12.32318">
        <time>2026-01-22T13:53:00Z</time>
      </trkpt>
      <trkpt lat="62.74416" lon="12.32601">
        <time>2026-01-22T14:03:00Z</time>
      </trkpt>
      <trkpt lat="62.74547" lon="12.32709">
        <time>2026-01-22T14:13:00Z</time>
      </trkpt>
      <trkpt lat="62.74961" lon="12.33118">
        <time>2026-01-22T14:23:00Z</time>
      </trkpt>
      <trkpt lat="62.75238" lon="12.33402">
        <time>2026-01-22T14:33:00Z</time>
      </trkpt>
      <trkpt lat="62.75656" lon="12.33822">
        <time>2026-01-22T14:43:00Z</time>
      </trkpt>
      <trkpt lat="62.76014" lon="12.3426">
        <time>2026-01-22T14:53:00Z</time>
      </trkpt>
      <trkpt lat="62.76525" lon="12.34947">
        <time>2026-01-22T15:03:00Z</time>
      </trkpt>
      <trkpt lat="62.76651" lon="12.35168">
        <time>2026-01-22T15:13:00Z</time>
      </trkpt>
      <trkpt lat="62.76795" lon="12.35361">
        <time>2026-01-22T15:23:00Z</time>
      </trkpt>
      <trkpt lat="62.77287" lon="12.36043">
        <time>2026-01-22T15:33:00Z</time>
      </trkpt>
      <trkpt lat="62.77755" lon="12.36633">
        <time>2026-01-22T15:43:00Z</time>
      </trkpt>
      <trkpt lat="62.78438" lon="12.3774">
        <time>2026-01-22T15:53:00Z</time>
      </trkpt>
      <trkpt lat="62.79038" lon="12.388">
        <time>2026-01-22T16:03:00Z</time>
      </trkpt>
      <trkpt lat="62.79329" lon="12.39478">
        <time>2026-01-22T16:13:00Z</time>
      </trkpt>
      <trkpt lat="62.79526" lon="12.39933">
        <time>2026-01-22T16:23:00Z</time>
      </trkpt>
      <trkpt lat="62.79664" lon="12.40259">
        <time>2026-01-22T16:33:00Z</time>
      </trkpt>
      <trkpt lat="62.79841" lon="12.40665">
        <time>2026-01-22T16:43:00Z</time>
      </trkpt>
      <trkpt lat="62.8001" lon="12.41034">
        <time>2026-01-22T16:53:00Z</time>
      </trkpt>
      <trkpt lat="62.80343" lon="12.41665">
        <time>2026-01-22T17:03:00Z</time>
      </trkpt>
      <trkpt lat="62.80721" lon="12.42339">
        <time>2026-01-22T17:13:00Z</time>
      </trkpt>
      <trkpt lat="62.80964" lon="12.4304">
        <time>2026-01-22T17:23:00Z</time>
      </trkpt>
      <trkpt lat="62.81285" lon="12.43371">
        <time>2026-01-22T17:33:00Z</time>
      </trkpt>
      <trkpt lat="62.8167" lon="12.4415">
        <time>2026-01-22T17:43:00Z</time>
      </trkpt>
      <trkpt lat="62.8182" lon="12.44581">
        <time>2026-01-22T17:53:00Z</time>
      </trkpt>
      <trkpt lat="62.8182" lon="12.44581">
        <time>2026-01-22T17:54:00Z</time>
      </trkpt>
      <trkpt lat="62.81829" lon="12.4459">
        <time>2026-01-23T10:24:00Z</time>
      </trkpt>
      <trkpt lat="62.81829" lon="12.44592">
        <time>2026-01-23T10:34:00Z</time>
      </trkpt>
      <trkpt lat="62.8209" lon="12.44721">
        <time>2026-01-23T10:44:00Z</time>
      </trkpt>
      <trkpt lat="62.82364" lon="12.44995">
        <time>2026-01-23T10:54:00Z</time>
      </trkpt>
      <trkpt lat="62.82753" lon="12.45529">
        <time>2026-01-23T11:04:00Z</time>
      </trkpt>
      <trkpt lat="62.83225" lon="12.46004">
        <time>2026-01-23T11:14:00Z</time>
      </trkpt>
      <trkpt lat="62.83802" lon="12.4677">
        <time>2026-01-23T11:24:00Z</time>
      </trkpt>
      <trkpt lat="62.84264" lon="12.47255">
        <time>2026-01-23T11:34:00Z</time>
      </trkpt>
      <trkpt lat="62.84709" lon="12.47731">
        <time>2026-01-23T11:44:00Z</time>
      </trkpt>
      <trkpt lat="62.85207" lon="12.48025">
        <time>2026-01-23T11:54:00Z</time>
      </trkpt>
      <trkpt lat="62.856" lon="12.48407">
        <time>2026-01-23T12:04:00Z</time>
      </trkpt>
      <trkpt lat="62.85903" lon="12.48654">
        <time>2026-01-23T12:14:00Z</time>
      </trkpt>
      <trkpt lat="62.86324" lon="12.48991">
        <time>2026-01-23T12:24:00Z</time>
      </trkpt>
      <trkpt lat="62.86752" lon="12.49413">
        <time>2026-01-23T12:34:00Z</time>
      </trkpt>
      <trkpt lat="62.87185" lon="12.49845">
        <time>2026-01-23T12:44:00Z</time>
      </trkpt>
      <trkpt lat="62.87548" lon="12.50212">
        <time>2026-01-23T12:54:00Z</time>
      </trkpt>
      <trkpt lat="62.87697" lon="12.50321">
        <time>2026-01-23T13:04:00Z</time>
      </trkpt>
      <trkpt lat="62.87692" lon="12.50321">
        <time>2026-01-23T13:14:00Z</time>
      </trkpt>
      <trkpt lat="62.88026" lon="12.50613">
        <time>2026-01-23T13:24:00Z</time>
      </trkpt>
      <trkpt lat="62.88413" lon="12.50679">
        <time>2026-01-23T13:34:00Z</time>
      </trkpt>
      <trkpt lat="62.88689" lon="12.50819">
        <time>2026-01-23T13:44:00Z</time>
      </trkpt>
      <trkpt lat="62.88886" lon="12.5092">
        <time>2026-01-23T13:54:00Z</time>
      </trkpt>
      <trkpt lat="62.89053" lon="12.5102">
        <time>2026-01-23T14:04:00Z</time>
      </trkpt>
      <trkpt lat="62.89249" lon="12.51108">
        <time>2026-01-23T14:14:00Z</time>
      </trkpt>
      <trkpt lat="62.89478" lon="12.5125">
        <time>2026-01-23T14:24:00Z</time>
      </trkpt>
      <trkpt lat="62.90039" lon="12.51791">
        <time>2026-01-23T14:34:00Z</time>
      </trkpt>
      <trkpt lat="62.9056" lon="12.5225">
        <time>2026-01-23T14:44:00Z</time>
      </trkpt>
      <trkpt lat="62.90975" lon="12.52626">
        <time>2026-01-23T14:54:00Z</time>
      </trkpt>
      <trkpt lat="62.91205" lon="12.53698">
        <time>2026-01-23T15:04:00Z</time>
      </trkpt>
      <trkpt lat="62.91174" lon="12.54025">
        <time>2026-01-23T15:14:00Z</time>
      </trkpt>
      <trkpt lat="62.91106" lon="12.54529">
        <time>2026-01-23T15:24:00Z</time>
      </trkpt>
      <trkpt lat="62.91032" lon="12.55707">
        <time>2026-01-23T15:34:00Z</time>
      </trkpt>
      <trkpt lat="62.91051" lon="12.56702">
        <time>2026-01-23T15:44:00Z</time>
      </trkpt>
      <trkpt lat="62.91064" lon="12.57657">
        <time>2026-01-23T15:54:00Z</time>
      </trkpt>
      <trkpt lat="62.91367" lon="12.58838">
        <time>2026-01-23T16:04:00Z</time>
      </trkpt>
      <trkpt lat="62.9162" lon="12.59799">
        <time>2026-01-23T16:14:00Z</time>
      </trkpt>
      <trkpt lat="62.91856" lon="12.61067">
        <time>2026-01-23T16:24:00Z</time>
      </trkpt>
      <trkpt lat="62.9208" lon="12.61567">
        <time>2026-01-23T16:34:00Z</time>
      </trkpt>
      <trkpt lat="62.92275" lon="12.62065">
        <time>2026-01-23T16:44:00Z</time>
      </trkpt>
      <trkpt lat="62.92633" lon="12.62945">
        <time>2026-01-23T16:54:00Z</time>
      </trkpt>
      <trkpt lat="62.93114" lon="12.63494">
        <time>2026-01-23T17:04:00Z</time>
      </trkpt>
      <trkpt lat="62.93536" lon="12.6397">
        <time>2026-01-23T17:14:00Z</time>
      </trkpt>
      <trkpt lat="62.9399" lon="12.6414">
        <time>2026-01-23T17:24:00Z</time>
      </trkpt>
      <trkpt lat="62.94446" lon="12.64198">
        <time>2026-01-23T17:34:00Z</time>
      </trkpt>
      <trkpt lat="62.95018" lon="12.64">
        <time>2026-01-23T17:44:00Z</time>
      </trkpt>
      <trkpt lat="62.95422" lon="12.6408">
        <time>2026-01-23T17:54:00Z</time>
      </trkpt>
      <trkpt lat="62.95813" lon="12.64543">
        <time>2026-01-23T18:04:00Z</time>
      </trkpt>
      <trkpt lat="62.96187" lon="12.64981">
        <time>2026-01-23T18:14:00Z</time>
      </trkpt>
      <trkpt lat="62.967" lon="12.65247">
        <time>2026-01-23T18:24:00Z</time>
      </trkpt>
      <trkpt lat="62.97277" lon="12.65554">
        <time>2026-01-23T18:34:00Z</time>
      </trkpt>
      <trkpt lat="62.97605" lon="12.65683">
        <time>2026-01-23T18:44:00Z</time>
      </trkpt>
      <trkpt lat="62.97607" lon="12.65685">
        <time>2026-01-23T18:45:00Z</time>
      </trkpt>
      <trkpt lat="62.97568" lon="12.65721">
        <time>2026-01-24T08:50:00Z</time>
      </trkpt>
      <trkpt lat="62.97571" lon="12.65689">
        <time>2026-01-24T09:00:00Z</time>
      </trkpt>
      <trkpt lat="62.97886" lon="12.66434">
        <time>2026-01-24T09:20:00Z</time>
      </trkpt>
      <trkpt lat="62.98127" lon="12.67043">
        <time>2026-01-24T09:30:00Z</time>
      </trkpt>
      <trkpt lat="62.9832" lon="12.67515">
        <time>2026-01-24T09:40:00Z</time>
      </trkpt>
      <trkpt lat="62.9849" lon="12.67946">
        <time>2026-01-24T09:50:00Z</time>
      </trkpt>
      <trkpt lat="62.98655" lon="12.68367">
        <time>2026-01-24T10:00:00Z</time>
      </trkpt>
      <trkpt lat="62.98798" lon="12.68727">
        <time>2026-01-24T10:10:00Z</time>
      </trkpt>
      <trkpt lat="62.98878" lon="12.68961">
        <time>2026-01-24T10:20:00Z</time>
      </trkpt>
      <trkpt lat="62.99092" lon="12.69719">
        <time>2026-01-24T10:30:00Z</time>
      </trkpt>
      <trkpt lat="62.99263" lon="12.70699">
        <time>2026-01-24T10:40:00Z</time>
      </trkpt>
      <trkpt lat="62.9943" lon="12.71691">
        <time>2026-01-24T10:50:00Z</time>
      </trkpt>
      <trkpt lat="62.99623" lon="12.72894">
        <time>2026-01-24T11:00:00Z</time>
      </trkpt>
      <trkpt lat="62.999" lon="12.73766">
        <time>2026-01-24T11:10:00Z</time>
      </trkpt>
      <trkpt lat="63.00227" lon="12.74259">
        <time>2026-01-24T11:20:00Z</time>
      </trkpt>
      <trkpt lat="63.00862" lon="12.74982">
        <time>2026-01-24T11:30:00Z</time>
      </trkpt>
      <trkpt lat="63.01381" lon="12.75594">
        <time>2026-01-24T11:40:00Z</time>
      </trkpt>
      <trkpt lat="63.02019" lon="12.76429">
        <time>2026-01-24T11:50:00Z</time>
      </trkpt>
      <trkpt lat="63.02218" lon="12.76439">
        <time>2026-01-24T12:00:00Z</time>
      </trkpt>
      <trkpt lat="63.02736" lon="12.76875">
        <time>2026-01-24T12:10:00Z</time>
      </trkpt>
      <trkpt lat="63.03147" lon="12.77555">
        <time>2026-01-24T12:20:00Z</time>
      </trkpt>
      <trkpt lat="63.03442" lon="12.78499">
        <time>2026-01-24T12:30:00Z</time>
      </trkpt>
      <trkpt lat="63.03723" lon="12.79254">
        <time>2026-01-24T12:40:00Z</time>
      </trkpt>
      <trkpt lat="63.04035" lon="12.7969">
        <time>2026-01-24T12:50:00Z</time>
      </trkpt>
      <trkpt lat="63.04093" lon="12.80008">
        <time>2026-01-24T13:00:00Z</time>
      </trkpt>
      <trkpt lat="63.04097" lon="12.80018">
        <time>2026-01-24T13:03:00Z</time>
      </trkpt>
      <trkpt lat="63.04095" lon="12.79978">
        <time>2026-01-25T08:49:00Z</time>
      </trkpt>
      <trkpt lat="63.04097" lon="12.79984">
        <time>2026-01-25T08:59:00Z</time>
      </trkpt>
      <trkpt lat="63.04175" lon="12.7983">
        <time>2026-01-25T09:09:00Z</time>
      </trkpt>
      <trkpt lat="63.04588" lon="12.79426">
        <time>2026-01-25T09:19:00Z</time>
      </trkpt>
      <trkpt lat="63.05211" lon="12.79379">
        <time>2026-01-25T09:29:00Z</time>
      </trkpt>
      <trkpt lat="63.05805" lon="12.79596">
        <time>2026-01-25T09:39:00Z</time>
      </trkpt>
      <trkpt lat="63.06285" lon="12.79883">
        <time>2026-01-25T09:49:00Z</time>
      </trkpt>
      <trkpt lat="63.06785" lon="12.80598">
        <time>2026-01-25T09:59:00Z</time>
      </trkpt>
      <trkpt lat="63.07339" lon="12.81181">
        <time>2026-01-25T10:09:00Z</time>
      </trkpt>
      <trkpt lat="63.07655" lon="12.81495">
        <time>2026-01-25T10:19:00Z</time>
      </trkpt>
      <trkpt lat="63.0795" lon="12.81954">
        <time>2026-01-25T10:29:00Z</time>
      </trkpt>
      <trkpt lat="63.08418" lon="12.81984">
        <time>2026-01-25T10:39:00Z</time>
      </trkpt>
      <trkpt lat="63.08711" lon="12.81954">
        <time>2026-01-25T10:49:00Z</time>
      </trkpt>
      <trkpt lat="63.09109" lon="12.81623">
        <time>2026-01-25T10:59:00Z</time>
      </trkpt>
      <trkpt lat="63.09482" lon="12.81147">
        <time>2026-01-25T11:09:00Z</time>
      </trkpt>
      <trkpt lat="63.10126" lon="12.81344">
        <time>2026-01-25T11:19:00Z</time>
      </trkpt>
      <trkpt lat="63.10813" lon="12.81808">
        <time>2026-01-25T11:29:00Z</time>
      </trkpt>
      <trkpt lat="63.11191" lon="12.82595">
        <time>2026-01-25T11:39:00Z</time>
      </trkpt>
      <trkpt lat="63.11203" lon="12.83628">
        <time>2026-01-25T11:49:00Z</time>
      </trkpt>
      <trkpt lat="63.11545" lon="12.84357">
        <time>2026-01-25T11:59:00Z</time>
      </trkpt>
      <trkpt lat="63.11663" lon="12.85619">
        <time>2026-01-25T12:09:00Z</time>
      </trkpt>
      <trkpt lat="63.11957" lon="12.86325">
        <time>2026-01-25T12:19:00Z</time>
      </trkpt>
      <trkpt lat="63.12411" lon="12.86636">
        <time>2026-01-25T12:29:00Z</time>
      </trkpt>
      <trkpt lat="63.12857" lon="12.87196">
        <time>2026-01-25T12:39:00Z</time>
      </trkpt>
      <trkpt lat="63.13339" lon="12.8767">
        <time>2026-01-25T12:49:00Z</time>
      </trkpt>
      <trkpt lat="63.13395" lon="12.88681">
        <time>2026-01-25T12:59:00Z</time>
      </trkpt>
      <trkpt lat="63.13642" lon="12.89567">
        <time>2026-01-25T13:09:00Z</time>
      </trkpt>
      <trkpt lat="63.1402" lon="12.90213">
        <time>2026-01-25T13:19:00Z</time>
      </trkpt>
      <trkpt lat="63.14603" lon="12.90606">
        <time>2026-01-25T13:29:00Z</time>
      </trkpt>
      <trkpt lat="63.14892" lon="12.91696">
        <time>2026-01-25T13:39:00Z</time>
      </trkpt>
      <trkpt lat="63.14883" lon="12.92749">
        <time>2026-01-25T13:49:00Z</time>
      </trkpt>
      <trkpt lat="63.14931" lon="12.93676">
        <time>2026-01-25T13:59:00Z</time>
      </trkpt>
      <trkpt lat="63.14804" lon="12.94796">
        <time>2026-01-25T14:09:00Z</time>
      </trkpt>
      <trkpt lat="63.14804" lon="12.96017">
        <time>2026-01-25T14:19:00Z</time>
      </trkpt>
      <trkpt lat="63.14882" lon="12.96635">
        <time>2026-01-25T14:27:00Z</time>
      </trkpt>
      <trkpt lat="63.14896" lon="12.96635">
        <time>2026-01-27T09:17:00Z</time>
      </trkpt>
      <trkpt lat="63.14911" lon="12.97054">
        <time>2026-01-27T09:27:00Z</time>
      </trkpt>
      <trkpt lat="63.14959" lon="12.98039">
        <time>2026-01-27T09:37:00Z</time>
      </trkpt>
      <trkpt lat="63.15187" lon="12.98981">
        <time>2026-01-27T09:47:00Z</time>
      </trkpt>
      <trkpt lat="63.15366" lon="13.00232">
        <time>2026-01-27T09:57:00Z</time>
      </trkpt>
      <trkpt lat="63.15506" lon="13.01367">
        <time>2026-01-27T10:07:00Z</time>
      </trkpt>
      <trkpt lat="63.15673" lon="13.02538">
        <time>2026-01-27T10:17:00Z</time>
      </trkpt>
      <trkpt lat="63.15735" lon="13.03339">
        <time>2026-01-27T10:27:00Z</time>
      </trkpt>
      <trkpt lat="63.16036" lon="13.04472">
        <time>2026-01-27T10:37:00Z</time>
      </trkpt>
      <trkpt lat="63.16368" lon="13.05467">
        <time>2026-01-27T10:47:00Z</time>
      </trkpt>
      <trkpt lat="63.16677" lon="13.05999">
        <time>2026-01-27T10:57:00Z</time>
      </trkpt>
      <trkpt lat="63.16704" lon="13.06107">
        <time>2026-01-27T11:07:00Z</time>
      </trkpt>
      <trkpt lat="63.17106" lon="13.06126">
        <time>2026-01-27T11:17:00Z</time>
      </trkpt>
      <trkpt lat="63.17602" lon="13.06107">
        <time>2026-01-27T11:27:00Z</time>
      </trkpt>
      <trkpt lat="63.18017" lon="13.0636">
        <time>2026-01-27T11:37:00Z</time>
      </trkpt>
      <trkpt lat="63.18713" lon="13.06186">
        <time>2026-01-27T11:47:00Z</time>
      </trkpt>
      <trkpt lat="63.18928" lon="13.05926">
        <time>2026-01-27T11:57:00Z</time>
      </trkpt>
      <trkpt lat="63.18698" lon="13.06197">
        <time>2026-01-27T12:07:00Z</time>
      </trkpt>
      <trkpt lat="63.19147" lon="13.05688">
        <time>2026-01-27T12:17:00Z</time>
      </trkpt>
      <trkpt lat="63.19746" lon="13.05373">
        <time>2026-01-27T12:27:00Z</time>
      </trkpt>
      <trkpt lat="63.20339" lon="13.05259">
        <time>2026-01-27T12:37:00Z</time>
      </trkpt>
      <trkpt lat="63.20667" lon="13.05583">
        <time>2026-01-27T12:47:00Z</time>
      </trkpt>
      <trkpt lat="63.2058" lon="13.0639">
        <time>2026-01-27T12:57:00Z</time>
      </trkpt>
      <trkpt lat="63.2046" lon="13.0772">
        <time>2026-01-27T13:07:00Z</time>
      </trkpt>
      <trkpt lat="63.20363" lon="13.08853">
        <time>2026-01-27T13:17:00Z</time>
      </trkpt>
      <trkpt lat="63.20257" lon="13.09975">
        <time>2026-01-27T13:27:00Z</time>
      </trkpt>
      <trkpt lat="63.20294" lon="13.11128">
        <time>2026-01-27T13:37:00Z</time>
      </trkpt>
      <trkpt lat="63.2042" lon="13.12357">
        <time>2026-01-27T13:47:00Z</time>
      </trkpt>
      <trkpt lat="63.20534" lon="13.1364">
        <time>2026-01-27T13:57:00Z</time>
      </trkpt>
      <trkpt lat="63.20605" lon="13.14904">
        <time>2026-01-27T14:07:00Z</time>
      </trkpt>
      <trkpt lat="63.20618" lon="13.15679">
        <time>2026-01-27T14:17:00Z</time>
      </trkpt>
      <trkpt lat="63.20594" lon="13.16338">
        <time>2026-01-27T14:27:00Z</time>
      </trkpt>
      <trkpt lat="63.20941" lon="13.17095">
        <time>2026-01-27T14:37:00Z</time>
      </trkpt>
      <trkpt lat="63.21443" lon="13.17065">
        <time>2026-01-27T14:47:00Z</time>
      </trkpt>
      <trkpt lat="63.21999" lon="13.17011">
        <time>2026-01-27T14:57:00Z</time>
      </trkpt>
      <trkpt lat="63.22341" lon="13.18018">
        <time>2026-01-27T15:07:00Z</time>
      </trkpt>
      <trkpt lat="63.2399" lon="13.26227">
        <time>2026-01-27T16:38:00Z</time>
      </trkpt>
      <trkpt lat="63.2399" lon="13.26227">
        <time>2026-01-27T16:39:00Z</time>
      </trkpt>
      <trkpt lat="63.23988" lon="13.26221">
        <time>2026-01-28T08:37:00Z</time>
      </trkpt>
      <trkpt lat="63.24127" lon="13.2567">
        <time>2026-01-28T08:47:00Z</time>
      </trkpt>
      <trkpt lat="63.24475" lon="13.25878">
        <time>2026-01-28T08:57:00Z</time>
      </trkpt>
      <trkpt lat="63.24856" lon="13.26047">
        <time>2026-01-28T09:07:00Z</time>
      </trkpt>
      <trkpt lat="63.25128" lon="13.26335">
        <time>2026-01-28T09:17:00Z</time>
      </trkpt>
      <trkpt lat="63.25375" lon="13.26603">
        <time>2026-01-28T09:27:00Z</time>
      </trkpt>
      <trkpt lat="63.25899" lon="13.27054">
        <time>2026-01-28T09:37:00Z</time>
      </trkpt>
      <trkpt lat="63.26509" lon="13.27122">
        <time>2026-01-28T09:47:00Z</time>
      </trkpt>
      <trkpt lat="63.27197" lon="13.27281">
        <time>2026-01-28T09:57:00Z</time>
      </trkpt>
      <trkpt lat="63.27811" lon="13.27418">
        <time>2026-01-28T10:07:00Z</time>
      </trkpt>
      <trkpt lat="63.28302" lon="13.27841">
        <time>2026-01-28T10:17:00Z</time>
      </trkpt>
      <trkpt lat="63.28766" lon="13.27504">
        <time>2026-01-28T10:27:00Z</time>
      </trkpt>
      <trkpt lat="63.29659" lon="13.2747">
        <time>2026-01-28T10:37:00Z</time>
      </trkpt>
      <trkpt lat="63.30381" lon="13.27657">
        <time>2026-01-28T10:47:00Z</time>
      </trkpt>
      <trkpt lat="63.30586" lon="13.26661">
        <time>2026-01-28T10:57:00Z</time>
      </trkpt>
      <trkpt lat="63.30813" lon="13.25285">
        <time>2026-01-28T11:07:00Z</time>
      </trkpt>
      <trkpt lat="63.31254" lon="13.24706">
        <time>2026-01-28T11:17:00Z</time>
      </trkpt>
      <trkpt lat="63.3137" lon="13.23623">
        <time>2026-01-28T11:27:00Z</time>
      </trkpt>
      <trkpt lat="63.31611" lon="13.23608">
        <time>2026-01-28T11:37:00Z</time>
      </trkpt>
      <trkpt lat="63.31634" lon="13.23668">
        <time>2026-01-28T11:47:00Z</time>
      </trkpt>
      <trkpt lat="63.3162" lon="13.23668">
        <time>2026-01-28T11:53:00Z</time>
      </trkpt>
      <trkpt lat="63.31616" lon="13.23674">
        <time>2026-01-29T08:47:00Z</time>
      </trkpt>
      <trkpt lat="63.31647" lon="13.2364">
        <time>2026-01-29T08:57:00Z</time>
      </trkpt>
      <trkpt lat="63.31828" lon="13.23895">
        <time>2026-01-29T09:07:00Z</time>
      </trkpt>
      <trkpt lat="63.32175" lon="13.24047">
        <time>2026-01-29T09:17:00Z</time>
      </trkpt>
      <trkpt lat="63.32556" lon="13.24298">
        <time>2026-01-29T09:27:00Z</time>
      </trkpt>
      <trkpt lat="63.33077" lon="13.24901">
        <time>2026-01-29T09:37:00Z</time>
      </trkpt>
      <trkpt lat="63.33123" lon="13.26024">
        <time>2026-01-29T09:47:00Z</time>
      </trkpt>
      <trkpt lat="63.33529" lon="13.26307">
        <time>2026-01-29T09:57:00Z</time>
      </trkpt>
      <trkpt lat="63.34096" lon="13.26987">
        <time>2026-01-29T10:07:00Z</time>
      </trkpt>
      <trkpt lat="63.34604" lon="13.27498">
        <time>2026-01-29T10:17:00Z</time>
      </trkpt>
      <trkpt lat="63.34948" lon="13.27603">
        <time>2026-01-29T10:27:00Z</time>
      </trkpt>
      <trkpt lat="63.35383" lon="13.26697">
        <time>2026-01-29T10:37:00Z</time>
      </trkpt>
      <trkpt lat="63.35794" lon="13.25755">
        <time>2026-01-29T10:47:00Z</time>
      </trkpt>
      <trkpt lat="63.36105" lon="13.24543">
        <time>2026-01-29T10:57:00Z</time>
      </trkpt>
      <trkpt lat="63.36366" lon="13.23837">
        <time>2026-01-29T11:07:00Z</time>
      </trkpt>
      <trkpt lat="63.36943" lon="13.2312">
        <time>2026-01-29T11:17:00Z</time>
      </trkpt>
      <trkpt lat="63.37472" lon="13.22316">
        <time>2026-01-29T11:27:00Z</time>
      </trkpt>
      <trkpt lat="63.3784" lon="13.22026">
        <time>2026-01-29T11:37:00Z</time>
      </trkpt>
      <trkpt lat="63.3821" lon="13.21638">
        <time>2026-01-29T11:47:00Z</time>
      </trkpt>
      <trkpt lat="63.38579" lon="13.21464">
        <time>2026-01-29T11:57:00Z</time>
      </trkpt>
      <trkpt lat="63.38971" lon="13.20977">
        <time>2026-01-29T12:07:00Z</time>
      </trkpt>
      <trkpt lat="63.39283" lon="13.20086">
        <time>2026-01-29T12:17:00Z</time>
      </trkpt>
      <trkpt lat="63.39711" lon="13.19535">
        <time>2026-01-29T12:27:00Z</time>
      </trkpt>
      <trkpt lat="63.39991" lon="13.19803">
        <time>2026-01-29T12:37:00Z</time>
      </trkpt>
      <trkpt lat="63.40256" lon="13.20756">
        <time>2026-01-29T12:47:00Z</time>
      </trkpt>
      <trkpt lat="63.40427" lon="13.21">
        <time>2026-01-29T12:57:00Z</time>
      </trkpt>
      <trkpt lat="63.40583" lon="13.21661">
        <time>2026-01-29T13:07:00Z</time>
      </trkpt>
      <trkpt lat="63.40878" lon="13.22318">
        <time>2026-01-29T13:17:00Z</time>
      </trkpt>
      <trkpt lat="63.411" lon="13.2258">
        <time>2026-01-29T13:27:00Z</time>
      </trkpt>
      <trkpt lat="63.41698" lon="13.22513">
        <time>2026-01-29T13:37:00Z</time>
      </trkpt>
      <trkpt lat="63.4261" lon="13.22764">
        <time>2026-01-29T13:47:00Z</time>
      </trkpt>
      <trkpt lat="63.43311" lon="13.22208">
        <time>2026-01-29T13:57:00Z</time>
      </trkpt>
      <trkpt lat="63.43921" lon="13.21756">
        <time>2026-01-29T14:07:00Z</time>
      </trkpt>
      <trkpt lat="63.44184" lon="13.22517">
        <time>2026-01-29T14:17:00Z</time>
      </trkpt>
      <trkpt lat="63.44674" lon="13.22522">
        <time>2026-01-29T14:27:00Z</time>
      </trkpt>
      <trkpt lat="63.44959" lon="13.21505">
        <time>2026-01-29T14:37:00Z</time>
      </trkpt>
      <trkpt lat="63.45194" lon="13.20771">
        <time>2026-01-29T14:47:00Z</time>
      </trkpt>
      <trkpt lat="63.45517" lon="13.20803">
        <time>2026-01-29T14:57:00Z</time>
      </trkpt>
      <trkpt lat="63.46119" lon="13.21337">
        <time>2026-01-29T15:07:00Z</time>
      </trkpt>
      <trkpt lat="63.46683" lon="13.21857">
        <time>2026-01-29T15:17:00Z</time>
      </trkpt>
      <trkpt lat="63.47081" lon="13.22547">
        <time>2026-01-29T15:27:00Z</time>
      </trkpt>
      <trkpt lat="63.4737" lon="13.22921">
        <time>2026-01-29T15:37:00Z</time>
      </trkpt>
      <trkpt lat="63.47442" lon="13.23386">
        <time>2026-01-29T15:47:00Z</time>
      </trkpt>
      <trkpt lat="63.47442" lon="13.23386">
        <time>2026-01-29T15:47:00Z</time>
      </trkpt>
      <trkpt lat="63.47447" lon="13.23376">
        <time>2026-01-30T09:00:00Z</time>
      </trkpt>
      <trkpt lat="63.47467" lon="13.23348">
        <time>2026-01-30T09:10:00Z</time>
      </trkpt>
      <trkpt lat="63.47667" lon="13.23846">
        <time>2026-01-30T09:20:00Z</time>
      </trkpt>
      <trkpt lat="63.48003" lon="13.24408">
        <time>2026-01-30T09:30:00Z</time>
      </trkpt>
      <trkpt lat="63.48573" lon="13.24637">
        <time>2026-01-30T09:40:00Z</time>
      </trkpt>
      <trkpt lat="63.49038" lon="13.24642">
        <time>2026-01-30T09:50:00Z</time>
      </trkpt>
      <trkpt lat="63.4943" lon="13.24803">
        <time>2026-01-30T10:00:00Z</time>
      </trkpt>
      <trkpt lat="63.49925" lon="13.24816">
        <time>2026-01-30T10:10:00Z</time>
      </trkpt>
      <trkpt lat="63.50445" lon="13.24702">
        <time>2026-01-30T10:20:00Z</time>
      </trkpt>
      <trkpt lat="63.50976" lon="13.24659">
        <time>2026-01-30T10:30:00Z</time>
      </trkpt>
      <trkpt lat="63.51433" lon="13.25077">
        <time>2026-01-30T10:40:00Z</time>
      </trkpt>
      <trkpt lat="63.51821" lon="13.25363">
        <time>2026-01-30T10:50:00Z</time>
      </trkpt>
      <trkpt lat="63.52083" lon="13.25564">
        <time>2026-01-30T11:00:00Z</time>
      </trkpt>
      <trkpt lat="63.52312" lon="13.25946">
        <time>2026-01-30T11:10:00Z</time>
      </trkpt>
      <trkpt lat="63.52855" lon="13.25925">
        <time>2026-01-30T11:20:00Z</time>
      </trkpt>
      <trkpt lat="63.53324" lon="13.26341">
        <time>2026-01-30T11:30:00Z</time>
      </trkpt>
      <trkpt lat="63.53632" lon="13.26225">
        <time>2026-01-30T11:40:00Z</time>
      </trkpt>
      <trkpt lat="63.53926" lon="13.26318">
        <time>2026-01-30T11:50:00Z</time>
      </trkpt>
      <trkpt lat="63.54374" lon="13.2641">
        <time>2026-01-30T12:00:00Z</time>
      </trkpt>
      <trkpt lat="63.54894" lon="13.26429">
        <time>2026-01-30T12:10:00Z</time>
      </trkpt>
      <trkpt lat="63.5502" lon="13.25783">
        <time>2026-01-30T12:20:00Z</time>
      </trkpt>
      <trkpt lat="63.55351" lon="13.2544">
        <time>2026-01-30T12:30:00Z</time>
      </trkpt>
      <trkpt lat="63.55876" lon="13.25146">
        <time>2026-01-30T12:40:00Z</time>
      </trkpt>
      <trkpt lat="63.56098" lon="13.25408">
        <time>2026-01-30T12:50:00Z</time>
      </trkpt>
      <trkpt lat="63.56595" lon="13.24994">
        <time>2026-01-30T13:00:00Z</time>
      </trkpt>
      <trkpt lat="63.56853" lon="13.24307">
        <time>2026-01-30T13:10:00Z</time>
      </trkpt>
      <trkpt lat="63.57141" lon="13.23794">
        <time>2026-01-30T13:20:00Z</time>
      </trkpt>
      <trkpt lat="63.57485" lon="13.22882">
        <time>2026-01-30T13:30:00Z</time>
      </trkpt>
      <trkpt lat="63.57831" lon="13.2246">
        <time>2026-01-30T13:40:00Z</time>
      </trkpt>
      <trkpt lat="63.58018" lon="13.21453">
        <time>2026-01-30T13:50:00Z</time>
      </trkpt>
      <trkpt lat="63.58491" lon="13.20138">
        <time>2026-01-30T14:00:00Z</time>
      </trkpt>
      <trkpt lat="63.58902" lon="13.19226">
        <time>2026-01-30T14:10:00Z</time>
      </trkpt>
      <trkpt lat="63.59282" lon="13.18702">
        <time>2026-01-30T14:20:00Z</time>
      </trkpt>
      <trkpt lat="63.59864" lon="13.17732">
        <time>2026-01-30T14:30:00Z</time>
      </trkpt>
      <trkpt lat="63.60161" lon="13.18183">
        <time>2026-01-30T14:40:00Z</time>
      </trkpt>
      <trkpt lat="63.60657" lon="13.19696">
        <time>2026-01-30T14:50:00Z</time>
      </trkpt>
      <trkpt lat="63.61168" lon="13.20803">
        <time>2026-01-30T15:00:00Z</time>
      </trkpt>
      <trkpt lat="63.61566" lon="13.20985">
        <time>2026-01-30T15:10:00Z</time>
      </trkpt>
      <trkpt lat="63.61876" lon="13.2091">
        <time>2026-01-30T15:20:00Z</time>
      </trkpt>
      <trkpt lat="63.62093" lon="13.21361">
        <time>2026-01-30T15:30:00Z</time>
      </trkpt>
      <trkpt lat="63.62447" lon="13.21824">
        <time>2026-01-30T15:40:00Z</time>
      </trkpt>
      <trkpt lat="63.62818" lon="13.2223">
        <time>2026-01-30T15:50:00Z</time>
      </trkpt>
      <trkpt lat="63.63139" lon="13.22348">
        <time>2026-01-30T16:00:00Z</time>
      </trkpt>
      <trkpt lat="63.63164" lon="13.22384">
        <time>2026-01-30T16:03:00Z</time>
      </trkpt>
      <trkpt lat="63.63167" lon="13.22387">
        <time>2026-01-31T08:37:00Z</time>
      </trkpt>
      <trkpt lat="63.63166" lon="13.22382">
        <time>2026-01-31T08:47:00Z</time>
      </trkpt>
      <trkpt lat="63.63535" lon="13.2288">
        <time>2026-01-31T08:57:00Z</time>
      </trkpt>
      <trkpt lat="63.6381" lon="13.23436">
        <time>2026-01-31T09:07:00Z</time>
      </trkpt>
      <trkpt lat="63.63975" lon="13.24425">
        <time>2026-01-31T09:17:00Z</time>
      </trkpt>
      <trkpt lat="63.6394" lon="13.25507">
        <time>2026-01-31T09:27:00Z</time>
      </trkpt>
      <trkpt lat="63.64163" lon="13.27039">
        <time>2026-01-31T09:37:00Z</time>
      </trkpt>
      <trkpt lat="63.64037" lon="13.28886">
        <time>2026-01-31T09:47:00Z</time>
      </trkpt>
      <trkpt lat="63.64367" lon="13.28903">
        <time>2026-01-31T09:57:00Z</time>
      </trkpt>
      <trkpt lat="63.64893" lon="13.28687">
        <time>2026-01-31T10:07:00Z</time>
      </trkpt>
      <trkpt lat="63.65404" lon="13.28571">
        <time>2026-01-31T10:17:00Z</time>
      </trkpt>
      <trkpt lat="63.65964" lon="13.29026">
        <time>2026-01-31T10:27:00Z</time>
      </trkpt>
      <trkpt lat="63.6642" lon="13.28933">
        <time>2026-01-31T10:37:00Z</time>
      </trkpt>
      <trkpt lat="63.66793" lon="13.29742">
        <time>2026-01-31T10:47:00Z</time>
      </trkpt>
      <trkpt lat="63.66964" lon="13.30671">
        <time>2026-01-31T10:57:00Z</time>
      </trkpt>
      <trkpt lat="63.67305" lon="13.31154">
        <time>2026-01-31T11:07:00Z</time>
      </trkpt>
      <trkpt lat="63.67667" lon="13.31691">
        <time>2026-01-31T11:17:00Z</time>
      </trkpt>
      <trkpt lat="63.68098" lon="13.31991">
        <time>2026-01-31T11:27:00Z</time>
      </trkpt>
      <trkpt lat="63.67996" lon="13.33006">
        <time>2026-01-31T11:37:00Z</time>
      </trkpt>
      <trkpt lat="63.68285" lon="13.33602">
        <time>2026-01-31T11:47:00Z</time>
      </trkpt>
      <trkpt lat="63.68398" lon="13.34723">
        <time>2026-01-31T11:57:00Z</time>
      </trkpt>
      <trkpt lat="63.68563" lon="13.3592">
        <time>2026-01-31T12:07:00Z</time>
      </trkpt>
      <trkpt lat="63.68551" lon="13.36212">
        <time>2026-01-31T12:17:00Z</time>
      </trkpt>
      <trkpt lat="63.68722" lon="13.3721">
        <time>2026-01-31T12:27:00Z</time>
      </trkpt>
      <trkpt lat="63.68757" lon="13.38102">
        <time>2026-01-31T12:37:00Z</time>
      </trkpt>
      <trkpt lat="63.6881" lon="13.39482">
        <time>2026-01-31T12:47:00Z</time>
      </trkpt>
      <trkpt lat="63.68901" lon="13.40769">
        <time>2026-01-31T12:57:00Z</time>
      </trkpt>
      <trkpt lat="63.68923" lon="13.42089">
        <time>2026-01-31T13:07:00Z</time>
      </trkpt>
      <trkpt lat="63.68809" lon="13.43211">
        <time>2026-01-31T13:17:00Z</time>
      </trkpt>
      <trkpt lat="63.68802" lon="13.43636">
        <time>2026-01-31T13:27:00Z</time>
      </trkpt>
      <trkpt lat="63.69144" lon="13.44479">
        <time>2026-01-31T13:37:00Z</time>
      </trkpt>
      <trkpt lat="63.69283" lon="13.45655">
        <time>2026-01-31T13:47:00Z</time>
      </trkpt>
      <trkpt lat="63.69192" lon="13.46726">
        <time>2026-01-31T13:57:00Z</time>
      </trkpt>
      <trkpt lat="63.69174" lon="13.47655">
        <time>2026-01-31T14:07:00Z</time>
      </trkpt>
      <trkpt lat="63.68995" lon="13.48818">
        <time>2026-01-31T14:17:00Z</time>
      </trkpt>
      <trkpt lat="63.68977" lon="13.49226">
        <time>2026-01-31T14:27:00Z</time>
      </trkpt>
      <trkpt lat="63.68917" lon="13.5099">
        <time>2026-01-31T14:37:00Z</time>
      </trkpt>
      <trkpt lat="63.6888" lon="13.51781">
        <time>2026-01-31T14:47:00Z</time>
      </trkpt>
      <trkpt lat="63.69078" lon="13.53062">
        <time>2026-01-31T14:57:00Z</time>
      </trkpt>
      <trkpt lat="63.69139" lon="13.54084">
        <time>2026-01-31T15:07:00Z</time>
      </trkpt>
      <trkpt lat="63.69335" lon="13.55247">
        <time>2026-01-31T15:17:00Z</time>
      </trkpt>
      <trkpt lat="63.69343" lon="13.56391">
        <time>2026-01-31T15:27:00Z</time>
      </trkpt>
      <trkpt lat="63.69148" lon="13.57691">
        <time>2026-01-31T15:37:00Z</time>
      </trkpt>
      <trkpt lat="63.69052" lon="13.58856">
        <time>2026-01-31T15:47:00Z</time>
      </trkpt>
      <trkpt lat="63.69381" lon="13.59809">
        <time>2026-01-31T15:57:00Z</time>
      </trkpt>
      <trkpt lat="63.69568" lon="13.60536">
        <time>2026-01-31T16:07:00Z</time>
      </trkpt>
      <trkpt lat="63.69502" lon="13.61987">
        <time>2026-01-31T16:17:00Z</time>
      </trkpt>
      <trkpt lat="63.6964" lon="13.62918">
        <time>2026-01-31T16:27:00Z</time>
      </trkpt>
      <trkpt lat="63.69598" lon="13.63768">
        <time>2026-01-31T16:37:00Z</time>
      </trkpt>
      <trkpt lat="63.69599" lon="13.63768">
        <time>2026-01-31T16:41:00Z</time>
      </trkpt>
      <trkpt lat="63.69624" lon="13.63757">
        <time>2026-01-31T16:47:00Z</time>
      </trkpt>
      <trkpt lat="63.69634" lon="13.6259">
        <time>2026-01-31T16:57:00Z</time>
      </trkpt>
      <trkpt lat="63.69625" lon="13.62579">
        <time>2026-01-31T17:01:00Z</time>
      </trkpt>
      <trkpt lat="63.69641" lon="13.62588">
        <time>2026-02-01T09:29:00Z</time>
      </trkpt>
      <trkpt lat="63.69968" lon="13.62422">
        <time>2026-02-01T09:39:00Z</time>
      </trkpt>
      <trkpt lat="63.70112" lon="13.61259">
        <time>2026-02-01T09:49:00Z</time>
      </trkpt>
      <trkpt lat="63.70412" lon="13.60532">
        <time>2026-02-01T09:59:00Z</time>
      </trkpt>
      <trkpt lat="63.70884" lon="13.60691">
        <time>2026-02-01T10:09:00Z</time>
      </trkpt>
      <trkpt lat="63.71369" lon="13.60783">
        <time>2026-02-01T10:19:00Z</time>
      </trkpt>
      <trkpt lat="63.7161" lon="13.61182">
        <time>2026-02-01T10:29:00Z</time>
      </trkpt>
      <trkpt lat="63.7191" lon="13.61407">
        <time>2026-02-01T10:39:00Z</time>
      </trkpt>
      <trkpt lat="63.72302" lon="13.61729">
        <time>2026-02-01T10:49:00Z</time>
      </trkpt>
      <trkpt lat="63.7271" lon="13.62075">
        <time>2026-02-01T10:59:00Z</time>
      </trkpt>
      <trkpt lat="63.73173" lon="13.62017">
        <time>2026-02-01T11:09:00Z</time>
      </trkpt>
      <trkpt lat="63.73532" lon="13.62229">
        <time>2026-02-01T11:19:00Z</time>
      </trkpt>
      <trkpt lat="63.73955" lon="13.62626">
        <time>2026-02-01T11:29:00Z</time>
      </trkpt>
      <trkpt lat="63.74404" lon="13.62768">
        <time>2026-02-01T11:39:00Z</time>
      </trkpt>
      <trkpt lat="63.7471" lon="13.63175">
        <time>2026-02-01T11:49:00Z</time>
      </trkpt>
      <trkpt lat="63.74774" lon="13.63875">
        <time>2026-02-01T11:59:00Z</time>
      </trkpt>
      <trkpt lat="63.74902" lon="13.64742">
        <time>2026-02-01T12:09:00Z</time>
      </trkpt>
      <trkpt lat="63.75203" lon="13.65317">
        <time>2026-02-01T12:19:00Z</time>
      </trkpt>
      <trkpt lat="63.75481" lon="13.65753">
        <time>2026-02-01T12:29:00Z</time>
      </trkpt>
      <trkpt lat="63.7528" lon="13.67027">
        <time>2026-02-01T12:39:00Z</time>
      </trkpt>
      <trkpt lat="63.75147" lon="13.67864">
        <time>2026-02-01T12:49:00Z</time>
      </trkpt>
      <trkpt lat="63.74931" lon="13.69291">
        <time>2026-02-01T12:59:00Z</time>
      </trkpt>
      <trkpt lat="63.74741" lon="13.70529">
        <time>2026-02-01T13:09:00Z</time>
      </trkpt>
      <trkpt lat="63.74502" lon="13.72022">
        <time>2026-02-01T13:19:00Z</time>
      </trkpt>
      <trkpt lat="63.74318" lon="13.7363">
        <time>2026-02-01T13:29:00Z</time>
      </trkpt>
      <trkpt lat="63.74663" lon="13.74379">
        <time>2026-02-01T13:39:00Z</time>
      </trkpt>
      <trkpt lat="63.74937" lon="13.75436">
        <time>2026-02-01T13:49:00Z</time>
      </trkpt>
      <trkpt lat="63.75059" lon="13.76398">
        <time>2026-02-01T13:59:00Z</time>
      </trkpt>
      <trkpt lat="63.75217" lon="13.77207">
        <time>2026-02-01T14:09:00Z</time>
      </trkpt>
      <trkpt lat="63.75426" lon="13.77475">
        <time>2026-02-01T14:19:00Z</time>
      </trkpt>
      <trkpt lat="63.75814" lon="13.77825">
        <time>2026-02-01T14:29:00Z</time>
      </trkpt>
      <trkpt lat="63.76189" lon="13.78573">
        <time>2026-02-01T14:39:00Z</time>
      </trkpt>
      <trkpt lat="63.76228" lon="13.79402">
        <time>2026-02-01T14:49:00Z</time>
      </trkpt>
      <trkpt lat="63.7656" lon="13.79889">
        <time>2026-02-01T14:59:00Z</time>
      </trkpt>
      <trkpt lat="63.76705" lon="13.80494">
        <time>2026-02-01T15:09:00Z</time>
      </trkpt>
      <trkpt lat="63.77001" lon="13.81331">
        <time>2026-02-01T15:19:00Z</time>
      </trkpt>
      <trkpt lat="63.77295" lon="13.82007">
        <time>2026-02-01T15:29:00Z</time>
      </trkpt>
      <trkpt lat="63.77557" lon="13.82826">
        <time>2026-02-01T15:39:00Z</time>
      </trkpt>
      <trkpt lat="63.77986" lon="13.82713">
        <time>2026-02-01T15:49:00Z</time>
      </trkpt>
      <trkpt lat="63.78071" lon="13.82099">
        <time>2026-02-01T15:57:00Z</time>
      </trkpt>
      <trkpt lat="63.78068" lon="13.8209">
        <time>2026-02-02T09:23:00Z</time>
      </trkpt>
      <trkpt lat="63.78197" lon="13.82547">
        <time>2026-02-02T09:33:00Z</time>
      </trkpt>
      <trkpt lat="63.78536" lon="13.8312">
        <time>2026-02-02T09:43:00Z</time>
      </trkpt>
      <trkpt lat="63.78958" lon="13.83788">
        <time>2026-02-02T09:53:00Z</time>
      </trkpt>
      <trkpt lat="63.79529" lon="13.83599">
        <time>2026-02-02T10:03:00Z</time>
      </trkpt>
      <trkpt lat="63.80026" lon="13.83537">
        <time>2026-02-02T10:13:00Z</time>
      </trkpt>
      <trkpt lat="63.80568" lon="13.83519">
        <time>2026-02-02T10:23:00Z</time>
      </trkpt>
      <trkpt lat="63.81127" lon="13.82966">
        <time>2026-02-02T10:33:00Z</time>
      </trkpt>
      <trkpt lat="63.81791" lon="13.83041">
        <time>2026-02-02T10:43:00Z</time>
      </trkpt>
      <trkpt lat="63.82113" lon="13.83337">
        <time>2026-02-02T10:53:00Z</time>
      </trkpt>
      <trkpt lat="63.82352" lon="13.84472">
        <time>2026-02-02T11:03:00Z</time>
      </trkpt>
      <trkpt lat="63.82518" lon="13.85382">
        <time>2026-02-02T11:13:00Z</time>
      </trkpt>
      <trkpt lat="63.82809" lon="13.86549">
        <time>2026-02-02T11:23:00Z</time>
      </trkpt>
      <trkpt lat="63.83159" lon="13.86972">
        <time>2026-02-02T11:33:00Z</time>
      </trkpt>
      <trkpt lat="63.83721" lon="13.87526">
        <time>2026-02-02T11:43:00Z</time>
      </trkpt>
      <trkpt lat="63.84048" lon="13.87665">
        <time>2026-02-02T11:53:00Z</time>
      </trkpt>
      <trkpt lat="63.84673" lon="13.87775">
        <time>2026-02-02T12:03:00Z</time>
      </trkpt>
      <trkpt lat="63.85175" lon="13.87766">
        <time>2026-02-02T12:13:00Z</time>
      </trkpt>
      <trkpt lat="63.85793" lon="13.87461">
        <time>2026-02-02T12:23:00Z</time>
      </trkpt>
      <trkpt lat="63.86224" lon="13.87792">
        <time>2026-02-02T12:33:00Z</time>
      </trkpt>
      <trkpt lat="63.8667" lon="13.87236">
        <time>2026-02-02T12:43:00Z</time>
      </trkpt>
      <trkpt lat="63.86826" lon="13.86985">
        <time>2026-02-02T12:53:00Z</time>
      </trkpt>
      <trkpt lat="63.87364" lon="13.86867">
        <time>2026-02-02T13:03:00Z</time>
      </trkpt>
      <trkpt lat="63.87855" lon="13.86373">
        <time>2026-02-02T13:13:00Z</time>
      </trkpt>
      <trkpt lat="63.88272" lon="13.85809">
        <time>2026-02-02T13:23:00Z</time>
      </trkpt>
      <trkpt lat="63.88733" lon="13.85554">
        <time>2026-02-02T13:33:00Z</time>
      </trkpt>
      <trkpt lat="63.89074" lon="13.85891">
        <time>2026-02-02T13:43:00Z</time>
      </trkpt>
      <trkpt lat="63.89401" lon="13.86412">
        <time>2026-02-02T13:53:00Z</time>
      </trkpt>
      <trkpt lat="63.89958" lon="13.8665">
        <time>2026-02-02T14:03:00Z</time>
      </trkpt>
      <trkpt lat="63.9028" lon="13.86472">
        <time>2026-02-02T14:13:00Z</time>
      </trkpt>
      <trkpt lat="63.90613" lon="13.86631">
        <time>2026-02-02T14:23:00Z</time>
      </trkpt>
      <trkpt lat="63.91052" lon="13.86661">
        <time>2026-02-02T14:33:00Z</time>
      </trkpt>
      <trkpt lat="63.91533" lon="13.86792">
        <time>2026-02-02T14:43:00Z</time>
      </trkpt>
      <trkpt lat="63.92056" lon="13.87277">
        <time>2026-02-02T14:53:00Z</time>
      </trkpt>
      <trkpt lat="63.92576" lon="13.87371">
        <time>2026-02-02T15:03:00Z</time>
      </trkpt>
      <trkpt lat="63.9297" lon="13.88412">
        <time>2026-02-02T15:13:00Z</time>
      </trkpt>
      <trkpt lat="63.93272" lon="13.89326">
        <time>2026-02-02T15:23:00Z</time>
      </trkpt>
      <trkpt lat="63.93734" lon="13.89579">
        <time>2026-02-02T15:33:00Z</time>
      </trkpt>
      <trkpt lat="63.94105" lon="13.90124">
        <time>2026-02-02T15:43:00Z</time>
      </trkpt>
      <trkpt lat="63.94423" lon="13.91562">
        <time>2026-02-02T15:53:00Z</time>
      </trkpt>
      <trkpt lat="63.95108" lon="13.92045">
        <time>2026-02-02T16:03:00Z</time>
      </trkpt>
      <trkpt lat="63.9566" lon="13.93225">
        <time>2026-02-02T16:13:00Z</time>
      </trkpt>
      <trkpt lat="63.95777" lon="13.94718">
        <time>2026-02-02T16:23:00Z</time>
      </trkpt>
      <trkpt lat="63.96152" lon="13.94993">
        <time>2026-02-02T16:33:00Z</time>
      </trkpt>
      <trkpt lat="63.9616" lon="13.94982">
        <time>2026-02-02T16:35:00Z</time>
      </trkpt>
      <trkpt lat="63.96165" lon="13.9498">
        <time>2026-02-03T09:15:00Z</time>
      </trkpt>
      <trkpt lat="63.96381" lon="13.94982">
        <time>2026-02-03T09:25:00Z</time>
      </trkpt>
      <trkpt lat="63.96961" lon="13.95038">
        <time>2026-02-03T09:35:00Z</time>
      </trkpt>
      <trkpt lat="63.97431" lon="13.95682">
        <time>2026-02-03T09:45:00Z</time>
      </trkpt>
      <trkpt lat="63.97618" lon="13.96673">
        <time>2026-02-03T09:55:00Z</time>
      </trkpt>
      <trkpt lat="63.97939" lon="13.97418">
        <time>2026-02-03T10:05:00Z</time>
      </trkpt>
      <trkpt lat="63.98278" lon="13.98048">
        <time>2026-02-03T10:15:00Z</time>
      </trkpt>
      <trkpt lat="63.98743" lon="13.98529">
        <time>2026-02-03T10:25:00Z</time>
      </trkpt>
      <trkpt lat="63.9909" lon="13.98941">
        <time>2026-02-03T10:35:00Z</time>
      </trkpt>
      <trkpt lat="63.99582" lon="13.9937">
        <time>2026-02-03T10:45:00Z</time>
      </trkpt>
      <trkpt lat="63.99971" lon="13.99696">
        <time>2026-02-03T10:55:00Z</time>
      </trkpt>
      <trkpt lat="64.00061" lon="14.00527">
        <time>2026-02-03T11:05:00Z</time>
      </trkpt>
      <trkpt lat="64.00586" lon="14.01033">
        <time>2026-02-03T11:15:00Z</time>
      </trkpt>
      <trkpt lat="64.0061" lon="14.01917">
        <time>2026-02-03T11:25:00Z</time>
      </trkpt>
      <trkpt lat="64.01033" lon="14.01789">
        <time>2026-02-03T11:35:00Z</time>
      </trkpt>
      <trkpt lat="64.01611" lon="14.00829">
        <time>2026-02-03T11:45:00Z</time>
      </trkpt>
      <trkpt lat="64.01733" lon="14.01428">
        <time>2026-02-03T11:55:00Z</time>
      </trkpt>
      <trkpt lat="64.0183" lon="14.01977">
        <time>2026-02-03T12:05:00Z</time>
      </trkpt>
      <trkpt lat="64.02106" lon="14.0293">
        <time>2026-02-03T12:15:00Z</time>
      </trkpt>
      <trkpt lat="64.02295" lon="14.03788">
        <time>2026-02-03T12:25:00Z</time>
      </trkpt>
      <trkpt lat="64.02603" lon="14.04054">
        <time>2026-02-03T12:35:00Z</time>
      </trkpt>
      <trkpt lat="64.02514" lon="14.04928">
        <time>2026-02-03T12:45:00Z</time>
      </trkpt>
      <trkpt lat="64.0252" lon="14.06413">
        <time>2026-02-03T12:55:00Z</time>
      </trkpt>
      <trkpt lat="64.02766" lon="14.07428">
        <time>2026-02-03T13:05:00Z</time>
      </trkpt>
      <trkpt lat="64.02966" lon="14.08376">
        <time>2026-02-03T13:15:00Z</time>
      </trkpt>
      <trkpt lat="64.03486" lon="14.08906">
        <time>2026-02-03T13:25:00Z</time>
      </trkpt>
      <trkpt lat="64.04122" lon="14.09181">
        <time>2026-02-03T13:35:00Z</time>
      </trkpt>
      <trkpt lat="64.04673" lon="14.10348">
        <time>2026-02-03T13:45:00Z</time>
      </trkpt>
      <trkpt lat="64.05007" lon="14.09638">
        <time>2026-02-03T13:55:00Z</time>
      </trkpt>
      <trkpt lat="64.05217" lon="14.0893">
        <time>2026-02-03T14:05:00Z</time>
      </trkpt>
      <trkpt lat="64.05689" lon="14.09067">
        <time>2026-02-03T14:15:00Z</time>
      </trkpt>
      <trkpt lat="64.06343" lon="14.08773">
        <time>2026-02-03T14:25:00Z</time>
      </trkpt>
      <trkpt lat="64.06699" lon="14.09977">
        <time>2026-02-03T14:35:00Z</time>
      </trkpt>
      <trkpt lat="64.06904" lon="14.10891">
        <time>2026-02-03T14:45:00Z</time>
      </trkpt>
      <trkpt lat="64.07036" lon="14.11187">
        <time>2026-02-03T14:55:00Z</time>
      </trkpt>
      <trkpt lat="64.07036" lon="14.11187">
        <time>2026-02-03T15:00:00Z</time>
      </trkpt>
      <trkpt lat="64.07024" lon="14.11206">
        <time>2026-02-04T09:23:00Z</time>
      </trkpt>
      <trkpt lat="64.07137" lon="14.11477">
        <time>2026-02-04T09:33:00Z</time>
      </trkpt>
      <trkpt lat="64.07247" lon="14.12086">
        <time>2026-02-04T09:43:00Z</time>
      </trkpt>
      <trkpt lat="64.07155" lon="14.13395">
        <time>2026-02-04T09:53:00Z</time>
      </trkpt>
      <trkpt lat="64.07331" lon="14.13828">
        <time>2026-02-04T10:03:00Z</time>
      </trkpt>
      <trkpt lat="64.07731" lon="14.13934">
        <time>2026-02-04T10:13:00Z</time>
      </trkpt>
      <trkpt lat="64.08211" lon="14.13728">
        <time>2026-02-04T10:23:00Z</time>
      </trkpt>
      <trkpt lat="64.08701" lon="14.14079">
        <time>2026-02-04T10:33:00Z</time>
      </trkpt>
      <trkpt lat="64.0873" lon="14.1474">
        <time>2026-02-04T10:43:00Z</time>
      </trkpt>
      <trkpt lat="64.0845" lon="14.15622">
        <time>2026-02-04T10:53:00Z</time>
      </trkpt>
      <trkpt lat="64.08292" lon="14.16318">
        <time>2026-02-04T11:03:00Z</time>
      </trkpt>
      <trkpt lat="64.08343" lon="14.17178">
        <time>2026-02-04T11:13:00Z</time>
      </trkpt>
      <trkpt lat="64.08539" lon="14.18227">
        <time>2026-02-04T11:23:00Z</time>
      </trkpt>
      <trkpt lat="64.08726" lon="14.19083">
        <time>2026-02-04T11:33:00Z</time>
      </trkpt>
      <trkpt lat="64.08997" lon="14.20064">
        <time>2026-02-04T11:43:00Z</time>
      </trkpt>
      <trkpt lat="64.09052" lon="14.20538">
        <time>2026-02-04T11:53:00Z</time>
      </trkpt>
      <trkpt lat="64.08967" lon="14.21682">
        <time>2026-02-04T12:03:00Z</time>
      </trkpt>
      <trkpt lat="64.08881" lon="14.22665">
        <time>2026-02-04T12:13:00Z</time>
      </trkpt>
      <trkpt lat="64.08727" lon="14.23849">
        <time>2026-02-04T12:23:00Z</time>
      </trkpt>
      <trkpt lat="64.08744" lon="14.24695">
        <time>2026-02-04T12:33:00Z</time>
      </trkpt>
      <trkpt lat="64.08769" lon="14.26169">
        <time>2026-02-04T12:43:00Z</time>
      </trkpt>
      <trkpt lat="64.08765" lon="14.27632">
        <time>2026-02-04T12:53:00Z</time>
      </trkpt>
      <trkpt lat="64.08897" lon="14.28602">
        <time>2026-02-04T13:03:00Z</time>
      </trkpt>
      <trkpt lat="64.09029" lon="14.29529">
        <time>2026-02-04T13:13:00Z</time>
      </trkpt>
      <trkpt lat="64.08988" lon="14.30424">
        <time>2026-02-04T13:23:00Z</time>
      </trkpt>
      <trkpt lat="64.09276" lon="14.31984">
        <time>2026-02-04T13:33:00Z</time>
      </trkpt>
      <trkpt lat="64.09581" lon="14.32505">
        <time>2026-02-04T13:43:00Z</time>
      </trkpt>
      <trkpt lat="64.09673" lon="14.33344">
        <time>2026-02-04T13:53:00Z</time>
      </trkpt>
      <trkpt lat="64.09696" lon="14.34198">
        <time>2026-02-04T14:03:00Z</time>
      </trkpt>
      <trkpt lat="64.10036" lon="14.34305">
        <time>2026-02-04T14:13:00Z</time>
      </trkpt>
      <trkpt lat="64.10353" lon="14.34655">
        <time>2026-02-04T14:23:00Z</time>
      </trkpt>
      <trkpt lat="64.10344" lon="14.3455">
        <time>2026-02-04T14:33:00Z</time>
      </trkpt>
      <trkpt lat="64.10584" lon="14.34647">
        <time>2026-02-04T14:43:00Z</time>
      </trkpt>
      <trkpt lat="64.10871" lon="14.34481">
        <time>2026-02-04T14:53:00Z</time>
      </trkpt>
      <trkpt lat="64.11238" lon="14.34179">
        <time>2026-02-04T15:03:00Z</time>
      </trkpt>
      <trkpt lat="64.11455" lon="14.33919">
        <time>2026-02-04T15:13:00Z</time>
      </trkpt>
      <trkpt lat="64.11759" lon="14.33977">
        <time>2026-02-04T15:23:00Z</time>
      </trkpt>
      <trkpt lat="64.12105" lon="14.33988">
        <time>2026-02-04T15:33:00Z</time>
      </trkpt>
      <trkpt lat="64.12372" lon="14.33906">
        <time>2026-02-04T15:43:00Z</time>
      </trkpt>
      <trkpt lat="64.12718" lon="14.33282">
        <time>2026-02-04T15:53:00Z</time>
      </trkpt>
      <trkpt lat="64.12907" lon="14.32823">
        <time>2026-02-04T16:03:00Z</time>
      </trkpt>
      <trkpt lat="64.12953" lon="14.32818">
        <time>2026-02-04T16:13:00Z</time>
      </trkpt>
      <trkpt lat="64.13151" lon="14.32782">
        <time>2026-02-04T16:23:00Z</time>
      </trkpt>
      <trkpt lat="64.13439" lon="14.32587">
        <time>2026-02-04T16:33:00Z</time>
      </trkpt>
      <trkpt lat="64.1377" lon="14.32786">
        <time>2026-02-04T16:43:00Z</time>
      </trkpt>
      <trkpt lat="64.14093" lon="14.32761">
        <time>2026-02-04T16:53:00Z</time>
      </trkpt>
      <trkpt lat="64.14454" lon="14.32295">
        <time>2026-02-04T17:03:00Z</time>
      </trkpt>
      <trkpt lat="64.14456" lon="14.3231">
        <time>2026-02-04T17:05:00Z</time>
      </trkpt>
      <trkpt lat="64.14457" lon="14.32314">
        <time>2026-02-05T09:08:00Z</time>
      </trkpt>
      <trkpt lat="64.14572" lon="14.32128">
        <time>2026-02-05T09:18:00Z</time>
      </trkpt>
      <trkpt lat="64.14977" lon="14.31458">
        <time>2026-02-05T09:28:00Z</time>
      </trkpt>
      <trkpt lat="64.15224" lon="14.30776">
        <time>2026-02-05T09:38:00Z</time>
      </trkpt>
      <trkpt lat="64.15646" lon="14.30263">
        <time>2026-02-05T09:48:00Z</time>
      </trkpt>
      <trkpt lat="64.16" lon="14.29615">
        <time>2026-02-05T09:58:00Z</time>
      </trkpt>
      <trkpt lat="64.16296" lon="14.29066">
        <time>2026-02-05T10:08:00Z</time>
      </trkpt>
      <trkpt lat="64.16588" lon="14.28593">
        <time>2026-02-05T10:18:00Z</time>
      </trkpt>
      <trkpt lat="64.17036" lon="14.28372">
        <time>2026-02-05T10:28:00Z</time>
      </trkpt>
      <trkpt lat="64.17368" lon="14.28724">
        <time>2026-02-05T10:38:00Z</time>
      </trkpt>
      <trkpt lat="64.17449" lon="14.29548">
        <time>2026-02-05T10:48:00Z</time>
      </trkpt>
      <trkpt lat="64.17596" lon="14.3055">
        <time>2026-02-05T10:58:00Z</time>
      </trkpt>
      <trkpt lat="64.17877" lon="14.31574">
        <time>2026-02-05T11:08:00Z</time>
      </trkpt>
      <trkpt lat="64.18313" lon="14.32338">
        <time>2026-02-05T11:18:00Z</time>
      </trkpt>
      <trkpt lat="64.18748" lon="14.32387">
        <time>2026-02-05T11:28:00Z</time>
      </trkpt>
      <trkpt lat="64.19095" lon="14.31973">
        <time>2026-02-05T11:38:00Z</time>
      </trkpt>
      <trkpt lat="64.19742" lon="14.31263">
        <time>2026-02-05T11:48:00Z</time>
      </trkpt>
      <trkpt lat="64.20248" lon="14.30898">
        <time>2026-02-05T11:58:00Z</time>
      </trkpt>
      <trkpt lat="64.2067" lon="14.30415">
        <time>2026-02-05T12:08:00Z</time>
      </trkpt>
      <trkpt lat="64.21078" lon="14.30724">
        <time>2026-02-05T12:18:00Z</time>
      </trkpt>
      <trkpt lat="64.21595" lon="14.31001">
        <time>2026-02-05T12:28:00Z</time>
      </trkpt>
      <trkpt lat="64.2189" lon="14.31464">
        <time>2026-02-05T12:38:00Z</time>
      </trkpt>
      <trkpt lat="64.22306" lon="14.32134">
        <time>2026-02-05T12:48:00Z</time>
      </trkpt>
      <trkpt lat="64.22695" lon="14.32853">
        <time>2026-02-05T12:58:00Z</time>
      </trkpt>
      <trkpt lat="64.23098" lon="14.33454">
        <time>2026-02-05T13:08:00Z</time>
      </trkpt>
      <trkpt lat="64.23446" lon="14.33902">
        <time>2026-02-05T13:18:00Z</time>
      </trkpt>
      <trkpt lat="64.23716" lon="14.3423">
        <time>2026-02-05T13:28:00Z</time>
      </trkpt>
      <trkpt lat="64.24156" lon="14.34138">
        <time>2026-02-05T13:38:00Z</time>
      </trkpt>
      <trkpt lat="64.24545" lon="14.34484">
        <time>2026-02-05T13:48:00Z</time>
      </trkpt>
      <trkpt lat="64.24791" lon="14.35041">
        <time>2026-02-05T13:58:00Z</time>
      </trkpt>
      <trkpt lat="64.25008" lon="14.35595">
        <time>2026-02-05T14:08:00Z</time>
      </trkpt>
      <trkpt lat="64.25128" lon="14.36014">
        <time>2026-02-05T14:18:00Z</time>
      </trkpt>
      <trkpt lat="64.25394" lon="14.36743">
        <time>2026-02-05T14:28:00Z</time>
      </trkpt>
      <trkpt lat="64.25563" lon="14.37595">
        <time>2026-02-05T14:38:00Z</time>
      </trkpt>
      <trkpt lat="64.25638" lon="14.38653">
        <time>2026-02-05T14:48:00Z</time>
      </trkpt>
      <trkpt lat="64.25625" lon="14.39363">
        <time>2026-02-05T14:58:00Z</time>
      </trkpt>
      <trkpt lat="64.25446" lon="14.40215">
        <time>2026-02-05T15:08:00Z</time>
      </trkpt>
      <trkpt lat="64.25379" lon="14.40925">
        <time>2026-02-05T15:18:00Z</time>
      </trkpt>
      <trkpt lat="64.25604" lon="14.40998">
        <time>2026-02-05T15:28:00Z</time>
      </trkpt>
      <trkpt lat="64.26011" lon="14.41348">
        <time>2026-02-05T15:38:00Z</time>
      </trkpt>
      <trkpt lat="64.26307" lon="14.40659">
        <time>2026-02-05T15:48:00Z</time>
      </trkpt>
      <trkpt lat="64.26817" lon="14.40279">
        <time>2026-02-05T15:58:00Z</time>
      </trkpt>
      <trkpt lat="64.27002" lon="14.41389">
        <time>2026-02-05T16:08:00Z</time>
      </trkpt>
      <trkpt lat="64.27032" lon="14.41734">
        <time>2026-02-05T16:18:00Z</time>
      </trkpt>
      <trkpt lat="64.27111" lon="14.42689">
        <time>2026-02-05T16:28:00Z</time>
      </trkpt>
      <trkpt lat="64.27278" lon="14.43032">
        <time>2026-02-05T16:38:00Z</time>
      </trkpt>
      <trkpt lat="64.27324" lon="14.43665">
        <time>2026-02-05T16:48:00Z</time>
      </trkpt>
      <trkpt lat="64.27588" lon="14.43202">
        <time>2026-02-05T16:58:00Z</time>
      </trkpt>
      <trkpt lat="64.27848" lon="14.42676">
        <time>2026-02-05T17:08:00Z</time>
      </trkpt>
      <trkpt lat="64.28264" lon="14.42288">
        <time>2026-02-05T17:18:00Z</time>
      </trkpt>
      <trkpt lat="64.28677" lon="14.41644">
        <time>2026-02-05T17:28:00Z</time>
      </trkpt>
      <trkpt lat="64.29015" lon="14.41193">
        <time>2026-02-05T17:38:00Z</time>
      </trkpt>
      <trkpt lat="64.29368" lon="14.40672">
        <time>2026-02-05T17:48:00Z</time>
      </trkpt>
      <trkpt lat="64.2935" lon="14.40698">
        <time>2026-02-05T17:58:00Z</time>
      </trkpt>
      <trkpt lat="64.29352" lon="14.40698">
        <time>2026-02-05T18:02:00Z</time>
      </trkpt>
      <trkpt lat="64.29361" lon="14.40683">
        <time>2026-02-06T08:23:00Z</time>
      </trkpt>
      <trkpt lat="64.2966" lon="14.40314">
        <time>2026-02-06T08:33:00Z</time>
      </trkpt>
      <trkpt lat="64.29758" lon="14.39848">
        <time>2026-02-06T08:43:00Z</time>
      </trkpt>
      <trkpt lat="64.29825" lon="14.39672">
        <time>2026-02-06T08:53:00Z</time>
      </trkpt>
      <trkpt lat="64.29908" lon="14.39616">
        <time>2026-02-06T09:03:00Z</time>
      </trkpt>
      <trkpt lat="64.30038" lon="14.39445">
        <time>2026-02-06T09:23:00Z</time>
      </trkpt>
      <trkpt lat="64.30243" lon="14.392">
        <time>2026-02-06T09:33:00Z</time>
      </trkpt>
      <trkpt lat="64.30447" lon="14.38749">
        <time>2026-02-06T09:43:00Z</time>
      </trkpt>
      <trkpt lat="64.3061" lon="14.38586">
        <time>2026-02-06T09:53:00Z</time>
      </trkpt>
      <trkpt lat="64.31068" lon="14.3858">
        <time>2026-02-06T10:03:00Z</time>
      </trkpt>
      <trkpt lat="64.31456" lon="14.38638">
        <time>2026-02-06T10:13:00Z</time>
      </trkpt>
      <trkpt lat="64.31689" lon="14.38859">
        <time>2026-02-06T10:23:00Z</time>
      </trkpt>
      <trkpt lat="64.32136" lon="14.39374">
        <time>2026-02-06T10:33:00Z</time>
      </trkpt>
      <trkpt lat="64.32419" lon="14.39764">
        <time>2026-02-06T10:43:00Z</time>
      </trkpt>
      <trkpt lat="64.32839" lon="14.40636">
        <time>2026-02-06T10:53:00Z</time>
      </trkpt>
      <trkpt lat="64.3321" lon="14.41196">
        <time>2026-02-06T11:03:00Z</time>
      </trkpt>
      <trkpt lat="64.33652" lon="14.40863">
        <time>2026-02-06T11:13:00Z</time>
      </trkpt>
      <trkpt lat="64.34166" lon="14.40322">
        <time>2026-02-06T11:23:00Z</time>
      </trkpt>
      <trkpt lat="64.34509" lon="14.39779">
        <time>2026-02-06T11:33:00Z</time>
      </trkpt>
      <trkpt lat="64.35046" lon="14.40337">
        <time>2026-02-06T11:43:00Z</time>
      </trkpt>
      <trkpt lat="64.3535" lon="14.40681">
        <time>2026-02-06T11:53:00Z</time>
      </trkpt>
      <trkpt lat="64.35964" lon="14.40131">
        <time>2026-02-06T12:03:00Z</time>
      </trkpt>
      <trkpt lat="64.36597" lon="14.39483">
        <time>2026-02-06T12:13:00Z</time>
      </trkpt>
      <trkpt lat="64.37043" lon="14.38726">
        <time>2026-02-06T12:23:00Z</time>
      </trkpt>
      <trkpt lat="64.37481" lon="14.38035">
        <time>2026-02-06T12:33:00Z</time>
      </trkpt>
      <trkpt lat="64.37353" lon="14.3691">
        <time>2026-02-06T12:43:00Z</time>
      </trkpt>
      <trkpt lat="64.37676" lon="14.3564">
        <time>2026-02-06T12:53:00Z</time>
      </trkpt>
      <trkpt lat="64.37856" lon="14.34329">
        <time>2026-02-06T13:03:00Z</time>
      </trkpt>
      <trkpt lat="64.38266" lon="14.33158">
        <time>2026-02-06T13:13:00Z</time>
      </trkpt>
      <trkpt lat="64.38744" lon="14.32065">
        <time>2026-02-06T13:23:00Z</time>
      </trkpt>
      <trkpt lat="64.391" lon="14.31994">
        <time>2026-02-06T13:33:00Z</time>
      </trkpt>
      <trkpt lat="64.39286" lon="14.31469">
        <time>2026-02-06T13:43:00Z</time>
      </trkpt>
      <trkpt lat="64.39414" lon="14.30057">
        <time>2026-02-06T13:53:00Z</time>
      </trkpt>
      <trkpt lat="64.39961" lon="14.29196">
        <time>2026-02-06T14:03:00Z</time>
      </trkpt>
      <trkpt lat="64.40243" lon="14.28639">
        <time>2026-02-06T14:13:00Z</time>
      </trkpt>
      <trkpt lat="64.40749" lon="14.27666">
        <time>2026-02-06T14:23:00Z</time>
      </trkpt>
      <trkpt lat="64.4102" lon="14.26639">
        <time>2026-02-06T14:33:00Z</time>
      </trkpt>
      <trkpt lat="64.4138" lon="14.25308">
        <time>2026-02-06T14:43:00Z</time>
      </trkpt>
      <trkpt lat="64.41651" lon="14.24491">
        <time>2026-02-06T14:53:00Z</time>
      </trkpt>
      <trkpt lat="64.42209" lon="14.23472">
        <time>2026-02-06T15:03:00Z</time>
      </trkpt>
      <trkpt lat="64.42591" lon="14.22304">
        <time>2026-02-06T15:13:00Z</time>
      </trkpt>
      <trkpt lat="64.42978" lon="14.21133">
        <time>2026-02-06T15:23:00Z</time>
      </trkpt>
      <trkpt lat="64.43347" lon="14.20036">
        <time>2026-02-06T15:33:00Z</time>
      </trkpt>
      <trkpt lat="64.43682" lon="14.18755">
        <time>2026-02-06T15:43:00Z</time>
      </trkpt>
      <trkpt lat="64.44143" lon="14.17687">
        <time>2026-02-06T15:53:00Z</time>
      </trkpt>
      <trkpt lat="64.44181" lon="14.17624">
        <time>2026-02-06T16:03:00Z</time>
      </trkpt>
      <trkpt lat="64.44458" lon="14.17028">
        <time>2026-02-06T16:13:00Z</time>
      </trkpt>
      <trkpt lat="64.44757" lon="14.15781">
        <time>2026-02-06T16:23:00Z</time>
      </trkpt>
      <trkpt lat="64.45348" lon="14.16163">
        <time>2026-02-06T16:33:00Z</time>
      </trkpt>
      <trkpt lat="64.45892" lon="14.16221">
        <time>2026-02-06T16:43:00Z</time>
      </trkpt>
      <trkpt lat="64.46316" lon="14.15921">
        <time>2026-02-06T16:53:00Z</time>
      </trkpt>
      <trkpt lat="64.46811" lon="14.1509">
        <time>2026-02-06T17:03:00Z</time>
      </trkpt>
      <trkpt lat="64.47241" lon="14.14423">
        <time>2026-02-06T17:13:00Z</time>
      </trkpt>
      <trkpt lat="64.47736" lon="14.13331">
        <time>2026-02-06T17:23:00Z</time>
      </trkpt>
      <trkpt lat="64.48096" lon="14.12614">
        <time>2026-02-06T17:33:00Z</time>
      </trkpt>
      <trkpt lat="64.48341" lon="14.13208">
        <time>2026-02-06T17:43:00Z</time>
      </trkpt>
      <trkpt lat="64.4879" lon="14.13519">
        <time>2026-02-06T17:53:00Z</time>
      </trkpt>
      <trkpt lat="64.49265" lon="14.13846">
        <time>2026-02-06T18:03:00Z</time>
      </trkpt>
      <trkpt lat="64.49794" lon="14.14112">
        <time>2026-02-06T18:13:00Z</time>
      </trkpt>
      <trkpt lat="64.49914" lon="14.14228">
        <time>2026-02-06T18:23:00Z</time>
      </trkpt>
      <trkpt lat="64.49897" lon="14.14236">
        <time>2026-02-06T18:33:00Z</time>
      </trkpt>
      <trkpt lat="64.50049" lon="14.14307">
        <time>2026-02-06T18:53:00Z</time>
      </trkpt>
      <trkpt lat="64.50617" lon="14.14519">
        <time>2026-02-06T19:03:00Z</time>
      </trkpt>
      <trkpt lat="64.50609" lon="14.14695">
        <time>2026-02-06T19:13:00Z</time>
      </trkpt>
      <trkpt lat="64.50611" lon="14.14689">
        <time>2026-02-06T19:20:00Z</time>
      </trkpt>
      <trkpt lat="64.50609" lon="14.14685">
        <time>2026-02-08T09:28:00Z</time>
      </trkpt>
      <trkpt lat="64.50611" lon="14.14689">
        <time>2026-02-08T09:38:00Z</time>
      </trkpt>
      <trkpt lat="64.50276" lon="14.15161">
        <time>2026-02-08T09:48:00Z</time>
      </trkpt>
      <trkpt lat="64.50615" lon="14.1524">
        <time>2026-02-08T09:58:00Z</time>
      </trkpt>
      <trkpt lat="64.50777" lon="14.15466">
        <time>2026-02-08T10:08:00Z</time>
      </trkpt>
      <trkpt lat="64.50643" lon="14.16099">
        <time>2026-02-08T10:18:00Z</time>
      </trkpt>
      <trkpt lat="64.50491" lon="14.16841">
        <time>2026-02-08T10:28:00Z</time>
      </trkpt>
      <trkpt lat="64.50403" lon="14.17974">
        <time>2026-02-08T10:38:00Z</time>
      </trkpt>
      <trkpt lat="64.50298" lon="14.18983">
        <time>2026-02-08T10:48:00Z</time>
      </trkpt>
      <trkpt lat="64.50208" lon="14.20008">
        <time>2026-02-08T10:58:00Z</time>
      </trkpt>
      <trkpt lat="64.50182" lon="14.20821">
        <time>2026-02-08T11:08:00Z</time>
      </trkpt>
      <trkpt lat="64.50193" lon="14.21304">
        <time>2026-02-08T11:18:00Z</time>
      </trkpt>
      <trkpt lat="64.50334" lon="14.21993">
        <time>2026-02-08T11:28:00Z</time>
      </trkpt>
      <trkpt lat="64.50455" lon="14.22896">
        <time>2026-02-08T11:38:00Z</time>
      </trkpt>
      <trkpt lat="64.50463" lon="14.23986">
        <time>2026-02-08T11:48:00Z</time>
      </trkpt>
      <trkpt lat="64.50651" lon="14.24673">
        <time>2026-02-08T11:58:00Z</time>
      </trkpt>
      <trkpt lat="64.50877" lon="14.25325">
        <time>2026-02-08T12:08:00Z</time>
      </trkpt>
      <trkpt lat="64.51381" lon="14.25774">
        <time>2026-02-08T12:18:00Z</time>
      </trkpt>
      <trkpt lat="64.51605" lon="14.26343">
        <time>2026-02-08T12:28:00Z</time>
      </trkpt>
      <trkpt lat="64.51882" lon="14.27222">
        <time>2026-02-08T12:38:00Z</time>
      </trkpt>
      <trkpt lat="64.52138" lon="14.27497">
        <time>2026-02-08T12:48:00Z</time>
      </trkpt>
      <trkpt lat="64.52366" lon="14.27709">
        <time>2026-02-08T12:58:00Z</time>
      </trkpt>
      <trkpt lat="64.52427" lon="14.28029">
        <time>2026-02-08T13:08:00Z</time>
      </trkpt>
      <trkpt lat="64.52595" lon="14.28036">
        <time>2026-02-08T13:18:00Z</time>
      </trkpt>
      <trkpt lat="64.53402" lon="14.28995">
        <time>2026-02-08T13:28:00Z</time>
      </trkpt>
      <trkpt lat="64.53773" lon="14.29379">
        <time>2026-02-08T13:38:00Z</time>
      </trkpt>
      <trkpt lat="64.54246" lon="14.29922">
        <time>2026-02-08T13:48:00Z</time>
      </trkpt>
      <trkpt lat="64.54669" lon="14.30325">
        <time>2026-02-08T13:58:00Z</time>
      </trkpt>
      <trkpt lat="64.54921" lon="14.30559">
        <time>2026-02-08T14:08:00Z</time>
      </trkpt>
      <trkpt lat="64.5509" lon="14.30913">
        <time>2026-02-08T14:18:00Z</time>
      </trkpt>
      <trkpt lat="64.5536" lon="14.31443">
        <time>2026-02-08T14:28:00Z</time>
      </trkpt>
      <trkpt lat="64.55566" lon="14.31932">
        <time>2026-02-08T14:38:00Z</time>
      </trkpt>
      <trkpt lat="64.55786" lon="14.32213">
        <time>2026-02-08T14:48:00Z</time>
      </trkpt>
      <trkpt lat="64.56199" lon="14.31722">
        <time>2026-02-08T14:58:00Z</time>
      </trkpt>
      <trkpt lat="64.56577" lon="14.31211">
        <time>2026-02-08T15:08:00Z</time>
      </trkpt>
      <trkpt lat="64.56998" lon="14.30896">
        <time>2026-02-08T15:18:00Z</time>
      </trkpt>
      <trkpt lat="64.57431" lon="14.30261">
        <time>2026-02-08T15:28:00Z</time>
      </trkpt>
      <trkpt lat="64.58059" lon="14.28799">
        <time>2026-02-08T15:38:00Z</time>
      </trkpt>
      <trkpt lat="64.58113" lon="14.27553">
        <time>2026-02-08T15:48:00Z</time>
      </trkpt>
      <trkpt lat="64.58321" lon="14.27042">
        <time>2026-02-08T15:58:00Z</time>
      </trkpt>
      <trkpt lat="64.58698" lon="14.26576">
        <time>2026-02-08T16:08:00Z</time>
      </trkpt>
      <trkpt lat="64.5907" lon="14.26117">
        <time>2026-02-08T16:18:00Z</time>
      </trkpt>
      <trkpt lat="64.59361" lon="14.25843">
        <time>2026-02-08T16:28:00Z</time>
      </trkpt>
      <trkpt lat="64.59438" lon="14.26008">
        <time>2026-02-08T16:38:00Z</time>
      </trkpt>
      <trkpt lat="64.59618" lon="14.26175">
        <time>2026-02-08T16:48:00Z</time>
      </trkpt>
      <trkpt lat="64.60198" lon="14.26287">
        <time>2026-02-08T16:58:00Z</time>
      </trkpt>
      <trkpt lat="64.60143" lon="14.26285">
        <time>2026-02-08T17:08:00Z</time>
      </trkpt>
      <trkpt lat="64.59685" lon="14.2613">
        <time>2026-02-08T17:18:00Z</time>
      </trkpt>
      <trkpt lat="64.5923" lon="14.25843">
        <time>2026-02-08T17:28:00Z</time>
      </trkpt>
      <trkpt lat="64.58791" lon="14.26572">
        <time>2026-02-08T17:38:00Z</time>
      </trkpt>
      <trkpt lat="64.58149" lon="14.2704">
        <time>2026-02-08T17:48:00Z</time>
      </trkpt>
      <trkpt lat="64.58188" lon="14.26896">
        <time>2026-02-08T17:58:00Z</time>
      </trkpt>
      <trkpt lat="64.58186" lon="14.26894">
        <time>2026-02-09T09:16:00Z</time>
      </trkpt>
      <trkpt lat="64.58478" lon="14.26231">
        <time>2026-02-09T09:26:00Z</time>
      </trkpt>
      <trkpt lat="64.58845" lon="14.25066">
        <time>2026-02-09T09:36:00Z</time>
      </trkpt>
      <trkpt lat="64.59179" lon="14.23774">
        <time>2026-02-09T09:46:00Z</time>
      </trkpt>
      <trkpt lat="64.59374" lon="14.23182">
        <time>2026-02-09T09:56:00Z</time>
      </trkpt>
      <trkpt lat="64.59776" lon="14.22633">
        <time>2026-02-09T10:06:00Z</time>
      </trkpt>
      <trkpt lat="64.60265" lon="14.22375">
        <time>2026-02-09T10:16:00Z</time>
      </trkpt>
      <trkpt lat="64.60644" lon="14.21596">
        <time>2026-02-09T10:26:00Z</time>
      </trkpt>
      <trkpt lat="64.61032" lon="14.21317">
        <time>2026-02-09T10:36:00Z</time>
      </trkpt>
      <trkpt lat="64.61225" lon="14.20809">
        <time>2026-02-09T10:46:00Z</time>
      </trkpt>
      <trkpt lat="64.61431" lon="14.20581">
        <time>2026-02-09T10:56:00Z</time>
      </trkpt>
      <trkpt lat="64.61813" lon="14.20626">
        <time>2026-02-09T11:06:00Z</time>
      </trkpt>
      <trkpt lat="64.6203" lon="14.20918">
        <time>2026-02-09T11:16:00Z</time>
      </trkpt>
      <trkpt lat="64.62112" lon="14.20963">
        <time>2026-02-09T11:26:00Z</time>
      </trkpt>
      <trkpt lat="64.62428" lon="14.21109">
        <time>2026-02-09T11:36:00Z</time>
      </trkpt>
      <trkpt lat="64.62705" lon="14.20991">
        <time>2026-02-09T11:46:00Z</time>
      </trkpt>
      <trkpt lat="64.62877" lon="14.19957">
        <time>2026-02-09T11:56:00Z</time>
      </trkpt>
      <trkpt lat="64.63034" lon="14.18869">
        <time>2026-02-09T12:06:00Z</time>
      </trkpt>
      <trkpt lat="64.63245" lon="14.18088">
        <time>2026-02-09T12:16:00Z</time>
      </trkpt>
      <trkpt lat="64.63502" lon="14.17832">
        <time>2026-02-09T12:26:00Z</time>
      </trkpt>
      <trkpt lat="64.63825" lon="14.1565">
        <time>2026-02-09T12:36:00Z</time>
      </trkpt>
      <trkpt lat="64.64096" lon="14.13964">
        <time>2026-02-09T12:46:00Z</time>
      </trkpt>
      <trkpt lat="64.64127" lon="14.13897">
        <time>2026-02-09T12:56:00Z</time>
      </trkpt>
      <trkpt lat="64.64467" lon="14.14234">
        <time>2026-02-09T13:06:00Z</time>
      </trkpt>
      <trkpt lat="64.64956" lon="14.13717">
        <time>2026-02-09T13:16:00Z</time>
      </trkpt>
      <trkpt lat="64.6524" lon="14.14062">
        <time>2026-02-09T13:26:00Z</time>
      </trkpt>
      <trkpt lat="64.65647" lon="14.14225">
        <time>2026-02-09T13:36:00Z</time>
      </trkpt>
      <trkpt lat="64.65879" lon="14.14545">
        <time>2026-02-09T13:46:00Z</time>
      </trkpt>
      <trkpt lat="64.66124" lon="14.15015">
        <time>2026-02-09T13:56:00Z</time>
      </trkpt>
      <trkpt lat="64.66278" lon="14.15766">
        <time>2026-02-09T14:06:00Z</time>
      </trkpt>
      <trkpt lat="64.66387" lon="14.16556">
        <time>2026-02-09T14:16:00Z</time>
      </trkpt>
      <trkpt lat="64.66667" lon="14.17146">
        <time>2026-02-09T14:26:00Z</time>
      </trkpt>
      <trkpt lat="64.6701" lon="14.17983">
        <time>2026-02-09T14:36:00Z</time>
      </trkpt>
      <trkpt lat="64.67441" lon="14.19442">
        <time>2026-02-09T14:46:00Z</time>
      </trkpt>
      <trkpt lat="64.67443" lon="14.20448">
        <time>2026-02-09T14:56:00Z</time>
      </trkpt>
      <trkpt lat="64.67852" lon="14.20879">
        <time>2026-02-09T15:06:00Z</time>
      </trkpt>
      <trkpt lat="64.68019" lon="14.20304">
        <time>2026-02-09T15:16:00Z</time>
      </trkpt>
      <trkpt lat="64.68327" lon="14.19377">
        <time>2026-02-09T15:26:00Z</time>
      </trkpt>
      <trkpt lat="64.68648" lon="14.19437">
        <time>2026-02-09T15:36:00Z</time>
      </trkpt>
      <trkpt lat="64.69226" lon="14.19562">
        <time>2026-02-09T15:46:00Z</time>
      </trkpt>
      <trkpt lat="64.69728" lon="14.20158">
        <time>2026-02-09T15:56:00Z</time>
      </trkpt>
      <trkpt lat="64.69837" lon="14.20036">
        <time>2026-02-09T16:06:00Z</time>
      </trkpt>
      <trkpt lat="64.69918" lon="14.19311">
        <time>2026-02-09T16:16:00Z</time>
      </trkpt>
      <trkpt lat="64.69918" lon="14.19311">
        <time>2026-02-09T16:20:00Z</time>
      </trkpt>
      <trkpt lat="64.69918" lon="14.19307">
        <time>2026-02-10T08:50:00Z</time>
      </trkpt>
      <trkpt lat="64.7011" lon="14.19064">
        <time>2026-02-10T09:00:00Z</time>
      </trkpt>
      <trkpt lat="64.70616" lon="14.19358">
        <time>2026-02-10T09:10:00Z</time>
      </trkpt>
      <trkpt lat="64.71013" lon="14.18884">
        <time>2026-02-10T09:20:00Z</time>
      </trkpt>
      <trkpt lat="64.71498" lon="14.18399">
        <time>2026-02-10T09:30:00Z</time>
      </trkpt>
      <trkpt lat="64.71862" lon="14.17766">
        <time>2026-02-10T09:40:00Z</time>
      </trkpt>
      <trkpt lat="64.72242" lon="14.17041">
        <time>2026-02-10T09:50:00Z</time>
      </trkpt>
      <trkpt lat="64.72573" lon="14.16444">
        <time>2026-02-10T10:00:00Z</time>
      </trkpt>
      <trkpt lat="64.7293" lon="14.16382">
        <time>2026-02-10T10:10:00Z</time>
      </trkpt>
      <trkpt lat="64.73283" lon="14.168">
        <time>2026-02-10T10:20:00Z</time>
      </trkpt>
      <trkpt lat="64.73807" lon="14.17197">
        <time>2026-02-10T10:30:00Z</time>
      </trkpt>
      <trkpt lat="64.74341" lon="14.17328">
        <time>2026-02-10T10:40:00Z</time>
      </trkpt>
      <trkpt lat="64.74781" lon="14.17292">
        <time>2026-02-10T10:50:00Z</time>
      </trkpt>
      <trkpt lat="64.75176" lon="14.17504">
        <time>2026-02-10T11:00:00Z</time>
      </trkpt>
      <trkpt lat="64.75455" lon="14.1803">
        <time>2026-02-10T11:10:00Z</time>
      </trkpt>
      <trkpt lat="64.75708" lon="14.18596">
        <time>2026-02-10T11:20:00Z</time>
      </trkpt>
      <trkpt lat="64.75933" lon="14.19418">
        <time>2026-02-10T11:30:00Z</time>
      </trkpt>
      <trkpt lat="64.76237" lon="14.19761">
        <time>2026-02-10T11:40:00Z</time>
      </trkpt>
      <trkpt lat="64.76606" lon="14.19907">
        <time>2026-02-10T11:50:00Z</time>
      </trkpt>
      <trkpt lat="64.76942" lon="14.19987">
        <time>2026-02-10T12:00:00Z</time>
      </trkpt>
      <trkpt lat="64.7748" lon="14.19955">
        <time>2026-02-10T12:10:00Z</time>
      </trkpt>
      <trkpt lat="64.77843" lon="14.19712">
        <time>2026-02-10T12:20:00Z</time>
      </trkpt>
      <trkpt lat="64.78177" lon="14.19401">
        <time>2026-02-10T12:30:00Z</time>
      </trkpt>
      <trkpt lat="64.78555" lon="14.19045">
        <time>2026-02-10T12:40:00Z</time>
      </trkpt>
      <trkpt lat="64.78947" lon="14.18431">
        <time>2026-02-10T12:50:00Z</time>
      </trkpt>
      <trkpt lat="64.79378" lon="14.17963">
        <time>2026-02-10T13:00:00Z</time>
      </trkpt>
      <trkpt lat="64.79849" lon="14.17592">
        <time>2026-02-10T13:10:00Z</time>
      </trkpt>
      <trkpt lat="64.80194" lon="14.18659">
        <time>2026-02-10T13:20:00Z</time>
      </trkpt>
      <trkpt lat="64.805" lon="14.19832">
        <time>2026-02-10T13:30:00Z</time>
      </trkpt>
      <trkpt lat="64.8074" lon="14.208">
        <time>2026-02-10T13:40:00Z</time>
      </trkpt>
      <trkpt lat="64.8097" lon="14.21942">
        <time>2026-02-10T13:50:00Z</time>
      </trkpt>
      <trkpt lat="64.8124" lon="14.22613">
        <time>2026-02-10T14:00:00Z</time>
      </trkpt>
      <trkpt lat="64.81519" lon="14.23298">
        <time>2026-02-10T14:10:00Z</time>
      </trkpt>
      <trkpt lat="64.81846" lon="14.23774">
        <time>2026-02-10T14:20:00Z</time>
      </trkpt>
      <trkpt lat="64.81932" lon="14.24405">
        <time>2026-02-10T14:30:00Z</time>
      </trkpt>
      <trkpt lat="64.82299" lon="14.25029">
        <time>2026-02-10T14:40:00Z</time>
      </trkpt>
      <trkpt lat="64.82509" lon="14.25622">
        <time>2026-02-10T14:50:00Z</time>
      </trkpt>
      <trkpt lat="64.82778" lon="14.25746">
        <time>2026-02-10T15:00:00Z</time>
      </trkpt>
      <trkpt lat="64.828" lon="14.25725">
        <time>2026-02-10T15:05:00Z</time>
      </trkpt>
      <trkpt lat="64.83167" lon="14.25632">
        <time>2026-02-10T15:15:00Z</time>
      </trkpt>
      <trkpt lat="64.83362" lon="14.26351">
        <time>2026-02-10T15:25:00Z</time>
      </trkpt>
      <trkpt lat="64.83579" lon="14.27184">
        <time>2026-02-10T15:35:00Z</time>
      </trkpt>
      <trkpt lat="64.83647" lon="14.27293">
        <time>2026-02-10T15:45:00Z</time>
      </trkpt>
      <trkpt lat="64.83766" lon="14.2754">
        <time>2026-02-10T15:55:00Z</time>
      </trkpt>
      <trkpt lat="64.84134" lon="14.28342">
        <time>2026-02-10T16:05:00Z</time>
      </trkpt>
      <trkpt lat="64.84433" lon="14.29055">
        <time>2026-02-10T16:15:00Z</time>
      </trkpt>
      <trkpt lat="64.84531" lon="14.29516">
        <time>2026-02-10T16:25:00Z</time>
      </trkpt>
      <trkpt lat="64.846" lon="14.29771">
        <time>2026-02-10T16:35:00Z</time>
      </trkpt>
      <trkpt lat="64.846" lon="14.29767">
        <time>2026-02-10T16:36:00Z</time>
      </trkpt>
      <trkpt lat="64.84609" lon="14.29778">
        <time>2026-02-11T08:49:00Z</time>
      </trkpt>
      <trkpt lat="64.84669" lon="14.29956">
        <time>2026-02-11T08:59:00Z</time>
      </trkpt>
      <trkpt lat="64.84889" lon="14.30643">
        <time>2026-02-11T09:09:00Z</time>
      </trkpt>
      <trkpt lat="64.85042" lon="14.31733">
        <time>2026-02-11T09:19:00Z</time>
      </trkpt>
      <trkpt lat="64.85024" lon="14.32439">
        <time>2026-02-11T09:29:00Z</time>
      </trkpt>
      <trkpt lat="64.84924" lon="14.33604">
        <time>2026-02-11T09:39:00Z</time>
      </trkpt>
      <trkpt lat="64.84721" lon="14.34994">
        <time>2026-02-11T09:49:00Z</time>
      </trkpt>
      <trkpt lat="64.84761" lon="14.36144">
        <time>2026-02-11T09:59:00Z</time>
      </trkpt>
      <trkpt lat="64.85064" lon="14.37213">
        <time>2026-02-11T10:09:00Z</time>
      </trkpt>
      <trkpt lat="64.85275" lon="14.37891">
        <time>2026-02-11T10:19:00Z</time>
      </trkpt>
      <trkpt lat="64.85517" lon="14.38887">
        <time>2026-02-11T10:29:00Z</time>
      </trkpt>
      <trkpt lat="64.85531" lon="14.39773">
        <time>2026-02-11T10:39:00Z</time>
      </trkpt>
      <trkpt lat="64.85372" lon="14.41114">
        <time>2026-02-11T10:49:00Z</time>
      </trkpt>
      <trkpt lat="64.85307" lon="14.42024">
        <time>2026-02-11T10:59:00Z</time>
      </trkpt>
      <trkpt lat="64.85419" lon="14.43146">
        <time>2026-02-11T11:09:00Z</time>
      </trkpt>
      <trkpt lat="64.85874" lon="14.43187">
        <time>2026-02-11T11:19:00Z</time>
      </trkpt>
      <trkpt lat="64.85967" lon="14.42642">
        <time>2026-02-11T11:29:00Z</time>
      </trkpt>
      <trkpt lat="64.86093" lon="14.42479">
        <time>2026-02-11T11:39:00Z</time>
      </trkpt>
      <trkpt lat="64.86283" lon="14.42708">
        <time>2026-02-11T11:49:00Z</time>
      </trkpt>
      <trkpt lat="64.86367" lon="14.43337">
        <time>2026-02-11T11:59:00Z</time>
      </trkpt>
      <trkpt lat="64.86537" lon="14.44434">
        <time>2026-02-11T12:09:00Z</time>
      </trkpt>
      <trkpt lat="64.86631" lon="14.45597">
        <time>2026-02-11T12:19:00Z</time>
      </trkpt>
      <trkpt lat="64.86813" lon="14.46605">
        <time>2026-02-11T12:29:00Z</time>
      </trkpt>
      <trkpt lat="64.86949" lon="14.47635">
        <time>2026-02-11T12:39:00Z</time>
      </trkpt>
      <trkpt lat="64.87009" lon="14.48873">
        <time>2026-02-11T12:49:00Z</time>
      </trkpt>
      <trkpt lat="64.87251" lon="14.50064">
        <time>2026-02-11T12:59:00Z</time>
      </trkpt>
      <trkpt lat="64.87495" lon="14.50879">
        <time>2026-02-11T13:09:00Z</time>
      </trkpt>
      <trkpt lat="64.8797" lon="14.51841">
        <time>2026-02-11T13:19:00Z</time>
      </trkpt>
      <trkpt lat="64.88447" lon="14.52843">
        <time>2026-02-11T13:29:00Z</time>
      </trkpt>
      <trkpt lat="64.88747" lon="14.53723">
        <time>2026-02-11T13:39:00Z</time>
      </trkpt>
      <trkpt lat="64.88904" lon="14.55096">
        <time>2026-02-11T13:49:00Z</time>
      </trkpt>
      <trkpt lat="64.89067" lon="14.56669">
        <time>2026-02-11T13:59:00Z</time>
      </trkpt>
      <trkpt lat="64.89228" lon="14.58437">
        <time>2026-02-11T14:09:00Z</time>
      </trkpt>
      <trkpt lat="64.89698" lon="14.58136">
        <time>2026-02-11T14:19:00Z</time>
      </trkpt>
      <trkpt lat="64.90121" lon="14.57712">
        <time>2026-02-11T14:29:00Z</time>
      </trkpt>
      <trkpt lat="64.906" lon="14.56804">
        <time>2026-02-11T14:39:00Z</time>
      </trkpt>
      <trkpt lat="64.91029" lon="14.55834">
        <time>2026-02-11T14:49:00Z</time>
      </trkpt>
      <trkpt lat="64.91472" lon="14.54871">
        <time>2026-02-11T14:59:00Z</time>
      </trkpt>
      <trkpt lat="64.91912" lon="14.54849">
        <time>2026-02-11T15:09:00Z</time>
      </trkpt>
      <trkpt lat="64.92013" lon="14.55128">
        <time>2026-02-11T15:19:00Z</time>
      </trkpt>
      <trkpt lat="64.92099" lon="14.55544">
        <time>2026-02-11T15:29:00Z</time>
      </trkpt>
      <trkpt lat="64.92284" lon="14.56109">
        <time>2026-02-11T15:39:00Z</time>
      </trkpt>
      <trkpt lat="64.92409" lon="14.5643">
        <time>2026-02-11T15:49:00Z</time>
      </trkpt>
      <trkpt lat="64.9255" lon="14.56791">
        <time>2026-02-11T15:59:00Z</time>
      </trkpt>
      <trkpt lat="64.9279" lon="14.57274">
        <time>2026-02-11T16:09:00Z</time>
      </trkpt>
      <trkpt lat="64.93077" lon="14.57759">
        <time>2026-02-11T16:19:00Z</time>
      </trkpt>
      <trkpt lat="64.9321" lon="14.58154">
        <time>2026-02-11T16:29:00Z</time>
      </trkpt>
      <trkpt lat="64.93496" lon="14.58739">
        <time>2026-02-11T16:39:00Z</time>
      </trkpt>
      <trkpt lat="64.9383" lon="14.59426">
        <time>2026-02-11T16:49:00Z</time>
      </trkpt>
      <trkpt lat="64.94094" lon="14.60048">
        <time>2026-02-11T16:59:00Z</time>
      </trkpt>
      <trkpt lat="64.94307" lon="14.60995">
        <time>2026-02-11T17:09:00Z</time>
      </trkpt>
      <trkpt lat="64.94439" lon="14.61868">
        <time>2026-02-11T17:19:00Z</time>
      </trkpt>
      <trkpt lat="64.9458" lon="14.62494">
        <time>2026-02-11T17:29:00Z</time>
      </trkpt>
      <trkpt lat="64.94576" lon="14.62479">
        <time>2026-02-12T08:36:00Z</time>
      </trkpt>
      <trkpt lat="64.9458" lon="14.62499">
        <time>2026-02-12T08:46:00Z</time>
      </trkpt>
      <trkpt lat="64.94749" lon="14.63065">
        <time>2026-02-12T08:56:00Z</time>
      </trkpt>
      <trkpt lat="64.94935" lon="14.63567">
        <time>2026-02-12T09:06:00Z</time>
      </trkpt>
      <trkpt lat="64.95092" lon="14.64052">
        <time>2026-02-12T09:16:00Z</time>
      </trkpt>
      <trkpt lat="64.9524" lon="14.64602">
        <time>2026-02-12T09:26:00Z</time>
      </trkpt>
      <trkpt lat="64.95337" lon="14.65198">
        <time>2026-02-12T09:36:00Z</time>
      </trkpt>
      <trkpt lat="64.95436" lon="14.66164">
        <time>2026-02-12T09:46:00Z</time>
      </trkpt>
      <trkpt lat="64.95713" lon="14.67058">
        <time>2026-02-12T09:56:00Z</time>
      </trkpt>
      <trkpt lat="64.9594" lon="14.67385">
        <time>2026-02-12T10:06:00Z</time>
      </trkpt>
      <trkpt lat="64.96198" lon="14.68103">
        <time>2026-02-12T10:16:00Z</time>
      </trkpt>
      <trkpt lat="64.96591" lon="14.68421">
        <time>2026-02-12T10:26:00Z</time>
      </trkpt>
      <trkpt lat="64.97043" lon="14.69065">
        <time>2026-02-12T10:36:00Z</time>
      </trkpt>
      <trkpt lat="64.97517" lon="14.70123">
        <time>2026-02-12T10:46:00Z</time>
      </trkpt>
      <trkpt lat="64.97899" lon="14.70872">
        <time>2026-02-12T10:56:00Z</time>
      </trkpt>
      <trkpt lat="64.98288" lon="14.71687">
        <time>2026-02-12T11:06:00Z</time>
      </trkpt>
      <trkpt lat="64.98647" lon="14.71968">
        <time>2026-02-12T11:16:00Z</time>
      </trkpt>
      <trkpt lat="64.99044" lon="14.72313">
        <time>2026-02-12T11:26:00Z</time>
      </trkpt>
      <trkpt lat="64.99546" lon="14.72346">
        <time>2026-02-12T11:36:00Z</time>
      </trkpt>
      <trkpt lat="65.00031" lon="14.72374">
        <time>2026-02-12T11:46:00Z</time>
      </trkpt>
      <trkpt lat="65.00746" lon="14.72586">
        <time>2026-02-12T11:56:00Z</time>
      </trkpt>
      <trkpt lat="65.01105" lon="14.72816">
        <time>2026-02-12T12:06:00Z</time>
      </trkpt>
      <trkpt lat="65.01551" lon="14.73318">
        <time>2026-02-12T12:16:00Z</time>
      </trkpt>
      <trkpt lat="65.02291" lon="14.7347">
        <time>2026-02-12T12:26:00Z</time>
      </trkpt>
      <trkpt lat="65.03142" lon="14.73133">
        <time>2026-02-12T12:36:00Z</time>
      </trkpt>
      <trkpt lat="65.0428" lon="14.72425">
        <time>2026-02-12T12:46:00Z</time>
      </trkpt>
      <trkpt lat="65.04864" lon="14.74416">
        <time>2026-02-12T12:56:00Z</time>
      </trkpt>
      <trkpt lat="65.05001" lon="14.75648">
        <time>2026-02-12T13:06:00Z</time>
      </trkpt>
      <trkpt lat="65.05118" lon="14.77047">
        <time>2026-02-12T13:16:00Z</time>
      </trkpt>
      <trkpt lat="65.05213" lon="14.78287">
        <time>2026-02-12T13:26:00Z</time>
      </trkpt>
      <trkpt lat="65.0546" lon="14.79579">
        <time>2026-02-12T13:36:00Z</time>
      </trkpt>
      <trkpt lat="65.05802" lon="14.80495">
        <time>2026-02-12T13:46:00Z</time>
      </trkpt>
      <trkpt lat="65.06018" lon="14.80899">
        <time>2026-02-12T13:56:00Z</time>
      </trkpt>
      <trkpt lat="65.06332" lon="14.80933">
        <time>2026-02-12T14:06:00Z</time>
      </trkpt>
      <trkpt lat="65.06329" lon="14.80935">
        <time>2026-02-12T14:16:00Z</time>
      </trkpt>
      <trkpt lat="65.06342" lon="14.80959">
        <time>2026-02-12T14:35:00Z</time>
      </trkpt>
      <trkpt lat="65.06342" lon="14.80961">
        <time>2026-02-13T10:02:00Z</time>
      </trkpt>
      <trkpt lat="65.06333" lon="14.80937">
        <time>2026-02-13T10:12:00Z</time>
      </trkpt>
      <trkpt lat="65.06453" lon="14.81476">
        <time>2026-02-13T10:22:00Z</time>
      </trkpt>
      <trkpt lat="65.0646" lon="14.82557">
        <time>2026-02-13T10:32:00Z</time>
      </trkpt>
      <trkpt lat="65.06437" lon="14.83929">
        <time>2026-02-13T10:42:00Z</time>
      </trkpt>
      <trkpt lat="65.06394" lon="14.85231">
        <time>2026-02-13T10:52:00Z</time>
      </trkpt>
      <trkpt lat="65.06297" lon="14.86583">
        <time>2026-02-13T11:02:00Z</time>
      </trkpt>
      <trkpt lat="65.06245" lon="14.87664">
        <time>2026-02-13T11:12:00Z</time>
      </trkpt>
      <trkpt lat="65.06146" lon="14.88795">
        <time>2026-02-13T11:22:00Z</time>
      </trkpt>
      <trkpt lat="65.05919" lon="14.9014">
        <time>2026-02-13T11:32:00Z</time>
      </trkpt>
      <trkpt lat="65.0576" lon="14.9122">
        <time>2026-02-13T11:42:00Z</time>
      </trkpt>
      <trkpt lat="65.05672" lon="14.92563">
        <time>2026-02-13T11:52:00Z</time>
      </trkpt>
      <trkpt lat="65.05645" lon="14.93765">
        <time>2026-02-13T12:02:00Z</time>
      </trkpt>
      <trkpt lat="65.05793" lon="14.95097">
        <time>2026-02-13T12:12:00Z</time>
      </trkpt>
      <trkpt lat="65.06019" lon="14.96196">
        <time>2026-02-13T12:22:00Z</time>
      </trkpt>
      <trkpt lat="65.06152" lon="14.97784">
        <time>2026-02-13T12:32:00Z</time>
      </trkpt>
      <trkpt lat="65.06412" lon="14.98962">
        <time>2026-02-13T12:42:00Z</time>
      </trkpt>
      <trkpt lat="65.06496" lon="14.99987">
        <time>2026-02-13T12:52:00Z</time>
      </trkpt>
      <trkpt lat="65.06473" lon="15.01408">
        <time>2026-02-13T13:02:00Z</time>
      </trkpt>
      <trkpt lat="65.06405" lon="15.02676">
        <time>2026-02-13T13:12:00Z</time>
      </trkpt>
      <trkpt lat="65.06406" lon="15.04124">
        <time>2026-02-13T13:22:00Z</time>
      </trkpt>
      <trkpt lat="65.06306" lon="15.05324">
        <time>2026-02-13T13:32:00Z</time>
      </trkpt>
      <trkpt lat="65.06592" lon="15.05388">
        <time>2026-02-13T13:42:00Z</time>
      </trkpt>
      <trkpt lat="65.06873" lon="15.05562">
        <time>2026-02-13T13:52:00Z</time>
      </trkpt>
      <trkpt lat="65.07055" lon="15.06395">
        <time>2026-02-13T14:02:00Z</time>
      </trkpt>
      <trkpt lat="65.07543" lon="15.07107">
        <time>2026-02-13T14:12:00Z</time>
      </trkpt>
      <trkpt lat="65.0796" lon="15.07871">
        <time>2026-02-13T14:22:00Z</time>
      </trkpt>
      <trkpt lat="65.08383" lon="15.0862">
        <time>2026-02-13T14:32:00Z</time>
      </trkpt>
      <trkpt lat="65.08694" lon="15.08607">
        <time>2026-02-13T14:42:00Z</time>
      </trkpt>
      <trkpt lat="65.09323" lon="15.09055">
        <time>2026-02-13T14:52:00Z</time>
      </trkpt>
      <trkpt lat="65.09584" lon="15.08489">
        <time>2026-02-13T15:02:00Z</time>
      </trkpt>
      <trkpt lat="65.10032" lon="15.07817">
        <time>2026-02-13T15:12:00Z</time>
      </trkpt>
      <trkpt lat="65.10438" lon="15.07753">
        <time>2026-02-13T15:22:00Z</time>
      </trkpt>
      <trkpt lat="65.10785" lon="15.06852">
        <time>2026-02-13T15:32:00Z</time>
      </trkpt>
      <trkpt lat="65.11248" lon="15.06461">
        <time>2026-02-13T15:42:00Z</time>
      </trkpt>
      <trkpt lat="65.1133" lon="15.06026">
        <time>2026-02-13T15:52:00Z</time>
      </trkpt>
      <trkpt lat="65.11728" lon="15.04966">
        <time>2026-02-13T16:02:00Z</time>
      </trkpt>
      <trkpt lat="65.11878" lon="15.04262">
        <time>2026-02-13T16:12:00Z</time>
      </trkpt>
      <trkpt lat="65.12167" lon="15.03498">
        <time>2026-02-13T16:22:00Z</time>
      </trkpt>
      <trkpt lat="65.12791" lon="15.03472">
        <time>2026-02-13T16:32:00Z</time>
      </trkpt>
      <trkpt lat="65.1303" lon="15.03328">
        <time>2026-02-13T16:40:00Z</time>
      </trkpt>
      <trkpt lat="65.1303" lon="15.03333">
        <time>2026-02-14T09:23:00Z</time>
      </trkpt>
      <trkpt lat="65.13033" lon="15.03326">
        <time>2026-02-14T09:33:00Z</time>
      </trkpt>
      <trkpt lat="65.13532" lon="15.02957">
        <time>2026-02-14T09:43:00Z</time>
      </trkpt>
      <trkpt lat="65.13979" lon="15.02839">
        <time>2026-02-14T09:53:00Z</time>
      </trkpt>
      <trkpt lat="65.14139" lon="15.03088">
        <time>2026-02-14T10:03:00Z</time>
      </trkpt>
      <trkpt lat="65.14313" lon="15.03502">
        <time>2026-02-14T10:13:00Z</time>
      </trkpt>
      <trkpt lat="65.14626" lon="15.04004">
        <time>2026-02-14T10:23:00Z</time>
      </trkpt>
      <trkpt lat="65.14967" lon="15.04215">
        <time>2026-02-14T10:33:00Z</time>
      </trkpt>
      <trkpt lat="65.15216" lon="15.04485">
        <time>2026-02-14T10:43:00Z</time>
      </trkpt>
      <trkpt lat="65.15606" lon="15.05403">
        <time>2026-02-14T10:53:00Z</time>
      </trkpt>
      <trkpt lat="65.16086" lon="15.05944">
        <time>2026-02-14T11:03:00Z</time>
      </trkpt>
      <trkpt lat="65.16582" lon="15.05987">
        <time>2026-02-14T11:13:00Z</time>
      </trkpt>
      <trkpt lat="65.169" lon="15.06032">
        <time>2026-02-14T11:23:00Z</time>
      </trkpt>
      <trkpt lat="65.17313" lon="15.06403">
        <time>2026-02-14T11:33:00Z</time>
      </trkpt>
      <trkpt lat="65.17519" lon="15.06779">
        <time>2026-02-14T11:43:00Z</time>
      </trkpt>
      <trkpt lat="65.17926" lon="15.07225">
        <time>2026-02-14T11:53:00Z</time>
      </trkpt>
      <trkpt lat="65.18384" lon="15.07802">
        <time>2026-02-14T12:03:00Z</time>
      </trkpt>
      <trkpt lat="65.18892" lon="15.07742">
        <time>2026-02-14T12:13:00Z</time>
      </trkpt>
      <trkpt lat="65.19396" lon="15.07212">
        <time>2026-02-14T12:23:00Z</time>
      </trkpt>
      <trkpt lat="65.19791" lon="15.06684">
        <time>2026-02-14T12:33:00Z</time>
      </trkpt>
      <trkpt lat="65.20179" lon="15.06169">
        <time>2026-02-14T12:43:00Z</time>
      </trkpt>
      <trkpt lat="65.20646" lon="15.05729">
        <time>2026-02-14T12:53:00Z</time>
      </trkpt>
      <trkpt lat="65.21053" lon="15.0535">
        <time>2026-02-14T13:03:00Z</time>
      </trkpt>
      <trkpt lat="65.2157" lon="15.05054">
        <time>2026-02-14T13:13:00Z</time>
      </trkpt>
      <trkpt lat="65.22065" lon="15.04727">
        <time>2026-02-14T13:23:00Z</time>
      </trkpt>
      <trkpt lat="65.22439" lon="15.04373">
        <time>2026-02-14T13:33:00Z</time>
      </trkpt>
      <trkpt lat="65.22755" lon="15.04131">
        <time>2026-02-14T13:43:00Z</time>
      </trkpt>
      <trkpt lat="65.23292" lon="15.03824">
        <time>2026-02-14T13:53:00Z</time>
      </trkpt>
      <trkpt lat="65.23753" lon="15.0341">
        <time>2026-02-14T14:03:00Z</time>
      </trkpt>
      <trkpt lat="65.24229" lon="15.03125">
        <time>2026-02-14T14:13:00Z</time>
      </trkpt>
      <trkpt lat="65.24639" lon="15.02786">
        <time>2026-02-14T14:23:00Z</time>
      </trkpt>
      <trkpt lat="65.25101" lon="15.02586">
        <time>2026-02-14T14:33:00Z</time>
      </trkpt>
      <trkpt lat="65.25498" lon="15.02833">
        <time>2026-02-14T14:43:00Z</time>
      </trkpt>
      <trkpt lat="65.2593" lon="15.02843">
        <time>2026-02-14T14:53:00Z</time>
      </trkpt>
      <trkpt lat="65.26213" lon="15.03337">
        <time>2026-02-14T15:03:00Z</time>
      </trkpt>
      <trkpt lat="65.26542" lon="15.0341">
        <time>2026-02-14T15:13:00Z</time>
      </trkpt>
      <trkpt lat="65.26982" lon="15.03386">
        <time>2026-02-14T15:23:00Z</time>
      </trkpt>
      <trkpt lat="65.27388" lon="15.03208">
        <time>2026-02-14T15:33:00Z</time>
      </trkpt>
      <trkpt lat="65.27749" lon="15.03004">
        <time>2026-02-14T15:43:00Z</time>
      </trkpt>
      <trkpt lat="65.27911" lon="15.03077">
        <time>2026-02-14T15:48:00Z</time>
      </trkpt>
      <trkpt lat="65.27916" lon="15.03073">
        <time>2026-02-15T08:59:00Z</time>
      </trkpt>
      <trkpt lat="65.2813" lon="15.02946">
        <time>2026-02-15T09:09:00Z</time>
      </trkpt>
      <trkpt lat="65.28628" lon="15.0327">
        <time>2026-02-15T09:19:00Z</time>
      </trkpt>
      <trkpt lat="65.29056" lon="15.03307">
        <time>2026-02-15T09:29:00Z</time>
      </trkpt>
      <trkpt lat="65.29574" lon="15.02998">
        <time>2026-02-15T09:39:00Z</time>
      </trkpt>
      <trkpt lat="65.29961" lon="15.02627">
        <time>2026-02-15T09:49:00Z</time>
      </trkpt>
      <trkpt lat="65.30451" lon="15.0271">
        <time>2026-02-15T09:59:00Z</time>
      </trkpt>
      <trkpt lat="65.30799" lon="15.03037">
        <time>2026-02-15T10:09:00Z</time>
      </trkpt>
      <trkpt lat="65.3118" lon="15.03779">
        <time>2026-02-15T10:19:00Z</time>
      </trkpt>
      <trkpt lat="65.3167" lon="15.04575">
        <time>2026-02-15T10:29:00Z</time>
      </trkpt>
      <trkpt lat="65.32089" lon="15.05669">
        <time>2026-02-15T10:39:00Z</time>
      </trkpt>
      <trkpt lat="65.32474" lon="15.0624">
        <time>2026-02-15T10:49:00Z</time>
      </trkpt>
      <trkpt lat="65.32869" lon="15.06712">
        <time>2026-02-15T10:59:00Z</time>
      </trkpt>
      <trkpt lat="65.33228" lon="15.07749">
        <time>2026-02-15T11:09:00Z</time>
      </trkpt>
      <trkpt lat="65.33377" lon="15.08386">
        <time>2026-02-15T11:19:00Z</time>
      </trkpt>
      <trkpt lat="65.33538" lon="15.09598">
        <time>2026-02-15T11:29:00Z</time>
      </trkpt>
      <trkpt lat="65.33802" lon="15.09852">
        <time>2026-02-15T11:39:00Z</time>
      </trkpt>
      <trkpt lat="65.34008" lon="15.1027">
        <time>2026-02-15T11:49:00Z</time>
      </trkpt>
      <trkpt lat="65.34131" lon="15.10789">
        <time>2026-02-15T11:59:00Z</time>
      </trkpt>
      <trkpt lat="65.34442" lon="15.11231">
        <time>2026-02-15T12:09:00Z</time>
      </trkpt>
      <trkpt lat="65.34544" lon="15.12205">
        <time>2026-02-15T12:19:00Z</time>
      </trkpt>
      <trkpt lat="65.34492" lon="15.13227">
        <time>2026-02-15T12:29:00Z</time>
      </trkpt>
      <trkpt lat="65.34413" lon="15.14489">
        <time>2026-02-15T12:39:00Z</time>
      </trkpt>
      <trkpt lat="65.34468" lon="15.15677">
        <time>2026-02-15T12:49:00Z</time>
      </trkpt>
      <trkpt lat="65.34683" lon="15.1639">
        <time>2026-02-15T12:59:00Z</time>
      </trkpt>
      <trkpt lat="65.34859" lon="15.17512">
        <time>2026-02-15T13:09:00Z</time>
      </trkpt>
      <trkpt lat="65.34756" lon="15.18422">
        <time>2026-02-15T13:19:00Z</time>
      </trkpt>
      <trkpt lat="65.34707" lon="15.19696">
        <time>2026-02-15T13:29:00Z</time>
      </trkpt>
      <trkpt lat="65.34759" lon="15.2075">
        <time>2026-02-15T13:39:00Z</time>
      </trkpt>
      <trkpt lat="65.34707" lon="15.21859">
        <time>2026-02-15T13:49:00Z</time>
      </trkpt>
      <trkpt lat="65.34795" lon="15.232">
        <time>2026-02-15T13:59:00Z</time>
      </trkpt>
      <trkpt lat="65.34916" lon="15.24155">
        <time>2026-02-15T14:09:00Z</time>
      </trkpt>
      <trkpt lat="65.34886" lon="15.25307">
        <time>2026-02-15T14:19:00Z</time>
      </trkpt>
      <trkpt lat="65.34844" lon="15.26552">
        <time>2026-02-15T14:29:00Z</time>
      </trkpt>
      <trkpt lat="65.34624" lon="15.27925">
        <time>2026-02-15T14:39:00Z</time>
      </trkpt>
      <trkpt lat="65.34201" lon="15.28915">
        <time>2026-02-15T14:49:00Z</time>
      </trkpt>
      <trkpt lat="65.34066" lon="15.29769">
        <time>2026-02-15T14:59:00Z</time>
      </trkpt>
      <trkpt lat="65.34584" lon="15.3032">
        <time>2026-02-15T15:09:00Z</time>
      </trkpt>
      <trkpt lat="65.35059" lon="15.30522">
        <time>2026-02-15T15:19:00Z</time>
      </trkpt>
      <trkpt lat="65.35548" lon="15.30337">
        <time>2026-02-15T15:29:00Z</time>
      </trkpt>
      <trkpt lat="65.35899" lon="15.29781">
        <time>2026-02-15T15:39:00Z</time>
      </trkpt>
      <trkpt lat="65.36234" lon="15.29674">
        <time>2026-02-15T15:49:00Z</time>
      </trkpt>
      <trkpt lat="65.36809" lon="15.29326">
        <time>2026-02-15T15:59:00Z</time>
      </trkpt>
      <trkpt lat="65.37308" lon="15.2902">
        <time>2026-02-15T16:09:00Z</time>
      </trkpt>
      <trkpt lat="65.37755" lon="15.29221">
        <time>2026-02-15T16:19:00Z</time>
      </trkpt>
      <trkpt lat="65.3808" lon="15.29326">
        <time>2026-02-15T16:29:00Z</time>
      </trkpt>
      <trkpt lat="65.38437" lon="15.29548">
        <time>2026-02-15T16:39:00Z</time>
      </trkpt>
      <trkpt lat="65.38437" lon="15.29548">
        <time>2026-02-15T16:42:00Z</time>
      </trkpt>
      <trkpt lat="65.38437" lon="15.29543">
        <time>2026-02-16T09:04:00Z</time>
      </trkpt>
      <trkpt lat="65.38439" lon="15.29543">
        <time>2026-02-16T09:14:00Z</time>
      </trkpt>
      <trkpt lat="65.38905" lon="15.29867">
        <time>2026-02-16T09:24:00Z</time>
      </trkpt>
      <trkpt lat="65.3956" lon="15.30318">
        <time>2026-02-16T09:34:00Z</time>
      </trkpt>
      <trkpt lat="65.39892" lon="15.29893">
        <time>2026-02-16T09:44:00Z</time>
      </trkpt>
      <trkpt lat="65.4021" lon="15.29445">
        <time>2026-02-16T09:54:00Z</time>
      </trkpt>
      <trkpt lat="65.40589" lon="15.28485">
        <time>2026-02-16T10:04:00Z</time>
      </trkpt>
      <trkpt lat="65.4102" lon="15.27537">
        <time>2026-02-16T10:14:00Z</time>
      </trkpt>
      <trkpt lat="65.41442" lon="15.26582">
        <time>2026-02-16T10:24:00Z</time>
      </trkpt>
      <trkpt lat="65.41835" lon="15.25681">
        <time>2026-02-16T10:34:00Z</time>
      </trkpt>
      <trkpt lat="65.42137" lon="15.24983">
        <time>2026-02-16T10:44:00Z</time>
      </trkpt>
      <trkpt lat="65.42536" lon="15.24099">
        <time>2026-02-16T10:54:00Z</time>
      </trkpt>
      <trkpt lat="65.42975" lon="15.23213">
        <time>2026-02-16T11:04:00Z</time>
      </trkpt>
      <trkpt lat="65.4321" lon="15.22999">
        <time>2026-02-16T11:14:00Z</time>
      </trkpt>
      <trkpt lat="65.43378" lon="15.23329">
        <time>2026-02-16T11:24:00Z</time>
      </trkpt>
      <trkpt lat="65.43716" lon="15.23614">
        <time>2026-02-16T11:34:00Z</time>
      </trkpt>
      <trkpt lat="65.44242" lon="15.23499">
        <time>2026-02-16T11:44:00Z</time>
      </trkpt>
      <trkpt lat="65.44789" lon="15.2429">
        <time>2026-02-16T11:54:00Z</time>
      </trkpt>
      <trkpt lat="65.45036" lon="15.24919">
        <time>2026-02-16T12:04:00Z</time>
      </trkpt>
      <trkpt lat="65.45658" lon="15.25035">
        <time>2026-02-16T12:14:00Z</time>
      </trkpt>
      <trkpt lat="65.46006" lon="15.25859">
        <time>2026-02-16T12:24:00Z</time>
      </trkpt>
      <trkpt lat="65.46409" lon="15.27209">
        <time>2026-02-16T12:34:00Z</time>
      </trkpt>
      <trkpt lat="65.46901" lon="15.28282">
        <time>2026-02-16T12:44:00Z</time>
      </trkpt>
      <trkpt lat="65.47108" lon="15.29331">
        <time>2026-02-16T12:54:00Z</time>
      </trkpt>
      <trkpt lat="65.47626" lon="15.30783">
        <time>2026-02-16T13:04:00Z</time>
      </trkpt>
      <trkpt lat="65.4824" lon="15.32507">
        <time>2026-02-16T13:14:00Z</time>
      </trkpt>
      <trkpt lat="65.48721" lon="15.34903">
        <time>2026-02-16T13:24:00Z</time>
      </trkpt>
      <trkpt lat="65.49143" lon="15.35416">
        <time>2026-02-16T13:34:00Z</time>
      </trkpt>
      <trkpt lat="65.49436" lon="15.34187">
        <time>2026-02-16T13:44:00Z</time>
      </trkpt>
      <trkpt lat="65.50032" lon="15.34463">
        <time>2026-02-16T13:54:00Z</time>
      </trkpt>
      <trkpt lat="65.50617" lon="15.34034">
        <time>2026-02-16T14:04:00Z</time>
      </trkpt>
      <trkpt lat="65.51052" lon="15.33901">
        <time>2026-02-16T14:14:00Z</time>
      </trkpt>
      <trkpt lat="65.51516" lon="15.3344">
        <time>2026-02-16T14:24:00Z</time>
      </trkpt>
      <trkpt lat="65.51701" lon="15.33105">
        <time>2026-02-16T14:34:00Z</time>
      </trkpt>
      <trkpt lat="65.52257" lon="15.32436">
        <time>2026-02-16T14:44:00Z</time>
      </trkpt>
      <trkpt lat="65.52844" lon="15.31775">
        <time>2026-02-16T14:54:00Z</time>
      </trkpt>
      <trkpt lat="65.53311" lon="15.31841">
        <time>2026-02-16T15:04:00Z</time>
      </trkpt>
      <trkpt lat="65.53758" lon="15.32204">
        <time>2026-02-16T15:14:00Z</time>
      </trkpt>
      <trkpt lat="65.54283" lon="15.31951">
        <time>2026-02-16T15:24:00Z</time>
      </trkpt>
      <trkpt lat="65.54538" lon="15.30951">
        <time>2026-02-16T15:34:00Z</time>
      </trkpt>
      <trkpt lat="65.54902" lon="15.30329">
        <time>2026-02-16T15:44:00Z</time>
      </trkpt>
      <trkpt lat="65.55566" lon="15.29917">
        <time>2026-02-16T15:54:00Z</time>
      </trkpt>
      <trkpt lat="65.56234" lon="15.30232">
        <time>2026-02-16T16:04:00Z</time>
      </trkpt>
      <trkpt lat="65.56484" lon="15.30477">
        <time>2026-02-16T16:14:00Z</time>
      </trkpt>
      <trkpt lat="65.56787" lon="15.30391">
        <time>2026-02-16T16:24:00Z</time>
      </trkpt>
      <trkpt lat="65.57506" lon="15.29887">
        <time>2026-02-16T16:34:00Z</time>
      </trkpt>
      <trkpt lat="65.57879" lon="15.29994">
        <time>2026-02-16T16:44:00Z</time>
      </trkpt>
      <trkpt lat="65.5829" lon="15.29668">
        <time>2026-02-16T16:54:00Z</time>
      </trkpt>
      <trkpt lat="65.58723" lon="15.28912">
        <time>2026-02-16T17:04:00Z</time>
      </trkpt>
      <trkpt lat="65.59187" lon="15.2861">
        <time>2026-02-16T17:14:00Z</time>
      </trkpt>
      <trkpt lat="65.59859" lon="15.28024">
        <time>2026-02-16T17:24:00Z</time>
      </trkpt>
      <trkpt lat="65.60142" lon="15.27606">
        <time>2026-02-16T17:34:00Z</time>
      </trkpt>
      <trkpt lat="65.60216" lon="15.27556">
        <time>2026-02-16T17:44:00Z</time>
      </trkpt>
      <trkpt lat="65.60511" lon="15.27288">
        <time>2026-02-16T17:54:00Z</time>
      </trkpt>
      <trkpt lat="65.6051" lon="15.2729">
        <time>2026-02-16T18:00:00Z</time>
      </trkpt>
      <trkpt lat="65.60514" lon="15.27286">
        <time>2026-02-17T08:57:00Z</time>
      </trkpt>
      <trkpt lat="65.60731" lon="15.26867">
        <time>2026-02-17T09:07:00Z</time>
      </trkpt>
      <trkpt lat="65.61192" lon="15.26383">
        <time>2026-02-17T09:17:00Z</time>
      </trkpt>
      <trkpt lat="65.6168" lon="15.24921">
        <time>2026-02-17T09:27:00Z</time>
      </trkpt>
      <trkpt lat="65.6217" lon="15.23853">
        <time>2026-02-17T09:37:00Z</time>
      </trkpt>
      <trkpt lat="65.62631" lon="15.23245">
        <time>2026-02-17T09:47:00Z</time>
      </trkpt>
      <trkpt lat="65.6314" lon="15.22492">
        <time>2026-02-17T09:57:00Z</time>
      </trkpt>
      <trkpt lat="65.63487" lon="15.21784">
        <time>2026-02-17T10:07:00Z</time>
      </trkpt>
      <trkpt lat="65.63818" lon="15.20956">
        <time>2026-02-17T10:17:00Z</time>
      </trkpt>
      <trkpt lat="65.64052" lon="15.20286">
        <time>2026-02-17T10:27:00Z</time>
      </trkpt>
      <trkpt lat="65.64449" lon="15.19126">
        <time>2026-02-17T10:37:00Z</time>
      </trkpt>
      <trkpt lat="65.64883" lon="15.18038">
        <time>2026-02-17T10:47:00Z</time>
      </trkpt>
      <trkpt lat="65.65141" lon="15.17109">
        <time>2026-02-17T10:57:00Z</time>
      </trkpt>
      <trkpt lat="65.65505" lon="15.15883">
        <time>2026-02-17T11:07:00Z</time>
      </trkpt>
      <trkpt lat="65.65523" lon="15.15838">
        <time>2026-02-17T11:17:00Z</time>
      </trkpt>
      <trkpt lat="65.65819" lon="15.15061">
        <time>2026-02-17T11:27:00Z</time>
      </trkpt>
      <trkpt lat="65.65943" lon="15.13667">
        <time>2026-02-17T11:37:00Z</time>
      </trkpt>
      <trkpt lat="65.66109" lon="15.12965">
        <time>2026-02-17T11:47:00Z</time>
      </trkpt>
      <trkpt lat="65.66466" lon="15.12999">
        <time>2026-02-17T11:57:00Z</time>
      </trkpt>
      <trkpt lat="65.66824" lon="15.13008">
        <time>2026-02-17T12:07:00Z</time>
      </trkpt>
      <trkpt lat="65.67206" lon="15.13079">
        <time>2026-02-17T12:17:00Z</time>
      </trkpt>
      <trkpt lat="65.67642" lon="15.12712">
        <time>2026-02-17T12:27:00Z</time>
      </trkpt>
      <trkpt lat="65.68135" lon="15.12227">
        <time>2026-02-17T12:37:00Z</time>
      </trkpt>
      <trkpt lat="65.68615" lon="15.12259">
        <time>2026-02-17T12:47:00Z</time>
      </trkpt>
      <trkpt lat="65.69034" lon="15.11875">
        <time>2026-02-17T12:57:00Z</time>
      </trkpt>
      <trkpt lat="65.69416" lon="15.10984">
        <time>2026-02-17T13:07:00Z</time>
      </trkpt>
      <trkpt lat="65.69904" lon="15.11004">
        <time>2026-02-17T13:17:00Z</time>
      </trkpt>
      <trkpt lat="65.70348" lon="15.10454">
        <time>2026-02-17T13:27:00Z</time>
      </trkpt>
      <trkpt lat="65.70669" lon="15.0995">
        <time>2026-02-17T13:37:00Z</time>
      </trkpt>
      <trkpt lat="65.71225" lon="15.09487">
        <time>2026-02-17T13:47:00Z</time>
      </trkpt>
      <trkpt lat="65.71651" lon="15.09171">
        <time>2026-02-17T13:57:00Z</time>
      </trkpt>
      <trkpt lat="65.71933" lon="15.0901">
        <time>2026-02-17T14:07:00Z</time>
      </trkpt>
      <trkpt lat="65.72157" lon="15.09796">
        <time>2026-02-17T14:17:00Z</time>
      </trkpt>
      <trkpt lat="65.72094" lon="15.10933">
        <time>2026-02-17T14:27:00Z</time>
      </trkpt>
      <trkpt lat="65.72411" lon="15.11111">
        <time>2026-02-17T14:37:00Z</time>
      </trkpt>
      <trkpt lat="65.73178" lon="15.11055">
        <time>2026-02-17T14:47:00Z</time>
      </trkpt>
      <trkpt lat="65.73761" lon="15.1195">
        <time>2026-02-17T14:57:00Z</time>
      </trkpt>
      <trkpt lat="65.74232" lon="15.12285">
        <time>2026-02-17T15:07:00Z</time>
      </trkpt>
      <trkpt lat="65.7476" lon="15.12617">
        <time>2026-02-17T15:17:00Z</time>
      </trkpt>
      <trkpt lat="65.75209" lon="15.12868">
        <time>2026-02-17T15:27:00Z</time>
      </trkpt>
      <trkpt lat="65.75705" lon="15.13029">
        <time>2026-02-17T15:37:00Z</time>
      </trkpt>
      <trkpt lat="65.75937" lon="15.12832">
        <time>2026-02-17T15:47:00Z</time>
      </trkpt>
      <trkpt lat="65.76423" lon="15.12137">
        <time>2026-02-17T15:57:00Z</time>
      </trkpt>
      <trkpt lat="65.76673" lon="15.11729">
        <time>2026-02-17T16:07:00Z</time>
      </trkpt>
      <trkpt lat="65.77223" lon="15.11205">
        <time>2026-02-17T16:17:00Z</time>
      </trkpt>
      <trkpt lat="65.77761" lon="15.11221">
        <time>2026-02-17T16:27:00Z</time>
      </trkpt>
      <trkpt lat="65.78329" lon="15.10948">
        <time>2026-02-17T16:37:00Z</time>
      </trkpt>
      <trkpt lat="65.78901" lon="15.10463">
        <time>2026-02-17T16:47:00Z</time>
      </trkpt>
      <trkpt lat="65.79318" lon="15.10163">
        <time>2026-02-17T16:57:00Z</time>
      </trkpt>
      <trkpt lat="65.79895" lon="15.09736">
        <time>2026-02-17T17:07:00Z</time>
      </trkpt>
      <trkpt lat="65.8041" lon="15.09251">
        <time>2026-02-17T17:17:00Z</time>
      </trkpt>
      <trkpt lat="65.80985" lon="15.0883">
        <time>2026-02-17T17:27:00Z</time>
      </trkpt>
      <trkpt lat="65.81199" lon="15.08751">
        <time>2026-02-17T17:37:00Z</time>
      </trkpt>
      <trkpt lat="65.81364" lon="15.08781">
        <time>2026-02-17T17:47:00Z</time>
      </trkpt>
      <trkpt lat="65.81767" lon="15.08995">
        <time>2026-02-17T17:57:00Z</time>
      </trkpt>
      <trkpt lat="65.81739" lon="15.09064">
        <time>2026-02-17T18:01:00Z</time>
      </trkpt>
      <trkpt lat="65.81753" lon="15.09088">
        <time>2026-02-19T09:34:00Z</time>
      </trkpt>
      <trkpt lat="65.81768" lon="15.09124">
        <time>2026-02-19T09:44:00Z</time>
      </trkpt>
      <trkpt lat="65.81668" lon="15.09684">
        <time>2026-02-19T09:54:00Z</time>
      </trkpt>
      <trkpt lat="65.81492" lon="15.10512">
        <time>2026-02-19T10:04:00Z</time>
      </trkpt>
      <trkpt lat="65.81475" lon="15.11418">
        <time>2026-02-19T10:14:00Z</time>
      </trkpt>
      <trkpt lat="65.8165" lon="15.12079">
        <time>2026-02-19T10:24:00Z</time>
      </trkpt>
      <trkpt lat="65.81818" lon="15.11854">
        <time>2026-02-19T10:34:00Z</time>
      </trkpt>
      <trkpt lat="65.82095" lon="15.11208">
        <time>2026-02-19T10:44:00Z</time>
      </trkpt>
      <trkpt lat="65.82141" lon="15.11038">
        <time>2026-02-19T10:54:00Z</time>
      </trkpt>
      <trkpt lat="65.82602" lon="15.10654">
        <time>2026-02-19T11:04:00Z</time>
      </trkpt>
      <trkpt lat="65.82947" lon="15.10302">
        <time>2026-02-19T11:14:00Z</time>
      </trkpt>
      <trkpt lat="65.83296" lon="15.10399">
        <time>2026-02-19T11:24:00Z</time>
      </trkpt>
      <trkpt lat="65.83543" lon="15.09744">
        <time>2026-02-19T11:34:00Z</time>
      </trkpt>
      <trkpt lat="65.8385" lon="15.0897">
        <time>2026-02-19T11:44:00Z</time>
      </trkpt>
      <trkpt lat="65.84345" lon="15.09023">
        <time>2026-02-19T11:54:00Z</time>
      </trkpt>
      <trkpt lat="65.84573" lon="15.09334">
        <time>2026-02-19T12:04:00Z</time>
      </trkpt>
      <trkpt lat="65.84879" lon="15.09729">
        <time>2026-02-19T12:14:00Z</time>
      </trkpt>
      <trkpt lat="65.85595" lon="15.09334">
        <time>2026-02-19T12:24:00Z</time>
      </trkpt>
      <trkpt lat="65.85838" lon="15.09626">
        <time>2026-02-19T12:34:00Z</time>
      </trkpt>
      <trkpt lat="65.86405" lon="15.10594">
        <time>2026-02-19T12:44:00Z</time>
      </trkpt>
      <trkpt lat="65.86728" lon="15.11351">
        <time>2026-02-19T12:54:00Z</time>
      </trkpt>
      <trkpt lat="65.87108" lon="15.12257">
        <time>2026-02-19T13:04:00Z</time>
      </trkpt>
      <trkpt lat="65.87537" lon="15.13276">
        <time>2026-02-19T13:14:00Z</time>
      </trkpt>
      <trkpt lat="65.87817" lon="15.13961">
        <time>2026-02-19T13:24:00Z</time>
      </trkpt>
      <trkpt lat="65.88248" lon="15.14995">
        <time>2026-02-19T13:34:00Z</time>
      </trkpt>
      <trkpt lat="65.88593" lon="15.15847">
        <time>2026-02-19T13:44:00Z</time>
      </trkpt>
      <trkpt lat="65.88852" lon="15.16862">
        <time>2026-02-19T13:54:00Z</time>
      </trkpt>
      <trkpt lat="65.88876" lon="15.18104">
        <time>2026-02-19T14:04:00Z</time>
      </trkpt>
      <trkpt lat="65.88766" lon="15.19095">
        <time>2026-02-19T14:14:00Z</time>
      </trkpt>
      <trkpt lat="65.88506" lon="15.204">
        <time>2026-02-19T14:24:00Z</time>
      </trkpt>
      <trkpt lat="65.88321" lon="15.21576">
        <time>2026-02-19T14:34:00Z</time>
      </trkpt>
      <trkpt lat="65.881" lon="15.22827">
        <time>2026-02-19T14:44:00Z</time>
      </trkpt>
      <trkpt lat="65.87938" lon="15.24138">
        <time>2026-02-19T14:54:00Z</time>
      </trkpt>
      <trkpt lat="65.87821" lon="15.25355">
        <time>2026-02-19T15:04:00Z</time>
      </trkpt>
      <trkpt lat="65.87737" lon="15.26531">
        <time>2026-02-19T15:14:00Z</time>
      </trkpt>
      <trkpt lat="65.87667" lon="15.2753">
        <time>2026-02-19T15:24:00Z</time>
      </trkpt>
      <trkpt lat="65.87479" lon="15.28541">
        <time>2026-02-19T15:34:00Z</time>
      </trkpt>
      <trkpt lat="65.87194" lon="15.29554">
        <time>2026-02-19T15:44:00Z</time>
      </trkpt>
      <trkpt lat="65.86907" lon="15.30741">
        <time>2026-02-19T15:54:00Z</time>
      </trkpt>
      <trkpt lat="65.8674" lon="15.32522">
        <time>2026-02-19T16:04:00Z</time>
      </trkpt>
      <trkpt lat="65.86951" lon="15.33204">
        <time>2026-02-19T16:14:00Z</time>
      </trkpt>
      <trkpt lat="65.87109" lon="15.3356">
        <time>2026-02-19T16:24:00Z</time>
      </trkpt>
      <trkpt lat="65.87297" lon="15.33966">
        <time>2026-02-19T16:34:00Z</time>
      </trkpt>
      <trkpt lat="65.87512" lon="15.34429">
        <time>2026-02-19T16:44:00Z</time>
      </trkpt>
      <trkpt lat="65.87787" lon="15.35236">
        <time>2026-02-19T16:54:00Z</time>
      </trkpt>
      <trkpt lat="65.8823" lon="15.36654">
        <time>2026-02-19T17:04:00Z</time>
      </trkpt>
      <trkpt lat="65.88463" lon="15.37352">
        <time>2026-02-19T17:14:00Z</time>
      </trkpt>
      <trkpt lat="65.88918" lon="15.38746">
        <time>2026-02-19T17:24:00Z</time>
      </trkpt>
      <trkpt lat="65.89155" lon="15.39768">
        <time>2026-02-19T17:34:00Z</time>
      </trkpt>
      <trkpt lat="65.89159" lon="15.39768">
        <time>2026-02-19T17:44:00Z</time>
      </trkpt>
      <trkpt lat="65.89159" lon="15.39766">
        <time>2026-02-19T17:56:00Z</time>
      </trkpt>
      <trkpt lat="65.89163" lon="15.39736">
        <time>2026-02-20T08:35:00Z</time>
      </trkpt>
      <trkpt lat="65.89241" lon="15.39989">
        <time>2026-02-20T08:45:00Z</time>
      </trkpt>
      <trkpt lat="65.89275" lon="15.40721">
        <time>2026-02-20T08:55:00Z</time>
      </trkpt>
      <trkpt lat="65.89435" lon="15.42014">
        <time>2026-02-20T09:05:00Z</time>
      </trkpt>
      <trkpt lat="65.89603" lon="15.43222">
        <time>2026-02-20T09:15:00Z</time>
      </trkpt>
      <trkpt lat="65.89948" lon="15.44119">
        <time>2026-02-20T09:25:00Z</time>
      </trkpt>
      <trkpt lat="65.90262" lon="15.44973">
        <time>2026-02-20T09:35:00Z</time>
      </trkpt>
      <trkpt lat="65.90736" lon="15.45059">
        <time>2026-02-20T09:45:00Z</time>
      </trkpt>
      <trkpt lat="65.91144" lon="15.451">
        <time>2026-02-20T09:55:00Z</time>
      </trkpt>
      <trkpt lat="65.91655" lon="15.45102">
        <time>2026-02-20T10:05:00Z</time>
      </trkpt>
      <trkpt lat="65.92116" lon="15.45315">
        <time>2026-02-20T10:15:00Z</time>
      </trkpt>
      <trkpt lat="65.92536" lon="15.46124">
        <time>2026-02-20T10:25:00Z</time>
      </trkpt>
      <trkpt lat="65.92967" lon="15.46621">
        <time>2026-02-20T10:35:00Z</time>
      </trkpt>
      <trkpt lat="65.93442" lon="15.46948">
        <time>2026-02-20T10:45:00Z</time>
      </trkpt>
      <trkpt lat="65.9386" lon="15.47143">
        <time>2026-02-20T10:55:00Z</time>
      </trkpt>
      <trkpt lat="65.94319" lon="15.47334">
        <time>2026-02-20T11:05:00Z</time>
      </trkpt>
      <trkpt lat="65.94814" lon="15.47505">
        <time>2026-02-20T11:15:00Z</time>
      </trkpt>
      <trkpt lat="65.95245" lon="15.47647">
        <time>2026-02-20T11:25:00Z</time>
      </trkpt>
      <trkpt lat="65.95658" lon="15.47778">
        <time>2026-02-20T11:35:00Z</time>
      </trkpt>
      <trkpt lat="65.96062" lon="15.47887">
        <time>2026-02-20T11:45:00Z</time>
      </trkpt>
      <trkpt lat="65.9657" lon="15.4796">
        <time>2026-02-20T11:55:00Z</time>
      </trkpt>
      <trkpt lat="65.97027" lon="15.47947">
        <time>2026-02-20T12:05:00Z</time>
      </trkpt>
      <trkpt lat="65.97551" lon="15.48081">
        <time>2026-02-20T12:15:00Z</time>
      </trkpt>
      <trkpt lat="65.97931" lon="15.48347">
        <time>2026-02-20T12:25:00Z</time>
      </trkpt>
      <trkpt lat="65.98494" lon="15.4872">
        <time>2026-02-20T12:35:00Z</time>
      </trkpt>
      <trkpt lat="65.99024" lon="15.48696">
        <time>2026-02-20T12:45:00Z</time>
      </trkpt>
      <trkpt lat="65.99515" lon="15.48832">
        <time>2026-02-20T12:55:00Z</time>
      </trkpt>
      <trkpt lat="65.99985" lon="15.48984">
        <time>2026-02-20T13:05:00Z</time>
      </trkpt>
      <trkpt lat="66.00483" lon="15.49102">
        <time>2026-02-20T13:15:00Z</time>
      </trkpt>
      <trkpt lat="66.00646" lon="15.49786">
        <time>2026-02-20T13:25:00Z</time>
      </trkpt>
      <trkpt lat="66.00531" lon="15.50497">
        <time>2026-02-20T13:35:00Z</time>
      </trkpt>
      <trkpt lat="66.00385" lon="15.51443">
        <time>2026-02-20T13:45:00Z</time>
      </trkpt>
      <trkpt lat="66.00336" lon="15.52125">
        <time>2026-02-20T13:55:00Z</time>
      </trkpt>
      <trkpt lat="66.004" lon="15.53099">
        <time>2026-02-20T14:05:00Z</time>
      </trkpt>
      <trkpt lat="66.00275" lon="15.54172">
        <time>2026-02-20T14:15:00Z</time>
      </trkpt>
      <trkpt lat="66.0023" lon="15.54973">
        <time>2026-02-20T14:25:00Z</time>
      </trkpt>
      <trkpt lat="66.002" lon="15.56054">
        <time>2026-02-20T14:35:00Z</time>
      </trkpt>
      <trkpt lat="65.9995" lon="15.56833">
        <time>2026-02-20T14:45:00Z</time>
      </trkpt>
      <trkpt lat="65.99617" lon="15.57243">
        <time>2026-02-20T14:55:00Z</time>
      </trkpt>
      <trkpt lat="65.99169" lon="15.57408">
        <time>2026-02-20T15:05:00Z</time>
      </trkpt>
      <trkpt lat="65.98847" lon="15.57659">
        <time>2026-02-20T15:15:00Z</time>
      </trkpt>
      <trkpt lat="65.98683" lon="15.5785">
        <time>2026-02-20T15:25:00Z</time>
      </trkpt>
      <trkpt lat="65.985" lon="15.58022">
        <time>2026-02-20T15:35:00Z</time>
      </trkpt>
      <trkpt lat="65.98209" lon="15.58262">
        <time>2026-02-20T15:45:00Z</time>
      </trkpt>
      <trkpt lat="65.97889" lon="15.58764">
        <time>2026-02-20T15:55:00Z</time>
      </trkpt>
      <trkpt lat="65.97321" lon="15.59138">
        <time>2026-02-20T16:05:00Z</time>
      </trkpt>
      <trkpt lat="65.97109" lon="15.60024">
        <time>2026-02-20T16:15:00Z</time>
      </trkpt>
      <trkpt lat="65.9695" lon="15.60846">
        <time>2026-02-20T16:25:00Z</time>
      </trkpt>
      <trkpt lat="65.96873" lon="15.61552">
        <time>2026-02-20T16:35:00Z</time>
      </trkpt>
      <trkpt lat="65.96822" lon="15.6217">
        <time>2026-02-20T16:45:00Z</time>
      </trkpt>
      <trkpt lat="65.96753" lon="15.63075">
        <time>2026-02-20T16:55:00Z</time>
      </trkpt>
      <trkpt lat="65.96709" lon="15.64294">
        <time>2026-02-20T17:05:00Z</time>
      </trkpt>
      <trkpt lat="65.96913" lon="15.6544">
        <time>2026-02-20T17:15:00Z</time>
      </trkpt>
      <trkpt lat="65.9701" lon="15.66152">
        <time>2026-02-20T17:25:00Z</time>
      </trkpt>
      <trkpt lat="65.96999" lon="15.67086">
        <time>2026-02-20T17:35:00Z</time>
      </trkpt>
      <trkpt lat="65.97144" lon="15.67871">
        <time>2026-02-20T17:45:00Z</time>
      </trkpt>
      <trkpt lat="65.97206" lon="15.68858">
        <time>2026-02-20T17:55:00Z</time>
      </trkpt>
      <trkpt lat="65.96978" lon="15.69527">
        <time>2026-02-20T18:05:00Z</time>
      </trkpt>
      <trkpt lat="65.96898" lon="15.6968">
        <time>2026-02-20T18:15:00Z</time>
      </trkpt>
      <trkpt lat="65.96562" lon="15.70442">
        <time>2026-02-20T18:25:00Z</time>
      </trkpt>
      <trkpt lat="65.9644" lon="15.70806">
        <time>2026-02-20T18:35:00Z</time>
      </trkpt>
      <trkpt lat="65.96217" lon="15.72029">
        <time>2026-02-20T18:45:00Z</time>
      </trkpt>
      <trkpt lat="65.96443" lon="15.73405">
        <time>2026-02-20T18:55:00Z</time>
      </trkpt>
      <trkpt lat="65.96777" lon="15.74304">
        <time>2026-02-20T19:05:00Z</time>
      </trkpt>
      <trkpt lat="65.97115" lon="15.75355">
        <time>2026-02-20T19:15:00Z</time>
      </trkpt>
      <trkpt lat="65.97257" lon="15.76192">
        <time>2026-02-20T19:25:00Z</time>
      </trkpt>
      <trkpt lat="65.97221" lon="15.7636">
        <time>2026-02-20T19:35:00Z</time>
      </trkpt>
      <trkpt lat="65.97223" lon="15.76364">
        <time>2026-02-20T19:37:00Z</time>
      </trkpt>
      <trkpt lat="65.97213" lon="15.76366">
        <time>2026-02-21T10:19:00Z</time>
      </trkpt>
      <trkpt lat="65.97232" lon="15.76922">
        <time>2026-02-21T10:29:00Z</time>
      </trkpt>
      <trkpt lat="65.9677" lon="15.77864">
        <time>2026-02-21T10:39:00Z</time>
      </trkpt>
      <trkpt lat="65.96712" lon="15.79044">
        <time>2026-02-21T10:49:00Z</time>
      </trkpt>
      <trkpt lat="65.96815" lon="15.80222">
        <time>2026-02-21T10:59:00Z</time>
      </trkpt>
      <trkpt lat="65.97041" lon="15.81443">
        <time>2026-02-21T11:09:00Z</time>
      </trkpt>
      <trkpt lat="65.97536" lon="15.83372">
        <time>2026-02-21T11:19:00Z</time>
      </trkpt>
      <trkpt lat="65.97414" lon="15.84556">
        <time>2026-02-21T11:29:00Z</time>
      </trkpt>
      <trkpt lat="65.97462" lon="15.85812">
        <time>2026-02-21T11:39:00Z</time>
      </trkpt>
      <trkpt lat="65.97142" lon="15.86689">
        <time>2026-02-21T11:49:00Z</time>
      </trkpt>
      <trkpt lat="65.97013" lon="15.87584">
        <time>2026-02-21T11:59:00Z</time>
      </trkpt>
      <trkpt lat="65.96829" lon="15.8888">
        <time>2026-02-21T12:09:00Z</time>
      </trkpt>
      <trkpt lat="65.96566" lon="15.89998">
        <time>2026-02-21T12:19:00Z</time>
      </trkpt>
      <trkpt lat="65.96422" lon="15.9085">
        <time>2026-02-21T12:29:00Z</time>
      </trkpt>
      <trkpt lat="65.96246" lon="15.91994">
        <time>2026-02-21T12:39:00Z</time>
      </trkpt>
      <trkpt lat="65.96042" lon="15.92946">
        <time>2026-02-21T12:49:00Z</time>
      </trkpt>
      <trkpt lat="65.96188" lon="15.94193">
        <time>2026-02-21T12:59:00Z</time>
      </trkpt>
      <trkpt lat="65.96328" lon="15.95491">
        <time>2026-02-21T13:09:00Z</time>
      </trkpt>
      <trkpt lat="65.96484" lon="15.96877">
        <time>2026-02-21T13:19:00Z</time>
      </trkpt>
      <trkpt lat="65.96441" lon="15.98281">
        <time>2026-02-21T13:29:00Z</time>
      </trkpt>
      <trkpt lat="65.96387" lon="15.99081">
        <time>2026-02-21T13:39:00Z</time>
      </trkpt>
      <trkpt lat="65.96304" lon="16.00534">
        <time>2026-02-21T13:49:00Z</time>
      </trkpt>
      <trkpt lat="65.96263" lon="16.01735">
        <time>2026-02-21T13:59:00Z</time>
      </trkpt>
      <trkpt lat="65.96282" lon="16.02512">
        <time>2026-02-21T14:09:00Z</time>
      </trkpt>
      <trkpt lat="65.96314" lon="16.03366">
        <time>2026-02-21T14:19:00Z</time>
      </trkpt>
      <trkpt lat="65.96304" lon="16.04506">
        <time>2026-02-21T14:29:00Z</time>
      </trkpt>
      <trkpt lat="65.96155" lon="16.05765">
        <time>2026-02-21T14:39:00Z</time>
      </trkpt>
      <trkpt lat="65.96214" lon="16.0689">
        <time>2026-02-21T14:49:00Z</time>
      </trkpt>
      <trkpt lat="65.96263" lon="16.07716">
        <time>2026-02-21T14:59:00Z</time>
      </trkpt>
      <trkpt lat="65.96294" lon="16.0893">
        <time>2026-02-21T15:09:00Z</time>
      </trkpt>
      <trkpt lat="65.96295" lon="16.09964">
        <time>2026-02-21T15:19:00Z</time>
      </trkpt>
      <trkpt lat="65.96289" lon="16.10261">
        <time>2026-02-21T15:29:00Z</time>
      </trkpt>
      <trkpt lat="65.96227" lon="16.11554">
        <time>2026-02-21T15:39:00Z</time>
      </trkpt>
      <trkpt lat="65.95851" lon="16.1349">
        <time>2026-02-21T15:49:00Z</time>
      </trkpt>
      <trkpt lat="65.95702" lon="16.14848">
        <time>2026-02-21T15:59:00Z</time>
      </trkpt>
      <trkpt lat="65.9543" lon="16.15773">
        <time>2026-02-21T16:09:00Z</time>
      </trkpt>
      <trkpt lat="65.95481" lon="16.17026">
        <time>2026-02-21T16:19:00Z</time>
      </trkpt>
      <trkpt lat="65.95454" lon="16.1841">
        <time>2026-02-21T16:29:00Z</time>
      </trkpt>
      <trkpt lat="65.95426" lon="16.19301">
        <time>2026-02-21T16:39:00Z</time>
      </trkpt>
      <trkpt lat="65.9545" lon="16.20457">
        <time>2026-02-21T16:49:00Z</time>
      </trkpt>
      <trkpt lat="65.95644" lon="16.20994">
        <time>2026-02-21T16:59:00Z</time>
      </trkpt>
      <trkpt lat="65.95745" lon="16.20614">
        <time>2026-02-21T17:09:00Z</time>
      </trkpt>
      <trkpt lat="65.95732" lon="16.20607">
        <time>2026-02-21T17:19:00Z</time>
      </trkpt>
      <trkpt lat="65.95741" lon="16.20582">
        <time>2026-02-21T17:23:00Z</time>
      </trkpt>
      <trkpt lat="65.95785" lon="16.21101">
        <time>2026-02-22T10:59:00Z</time>
      </trkpt>
      <trkpt lat="65.95829" lon="16.21258">
        <time>2026-02-22T11:09:00Z</time>
      </trkpt>
      <trkpt lat="65.95986" lon="16.20816">
        <time>2026-02-22T11:39:00Z</time>
      </trkpt>
      <trkpt lat="65.9628" lon="16.21792">
        <time>2026-02-22T11:49:00Z</time>
      </trkpt>
      <trkpt lat="65.96698" lon="16.21056">
        <time>2026-02-22T11:59:00Z</time>
      </trkpt>
      <trkpt lat="65.97169" lon="16.20951">
        <time>2026-02-22T12:09:00Z</time>
      </trkpt>
      <trkpt lat="65.97572" lon="16.21155">
        <time>2026-02-22T12:19:00Z</time>
      </trkpt>
      <trkpt lat="65.98014" lon="16.20592">
        <time>2026-02-22T12:29:00Z</time>
      </trkpt>
      <trkpt lat="65.98547" lon="16.20328">
        <time>2026-02-22T12:39:00Z</time>
      </trkpt>
      <trkpt lat="65.98926" lon="16.20185">
        <time>2026-02-22T12:49:00Z</time>
      </trkpt>
      <trkpt lat="65.99424" lon="16.19567">
        <time>2026-02-22T12:59:00Z</time>
      </trkpt>
      <trkpt lat="65.99972" lon="16.19552">
        <time>2026-02-22T13:09:00Z</time>
      </trkpt>
      <trkpt lat="66.00479" lon="16.19535">
        <time>2026-02-22T13:19:00Z</time>
      </trkpt>
      <trkpt lat="66.01032" lon="16.19674">
        <time>2026-02-22T13:29:00Z</time>
      </trkpt>
      <trkpt lat="66.01489" lon="16.1958">
        <time>2026-02-22T13:39:00Z</time>
      </trkpt>
      <trkpt lat="66.02099" lon="16.19678">
        <time>2026-02-22T13:49:00Z</time>
      </trkpt>
      <trkpt lat="66.02604" lon="16.19369">
        <time>2026-02-22T13:59:00Z</time>
      </trkpt>
      <trkpt lat="66.03113" lon="16.18979">
        <time>2026-02-22T14:09:00Z</time>
      </trkpt>
      <trkpt lat="66.03636" lon="16.1899">
        <time>2026-02-22T14:19:00Z</time>
      </trkpt>
      <trkpt lat="66.03782" lon="16.19732">
        <time>2026-02-22T14:29:00Z</time>
      </trkpt>
      <trkpt lat="66.03931" lon="16.2085">
        <time>2026-02-22T14:39:00Z</time>
      </trkpt>
      <trkpt lat="66.03874" lon="16.21766">
        <time>2026-02-22T14:49:00Z</time>
      </trkpt>
      <trkpt lat="66.03864" lon="16.22491">
        <time>2026-02-22T14:59:00Z</time>
      </trkpt>
      <trkpt lat="66.03737" lon="16.23157">
        <time>2026-02-22T15:09:00Z</time>
      </trkpt>
      <trkpt lat="66.03806" lon="16.23727">
        <time>2026-02-22T15:19:00Z</time>
      </trkpt>
      <trkpt lat="66.03802" lon="16.24474">
        <time>2026-02-22T15:29:00Z</time>
      </trkpt>
      <trkpt lat="66.03898" lon="16.24918">
        <time>2026-02-22T15:39:00Z</time>
      </trkpt>
      <trkpt lat="66.03954" lon="16.25169">
        <time>2026-02-22T15:49:00Z</time>
      </trkpt>
      <trkpt lat="66.0409" lon="16.2559">
        <time>2026-02-22T15:59:00Z</time>
      </trkpt>
      <trkpt lat="66.04318" lon="16.26107">
        <time>2026-02-22T16:09:00Z</time>
      </trkpt>
      <trkpt lat="66.04484" lon="16.26412">
        <time>2026-02-22T16:19:00Z</time>
      </trkpt>
      <trkpt lat="66.04709" lon="16.26532">
        <time>2026-02-22T16:29:00Z</time>
      </trkpt>
      <trkpt lat="66.05009" lon="16.26686">
        <time>2026-02-22T16:39:00Z</time>
      </trkpt>
      <trkpt lat="66.05338" lon="16.26858">
        <time>2026-02-22T16:49:00Z</time>
      </trkpt>
      <trkpt lat="66.05765" lon="16.27081">
        <time>2026-02-22T16:59:00Z</time>
      </trkpt>
      <trkpt lat="66.06257" lon="16.27279">
        <time>2026-02-22T17:09:00Z</time>
      </trkpt>
      <trkpt lat="66.06726" lon="16.27815">
        <time>2026-02-22T17:19:00Z</time>
      </trkpt>
      <trkpt lat="66.07124" lon="16.2827">
        <time>2026-02-22T17:29:00Z</time>
      </trkpt>
      <trkpt lat="66.07123" lon="16.28208">
        <time>2026-02-22T17:39:00Z</time>
      </trkpt>
      <trkpt lat="66.07028" lon="16.27216">
        <time>2026-02-22T17:49:00Z</time>
      </trkpt>
      <trkpt lat="66.0703" lon="16.27208">
        <time>2026-02-23T08:56:00Z</time>
      </trkpt>
      <trkpt lat="66.0715" lon="16.27298">
        <time>2026-02-23T09:06:00Z</time>
      </trkpt>
      <trkpt lat="66.0755" lon="16.27581">
        <time>2026-02-23T09:16:00Z</time>
      </trkpt>
      <trkpt lat="66.07947" lon="16.28017">
        <time>2026-02-23T09:26:00Z</time>
      </trkpt>
      <trkpt lat="66.08231" lon="16.28467">
        <time>2026-02-23T09:36:00Z</time>
      </trkpt>
      <trkpt lat="66.08634" lon="16.29085">
        <time>2026-02-23T09:46:00Z</time>
      </trkpt>
      <trkpt lat="66.09046" lon="16.29714">
        <time>2026-02-23T09:56:00Z</time>
      </trkpt>
      <trkpt lat="66.09392" lon="16.30244">
        <time>2026-02-23T10:06:00Z</time>
      </trkpt>
      <trkpt lat="66.0986" lon="16.30984">
        <time>2026-02-23T10:16:00Z</time>
      </trkpt>
      <trkpt lat="66.10265" lon="16.31611">
        <time>2026-02-23T10:26:00Z</time>
      </trkpt>
      <trkpt lat="66.10525" lon="16.3201">
        <time>2026-02-23T10:36:00Z</time>
      </trkpt>
      <trkpt lat="66.10889" lon="16.32785">
        <time>2026-02-23T10:46:00Z</time>
      </trkpt>
      <trkpt lat="66.11107" lon="16.33306">
        <time>2026-02-23T10:56:00Z</time>
      </trkpt>
      <trkpt lat="66.11267" lon="16.33675">
        <time>2026-02-23T11:06:00Z</time>
      </trkpt>
      <trkpt lat="66.1178" lon="16.34748">
        <time>2026-02-23T11:16:00Z</time>
      </trkpt>
      <trkpt lat="66.12764" lon="16.35933">
        <time>2026-02-23T11:26:00Z</time>
      </trkpt>
      <trkpt lat="66.13183" lon="16.35847">
        <time>2026-02-23T11:36:00Z</time>
      </trkpt>
      <trkpt lat="66.13601" lon="16.35993">
        <time>2026-02-23T11:46:00Z</time>
      </trkpt>
      <trkpt lat="66.14121" lon="16.35817">
        <time>2026-02-23T11:56:00Z</time>
      </trkpt>
      <trkpt lat="66.14698" lon="16.35422">
        <time>2026-02-23T12:06:00Z</time>
      </trkpt>
      <trkpt lat="66.14975" lon="16.35244">
        <time>2026-02-23T12:16:00Z</time>
      </trkpt>
      <trkpt lat="66.15557" lon="16.35066">
        <time>2026-02-23T12:26:00Z</time>
      </trkpt>
      <trkpt lat="66.16118" lon="16.35233">
        <time>2026-02-23T12:36:00Z</time>
      </trkpt>
      <trkpt lat="66.16634" lon="16.35649">
        <time>2026-02-23T12:46:00Z</time>
      </trkpt>
      <trkpt lat="66.1713" lon="16.36072">
        <time>2026-02-23T12:56:00Z</time>
      </trkpt>
      <trkpt lat="66.17521" lon="16.36409">
        <time>2026-02-23T13:06:00Z</time>
      </trkpt>
      <trkpt lat="66.1795" lon="16.3678">
        <time>2026-02-23T13:16:00Z</time>
      </trkpt>
      <trkpt lat="66.18358" lon="16.37156">
        <time>2026-02-23T13:26:00Z</time>
      </trkpt>
      <trkpt lat="66.18729" lon="16.37559">
        <time>2026-02-23T13:36:00Z</time>
      </trkpt>
      <trkpt lat="66.19195" lon="16.37885">
        <time>2026-02-23T13:46:00Z</time>
      </trkpt>
      <trkpt lat="66.1924" lon="16.37904">
        <time>2026-02-23T13:56:00Z</time>
      </trkpt>
      <trkpt lat="66.19757" lon="16.3822">
        <time>2026-02-23T14:06:00Z</time>
      </trkpt>
      <trkpt lat="66.20288" lon="16.38057">
        <time>2026-02-23T14:16:00Z</time>
      </trkpt>
      <trkpt lat="66.20743" lon="16.37969">
        <time>2026-02-23T14:26:00Z</time>
      </trkpt>
      <trkpt lat="66.20999" lon="16.37707">
        <time>2026-02-23T14:36:00Z</time>
      </trkpt>
      <trkpt lat="66.21348" lon="16.37909">
        <time>2026-02-23T14:46:00Z</time>
      </trkpt>
      <trkpt lat="66.21986" lon="16.37544">
        <time>2026-02-23T14:56:00Z</time>
      </trkpt>
      <trkpt lat="66.22292" lon="16.37947">
        <time>2026-02-23T15:06:00Z</time>
      </trkpt>
      <trkpt lat="66.22705" lon="16.38671">
        <time>2026-02-23T15:16:00Z</time>
      </trkpt>
      <trkpt lat="66.23242" lon="16.39153">
        <time>2026-02-23T15:26:00Z</time>
      </trkpt>
      <trkpt lat="66.23807" lon="16.38767">
        <time>2026-02-23T15:36:00Z</time>
      </trkpt>
      <trkpt lat="66.24257" lon="16.38207">
        <time>2026-02-23T15:46:00Z</time>
      </trkpt>
      <trkpt lat="66.2472" lon="16.38048">
        <time>2026-02-23T15:56:00Z</time>
      </trkpt>
      <trkpt lat="66.25146" lon="16.38254">
        <time>2026-02-23T16:06:00Z</time>
      </trkpt>
      <trkpt lat="66.25562" lon="16.38758">
        <time>2026-02-23T16:16:00Z</time>
      </trkpt>
      <trkpt lat="66.25952" lon="16.38911">
        <time>2026-02-23T16:26:00Z</time>
      </trkpt>
      <trkpt lat="66.26459" lon="16.39366">
        <time>2026-02-23T16:36:00Z</time>
      </trkpt>
      <trkpt lat="66.26771" lon="16.40814">
        <time>2026-02-23T16:46:00Z</time>
      </trkpt>
      <trkpt lat="66.27058" lon="16.42226">
        <time>2026-02-23T16:56:00Z</time>
      </trkpt>
      <trkpt lat="66.27449" lon="16.43919">
        <time>2026-02-23T17:06:00Z</time>
      </trkpt>
      <trkpt lat="66.27973" lon="16.46567">
        <time>2026-02-23T17:16:00Z</time>
      </trkpt>
      <trkpt lat="66.28359" lon="16.48284">
        <time>2026-02-23T17:26:00Z</time>
      </trkpt>
      <trkpt lat="66.28145" lon="16.48938">
        <time>2026-02-23T17:36:00Z</time>
      </trkpt>
      <trkpt lat="66.28073" lon="16.48955">
        <time>2026-02-23T17:46:00Z</time>
      </trkpt>
      <trkpt lat="66.28073" lon="16.48955">
        <time>2026-02-23T18:08:00Z</time>
      </trkpt>
      <trkpt lat="66.28075" lon="16.48927">
        <time>2026-02-24T08:54:00Z</time>
      </trkpt>
      <trkpt lat="66.28314" lon="16.49144">
        <time>2026-02-24T09:04:00Z</time>
      </trkpt>
      <trkpt lat="66.28542" lon="16.50253">
        <time>2026-02-24T09:14:00Z</time>
      </trkpt>
      <trkpt lat="66.28291" lon="16.49577">
        <time>2026-02-24T09:24:00Z</time>
      </trkpt>
      <trkpt lat="66.28122" lon="16.50704">
        <time>2026-02-24T09:34:00Z</time>
      </trkpt>
      <trkpt lat="66.28252" lon="16.51794">
        <time>2026-02-24T09:44:00Z</time>
      </trkpt>
      <trkpt lat="66.28188" lon="16.53281">
        <time>2026-02-24T09:54:00Z</time>
      </trkpt>
      <trkpt lat="66.28349" lon="16.54652">
        <time>2026-02-24T10:04:00Z</time>
      </trkpt>
      <trkpt lat="66.28471" lon="16.56124">
        <time>2026-02-24T10:14:00Z</time>
      </trkpt>
      <trkpt lat="66.28352" lon="16.56972">
        <time>2026-02-24T10:24:00Z</time>
      </trkpt>
      <trkpt lat="66.2836" lon="16.58463">
        <time>2026-02-24T10:34:00Z</time>
      </trkpt>
      <trkpt lat="66.28713" lon="16.59285">
        <time>2026-02-24T10:44:00Z</time>
      </trkpt>
      <trkpt lat="66.28586" lon="16.60544">
        <time>2026-02-24T10:54:00Z</time>
      </trkpt>
      <trkpt lat="66.28399" lon="16.61656">
        <time>2026-02-24T11:04:00Z</time>
      </trkpt>
      <trkpt lat="66.28198" lon="16.62847">
        <time>2026-02-24T11:14:00Z</time>
      </trkpt>
      <trkpt lat="66.27947" lon="16.64338">
        <time>2026-02-24T11:24:00Z</time>
      </trkpt>
      <trkpt lat="66.2789" lon="16.64924">
        <time>2026-02-24T11:34:00Z</time>
      </trkpt>
      <trkpt lat="66.27858" lon="16.66199">
        <time>2026-02-24T11:44:00Z</time>
      </trkpt>
      <trkpt lat="66.27977" lon="16.66143">
        <time>2026-02-24T11:54:00Z</time>
      </trkpt>
      <trkpt lat="66.28117" lon="16.66237">
        <time>2026-02-24T12:04:00Z</time>
      </trkpt>
      <trkpt lat="66.28431" lon="16.66327">
        <time>2026-02-24T12:14:00Z</time>
      </trkpt>
      <trkpt lat="66.2875" lon="16.66849">
        <time>2026-02-24T12:24:00Z</time>
      </trkpt>
      <trkpt lat="66.29271" lon="16.67415">
        <time>2026-02-24T12:34:00Z</time>
      </trkpt>
      <trkpt lat="66.29596" lon="16.67471">
        <time>2026-02-24T12:44:00Z</time>
      </trkpt>
      <trkpt lat="66.29931" lon="16.67649">
        <time>2026-02-24T12:54:00Z</time>
      </trkpt>
      <trkpt lat="66.30189" lon="16.67795">
        <time>2026-02-24T13:04:00Z</time>
      </trkpt>
      <trkpt lat="66.30397" lon="16.68115">
        <time>2026-02-24T13:14:00Z</time>
      </trkpt>
      <trkpt lat="66.30723" lon="16.68374">
        <time>2026-02-24T13:24:00Z</time>
      </trkpt>
      <trkpt lat="66.31024" lon="16.69265">
        <time>2026-02-24T13:34:00Z</time>
      </trkpt>
      <trkpt lat="66.31296" lon="16.69924">
        <time>2026-02-24T13:44:00Z</time>
      </trkpt>
      <trkpt lat="66.31702" lon="16.70203">
        <time>2026-02-24T13:54:00Z</time>
      </trkpt>
      <trkpt lat="66.3211" lon="16.71166">
        <time>2026-02-24T14:04:00Z</time>
      </trkpt>
      <trkpt lat="66.32252" lon="16.72587">
        <time>2026-02-24T14:14:00Z</time>
      </trkpt>
      <trkpt lat="66.32381" lon="16.73874">
        <time>2026-02-24T14:24:00Z</time>
      </trkpt>
      <trkpt lat="66.32571" lon="16.74895">
        <time>2026-02-24T14:34:00Z</time>
      </trkpt>
      <trkpt lat="66.32684" lon="16.75704">
        <time>2026-02-24T14:44:00Z</time>
      </trkpt>
      <trkpt lat="66.32967" lon="16.76472">
        <time>2026-02-24T14:54:00Z</time>
      </trkpt>
      <trkpt lat="66.3314" lon="16.76938">
        <time>2026-02-24T15:04:00Z</time>
      </trkpt>
      <trkpt lat="66.33307" lon="16.77532">
        <time>2026-02-24T15:14:00Z</time>
      </trkpt>
      <trkpt lat="66.33421" lon="16.78174">
        <time>2026-02-24T15:24:00Z</time>
      </trkpt>
      <trkpt lat="66.33655" lon="16.78899">
        <time>2026-02-24T15:34:00Z</time>
      </trkpt>
      <trkpt lat="66.33999" lon="16.79841">
        <time>2026-02-24T15:44:00Z</time>
      </trkpt>
      <trkpt lat="66.34167" lon="16.80592">
        <time>2026-02-24T15:54:00Z</time>
      </trkpt>
      <trkpt lat="66.34548" lon="16.80927">
        <time>2026-02-24T16:04:00Z</time>
      </trkpt>
      <trkpt lat="66.34778" lon="16.81867">
        <time>2026-02-24T16:14:00Z</time>
      </trkpt>
      <trkpt lat="66.3496" lon="16.82584">
        <time>2026-02-24T16:24:00Z</time>
      </trkpt>
      <trkpt lat="66.35068" lon="16.83446">
        <time>2026-02-24T16:34:00Z</time>
      </trkpt>
      <trkpt lat="66.35104" lon="16.83408">
        <time>2026-02-24T16:44:00Z</time>
      </trkpt>
      <trkpt lat="66.35113" lon="16.8341">
        <time>2026-02-24T17:07:00Z</time>
      </trkpt>
      <trkpt lat="66.35112" lon="16.83382">
        <time>2026-02-25T08:17:00Z</time>
      </trkpt>
      <trkpt lat="66.35133" lon="16.8353">
        <time>2026-02-25T08:27:00Z</time>
      </trkpt>
      <trkpt lat="66.35184" lon="16.84004">
        <time>2026-02-25T08:37:00Z</time>
      </trkpt>
      <trkpt lat="66.35212" lon="16.84547">
        <time>2026-02-25T08:47:00Z</time>
      </trkpt>
      <trkpt lat="66.35363" lon="16.8535">
        <time>2026-02-25T08:57:00Z</time>
      </trkpt>
      <trkpt lat="66.35523" lon="16.86349">
        <time>2026-02-25T09:07:00Z</time>
      </trkpt>
      <trkpt lat="66.35673" lon="16.87208">
        <time>2026-02-25T09:17:00Z</time>
      </trkpt>
      <trkpt lat="66.35806" lon="16.88311">
        <time>2026-02-25T09:27:00Z</time>
      </trkpt>
      <trkpt lat="66.35985" lon="16.89911">
        <time>2026-02-25T09:37:00Z</time>
      </trkpt>
      <trkpt lat="66.36113" lon="16.90954">
        <time>2026-02-25T09:47:00Z</time>
      </trkpt>
      <trkpt lat="66.36461" lon="16.91613">
        <time>2026-02-25T09:57:00Z</time>
      </trkpt>
      <trkpt lat="66.3671" lon="16.91757">
        <time>2026-02-25T10:07:00Z</time>
      </trkpt>
      <trkpt lat="66.37032" lon="16.90549">
        <time>2026-02-25T10:17:00Z</time>
      </trkpt>
      <trkpt lat="66.37857" lon="16.92392">
        <time>2026-02-25T10:27:00Z</time>
      </trkpt>
      <trkpt lat="66.38313" lon="16.95329">
        <time>2026-02-25T10:37:00Z</time>
      </trkpt>
      <trkpt lat="66.38232" lon="16.96462">
        <time>2026-02-25T10:47:00Z</time>
      </trkpt>
      <trkpt lat="66.38508" lon="16.96168">
        <time>2026-02-25T10:57:00Z</time>
      </trkpt>
      <trkpt lat="66.38945" lon="16.96608">
        <time>2026-02-25T11:07:00Z</time>
      </trkpt>
      <trkpt lat="66.39013" lon="16.96475">
        <time>2026-02-25T13:08:00Z</time>
      </trkpt>
      <trkpt lat="66.38603" lon="16.96928">
        <time>2026-02-25T13:38:00Z</time>
      </trkpt>
      <trkpt lat="66.38542" lon="16.98263">
        <time>2026-02-25T13:48:00Z</time>
      </trkpt>
      <trkpt lat="66.38699" lon="16.99387">
        <time>2026-02-25T13:58:00Z</time>
      </trkpt>
      <trkpt lat="66.38882" lon="17.00657">
        <time>2026-02-25T14:08:00Z</time>
      </trkpt>
      <trkpt lat="66.39077" lon="17.01992">
        <time>2026-02-25T14:18:00Z</time>
      </trkpt>
      <trkpt lat="66.39268" lon="17.0341">
        <time>2026-02-25T14:28:00Z</time>
      </trkpt>
      <trkpt lat="66.39427" lon="17.04786">
        <time>2026-02-25T14:38:00Z</time>
      </trkpt>
      <trkpt lat="66.39572" lon="17.05919">
        <time>2026-02-25T14:48:00Z</time>
      </trkpt>
      <trkpt lat="66.39718" lon="17.07108">
        <time>2026-02-25T14:58:00Z</time>
      </trkpt>
      <trkpt lat="66.3988" lon="17.0847">
        <time>2026-02-25T15:08:00Z</time>
      </trkpt>
      <trkpt lat="66.40024" lon="17.09788">
        <time>2026-02-25T15:18:00Z</time>
      </trkpt>
      <trkpt lat="66.40158" lon="17.11026">
        <time>2026-02-25T15:28:00Z</time>
      </trkpt>
      <trkpt lat="66.40282" lon="17.12236">
        <time>2026-02-25T15:38:00Z</time>
      </trkpt>
      <trkpt lat="66.40392" lon="17.13586">
        <time>2026-02-25T15:48:00Z</time>
      </trkpt>
      <trkpt lat="66.4031" lon="17.14755">
        <time>2026-02-25T15:58:00Z</time>
      </trkpt>
      <trkpt lat="66.406" lon="17.15216">
        <time>2026-02-25T16:08:00Z</time>
      </trkpt>
      <trkpt lat="66.40881" lon="17.16255">
        <time>2026-02-25T16:18:00Z</time>
      </trkpt>
      <trkpt lat="66.40921" lon="17.17264">
        <time>2026-02-25T16:28:00Z</time>
      </trkpt>
      <trkpt lat="66.40839" lon="17.17706">
        <time>2026-02-25T16:38:00Z</time>
      </trkpt>
      <trkpt lat="66.40838" lon="17.17706">
        <time>2026-02-25T16:42:00Z</time>
      </trkpt>
      <trkpt lat="66.40842" lon="17.17695">
        <time>2026-02-26T08:43:00Z</time>
      </trkpt>
      <trkpt lat="66.40836" lon="17.17716">
        <time>2026-02-26T08:53:00Z</time>
      </trkpt>
      <trkpt lat="66.40753" lon="17.18905">
        <time>2026-02-26T09:03:00Z</time>
      </trkpt>
      <trkpt lat="66.41179" lon="17.18811">
        <time>2026-02-26T09:13:00Z</time>
      </trkpt>
      <trkpt lat="66.41499" lon="17.18751">
        <time>2026-02-26T09:23:00Z</time>
      </trkpt>
      <trkpt lat="66.41841" lon="17.18637">
        <time>2026-02-26T09:33:00Z</time>
      </trkpt>
      <trkpt lat="66.42081" lon="17.18716">
        <time>2026-02-26T09:43:00Z</time>
      </trkpt>
      <trkpt lat="66.42334" lon="17.18667">
        <time>2026-02-26T09:53:00Z</time>
      </trkpt>
      <trkpt lat="66.42587" lon="17.18817">
        <time>2026-02-26T10:03:00Z</time>
      </trkpt>
      <trkpt lat="66.42836" lon="17.18995">
        <time>2026-02-26T10:13:00Z</time>
      </trkpt>
      <trkpt lat="66.43012" lon="17.19581">
        <time>2026-02-26T10:23:00Z</time>
      </trkpt>
      <trkpt lat="66.43248" lon="17.19956">
        <time>2026-02-26T10:33:00Z</time>
      </trkpt>
      <trkpt lat="66.43707" lon="17.22152">
        <time>2026-02-26T10:43:00Z</time>
      </trkpt>
      <trkpt lat="66.43798" lon="17.23909">
        <time>2026-02-26T10:53:00Z</time>
      </trkpt>
      <trkpt lat="66.4412" lon="17.2495">
        <time>2026-02-26T11:03:00Z</time>
      </trkpt>
      <trkpt lat="66.44472" lon="17.25171">
        <time>2026-02-26T11:13:00Z</time>
      </trkpt>
      <trkpt lat="66.44795" lon="17.24834">
        <time>2026-02-26T11:23:00Z</time>
      </trkpt>
      <trkpt lat="66.45313" lon="17.24287">
        <time>2026-02-26T11:33:00Z</time>
      </trkpt>
      <trkpt lat="66.45842" lon="17.24203">
        <time>2026-02-26T11:43:00Z</time>
      </trkpt>
      <trkpt lat="66.46244" lon="17.24173">
        <time>2026-02-26T11:53:00Z</time>
      </trkpt>
      <trkpt lat="66.46868" lon="17.24113">
        <time>2026-02-26T12:03:00Z</time>
      </trkpt>
      <trkpt lat="66.47321" lon="17.23941">
        <time>2026-02-26T12:13:00Z</time>
      </trkpt>
      <trkpt lat="66.47664" lon="17.23791">
        <time>2026-02-26T12:23:00Z</time>
      </trkpt>
      <trkpt lat="66.48266" lon="17.23525">
        <time>2026-02-26T12:33:00Z</time>
      </trkpt>
      <trkpt lat="66.48639" lon="17.23368">
        <time>2026-02-26T12:43:00Z</time>
      </trkpt>
      <trkpt lat="66.4909" lon="17.23336">
        <time>2026-02-26T12:53:00Z</time>
      </trkpt>
      <trkpt lat="66.49405" lon="17.23136">
        <time>2026-02-26T13:03:00Z</time>
      </trkpt>
      <trkpt lat="66.49758" lon="17.23255">
        <time>2026-02-26T13:13:00Z</time>
      </trkpt>
      <trkpt lat="66.5003" lon="17.23488">
        <time>2026-02-26T13:23:00Z</time>
      </trkpt>
      <trkpt lat="66.50379" lon="17.23769">
        <time>2026-02-26T13:33:00Z</time>
      </trkpt>
      <trkpt lat="66.50726" lon="17.24063">
        <time>2026-02-26T13:43:00Z</time>
      </trkpt>
      <trkpt lat="66.50922" lon="17.24261">
        <time>2026-02-26T13:53:00Z</time>
      </trkpt>
      <trkpt lat="66.5153" lon="17.24276">
        <time>2026-02-26T14:03:00Z</time>
      </trkpt>
      <trkpt lat="66.52027" lon="17.24145">
        <time>2026-02-26T14:13:00Z</time>
      </trkpt>
      <trkpt lat="66.52389" lon="17.2422">
        <time>2026-02-26T14:23:00Z</time>
      </trkpt>
      <trkpt lat="66.52785" lon="17.24179">
        <time>2026-02-26T14:33:00Z</time>
      </trkpt>
      <trkpt lat="66.53325" lon="17.24076">
        <time>2026-02-26T14:43:00Z</time>
      </trkpt>
      <trkpt lat="66.53774" lon="17.23722">
        <time>2026-02-26T14:53:00Z</time>
      </trkpt>
      <trkpt lat="66.5409" lon="17.23149">
        <time>2026-02-26T15:03:00Z</time>
      </trkpt>
      <trkpt lat="66.54497" lon="17.23091">
        <time>2026-02-26T15:13:00Z</time>
      </trkpt>
      <trkpt lat="66.54881" lon="17.22952">
        <time>2026-02-26T15:23:00Z</time>
      </trkpt>
      <trkpt lat="66.55292" lon="17.23076">
        <time>2026-02-26T15:33:00Z</time>
      </trkpt>
      <trkpt lat="66.55672" lon="17.22821">
        <time>2026-02-26T15:43:00Z</time>
      </trkpt>
      <trkpt lat="66.56256" lon="17.23177">
        <time>2026-02-26T15:53:00Z</time>
      </trkpt>
      <trkpt lat="66.56488" lon="17.23645">
        <time>2026-02-26T16:03:00Z</time>
      </trkpt>
      <trkpt lat="66.56554" lon="17.24171">
        <time>2026-02-26T16:13:00Z</time>
      </trkpt>
      <trkpt lat="66.56557" lon="17.24162">
        <time>2026-02-26T16:23:00Z</time>
      </trkpt>
      <trkpt lat="66.56559" lon="17.24179">
        <time>2026-02-26T16:41:00Z</time>
      </trkpt>
      <trkpt lat="66.56557" lon="17.24171">
        <time>2026-02-27T08:47:00Z</time>
      </trkpt>
      <trkpt lat="66.56572" lon="17.24274">
        <time>2026-02-27T08:57:00Z</time>
      </trkpt>
      <trkpt lat="66.56519" lon="17.25121">
        <time>2026-02-27T09:07:00Z</time>
      </trkpt>
      <trkpt lat="66.56513" lon="17.26572">
        <time>2026-02-27T09:17:00Z</time>
      </trkpt>
      <trkpt lat="66.56442" lon="17.27804">
        <time>2026-02-27T09:27:00Z</time>
      </trkpt>
      <trkpt lat="66.56281" lon="17.29001">
        <time>2026-02-27T09:37:00Z</time>
      </trkpt>
      <trkpt lat="66.56097" lon="17.29971">
        <time>2026-02-27T09:47:00Z</time>
      </trkpt>
      <trkpt lat="66.55925" lon="17.31187">
        <time>2026-02-27T09:57:00Z</time>
      </trkpt>
      <trkpt lat="66.55668" lon="17.32451">
        <time>2026-02-27T10:07:00Z</time>
      </trkpt>
      <trkpt lat="66.55535" lon="17.33346">
        <time>2026-02-27T10:17:00Z</time>
      </trkpt>
      <trkpt lat="66.55315" lon="17.34419">
        <time>2026-02-27T10:27:00Z</time>
      </trkpt>
      <trkpt lat="66.55523" lon="17.35543">
        <time>2026-02-27T10:37:00Z</time>
      </trkpt>
      <trkpt lat="66.55545" lon="17.36468">
        <time>2026-02-27T10:47:00Z</time>
      </trkpt>
      <trkpt lat="66.55429" lon="17.37601">
        <time>2026-02-27T10:57:00Z</time>
      </trkpt>
      <trkpt lat="66.5545" lon="17.38165">
        <time>2026-02-27T11:07:00Z</time>
      </trkpt>
      <trkpt lat="66.55562" lon="17.38556">
        <time>2026-02-27T11:17:00Z</time>
      </trkpt>
      <trkpt lat="66.55844" lon="17.38919">
        <time>2026-02-27T11:27:00Z</time>
      </trkpt>
      <trkpt lat="66.56059" lon="17.39032">
        <time>2026-02-27T11:37:00Z</time>
      </trkpt>
      <trkpt lat="66.56188" lon="17.3908">
        <time>2026-02-27T11:47:00Z</time>
      </trkpt>
      <trkpt lat="66.56394" lon="17.3911">
        <time>2026-02-27T11:57:00Z</time>
      </trkpt>
      <trkpt lat="66.56845" lon="17.39852">
        <time>2026-02-27T12:07:00Z</time>
      </trkpt>
      <trkpt lat="66.57336" lon="17.39949">
        <time>2026-02-27T12:17:00Z</time>
      </trkpt>
      <trkpt lat="66.57847" lon="17.3988">
        <time>2026-02-27T12:27:00Z</time>
      </trkpt>
      <trkpt lat="66.58207" lon="17.39554">
        <time>2026-02-27T12:37:00Z</time>
      </trkpt>
      <trkpt lat="66.58573" lon="17.38968">
        <time>2026-02-27T12:47:00Z</time>
      </trkpt>
      <trkpt lat="66.59205" lon="17.38653">
        <time>2026-02-27T12:57:00Z</time>
      </trkpt>
      <trkpt lat="66.59473" lon="17.38998">
        <time>2026-02-27T13:07:00Z</time>
      </trkpt>
      <trkpt lat="66.59828" lon="17.39618">
        <time>2026-02-27T13:17:00Z</time>
      </trkpt>
      <trkpt lat="66.60153" lon="17.39363">
        <time>2026-02-27T13:27:00Z</time>
      </trkpt>
      <trkpt lat="66.60591" lon="17.38921">
        <time>2026-02-27T13:37:00Z</time>
      </trkpt>
      <trkpt lat="66.60707" lon="17.38736">
        <time>2026-02-27T13:47:00Z</time>
      </trkpt>
      <trkpt lat="66.60867" lon="17.38329">
        <time>2026-02-27T13:57:00Z</time>
      </trkpt>
      <trkpt lat="66.61215" lon="17.37575">
        <time>2026-02-27T14:07:00Z</time>
      </trkpt>
      <trkpt lat="66.61706" lon="17.37198">
        <time>2026-02-27T14:17:00Z</time>
      </trkpt>
      <trkpt lat="66.61969" lon="17.37232">
        <time>2026-02-27T14:27:00Z</time>
      </trkpt>
      <trkpt lat="66.62388" lon="17.37741">
        <time>2026-02-27T14:37:00Z</time>
      </trkpt>
      <trkpt lat="66.62726" lon="17.38466">
        <time>2026-02-27T14:47:00Z</time>
      </trkpt>
      <trkpt lat="66.63106" lon="17.38844">
        <time>2026-02-27T14:57:00Z</time>
      </trkpt>
      <trkpt lat="66.63621" lon="17.39524">
        <time>2026-02-27T15:07:00Z</time>
      </trkpt>
      <trkpt lat="66.64363" lon="17.4009">
        <time>2026-02-27T15:17:00Z</time>
      </trkpt>
      <trkpt lat="66.64727" lon="17.39764">
        <time>2026-02-27T15:27:00Z</time>
      </trkpt>
      <trkpt lat="66.65091" lon="17.39747">
        <time>2026-02-27T15:37:00Z</time>
      </trkpt>
      <trkpt lat="66.6552" lon="17.40586">
        <time>2026-02-27T15:47:00Z</time>
      </trkpt>
      <trkpt lat="66.66236" lon="17.41871">
        <time>2026-02-27T15:57:00Z</time>
      </trkpt>
      <trkpt lat="66.66601" lon="17.42817">
        <time>2026-02-27T16:07:00Z</time>
      </trkpt>
      <trkpt lat="66.66965" lon="17.43695">
        <time>2026-02-27T16:17:00Z</time>
      </trkpt>
      <trkpt lat="66.67333" lon="17.44178">
        <time>2026-02-27T16:27:00Z</time>
      </trkpt>
      <trkpt lat="66.67775" lon="17.43545">
        <time>2026-02-27T16:37:00Z</time>
      </trkpt>
      <trkpt lat="66.68259" lon="17.4288">
        <time>2026-02-27T16:47:00Z</time>
      </trkpt>
      <trkpt lat="66.68676" lon="17.4223">
        <time>2026-02-27T16:57:00Z</time>
      </trkpt>
      <trkpt lat="66.6909" lon="17.415">
        <time>2026-02-27T17:07:00Z</time>
      </trkpt>
      <trkpt lat="66.69531" lon="17.40766">
        <time>2026-02-27T17:17:00Z</time>
      </trkpt>
      <trkpt lat="66.69967" lon="17.40163">
        <time>2026-02-27T17:27:00Z</time>
      </trkpt>
      <trkpt lat="66.70362" lon="17.3965">
        <time>2026-02-27T17:37:00Z</time>
      </trkpt>
      <trkpt lat="66.70782" lon="17.39075">
        <time>2026-02-27T17:47:00Z</time>
      </trkpt>
      <trkpt lat="66.71136" lon="17.38762">
        <time>2026-02-27T17:57:00Z</time>
      </trkpt>
      <trkpt lat="66.71344" lon="17.39075">
        <time>2026-02-27T18:07:00Z</time>
      </trkpt>
      <trkpt lat="66.71346" lon="17.39069">
        <time>2026-02-28T08:27:00Z</time>
      </trkpt>
      <trkpt lat="66.71351" lon="17.39077">
        <time>2026-02-28T08:37:00Z</time>
      </trkpt>
      <trkpt lat="66.7177" lon="17.39363">
        <time>2026-02-28T08:47:00Z</time>
      </trkpt>
      <trkpt lat="66.72075" lon="17.39882">
        <time>2026-02-28T08:57:00Z</time>
      </trkpt>
      <trkpt lat="66.72337" lon="17.39944">
        <time>2026-02-28T09:07:00Z</time>
      </trkpt>
      <trkpt lat="66.72656" lon="17.39721">
        <time>2026-02-28T09:17:00Z</time>
      </trkpt>
      <trkpt lat="66.73091" lon="17.39713">
        <time>2026-02-28T09:27:00Z</time>
      </trkpt>
      <trkpt lat="66.73615" lon="17.40022">
        <time>2026-02-28T09:37:00Z</time>
      </trkpt>
      <trkpt lat="66.74037" lon="17.40562">
        <time>2026-02-28T09:47:00Z</time>
      </trkpt>
      <trkpt lat="66.74435" lon="17.4103">
        <time>2026-02-28T09:57:00Z</time>
      </trkpt>
      <trkpt lat="66.74464" lon="17.41612">
        <time>2026-02-28T10:07:00Z</time>
      </trkpt>
      <trkpt lat="66.74675" lon="17.42835">
        <time>2026-02-28T10:17:00Z</time>
      </trkpt>
      <trkpt lat="66.74859" lon="17.43888">
        <time>2026-02-28T10:27:00Z</time>
      </trkpt>
      <trkpt lat="66.75202" lon="17.4506">
        <time>2026-02-28T10:37:00Z</time>
      </trkpt>
      <trkpt lat="66.75524" lon="17.4604">
        <time>2026-02-28T10:47:00Z</time>
      </trkpt>
      <trkpt lat="66.7581" lon="17.46924">
        <time>2026-02-28T10:57:00Z</time>
      </trkpt>
      <trkpt lat="66.76053" lon="17.47311">
        <time>2026-02-28T11:07:00Z</time>
      </trkpt>
      <trkpt lat="66.76203" lon="17.48371">
        <time>2026-02-28T11:17:00Z</time>
      </trkpt>
      <trkpt lat="66.76523" lon="17.48881">
        <time>2026-02-28T11:27:00Z</time>
      </trkpt>
      <trkpt lat="66.76632" lon="17.49233">
        <time>2026-02-28T11:37:00Z</time>
      </trkpt>
      <trkpt lat="66.76807" lon="17.49639">
        <time>2026-02-28T11:47:00Z</time>
      </trkpt>
      <trkpt lat="66.77347" lon="17.50025">
        <time>2026-02-28T11:57:00Z</time>
      </trkpt>
      <trkpt lat="66.77768" lon="17.51568">
        <time>2026-02-28T12:07:00Z</time>
      </trkpt>
      <trkpt lat="66.77665" lon="17.52544">
        <time>2026-02-28T12:17:00Z</time>
      </trkpt>
      <trkpt lat="66.77626" lon="17.53357">
        <time>2026-02-28T12:27:00Z</time>
      </trkpt>
      <trkpt lat="66.77873" lon="17.54351">
        <time>2026-02-28T12:37:00Z</time>
      </trkpt>
      <trkpt lat="66.78248" lon="17.55205">
        <time>2026-02-28T12:47:00Z</time>
      </trkpt>
      <trkpt lat="66.7868" lon="17.5525">
        <time>2026-02-28T12:57:00Z</time>
      </trkpt>
      <trkpt lat="66.78882" lon="17.54686">
        <time>2026-02-28T13:07:00Z</time>
      </trkpt>
      <trkpt lat="66.79089" lon="17.54074">
        <time>2026-02-28T13:17:00Z</time>
      </trkpt>
      <trkpt lat="66.79211" lon="17.53973">
        <time>2026-02-28T13:27:00Z</time>
      </trkpt>
      <trkpt lat="66.79426" lon="17.53887">
        <time>2026-02-28T13:37:00Z</time>
      </trkpt>
      <trkpt lat="66.79672" lon="17.53894">
        <time>2026-02-28T13:47:00Z</time>
      </trkpt>
      <trkpt lat="66.79918" lon="17.53872">
        <time>2026-02-28T13:57:00Z</time>
      </trkpt>
      <trkpt lat="66.8007" lon="17.53857">
        <time>2026-02-28T14:07:00Z</time>
      </trkpt>
      <trkpt lat="66.80278" lon="17.53943">
        <time>2026-02-28T14:17:00Z</time>
      </trkpt>
      <trkpt lat="66.80505" lon="17.54113">
        <time>2026-02-28T14:27:00Z</time>
      </trkpt>
      <trkpt lat="66.80708" lon="17.54458">
        <time>2026-02-28T14:37:00Z</time>
      </trkpt>
      <trkpt lat="66.80785" lon="17.54628">
        <time>2026-02-28T14:47:00Z</time>
      </trkpt>
      <trkpt lat="66.81235" lon="17.5513">
        <time>2026-02-28T14:57:00Z</time>
      </trkpt>
      <trkpt lat="66.81425" lon="17.55441">
        <time>2026-02-28T15:07:00Z</time>
      </trkpt>
      <trkpt lat="66.81958" lon="17.56377">
        <time>2026-02-28T15:17:00Z</time>
      </trkpt>
      <trkpt lat="66.82454" lon="17.5713">
        <time>2026-02-28T15:27:00Z</time>
      </trkpt>
      <trkpt lat="66.82854" lon="17.5764">
        <time>2026-02-28T15:37:00Z</time>
      </trkpt>
      <trkpt lat="66.83581" lon="17.58076">
        <time>2026-02-28T15:47:00Z</time>
      </trkpt>
      <trkpt lat="66.84229" lon="17.58767">
        <time>2026-02-28T15:57:00Z</time>
      </trkpt>
      <trkpt lat="66.84493" lon="17.58928">
        <time>2026-02-28T16:07:00Z</time>
      </trkpt>
      <trkpt lat="66.845" lon="17.58932">
        <time>2026-02-28T16:10:00Z</time>
      </trkpt>
      <trkpt lat="66.84495" lon="17.58911">
        <time>2026-03-01T08:08:00Z</time>
      </trkpt>
      <trkpt lat="66.84724" lon="17.58803">
        <time>2026-03-01T08:18:00Z</time>
      </trkpt>
      <trkpt lat="66.85139" lon="17.59033">
        <time>2026-03-01T08:28:00Z</time>
      </trkpt>
      <trkpt lat="66.8527" lon="17.59125">
        <time>2026-03-01T08:38:00Z</time>
      </trkpt>
      <trkpt lat="66.8576" lon="17.59617">
        <time>2026-03-01T08:48:00Z</time>
      </trkpt>
      <trkpt lat="66.86268" lon="17.59859">
        <time>2026-03-01T08:58:00Z</time>
      </trkpt>
      <trkpt lat="66.86646" lon="17.60237">
        <time>2026-03-01T09:08:00Z</time>
      </trkpt>
      <trkpt lat="66.86893" lon="17.60614">
        <time>2026-03-01T09:18:00Z</time>
      </trkpt>
      <trkpt lat="66.87166" lon="17.61406">
        <time>2026-03-01T09:28:00Z</time>
      </trkpt>
      <trkpt lat="66.87461" lon="17.6243">
        <time>2026-03-01T09:38:00Z</time>
      </trkpt>
      <trkpt lat="66.87639" lon="17.63528">
        <time>2026-03-01T09:48:00Z</time>
      </trkpt>
      <trkpt lat="66.87823" lon="17.6494">
        <time>2026-03-01T09:58:00Z</time>
      </trkpt>
      <trkpt lat="66.88101" lon="17.6547">
        <time>2026-03-01T10:08:00Z</time>
      </trkpt>
      <trkpt lat="66.88316" lon="17.65372">
        <time>2026-03-01T10:18:00Z</time>
      </trkpt>
      <trkpt lat="66.88569" lon="17.65565">
        <time>2026-03-01T10:28:00Z</time>
      </trkpt>
      <trkpt lat="66.88862" lon="17.65897">
        <time>2026-03-01T10:38:00Z</time>
      </trkpt>
      <trkpt lat="66.89523" lon="17.66511">
        <time>2026-03-01T10:48:00Z</time>
      </trkpt>
      <trkpt lat="66.89925" lon="17.66996">
        <time>2026-03-01T10:58:00Z</time>
      </trkpt>
      <trkpt lat="66.90368" lon="17.67054">
        <time>2026-03-01T11:08:00Z</time>
      </trkpt>
      <trkpt lat="66.90743" lon="17.67223">
        <time>2026-03-01T11:18:00Z</time>
      </trkpt>
      <trkpt lat="66.91416" lon="17.67176">
        <time>2026-03-01T11:28:00Z</time>
      </trkpt>
      <trkpt lat="66.92185" lon="17.6656">
        <time>2026-03-01T11:38:00Z</time>
      </trkpt>
      <trkpt lat="66.92484" lon="17.66874">
        <time>2026-03-01T11:48:00Z</time>
      </trkpt>
      <trkpt lat="66.92194" lon="17.68532">
        <time>2026-03-01T11:58:00Z</time>
      </trkpt>
      <trkpt lat="66.92015" lon="17.69766">
        <time>2026-03-01T12:08:00Z</time>
      </trkpt>
      <trkpt lat="66.92292" lon="17.71234">
        <time>2026-03-01T12:18:00Z</time>
      </trkpt>
      <trkpt lat="66.92745" lon="17.72133">
        <time>2026-03-01T12:28:00Z</time>
      </trkpt>
      <trkpt lat="66.93229" lon="17.72723">
        <time>2026-03-01T12:38:00Z</time>
      </trkpt>
      <trkpt lat="66.93702" lon="17.728">
        <time>2026-03-01T12:48:00Z</time>
      </trkpt>
      <trkpt lat="66.94248" lon="17.72659">
        <time>2026-03-01T12:58:00Z</time>
      </trkpt>
      <trkpt lat="66.94741" lon="17.72227">
        <time>2026-03-01T13:08:00Z</time>
      </trkpt>
      <trkpt lat="66.95157" lon="17.72004">
        <time>2026-03-01T13:18:00Z</time>
      </trkpt>
      <trkpt lat="66.95387" lon="17.7197">
        <time>2026-03-01T13:27:00Z</time>
      </trkpt>
      <trkpt lat="66.95414" lon="17.71957">
        <time>2026-03-02T10:13:00Z</time>
      </trkpt>
      <trkpt lat="66.95565" lon="17.72049">
        <time>2026-03-02T10:23:00Z</time>
      </trkpt>
      <trkpt lat="66.95985" lon="17.72412">
        <time>2026-03-02T10:33:00Z</time>
      </trkpt>
      <trkpt lat="66.96277" lon="17.72976">
        <time>2026-03-02T10:43:00Z</time>
      </trkpt>
      <trkpt lat="66.96398" lon="17.73777">
        <time>2026-03-02T10:53:00Z</time>
      </trkpt>
      <trkpt lat="66.96597" lon="17.74122">
        <time>2026-03-02T11:03:00Z</time>
      </trkpt>
      <trkpt lat="66.96922" lon="17.74536">
        <time>2026-03-02T11:13:00Z</time>
      </trkpt>
      <trkpt lat="66.97298" lon="17.75225">
        <time>2026-03-02T11:23:00Z</time>
      </trkpt>
      <trkpt lat="66.97769" lon="17.75845">
        <time>2026-03-02T11:33:00Z</time>
      </trkpt>
      <trkpt lat="66.98228" lon="17.7648">
        <time>2026-03-02T11:43:00Z</time>
      </trkpt>
      <trkpt lat="66.98423" lon="17.77401">
        <time>2026-03-02T11:53:00Z</time>
      </trkpt>
      <trkpt lat="66.98774" lon="17.78514">
        <time>2026-03-02T12:03:00Z</time>
      </trkpt>
      <trkpt lat="66.99289" lon="17.78665">
        <time>2026-03-02T12:13:00Z</time>
      </trkpt>
      <trkpt lat="66.99867" lon="17.79115">
        <time>2026-03-02T12:23:00Z</time>
      </trkpt>
      <trkpt lat="67.00222" lon="17.79017">
        <time>2026-03-02T12:33:00Z</time>
      </trkpt>
      <trkpt lat="67.00742" lon="17.79135">
        <time>2026-03-02T12:43:00Z</time>
      </trkpt>
      <trkpt lat="67.01355" lon="17.79092">
        <time>2026-03-02T12:53:00Z</time>
      </trkpt>
      <trkpt lat="67.01915" lon="17.79377">
        <time>2026-03-02T13:03:00Z</time>
      </trkpt>
      <trkpt lat="67.0217" lon="17.80158">
        <time>2026-03-02T13:13:00Z</time>
      </trkpt>
      <trkpt lat="67.02294" lon="17.81589">
        <time>2026-03-02T13:23:00Z</time>
      </trkpt>
      <trkpt lat="67.02423" lon="17.82806">
        <time>2026-03-02T13:33:00Z</time>
      </trkpt>
      <trkpt lat="67.02523" lon="17.8392">
        <time>2026-03-02T13:43:00Z</time>
      </trkpt>
      <trkpt lat="67.02627" lon="17.85402">
        <time>2026-03-02T13:53:00Z</time>
      </trkpt>
      <trkpt lat="67.02891" lon="17.86617">
        <time>2026-03-02T14:03:00Z</time>
      </trkpt>
      <trkpt lat="67.03034" lon="17.87945">
        <time>2026-03-02T14:13:00Z</time>
      </trkpt>
      <trkpt lat="67.03072" lon="17.89612">
        <time>2026-03-02T14:23:00Z</time>
      </trkpt>
      <trkpt lat="67.02968" lon="17.90861">
        <time>2026-03-02T14:33:00Z</time>
      </trkpt>
      <trkpt lat="67.0314" lon="17.91893">
        <time>2026-03-02T14:43:00Z</time>
      </trkpt>
      <trkpt lat="67.03463" lon="17.93222">
        <time>2026-03-02T14:53:00Z</time>
      </trkpt>
      <trkpt lat="67.03831" lon="17.9414">
        <time>2026-03-02T15:03:00Z</time>
      </trkpt>
      <trkpt lat="67.04219" lon="17.94309">
        <time>2026-03-02T15:13:00Z</time>
      </trkpt>
      <trkpt lat="67.04242" lon="17.94324">
        <time>2026-03-02T15:23:00Z</time>
      </trkpt>
      <trkpt lat="67.04244" lon="17.94305">
        <time>2026-03-03T08:01:00Z</time>
      </trkpt>
      <trkpt lat="67.04233" lon="17.94331">
        <time>2026-03-03T08:11:00Z</time>
      </trkpt>
      <trkpt lat="67.03998" lon="17.95099">
        <time>2026-03-03T08:21:00Z</time>
      </trkpt>
      <trkpt lat="67.0428" lon="17.95822">
        <time>2026-03-03T08:31:00Z</time>
      </trkpt>
      <trkpt lat="67.04326" lon="17.97283">
        <time>2026-03-03T08:41:00Z</time>
      </trkpt>
      <trkpt lat="67.04266" lon="17.98571">
        <time>2026-03-03T08:51:00Z</time>
      </trkpt>
      <trkpt lat="67.04284" lon="18.00146">
        <time>2026-03-03T09:01:00Z</time>
      </trkpt>
      <trkpt lat="67.04314" lon="18.01442">
        <time>2026-03-03T09:11:00Z</time>
      </trkpt>
      <trkpt lat="67.04415" lon="18.0235">
        <time>2026-03-03T09:21:00Z</time>
      </trkpt>
      <trkpt lat="67.04684" lon="18.03545">
        <time>2026-03-03T09:31:00Z</time>
      </trkpt>
      <trkpt lat="67.04741" lon="18.04776">
        <time>2026-03-03T09:41:00Z</time>
      </trkpt>
      <trkpt lat="67.04701" lon="18.05849">
        <time>2026-03-03T09:51:00Z</time>
      </trkpt>
      <trkpt lat="67.04943" lon="18.06997">
        <time>2026-03-03T10:01:00Z</time>
      </trkpt>
      <trkpt lat="67.05035" lon="18.08135">
        <time>2026-03-03T10:11:00Z</time>
      </trkpt>
      <trkpt lat="67.0511" lon="18.09456">
        <time>2026-03-03T10:21:00Z</time>
      </trkpt>
      <trkpt lat="67.05158" lon="18.10695">
        <time>2026-03-03T10:31:00Z</time>
      </trkpt>
      <trkpt lat="67.05677" lon="18.15673">
        <time>2026-03-03T11:21:00Z</time>
      </trkpt>
      <trkpt lat="67.05682" lon="18.16746">
        <time>2026-03-03T11:31:00Z</time>
      </trkpt>
      <trkpt lat="67.05726" lon="18.176">
        <time>2026-03-03T11:41:00Z</time>
      </trkpt>
      <trkpt lat="67.05797" lon="18.18943">
        <time>2026-03-03T11:51:00Z</time>
      </trkpt>
      <trkpt lat="67.05918" lon="18.20069">
        <time>2026-03-03T12:01:00Z</time>
      </trkpt>
      <trkpt lat="67.06162" lon="18.21162">
        <time>2026-03-03T12:11:00Z</time>
      </trkpt>
      <trkpt lat="67.06297" lon="18.22217">
        <time>2026-03-03T12:21:00Z</time>
      </trkpt>
      <trkpt lat="67.06291" lon="18.22681">
        <time>2026-03-03T12:31:00Z</time>
      </trkpt>
      <trkpt lat="67.06282" lon="18.24033">
        <time>2026-03-03T12:41:00Z</time>
      </trkpt>
      <trkpt lat="67.06481" lon="18.25153">
        <time>2026-03-03T12:51:00Z</time>
      </trkpt>
      <trkpt lat="67.0682" lon="18.25998">
        <time>2026-03-03T13:01:00Z</time>
      </trkpt>
      <trkpt lat="67.0701" lon="18.26447">
        <time>2026-03-03T13:11:00Z</time>
      </trkpt>
      <trkpt lat="67.07308" lon="18.272">
        <time>2026-03-03T13:21:00Z</time>
      </trkpt>
      <trkpt lat="67.07749" lon="18.27592">
        <time>2026-03-03T13:31:00Z</time>
      </trkpt>
      <trkpt lat="67.08049" lon="18.27998">
        <time>2026-03-03T13:41:00Z</time>
      </trkpt>
      <trkpt lat="67.08303" lon="18.28365">
        <time>2026-03-03T13:51:00Z</time>
      </trkpt>
      <trkpt lat="67.08581" lon="18.28163">
        <time>2026-03-03T14:01:00Z</time>
      </trkpt>
      <trkpt lat="67.0885" lon="18.27768">
        <time>2026-03-03T14:11:00Z</time>
      </trkpt>
      <trkpt lat="67.09076" lon="18.27489">
        <time>2026-03-03T14:21:00Z</time>
      </trkpt>
      <trkpt lat="67.0957" lon="18.27447">
        <time>2026-03-03T14:31:00Z</time>
      </trkpt>
      <trkpt lat="67.0994" lon="18.27253">
        <time>2026-03-03T14:41:00Z</time>
      </trkpt>
      <trkpt lat="67.10381" lon="18.27286">
        <time>2026-03-03T14:51:00Z</time>
      </trkpt>
      <trkpt lat="67.10875" lon="18.27725">
        <time>2026-03-03T15:01:00Z</time>
      </trkpt>
      <trkpt lat="67.11352" lon="18.28584">
        <time>2026-03-03T15:11:00Z</time>
      </trkpt>
      <trkpt lat="67.11849" lon="18.28944">
        <time>2026-03-03T15:21:00Z</time>
      </trkpt>
      <trkpt lat="67.12275" lon="18.29509">
        <time>2026-03-03T15:31:00Z</time>
      </trkpt>
      <trkpt lat="67.12784" lon="18.30137">
        <time>2026-03-03T15:41:00Z</time>
      </trkpt>
      <trkpt lat="67.13189" lon="18.30633">
        <time>2026-03-03T15:51:00Z</time>
      </trkpt>
      <trkpt lat="67.13636" lon="18.31193">
        <time>2026-03-03T16:01:00Z</time>
      </trkpt>
      <trkpt lat="67.14061" lon="18.31575">
        <time>2026-03-03T16:11:00Z</time>
      </trkpt>
      <trkpt lat="67.14415" lon="18.31075">
        <time>2026-03-03T16:21:00Z</time>
      </trkpt>
      <trkpt lat="67.14776" lon="18.30496">
        <time>2026-03-03T16:31:00Z</time>
      </trkpt>
      <trkpt lat="67.14885" lon="18.30594">
        <time>2026-03-03T16:41:00Z</time>
      </trkpt>
      <trkpt lat="67.149" lon="18.30575">
        <time>2026-03-03T16:47:00Z</time>
      </trkpt>
      <trkpt lat="67.14871" lon="18.3059">
        <time>2026-03-04T07:12:00Z</time>
      </trkpt>
      <trkpt lat="67.1488" lon="18.30618">
        <time>2026-03-04T07:22:00Z</time>
      </trkpt>
      <trkpt lat="67.1466" lon="18.31084">
        <time>2026-03-04T07:32:00Z</time>
      </trkpt>
      <trkpt lat="67.14685" lon="18.31285">
        <time>2026-03-04T07:42:00Z</time>
      </trkpt>
      <trkpt lat="67.14745" lon="18.3171">
        <time>2026-03-04T07:52:00Z</time>
      </trkpt>
      <trkpt lat="67.1481" lon="18.32032">
        <time>2026-03-04T08:02:00Z</time>
      </trkpt>
      <trkpt lat="67.14838" lon="18.32506">
        <time>2026-03-04T08:12:00Z</time>
      </trkpt>
      <trkpt lat="67.14925" lon="18.32985">
        <time>2026-03-04T08:22:00Z</time>
      </trkpt>
      <trkpt lat="67.15112" lon="18.33133">
        <time>2026-03-04T08:32:00Z</time>
      </trkpt>
      <trkpt lat="67.15285" lon="18.33304">
        <time>2026-03-04T08:42:00Z</time>
      </trkpt>
      <trkpt lat="67.15533" lon="18.33551">
        <time>2026-03-04T08:52:00Z</time>
      </trkpt>
      <trkpt lat="67.15791" lon="18.33854">
        <time>2026-03-04T09:02:00Z</time>
      </trkpt>
      <trkpt lat="67.16003" lon="18.34109">
        <time>2026-03-04T09:12:00Z</time>
      </trkpt>
      <trkpt lat="67.16044" lon="18.34163">
        <time>2026-03-04T09:22:00Z</time>
      </trkpt>
      <trkpt lat="67.16291" lon="18.34759">
        <time>2026-03-04T09:32:00Z</time>
      </trkpt>
      <trkpt lat="67.16526" lon="18.35485">
        <time>2026-03-04T09:42:00Z</time>
      </trkpt>
      <trkpt lat="67.16723" lon="18.36364">
        <time>2026-03-04T09:52:00Z</time>
      </trkpt>
      <trkpt lat="67.16743" lon="18.37639">
        <time>2026-03-04T10:02:00Z</time>
      </trkpt>
      <trkpt lat="67.17135" lon="18.40654">
        <time>2026-03-04T10:12:00Z</time>
      </trkpt>
      <trkpt lat="67.17308" lon="18.4137">
        <time>2026-03-04T10:22:00Z</time>
      </trkpt>
      <trkpt lat="67.17824" lon="18.4231">
        <time>2026-03-04T10:32:00Z</time>
      </trkpt>
      <trkpt lat="67.18189" lon="18.42538">
        <time>2026-03-04T10:42:00Z</time>
      </trkpt>
      <trkpt lat="67.18418" lon="18.42853">
        <time>2026-03-04T10:52:00Z</time>
      </trkpt>
      <trkpt lat="67.18736" lon="18.43664">
        <time>2026-03-04T11:02:00Z</time>
      </trkpt>
      <trkpt lat="67.1942" lon="18.43587">
        <time>2026-03-04T11:12:00Z</time>
      </trkpt>
      <trkpt lat="67.20001" lon="18.4331">
        <time>2026-03-04T11:22:00Z</time>
      </trkpt>
      <trkpt lat="67.20474" lon="18.4307">
        <time>2026-03-04T11:32:00Z</time>
      </trkpt>
      <trkpt lat="67.20893" lon="18.42879">
        <time>2026-03-04T11:42:00Z</time>
      </trkpt>
      <trkpt lat="67.21345" lon="18.42988">
        <time>2026-03-04T11:52:00Z</time>
      </trkpt>
      <trkpt lat="67.21642" lon="18.43265">
        <time>2026-03-04T12:02:00Z</time>
      </trkpt>
      <trkpt lat="67.21937" lon="18.43413">
        <time>2026-03-04T12:12:00Z</time>
      </trkpt>
      <trkpt lat="67.22476" lon="18.43033">
        <time>2026-03-04T12:22:00Z</time>
      </trkpt>
      <trkpt lat="67.22863" lon="18.43591">
        <time>2026-03-04T12:32:00Z</time>
      </trkpt>
      <trkpt lat="67.23159" lon="18.44304">
        <time>2026-03-04T12:42:00Z</time>
      </trkpt>
      <trkpt lat="67.23473" lon="18.44653">
        <time>2026-03-04T12:52:00Z</time>
      </trkpt>
      <trkpt lat="67.23873" lon="18.45035">
        <time>2026-03-04T13:02:00Z</time>
      </trkpt>
      <trkpt lat="67.2419" lon="18.45428">
        <time>2026-03-04T13:12:00Z</time>
      </trkpt>
      <trkpt lat="67.24374" lon="18.4601">
        <time>2026-03-04T13:22:00Z</time>
      </trkpt>
      <trkpt lat="67.24795" lon="18.46531">
        <time>2026-03-04T13:32:00Z</time>
      </trkpt>
      <trkpt lat="67.25243" lon="18.4675">
        <time>2026-03-04T13:42:00Z</time>
      </trkpt>
      <trkpt lat="67.25634" lon="18.46816">
        <time>2026-03-04T13:52:00Z</time>
      </trkpt>
      <trkpt lat="67.25868" lon="18.47001">
        <time>2026-03-04T14:02:00Z</time>
      </trkpt>
      <trkpt lat="67.26258" lon="18.47029">
        <time>2026-03-04T14:12:00Z</time>
      </trkpt>
      <trkpt lat="67.26718" lon="18.46739">
        <time>2026-03-04T14:22:00Z</time>
      </trkpt>
      <trkpt lat="67.27122" lon="18.46561">
        <time>2026-03-04T14:32:00Z</time>
      </trkpt>
      <trkpt lat="67.27363" lon="18.46452">
        <time>2026-03-04T14:42:00Z</time>
      </trkpt>
      <trkpt lat="67.27793" lon="18.4622">
        <time>2026-03-04T14:52:00Z</time>
      </trkpt>
      <trkpt lat="67.28242" lon="18.46269">
        <time>2026-03-04T15:02:00Z</time>
      </trkpt>
      <trkpt lat="67.2871" lon="18.47005">
        <time>2026-03-04T15:12:00Z</time>
      </trkpt>
      <trkpt lat="67.29096" lon="18.47602">
        <time>2026-03-04T15:22:00Z</time>
      </trkpt>
      <trkpt lat="67.29523" lon="18.48282">
        <time>2026-03-04T15:32:00Z</time>
      </trkpt>
      <trkpt lat="67.29916" lon="18.48668">
        <time>2026-03-04T15:42:00Z</time>
      </trkpt>
      <trkpt lat="67.30368" lon="18.48896">
        <time>2026-03-04T15:52:00Z</time>
      </trkpt>
      <trkpt lat="67.30909" lon="18.48988">
        <time>2026-03-04T16:02:00Z</time>
      </trkpt>
      <trkpt lat="67.31443" lon="18.4916">
        <time>2026-03-04T16:12:00Z</time>
      </trkpt>
      <trkpt lat="67.32071" lon="18.49885">
        <time>2026-03-04T16:22:00Z</time>
      </trkpt>
      <trkpt lat="67.32355" lon="18.49977">
        <time>2026-03-04T16:32:00Z</time>
      </trkpt>
      <trkpt lat="67.32357" lon="18.49977">
        <time>2026-03-04T16:33:00Z</time>
      </trkpt>
      <trkpt lat="67.32356" lon="18.49971">
        <time>2026-03-05T08:57:00Z</time>
      </trkpt>
      <trkpt lat="67.32446" lon="18.50359">
        <time>2026-03-05T09:07:00Z</time>
      </trkpt>
      <trkpt lat="67.3288" lon="18.50698">
        <time>2026-03-05T09:17:00Z</time>
      </trkpt>
      <trkpt lat="67.33493" lon="18.50576">
        <time>2026-03-05T09:27:00Z</time>
      </trkpt>
      <trkpt lat="67.34305" lon="18.50393">
        <time>2026-03-05T09:37:00Z</time>
      </trkpt>
      <trkpt lat="67.34858" lon="18.50282">
        <time>2026-03-05T09:47:00Z</time>
      </trkpt>
      <trkpt lat="67.35544" lon="18.49994">
        <time>2026-03-05T09:57:00Z</time>
      </trkpt>
      <trkpt lat="67.35788" lon="18.50363">
        <time>2026-03-05T10:07:00Z</time>
      </trkpt>
      <trkpt lat="67.36289" lon="18.51069">
        <time>2026-03-05T10:17:00Z</time>
      </trkpt>
      <trkpt lat="67.36943" lon="18.51992">
        <time>2026-03-05T10:27:00Z</time>
      </trkpt>
      <trkpt lat="67.37293" lon="18.52485">
        <time>2026-03-05T10:37:00Z</time>
      </trkpt>
      <trkpt lat="67.37864" lon="18.53252">
        <time>2026-03-05T10:47:00Z</time>
      </trkpt>
      <trkpt lat="67.38371" lon="18.53496">
        <time>2026-03-05T10:57:00Z</time>
      </trkpt>
      <trkpt lat="67.388" lon="18.53252">
        <time>2026-03-05T11:07:00Z</time>
      </trkpt>
      <trkpt lat="67.39021" lon="18.52468">
        <time>2026-03-05T11:17:00Z</time>
      </trkpt>
      <trkpt lat="67.39487" lon="18.52181">
        <time>2026-03-05T11:27:00Z</time>
      </trkpt>
      <trkpt lat="67.39627" lon="18.51269">
        <time>2026-03-05T11:37:00Z</time>
      </trkpt>
      <trkpt lat="67.40117" lon="18.50383">
        <time>2026-03-05T11:47:00Z</time>
      </trkpt>
      <trkpt lat="67.40673" lon="18.49623">
        <time>2026-03-05T11:57:00Z</time>
      </trkpt>
      <trkpt lat="67.40962" lon="18.4849">
        <time>2026-03-05T12:07:00Z</time>
      </trkpt>
      <trkpt lat="67.41155" lon="18.47194">
        <time>2026-03-05T12:17:00Z</time>
      </trkpt>
      <trkpt lat="67.41513" lon="18.46061">
        <time>2026-03-05T12:27:00Z</time>
      </trkpt>
      <trkpt lat="67.41908" lon="18.45168">
        <time>2026-03-05T12:37:00Z</time>
      </trkpt>
      <trkpt lat="67.42338" lon="18.44269">
        <time>2026-03-05T12:47:00Z</time>
      </trkpt>
      <trkpt lat="67.42842" lon="18.43548">
        <time>2026-03-05T12:57:00Z</time>
      </trkpt>
      <trkpt lat="67.43269" lon="18.42825">
        <time>2026-03-05T13:07:00Z</time>
      </trkpt>
      <trkpt lat="67.43705" lon="18.419">
        <time>2026-03-05T13:17:00Z</time>
      </trkpt>
      <trkpt lat="67.4392" lon="18.41117">
        <time>2026-03-05T13:27:00Z</time>
      </trkpt>
      <trkpt lat="67.4424" lon="18.40079">
        <time>2026-03-05T13:37:00Z</time>
      </trkpt>
      <trkpt lat="67.44755" lon="18.3948">
        <time>2026-03-05T13:47:00Z</time>
      </trkpt>
      <trkpt lat="67.45231" lon="18.3872">
        <time>2026-03-05T13:57:00Z</time>
      </trkpt>
      <trkpt lat="67.45618" lon="18.38231">
        <time>2026-03-05T14:07:00Z</time>
      </trkpt>
      <trkpt lat="67.46193" lon="18.376">
        <time>2026-03-05T14:17:00Z</time>
      </trkpt>
      <trkpt lat="67.4656" lon="18.36729">
        <time>2026-03-05T14:27:00Z</time>
      </trkpt>
      <trkpt lat="67.4708" lon="18.36474">
        <time>2026-03-05T14:37:00Z</time>
      </trkpt>
      <trkpt lat="67.47506" lon="18.36457">
        <time>2026-03-05T14:47:00Z</time>
      </trkpt>
      <trkpt lat="67.47888" lon="18.3618">
        <time>2026-03-05T14:57:00Z</time>
      </trkpt>
      <trkpt lat="67.48205" lon="18.35669">
        <time>2026-03-05T15:07:00Z</time>
      </trkpt>
      <trkpt lat="67.48203" lon="18.35605">
        <time>2026-03-05T15:20:00Z</time>
      </trkpt>
      <trkpt lat="67.48259" lon="18.35585">
        <time>2026-03-06T09:20:00Z</time>
      </trkpt>
      <trkpt lat="67.48479" lon="18.35701">
        <time>2026-03-06T09:30:00Z</time>
      </trkpt>
      <trkpt lat="67.48844" lon="18.36753">
        <time>2026-03-06T09:40:00Z</time>
      </trkpt>
      <trkpt lat="67.49291" lon="18.36961">
        <time>2026-03-06T09:50:00Z</time>
      </trkpt>
      <trkpt lat="67.49859" lon="18.38553">
        <time>2026-03-06T10:00:00Z</time>
      </trkpt>
      <trkpt lat="67.50176" lon="18.3972">
        <time>2026-03-06T10:10:00Z</time>
      </trkpt>
      <trkpt lat="67.50435" lon="18.40688">
        <time>2026-03-06T10:20:00Z</time>
      </trkpt>
      <trkpt lat="67.50723" lon="18.42864">
        <time>2026-03-06T10:30:00Z</time>
      </trkpt>
      <trkpt lat="67.50649" lon="18.44415">
        <time>2026-03-06T10:40:00Z</time>
      </trkpt>
      <trkpt lat="67.51223" lon="18.44196">
        <time>2026-03-06T10:50:00Z</time>
      </trkpt>
      <trkpt lat="67.51524" lon="18.4449">
        <time>2026-03-06T11:00:00Z</time>
      </trkpt>
      <trkpt lat="67.51792" lon="18.45419">
        <time>2026-03-06T11:10:00Z</time>
      </trkpt>
      <trkpt lat="67.52124" lon="18.4598">
        <time>2026-03-06T11:20:00Z</time>
      </trkpt>
      <trkpt lat="67.52507" lon="18.46904">
        <time>2026-03-06T11:30:00Z</time>
      </trkpt>
      <trkpt lat="67.52985" lon="18.48074">
        <time>2026-03-06T11:40:00Z</time>
      </trkpt>
      <trkpt lat="67.53382" lon="18.4873">
        <time>2026-03-06T11:50:00Z</time>
      </trkpt>
      <trkpt lat="67.53889" lon="18.48724">
        <time>2026-03-06T12:00:00Z</time>
      </trkpt>
      <trkpt lat="67.54121" lon="18.47679">
        <time>2026-03-06T12:10:00Z</time>
      </trkpt>
      <trkpt lat="67.54393" lon="18.46883">
        <time>2026-03-06T12:20:00Z</time>
      </trkpt>
      <trkpt lat="67.54788" lon="18.46119">
        <time>2026-03-06T12:30:00Z</time>
      </trkpt>
      <trkpt lat="67.55299" lon="18.45452">
        <time>2026-03-06T12:40:00Z</time>
      </trkpt>
      <trkpt lat="67.55734" lon="18.44389">
        <time>2026-03-06T12:50:00Z</time>
      </trkpt>
      <trkpt lat="67.56098" lon="18.43643">
        <time>2026-03-06T13:00:00Z</time>
      </trkpt>
      <trkpt lat="67.56469" lon="18.42823">
        <time>2026-03-06T13:10:00Z</time>
      </trkpt>
      <trkpt lat="67.56851" lon="18.41952">
        <time>2026-03-06T13:20:00Z</time>
      </trkpt>
      <trkpt lat="67.57217" lon="18.40748">
        <time>2026-03-06T13:30:00Z</time>
      </trkpt>
      <trkpt lat="67.57591" lon="18.39759">
        <time>2026-03-06T13:40:00Z</time>
      </trkpt>
      <trkpt lat="67.58014" lon="18.38617">
        <time>2026-03-06T13:50:00Z</time>
      </trkpt>
      <trkpt lat="67.5853" lon="18.37896">
        <time>2026-03-06T14:00:00Z</time>
      </trkpt>
      <trkpt lat="67.58911" lon="18.37607">
        <time>2026-03-06T14:10:00Z</time>
      </trkpt>
      <trkpt lat="67.59431" lon="18.37695">
        <time>2026-03-06T14:20:00Z</time>
      </trkpt>
      <trkpt lat="67.59603" lon="18.37836">
        <time>2026-03-06T14:30:00Z</time>
      </trkpt>
      <trkpt lat="67.59872" lon="18.37954">
        <time>2026-03-06T14:40:00Z</time>
      </trkpt>
      <trkpt lat="67.60507" lon="18.3769">
        <time>2026-03-06T14:50:00Z</time>
      </trkpt>
      <trkpt lat="67.60797" lon="18.37064">
        <time>2026-03-06T15:00:00Z</time>
      </trkpt>
      <trkpt lat="67.61247" lon="18.3657">
        <time>2026-03-06T15:10:00Z</time>
      </trkpt>
      <trkpt lat="67.61624" lon="18.36358">
        <time>2026-03-06T15:20:00Z</time>
      </trkpt>
      <trkpt lat="67.62109" lon="18.36251">
        <time>2026-03-06T15:30:00Z</time>
      </trkpt>
      <trkpt lat="67.62574" lon="18.35079">
        <time>2026-03-06T15:40:00Z</time>
      </trkpt>
      <trkpt lat="67.62836" lon="18.34794">
        <time>2026-03-06T15:50:00Z</time>
      </trkpt>
      <trkpt lat="67.63333" lon="18.33804">
        <time>2026-03-06T16:00:00Z</time>
      </trkpt>
      <trkpt lat="67.63435" lon="18.33324">
        <time>2026-03-06T16:10:00Z</time>
      </trkpt>
      <trkpt lat="67.63421" lon="18.32532">
        <time>2026-03-06T16:20:00Z</time>
      </trkpt>
      <trkpt lat="67.63631" lon="18.32152">
        <time>2026-03-06T16:30:00Z</time>
      </trkpt>
      <trkpt lat="67.63945" lon="18.31436">
        <time>2026-03-06T16:40:00Z</time>
      </trkpt>
      <trkpt lat="67.64342" lon="18.3091">
        <time>2026-03-06T16:50:00Z</time>
      </trkpt>
      <trkpt lat="67.64764" lon="18.29886">
        <time>2026-03-06T17:00:00Z</time>
      </trkpt>
      <trkpt lat="67.65109" lon="18.28886">
        <time>2026-03-06T17:10:00Z</time>
      </trkpt>
      <trkpt lat="67.65469" lon="18.2782">
        <time>2026-03-06T17:20:00Z</time>
      </trkpt>
      <trkpt lat="67.65829" lon="18.26565">
        <time>2026-03-06T17:30:00Z</time>
      </trkpt>
      <trkpt lat="67.66126" lon="18.25189">
        <time>2026-03-06T17:40:00Z</time>
      </trkpt>
      <trkpt lat="67.66337" lon="18.23897">
        <time>2026-03-06T17:50:00Z</time>
      </trkpt>
      <trkpt lat="67.66595" lon="18.22722">
        <time>2026-03-06T18:00:00Z</time>
      </trkpt>
      <trkpt lat="67.66958" lon="18.21601">
        <time>2026-03-06T18:10:00Z</time>
      </trkpt>
      <trkpt lat="67.67384" lon="18.20606">
        <time>2026-03-06T18:20:00Z</time>
      </trkpt>
      <trkpt lat="67.67799" lon="18.19619">
        <time>2026-03-06T18:30:00Z</time>
      </trkpt>
      <trkpt lat="67.68094" lon="18.18885">
        <time>2026-03-06T18:40:00Z</time>
      </trkpt>
      <trkpt lat="67.68543" lon="18.17737">
        <time>2026-03-06T18:50:00Z</time>
      </trkpt>
      <trkpt lat="67.68996" lon="18.16964">
        <time>2026-03-06T19:00:00Z</time>
      </trkpt>
      <trkpt lat="67.69374" lon="18.15831">
        <time>2026-03-06T19:10:00Z</time>
      </trkpt>
      <trkpt lat="67.6941" lon="18.15733">
        <time>2026-03-06T19:12:00Z</time>
      </trkpt>
      <trkpt lat="67.69516" lon="18.15583">
        <time>2026-03-07T07:16:00Z</time>
      </trkpt>
      <trkpt lat="67.6948" lon="18.15544">
        <time>2026-03-07T08:28:00Z</time>
      </trkpt>
      <trkpt lat="67.69482" lon="18.1555">
        <time>2026-03-07T09:40:00Z</time>
      </trkpt>
      <trkpt lat="67.69523" lon="18.15789">
        <time>2026-03-07T09:50:00Z</time>
      </trkpt>
      <trkpt lat="67.69534" lon="18.1599">
        <time>2026-03-07T10:00:00Z</time>
      </trkpt>
      <trkpt lat="67.69546" lon="18.16052">
        <time>2026-03-07T10:07:00Z</time>
      </trkpt>
      <trkpt lat="67.69608" lon="18.16147">
        <time>2026-03-07T10:20:00Z</time>
      </trkpt>
      <trkpt lat="67.69614" lon="18.16587">
        <time>2026-03-07T10:30:00Z</time>
      </trkpt>
      <trkpt lat="67.6967" lon="18.17087">
        <time>2026-03-07T10:40:00Z</time>
      </trkpt>
      <trkpt lat="67.69813" lon="18.16885">
        <time>2026-03-07T10:50:00Z</time>
      </trkpt>
      <trkpt lat="67.70021" lon="18.17025">
        <time>2026-03-07T11:00:00Z</time>
      </trkpt>
      <trkpt lat="67.70178" lon="18.17391">
        <time>2026-03-07T11:10:00Z</time>
      </trkpt>
      <trkpt lat="67.70525" lon="18.18539">
        <time>2026-03-07T11:20:00Z</time>
      </trkpt>
      <trkpt lat="67.70868" lon="18.19466">
        <time>2026-03-07T11:30:00Z</time>
      </trkpt>
      <trkpt lat="67.71221" lon="18.20402">
        <time>2026-03-07T11:40:00Z</time>
      </trkpt>
      <trkpt lat="67.71837" lon="18.21597">
        <time>2026-03-07T11:50:00Z</time>
      </trkpt>
      <trkpt lat="67.7214" lon="18.22114">
        <time>2026-03-07T11:55:00Z</time>
      </trkpt>
      <trkpt lat="67.7226" lon="18.22314">
        <time>2026-03-07T12:00:00Z</time>
      </trkpt>
      <trkpt lat="67.72875" lon="18.23318">
        <time>2026-03-07T12:10:00Z</time>
      </trkpt>
      <trkpt lat="67.73238" lon="18.24329">
        <time>2026-03-07T12:20:00Z</time>
      </trkpt>
      <trkpt lat="67.73545" lon="18.26142">
        <time>2026-03-07T12:30:00Z</time>
      </trkpt>
      <trkpt lat="67.73891" lon="18.27764">
        <time>2026-03-07T12:40:00Z</time>
      </trkpt>
      <trkpt lat="67.74253" lon="18.29026">
        <time>2026-03-07T12:50:00Z</time>
      </trkpt>
      <trkpt lat="67.74563" lon="18.2953">
        <time>2026-03-07T13:00:00Z</time>
      </trkpt>
      <trkpt lat="67.74846" lon="18.29517">
        <time>2026-03-07T13:10:00Z</time>
      </trkpt>
      <trkpt lat="67.75122" lon="18.29481">
        <time>2026-03-07T13:18:00Z</time>
      </trkpt>
      <trkpt lat="67.75237" lon="18.29427">
        <time>2026-03-07T13:20:00Z</time>
      </trkpt>
      <trkpt lat="67.75373" lon="18.2927">
        <time>2026-03-07T13:30:00Z</time>
      </trkpt>
      <trkpt lat="67.75492" lon="18.29253">
        <time>2026-03-07T13:40:00Z</time>
      </trkpt>
      <trkpt lat="67.7574" lon="18.28929">
        <time>2026-03-07T13:50:00Z</time>
      </trkpt>
      <trkpt lat="67.75826" lon="18.28809">
        <time>2026-03-07T14:00:00Z</time>
      </trkpt>
      <trkpt lat="67.76125" lon="18.28605">
        <time>2026-03-07T14:10:00Z</time>
      </trkpt>
      <trkpt lat="67.76624" lon="18.28404">
        <time>2026-03-07T14:20:00Z</time>
      </trkpt>
      <trkpt lat="67.77142" lon="18.28343">
        <time>2026-03-07T14:30:00Z</time>
      </trkpt>
      <trkpt lat="67.77762" lon="18.28444">
        <time>2026-03-07T14:40:00Z</time>
      </trkpt>
      <trkpt lat="67.78146" lon="18.28783">
        <time>2026-03-07T14:50:00Z</time>
      </trkpt>
      <trkpt lat="67.78632" lon="18.29129">
        <time>2026-03-07T15:00:00Z</time>
      </trkpt>
      <trkpt lat="67.79018" lon="18.29395">
        <time>2026-03-07T15:10:00Z</time>
      </trkpt>
      <trkpt lat="67.79107" lon="18.29401">
        <time>2026-03-07T15:20:00Z</time>
      </trkpt>
      <trkpt lat="67.79442" lon="18.29624">
        <time>2026-03-07T15:30:00Z</time>
      </trkpt>
      <trkpt lat="67.79882" lon="18.29751">
        <time>2026-03-07T15:40:00Z</time>
      </trkpt>
      <trkpt lat="67.80327" lon="18.29652">
        <time>2026-03-07T15:50:00Z</time>
      </trkpt>
      <trkpt lat="67.80768" lon="18.29734">
        <time>2026-03-07T16:00:00Z</time>
      </trkpt>
      <trkpt lat="67.81315" lon="18.29624">
        <time>2026-03-07T16:10:00Z</time>
      </trkpt>
      <trkpt lat="67.81887" lon="18.30148">
        <time>2026-03-07T16:20:00Z</time>
      </trkpt>
      <trkpt lat="67.82379" lon="18.30536">
        <time>2026-03-07T16:30:00Z</time>
      </trkpt>
      <trkpt lat="67.82901" lon="18.31489">
        <time>2026-03-07T16:40:00Z</time>
      </trkpt>
      <trkpt lat="67.83348" lon="18.31815">
        <time>2026-03-07T16:50:00Z</time>
      </trkpt>
      <trkpt lat="67.83772" lon="18.31933">
        <time>2026-03-07T17:00:00Z</time>
      </trkpt>
      <trkpt lat="67.8433" lon="18.31386">
        <time>2026-03-07T17:10:00Z</time>
      </trkpt>
      <trkpt lat="67.84866" lon="18.3156">
        <time>2026-03-07T17:20:00Z</time>
      </trkpt>
      <trkpt lat="67.85103" lon="18.31644">
        <time>2026-03-07T17:27:00Z</time>
      </trkpt>
      <trkpt lat="67.8516" lon="18.31476">
        <time>2026-03-07T19:40:00Z</time>
      </trkpt>
      <trkpt lat="67.85118" lon="18.31564">
        <time>2026-03-08T06:43:00Z</time>
      </trkpt>
      <trkpt lat="67.85119" lon="18.3156">
        <time>2026-03-08T08:22:00Z</time>
      </trkpt>
      <trkpt lat="67.85436" lon="18.31506">
        <time>2026-03-08T08:29:00Z</time>
      </trkpt>
      <trkpt lat="67.8564" lon="18.31457">
        <time>2026-03-08T08:32:00Z</time>
      </trkpt>
      <trkpt lat="67.86183" lon="18.31017">
        <time>2026-03-08T08:42:00Z</time>
      </trkpt>
      <trkpt lat="67.86521" lon="18.30697">
        <time>2026-03-08T08:52:00Z</time>
      </trkpt>
      <trkpt lat="67.86972" lon="18.31122">
        <time>2026-03-08T09:02:00Z</time>
      </trkpt>
      <trkpt lat="67.87346" lon="18.3144">
        <time>2026-03-08T09:12:00Z</time>
      </trkpt>
      <trkpt lat="67.87678" lon="18.3174">
        <time>2026-03-08T09:22:00Z</time>
      </trkpt>
      <trkpt lat="67.883" lon="18.3232">
        <time>2026-03-08T09:32:00Z</time>
      </trkpt>
      <trkpt lat="67.88748" lon="18.32294">
        <time>2026-03-08T09:42:00Z</time>
      </trkpt>
      <trkpt lat="67.88918" lon="18.32317">
        <time>2026-03-08T09:45:00Z</time>
      </trkpt>
      <trkpt lat="67.89182" lon="18.32281">
        <time>2026-03-08T09:52:00Z</time>
      </trkpt>
      <trkpt lat="67.8965" lon="18.32017">
        <time>2026-03-08T10:02:00Z</time>
      </trkpt>
      <trkpt lat="67.89878" lon="18.31871">
        <time>2026-03-08T10:12:00Z</time>
      </trkpt>
      <trkpt lat="67.90355" lon="18.31521">
        <time>2026-03-08T10:22:00Z</time>
      </trkpt>
      <trkpt lat="67.90732" lon="18.3127">
        <time>2026-03-08T10:32:00Z</time>
      </trkpt>
      <trkpt lat="67.90928" lon="18.31142">
        <time>2026-03-08T10:42:00Z</time>
      </trkpt>
      <trkpt lat="67.91384" lon="18.30824">
        <time>2026-03-08T10:52:00Z</time>
      </trkpt>
      <trkpt lat="67.91939" lon="18.30429">
        <time>2026-03-08T11:02:00Z</time>
      </trkpt>
      <trkpt lat="67.92739" lon="18.29865">
        <time>2026-03-08T11:12:00Z</time>
      </trkpt>
      <trkpt lat="67.93125" lon="18.29564">
        <time>2026-03-08T11:22:00Z</time>
      </trkpt>
      <trkpt lat="67.93531" lon="18.29245">
        <time>2026-03-08T11:32:00Z</time>
      </trkpt>
      <trkpt lat="67.9386" lon="18.28976">
        <time>2026-03-08T11:42:00Z</time>
      </trkpt>
      <trkpt lat="67.94507" lon="18.28393">
        <time>2026-03-08T11:52:00Z</time>
      </trkpt>
      <trkpt lat="67.94909" lon="18.2814">
        <time>2026-03-08T12:02:00Z</time>
      </trkpt>
      <trkpt lat="67.95358" lon="18.27964">
        <time>2026-03-08T12:12:00Z</time>
      </trkpt>
      <trkpt lat="67.95893" lon="18.27622">
        <time>2026-03-08T12:22:00Z</time>
      </trkpt>
      <trkpt lat="67.96372" lon="18.27305">
        <time>2026-03-08T12:32:00Z</time>
      </trkpt>
      <trkpt lat="67.96981" lon="18.26895">
        <time>2026-03-08T12:42:00Z</time>
      </trkpt>
      <trkpt lat="67.97435" lon="18.26535">
        <time>2026-03-08T12:52:00Z</time>
      </trkpt>
      <trkpt lat="67.97757" lon="18.26365">
        <time>2026-03-08T13:02:00Z</time>
      </trkpt>
      <trkpt lat="67.98036" lon="18.26161">
        <time>2026-03-08T13:12:00Z</time>
      </trkpt>
      <trkpt lat="67.98372" lon="18.26118">
        <time>2026-03-08T13:22:00Z</time>
      </trkpt>
      <trkpt lat="67.98869" lon="18.26078">
        <time>2026-03-08T13:32:00Z</time>
      </trkpt>
      <trkpt lat="67.99505" lon="18.25374">
        <time>2026-03-08T13:42:00Z</time>
      </trkpt>
      <trkpt lat="67.99845" lon="18.25069">
        <time>2026-03-08T13:52:00Z</time>
      </trkpt>
      <trkpt lat="68.00135" lon="18.24835">
        <time>2026-03-08T14:02:00Z</time>
      </trkpt>
      <trkpt lat="68.0047" lon="18.24545">
        <time>2026-03-08T14:12:00Z</time>
      </trkpt>
      <trkpt lat="68.00703" lon="18.24387">
        <time>2026-03-08T14:22:00Z</time>
      </trkpt>
      <trkpt lat="68.00869" lon="18.24249">
        <time>2026-03-08T14:32:00Z</time>
      </trkpt>
      <trkpt lat="68.01164" lon="18.24052">
        <time>2026-03-08T14:42:00Z</time>
      </trkpt>
      <trkpt lat="68.01396" lon="18.24013">
        <time>2026-03-08T14:52:00Z</time>
      </trkpt>
      <trkpt lat="68.01547" lon="18.24041">
        <time>2026-03-08T15:02:00Z</time>
      </trkpt>
      <trkpt lat="68.01617" lon="18.24294">
        <time>2026-03-08T15:12:00Z</time>
      </trkpt>
      <trkpt lat="68.01775" lon="18.24421">
        <time>2026-03-08T15:22:00Z</time>
      </trkpt>
      <trkpt lat="68.01921" lon="18.24651">
        <time>2026-03-08T15:32:00Z</time>
      </trkpt>
      <trkpt lat="68.01967" lon="18.24781">
        <time>2026-03-08T15:42:00Z</time>
      </trkpt>
      <trkpt lat="68.02046" lon="18.24936">
        <time>2026-03-08T15:52:00Z</time>
      </trkpt>
      <trkpt lat="68.026" lon="18.24882">
        <time>2026-03-08T16:02:00Z</time>
      </trkpt>
      <trkpt lat="68.02971" lon="18.24807">
        <time>2026-03-08T16:12:00Z</time>
      </trkpt>
      <trkpt lat="68.0347" lon="18.24713">
        <time>2026-03-08T16:22:00Z</time>
      </trkpt>
      <trkpt lat="68.03922" lon="18.24608">
        <time>2026-03-08T16:32:00Z</time>
      </trkpt>
      <trkpt lat="68.04462" lon="18.24545">
        <time>2026-03-08T16:42:00Z</time>
      </trkpt>
      <trkpt lat="68.05129" lon="18.2411">
        <time>2026-03-08T16:52:00Z</time>
      </trkpt>
      <trkpt lat="68.05154" lon="18.24161">
        <time>2026-03-08T17:02:00Z</time>
      </trkpt>
      <trkpt lat="68.05152" lon="18.24172">
        <time>2026-03-08T17:04:00Z</time>
      </trkpt>
      <trkpt lat="68.05182" lon="18.24136">
        <time>2026-03-09T07:15:00Z</time>
      </trkpt>
      <trkpt lat="68.05157" lon="18.24183">
        <time>2026-03-09T08:00:00Z</time>
      </trkpt>
      <trkpt lat="68.05329" lon="18.2447">
        <time>2026-03-09T08:10:00Z</time>
      </trkpt>
      <trkpt lat="68.0594" lon="18.25239">
        <time>2026-03-09T08:20:00Z</time>
      </trkpt>
      <trkpt lat="68.06678" lon="18.26226">
        <time>2026-03-09T08:30:00Z</time>
      </trkpt>
      <trkpt lat="68.07002" lon="18.26586">
        <time>2026-03-09T08:40:00Z</time>
      </trkpt>
      <trkpt lat="68.07392" lon="18.27056">
        <time>2026-03-09T08:50:00Z</time>
      </trkpt>
      <trkpt lat="68.07471" lon="18.2717">
        <time>2026-03-09T09:00:00Z</time>
      </trkpt>
      <trkpt lat="68.08043" lon="18.27807">
        <time>2026-03-09T09:10:00Z</time>
      </trkpt>
      <trkpt lat="68.08482" lon="18.28262">
        <time>2026-03-09T09:20:00Z</time>
      </trkpt>
      <trkpt lat="68.09004" lon="18.28831">
        <time>2026-03-09T09:30:00Z</time>
      </trkpt>
      <trkpt lat="68.09415" lon="18.29738">
        <time>2026-03-09T09:40:00Z</time>
      </trkpt>
      <trkpt lat="68.09744" lon="18.30594">
        <time>2026-03-09T09:50:00Z</time>
      </trkpt>
      <trkpt lat="68.10066" lon="18.3139">
        <time>2026-03-09T10:00:00Z</time>
      </trkpt>
      <trkpt lat="68.10571" lon="18.32837">
        <time>2026-03-09T10:10:00Z</time>
      </trkpt>
      <trkpt lat="68.11002" lon="18.35135">
        <time>2026-03-09T10:20:00Z</time>
      </trkpt>
      <trkpt lat="68.11404" lon="18.36549">
        <time>2026-03-09T10:30:00Z</time>
      </trkpt>
      <trkpt lat="68.12074" lon="18.3874">
        <time>2026-03-09T10:40:00Z</time>
      </trkpt>
      <trkpt lat="68.12521" lon="18.39913">
        <time>2026-03-09T10:50:00Z</time>
      </trkpt>
      <trkpt lat="68.12817" lon="18.40793">
        <time>2026-03-09T11:00:00Z</time>
      </trkpt>
      <trkpt lat="68.13361" lon="18.41317">
        <time>2026-03-09T11:10:00Z</time>
      </trkpt>
      <trkpt lat="68.13816" lon="18.42199">
        <time>2026-03-09T11:20:00Z</time>
      </trkpt>
      <trkpt lat="68.14172" lon="18.43149">
        <time>2026-03-09T11:30:00Z</time>
      </trkpt>
      <trkpt lat="68.1467" lon="18.43638">
        <time>2026-03-09T11:40:00Z</time>
      </trkpt>
      <trkpt lat="68.15171" lon="18.44128">
        <time>2026-03-09T11:50:00Z</time>
      </trkpt>
      <trkpt lat="68.15612" lon="18.44473">
        <time>2026-03-09T12:00:00Z</time>
      </trkpt>
      <trkpt lat="68.16042" lon="18.44872">
        <time>2026-03-09T12:10:00Z</time>
      </trkpt>
      <trkpt lat="68.16569" lon="18.45385">
        <time>2026-03-09T12:20:00Z</time>
      </trkpt>
      <trkpt lat="68.16919" lon="18.45733">
        <time>2026-03-09T12:30:00Z</time>
      </trkpt>
      <trkpt lat="68.17447" lon="18.469">
        <time>2026-03-09T12:40:00Z</time>
      </trkpt>
      <trkpt lat="68.17913" lon="18.47911">
        <time>2026-03-09T12:50:00Z</time>
      </trkpt>
      <trkpt lat="68.18429" lon="18.49061">
        <time>2026-03-09T13:00:00Z</time>
      </trkpt>
      <trkpt lat="68.18854" lon="18.50333">
        <time>2026-03-09T13:10:00Z</time>
      </trkpt>
      <trkpt lat="68.19182" lon="18.5161">
        <time>2026-03-09T13:20:00Z</time>
      </trkpt>
      <trkpt lat="68.19527" lon="18.52827">
        <time>2026-03-09T13:30:00Z</time>
      </trkpt>
      <trkpt lat="68.1976" lon="18.53788">
        <time>2026-03-09T13:40:00Z</time>
      </trkpt>
      <trkpt lat="68.20118" lon="18.55191">
        <time>2026-03-09T13:50:00Z</time>
      </trkpt>
      <trkpt lat="68.20394" lon="18.56369">
        <time>2026-03-09T14:00:00Z</time>
      </trkpt>
      <trkpt lat="68.20605" lon="18.57228">
        <time>2026-03-09T14:10:00Z</time>
      </trkpt>
      <trkpt lat="68.20771" lon="18.58573">
        <time>2026-03-09T14:20:00Z</time>
      </trkpt>
      <trkpt lat="68.21073" lon="18.59564">
        <time>2026-03-09T14:30:00Z</time>
      </trkpt>
      <trkpt lat="68.21504" lon="18.60075">
        <time>2026-03-09T14:40:00Z</time>
      </trkpt>
      <trkpt lat="68.22103" lon="18.59994">
        <time>2026-03-09T14:50:00Z</time>
      </trkpt>
      <trkpt lat="68.22709" lon="18.60019">
        <time>2026-03-09T15:00:00Z</time>
      </trkpt>
      <trkpt lat="68.23229" lon="18.6038">
        <time>2026-03-09T15:10:00Z</time>
      </trkpt>
      <trkpt lat="68.24279" lon="18.60382">
        <time>2026-03-09T15:20:00Z</time>
      </trkpt>
      <trkpt lat="68.25164" lon="18.59933">
        <time>2026-03-09T15:30:00Z</time>
      </trkpt>
      <trkpt lat="68.25615" lon="18.58987">
        <time>2026-03-09T15:40:00Z</time>
      </trkpt>
      <trkpt lat="68.26003" lon="18.58451">
        <time>2026-03-09T15:50:00Z</time>
      </trkpt>
      <trkpt lat="68.26092" lon="18.57545">
        <time>2026-03-09T16:00:00Z</time>
      </trkpt>
      <trkpt lat="68.26614" lon="18.56925">
        <time>2026-03-09T16:10:00Z</time>
      </trkpt>
      <trkpt lat="68.27238" lon="18.57052">
        <time>2026-03-09T16:20:00Z</time>
      </trkpt>
      <trkpt lat="68.27881" lon="18.57183">
        <time>2026-03-09T16:30:00Z</time>
      </trkpt>
      <trkpt lat="68.28285" lon="18.58427">
        <time>2026-03-09T16:40:00Z</time>
      </trkpt>
      <trkpt lat="68.28593" lon="18.59131">
        <time>2026-03-09T16:48:00Z</time>
      </trkpt>
      <trkpt lat="68.28594" lon="18.59045">
        <time>2026-03-10T07:47:00Z</time>
      </trkpt>
      <trkpt lat="68.28755" lon="18.60039">
        <time>2026-03-10T07:57:00Z</time>
      </trkpt>
      <trkpt lat="68.29034" lon="18.61275">
        <time>2026-03-10T08:07:00Z</time>
      </trkpt>
      <trkpt lat="68.29486" lon="18.62495">
        <time>2026-03-10T08:17:00Z</time>
      </trkpt>
      <trkpt lat="68.29885" lon="18.638">
        <time>2026-03-10T08:27:00Z</time>
      </trkpt>
      <trkpt lat="68.30273" lon="18.65077">
        <time>2026-03-10T08:37:00Z</time>
      </trkpt>
      <trkpt lat="68.30506" lon="18.65901">
        <time>2026-03-10T08:47:00Z</time>
      </trkpt>
      <trkpt lat="68.30839" lon="18.67154">
        <time>2026-03-10T08:57:00Z</time>
      </trkpt>
      <trkpt lat="68.31131" lon="18.68334">
        <time>2026-03-10T09:07:00Z</time>
      </trkpt>
      <trkpt lat="68.31273" lon="18.69669">
        <time>2026-03-10T09:17:00Z</time>
      </trkpt>
      <trkpt lat="68.31291" lon="18.70688">
        <time>2026-03-10T09:27:00Z</time>
      </trkpt>
      <trkpt lat="68.31449" lon="18.71909">
        <time>2026-03-10T09:37:00Z</time>
      </trkpt>
      <trkpt lat="68.31568" lon="18.73147">
        <time>2026-03-10T09:47:00Z</time>
      </trkpt>
      <trkpt lat="68.31935" lon="18.74349">
        <time>2026-03-10T09:57:00Z</time>
      </trkpt>
      <trkpt lat="68.32143" lon="18.75724">
        <time>2026-03-10T10:07:00Z</time>
      </trkpt>
      <trkpt lat="68.32508" lon="18.76273">
        <time>2026-03-10T10:17:00Z</time>
      </trkpt>
      <trkpt lat="68.32925" lon="18.76078">
        <time>2026-03-10T10:27:00Z</time>
      </trkpt>
      <trkpt lat="68.33267" lon="18.76108">
        <time>2026-03-10T10:37:00Z</time>
      </trkpt>
      <trkpt lat="68.3384" lon="18.75995">
        <time>2026-03-10T10:47:00Z</time>
      </trkpt>
      <trkpt lat="68.33987" lon="18.76709">
        <time>2026-03-10T10:57:00Z</time>
      </trkpt>
      <trkpt lat="68.34484" lon="18.76353">
        <time>2026-03-10T11:07:00Z</time>
      </trkpt>
      <trkpt lat="68.35054" lon="18.76666">
        <time>2026-03-10T11:17:00Z</time>
      </trkpt>
      <trkpt lat="68.35526" lon="18.76668">
        <time>2026-03-10T11:27:00Z</time>
      </trkpt>
      <trkpt lat="68.35738" lon="18.77657">
        <time>2026-03-10T11:37:00Z</time>
      </trkpt>
      <trkpt lat="68.35841" lon="18.78338">
        <time>2026-03-10T11:44:00Z</time>
      </trkpt>
      <trkpt lat="68.3587" lon="18.78593">
        <time>2026-03-11T09:33:00Z</time>
      </trkpt>
      <trkpt lat="68.35803" lon="18.7811">
        <time>2026-03-11T09:43:00Z</time>
      </trkpt>
      <trkpt lat="68.35721" lon="18.79308">
        <time>2026-03-11T09:53:00Z</time>
      </trkpt>
      <trkpt lat="68.35328" lon="18.81273">
        <time>2026-03-11T10:03:00Z</time>
      </trkpt>
      <trkpt lat="68.35272" lon="18.82614">
        <time>2026-03-11T10:13:00Z</time>
      </trkpt>
      <trkpt lat="68.3563" lon="18.83895">
        <time>2026-03-11T10:23:00Z</time>
      </trkpt>
      <trkpt lat="68.36032" lon="18.85166">
        <time>2026-03-11T10:33:00Z</time>
      </trkpt>
      <trkpt lat="68.36321" lon="18.86781">
        <time>2026-03-11T10:43:00Z</time>
      </trkpt>
      <trkpt lat="68.36558" lon="18.88455">
        <time>2026-03-11T10:53:00Z</time>
      </trkpt>
      <trkpt lat="68.36692" lon="18.89897">
        <time>2026-03-11T11:03:00Z</time>
      </trkpt>
      <trkpt lat="68.36617" lon="18.91536">
        <time>2026-03-11T11:13:00Z</time>
      </trkpt>
      <trkpt lat="68.36424" lon="18.92826">
        <time>2026-03-11T11:23:00Z</time>
      </trkpt>
      <trkpt lat="68.36532" lon="18.9439">
        <time>2026-03-11T11:33:00Z</time>
      </trkpt>
      <trkpt lat="68.36713" lon="18.95673">
        <time>2026-03-11T11:43:00Z</time>
      </trkpt>
      <trkpt lat="68.36806" lon="18.97583">
        <time>2026-03-11T11:53:00Z</time>
      </trkpt>
      <trkpt lat="68.36857" lon="18.99276">
        <time>2026-03-11T12:03:00Z</time>
      </trkpt>
      <trkpt lat="68.36899" lon="19.01216">
        <time>2026-03-11T12:13:00Z</time>
      </trkpt>
      <trkpt lat="68.36886" lon="19.02608">
        <time>2026-03-11T12:23:00Z</time>
      </trkpt>
      <trkpt lat="68.36951" lon="19.04419">
        <time>2026-03-11T12:33:00Z</time>
      </trkpt>
      <trkpt lat="68.37044" lon="19.05874">
        <time>2026-03-11T12:43:00Z</time>
      </trkpt>
      <trkpt lat="68.37018" lon="19.07527">
        <time>2026-03-11T12:53:00Z</time>
      </trkpt>
      <trkpt lat="68.3692" lon="19.08876">
        <time>2026-03-11T13:03:00Z</time>
      </trkpt>
      <trkpt lat="68.36843" lon="19.10046">
        <time>2026-03-11T13:13:00Z</time>
      </trkpt>
      <trkpt lat="68.36738" lon="19.1129">
        <time>2026-03-11T13:23:00Z</time>
      </trkpt>
      <trkpt lat="68.36608" lon="19.12927">
        <time>2026-03-11T13:33:00Z</time>
      </trkpt>
      <trkpt lat="68.36444" lon="19.14543">
        <time>2026-03-11T13:43:00Z</time>
      </trkpt>
      <trkpt lat="68.36313" lon="19.15726">
        <time>2026-03-11T13:53:00Z</time>
      </trkpt>
      <trkpt lat="68.36123" lon="19.17062">
        <time>2026-03-11T14:03:00Z</time>
      </trkpt>
      <trkpt lat="68.35945" lon="19.1818">
        <time>2026-03-11T14:13:00Z</time>
      </trkpt>
      <trkpt lat="68.357" lon="19.19627">
        <time>2026-03-11T14:23:00Z</time>
      </trkpt>
      <trkpt lat="68.35497" lon="19.20802">
        <time>2026-03-11T14:33:00Z</time>
      </trkpt>
      <trkpt lat="68.35202" lon="19.22141">
        <time>2026-03-11T14:43:00Z</time>
      </trkpt>
      <trkpt lat="68.34985" lon="19.23459">
        <time>2026-03-11T14:53:00Z</time>
      </trkpt>
      <trkpt lat="68.34755" lon="19.24736">
        <time>2026-03-11T15:03:00Z</time>
      </trkpt>
      <trkpt lat="68.3456" lon="19.25967">
        <time>2026-03-11T15:13:00Z</time>
      </trkpt>
      <trkpt lat="68.345" lon="19.27386">
        <time>2026-03-11T15:23:00Z</time>
      </trkpt>
      <trkpt lat="68.34453" lon="19.28845">
        <time>2026-03-11T15:33:00Z</time>
      </trkpt>
      <trkpt lat="68.34386" lon="19.30542">
        <time>2026-03-11T15:43:00Z</time>
      </trkpt>
      <trkpt lat="68.3432" lon="19.31819">
        <time>2026-03-11T15:53:00Z</time>
      </trkpt>
      <trkpt lat="68.34236" lon="19.33239">
        <time>2026-03-11T16:03:00Z</time>
      </trkpt>
      <trkpt lat="68.34116" lon="19.34655">
        <time>2026-03-11T16:13:00Z</time>
      </trkpt>
      <trkpt lat="68.33976" lon="19.35926">
        <time>2026-03-11T16:23:00Z</time>
      </trkpt>
      <trkpt lat="68.33818" lon="19.37338">
        <time>2026-03-11T16:33:00Z</time>
      </trkpt>
      <trkpt lat="68.33686" lon="19.38599">
        <time>2026-03-11T16:43:00Z</time>
      </trkpt>
      <trkpt lat="68.33548" lon="19.40059">
        <time>2026-03-11T16:53:00Z</time>
      </trkpt>
      <trkpt lat="68.33416" lon="19.41599">
        <time>2026-03-11T17:03:00Z</time>
      </trkpt>
      <trkpt lat="68.33395" lon="19.42717">
        <time>2026-03-11T17:13:00Z</time>
      </trkpt>
      <trkpt lat="68.33407" lon="19.42706">
        <time>2026-03-11T17:14:00Z</time>
      </trkpt>
      <trkpt lat="68.33407" lon="19.42706">
        <time>2026-03-11T17:15:00Z</time>
      </trkpt>
      <trkpt lat="68.33426" lon="19.42616">
        <time>2026-03-12T08:16:00Z</time>
      </trkpt>
      <trkpt lat="68.33321" lon="19.42747">
        <time>2026-03-12T08:26:00Z</time>
      </trkpt>
      <trkpt lat="68.33198" lon="19.4426">
        <time>2026-03-12T08:36:00Z</time>
      </trkpt>
      <trkpt lat="68.32716" lon="19.45367">
        <time>2026-03-12T08:46:00Z</time>
      </trkpt>
      <trkpt lat="68.32241" lon="19.46485">
        <time>2026-03-12T08:56:00Z</time>
      </trkpt>
      <trkpt lat="68.31845" lon="19.47579">
        <time>2026-03-12T09:06:00Z</time>
      </trkpt>
      <trkpt lat="68.31614" lon="19.48828">
        <time>2026-03-12T09:16:00Z</time>
      </trkpt>
      <trkpt lat="68.31445" lon="19.49708">
        <time>2026-03-12T09:26:00Z</time>
      </trkpt>
      <trkpt lat="68.31188" lon="19.50766">
        <time>2026-03-12T09:36:00Z</time>
      </trkpt>
      <trkpt lat="68.3088" lon="19.51989">
        <time>2026-03-12T09:46:00Z</time>
      </trkpt>
      <trkpt lat="68.30673" lon="19.52766">
        <time>2026-03-12T09:56:00Z</time>
      </trkpt>
      <trkpt lat="68.30384" lon="19.53987">
        <time>2026-03-12T10:06:00Z</time>
      </trkpt>
      <trkpt lat="68.30144" lon="19.55429">
        <time>2026-03-12T10:16:00Z</time>
      </trkpt>
      <trkpt lat="68.30083" lon="19.57092">
        <time>2026-03-12T10:26:00Z</time>
      </trkpt>
      <trkpt lat="68.30082" lon="19.58443">
        <time>2026-03-12T10:36:00Z</time>
      </trkpt>
      <trkpt lat="68.30099" lon="19.59815">
        <time>2026-03-12T10:46:00Z</time>
      </trkpt>
      <trkpt lat="68.30132" lon="19.61289">
        <time>2026-03-12T10:56:00Z</time>
      </trkpt>
      <trkpt lat="68.30159" lon="19.62542">
        <time>2026-03-12T11:06:00Z</time>
      </trkpt>
      <trkpt lat="68.30212" lon="19.64196">
        <time>2026-03-12T11:16:00Z</time>
      </trkpt>
      <trkpt lat="68.3025" lon="19.65456">
        <time>2026-03-12T11:26:00Z</time>
      </trkpt>
      <trkpt lat="68.30288" lon="19.66917">
        <time>2026-03-12T11:36:00Z</time>
      </trkpt>
      <trkpt lat="68.3032" lon="19.68308">
        <time>2026-03-12T11:46:00Z</time>
      </trkpt>
      <trkpt lat="68.30337" lon="19.69636">
        <time>2026-03-12T11:56:00Z</time>
      </trkpt>
      <trkpt lat="68.30379" lon="19.71031">
        <time>2026-03-12T12:06:00Z</time>
      </trkpt>
      <trkpt lat="68.30425" lon="19.71981">
        <time>2026-03-12T12:16:00Z</time>
      </trkpt>
      <trkpt lat="68.30492" lon="19.7364">
        <time>2026-03-12T12:26:00Z</time>
      </trkpt>
      <trkpt lat="68.30602" lon="19.75264">
        <time>2026-03-12T12:36:00Z</time>
      </trkpt>
      <trkpt lat="68.30721" lon="19.76511">
        <time>2026-03-12T12:46:00Z</time>
      </trkpt>
      <trkpt lat="68.30818" lon="19.77403">
        <time>2026-03-12T12:56:00Z</time>
      </trkpt>
      <trkpt lat="68.3107" lon="19.78843">
        <time>2026-03-12T13:06:00Z</time>
      </trkpt>
      <trkpt lat="68.31202" lon="19.79607">
        <time>2026-03-12T13:16:00Z</time>
      </trkpt>
      <trkpt lat="68.3139" lon="19.80566">
        <time>2026-03-12T13:26:00Z</time>
      </trkpt>
      <trkpt lat="68.31414" lon="19.82092">
        <time>2026-03-12T13:36:00Z</time>
      </trkpt>
      <trkpt lat="68.31297" lon="19.83691">
        <time>2026-03-12T13:46:00Z</time>
      </trkpt>
      <trkpt lat="68.31112" lon="19.84386">
        <time>2026-03-12T13:56:00Z</time>
      </trkpt>
      <trkpt lat="68.30797" lon="19.85426">
        <time>2026-03-12T14:06:00Z</time>
      </trkpt>
      <trkpt lat="68.3035" lon="19.85332">
        <time>2026-03-12T14:16:00Z</time>
      </trkpt>
      <trkpt lat="68.29934" lon="19.86383">
        <time>2026-03-12T14:26:00Z</time>
      </trkpt>
      <trkpt lat="68.29557" lon="19.87547">
        <time>2026-03-12T14:36:00Z</time>
      </trkpt>
      <trkpt lat="68.29366" lon="19.88046">
        <time>2026-03-12T14:46:00Z</time>
      </trkpt>
      <trkpt lat="68.28782" lon="19.88976">
        <time>2026-03-12T14:56:00Z</time>
      </trkpt>
      <trkpt lat="68.29186" lon="19.89205">
        <time>2026-03-12T15:06:00Z</time>
      </trkpt>
      <trkpt lat="68.29409" lon="19.89379">
        <time>2026-03-12T15:16:00Z</time>
      </trkpt>
      <trkpt lat="68.29527" lon="19.8981">
        <time>2026-03-12T15:26:00Z</time>
      </trkpt>
      <trkpt lat="68.29855" lon="19.90804">
        <time>2026-03-12T15:36:00Z</time>
      </trkpt>
      <trkpt lat="68.30212" lon="19.91937">
        <time>2026-03-12T15:46:00Z</time>
      </trkpt>
      <trkpt lat="68.30598" lon="19.93265">
        <time>2026-03-12T15:56:00Z</time>
      </trkpt>
      <trkpt lat="68.30905" lon="19.9361">
        <time>2026-03-12T16:06:00Z</time>
      </trkpt>
      <trkpt lat="68.31394" lon="19.93765">
        <time>2026-03-12T16:16:00Z</time>
      </trkpt>
      <trkpt lat="68.31851" lon="19.93885">
        <time>2026-03-12T16:26:00Z</time>
      </trkpt>
      <trkpt lat="68.32177" lon="19.9455">
        <time>2026-03-12T16:36:00Z</time>
      </trkpt>
      <trkpt lat="68.32176" lon="19.9455">
        <time>2026-03-12T16:37:00Z</time>
      </trkpt>
      <trkpt lat="68.32193" lon="19.94559">
        <time>2026-03-13T08:09:00Z</time>
      </trkpt>
      <trkpt lat="68.32391" lon="19.94962">
        <time>2026-03-13T08:19:00Z</time>
      </trkpt>
      <trkpt lat="68.32767" lon="19.95233">
        <time>2026-03-13T08:29:00Z</time>
      </trkpt>
      <trkpt lat="68.33188" lon="19.9561">
        <time>2026-03-13T08:39:00Z</time>
      </trkpt>
      <trkpt lat="68.33556" lon="19.96087">
        <time>2026-03-13T08:49:00Z</time>
      </trkpt>
      <trkpt lat="68.34019" lon="19.96325">
        <time>2026-03-13T08:59:00Z</time>
      </trkpt>
      <trkpt lat="68.34436" lon="19.96595">
        <time>2026-03-13T09:09:00Z</time>
      </trkpt>
      <trkpt lat="68.34817" lon="19.97288">
        <time>2026-03-13T09:19:00Z</time>
      </trkpt>
      <trkpt lat="68.35277" lon="19.98601">
        <time>2026-03-13T09:29:00Z</time>
      </trkpt>
      <trkpt lat="68.35615" lon="20.00254">
        <time>2026-03-13T09:39:00Z</time>
      </trkpt>
      <trkpt lat="68.359" lon="20.01404">
        <time>2026-03-13T09:49:00Z</time>
      </trkpt>
      <trkpt lat="68.36039" lon="20.02127">
        <time>2026-03-13T09:59:00Z</time>
      </trkpt>
      <trkpt lat="68.36416" lon="20.02657">
        <time>2026-03-13T10:09:00Z</time>
      </trkpt>
      <trkpt lat="68.36594" lon="20.03711">
        <time>2026-03-13T10:19:00Z</time>
      </trkpt>
      <trkpt lat="68.36827" lon="20.04505">
        <time>2026-03-13T10:29:00Z</time>
      </trkpt>
      <trkpt lat="68.37059" lon="20.05275">
        <time>2026-03-13T10:39:00Z</time>
      </trkpt>
      <trkpt lat="68.37271" lon="20.06758">
        <time>2026-03-13T10:49:00Z</time>
      </trkpt>
      <trkpt lat="68.37386" lon="20.07356">
        <time>2026-03-13T10:59:00Z</time>
      </trkpt>
      <trkpt lat="68.37817" lon="20.07788">
        <time>2026-03-13T11:09:00Z</time>
      </trkpt>
      <trkpt lat="68.38245" lon="20.07318">
        <time>2026-03-13T11:19:00Z</time>
      </trkpt>
      <trkpt lat="68.38713" lon="20.07067">
        <time>2026-03-13T11:29:00Z</time>
      </trkpt>
      <trkpt lat="68.39168" lon="20.06337">
        <time>2026-03-13T11:39:00Z</time>
      </trkpt>
      <trkpt lat="68.39503" lon="20.06071">
        <time>2026-03-13T11:49:00Z</time>
      </trkpt>
      <trkpt lat="68.39859" lon="20.06412">
        <time>2026-03-13T11:59:00Z</time>
      </trkpt>
      <trkpt lat="68.40251" lon="20.06888">
        <time>2026-03-13T12:09:00Z</time>
      </trkpt>
      <trkpt lat="68.40645" lon="20.07399">
        <time>2026-03-13T12:19:00Z</time>
      </trkpt>
      <trkpt lat="68.41058" lon="20.07994">
        <time>2026-03-13T12:29:00Z</time>
      </trkpt>
      <trkpt lat="68.41419" lon="20.08341">
        <time>2026-03-13T12:39:00Z</time>
      </trkpt>
      <trkpt lat="68.41757" lon="20.09618">
        <time>2026-03-13T12:49:00Z</time>
      </trkpt>
      <trkpt lat="68.42001" lon="20.11274">
        <time>2026-03-13T12:59:00Z</time>
      </trkpt>
      <trkpt lat="68.42091" lon="20.12298">
        <time>2026-03-13T13:09:00Z</time>
      </trkpt>
      <trkpt lat="68.42223" lon="20.13203">
        <time>2026-03-13T13:19:00Z</time>
      </trkpt>
      <trkpt lat="68.42238" lon="20.14452">
        <time>2026-03-13T13:29:00Z</time>
      </trkpt>
      <trkpt lat="68.42486" lon="20.15673">
        <time>2026-03-13T13:39:00Z</time>
      </trkpt>
      <trkpt lat="68.431" lon="20.16684">
        <time>2026-03-13T13:49:00Z</time>
      </trkpt>
      <trkpt lat="68.43993" lon="20.18806">
        <time>2026-03-13T13:59:00Z</time>
      </trkpt>
      <trkpt lat="68.44766" lon="20.19735">
        <time>2026-03-13T14:09:00Z</time>
      </trkpt>
      <trkpt lat="68.45454" lon="20.20529">
        <time>2026-03-13T14:19:00Z</time>
      </trkpt>
      <trkpt lat="68.46128" lon="20.21336">
        <time>2026-03-13T14:29:00Z</time>
      </trkpt>
      <trkpt lat="68.46787" lon="20.22119">
        <time>2026-03-13T14:39:00Z</time>
      </trkpt>
      <trkpt lat="68.47358" lon="20.22827">
        <time>2026-03-13T14:49:00Z</time>
      </trkpt>
      <trkpt lat="68.47552" lon="20.22971">
        <time>2026-03-13T14:59:00Z</time>
      </trkpt>
      <trkpt lat="68.47938" lon="20.23374">
        <time>2026-03-13T15:09:00Z</time>
      </trkpt>
      <trkpt lat="68.48352" lon="20.24452">
        <time>2026-03-13T15:19:00Z</time>
      </trkpt>
      <trkpt lat="68.4858" lon="20.2517">
        <time>2026-03-13T15:29:00Z</time>
      </trkpt>
      <trkpt lat="68.48946" lon="20.25994">
        <time>2026-03-13T15:39:00Z</time>
      </trkpt>
      <trkpt lat="68.49445" lon="20.27754">
        <time>2026-03-13T15:49:00Z</time>
      </trkpt>
      <trkpt lat="68.49835" lon="20.28333">
        <time>2026-03-13T15:59:00Z</time>
      </trkpt>
      <trkpt lat="68.50549" lon="20.29421">
        <time>2026-03-13T16:09:00Z</time>
      </trkpt>
      <trkpt lat="68.51197" lon="20.29177">
        <time>2026-03-13T16:19:00Z</time>
      </trkpt>
      <trkpt lat="68.51715" lon="20.29475">
        <time>2026-03-13T16:29:00Z</time>
      </trkpt>
      <trkpt lat="68.52382" lon="20.29408">
        <time>2026-03-13T16:39:00Z</time>
      </trkpt>
      <trkpt lat="68.53011" lon="20.29329">
        <time>2026-03-13T16:49:00Z</time>
      </trkpt>
      <trkpt lat="68.53301" lon="20.29282">
        <time>2026-03-13T16:57:00Z</time>
      </trkpt>
      <trkpt lat="68.53299" lon="20.29277">
        <time>2026-03-14T08:28:00Z</time>
      </trkpt>
      <trkpt lat="68.53466" lon="20.29275">
        <time>2026-03-14T08:38:00Z</time>
      </trkpt>
      <trkpt lat="68.53868" lon="20.29245">
        <time>2026-03-14T08:48:00Z</time>
      </trkpt>
      <trkpt lat="68.54493" lon="20.29586">
        <time>2026-03-14T08:58:00Z</time>
      </trkpt>
      <trkpt lat="68.54965" lon="20.30565">
        <time>2026-03-14T09:08:00Z</time>
      </trkpt>
      <trkpt lat="68.5516" lon="20.31663">
        <time>2026-03-14T09:18:00Z</time>
      </trkpt>
      <trkpt lat="68.55545" lon="20.32153">
        <time>2026-03-14T09:28:00Z</time>
      </trkpt>
      <trkpt lat="68.55925" lon="20.32891">
        <time>2026-03-14T09:38:00Z</time>
      </trkpt>
      <trkpt lat="68.56256" lon="20.33734">
        <time>2026-03-14T09:48:00Z</time>
      </trkpt>
      <trkpt lat="68.56503" lon="20.34251">
        <time>2026-03-14T09:58:00Z</time>
      </trkpt>
      <trkpt lat="68.56894" lon="20.35326">
        <time>2026-03-14T10:08:00Z</time>
      </trkpt>
      <trkpt lat="68.57346" lon="20.35914">
        <time>2026-03-14T10:18:00Z</time>
      </trkpt>
      <trkpt lat="68.57673" lon="20.36957">
        <time>2026-03-14T10:28:00Z</time>
      </trkpt>
      <trkpt lat="68.57927" lon="20.37983">
        <time>2026-03-14T10:38:00Z</time>
      </trkpt>
      <trkpt lat="68.58183" lon="20.38983">
        <time>2026-03-14T10:48:00Z</time>
      </trkpt>
      <trkpt lat="68.58581" lon="20.39895">
        <time>2026-03-14T10:58:00Z</time>
      </trkpt>
      <trkpt lat="68.58911" lon="20.40352">
        <time>2026-03-14T11:08:00Z</time>
      </trkpt>
      <trkpt lat="68.59337" lon="20.41176">
        <time>2026-03-14T11:18:00Z</time>
      </trkpt>
      <trkpt lat="68.597" lon="20.41837">
        <time>2026-03-14T11:28:00Z</time>
      </trkpt>
      <trkpt lat="68.60042" lon="20.4183">
        <time>2026-03-14T11:38:00Z</time>
      </trkpt>
      <trkpt lat="68.60355" lon="20.41463">
        <time>2026-03-14T11:48:00Z</time>
      </trkpt>
      <trkpt lat="68.60614" lon="20.41261">
        <time>2026-03-14T11:58:00Z</time>
      </trkpt>
      <trkpt lat="68.61002" lon="20.41343">
        <time>2026-03-14T12:08:00Z</time>
      </trkpt>
      <trkpt lat="68.61415" lon="20.41963">
        <time>2026-03-14T12:18:00Z</time>
      </trkpt>
      <trkpt lat="68.61886" lon="20.42092">
        <time>2026-03-14T12:28:00Z</time>
      </trkpt>
      <trkpt lat="68.62261" lon="20.4236">
        <time>2026-03-14T12:38:00Z</time>
      </trkpt>
      <trkpt lat="68.62863" lon="20.42963">
        <time>2026-03-14T12:48:00Z</time>
      </trkpt>
      <trkpt lat="68.63272" lon="20.43233">
        <time>2026-03-14T12:58:00Z</time>
      </trkpt>
      <trkpt lat="68.63694" lon="20.43386">
        <time>2026-03-14T13:08:00Z</time>
      </trkpt>
      <trkpt lat="68.6431" lon="20.4351">
        <time>2026-03-14T13:18:00Z</time>
      </trkpt>
      <trkpt lat="68.64809" lon="20.44072">
        <time>2026-03-14T13:28:00Z</time>
      </trkpt>
      <trkpt lat="68.65311" lon="20.44712">
        <time>2026-03-14T13:38:00Z</time>
      </trkpt>
      <trkpt lat="68.65544" lon="20.45006">
        <time>2026-03-14T13:48:00Z</time>
      </trkpt>
      <trkpt lat="68.66004" lon="20.45574">
        <time>2026-03-14T13:58:00Z</time>
      </trkpt>
      <trkpt lat="68.66556" lon="20.4622">
        <time>2026-03-14T14:08:00Z</time>
      </trkpt>
      <trkpt lat="68.67202" lon="20.46858">
        <time>2026-03-14T14:18:00Z</time>
      </trkpt>
      <trkpt lat="68.67582" lon="20.4716">
        <time>2026-03-14T14:28:00Z</time>
      </trkpt>
      <trkpt lat="68.68071" lon="20.47825">
        <time>2026-03-14T14:38:00Z</time>
      </trkpt>
      <trkpt lat="68.68477" lon="20.48568">
        <time>2026-03-14T14:48:00Z</time>
      </trkpt>
      <trkpt lat="68.69001" lon="20.49364">
        <time>2026-03-14T14:58:00Z</time>
      </trkpt>
      <trkpt lat="68.6954" lon="20.50121">
        <time>2026-03-14T15:08:00Z</time>
      </trkpt>
      <trkpt lat="68.69968" lon="20.50741">
        <time>2026-03-14T15:18:00Z</time>
      </trkpt>
      <trkpt lat="68.70429" lon="20.51473">
        <time>2026-03-14T15:28:00Z</time>
      </trkpt>
      <trkpt lat="68.70819" lon="20.51937">
        <time>2026-03-14T15:38:00Z</time>
      </trkpt>
      <trkpt lat="68.71329" lon="20.52372">
        <time>2026-03-14T15:48:00Z</time>
      </trkpt>
      <trkpt lat="68.71748" lon="20.5328">
        <time>2026-03-14T15:58:00Z</time>
      </trkpt>
      <trkpt lat="68.72181" lon="20.54235">
        <time>2026-03-14T16:08:00Z</time>
      </trkpt>
      <trkpt lat="68.72499" lon="20.54924">
        <time>2026-03-14T16:18:00Z</time>
      </trkpt>
      <trkpt lat="68.72938" lon="20.55445">
        <time>2026-03-14T16:28:00Z</time>
      </trkpt>
      <trkpt lat="68.73346" lon="20.56338">
        <time>2026-03-14T16:38:00Z</time>
      </trkpt>
      <trkpt lat="68.73731" lon="20.57449">
        <time>2026-03-14T16:48:00Z</time>
      </trkpt>
      <trkpt lat="68.74021" lon="20.58644">
        <time>2026-03-14T16:58:00Z</time>
      </trkpt>
      <trkpt lat="68.7407" lon="20.59273">
        <time>2026-03-14T17:06:00Z</time>
      </trkpt>
      <trkpt lat="68.74069" lon="20.59262">
        <time>2026-03-15T07:56:00Z</time>
      </trkpt>
      <trkpt lat="68.74337" lon="20.59606">
        <time>2026-03-15T08:06:00Z</time>
      </trkpt>
      <trkpt lat="68.7468" lon="20.60202">
        <time>2026-03-15T08:16:00Z</time>
      </trkpt>
      <trkpt lat="68.748" lon="20.61123">
        <time>2026-03-15T08:26:00Z</time>
      </trkpt>
      <trkpt lat="68.75058" lon="20.62009">
        <time>2026-03-15T08:36:00Z</time>
      </trkpt>
      <trkpt lat="68.75581" lon="20.62273">
        <time>2026-03-15T08:46:00Z</time>
      </trkpt>
      <trkpt lat="68.75972" lon="20.62638">
        <time>2026-03-15T08:56:00Z</time>
      </trkpt>
      <trkpt lat="68.76326" lon="20.63556">
        <time>2026-03-15T09:06:00Z</time>
      </trkpt>
      <trkpt lat="68.76568" lon="20.64279">
        <time>2026-03-15T09:16:00Z</time>
      </trkpt>
      <trkpt lat="68.76839" lon="20.65067">
        <time>2026-03-15T09:26:00Z</time>
      </trkpt>
      <trkpt lat="68.77078" lon="20.65691">
        <time>2026-03-15T09:36:00Z</time>
      </trkpt>
      <trkpt lat="68.77473" lon="20.67112">
        <time>2026-03-15T09:46:00Z</time>
      </trkpt>
      <trkpt lat="68.77942" lon="20.68933">
        <time>2026-03-15T09:56:00Z</time>
      </trkpt>
      <trkpt lat="68.78241" lon="20.6891">
        <time>2026-03-15T10:06:00Z</time>
      </trkpt>
      <trkpt lat="68.78812" lon="20.68122">
        <time>2026-03-15T10:16:00Z</time>
      </trkpt>
      <trkpt lat="68.79239" lon="20.67783">
        <time>2026-03-15T10:26:00Z</time>
      </trkpt>
      <trkpt lat="68.79814" lon="20.67749">
        <time>2026-03-15T10:36:00Z</time>
      </trkpt>
      <trkpt lat="68.80327" lon="20.6765">
        <time>2026-03-15T10:46:00Z</time>
      </trkpt>
      <trkpt lat="68.80883" lon="20.67397">
        <time>2026-03-15T10:56:00Z</time>
      </trkpt>
      <trkpt lat="68.81353" lon="20.66918">
        <time>2026-03-15T11:06:00Z</time>
      </trkpt>
      <trkpt lat="68.81755" lon="20.66172">
        <time>2026-03-15T11:16:00Z</time>
      </trkpt>
      <trkpt lat="68.82148" lon="20.65502">
        <time>2026-03-15T11:26:00Z</time>
      </trkpt>
      <trkpt lat="68.82604" lon="20.64543">
        <time>2026-03-15T11:36:00Z</time>
      </trkpt>
      <trkpt lat="68.83009" lon="20.63923">
        <time>2026-03-15T11:46:00Z</time>
      </trkpt>
      <trkpt lat="68.83439" lon="20.64374">
        <time>2026-03-15T11:56:00Z</time>
      </trkpt>
      <trkpt lat="68.84054" lon="20.6461">
        <time>2026-03-15T12:06:00Z</time>
      </trkpt>
      <trkpt lat="68.84526" lon="20.64586">
        <time>2026-03-15T12:16:00Z</time>
      </trkpt>
      <trkpt lat="68.85193" lon="20.64058">
        <time>2026-03-15T12:26:00Z</time>
      </trkpt>
      <trkpt lat="68.85758" lon="20.63123">
        <time>2026-03-15T12:36:00Z</time>
      </trkpt>
      <trkpt lat="68.86113" lon="20.61876">
        <time>2026-03-15T12:46:00Z</time>
      </trkpt>
      <trkpt lat="68.8651" lon="20.61224">
        <time>2026-03-15T12:56:00Z</time>
      </trkpt>
      <trkpt lat="68.86833" lon="20.60749">
        <time>2026-03-15T13:06:00Z</time>
      </trkpt>
      <trkpt lat="68.8703" lon="20.59739">
        <time>2026-03-15T13:16:00Z</time>
      </trkpt>
      <trkpt lat="68.8732" lon="20.58574">
        <time>2026-03-15T13:26:00Z</time>
      </trkpt>
      <trkpt lat="68.87509" lon="20.57016">
        <time>2026-03-15T13:36:00Z</time>
      </trkpt>
      <trkpt lat="68.87728" lon="20.55855">
        <time>2026-03-15T13:46:00Z</time>
      </trkpt>
      <trkpt lat="68.87809" lon="20.54368">
        <time>2026-03-15T13:56:00Z</time>
      </trkpt>
      <trkpt lat="68.87615" lon="20.52971">
        <time>2026-03-15T14:06:00Z</time>
      </trkpt>
      <trkpt lat="68.87695" lon="20.51349">
        <time>2026-03-15T14:16:00Z</time>
      </trkpt>
      <trkpt lat="68.87963" lon="20.49819">
        <time>2026-03-15T14:26:00Z</time>
      </trkpt>
      <trkpt lat="68.8826" lon="20.48338">
        <time>2026-03-15T14:36:00Z</time>
      </trkpt>
      <trkpt lat="68.88601" lon="20.47205">
        <time>2026-03-15T14:46:00Z</time>
      </trkpt>
      <trkpt lat="68.89101" lon="20.46413">
        <time>2026-03-15T14:56:00Z</time>
      </trkpt>
      <trkpt lat="68.89653" lon="20.45351">
        <time>2026-03-15T15:06:00Z</time>
      </trkpt>
      <trkpt lat="68.89988" lon="20.44208">
        <time>2026-03-15T15:16:00Z</time>
      </trkpt>
      <trkpt lat="68.90436" lon="20.42673">
        <time>2026-03-15T15:26:00Z</time>
      </trkpt>
      <trkpt lat="68.90927" lon="20.41725">
        <time>2026-03-15T15:36:00Z</time>
      </trkpt>
      <trkpt lat="68.91452" lon="20.40598">
        <time>2026-03-15T15:46:00Z</time>
      </trkpt>
      <trkpt lat="68.91951" lon="20.39556">
        <time>2026-03-15T15:56:00Z</time>
      </trkpt>
      <trkpt lat="68.92289" lon="20.3915">
        <time>2026-03-15T16:06:00Z</time>
      </trkpt>
      <trkpt lat="68.9294" lon="20.38122">
        <time>2026-03-15T16:16:00Z</time>
      </trkpt>
      <trkpt lat="68.93372" lon="20.37753">
        <time>2026-03-15T16:26:00Z</time>
      </trkpt>
      <trkpt lat="68.93971" lon="20.37429">
        <time>2026-03-15T16:36:00Z</time>
      </trkpt>
      <trkpt lat="68.94357" lon="20.36751">
        <time>2026-03-15T16:46:00Z</time>
      </trkpt>
      <trkpt lat="68.94624" lon="20.3618">
        <time>2026-03-15T16:56:00Z</time>
      </trkpt>
      <trkpt lat="68.95019" lon="20.35785">
        <time>2026-03-15T17:06:00Z</time>
      </trkpt>
      <trkpt lat="68.95759" lon="20.35957">
        <time>2026-03-15T17:16:00Z</time>
      </trkpt>
      <trkpt lat="68.9653" lon="20.35573">
        <time>2026-03-15T17:26:00Z</time>
      </trkpt>
      <trkpt lat="68.97067" lon="20.35206">
        <time>2026-03-15T17:36:00Z</time>
      </trkpt>
      <trkpt lat="68.97379" lon="20.36564">
        <time>2026-03-15T17:46:00Z</time>
      </trkpt>
      <trkpt lat="68.97326" lon="20.3683">
        <time>2026-03-15T17:56:00Z</time>
      </trkpt>
      <trkpt lat="68.97326" lon="20.3683">
        <time>2026-03-15T17:58:00Z</time>
      </trkpt>
      <trkpt lat="68.9733" lon="20.36856">
        <time>2026-03-16T08:14:00Z</time>
      </trkpt>
      <trkpt lat="68.9733" lon="20.36863">
        <time>2026-03-16T08:24:00Z</time>
      </trkpt>
      <trkpt lat="68.97438" lon="20.36828">
        <time>2026-03-16T08:34:00Z</time>
      </trkpt>
      <trkpt lat="68.97914" lon="20.3697">
        <time>2026-03-16T08:44:00Z</time>
      </trkpt>
      <trkpt lat="68.9796" lon="20.37734">
        <time>2026-03-16T08:54:00Z</time>
      </trkpt>
      <trkpt lat="68.98069" lon="20.38923">
        <time>2026-03-16T09:04:00Z</time>
      </trkpt>
      <trkpt lat="68.98132" lon="20.39618">
        <time>2026-03-16T09:14:00Z</time>
      </trkpt>
      <trkpt lat="68.98144" lon="20.40762">
        <time>2026-03-16T09:24:00Z</time>
      </trkpt>
      <trkpt lat="68.98142" lon="20.4151">
        <time>2026-03-16T09:34:00Z</time>
      </trkpt>
      <trkpt lat="68.98246" lon="20.41888">
        <time>2026-03-16T09:44:00Z</time>
      </trkpt>
      <trkpt lat="68.98446" lon="20.42768">
        <time>2026-03-16T09:54:00Z</time>
      </trkpt>
      <trkpt lat="68.9876" lon="20.43987">
        <time>2026-03-16T10:04:00Z</time>
      </trkpt>
      <trkpt lat="68.99011" lon="20.44364">
        <time>2026-03-16T10:14:00Z</time>
      </trkpt>
      <trkpt lat="68.99227" lon="20.44903">
        <time>2026-03-16T10:24:00Z</time>
      </trkpt>
      <trkpt lat="68.99464" lon="20.45851">
        <time>2026-03-16T10:34:00Z</time>
      </trkpt>
      <trkpt lat="69.0004" lon="20.46737">
        <time>2026-03-16T10:44:00Z</time>
      </trkpt>
      <trkpt lat="69.0023" lon="20.4739">
        <time>2026-03-16T10:54:00Z</time>
      </trkpt>
      <trkpt lat="69.00404" lon="20.47873">
        <time>2026-03-16T11:04:00Z</time>
      </trkpt>
      <trkpt lat="69.00887" lon="20.48761">
        <time>2026-03-16T11:14:00Z</time>
      </trkpt>
      <trkpt lat="69.01401" lon="20.49413">
        <time>2026-03-16T11:24:00Z</time>
      </trkpt>
      <trkpt lat="69.01932" lon="20.5022">
        <time>2026-03-16T11:34:00Z</time>
      </trkpt>
      <trkpt lat="69.02494" lon="20.51458">
        <time>2026-03-16T11:44:00Z</time>
      </trkpt>
      <trkpt lat="69.03325" lon="20.51621">
        <time>2026-03-16T11:54:00Z</time>
      </trkpt>
      <trkpt lat="69.0433" lon="20.51415">
        <time>2026-03-16T12:04:00Z</time>
      </trkpt>
      <trkpt lat="69.04855" lon="20.52295">
        <time>2026-03-16T12:14:00Z</time>
      </trkpt>
      <trkpt lat="69.05208" lon="20.52636">
        <time>2026-03-16T12:24:00Z</time>
      </trkpt>
      <trkpt lat="69.0563" lon="20.53484">
        <time>2026-03-16T12:34:00Z</time>
      </trkpt>
      <trkpt lat="69.0599" lon="20.54864">
        <time>2026-03-16T12:44:00Z</time>
      </trkpt>
      <trkpt lat="69.05993" lon="20.54864">
        <time>2026-03-16T12:53:00Z</time>
      </trkpt>
    </trkseg>
  </trk>
</gpx>
