<?xml version="1.0" encoding="UTF-8"?>
<gpx xmlns="http://www.topografix.com/GPX/1/1" version="1.1" creator="VitaBandet">
  <metadata>
    <name>Abisko → finish · Traditional (SE → Treriksröset)</name>
    <desc>Skips Norway DNT Lappjord/Altevass · classic Trerik finish</desc>
  </metadata>
  <wpt lat="68.35019" lon="18.83132">
    <name>Abisko</name>
  </wpt>
  <wpt lat="69.05989" lon="20.54883">
    <name>Treriksröset</name>
  </wpt>
  <wpt lat="69.0353" lon="20.70762">
    <name>Pältsa</name>
  </wpt>
  <trk>
    <name>Abisko→finish · Christian Kämmer (traditional)</name>
    <trkseg>
      <trkpt lat="68.35019" lon="18.83132">
        <time>2023-04-08T08:39:00Z</time>
      </trkpt>
      <trkpt lat="68.35019" lon="18.83132">
        <time>2023-04-08T08:39:00Z</time>
      </trkpt>
      <trkpt lat="68.35049" lon="18.83256">
        <time>2023-04-08T08:49:00Z</time>
      </trkpt>
      <trkpt lat="68.35049" lon="18.83256">
        <time>2023-04-08T08:49:00Z</time>
      </trkpt>
      <trkpt lat="68.35481" lon="18.84492">
        <time>2023-04-08T10:29:00Z</time>
      </trkpt>
      <trkpt lat="68.35481" lon="18.84492">
        <time>2023-04-08T10:29:00Z</time>
      </trkpt>
      <trkpt lat="68.36191" lon="18.85859">
        <time>2023-04-08T10:39:00Z</time>
      </trkpt>
      <trkpt lat="68.36191" lon="18.85859">
        <time>2023-04-08T10:39:00Z</time>
      </trkpt>
      <trkpt lat="68.36438" lon="18.8775">
        <time>2023-04-08T10:49:00Z</time>
      </trkpt>
      <trkpt lat="68.36438" lon="18.8775">
        <time>2023-04-08T10:49:00Z</time>
      </trkpt>
      <trkpt lat="68.367" lon="18.90393">
        <time>2023-04-08T10:59:00Z</time>
      </trkpt>
      <trkpt lat="68.367" lon="18.90393">
        <time>2023-04-08T10:59:00Z</time>
      </trkpt>
      <trkpt lat="68.36806" lon="18.92809">
        <time>2023-04-08T11:09:00Z</time>
      </trkpt>
      <trkpt lat="68.36806" lon="18.92809">
        <time>2023-04-08T11:09:00Z</time>
      </trkpt>
      <trkpt lat="68.36856" lon="18.94371">
        <time>2023-04-08T11:19:00Z</time>
      </trkpt>
      <trkpt lat="68.36856" lon="18.94371">
        <time>2023-04-08T11:19:00Z</time>
      </trkpt>
      <trkpt lat="68.36778" lon="18.96478">
        <time>2023-04-08T11:29:00Z</time>
      </trkpt>
      <trkpt lat="68.36778" lon="18.96478">
        <time>2023-04-08T11:29:00Z</time>
      </trkpt>
      <trkpt lat="68.36832" lon="18.9877">
        <time>2023-04-08T11:39:00Z</time>
      </trkpt>
      <trkpt lat="68.36832" lon="18.9877">
        <time>2023-04-08T11:39:00Z</time>
      </trkpt>
      <trkpt lat="68.3692" lon="19.01073">
        <time>2023-04-08T11:49:00Z</time>
      </trkpt>
      <trkpt lat="68.3692" lon="19.01073">
        <time>2023-04-08T11:49:00Z</time>
      </trkpt>
      <trkpt lat="68.37005" lon="19.03354">
        <time>2023-04-08T11:59:00Z</time>
      </trkpt>
      <trkpt lat="68.37005" lon="19.03354">
        <time>2023-04-08T11:59:00Z</time>
      </trkpt>
      <trkpt lat="68.37028" lon="19.05665">
        <time>2023-04-08T12:09:00Z</time>
      </trkpt>
      <trkpt lat="68.37028" lon="19.05665">
        <time>2023-04-08T12:09:00Z</time>
      </trkpt>
      <trkpt lat="68.36983" lon="19.07864">
        <time>2023-04-08T12:19:00Z</time>
      </trkpt>
      <trkpt lat="68.36983" lon="19.07864">
        <time>2023-04-08T12:19:00Z</time>
      </trkpt>
      <trkpt lat="68.36827" lon="19.09132">
        <time>2023-04-08T12:29:00Z</time>
      </trkpt>
      <trkpt lat="68.36827" lon="19.09132">
        <time>2023-04-08T12:29:00Z</time>
      </trkpt>
      <trkpt lat="68.36836" lon="19.09126">
        <time>2023-04-08T12:39:00Z</time>
      </trkpt>
      <trkpt lat="68.36836" lon="19.09126">
        <time>2023-04-08T12:39:00Z</time>
      </trkpt>
      <trkpt lat="68.36685" lon="19.10269">
        <time>2023-04-08T12:59:00Z</time>
      </trkpt>
      <trkpt lat="68.36685" lon="19.10269">
        <time>2023-04-08T12:59:00Z</time>
      </trkpt>
      <trkpt lat="68.36398" lon="19.12477">
        <time>2023-04-08T13:09:00Z</time>
      </trkpt>
      <trkpt lat="68.36398" lon="19.12477">
        <time>2023-04-08T13:09:00Z</time>
      </trkpt>
      <trkpt lat="68.36105" lon="19.14544">
        <time>2023-04-08T13:19:00Z</time>
      </trkpt>
      <trkpt lat="68.36105" lon="19.14544">
        <time>2023-04-08T13:19:00Z</time>
      </trkpt>
      <trkpt lat="68.35808" lon="19.16591">
        <time>2023-04-08T13:29:00Z</time>
      </trkpt>
      <trkpt lat="68.35808" lon="19.16591">
        <time>2023-04-08T13:29:00Z</time>
      </trkpt>
      <trkpt lat="68.3556" lon="19.18812">
        <time>2023-04-08T13:39:00Z</time>
      </trkpt>
      <trkpt lat="68.3556" lon="19.18812">
        <time>2023-04-08T13:39:00Z</time>
      </trkpt>
      <trkpt lat="68.35252" lon="19.21022">
        <time>2023-04-08T13:49:00Z</time>
      </trkpt>
      <trkpt lat="68.35252" lon="19.21022">
        <time>2023-04-08T13:49:00Z</time>
      </trkpt>
      <trkpt lat="68.3488" lon="19.23155">
        <time>2023-04-08T13:59:00Z</time>
      </trkpt>
      <trkpt lat="68.3488" lon="19.23155">
        <time>2023-04-08T13:59:00Z</time>
      </trkpt>
      <trkpt lat="68.34581" lon="19.25227">
        <time>2023-04-08T14:09:00Z</time>
      </trkpt>
      <trkpt lat="68.34581" lon="19.25227">
        <time>2023-04-08T14:09:00Z</time>
      </trkpt>
      <trkpt lat="68.34304" lon="19.27487">
        <time>2023-04-08T14:19:00Z</time>
      </trkpt>
      <trkpt lat="68.34304" lon="19.27487">
        <time>2023-04-08T14:19:00Z</time>
      </trkpt>
      <trkpt lat="68.34056" lon="19.29573">
        <time>2023-04-08T14:29:00Z</time>
      </trkpt>
      <trkpt lat="68.34056" lon="19.29573">
        <time>2023-04-08T14:29:00Z</time>
      </trkpt>
      <trkpt lat="68.33939" lon="19.3054">
        <time>2023-04-08T14:39:00Z</time>
      </trkpt>
      <trkpt lat="68.33939" lon="19.3054">
        <time>2023-04-08T14:39:00Z</time>
      </trkpt>
      <trkpt lat="68.33697" lon="19.32682">
        <time>2023-04-08T14:49:00Z</time>
      </trkpt>
      <trkpt lat="68.33697" lon="19.32682">
        <time>2023-04-08T14:49:00Z</time>
      </trkpt>
      <trkpt lat="68.33461" lon="19.34744">
        <time>2023-04-08T14:59:00Z</time>
      </trkpt>
      <trkpt lat="68.33461" lon="19.34744">
        <time>2023-04-08T14:59:00Z</time>
      </trkpt>
      <trkpt lat="68.33235" lon="19.36639">
        <time>2023-04-08T15:09:00Z</time>
      </trkpt>
      <trkpt lat="68.33235" lon="19.36639">
        <time>2023-04-08T15:09:00Z</time>
      </trkpt>
      <trkpt lat="68.33047" lon="19.38109">
        <time>2023-04-08T15:19:00Z</time>
      </trkpt>
      <trkpt lat="68.33047" lon="19.38109">
        <time>2023-04-08T15:19:00Z</time>
      </trkpt>
      <trkpt lat="68.32789" lon="19.40108">
        <time>2023-04-08T15:29:00Z</time>
      </trkpt>
      <trkpt lat="68.32789" lon="19.40108">
        <time>2023-04-08T15:29:00Z</time>
      </trkpt>
      <trkpt lat="68.32534" lon="19.42149">
        <time>2023-04-08T15:39:00Z</time>
      </trkpt>
      <trkpt lat="68.32534" lon="19.42149">
        <time>2023-04-08T15:39:00Z</time>
      </trkpt>
      <trkpt lat="68.32255" lon="19.44256">
        <time>2023-04-08T15:49:00Z</time>
      </trkpt>
      <trkpt lat="68.32255" lon="19.44256">
        <time>2023-04-08T15:49:00Z</time>
      </trkpt>
      <trkpt lat="68.3198" lon="19.46402">
        <time>2023-04-08T15:59:00Z</time>
      </trkpt>
      <trkpt lat="68.3198" lon="19.46402">
        <time>2023-04-08T15:59:00Z</time>
      </trkpt>
      <trkpt lat="68.31803" lon="19.48402">
        <time>2023-04-08T16:09:00Z</time>
      </trkpt>
      <trkpt lat="68.31803" lon="19.48402">
        <time>2023-04-08T16:09:00Z</time>
      </trkpt>
      <trkpt lat="68.31863" lon="19.48537">
        <time>2023-04-08T16:11:00Z</time>
      </trkpt>
      <trkpt lat="68.31863" lon="19.48537">
        <time>2023-04-08T16:11:00Z</time>
      </trkpt>
      <trkpt lat="68.31875" lon="19.48552">
        <time>2023-04-09T07:39:00Z</time>
      </trkpt>
      <trkpt lat="68.31875" lon="19.48552">
        <time>2023-04-09T07:39:00Z</time>
      </trkpt>
      <trkpt lat="68.31421" lon="19.49977">
        <time>2023-04-09T07:49:00Z</time>
      </trkpt>
      <trkpt lat="68.31421" lon="19.49977">
        <time>2023-04-09T07:49:00Z</time>
      </trkpt>
      <trkpt lat="68.30957" lon="19.51824">
        <time>2023-04-09T07:59:00Z</time>
      </trkpt>
      <trkpt lat="68.30957" lon="19.51824">
        <time>2023-04-09T07:59:00Z</time>
      </trkpt>
      <trkpt lat="68.30478" lon="19.53972">
        <time>2023-04-09T08:09:00Z</time>
      </trkpt>
      <trkpt lat="68.30478" lon="19.53972">
        <time>2023-04-09T08:09:00Z</time>
      </trkpt>
      <trkpt lat="68.30092" lon="19.5629">
        <time>2023-04-09T08:19:00Z</time>
      </trkpt>
      <trkpt lat="68.30092" lon="19.5629">
        <time>2023-04-09T08:19:00Z</time>
      </trkpt>
      <trkpt lat="68.3009" lon="19.59362">
        <time>2023-04-09T08:29:00Z</time>
      </trkpt>
      <trkpt lat="68.3009" lon="19.59362">
        <time>2023-04-09T08:29:00Z</time>
      </trkpt>
      <trkpt lat="68.30111" lon="19.63075">
        <time>2023-04-09T08:39:00Z</time>
      </trkpt>
      <trkpt lat="68.30111" lon="19.63075">
        <time>2023-04-09T08:39:00Z</time>
      </trkpt>
      <trkpt lat="68.3012" lon="19.66207">
        <time>2023-04-09T08:49:00Z</time>
      </trkpt>
      <trkpt lat="68.3012" lon="19.66207">
        <time>2023-04-09T08:49:00Z</time>
      </trkpt>
      <trkpt lat="68.30183" lon="19.68615">
        <time>2023-04-09T08:59:00Z</time>
      </trkpt>
      <trkpt lat="68.30183" lon="19.68615">
        <time>2023-04-09T08:59:00Z</time>
      </trkpt>
      <trkpt lat="68.30242" lon="19.70471">
        <time>2023-04-09T09:09:00Z</time>
      </trkpt>
      <trkpt lat="68.30242" lon="19.70471">
        <time>2023-04-09T09:09:00Z</time>
      </trkpt>
      <trkpt lat="68.30341" lon="19.72928">
        <time>2023-04-09T09:19:00Z</time>
      </trkpt>
      <trkpt lat="68.30341" lon="19.72928">
        <time>2023-04-09T09:19:00Z</time>
      </trkpt>
      <trkpt lat="68.30353" lon="19.73627">
        <time>2023-04-09T09:29:00Z</time>
      </trkpt>
      <trkpt lat="68.30353" lon="19.73627">
        <time>2023-04-09T09:29:00Z</time>
      </trkpt>
      <trkpt lat="68.30355" lon="19.73623">
        <time>2023-04-09T09:39:00Z</time>
      </trkpt>
      <trkpt lat="68.30355" lon="19.73623">
        <time>2023-04-09T09:39:00Z</time>
      </trkpt>
      <trkpt lat="68.30528" lon="19.7543">
        <time>2023-04-09T09:49:00Z</time>
      </trkpt>
      <trkpt lat="68.30528" lon="19.7543">
        <time>2023-04-09T09:49:00Z</time>
      </trkpt>
      <trkpt lat="68.30916" lon="19.78406">
        <time>2023-04-09T09:59:00Z</time>
      </trkpt>
      <trkpt lat="68.30916" lon="19.78406">
        <time>2023-04-09T09:59:00Z</time>
      </trkpt>
      <trkpt lat="68.31306" lon="19.8106">
        <time>2023-04-09T10:09:00Z</time>
      </trkpt>
      <trkpt lat="68.31306" lon="19.8106">
        <time>2023-04-09T10:09:00Z</time>
      </trkpt>
      <trkpt lat="68.31331" lon="19.83358">
        <time>2023-04-09T10:19:00Z</time>
      </trkpt>
      <trkpt lat="68.31331" lon="19.83358">
        <time>2023-04-09T10:19:00Z</time>
      </trkpt>
      <trkpt lat="68.31014" lon="19.85079">
        <time>2023-04-09T10:29:00Z</time>
      </trkpt>
      <trkpt lat="68.31014" lon="19.85079">
        <time>2023-04-09T10:29:00Z</time>
      </trkpt>
      <trkpt lat="68.30103" lon="19.8597">
        <time>2023-04-09T10:39:00Z</time>
      </trkpt>
      <trkpt lat="68.30103" lon="19.8597">
        <time>2023-04-09T10:39:00Z</time>
      </trkpt>
      <trkpt lat="68.29545" lon="19.87579">
        <time>2023-04-09T10:49:00Z</time>
      </trkpt>
      <trkpt lat="68.29545" lon="19.87579">
        <time>2023-04-09T10:49:00Z</time>
      </trkpt>
      <trkpt lat="68.29263" lon="19.89332">
        <time>2023-04-09T10:59:00Z</time>
      </trkpt>
      <trkpt lat="68.29263" lon="19.89332">
        <time>2023-04-09T10:59:00Z</time>
      </trkpt>
      <trkpt lat="68.29514" lon="19.89749">
        <time>2023-04-09T11:09:00Z</time>
      </trkpt>
      <trkpt lat="68.29514" lon="19.89749">
        <time>2023-04-09T11:09:00Z</time>
      </trkpt>
      <trkpt lat="68.30062" lon="19.91585">
        <time>2023-04-09T11:19:00Z</time>
      </trkpt>
      <trkpt lat="68.30062" lon="19.91585">
        <time>2023-04-09T11:19:00Z</time>
      </trkpt>
      <trkpt lat="68.30422" lon="19.92663">
        <time>2023-04-09T11:29:00Z</time>
      </trkpt>
      <trkpt lat="68.30422" lon="19.92663">
        <time>2023-04-09T11:29:00Z</time>
      </trkpt>
      <trkpt lat="68.31265" lon="19.93605">
        <time>2023-04-09T11:39:00Z</time>
      </trkpt>
      <trkpt lat="68.31265" lon="19.93605">
        <time>2023-04-09T11:39:00Z</time>
      </trkpt>
      <trkpt lat="68.31974" lon="19.94259">
        <time>2023-04-09T11:49:00Z</time>
      </trkpt>
      <trkpt lat="68.31974" lon="19.94259">
        <time>2023-04-09T11:49:00Z</time>
      </trkpt>
      <trkpt lat="68.32221" lon="19.94641">
        <time>2023-04-09T11:59:00Z</time>
      </trkpt>
      <trkpt lat="68.32221" lon="19.94641">
        <time>2023-04-09T11:59:00Z</time>
      </trkpt>
      <trkpt lat="68.32791" lon="19.95231">
        <time>2023-04-09T12:09:00Z</time>
      </trkpt>
      <trkpt lat="68.32791" lon="19.95231">
        <time>2023-04-09T12:09:00Z</time>
      </trkpt>
      <trkpt lat="68.33342" lon="19.95819">
        <time>2023-04-09T12:19:00Z</time>
      </trkpt>
      <trkpt lat="68.33342" lon="19.95819">
        <time>2023-04-09T12:19:00Z</time>
      </trkpt>
      <trkpt lat="68.33956" lon="19.96317">
        <time>2023-04-09T12:29:00Z</time>
      </trkpt>
      <trkpt lat="68.33956" lon="19.96317">
        <time>2023-04-09T12:29:00Z</time>
      </trkpt>
      <trkpt lat="68.34357" lon="19.96555">
        <time>2023-04-09T12:39:00Z</time>
      </trkpt>
      <trkpt lat="68.34357" lon="19.96555">
        <time>2023-04-09T12:39:00Z</time>
      </trkpt>
      <trkpt lat="68.348" lon="19.97274">
        <time>2023-04-09T12:49:00Z</time>
      </trkpt>
      <trkpt lat="68.348" lon="19.97274">
        <time>2023-04-09T12:49:00Z</time>
      </trkpt>
      <trkpt lat="68.34797" lon="19.97269">
        <time>2023-04-09T12:59:00Z</time>
      </trkpt>
      <trkpt lat="68.34797" lon="19.97269">
        <time>2023-04-09T12:59:00Z</time>
      </trkpt>
      <trkpt lat="68.35611" lon="20.00269">
        <time>2023-04-09T13:29:00Z</time>
      </trkpt>
      <trkpt lat="68.35611" lon="20.00269">
        <time>2023-04-09T13:29:00Z</time>
      </trkpt>
      <trkpt lat="68.35933" lon="20.01479">
        <time>2023-04-09T13:39:00Z</time>
      </trkpt>
      <trkpt lat="68.35933" lon="20.01479">
        <time>2023-04-09T13:39:00Z</time>
      </trkpt>
      <trkpt lat="68.36478" lon="20.0278">
        <time>2023-04-09T13:49:00Z</time>
      </trkpt>
      <trkpt lat="68.36478" lon="20.0278">
        <time>2023-04-09T13:49:00Z</time>
      </trkpt>
      <trkpt lat="68.36748" lon="20.04044">
        <time>2023-04-09T13:59:00Z</time>
      </trkpt>
      <trkpt lat="68.36748" lon="20.04044">
        <time>2023-04-09T13:59:00Z</time>
      </trkpt>
      <trkpt lat="68.37155" lon="20.05732">
        <time>2023-04-09T14:09:00Z</time>
      </trkpt>
      <trkpt lat="68.37155" lon="20.05732">
        <time>2023-04-09T14:09:00Z</time>
      </trkpt>
      <trkpt lat="68.37309" lon="20.07264">
        <time>2023-04-09T14:19:00Z</time>
      </trkpt>
      <trkpt lat="68.37309" lon="20.07264">
        <time>2023-04-09T14:19:00Z</time>
      </trkpt>
      <trkpt lat="68.38119" lon="20.07541">
        <time>2023-04-09T14:29:00Z</time>
      </trkpt>
      <trkpt lat="68.38119" lon="20.07541">
        <time>2023-04-09T14:29:00Z</time>
      </trkpt>
      <trkpt lat="68.3868" lon="20.07108">
        <time>2023-04-09T14:39:00Z</time>
      </trkpt>
      <trkpt lat="68.3868" lon="20.07108">
        <time>2023-04-09T14:39:00Z</time>
      </trkpt>
      <trkpt lat="68.39473" lon="20.06114">
        <time>2023-04-09T14:49:00Z</time>
      </trkpt>
      <trkpt lat="68.39473" lon="20.06114">
        <time>2023-04-09T14:49:00Z</time>
      </trkpt>
      <trkpt lat="68.39984" lon="20.06591">
        <time>2023-04-09T14:59:00Z</time>
      </trkpt>
      <trkpt lat="68.39984" lon="20.06591">
        <time>2023-04-09T14:59:00Z</time>
      </trkpt>
      <trkpt lat="68.40529" lon="20.07159">
        <time>2023-04-09T15:09:00Z</time>
      </trkpt>
      <trkpt lat="68.40529" lon="20.07159">
        <time>2023-04-09T15:09:00Z</time>
      </trkpt>
      <trkpt lat="68.41163" lon="20.08076">
        <time>2023-04-09T15:19:00Z</time>
      </trkpt>
      <trkpt lat="68.41163" lon="20.08076">
        <time>2023-04-09T15:19:00Z</time>
      </trkpt>
      <trkpt lat="68.41475" lon="20.08687">
        <time>2023-04-09T15:29:00Z</time>
      </trkpt>
      <trkpt lat="68.41475" lon="20.08687">
        <time>2023-04-09T15:29:00Z</time>
      </trkpt>
      <trkpt lat="68.41868" lon="20.10071">
        <time>2023-04-09T15:39:00Z</time>
      </trkpt>
      <trkpt lat="68.41868" lon="20.10071">
        <time>2023-04-09T15:39:00Z</time>
      </trkpt>
      <trkpt lat="68.42093" lon="20.12277">
        <time>2023-04-09T15:49:00Z</time>
      </trkpt>
      <trkpt lat="68.42093" lon="20.12277">
        <time>2023-04-09T15:49:00Z</time>
      </trkpt>
      <trkpt lat="68.42247" lon="20.14178">
        <time>2023-04-09T15:59:00Z</time>
      </trkpt>
      <trkpt lat="68.42247" lon="20.14178">
        <time>2023-04-09T15:59:00Z</time>
      </trkpt>
      <trkpt lat="68.42397" lon="20.15588">
        <time>2023-04-09T16:09:00Z</time>
      </trkpt>
      <trkpt lat="68.42397" lon="20.15588">
        <time>2023-04-09T16:09:00Z</time>
      </trkpt>
      <trkpt lat="68.43083" lon="20.16654">
        <time>2023-04-09T16:19:00Z</time>
      </trkpt>
      <trkpt lat="68.43083" lon="20.16654">
        <time>2023-04-09T16:19:00Z</time>
      </trkpt>
      <trkpt lat="68.44383" lon="20.19276">
        <time>2023-04-09T16:29:00Z</time>
      </trkpt>
      <trkpt lat="68.44383" lon="20.19276">
        <time>2023-04-09T16:29:00Z</time>
      </trkpt>
      <trkpt lat="68.44827" lon="20.19802">
        <time>2023-04-09T16:39:00Z</time>
      </trkpt>
      <trkpt lat="68.44827" lon="20.19802">
        <time>2023-04-09T16:39:00Z</time>
      </trkpt>
      <trkpt lat="68.45755" lon="20.20914">
        <time>2023-04-09T16:49:00Z</time>
      </trkpt>
      <trkpt lat="68.45755" lon="20.20914">
        <time>2023-04-09T16:49:00Z</time>
      </trkpt>
      <trkpt lat="68.46623" lon="20.21946">
        <time>2023-04-09T16:59:00Z</time>
      </trkpt>
      <trkpt lat="68.46623" lon="20.21946">
        <time>2023-04-09T16:59:00Z</time>
      </trkpt>
      <trkpt lat="68.47547" lon="20.22999">
        <time>2023-04-09T17:09:00Z</time>
      </trkpt>
      <trkpt lat="68.47547" lon="20.22999">
        <time>2023-04-09T17:09:00Z</time>
      </trkpt>
      <trkpt lat="68.47554" lon="20.22989">
        <time>2023-04-09T17:13:00Z</time>
      </trkpt>
      <trkpt lat="68.47554" lon="20.22989">
        <time>2023-04-09T17:13:00Z</time>
      </trkpt>
      <trkpt lat="68.47506" lon="20.22877">
        <time>2023-04-10T07:29:00Z</time>
      </trkpt>
      <trkpt lat="68.47506" lon="20.22877">
        <time>2023-04-10T07:29:00Z</time>
      </trkpt>
      <trkpt lat="68.48193" lon="20.24119">
        <time>2023-04-10T07:39:00Z</time>
      </trkpt>
      <trkpt lat="68.48193" lon="20.24119">
        <time>2023-04-10T07:39:00Z</time>
      </trkpt>
      <trkpt lat="68.48802" lon="20.25585">
        <time>2023-04-10T07:49:00Z</time>
      </trkpt>
      <trkpt lat="68.48802" lon="20.25585">
        <time>2023-04-10T07:49:00Z</time>
      </trkpt>
      <trkpt lat="68.49787" lon="20.28287">
        <time>2023-04-10T07:59:00Z</time>
      </trkpt>
      <trkpt lat="68.49787" lon="20.28287">
        <time>2023-04-10T07:59:00Z</time>
      </trkpt>
      <trkpt lat="68.50855" lon="20.2925">
        <time>2023-04-10T08:09:00Z</time>
      </trkpt>
      <trkpt lat="68.50855" lon="20.2925">
        <time>2023-04-10T08:09:00Z</time>
      </trkpt>
      <trkpt lat="68.52004" lon="20.29473">
        <time>2023-04-10T08:19:00Z</time>
      </trkpt>
      <trkpt lat="68.52004" lon="20.29473">
        <time>2023-04-10T08:19:00Z</time>
      </trkpt>
      <trkpt lat="68.53177" lon="20.29332">
        <time>2023-04-10T08:29:00Z</time>
      </trkpt>
      <trkpt lat="68.53177" lon="20.29332">
        <time>2023-04-10T08:29:00Z</time>
      </trkpt>
      <trkpt lat="68.54222" lon="20.2945">
        <time>2023-04-10T08:39:00Z</time>
      </trkpt>
      <trkpt lat="68.54222" lon="20.2945">
        <time>2023-04-10T08:39:00Z</time>
      </trkpt>
      <trkpt lat="68.55635" lon="20.3225">
        <time>2023-04-10T08:49:00Z</time>
      </trkpt>
      <trkpt lat="68.55635" lon="20.3225">
        <time>2023-04-10T08:49:00Z</time>
      </trkpt>
      <trkpt lat="68.56091" lon="20.33413">
        <time>2023-04-10T08:59:00Z</time>
      </trkpt>
      <trkpt lat="68.56091" lon="20.33413">
        <time>2023-04-10T08:59:00Z</time>
      </trkpt>
      <trkpt lat="68.57215" lon="20.35769">
        <time>2023-04-10T09:09:00Z</time>
      </trkpt>
      <trkpt lat="68.57215" lon="20.35769">
        <time>2023-04-10T09:09:00Z</time>
      </trkpt>
      <trkpt lat="68.57903" lon="20.37844">
        <time>2023-04-10T09:19:00Z</time>
      </trkpt>
      <trkpt lat="68.57903" lon="20.37844">
        <time>2023-04-10T09:19:00Z</time>
      </trkpt>
      <trkpt lat="68.58512" lon="20.39711">
        <time>2023-04-10T09:29:00Z</time>
      </trkpt>
      <trkpt lat="68.58512" lon="20.39711">
        <time>2023-04-10T09:29:00Z</time>
      </trkpt>
      <trkpt lat="68.59082" lon="20.40618">
        <time>2023-04-10T09:39:00Z</time>
      </trkpt>
      <trkpt lat="68.59082" lon="20.40618">
        <time>2023-04-10T09:39:00Z</time>
      </trkpt>
      <trkpt lat="68.59753" lon="20.41818">
        <time>2023-04-10T09:49:00Z</time>
      </trkpt>
      <trkpt lat="68.59753" lon="20.41818">
        <time>2023-04-10T09:49:00Z</time>
      </trkpt>
      <trkpt lat="68.60261" lon="20.41642">
        <time>2023-04-10T09:59:00Z</time>
      </trkpt>
      <trkpt lat="68.60261" lon="20.41642">
        <time>2023-04-10T09:59:00Z</time>
      </trkpt>
      <trkpt lat="68.60607" lon="20.41273">
        <time>2023-04-10T10:09:00Z</time>
      </trkpt>
      <trkpt lat="68.60607" lon="20.41273">
        <time>2023-04-10T10:09:00Z</time>
      </trkpt>
      <trkpt lat="68.61082" lon="20.41447">
        <time>2023-04-10T10:19:00Z</time>
      </trkpt>
      <trkpt lat="68.61082" lon="20.41447">
        <time>2023-04-10T10:19:00Z</time>
      </trkpt>
      <trkpt lat="68.61809" lon="20.42065">
        <time>2023-04-10T10:29:00Z</time>
      </trkpt>
      <trkpt lat="68.61809" lon="20.42065">
        <time>2023-04-10T10:29:00Z</time>
      </trkpt>
      <trkpt lat="68.62862" lon="20.42972">
        <time>2023-04-10T10:39:00Z</time>
      </trkpt>
      <trkpt lat="68.62862" lon="20.42972">
        <time>2023-04-10T10:39:00Z</time>
      </trkpt>
      <trkpt lat="68.63611" lon="20.43358">
        <time>2023-04-10T10:49:00Z</time>
      </trkpt>
      <trkpt lat="68.63611" lon="20.43358">
        <time>2023-04-10T10:49:00Z</time>
      </trkpt>
      <trkpt lat="68.64659" lon="20.43899">
        <time>2023-04-10T10:59:00Z</time>
      </trkpt>
      <trkpt lat="68.64659" lon="20.43899">
        <time>2023-04-10T10:59:00Z</time>
      </trkpt>
      <trkpt lat="68.65524" lon="20.44991">
        <time>2023-04-10T11:09:00Z</time>
      </trkpt>
      <trkpt lat="68.65524" lon="20.44991">
        <time>2023-04-10T11:09:00Z</time>
      </trkpt>
      <trkpt lat="68.65675" lon="20.45204">
        <time>2023-04-10T11:19:00Z</time>
      </trkpt>
      <trkpt lat="68.65675" lon="20.45204">
        <time>2023-04-10T11:19:00Z</time>
      </trkpt>
      <trkpt lat="68.65677" lon="20.45197">
        <time>2023-04-10T11:29:00Z</time>
      </trkpt>
      <trkpt lat="68.65677" lon="20.45197">
        <time>2023-04-10T11:29:00Z</time>
      </trkpt>
      <trkpt lat="68.6589" lon="20.45472">
        <time>2023-04-10T11:39:00Z</time>
      </trkpt>
      <trkpt lat="68.6589" lon="20.45472">
        <time>2023-04-10T11:39:00Z</time>
      </trkpt>
      <trkpt lat="68.66947" lon="20.46637">
        <time>2023-04-10T11:49:00Z</time>
      </trkpt>
      <trkpt lat="68.66947" lon="20.46637">
        <time>2023-04-10T11:49:00Z</time>
      </trkpt>
      <trkpt lat="68.68131" lon="20.47946">
        <time>2023-04-10T11:59:00Z</time>
      </trkpt>
      <trkpt lat="68.68131" lon="20.47946">
        <time>2023-04-10T11:59:00Z</time>
      </trkpt>
      <trkpt lat="68.68914" lon="20.49264">
        <time>2023-04-10T12:09:00Z</time>
      </trkpt>
      <trkpt lat="68.68914" lon="20.49264">
        <time>2023-04-10T12:09:00Z</time>
      </trkpt>
      <trkpt lat="68.7015" lon="20.50798">
        <time>2023-04-10T12:19:00Z</time>
      </trkpt>
      <trkpt lat="68.7015" lon="20.50798">
        <time>2023-04-10T12:19:00Z</time>
      </trkpt>
      <trkpt lat="68.71159" lon="20.51624">
        <time>2023-04-10T12:29:00Z</time>
      </trkpt>
      <trkpt lat="68.71159" lon="20.51624">
        <time>2023-04-10T12:29:00Z</time>
      </trkpt>
      <trkpt lat="68.72214" lon="20.51946">
        <time>2023-04-10T12:39:00Z</time>
      </trkpt>
      <trkpt lat="68.72214" lon="20.51946">
        <time>2023-04-10T12:39:00Z</time>
      </trkpt>
      <trkpt lat="68.72803" lon="20.54555">
        <time>2023-04-10T12:49:00Z</time>
      </trkpt>
      <trkpt lat="68.72803" lon="20.54555">
        <time>2023-04-10T12:49:00Z</time>
      </trkpt>
      <trkpt lat="68.73489" lon="20.56763">
        <time>2023-04-10T12:59:00Z</time>
      </trkpt>
      <trkpt lat="68.73489" lon="20.56763">
        <time>2023-04-10T12:59:00Z</time>
      </trkpt>
      <trkpt lat="68.73989" lon="20.58851">
        <time>2023-04-10T13:09:00Z</time>
      </trkpt>
      <trkpt lat="68.73989" lon="20.58851">
        <time>2023-04-10T13:09:00Z</time>
      </trkpt>
      <trkpt lat="68.74692" lon="20.60231">
        <time>2023-04-10T13:19:00Z</time>
      </trkpt>
      <trkpt lat="68.74692" lon="20.60231">
        <time>2023-04-10T13:19:00Z</time>
      </trkpt>
      <trkpt lat="68.74947" lon="20.61853">
        <time>2023-04-10T13:29:00Z</time>
      </trkpt>
      <trkpt lat="68.74947" lon="20.61853">
        <time>2023-04-10T13:29:00Z</time>
      </trkpt>
      <trkpt lat="68.75429" lon="20.62265">
        <time>2023-04-10T13:39:00Z</time>
      </trkpt>
      <trkpt lat="68.75429" lon="20.62265">
        <time>2023-04-10T13:39:00Z</time>
      </trkpt>
      <trkpt lat="68.76328" lon="20.63619">
        <time>2023-04-10T13:49:00Z</time>
      </trkpt>
      <trkpt lat="68.76328" lon="20.63619">
        <time>2023-04-10T13:49:00Z</time>
      </trkpt>
      <trkpt lat="68.76509" lon="20.64127">
        <time>2023-04-10T13:59:00Z</time>
      </trkpt>
      <trkpt lat="68.76509" lon="20.64127">
        <time>2023-04-10T13:59:00Z</time>
      </trkpt>
      <trkpt lat="68.76953" lon="20.65374">
        <time>2023-04-10T14:09:00Z</time>
      </trkpt>
      <trkpt lat="68.76953" lon="20.65374">
        <time>2023-04-10T14:09:00Z</time>
      </trkpt>
      <trkpt lat="68.77325" lon="20.66503">
        <time>2023-04-10T14:19:00Z</time>
      </trkpt>
      <trkpt lat="68.77325" lon="20.66503">
        <time>2023-04-10T14:19:00Z</time>
      </trkpt>
      <trkpt lat="68.77962" lon="20.68996">
        <time>2023-04-10T14:29:00Z</time>
      </trkpt>
      <trkpt lat="68.77962" lon="20.68996">
        <time>2023-04-10T14:29:00Z</time>
      </trkpt>
      <trkpt lat="68.78238" lon="20.70449">
        <time>2023-04-10T14:39:00Z</time>
      </trkpt>
      <trkpt lat="68.78238" lon="20.70449">
        <time>2023-04-10T14:39:00Z</time>
      </trkpt>
      <trkpt lat="68.78554" lon="20.72122">
        <time>2023-04-10T14:49:00Z</time>
      </trkpt>
      <trkpt lat="68.78554" lon="20.72122">
        <time>2023-04-10T14:49:00Z</time>
      </trkpt>
      <trkpt lat="68.7902" lon="20.74905">
        <time>2023-04-10T14:59:00Z</time>
      </trkpt>
      <trkpt lat="68.7902" lon="20.74905">
        <time>2023-04-10T14:59:00Z</time>
      </trkpt>
      <trkpt lat="68.7934" lon="20.78055">
        <time>2023-04-10T15:09:00Z</time>
      </trkpt>
      <trkpt lat="68.7934" lon="20.78055">
        <time>2023-04-10T15:09:00Z</time>
      </trkpt>
      <trkpt lat="68.7967" lon="20.80386">
        <time>2023-04-10T15:19:00Z</time>
      </trkpt>
      <trkpt lat="68.7967" lon="20.80386">
        <time>2023-04-10T15:19:00Z</time>
      </trkpt>
      <trkpt lat="68.79764" lon="20.8142">
        <time>2023-04-10T15:29:00Z</time>
      </trkpt>
      <trkpt lat="68.79764" lon="20.8142">
        <time>2023-04-10T15:29:00Z</time>
      </trkpt>
      <trkpt lat="68.79918" lon="20.82956">
        <time>2023-04-10T15:39:00Z</time>
      </trkpt>
      <trkpt lat="68.79918" lon="20.82956">
        <time>2023-04-10T15:39:00Z</time>
      </trkpt>
      <trkpt lat="68.80199" lon="20.85068">
        <time>2023-04-10T15:49:00Z</time>
      </trkpt>
      <trkpt lat="68.80199" lon="20.85068">
        <time>2023-04-10T15:49:00Z</time>
      </trkpt>
      <trkpt lat="68.80493" lon="20.85469">
        <time>2023-04-10T15:59:00Z</time>
      </trkpt>
      <trkpt lat="68.80493" lon="20.85469">
        <time>2023-04-10T15:59:00Z</time>
      </trkpt>
      <trkpt lat="68.81421" lon="20.85029">
        <time>2023-04-10T16:09:00Z</time>
      </trkpt>
      <trkpt lat="68.81421" lon="20.85029">
        <time>2023-04-10T16:09:00Z</time>
      </trkpt>
      <trkpt lat="68.82845" lon="20.858">
        <time>2023-04-10T16:19:00Z</time>
      </trkpt>
      <trkpt lat="68.82845" lon="20.858">
        <time>2023-04-10T16:19:00Z</time>
      </trkpt>
      <trkpt lat="68.84124" lon="20.8683">
        <time>2023-04-10T16:29:00Z</time>
      </trkpt>
      <trkpt lat="68.84124" lon="20.8683">
        <time>2023-04-10T16:29:00Z</time>
      </trkpt>
      <trkpt lat="68.85054" lon="20.88651">
        <time>2023-04-10T16:39:00Z</time>
      </trkpt>
      <trkpt lat="68.85054" lon="20.88651">
        <time>2023-04-10T16:39:00Z</time>
      </trkpt>
      <trkpt lat="68.84911" lon="20.90986">
        <time>2023-04-10T16:49:00Z</time>
      </trkpt>
      <trkpt lat="68.84911" lon="20.90986">
        <time>2023-04-10T16:49:00Z</time>
      </trkpt>
      <trkpt lat="68.84911" lon="20.9099">
        <time>2023-04-10T16:52:00Z</time>
      </trkpt>
      <trkpt lat="68.84911" lon="20.9099">
        <time>2023-04-10T16:52:00Z</time>
      </trkpt>
      <trkpt lat="68.8495" lon="20.91447">
        <time>2023-04-11T07:26:00Z</time>
      </trkpt>
      <trkpt lat="68.8495" lon="20.91447">
        <time>2023-04-11T07:26:00Z</time>
      </trkpt>
      <trkpt lat="68.85033" lon="20.93342">
        <time>2023-04-11T07:36:00Z</time>
      </trkpt>
      <trkpt lat="68.85033" lon="20.93342">
        <time>2023-04-11T07:36:00Z</time>
      </trkpt>
      <trkpt lat="68.85134" lon="20.96541">
        <time>2023-04-11T07:46:00Z</time>
      </trkpt>
      <trkpt lat="68.85134" lon="20.96541">
        <time>2023-04-11T07:46:00Z</time>
      </trkpt>
      <trkpt lat="68.85406" lon="20.99335">
        <time>2023-04-11T07:56:00Z</time>
      </trkpt>
      <trkpt lat="68.85406" lon="20.99335">
        <time>2023-04-11T07:56:00Z</time>
      </trkpt>
      <trkpt lat="68.85673" lon="21.00271">
        <time>2023-04-11T08:06:00Z</time>
      </trkpt>
      <trkpt lat="68.85673" lon="21.00271">
        <time>2023-04-11T08:06:00Z</time>
      </trkpt>
      <trkpt lat="68.86158" lon="21.0071">
        <time>2023-04-11T08:16:00Z</time>
      </trkpt>
      <trkpt lat="68.86158" lon="21.0071">
        <time>2023-04-11T08:16:00Z</time>
      </trkpt>
      <trkpt lat="68.86261" lon="21.01738">
        <time>2023-04-11T08:26:00Z</time>
      </trkpt>
      <trkpt lat="68.86261" lon="21.01738">
        <time>2023-04-11T08:26:00Z</time>
      </trkpt>
      <trkpt lat="68.86964" lon="21.02854">
        <time>2023-04-11T08:36:00Z</time>
      </trkpt>
      <trkpt lat="68.86964" lon="21.02854">
        <time>2023-04-11T08:36:00Z</time>
      </trkpt>
      <trkpt lat="68.87209" lon="21.02612">
        <time>2023-04-11T08:46:00Z</time>
      </trkpt>
      <trkpt lat="68.87209" lon="21.02612">
        <time>2023-04-11T08:46:00Z</time>
      </trkpt>
      <trkpt lat="68.87561" lon="20.99951">
        <time>2023-04-11T08:56:00Z</time>
      </trkpt>
      <trkpt lat="68.87561" lon="20.99951">
        <time>2023-04-11T08:56:00Z</time>
      </trkpt>
      <trkpt lat="68.87806" lon="20.96801">
        <time>2023-04-11T09:06:00Z</time>
      </trkpt>
      <trkpt lat="68.87806" lon="20.96801">
        <time>2023-04-11T09:06:00Z</time>
      </trkpt>
      <trkpt lat="68.88154" lon="20.93767">
        <time>2023-04-11T09:16:00Z</time>
      </trkpt>
      <trkpt lat="68.88154" lon="20.93767">
        <time>2023-04-11T09:16:00Z</time>
      </trkpt>
      <trkpt lat="68.88504" lon="20.90533">
        <time>2023-04-11T09:26:00Z</time>
      </trkpt>
      <trkpt lat="68.88504" lon="20.90533">
        <time>2023-04-11T09:26:00Z</time>
      </trkpt>
      <trkpt lat="68.88847" lon="20.87409">
        <time>2023-04-11T09:36:00Z</time>
      </trkpt>
      <trkpt lat="68.88847" lon="20.87409">
        <time>2023-04-11T09:36:00Z</time>
      </trkpt>
      <trkpt lat="68.89631" lon="20.85179">
        <time>2023-04-11T09:46:00Z</time>
      </trkpt>
      <trkpt lat="68.89631" lon="20.85179">
        <time>2023-04-11T09:46:00Z</time>
      </trkpt>
      <trkpt lat="68.90154" lon="20.85879">
        <time>2023-04-11T09:56:00Z</time>
      </trkpt>
      <trkpt lat="68.90154" lon="20.85879">
        <time>2023-04-11T09:56:00Z</time>
      </trkpt>
      <trkpt lat="68.90581" lon="20.86696">
        <time>2023-04-11T10:06:00Z</time>
      </trkpt>
      <trkpt lat="68.90581" lon="20.86696">
        <time>2023-04-11T10:06:00Z</time>
      </trkpt>
      <trkpt lat="68.91491" lon="20.8639">
        <time>2023-04-11T10:16:00Z</time>
      </trkpt>
      <trkpt lat="68.91491" lon="20.8639">
        <time>2023-04-11T10:16:00Z</time>
      </trkpt>
      <trkpt lat="68.923" lon="20.85278">
        <time>2023-04-11T10:26:00Z</time>
      </trkpt>
      <trkpt lat="68.923" lon="20.85278">
        <time>2023-04-11T10:26:00Z</time>
      </trkpt>
      <trkpt lat="68.93255" lon="20.84969">
        <time>2023-04-11T10:36:00Z</time>
      </trkpt>
      <trkpt lat="68.93255" lon="20.84969">
        <time>2023-04-11T10:36:00Z</time>
      </trkpt>
      <trkpt lat="68.93794" lon="20.85205">
        <time>2023-04-11T10:46:00Z</time>
      </trkpt>
      <trkpt lat="68.93794" lon="20.85205">
        <time>2023-04-11T10:46:00Z</time>
      </trkpt>
      <trkpt lat="68.93878" lon="20.85662">
        <time>2023-04-11T10:56:00Z</time>
      </trkpt>
      <trkpt lat="68.93878" lon="20.85662">
        <time>2023-04-11T10:56:00Z</time>
      </trkpt>
      <trkpt lat="68.94481" lon="20.87765">
        <time>2023-04-11T11:06:00Z</time>
      </trkpt>
      <trkpt lat="68.94481" lon="20.87765">
        <time>2023-04-11T11:06:00Z</time>
      </trkpt>
      <trkpt lat="68.9536" lon="20.89445">
        <time>2023-04-11T11:16:00Z</time>
      </trkpt>
      <trkpt lat="68.9536" lon="20.89445">
        <time>2023-04-11T11:16:00Z</time>
      </trkpt>
      <trkpt lat="68.96362" lon="20.8975">
        <time>2023-04-11T11:26:00Z</time>
      </trkpt>
      <trkpt lat="68.96362" lon="20.8975">
        <time>2023-04-11T11:26:00Z</time>
      </trkpt>
      <trkpt lat="68.97004" lon="20.88705">
        <time>2023-04-11T11:36:00Z</time>
      </trkpt>
      <trkpt lat="68.97004" lon="20.88705">
        <time>2023-04-11T11:36:00Z</time>
      </trkpt>
      <trkpt lat="68.9777" lon="20.87321">
        <time>2023-04-11T11:46:00Z</time>
      </trkpt>
      <trkpt lat="68.9777" lon="20.87321">
        <time>2023-04-11T11:46:00Z</time>
      </trkpt>
      <trkpt lat="68.98584" lon="20.85862">
        <time>2023-04-11T11:56:00Z</time>
      </trkpt>
      <trkpt lat="68.98584" lon="20.85862">
        <time>2023-04-11T11:56:00Z</time>
      </trkpt>
      <trkpt lat="68.98954" lon="20.85203">
        <time>2023-04-11T12:06:00Z</time>
      </trkpt>
      <trkpt lat="68.98954" lon="20.85203">
        <time>2023-04-11T12:06:00Z</time>
      </trkpt>
      <trkpt lat="68.98947" lon="20.85229">
        <time>2023-04-11T12:16:00Z</time>
      </trkpt>
      <trkpt lat="68.98947" lon="20.85229">
        <time>2023-04-11T12:16:00Z</time>
      </trkpt>
      <trkpt lat="68.99356" lon="20.84089">
        <time>2023-04-11T12:46:00Z</time>
      </trkpt>
      <trkpt lat="68.99356" lon="20.84089">
        <time>2023-04-11T12:46:00Z</time>
      </trkpt>
      <trkpt lat="69.00087" lon="20.82111">
        <time>2023-04-11T12:56:00Z</time>
      </trkpt>
      <trkpt lat="69.00087" lon="20.82111">
        <time>2023-04-11T12:56:00Z</time>
      </trkpt>
      <trkpt lat="69.00708" lon="20.79974">
        <time>2023-04-11T13:06:00Z</time>
      </trkpt>
      <trkpt lat="69.00708" lon="20.79974">
        <time>2023-04-11T13:06:00Z</time>
      </trkpt>
      <trkpt lat="69.01323" lon="20.77937">
        <time>2023-04-11T13:16:00Z</time>
      </trkpt>
      <trkpt lat="69.01323" lon="20.77937">
        <time>2023-04-11T13:16:00Z</time>
      </trkpt>
      <trkpt lat="69.01962" lon="20.75957">
        <time>2023-04-11T13:26:00Z</time>
      </trkpt>
      <trkpt lat="69.01962" lon="20.75957">
        <time>2023-04-11T13:26:00Z</time>
      </trkpt>
      <trkpt lat="69.02655" lon="20.74146">
        <time>2023-04-11T13:36:00Z</time>
      </trkpt>
      <trkpt lat="69.02655" lon="20.74146">
        <time>2023-04-11T13:36:00Z</time>
      </trkpt>
      <trkpt lat="69.03009" lon="20.72753">
        <time>2023-04-11T13:46:00Z</time>
      </trkpt>
      <trkpt lat="69.03009" lon="20.72753">
        <time>2023-04-11T13:46:00Z</time>
      </trkpt>
      <trkpt lat="69.0353" lon="20.70762">
        <time>2023-04-11T13:56:00Z</time>
      </trkpt>
      <trkpt lat="69.0353" lon="20.70762">
        <time>2023-04-11T13:56:00Z</time>
      </trkpt>
      <trkpt lat="69.03899" lon="20.68715">
        <time>2023-04-11T14:06:00Z</time>
      </trkpt>
      <trkpt lat="69.03899" lon="20.68715">
        <time>2023-04-11T14:06:00Z</time>
      </trkpt>
      <trkpt lat="69.0417" lon="20.66488">
        <time>2023-04-11T14:16:00Z</time>
      </trkpt>
      <trkpt lat="69.0417" lon="20.66488">
        <time>2023-04-11T14:16:00Z</time>
      </trkpt>
      <trkpt lat="69.04379" lon="20.64026">
        <time>2023-04-11T14:26:00Z</time>
      </trkpt>
      <trkpt lat="69.04379" lon="20.64026">
        <time>2023-04-11T14:26:00Z</time>
      </trkpt>
      <trkpt lat="69.04578" lon="20.61632">
        <time>2023-04-11T14:36:00Z</time>
      </trkpt>
      <trkpt lat="69.04578" lon="20.61632">
        <time>2023-04-11T14:36:00Z</time>
      </trkpt>
      <trkpt lat="69.04633" lon="20.60992">
        <time>2023-04-11T14:46:00Z</time>
      </trkpt>
      <trkpt lat="69.04633" lon="20.60992">
        <time>2023-04-11T14:46:00Z</time>
      </trkpt>
      <trkpt lat="69.04621" lon="20.60945">
        <time>2023-04-11T14:56:00Z</time>
      </trkpt>
      <trkpt lat="69.04621" lon="20.60945">
        <time>2023-04-11T14:56:00Z</time>
      </trkpt>
      <trkpt lat="69.04769" lon="20.60338">
        <time>2023-04-11T15:06:00Z</time>
      </trkpt>
      <trkpt lat="69.04769" lon="20.60338">
        <time>2023-04-11T15:06:00Z</time>
      </trkpt>
      <trkpt lat="69.05257" lon="20.5734">
        <time>2023-04-11T15:16:00Z</time>
      </trkpt>
      <trkpt lat="69.05257" lon="20.5734">
        <time>2023-04-11T15:16:00Z</time>
      </trkpt>
      <trkpt lat="69.05989" lon="20.54883">
        <time>2023-04-11T15:26:00Z</time>
      </trkpt>
    </trkseg>
  </trk>
  <trk>
    <name>Abisko→finish · Erik Hägglund (traditional)</name>
    <trkseg>
      <trkpt lat="68.35272" lon="18.82614">
        <time>2026-03-11T10:13:00Z</time>
      </trkpt>
      <trkpt lat="68.3563" lon="18.83895">
        <time>2026-03-11T10:23:00Z</time>
      </trkpt>
      <trkpt lat="68.36032" lon="18.85166">
        <time>2026-03-11T10:33:00Z</time>
      </trkpt>
      <trkpt lat="68.36321" lon="18.86781">
        <time>2026-03-11T10:43:00Z</time>
      </trkpt>
      <trkpt lat="68.36558" lon="18.88455">
        <time>2026-03-11T10:53:00Z</time>
      </trkpt>
      <trkpt lat="68.36692" lon="18.89897">
        <time>2026-03-11T11:03:00Z</time>
      </trkpt>
      <trkpt lat="68.36617" lon="18.91536">
        <time>2026-03-11T11:13:00Z</time>
      </trkpt>
      <trkpt lat="68.36424" lon="18.92826">
        <time>2026-03-11T11:23:00Z</time>
      </trkpt>
      <trkpt lat="68.36532" lon="18.9439">
        <time>2026-03-11T11:33:00Z</time>
      </trkpt>
      <trkpt lat="68.36713" lon="18.95673">
        <time>2026-03-11T11:43:00Z</time>
      </trkpt>
      <trkpt lat="68.36806" lon="18.97583">
        <time>2026-03-11T11:53:00Z</time>
      </trkpt>
      <trkpt lat="68.36857" lon="18.99276">
        <time>2026-03-11T12:03:00Z</time>
      </trkpt>
      <trkpt lat="68.36899" lon="19.01216">
        <time>2026-03-11T12:13:00Z</time>
      </trkpt>
      <trkpt lat="68.36886" lon="19.02608">
        <time>2026-03-11T12:23:00Z</time>
      </trkpt>
      <trkpt lat="68.36951" lon="19.04419">
        <time>2026-03-11T12:33:00Z</time>
      </trkpt>
      <trkpt lat="68.37044" lon="19.05874">
        <time>2026-03-11T12:43:00Z</time>
      </trkpt>
      <trkpt lat="68.37018" lon="19.07527">
        <time>2026-03-11T12:53:00Z</time>
      </trkpt>
      <trkpt lat="68.3692" lon="19.08876">
        <time>2026-03-11T13:03:00Z</time>
      </trkpt>
      <trkpt lat="68.36843" lon="19.10046">
        <time>2026-03-11T13:13:00Z</time>
      </trkpt>
      <trkpt lat="68.36738" lon="19.1129">
        <time>2026-03-11T13:23:00Z</time>
      </trkpt>
      <trkpt lat="68.36608" lon="19.12927">
        <time>2026-03-11T13:33:00Z</time>
      </trkpt>
      <trkpt lat="68.36444" lon="19.14543">
        <time>2026-03-11T13:43:00Z</time>
      </trkpt>
      <trkpt lat="68.36313" lon="19.15726">
        <time>2026-03-11T13:53:00Z</time>
      </trkpt>
      <trkpt lat="68.36123" lon="19.17062">
        <time>2026-03-11T14:03:00Z</time>
      </trkpt>
      <trkpt lat="68.35945" lon="19.1818">
        <time>2026-03-11T14:13:00Z</time>
      </trkpt>
      <trkpt lat="68.357" lon="19.19627">
        <time>2026-03-11T14:23:00Z</time>
      </trkpt>
      <trkpt lat="68.35497" lon="19.20802">
        <time>2026-03-11T14:33:00Z</time>
      </trkpt>
      <trkpt lat="68.35202" lon="19.22141">
        <time>2026-03-11T14:43:00Z</time>
      </trkpt>
      <trkpt lat="68.34985" lon="19.23459">
        <time>2026-03-11T14:53:00Z</time>
      </trkpt>
      <trkpt lat="68.34755" lon="19.24736">
        <time>2026-03-11T15:03:00Z</time>
      </trkpt>
      <trkpt lat="68.3456" lon="19.25967">
        <time>2026-03-11T15:13:00Z</time>
      </trkpt>
      <trkpt lat="68.345" lon="19.27386">
        <time>2026-03-11T15:23:00Z</time>
      </trkpt>
      <trkpt lat="68.34453" lon="19.28845">
        <time>2026-03-11T15:33:00Z</time>
      </trkpt>
      <trkpt lat="68.34386" lon="19.30542">
        <time>2026-03-11T15:43:00Z</time>
      </trkpt>
      <trkpt lat="68.3432" lon="19.31819">
        <time>2026-03-11T15:53:00Z</time>
      </trkpt>
      <trkpt lat="68.34236" lon="19.33239">
        <time>2026-03-11T16:03:00Z</time>
      </trkpt>
      <trkpt lat="68.34116" lon="19.34655">
        <time>2026-03-11T16:13:00Z</time>
      </trkpt>
      <trkpt lat="68.33976" lon="19.35926">
        <time>2026-03-11T16:23:00Z</time>
      </trkpt>
      <trkpt lat="68.33818" lon="19.37338">
        <time>2026-03-11T16:33:00Z</time>
      </trkpt>
      <trkpt lat="68.33686" lon="19.38599">
        <time>2026-03-11T16:43:00Z</time>
      </trkpt>
      <trkpt lat="68.33548" lon="19.40059">
        <time>2026-03-11T16:53:00Z</time>
      </trkpt>
      <trkpt lat="68.33416" lon="19.41599">
        <time>2026-03-11T17:03:00Z</time>
      </trkpt>
      <trkpt lat="68.33395" lon="19.42717">
        <time>2026-03-11T17:13:00Z</time>
      </trkpt>
      <trkpt lat="68.33407" lon="19.42706">
        <time>2026-03-11T17:14:00Z</time>
      </trkpt>
      <trkpt lat="68.33407" lon="19.42706">
        <time>2026-03-11T17:15:00Z</time>
      </trkpt>
      <trkpt lat="68.33426" lon="19.42616">
        <time>2026-03-12T08:16:00Z</time>
      </trkpt>
      <trkpt lat="68.33321" lon="19.42747">
        <time>2026-03-12T08:26:00Z</time>
      </trkpt>
      <trkpt lat="68.33198" lon="19.4426">
        <time>2026-03-12T08:36:00Z</time>
      </trkpt>
      <trkpt lat="68.32716" lon="19.45367">
        <time>2026-03-12T08:46:00Z</time>
      </trkpt>
      <trkpt lat="68.32241" lon="19.46485">
        <time>2026-03-12T08:56:00Z</time>
      </trkpt>
      <trkpt lat="68.31845" lon="19.47579">
        <time>2026-03-12T09:06:00Z</time>
      </trkpt>
      <trkpt lat="68.31614" lon="19.48828">
        <time>2026-03-12T09:16:00Z</time>
      </trkpt>
      <trkpt lat="68.31445" lon="19.49708">
        <time>2026-03-12T09:26:00Z</time>
      </trkpt>
      <trkpt lat="68.31188" lon="19.50766">
        <time>2026-03-12T09:36:00Z</time>
      </trkpt>
      <trkpt lat="68.3088" lon="19.51989">
        <time>2026-03-12T09:46:00Z</time>
      </trkpt>
      <trkpt lat="68.30673" lon="19.52766">
        <time>2026-03-12T09:56:00Z</time>
      </trkpt>
      <trkpt lat="68.30384" lon="19.53987">
        <time>2026-03-12T10:06:00Z</time>
      </trkpt>
      <trkpt lat="68.30144" lon="19.55429">
        <time>2026-03-12T10:16:00Z</time>
      </trkpt>
      <trkpt lat="68.30083" lon="19.57092">
        <time>2026-03-12T10:26:00Z</time>
      </trkpt>
      <trkpt lat="68.30082" lon="19.58443">
        <time>2026-03-12T10:36:00Z</time>
      </trkpt>
      <trkpt lat="68.30099" lon="19.59815">
        <time>2026-03-12T10:46:00Z</time>
      </trkpt>
      <trkpt lat="68.30132" lon="19.61289">
        <time>2026-03-12T10:56:00Z</time>
      </trkpt>
      <trkpt lat="68.30159" lon="19.62542">
        <time>2026-03-12T11:06:00Z</time>
      </trkpt>
      <trkpt lat="68.30212" lon="19.64196">
        <time>2026-03-12T11:16:00Z</time>
      </trkpt>
      <trkpt lat="68.3025" lon="19.65456">
        <time>2026-03-12T11:26:00Z</time>
      </trkpt>
      <trkpt lat="68.30288" lon="19.66917">
        <time>2026-03-12T11:36:00Z</time>
      </trkpt>
      <trkpt lat="68.3032" lon="19.68308">
        <time>2026-03-12T11:46:00Z</time>
      </trkpt>
      <trkpt lat="68.30337" lon="19.69636">
        <time>2026-03-12T11:56:00Z</time>
      </trkpt>
      <trkpt lat="68.30379" lon="19.71031">
        <time>2026-03-12T12:06:00Z</time>
      </trkpt>
      <trkpt lat="68.30425" lon="19.71981">
        <time>2026-03-12T12:16:00Z</time>
      </trkpt>
      <trkpt lat="68.30492" lon="19.7364">
        <time>2026-03-12T12:26:00Z</time>
      </trkpt>
      <trkpt lat="68.30602" lon="19.75264">
        <time>2026-03-12T12:36:00Z</time>
      </trkpt>
      <trkpt lat="68.30721" lon="19.76511">
        <time>2026-03-12T12:46:00Z</time>
      </trkpt>
      <trkpt lat="68.30818" lon="19.77403">
        <time>2026-03-12T12:56:00Z</time>
      </trkpt>
      <trkpt lat="68.3107" lon="19.78843">
        <time>2026-03-12T13:06:00Z</time>
      </trkpt>
      <trkpt lat="68.31202" lon="19.79607">
        <time>2026-03-12T13:16:00Z</time>
      </trkpt>
      <trkpt lat="68.3139" lon="19.80566">
        <time>2026-03-12T13:26:00Z</time>
      </trkpt>
      <trkpt lat="68.31414" lon="19.82092">
        <time>2026-03-12T13:36:00Z</time>
      </trkpt>
      <trkpt lat="68.31297" lon="19.83691">
        <time>2026-03-12T13:46:00Z</time>
      </trkpt>
      <trkpt lat="68.31112" lon="19.84386">
        <time>2026-03-12T13:56:00Z</time>
      </trkpt>
      <trkpt lat="68.30797" lon="19.85426">
        <time>2026-03-12T14:06:00Z</time>
      </trkpt>
      <trkpt lat="68.3035" lon="19.85332">
        <time>2026-03-12T14:16:00Z</time>
      </trkpt>
      <trkpt lat="68.29934" lon="19.86383">
        <time>2026-03-12T14:26:00Z</time>
      </trkpt>
      <trkpt lat="68.29557" lon="19.87547">
        <time>2026-03-12T14:36:00Z</time>
      </trkpt>
      <trkpt lat="68.29366" lon="19.88046">
        <time>2026-03-12T14:46:00Z</time>
      </trkpt>
      <trkpt lat="68.28782" lon="19.88976">
        <time>2026-03-12T14:56:00Z</time>
      </trkpt>
      <trkpt lat="68.29186" lon="19.89205">
        <time>2026-03-12T15:06:00Z</time>
      </trkpt>
      <trkpt lat="68.29409" lon="19.89379">
        <time>2026-03-12T15:16:00Z</time>
      </trkpt>
      <trkpt lat="68.29527" lon="19.8981">
        <time>2026-03-12T15:26:00Z</time>
      </trkpt>
      <trkpt lat="68.29855" lon="19.90804">
        <time>2026-03-12T15:36:00Z</time>
      </trkpt>
      <trkpt lat="68.30212" lon="19.91937">
        <time>2026-03-12T15:46:00Z</time>
      </trkpt>
      <trkpt lat="68.30598" lon="19.93265">
        <time>2026-03-12T15:56:00Z</time>
      </trkpt>
      <trkpt lat="68.30905" lon="19.9361">
        <time>2026-03-12T16:06:00Z</time>
      </trkpt>
      <trkpt lat="68.31394" lon="19.93765">
        <time>2026-03-12T16:16:00Z</time>
      </trkpt>
      <trkpt lat="68.31851" lon="19.93885">
        <time>2026-03-12T16:26:00Z</time>
      </trkpt>
      <trkpt lat="68.32177" lon="19.9455">
        <time>2026-03-12T16:36:00Z</time>
      </trkpt>
      <trkpt lat="68.32176" lon="19.9455">
        <time>2026-03-12T16:37:00Z</time>
      </trkpt>
      <trkpt lat="68.32193" lon="19.94559">
        <time>2026-03-13T08:09:00Z</time>
      </trkpt>
      <trkpt lat="68.32391" lon="19.94962">
        <time>2026-03-13T08:19:00Z</time>
      </trkpt>
      <trkpt lat="68.32767" lon="19.95233">
        <time>2026-03-13T08:29:00Z</time>
      </trkpt>
      <trkpt lat="68.33188" lon="19.9561">
        <time>2026-03-13T08:39:00Z</time>
      </trkpt>
      <trkpt lat="68.33556" lon="19.96087">
        <time>2026-03-13T08:49:00Z</time>
      </trkpt>
      <trkpt lat="68.34019" lon="19.96325">
        <time>2026-03-13T08:59:00Z</time>
      </trkpt>
      <trkpt lat="68.34436" lon="19.96595">
        <time>2026-03-13T09:09:00Z</time>
      </trkpt>
      <trkpt lat="68.34817" lon="19.97288">
        <time>2026-03-13T09:19:00Z</time>
      </trkpt>
      <trkpt lat="68.35277" lon="19.98601">
        <time>2026-03-13T09:29:00Z</time>
      </trkpt>
      <trkpt lat="68.35615" lon="20.00254">
        <time>2026-03-13T09:39:00Z</time>
      </trkpt>
      <trkpt lat="68.359" lon="20.01404">
        <time>2026-03-13T09:49:00Z</time>
      </trkpt>
      <trkpt lat="68.36039" lon="20.02127">
        <time>2026-03-13T09:59:00Z</time>
      </trkpt>
      <trkpt lat="68.36416" lon="20.02657">
        <time>2026-03-13T10:09:00Z</time>
      </trkpt>
      <trkpt lat="68.36594" lon="20.03711">
        <time>2026-03-13T10:19:00Z</time>
      </trkpt>
      <trkpt lat="68.36827" lon="20.04505">
        <time>2026-03-13T10:29:00Z</time>
      </trkpt>
      <trkpt lat="68.37059" lon="20.05275">
        <time>2026-03-13T10:39:00Z</time>
      </trkpt>
      <trkpt lat="68.37271" lon="20.06758">
        <time>2026-03-13T10:49:00Z</time>
      </trkpt>
      <trkpt lat="68.37386" lon="20.07356">
        <time>2026-03-13T10:59:00Z</time>
      </trkpt>
      <trkpt lat="68.37817" lon="20.07788">
        <time>2026-03-13T11:09:00Z</time>
      </trkpt>
      <trkpt lat="68.38245" lon="20.07318">
        <time>2026-03-13T11:19:00Z</time>
      </trkpt>
      <trkpt lat="68.38713" lon="20.07067">
        <time>2026-03-13T11:29:00Z</time>
      </trkpt>
      <trkpt lat="68.39168" lon="20.06337">
        <time>2026-03-13T11:39:00Z</time>
      </trkpt>
      <trkpt lat="68.39503" lon="20.06071">
        <time>2026-03-13T11:49:00Z</time>
      </trkpt>
      <trkpt lat="68.39859" lon="20.06412">
        <time>2026-03-13T11:59:00Z</time>
      </trkpt>
      <trkpt lat="68.40251" lon="20.06888">
        <time>2026-03-13T12:09:00Z</time>
      </trkpt>
      <trkpt lat="68.40645" lon="20.07399">
        <time>2026-03-13T12:19:00Z</time>
      </trkpt>
      <trkpt lat="68.41058" lon="20.07994">
        <time>2026-03-13T12:29:00Z</time>
      </trkpt>
      <trkpt lat="68.41419" lon="20.08341">
        <time>2026-03-13T12:39:00Z</time>
      </trkpt>
      <trkpt lat="68.41757" lon="20.09618">
        <time>2026-03-13T12:49:00Z</time>
      </trkpt>
      <trkpt lat="68.42001" lon="20.11274">
        <time>2026-03-13T12:59:00Z</time>
      </trkpt>
      <trkpt lat="68.42091" lon="20.12298">
        <time>2026-03-13T13:09:00Z</time>
      </trkpt>
      <trkpt lat="68.42223" lon="20.13203">
        <time>2026-03-13T13:19:00Z</time>
      </trkpt>
      <trkpt lat="68.42238" lon="20.14452">
        <time>2026-03-13T13:29:00Z</time>
      </trkpt>
      <trkpt lat="68.42486" lon="20.15673">
        <time>2026-03-13T13:39:00Z</time>
      </trkpt>
      <trkpt lat="68.431" lon="20.16684">
        <time>2026-03-13T13:49:00Z</time>
      </trkpt>
      <trkpt lat="68.43993" lon="20.18806">
        <time>2026-03-13T13:59:00Z</time>
      </trkpt>
      <trkpt lat="68.44766" lon="20.19735">
        <time>2026-03-13T14:09:00Z</time>
      </trkpt>
      <trkpt lat="68.45454" lon="20.20529">
        <time>2026-03-13T14:19:00Z</time>
      </trkpt>
      <trkpt lat="68.46128" lon="20.21336">
        <time>2026-03-13T14:29:00Z</time>
      </trkpt>
      <trkpt lat="68.46787" lon="20.22119">
        <time>2026-03-13T14:39:00Z</time>
      </trkpt>
      <trkpt lat="68.47358" lon="20.22827">
        <time>2026-03-13T14:49:00Z</time>
      </trkpt>
      <trkpt lat="68.47552" lon="20.22971">
        <time>2026-03-13T14:59:00Z</time>
      </trkpt>
      <trkpt lat="68.47938" lon="20.23374">
        <time>2026-03-13T15:09:00Z</time>
      </trkpt>
      <trkpt lat="68.48352" lon="20.24452">
        <time>2026-03-13T15:19:00Z</time>
      </trkpt>
      <trkpt lat="68.4858" lon="20.2517">
        <time>2026-03-13T15:29:00Z</time>
      </trkpt>
      <trkpt lat="68.48946" lon="20.25994">
        <time>2026-03-13T15:39:00Z</time>
      </trkpt>
      <trkpt lat="68.49445" lon="20.27754">
        <time>2026-03-13T15:49:00Z</time>
      </trkpt>
      <trkpt lat="68.49835" lon="20.28333">
        <time>2026-03-13T15:59:00Z</time>
      </trkpt>
      <trkpt lat="68.50549" lon="20.29421">
        <time>2026-03-13T16:09:00Z</time>
      </trkpt>
      <trkpt lat="68.51197" lon="20.29177">
        <time>2026-03-13T16:19:00Z</time>
      </trkpt>
      <trkpt lat="68.51715" lon="20.29475">
        <time>2026-03-13T16:29:00Z</time>
      </trkpt>
      <trkpt lat="68.52382" lon="20.29408">
        <time>2026-03-13T16:39:00Z</time>
      </trkpt>
      <trkpt lat="68.53011" lon="20.29329">
        <time>2026-03-13T16:49:00Z</time>
      </trkpt>
      <trkpt lat="68.53301" lon="20.29282">
        <time>2026-03-13T16:57:00Z</time>
      </trkpt>
      <trkpt lat="68.53299" lon="20.29277">
        <time>2026-03-14T08:28:00Z</time>
      </trkpt>
      <trkpt lat="68.53466" lon="20.29275">
        <time>2026-03-14T08:38:00Z</time>
      </trkpt>
      <trkpt lat="68.53868" lon="20.29245">
        <time>2026-03-14T08:48:00Z</time>
      </trkpt>
      <trkpt lat="68.54493" lon="20.29586">
        <time>2026-03-14T08:58:00Z</time>
      </trkpt>
      <trkpt lat="68.54965" lon="20.30565">
        <time>2026-03-14T09:08:00Z</time>
      </trkpt>
      <trkpt lat="68.5516" lon="20.31663">
        <time>2026-03-14T09:18:00Z</time>
      </trkpt>
      <trkpt lat="68.55545" lon="20.32153">
        <time>2026-03-14T09:28:00Z</time>
      </trkpt>
      <trkpt lat="68.55925" lon="20.32891">
        <time>2026-03-14T09:38:00Z</time>
      </trkpt>
      <trkpt lat="68.56256" lon="20.33734">
        <time>2026-03-14T09:48:00Z</time>
      </trkpt>
      <trkpt lat="68.56503" lon="20.34251">
        <time>2026-03-14T09:58:00Z</time>
      </trkpt>
      <trkpt lat="68.56894" lon="20.35326">
        <time>2026-03-14T10:08:00Z</time>
      </trkpt>
      <trkpt lat="68.57346" lon="20.35914">
        <time>2026-03-14T10:18:00Z</time>
      </trkpt>
      <trkpt lat="68.57673" lon="20.36957">
        <time>2026-03-14T10:28:00Z</time>
      </trkpt>
      <trkpt lat="68.57927" lon="20.37983">
        <time>2026-03-14T10:38:00Z</time>
      </trkpt>
      <trkpt lat="68.58183" lon="20.38983">
        <time>2026-03-14T10:48:00Z</time>
      </trkpt>
      <trkpt lat="68.58581" lon="20.39895">
        <time>2026-03-14T10:58:00Z</time>
      </trkpt>
      <trkpt lat="68.58911" lon="20.40352">
        <time>2026-03-14T11:08:00Z</time>
      </trkpt>
      <trkpt lat="68.59337" lon="20.41176">
        <time>2026-03-14T11:18:00Z</time>
      </trkpt>
      <trkpt lat="68.597" lon="20.41837">
        <time>2026-03-14T11:28:00Z</time>
      </trkpt>
      <trkpt lat="68.60042" lon="20.4183">
        <time>2026-03-14T11:38:00Z</time>
      </trkpt>
      <trkpt lat="68.60355" lon="20.41463">
        <time>2026-03-14T11:48:00Z</time>
      </trkpt>
      <trkpt lat="68.60614" lon="20.41261">
        <time>2026-03-14T11:58:00Z</time>
      </trkpt>
      <trkpt lat="68.61002" lon="20.41343">
        <time>2026-03-14T12:08:00Z</time>
      </trkpt>
      <trkpt lat="68.61415" lon="20.41963">
        <time>2026-03-14T12:18:00Z</time>
      </trkpt>
      <trkpt lat="68.61886" lon="20.42092">
        <time>2026-03-14T12:28:00Z</time>
      </trkpt>
      <trkpt lat="68.62261" lon="20.4236">
        <time>2026-03-14T12:38:00Z</time>
      </trkpt>
      <trkpt lat="68.62863" lon="20.42963">
        <time>2026-03-14T12:48:00Z</time>
      </trkpt>
      <trkpt lat="68.63272" lon="20.43233">
        <time>2026-03-14T12:58:00Z</time>
      </trkpt>
      <trkpt lat="68.63694" lon="20.43386">
        <time>2026-03-14T13:08:00Z</time>
      </trkpt>
      <trkpt lat="68.6431" lon="20.4351">
        <time>2026-03-14T13:18:00Z</time>
      </trkpt>
      <trkpt lat="68.64809" lon="20.44072">
        <time>2026-03-14T13:28:00Z</time>
      </trkpt>
      <trkpt lat="68.65311" lon="20.44712">
        <time>2026-03-14T13:38:00Z</time>
      </trkpt>
      <trkpt lat="68.65544" lon="20.45006">
        <time>2026-03-14T13:48:00Z</time>
      </trkpt>
      <trkpt lat="68.66004" lon="20.45574">
        <time>2026-03-14T13:58:00Z</time>
      </trkpt>
      <trkpt lat="68.66556" lon="20.4622">
        <time>2026-03-14T14:08:00Z</time>
      </trkpt>
      <trkpt lat="68.67202" lon="20.46858">
        <time>2026-03-14T14:18:00Z</time>
      </trkpt>
      <trkpt lat="68.67582" lon="20.4716">
        <time>2026-03-14T14:28:00Z</time>
      </trkpt>
      <trkpt lat="68.68071" lon="20.47825">
        <time>2026-03-14T14:38:00Z</time>
      </trkpt>
      <trkpt lat="68.68477" lon="20.48568">
        <time>2026-03-14T14:48:00Z</time>
      </trkpt>
      <trkpt lat="68.69001" lon="20.49364">
        <time>2026-03-14T14:58:00Z</time>
      </trkpt>
      <trkpt lat="68.6954" lon="20.50121">
        <time>2026-03-14T15:08:00Z</time>
      </trkpt>
      <trkpt lat="68.69968" lon="20.50741">
        <time>2026-03-14T15:18:00Z</time>
      </trkpt>
      <trkpt lat="68.70429" lon="20.51473">
        <time>2026-03-14T15:28:00Z</time>
      </trkpt>
      <trkpt lat="68.70819" lon="20.51937">
        <time>2026-03-14T15:38:00Z</time>
      </trkpt>
      <trkpt lat="68.71329" lon="20.52372">
        <time>2026-03-14T15:48:00Z</time>
      </trkpt>
      <trkpt lat="68.71748" lon="20.5328">
        <time>2026-03-14T15:58:00Z</time>
      </trkpt>
      <trkpt lat="68.72181" lon="20.54235">
        <time>2026-03-14T16:08:00Z</time>
      </trkpt>
      <trkpt lat="68.72499" lon="20.54924">
        <time>2026-03-14T16:18:00Z</time>
      </trkpt>
      <trkpt lat="68.72938" lon="20.55445">
        <time>2026-03-14T16:28:00Z</time>
      </trkpt>
      <trkpt lat="68.73346" lon="20.56338">
        <time>2026-03-14T16:38:00Z</time>
      </trkpt>
      <trkpt lat="68.73731" lon="20.57449">
        <time>2026-03-14T16:48:00Z</time>
      </trkpt>
      <trkpt lat="68.74021" lon="20.58644">
        <time>2026-03-14T16:58:00Z</time>
      </trkpt>
      <trkpt lat="68.7407" lon="20.59273">
        <time>2026-03-14T17:06:00Z</time>
      </trkpt>
      <trkpt lat="68.74069" lon="20.59262">
        <time>2026-03-15T07:56:00Z</time>
      </trkpt>
      <trkpt lat="68.74337" lon="20.59606">
        <time>2026-03-15T08:06:00Z</time>
      </trkpt>
      <trkpt lat="68.7468" lon="20.60202">
        <time>2026-03-15T08:16:00Z</time>
      </trkpt>
      <trkpt lat="68.748" lon="20.61123">
        <time>2026-03-15T08:26:00Z</time>
      </trkpt>
      <trkpt lat="68.75058" lon="20.62009">
        <time>2026-03-15T08:36:00Z</time>
      </trkpt>
      <trkpt lat="68.75581" lon="20.62273">
        <time>2026-03-15T08:46:00Z</time>
      </trkpt>
      <trkpt lat="68.75972" lon="20.62638">
        <time>2026-03-15T08:56:00Z</time>
      </trkpt>
      <trkpt lat="68.76326" lon="20.63556">
        <time>2026-03-15T09:06:00Z</time>
      </trkpt>
      <trkpt lat="68.76568" lon="20.64279">
        <time>2026-03-15T09:16:00Z</time>
      </trkpt>
      <trkpt lat="68.76839" lon="20.65067">
        <time>2026-03-15T09:26:00Z</time>
      </trkpt>
      <trkpt lat="68.77078" lon="20.65691">
        <time>2026-03-15T09:36:00Z</time>
      </trkpt>
      <trkpt lat="68.77473" lon="20.67112">
        <time>2026-03-15T09:46:00Z</time>
      </trkpt>
      <trkpt lat="68.77942" lon="20.68933">
        <time>2026-03-15T09:56:00Z</time>
      </trkpt>
      <trkpt lat="68.78241" lon="20.6891">
        <time>2026-03-15T10:06:00Z</time>
      </trkpt>
      <trkpt lat="68.78812" lon="20.68122">
        <time>2026-03-15T10:16:00Z</time>
      </trkpt>
      <trkpt lat="68.79239" lon="20.67783">
        <time>2026-03-15T10:26:00Z</time>
      </trkpt>
      <trkpt lat="68.79814" lon="20.67749">
        <time>2026-03-15T10:36:00Z</time>
      </trkpt>
      <trkpt lat="68.80327" lon="20.6765">
        <time>2026-03-15T10:46:00Z</time>
      </trkpt>
      <trkpt lat="68.80883" lon="20.67397">
        <time>2026-03-15T10:56:00Z</time>
      </trkpt>
      <trkpt lat="68.81353" lon="20.66918">
        <time>2026-03-15T11:06:00Z</time>
      </trkpt>
      <trkpt lat="68.81755" lon="20.66172">
        <time>2026-03-15T11:16:00Z</time>
      </trkpt>
      <trkpt lat="68.82148" lon="20.65502">
        <time>2026-03-15T11:26:00Z</time>
      </trkpt>
      <trkpt lat="68.82604" lon="20.64543">
        <time>2026-03-15T11:36:00Z</time>
      </trkpt>
      <trkpt lat="68.83009" lon="20.63923">
        <time>2026-03-15T11:46:00Z</time>
      </trkpt>
      <trkpt lat="68.83439" lon="20.64374">
        <time>2026-03-15T11:56:00Z</time>
      </trkpt>
      <trkpt lat="68.84054" lon="20.6461">
        <time>2026-03-15T12:06:00Z</time>
      </trkpt>
      <trkpt lat="68.84526" lon="20.64586">
        <time>2026-03-15T12:16:00Z</time>
      </trkpt>
      <trkpt lat="68.85193" lon="20.64058">
        <time>2026-03-15T12:26:00Z</time>
      </trkpt>
      <trkpt lat="68.85758" lon="20.63123">
        <time>2026-03-15T12:36:00Z</time>
      </trkpt>
      <trkpt lat="68.86113" lon="20.61876">
        <time>2026-03-15T12:46:00Z</time>
      </trkpt>
      <trkpt lat="68.8651" lon="20.61224">
        <time>2026-03-15T12:56:00Z</time>
      </trkpt>
      <trkpt lat="68.86833" lon="20.60749">
        <time>2026-03-15T13:06:00Z</time>
      </trkpt>
      <trkpt lat="68.8703" lon="20.59739">
        <time>2026-03-15T13:16:00Z</time>
      </trkpt>
      <trkpt lat="68.8732" lon="20.58574">
        <time>2026-03-15T13:26:00Z</time>
      </trkpt>
      <trkpt lat="68.87509" lon="20.57016">
        <time>2026-03-15T13:36:00Z</time>
      </trkpt>
      <trkpt lat="68.87728" lon="20.55855">
        <time>2026-03-15T13:46:00Z</time>
      </trkpt>
      <trkpt lat="68.87809" lon="20.54368">
        <time>2026-03-15T13:56:00Z</time>
      </trkpt>
      <trkpt lat="68.87615" lon="20.52971">
        <time>2026-03-15T14:06:00Z</time>
      </trkpt>
      <trkpt lat="68.87695" lon="20.51349">
        <time>2026-03-15T14:16:00Z</time>
      </trkpt>
      <trkpt lat="68.87963" lon="20.49819">
        <time>2026-03-15T14:26:00Z</time>
      </trkpt>
      <trkpt lat="68.8826" lon="20.48338">
        <time>2026-03-15T14:36:00Z</time>
      </trkpt>
      <trkpt lat="68.88601" lon="20.47205">
        <time>2026-03-15T14:46:00Z</time>
      </trkpt>
      <trkpt lat="68.89101" lon="20.46413">
        <time>2026-03-15T14:56:00Z</time>
      </trkpt>
      <trkpt lat="68.89653" lon="20.45351">
        <time>2026-03-15T15:06:00Z</time>
      </trkpt>
      <trkpt lat="68.89988" lon="20.44208">
        <time>2026-03-15T15:16:00Z</time>
      </trkpt>
      <trkpt lat="68.90436" lon="20.42673">
        <time>2026-03-15T15:26:00Z</time>
      </trkpt>
      <trkpt lat="68.90927" lon="20.41725">
        <time>2026-03-15T15:36:00Z</time>
      </trkpt>
      <trkpt lat="68.91452" lon="20.40598">
        <time>2026-03-15T15:46:00Z</time>
      </trkpt>
      <trkpt lat="68.91951" lon="20.39556">
        <time>2026-03-15T15:56:00Z</time>
      </trkpt>
      <trkpt lat="68.92289" lon="20.3915">
        <time>2026-03-15T16:06:00Z</time>
      </trkpt>
      <trkpt lat="68.9294" lon="20.38122">
        <time>2026-03-15T16:16:00Z</time>
      </trkpt>
      <trkpt lat="68.93372" lon="20.37753">
        <time>2026-03-15T16:26:00Z</time>
      </trkpt>
      <trkpt lat="68.93971" lon="20.37429">
        <time>2026-03-15T16:36:00Z</time>
      </trkpt>
      <trkpt lat="68.94357" lon="20.36751">
        <time>2026-03-15T16:46:00Z</time>
      </trkpt>
      <trkpt lat="68.94624" lon="20.3618">
        <time>2026-03-15T16:56:00Z</time>
      </trkpt>
      <trkpt lat="68.95019" lon="20.35785">
        <time>2026-03-15T17:06:00Z</time>
      </trkpt>
      <trkpt lat="68.95759" lon="20.35957">
        <time>2026-03-15T17:16:00Z</time>
      </trkpt>
      <trkpt lat="68.9653" lon="20.35573">
        <time>2026-03-15T17:26:00Z</time>
      </trkpt>
      <trkpt lat="68.97067" lon="20.35206">
        <time>2026-03-15T17:36:00Z</time>
      </trkpt>
      <trkpt lat="68.97379" lon="20.36564">
        <time>2026-03-15T17:46:00Z</time>
      </trkpt>
      <trkpt lat="68.97326" lon="20.3683">
        <time>2026-03-15T17:56:00Z</time>
      </trkpt>
      <trkpt lat="68.97326" lon="20.3683">
        <time>2026-03-15T17:58:00Z</time>
      </trkpt>
      <trkpt lat="68.9733" lon="20.36856">
        <time>2026-03-16T08:14:00Z</time>
      </trkpt>
      <trkpt lat="68.9733" lon="20.36863">
        <time>2026-03-16T08:24:00Z</time>
      </trkpt>
      <trkpt lat="68.97438" lon="20.36828">
        <time>2026-03-16T08:34:00Z</time>
      </trkpt>
      <trkpt lat="68.97914" lon="20.3697">
        <time>2026-03-16T08:44:00Z</time>
      </trkpt>
      <trkpt lat="68.9796" lon="20.37734">
        <time>2026-03-16T08:54:00Z</time>
      </trkpt>
      <trkpt lat="68.98069" lon="20.38923">
        <time>2026-03-16T09:04:00Z</time>
      </trkpt>
      <trkpt lat="68.98132" lon="20.39618">
        <time>2026-03-16T09:14:00Z</time>
      </trkpt>
      <trkpt lat="68.98144" lon="20.40762">
        <time>2026-03-16T09:24:00Z</time>
      </trkpt>
      <trkpt lat="68.98142" lon="20.4151">
        <time>2026-03-16T09:34:00Z</time>
      </trkpt>
      <trkpt lat="68.98246" lon="20.41888">
        <time>2026-03-16T09:44:00Z</time>
      </trkpt>
      <trkpt lat="68.98446" lon="20.42768">
        <time>2026-03-16T09:54:00Z</time>
      </trkpt>
      <trkpt lat="68.9876" lon="20.43987">
        <time>2026-03-16T10:04:00Z</time>
      </trkpt>
      <trkpt lat="68.99011" lon="20.44364">
        <time>2026-03-16T10:14:00Z</time>
      </trkpt>
      <trkpt lat="68.99227" lon="20.44903">
        <time>2026-03-16T10:24:00Z</time>
      </trkpt>
      <trkpt lat="68.99464" lon="20.45851">
        <time>2026-03-16T10:34:00Z</time>
      </trkpt>
      <trkpt lat="69.0004" lon="20.46737">
        <time>2026-03-16T10:44:00Z</time>
      </trkpt>
      <trkpt lat="69.0023" lon="20.4739">
        <time>2026-03-16T10:54:00Z</time>
      </trkpt>
      <trkpt lat="69.00404" lon="20.47873">
        <time>2026-03-16T11:04:00Z</time>
      </trkpt>
      <trkpt lat="69.00887" lon="20.48761">
        <time>2026-03-16T11:14:00Z</time>
      </trkpt>
      <trkpt lat="69.01401" lon="20.49413">
        <time>2026-03-16T11:24:00Z</time>
      </trkpt>
      <trkpt lat="69.01932" lon="20.5022">
        <time>2026-03-16T11:34:00Z</time>
      </trkpt>
      <trkpt lat="69.02494" lon="20.51458">
        <time>2026-03-16T11:44:00Z</time>
      </trkpt>
      <trkpt lat="69.03325" lon="20.51621">
        <time>2026-03-16T11:54:00Z</time>
      </trkpt>
      <trkpt lat="69.0433" lon="20.51415">
        <time>2026-03-16T12:04:00Z</time>
      </trkpt>
      <trkpt lat="69.04855" lon="20.52295">
        <time>2026-03-16T12:14:00Z</time>
      </trkpt>
      <trkpt lat="69.05208" lon="20.52636">
        <time>2026-03-16T12:24:00Z</time>
      </trkpt>
      <trkpt lat="69.0563" lon="20.53484">
        <time>2026-03-16T12:34:00Z</time>
      </trkpt>
      <trkpt lat="69.0599" lon="20.54864">
        <time>2026-03-16T12:44:00Z</time>
      </trkpt>
      <trkpt lat="69.05993" lon="20.54864">
        <time>2026-03-16T12:53:00Z</time>
      </trkpt>
    </trkseg>
  </trk>
  <trk>
    <name>Abisko→finish · Mårten Thelander (traditional)</name>
    <trkseg>
      <trkpt lat="68.34952" lon="18.83097">
        <time>2026-04-05T09:34:00Z</time>
      </trkpt>
      <trkpt lat="68.35435" lon="18.84305">
        <time>2026-04-05T09:44:00Z</time>
      </trkpt>
      <trkpt lat="68.35666" lon="18.84951">
        <time>2026-04-05T09:54:00Z</time>
      </trkpt>
      <trkpt lat="68.3637" lon="18.86985">
        <time>2026-04-05T10:04:00Z</time>
      </trkpt>
      <trkpt lat="68.36631" lon="18.89251">
        <time>2026-04-05T10:14:00Z</time>
      </trkpt>
      <trkpt lat="68.36604" lon="18.89436">
        <time>2026-04-05T10:24:00Z</time>
      </trkpt>
      <trkpt lat="68.36618" lon="18.91266">
        <time>2026-04-05T11:14:00Z</time>
      </trkpt>
      <trkpt lat="68.3635" lon="18.9333">
        <time>2026-04-05T11:24:00Z</time>
      </trkpt>
      <trkpt lat="68.36709" lon="18.95806">
        <time>2026-04-05T11:34:00Z</time>
      </trkpt>
      <trkpt lat="68.36733" lon="18.98353">
        <time>2026-04-05T11:44:00Z</time>
      </trkpt>
      <trkpt lat="68.36748" lon="19.01003">
        <time>2026-04-05T11:54:00Z</time>
      </trkpt>
      <trkpt lat="68.36785" lon="19.01349">
        <time>2026-04-05T12:04:00Z</time>
      </trkpt>
      <trkpt lat="68.36871" lon="19.02287">
        <time>2026-04-05T12:14:00Z</time>
      </trkpt>
      <trkpt lat="68.36937" lon="19.04941">
        <time>2026-04-05T12:24:00Z</time>
      </trkpt>
      <trkpt lat="68.36971" lon="19.07486">
        <time>2026-04-05T12:34:00Z</time>
      </trkpt>
      <trkpt lat="68.36703" lon="19.09335">
        <time>2026-04-05T12:44:00Z</time>
      </trkpt>
      <trkpt lat="68.36623" lon="19.1152">
        <time>2026-04-05T12:54:00Z</time>
      </trkpt>
      <trkpt lat="68.36504" lon="19.13678">
        <time>2026-04-05T13:04:00Z</time>
      </trkpt>
      <trkpt lat="68.36311" lon="19.16159">
        <time>2026-04-05T13:14:00Z</time>
      </trkpt>
      <trkpt lat="68.36137" lon="19.18569">
        <time>2026-04-05T13:24:00Z</time>
      </trkpt>
      <trkpt lat="68.35967" lon="19.19837">
        <time>2026-04-05T13:34:00Z</time>
      </trkpt>
      <trkpt lat="68.35334" lon="19.21757">
        <time>2026-04-05T13:44:00Z</time>
      </trkpt>
      <trkpt lat="68.3517" lon="19.22682">
        <time>2026-04-05T13:54:00Z</time>
      </trkpt>
      <trkpt lat="68.35172" lon="19.22686">
        <time>2026-04-05T14:04:00Z</time>
      </trkpt>
      <trkpt lat="68.34969" lon="19.23686">
        <time>2026-04-05T14:34:00Z</time>
      </trkpt>
      <trkpt lat="68.34565" lon="19.26079">
        <time>2026-04-05T14:44:00Z</time>
      </trkpt>
      <trkpt lat="68.34586" lon="19.28731">
        <time>2026-04-05T14:54:00Z</time>
      </trkpt>
      <trkpt lat="68.34474" lon="19.31338">
        <time>2026-04-05T15:04:00Z</time>
      </trkpt>
      <trkpt lat="68.34199" lon="19.33797">
        <time>2026-04-05T15:14:00Z</time>
      </trkpt>
      <trkpt lat="68.34096" lon="19.35278">
        <time>2026-04-05T15:24:00Z</time>
      </trkpt>
      <trkpt lat="68.33975" lon="19.37741">
        <time>2026-04-05T15:34:00Z</time>
      </trkpt>
      <trkpt lat="68.33628" lon="19.39393">
        <time>2026-04-05T15:44:00Z</time>
      </trkpt>
      <trkpt lat="68.3362" lon="19.394">
        <time>2026-04-05T15:54:00Z</time>
      </trkpt>
      <trkpt lat="68.33299" lon="19.40805">
        <time>2026-04-05T16:04:00Z</time>
      </trkpt>
      <trkpt lat="68.32811" lon="19.42927">
        <time>2026-04-05T16:14:00Z</time>
      </trkpt>
      <trkpt lat="68.32329" lon="19.44994">
        <time>2026-04-05T16:24:00Z</time>
      </trkpt>
      <trkpt lat="68.3198" lon="19.46502">
        <time>2026-04-05T16:34:00Z</time>
      </trkpt>
      <trkpt lat="68.31552" lon="19.48378">
        <time>2026-04-05T16:44:00Z</time>
      </trkpt>
      <trkpt lat="68.31111" lon="19.5044">
        <time>2026-04-05T16:54:00Z</time>
      </trkpt>
      <trkpt lat="68.30709" lon="19.52433">
        <time>2026-04-05T17:04:00Z</time>
      </trkpt>
      <trkpt lat="68.30685" lon="19.52504">
        <time>2026-04-05T17:14:00Z</time>
      </trkpt>
      <trkpt lat="68.30391" lon="19.53997">
        <time>2026-04-05T17:34:00Z</time>
      </trkpt>
      <trkpt lat="68.3014" lon="19.56315">
        <time>2026-04-05T17:44:00Z</time>
      </trkpt>
      <trkpt lat="68.30157" lon="19.58014">
        <time>2026-04-05T17:54:00Z</time>
      </trkpt>
      <trkpt lat="68.30235" lon="19.60651">
        <time>2026-04-05T18:04:00Z</time>
      </trkpt>
      <trkpt lat="68.30499" lon="19.6184">
        <time>2026-04-05T18:14:00Z</time>
      </trkpt>
      <trkpt lat="68.3063" lon="19.62241">
        <time>2026-04-05T18:24:00Z</time>
      </trkpt>
      <trkpt lat="68.30634" lon="19.62239">
        <time>2026-04-05T18:34:00Z</time>
      </trkpt>
      <trkpt lat="68.30634" lon="19.62241">
        <time>2026-04-05T18:42:00Z</time>
      </trkpt>
      <trkpt lat="68.30632" lon="19.62261">
        <time>2026-04-06T07:28:00Z</time>
      </trkpt>
      <trkpt lat="68.30664" lon="19.6425">
        <time>2026-04-06T07:38:00Z</time>
      </trkpt>
      <trkpt lat="68.30592" lon="19.6705">
        <time>2026-04-06T07:48:00Z</time>
      </trkpt>
      <trkpt lat="68.30532" lon="19.68029">
        <time>2026-04-06T07:58:00Z</time>
      </trkpt>
      <trkpt lat="68.30457" lon="19.70775">
        <time>2026-04-06T08:08:00Z</time>
      </trkpt>
      <trkpt lat="68.30497" lon="19.72844">
        <time>2026-04-06T08:18:00Z</time>
      </trkpt>
      <trkpt lat="68.30651" lon="19.75869">
        <time>2026-04-06T08:28:00Z</time>
      </trkpt>
      <trkpt lat="68.30703" lon="19.78195">
        <time>2026-04-06T08:38:00Z</time>
      </trkpt>
      <trkpt lat="68.30938" lon="19.80753">
        <time>2026-04-06T08:48:00Z</time>
      </trkpt>
      <trkpt lat="68.30825" lon="19.8309">
        <time>2026-04-06T08:58:00Z</time>
      </trkpt>
      <trkpt lat="68.30273" lon="19.85004">
        <time>2026-04-06T09:08:00Z</time>
      </trkpt>
      <trkpt lat="68.30079" lon="19.86017">
        <time>2026-04-06T09:18:00Z</time>
      </trkpt>
      <trkpt lat="68.29594" lon="19.87317">
        <time>2026-04-06T09:28:00Z</time>
      </trkpt>
      <trkpt lat="68.29137" lon="19.88892">
        <time>2026-04-06T09:38:00Z</time>
      </trkpt>
      <trkpt lat="68.28998" lon="19.89716">
        <time>2026-04-06T09:48:00Z</time>
      </trkpt>
      <trkpt lat="68.28988" lon="19.89819">
        <time>2026-04-06T09:58:00Z</time>
      </trkpt>
      <trkpt lat="68.29267" lon="19.90218">
        <time>2026-04-06T10:38:00Z</time>
      </trkpt>
      <trkpt lat="68.29979" lon="19.91254">
        <time>2026-04-06T10:48:00Z</time>
      </trkpt>
      <trkpt lat="68.30404" lon="19.9254">
        <time>2026-04-06T10:58:00Z</time>
      </trkpt>
      <trkpt lat="68.31009" lon="19.93587">
        <time>2026-04-06T11:08:00Z</time>
      </trkpt>
      <trkpt lat="68.31895" lon="19.94022">
        <time>2026-04-06T11:18:00Z</time>
      </trkpt>
      <trkpt lat="68.3231" lon="19.94737">
        <time>2026-04-06T11:28:00Z</time>
      </trkpt>
      <trkpt lat="68.32785" lon="19.95239">
        <time>2026-04-06T11:38:00Z</time>
      </trkpt>
      <trkpt lat="68.3318" lon="19.95612">
        <time>2026-04-06T11:48:00Z</time>
      </trkpt>
      <trkpt lat="68.33753" lon="19.96203">
        <time>2026-04-06T11:58:00Z</time>
      </trkpt>
      <trkpt lat="68.33847" lon="19.96228">
        <time>2026-04-06T12:08:00Z</time>
      </trkpt>
      <trkpt lat="68.34057" lon="19.96318">
        <time>2026-04-06T12:18:00Z</time>
      </trkpt>
      <trkpt lat="68.34712" lon="19.97119">
        <time>2026-04-06T12:28:00Z</time>
      </trkpt>
      <trkpt lat="68.34858" lon="19.97494">
        <time>2026-04-06T12:38:00Z</time>
      </trkpt>
      <trkpt lat="68.35448" lon="19.99582">
        <time>2026-04-06T12:48:00Z</time>
      </trkpt>
      <trkpt lat="68.35932" lon="20.0152">
        <time>2026-04-06T12:58:00Z</time>
      </trkpt>
      <trkpt lat="68.36391" lon="20.02614">
        <time>2026-04-06T13:08:00Z</time>
      </trkpt>
      <trkpt lat="68.36693" lon="20.03917">
        <time>2026-04-06T13:18:00Z</time>
      </trkpt>
      <trkpt lat="68.36807" lon="20.04704">
        <time>2026-04-06T13:28:00Z</time>
      </trkpt>
      <trkpt lat="68.36807" lon="20.04704">
        <time>2026-04-06T13:38:00Z</time>
      </trkpt>
      <trkpt lat="68.37176" lon="20.05908">
        <time>2026-04-06T14:38:00Z</time>
      </trkpt>
      <trkpt lat="68.37457" lon="20.07515">
        <time>2026-04-06T14:48:00Z</time>
      </trkpt>
      <trkpt lat="68.3803" lon="20.07727">
        <time>2026-04-06T14:58:00Z</time>
      </trkpt>
      <trkpt lat="68.38559" lon="20.07208">
        <time>2026-04-06T15:08:00Z</time>
      </trkpt>
      <trkpt lat="68.3931" lon="20.06238">
        <time>2026-04-06T15:18:00Z</time>
      </trkpt>
      <trkpt lat="68.39854" lon="20.0641">
        <time>2026-04-06T15:28:00Z</time>
      </trkpt>
      <trkpt lat="68.40123" lon="20.06884">
        <time>2026-04-06T15:38:00Z</time>
      </trkpt>
      <trkpt lat="68.4013" lon="20.06886">
        <time>2026-04-06T15:48:00Z</time>
      </trkpt>
      <trkpt lat="68.4073" lon="20.07562">
        <time>2026-04-06T15:58:00Z</time>
      </trkpt>
      <trkpt lat="68.4121" lon="20.08152">
        <time>2026-04-06T16:08:00Z</time>
      </trkpt>
      <trkpt lat="68.41423" lon="20.08388">
        <time>2026-04-06T16:18:00Z</time>
      </trkpt>
      <trkpt lat="68.41827" lon="20.09916">
        <time>2026-04-06T16:28:00Z</time>
      </trkpt>
      <trkpt lat="68.41973" lon="20.10566">
        <time>2026-04-06T16:38:00Z</time>
      </trkpt>
      <trkpt lat="68.42036" lon="20.11946">
        <time>2026-04-06T16:48:00Z</time>
      </trkpt>
      <trkpt lat="68.42231" lon="20.13697">
        <time>2026-04-06T16:58:00Z</time>
      </trkpt>
      <trkpt lat="68.42241" lon="20.14641">
        <time>2026-04-06T17:08:00Z</time>
      </trkpt>
      <trkpt lat="68.42286" lon="20.15343">
        <time>2026-04-06T17:18:00Z</time>
      </trkpt>
      <trkpt lat="68.42632" lon="20.15791">
        <time>2026-04-06T17:28:00Z</time>
      </trkpt>
      <trkpt lat="68.43284" lon="20.1704">
        <time>2026-04-06T17:38:00Z</time>
      </trkpt>
      <trkpt lat="68.44419" lon="20.19308">
        <time>2026-04-06T17:48:00Z</time>
      </trkpt>
      <trkpt lat="68.4526" lon="20.20289">
        <time>2026-04-06T17:58:00Z</time>
      </trkpt>
      <trkpt lat="68.45723" lon="20.20851">
        <time>2026-04-06T18:08:00Z</time>
      </trkpt>
      <trkpt lat="68.45908" lon="20.21076">
        <time>2026-04-06T18:18:00Z</time>
      </trkpt>
      <trkpt lat="68.46723" lon="20.22048">
        <time>2026-04-06T18:28:00Z</time>
      </trkpt>
      <trkpt lat="68.47479" lon="20.22924">
        <time>2026-04-06T18:38:00Z</time>
      </trkpt>
      <trkpt lat="68.47554" lon="20.22977">
        <time>2026-04-06T18:48:00Z</time>
      </trkpt>
      <trkpt lat="68.47548" lon="20.2301">
        <time>2026-04-06T19:22:00Z</time>
      </trkpt>
      <trkpt lat="68.48085" lon="20.23861">
        <time>2026-04-07T08:11:00Z</time>
      </trkpt>
      <trkpt lat="68.48585" lon="20.25194">
        <time>2026-04-07T08:21:00Z</time>
      </trkpt>
      <trkpt lat="68.48929" lon="20.25943">
        <time>2026-04-07T08:31:00Z</time>
      </trkpt>
      <trkpt lat="68.49588" lon="20.27999">
        <time>2026-04-07T08:41:00Z</time>
      </trkpt>
      <trkpt lat="68.50119" lon="20.28771">
        <time>2026-04-07T08:51:00Z</time>
      </trkpt>
      <trkpt lat="68.51042" lon="20.29121">
        <time>2026-04-07T09:01:00Z</time>
      </trkpt>
      <trkpt lat="68.51578" lon="20.29492">
        <time>2026-04-07T09:11:00Z</time>
      </trkpt>
      <trkpt lat="68.52511" lon="20.29398">
        <time>2026-04-07T09:21:00Z</time>
      </trkpt>
      <trkpt lat="68.53234" lon="20.2931">
        <time>2026-04-07T09:31:00Z</time>
      </trkpt>
      <trkpt lat="68.53691" lon="20.29262">
        <time>2026-04-07T09:41:00Z</time>
      </trkpt>
      <trkpt lat="68.53693" lon="20.29262">
        <time>2026-04-07T09:51:00Z</time>
      </trkpt>
      <trkpt lat="68.54024" lon="20.29322">
        <time>2026-04-07T10:01:00Z</time>
      </trkpt>
      <trkpt lat="68.54943" lon="20.30475">
        <time>2026-04-07T10:11:00Z</time>
      </trkpt>
      <trkpt lat="68.55485" lon="20.32099">
        <time>2026-04-07T10:21:00Z</time>
      </trkpt>
      <trkpt lat="68.56106" lon="20.33472">
        <time>2026-04-07T10:31:00Z</time>
      </trkpt>
      <trkpt lat="68.56352" lon="20.33897">
        <time>2026-04-07T10:41:00Z</time>
      </trkpt>
      <trkpt lat="68.56578" lon="20.34434">
        <time>2026-04-07T10:51:00Z</time>
      </trkpt>
      <trkpt lat="68.57195" lon="20.35676">
        <time>2026-04-07T11:01:00Z</time>
      </trkpt>
      <trkpt lat="68.57181" lon="20.35717">
        <time>2026-04-07T11:11:00Z</time>
      </trkpt>
      <trkpt lat="68.57565" lon="20.36491">
        <time>2026-04-07T11:21:00Z</time>
      </trkpt>
      <trkpt lat="68.57931" lon="20.37989">
        <time>2026-04-07T11:31:00Z</time>
      </trkpt>
      <trkpt lat="68.58334" lon="20.39332">
        <time>2026-04-07T11:41:00Z</time>
      </trkpt>
      <trkpt lat="68.58728" lon="20.40103">
        <time>2026-04-07T11:51:00Z</time>
      </trkpt>
      <trkpt lat="68.59275" lon="20.41043">
        <time>2026-04-07T12:01:00Z</time>
      </trkpt>
      <trkpt lat="68.59559" lon="20.41598">
        <time>2026-04-07T12:11:00Z</time>
      </trkpt>
      <trkpt lat="68.59559" lon="20.41601">
        <time>2026-04-07T12:21:00Z</time>
      </trkpt>
      <trkpt lat="68.6016" lon="20.41731">
        <time>2026-04-07T13:11:00Z</time>
      </trkpt>
      <trkpt lat="68.60577" lon="20.41259">
        <time>2026-04-07T13:21:00Z</time>
      </trkpt>
      <trkpt lat="68.61054" lon="20.41412">
        <time>2026-04-07T13:31:00Z</time>
      </trkpt>
      <trkpt lat="68.61263" lon="20.41768">
        <time>2026-04-07T13:41:00Z</time>
      </trkpt>
      <trkpt lat="68.61594" lon="20.42064">
        <time>2026-04-07T13:51:00Z</time>
      </trkpt>
      <trkpt lat="68.62321" lon="20.42427">
        <time>2026-04-07T14:01:00Z</time>
      </trkpt>
      <trkpt lat="68.63071" lon="20.431">
        <time>2026-04-07T14:11:00Z</time>
      </trkpt>
      <trkpt lat="68.6336" lon="20.4327">
        <time>2026-04-07T14:21:00Z</time>
      </trkpt>
      <trkpt lat="68.64205" lon="20.43439">
        <time>2026-04-07T14:31:00Z</time>
      </trkpt>
      <trkpt lat="68.64946" lon="20.44244">
        <time>2026-04-07T14:41:00Z</time>
      </trkpt>
      <trkpt lat="68.65285" lon="20.44675">
        <time>2026-04-07T14:51:00Z</time>
      </trkpt>
      <trkpt lat="68.65654" lon="20.45145">
        <time>2026-04-07T15:01:00Z</time>
      </trkpt>
      <trkpt lat="68.66475" lon="20.46124">
        <time>2026-04-07T15:11:00Z</time>
      </trkpt>
      <trkpt lat="68.66676" lon="20.46315">
        <time>2026-04-07T15:21:00Z</time>
      </trkpt>
      <trkpt lat="68.67322" lon="20.46905">
        <time>2026-04-07T15:31:00Z</time>
      </trkpt>
      <trkpt lat="68.68139" lon="20.47922">
        <time>2026-04-07T15:41:00Z</time>
      </trkpt>
      <trkpt lat="68.68731" lon="20.48961">
        <time>2026-04-07T15:51:00Z</time>
      </trkpt>
      <trkpt lat="68.69594" lon="20.50044">
        <time>2026-04-07T16:01:00Z</time>
      </trkpt>
      <trkpt lat="68.69934" lon="20.5043">
        <time>2026-04-07T16:11:00Z</time>
      </trkpt>
      <trkpt lat="68.70608" lon="20.51782">
        <time>2026-04-07T16:21:00Z</time>
      </trkpt>
      <trkpt lat="68.71193" lon="20.51574">
        <time>2026-04-07T16:31:00Z</time>
      </trkpt>
      <trkpt lat="68.71713" lon="20.51246">
        <time>2026-04-07T16:41:00Z</time>
      </trkpt>
      <trkpt lat="68.7214" lon="20.51634">
        <time>2026-04-07T16:51:00Z</time>
      </trkpt>
      <trkpt lat="68.72514" lon="20.52679">
        <time>2026-04-07T17:01:00Z</time>
      </trkpt>
      <trkpt lat="68.73346" lon="20.53587">
        <time>2026-04-07T17:11:00Z</time>
      </trkpt>
      <trkpt lat="68.73981" lon="20.54059">
        <time>2026-04-07T17:21:00Z</time>
      </trkpt>
      <trkpt lat="68.74706" lon="20.5466">
        <time>2026-04-07T17:31:00Z</time>
      </trkpt>
      <trkpt lat="68.75374" lon="20.55499">
        <time>2026-04-07T17:41:00Z</time>
      </trkpt>
      <trkpt lat="68.75812" lon="20.56211">
        <time>2026-04-07T17:51:00Z</time>
      </trkpt>
      <trkpt lat="68.75811" lon="20.56217">
        <time>2026-04-07T18:01:00Z</time>
      </trkpt>
      <trkpt lat="68.75811" lon="20.5622">
        <time>2026-04-07T18:25:00Z</time>
      </trkpt>
      <trkpt lat="68.75806" lon="20.56215">
        <time>2026-04-08T06:56:00Z</time>
      </trkpt>
      <trkpt lat="68.7581" lon="20.56211">
        <time>2026-04-08T07:06:00Z</time>
      </trkpt>
      <trkpt lat="68.76313" lon="20.56093">
        <time>2026-04-08T07:36:00Z</time>
      </trkpt>
      <trkpt lat="68.76804" lon="20.57024">
        <time>2026-04-08T07:46:00Z</time>
      </trkpt>
      <trkpt lat="68.77158" lon="20.58035">
        <time>2026-04-08T07:56:00Z</time>
      </trkpt>
      <trkpt lat="68.77032" lon="20.59915">
        <time>2026-04-08T08:06:00Z</time>
      </trkpt>
      <trkpt lat="68.76741" lon="20.61153">
        <time>2026-04-08T08:16:00Z</time>
      </trkpt>
      <trkpt lat="68.77215" lon="20.60088">
        <time>2026-04-08T08:26:00Z</time>
      </trkpt>
      <trkpt lat="68.77955" lon="20.59264">
        <time>2026-04-08T08:36:00Z</time>
      </trkpt>
      <trkpt lat="68.78506" lon="20.58689">
        <time>2026-04-08T08:46:00Z</time>
      </trkpt>
      <trkpt lat="68.79011" lon="20.57305">
        <time>2026-04-08T08:56:00Z</time>
      </trkpt>
      <trkpt lat="68.79569" lon="20.56778">
        <time>2026-04-08T09:06:00Z</time>
      </trkpt>
      <trkpt lat="68.80176" lon="20.55378">
        <time>2026-04-08T09:16:00Z</time>
      </trkpt>
      <trkpt lat="68.80682" lon="20.54132">
        <time>2026-04-08T09:26:00Z</time>
      </trkpt>
      <trkpt lat="68.81237" lon="20.53705">
        <time>2026-04-08T09:36:00Z</time>
      </trkpt>
      <trkpt lat="68.81795" lon="20.53645">
        <time>2026-04-08T09:46:00Z</time>
      </trkpt>
      <trkpt lat="68.82563" lon="20.53591">
        <time>2026-04-08T09:56:00Z</time>
      </trkpt>
      <trkpt lat="68.83308" lon="20.54211">
        <time>2026-04-08T10:06:00Z</time>
      </trkpt>
      <trkpt lat="68.84003" lon="20.53613">
        <time>2026-04-08T10:16:00Z</time>
      </trkpt>
      <trkpt lat="68.84505" lon="20.51945">
        <time>2026-04-08T10:26:00Z</time>
      </trkpt>
      <trkpt lat="68.8505" lon="20.50561">
        <time>2026-04-08T10:36:00Z</time>
      </trkpt>
      <trkpt lat="68.85093" lon="20.50463">
        <time>2026-04-08T10:46:00Z</time>
      </trkpt>
      <trkpt lat="68.85888" lon="20.50542">
        <time>2026-04-08T10:56:00Z</time>
      </trkpt>
      <trkpt lat="68.8613" lon="20.50802">
        <time>2026-04-08T11:06:00Z</time>
      </trkpt>
      <trkpt lat="68.86041" lon="20.50617">
        <time>2026-04-08T11:16:00Z</time>
      </trkpt>
      <trkpt lat="68.86243" lon="20.50585">
        <time>2026-04-08T11:26:00Z</time>
      </trkpt>
      <trkpt lat="68.8645" lon="20.50417">
        <time>2026-04-08T11:36:00Z</time>
      </trkpt>
      <trkpt lat="68.86497" lon="20.50345">
        <time>2026-04-08T11:46:00Z</time>
      </trkpt>
      <trkpt lat="68.86816" lon="20.49922">
        <time>2026-04-08T11:56:00Z</time>
      </trkpt>
      <trkpt lat="68.87054" lon="20.49709">
        <time>2026-04-08T12:06:00Z</time>
      </trkpt>
      <trkpt lat="68.8767" lon="20.49085">
        <time>2026-04-08T12:16:00Z</time>
      </trkpt>
      <trkpt lat="68.88349" lon="20.47525">
        <time>2026-04-08T12:26:00Z</time>
      </trkpt>
      <trkpt lat="68.89139" lon="20.46014">
        <time>2026-04-08T12:36:00Z</time>
      </trkpt>
      <trkpt lat="68.89832" lon="20.44763">
        <time>2026-04-08T12:46:00Z</time>
      </trkpt>
      <trkpt lat="68.90333" lon="20.42924">
        <time>2026-04-08T12:56:00Z</time>
      </trkpt>
      <trkpt lat="68.90951" lon="20.41616">
        <time>2026-04-08T13:06:00Z</time>
      </trkpt>
      <trkpt lat="68.90951" lon="20.41667">
        <time>2026-04-08T13:16:00Z</time>
      </trkpt>
      <trkpt lat="68.91793" lon="20.39873">
        <time>2026-04-08T13:26:00Z</time>
      </trkpt>
      <trkpt lat="68.92779" lon="20.3829">
        <time>2026-04-08T13:36:00Z</time>
      </trkpt>
      <trkpt lat="68.9327" lon="20.37768">
        <time>2026-04-08T13:46:00Z</time>
      </trkpt>
      <trkpt lat="68.94047" lon="20.3732">
        <time>2026-04-08T13:56:00Z</time>
      </trkpt>
      <trkpt lat="68.9422" lon="20.3703">
        <time>2026-04-08T14:06:00Z</time>
      </trkpt>
      <trkpt lat="68.94276" lon="20.36938">
        <time>2026-04-08T14:16:00Z</time>
      </trkpt>
      <trkpt lat="68.94721" lon="20.35972">
        <time>2026-04-08T14:26:00Z</time>
      </trkpt>
      <trkpt lat="68.95182" lon="20.35854">
        <time>2026-04-08T14:36:00Z</time>
      </trkpt>
      <trkpt lat="68.96603" lon="20.35457">
        <time>2026-04-08T14:46:00Z</time>
      </trkpt>
      <trkpt lat="68.97335" lon="20.36279">
        <time>2026-04-08T14:56:00Z</time>
      </trkpt>
      <trkpt lat="68.9742" lon="20.36858">
        <time>2026-04-08T15:06:00Z</time>
      </trkpt>
      <trkpt lat="68.97409" lon="20.36858">
        <time>2026-04-08T15:17:00Z</time>
      </trkpt>
      <trkpt lat="68.97414" lon="20.36848">
        <time>2026-04-08T15:39:00Z</time>
      </trkpt>
      <trkpt lat="68.9742" lon="20.36871">
        <time>2026-04-09T07:04:00Z</time>
      </trkpt>
      <trkpt lat="68.97765" lon="20.36938">
        <time>2026-04-09T07:14:00Z</time>
      </trkpt>
      <trkpt lat="68.97941" lon="20.375">
        <time>2026-04-09T07:24:00Z</time>
      </trkpt>
      <trkpt lat="68.98036" lon="20.38579">
        <time>2026-04-09T07:34:00Z</time>
      </trkpt>
      <trkpt lat="68.98143" lon="20.39545">
        <time>2026-04-09T07:44:00Z</time>
      </trkpt>
      <trkpt lat="68.98102" lon="20.40341">
        <time>2026-04-09T07:54:00Z</time>
      </trkpt>
      <trkpt lat="68.98206" lon="20.41289">
        <time>2026-04-09T08:04:00Z</time>
      </trkpt>
      <trkpt lat="68.98258" lon="20.41972">
        <time>2026-04-09T08:14:00Z</time>
      </trkpt>
      <trkpt lat="68.98279" lon="20.42195">
        <time>2026-04-09T08:24:00Z</time>
      </trkpt>
      <trkpt lat="68.98627" lon="20.4363">
        <time>2026-04-09T08:34:00Z</time>
      </trkpt>
      <trkpt lat="68.98988" lon="20.44315">
        <time>2026-04-09T08:44:00Z</time>
      </trkpt>
      <trkpt lat="68.99258" lon="20.4495">
        <time>2026-04-09T08:54:00Z</time>
      </trkpt>
      <trkpt lat="68.99471" lon="20.45798">
        <time>2026-04-09T09:04:00Z</time>
      </trkpt>
      <trkpt lat="69.00062" lon="20.4681">
        <time>2026-04-09T09:14:00Z</time>
      </trkpt>
      <trkpt lat="69.00271" lon="20.47516">
        <time>2026-04-09T09:24:00Z</time>
      </trkpt>
      <trkpt lat="69.00423" lon="20.47909">
        <time>2026-04-09T09:34:00Z</time>
      </trkpt>
      <trkpt lat="69.00421" lon="20.47911">
        <time>2026-04-09T09:44:00Z</time>
      </trkpt>
      <trkpt lat="69.0069" lon="20.48437">
        <time>2026-04-09T09:54:00Z</time>
      </trkpt>
      <trkpt lat="69.01264" lon="20.49267">
        <time>2026-04-09T10:04:00Z</time>
      </trkpt>
      <trkpt lat="69.0188" lon="20.50104">
        <time>2026-04-09T10:14:00Z</time>
      </trkpt>
      <trkpt lat="69.02368" lon="20.51162">
        <time>2026-04-09T10:24:00Z</time>
      </trkpt>
      <trkpt lat="69.02761" lon="20.51922">
        <time>2026-04-09T10:34:00Z</time>
      </trkpt>
      <trkpt lat="69.0418" lon="20.51422">
        <time>2026-04-09T10:44:00Z</time>
      </trkpt>
      <trkpt lat="69.04583" lon="20.51771">
        <time>2026-04-09T10:54:00Z</time>
      </trkpt>
      <trkpt lat="69.04948" lon="20.52435">
        <time>2026-04-09T11:04:00Z</time>
      </trkpt>
      <trkpt lat="69.05636" lon="20.53499">
        <time>2026-04-09T11:14:00Z</time>
      </trkpt>
      <trkpt lat="69.0599" lon="20.54859">
        <time>2026-04-09T11:24:00Z</time>
      </trkpt>
      <trkpt lat="69.05988" lon="20.54859">
        <time>2026-04-09T11:34:00Z</time>
      </trkpt>
      <trkpt lat="69.05987" lon="20.54861">
        <time>2026-04-09T11:36:00Z</time>
      </trkpt>
    </trkseg>
  </trk>
  <trk>
    <name>Abisko→finish · Björn Rudberg (traditional)</name>
    <trkseg>
      <trkpt lat="68.34944" lon="18.83028">
        <time>2026-04-10T13:56:00Z</time>
      </trkpt>
      <trkpt lat="68.34971" lon="18.82337">
        <time>2026-04-10T14:06:00Z</time>
      </trkpt>
      <trkpt lat="68.35099" lon="18.81895">
        <time>2026-04-10T14:16:00Z</time>
      </trkpt>
      <trkpt lat="68.35351" lon="18.81185">
        <time>2026-04-10T14:26:00Z</time>
      </trkpt>
      <trkpt lat="68.35659" lon="18.79793">
        <time>2026-04-10T14:36:00Z</time>
      </trkpt>
      <trkpt lat="68.35841" lon="18.78464">
        <time>2026-04-10T14:46:00Z</time>
      </trkpt>
      <trkpt lat="68.35838" lon="18.78355">
        <time>2026-04-10T14:47:00Z</time>
      </trkpt>
      <trkpt lat="68.35892" lon="18.78524">
        <time>2026-04-11T08:37:00Z</time>
      </trkpt>
      <trkpt lat="68.36116" lon="18.78634">
        <time>2026-04-11T08:47:00Z</time>
      </trkpt>
      <trkpt lat="68.36176" lon="18.80086">
        <time>2026-04-11T08:57:00Z</time>
      </trkpt>
      <trkpt lat="68.36251" lon="18.80434">
        <time>2026-04-11T09:07:00Z</time>
      </trkpt>
      <trkpt lat="68.3621" lon="18.82112">
        <time>2026-04-11T09:17:00Z</time>
      </trkpt>
      <trkpt lat="68.36206" lon="18.83161">
        <time>2026-04-11T09:27:00Z</time>
      </trkpt>
      <trkpt lat="68.3632" lon="18.84513">
        <time>2026-04-11T09:37:00Z</time>
      </trkpt>
      <trkpt lat="68.36495" lon="18.86867">
        <time>2026-04-11T09:47:00Z</time>
      </trkpt>
      <trkpt lat="68.36619" lon="18.88751">
        <time>2026-04-11T09:57:00Z</time>
      </trkpt>
      <trkpt lat="68.36689" lon="18.90768">
        <time>2026-04-11T10:07:00Z</time>
      </trkpt>
      <trkpt lat="68.36792" lon="18.93017">
        <time>2026-04-11T10:17:00Z</time>
      </trkpt>
      <trkpt lat="68.36792" lon="18.95008">
        <time>2026-04-11T10:27:00Z</time>
      </trkpt>
      <trkpt lat="68.36822" lon="18.96768">
        <time>2026-04-11T10:37:00Z</time>
      </trkpt>
      <trkpt lat="68.3686" lon="18.99023">
        <time>2026-04-11T10:47:00Z</time>
      </trkpt>
      <trkpt lat="68.36904" lon="19.01021">
        <time>2026-04-11T10:57:00Z</time>
      </trkpt>
      <trkpt lat="68.3692" lon="19.0216">
        <time>2026-04-11T11:07:00Z</time>
      </trkpt>
      <trkpt lat="68.36922" lon="19.02164">
        <time>2026-04-11T11:17:00Z</time>
      </trkpt>
      <trkpt lat="68.3691" lon="19.02911">
        <time>2026-04-11T11:32:00Z</time>
      </trkpt>
      <trkpt lat="68.36975" lon="19.05218">
        <time>2026-04-11T11:42:00Z</time>
      </trkpt>
      <trkpt lat="68.37021" lon="19.07441">
        <time>2026-04-11T11:52:00Z</time>
      </trkpt>
      <trkpt lat="68.3683" lon="19.09659">
        <time>2026-04-11T12:02:00Z</time>
      </trkpt>
      <trkpt lat="68.36474" lon="19.11801">
        <time>2026-04-11T12:12:00Z</time>
      </trkpt>
      <trkpt lat="68.361" lon="19.13889">
        <time>2026-04-11T12:22:00Z</time>
      </trkpt>
      <trkpt lat="68.35797" lon="19.1576">
        <time>2026-04-11T12:32:00Z</time>
      </trkpt>
      <trkpt lat="68.35746" lon="19.15985">
        <time>2026-04-11T12:42:00Z</time>
      </trkpt>
      <trkpt lat="68.35391" lon="19.18191">
        <time>2026-04-11T12:52:00Z</time>
      </trkpt>
      <trkpt lat="68.35078" lon="19.20296">
        <time>2026-04-11T13:02:00Z</time>
      </trkpt>
      <trkpt lat="68.3493" lon="19.21714">
        <time>2026-04-11T13:12:00Z</time>
      </trkpt>
      <trkpt lat="68.34584" lon="19.23759">
        <time>2026-04-11T13:22:00Z</time>
      </trkpt>
      <trkpt lat="68.34249" lon="19.25791">
        <time>2026-04-11T13:32:00Z</time>
      </trkpt>
      <trkpt lat="68.33928" lon="19.27909">
        <time>2026-04-11T13:42:00Z</time>
      </trkpt>
      <trkpt lat="68.33833" lon="19.28821">
        <time>2026-04-11T13:52:00Z</time>
      </trkpt>
      <trkpt lat="68.33835" lon="19.28821">
        <time>2026-04-11T14:02:00Z</time>
      </trkpt>
      <trkpt lat="68.33636" lon="19.29806">
        <time>2026-04-11T14:32:00Z</time>
      </trkpt>
      <trkpt lat="68.3333" lon="19.3193">
        <time>2026-04-11T14:42:00Z</time>
      </trkpt>
      <trkpt lat="68.33054" lon="19.33999">
        <time>2026-04-11T14:52:00Z</time>
      </trkpt>
      <trkpt lat="68.32758" lon="19.3605">
        <time>2026-04-11T15:02:00Z</time>
      </trkpt>
      <trkpt lat="68.32459" lon="19.38119">
        <time>2026-04-11T15:12:00Z</time>
      </trkpt>
      <trkpt lat="68.32157" lon="19.40172">
        <time>2026-04-11T15:22:00Z</time>
      </trkpt>
      <trkpt lat="68.31954" lon="19.41659">
        <time>2026-04-11T15:32:00Z</time>
      </trkpt>
      <trkpt lat="68.3164" lon="19.43893">
        <time>2026-04-11T15:42:00Z</time>
      </trkpt>
      <trkpt lat="68.31349" lon="19.46073">
        <time>2026-04-11T15:52:00Z</time>
      </trkpt>
      <trkpt lat="68.31082" lon="19.48247">
        <time>2026-04-11T16:02:00Z</time>
      </trkpt>
      <trkpt lat="68.30855" lon="19.50202">
        <time>2026-04-11T16:12:00Z</time>
      </trkpt>
      <trkpt lat="68.30765" lon="19.50751">
        <time>2026-04-11T16:22:00Z</time>
      </trkpt>
      <trkpt lat="68.30473" lon="19.52931">
        <time>2026-04-11T16:32:00Z</time>
      </trkpt>
      <trkpt lat="68.30173" lon="19.55017">
        <time>2026-04-11T16:42:00Z</time>
      </trkpt>
      <trkpt lat="68.30141" lon="19.57122">
        <time>2026-04-11T16:52:00Z</time>
      </trkpt>
      <trkpt lat="68.30275" lon="19.57832">
        <time>2026-04-11T17:02:00Z</time>
      </trkpt>
      <trkpt lat="68.30274" lon="19.57823">
        <time>2026-04-11T17:03:00Z</time>
      </trkpt>
      <trkpt lat="68.30279" lon="19.57823">
        <time>2026-04-12T07:37:00Z</time>
      </trkpt>
      <trkpt lat="68.30087" lon="19.59626">
        <time>2026-04-12T07:47:00Z</time>
      </trkpt>
      <trkpt lat="68.30142" lon="19.6193">
        <time>2026-04-12T07:57:00Z</time>
      </trkpt>
      <trkpt lat="68.30232" lon="19.64308">
        <time>2026-04-12T08:07:00Z</time>
      </trkpt>
      <trkpt lat="68.30298" lon="19.66642">
        <time>2026-04-12T08:17:00Z</time>
      </trkpt>
      <trkpt lat="68.30326" lon="19.67743">
        <time>2026-04-12T08:27:00Z</time>
      </trkpt>
      <trkpt lat="68.30378" lon="19.69878">
        <time>2026-04-12T08:37:00Z</time>
      </trkpt>
      <trkpt lat="68.30442" lon="19.72084">
        <time>2026-04-12T08:47:00Z</time>
      </trkpt>
      <trkpt lat="68.30527" lon="19.74277">
        <time>2026-04-12T08:57:00Z</time>
      </trkpt>
      <trkpt lat="68.30706" lon="19.7653">
        <time>2026-04-12T09:07:00Z</time>
      </trkpt>
      <trkpt lat="68.30787" lon="19.77225">
        <time>2026-04-12T09:17:00Z</time>
      </trkpt>
      <trkpt lat="68.31124" lon="19.7912">
        <time>2026-04-12T09:27:00Z</time>
      </trkpt>
      <trkpt lat="68.31349" lon="19.80435">
        <time>2026-04-12T09:38:00Z</time>
      </trkpt>
      <trkpt lat="68.31556" lon="19.82126">
        <time>2026-04-12T09:48:00Z</time>
      </trkpt>
      <trkpt lat="68.31464" lon="19.83682">
        <time>2026-04-12T09:58:00Z</time>
      </trkpt>
      <trkpt lat="68.30962" lon="19.85212">
        <time>2026-04-12T10:08:00Z</time>
      </trkpt>
      <trkpt lat="68.30741" lon="19.85493">
        <time>2026-04-12T10:18:00Z</time>
      </trkpt>
      <trkpt lat="68.30741" lon="19.85497">
        <time>2026-04-12T10:28:00Z</time>
      </trkpt>
      <trkpt lat="68.30492" lon="19.8551">
        <time>2026-04-12T10:58:00Z</time>
      </trkpt>
      <trkpt lat="68.29904" lon="19.86506">
        <time>2026-04-12T11:08:00Z</time>
      </trkpt>
      <trkpt lat="68.29513" lon="19.87675">
        <time>2026-04-12T11:18:00Z</time>
      </trkpt>
      <trkpt lat="68.29183" lon="19.89194">
        <time>2026-04-12T11:28:00Z</time>
      </trkpt>
      <trkpt lat="68.28995" lon="19.89688">
        <time>2026-04-12T11:38:00Z</time>
      </trkpt>
      <trkpt lat="68.29564" lon="19.90398">
        <time>2026-04-12T11:48:00Z</time>
      </trkpt>
      <trkpt lat="68.29888" lon="19.90832">
        <time>2026-04-12T11:58:00Z</time>
      </trkpt>
      <trkpt lat="68.30405" lon="19.92568">
        <time>2026-04-12T12:08:00Z</time>
      </trkpt>
      <trkpt lat="68.30734" lon="19.93636">
        <time>2026-04-12T12:18:00Z</time>
      </trkpt>
      <trkpt lat="68.31582" lon="19.93883">
        <time>2026-04-12T12:28:00Z</time>
      </trkpt>
      <trkpt lat="68.31911" lon="19.94183">
        <time>2026-04-12T12:38:00Z</time>
      </trkpt>
      <trkpt lat="68.32324" lon="19.9478">
        <time>2026-04-12T12:48:00Z</time>
      </trkpt>
      <trkpt lat="68.32812" lon="19.95213">
        <time>2026-04-12T12:58:00Z</time>
      </trkpt>
      <trkpt lat="68.33288" lon="19.95683">
        <time>2026-04-12T13:08:00Z</time>
      </trkpt>
      <trkpt lat="68.3368" lon="19.9616">
        <time>2026-04-12T13:18:00Z</time>
      </trkpt>
      <trkpt lat="68.34076" lon="19.96282">
        <time>2026-04-12T13:28:00Z</time>
      </trkpt>
      <trkpt lat="68.34075" lon="19.9628">
        <time>2026-04-12T13:38:00Z</time>
      </trkpt>
      <trkpt lat="68.34326" lon="19.96539">
        <time>2026-04-12T14:13:00Z</time>
      </trkpt>
      <trkpt lat="68.35008" lon="19.97591">
        <time>2026-04-12T14:23:00Z</time>
      </trkpt>
      <trkpt lat="68.35376" lon="19.99159">
        <time>2026-04-12T14:34:00Z</time>
      </trkpt>
      <trkpt lat="68.35773" lon="20.00724">
        <time>2026-04-12T14:44:00Z</time>
      </trkpt>
      <trkpt lat="68.35965" lon="20.01822">
        <time>2026-04-12T14:54:00Z</time>
      </trkpt>
      <trkpt lat="68.36443" lon="20.02704">
        <time>2026-04-12T15:04:00Z</time>
      </trkpt>
      <trkpt lat="68.36741" lon="20.04043">
        <time>2026-04-12T15:14:00Z</time>
      </trkpt>
      <trkpt lat="68.36889" lon="20.04979">
        <time>2026-04-12T15:24:00Z</time>
      </trkpt>
      <trkpt lat="68.37286" lon="20.0624">
        <time>2026-04-12T15:34:00Z</time>
      </trkpt>
      <trkpt lat="68.37387" lon="20.07356">
        <time>2026-04-12T15:44:00Z</time>
      </trkpt>
      <trkpt lat="68.37925" lon="20.07768">
        <time>2026-04-12T15:54:00Z</time>
      </trkpt>
      <trkpt lat="68.38039" lon="20.07689">
        <time>2026-04-12T16:04:00Z</time>
      </trkpt>
      <trkpt lat="68.38039" lon="20.07695">
        <time>2026-04-12T16:14:00Z</time>
      </trkpt>
      <trkpt lat="68.38176" lon="20.07423">
        <time>2026-04-12T16:24:00Z</time>
      </trkpt>
      <trkpt lat="68.3883" lon="20.06921">
        <time>2026-04-12T16:34:00Z</time>
      </trkpt>
      <trkpt lat="68.39446" lon="20.06155">
        <time>2026-04-12T16:44:00Z</time>
      </trkpt>
      <trkpt lat="68.39936" lon="20.06541">
        <time>2026-04-12T16:54:00Z</time>
      </trkpt>
      <trkpt lat="68.4036" lon="20.06914">
        <time>2026-04-12T17:04:00Z</time>
      </trkpt>
      <trkpt lat="68.40901" lon="20.07779">
        <time>2026-04-12T17:14:00Z</time>
      </trkpt>
      <trkpt lat="68.41146" lon="20.08079">
        <time>2026-04-12T17:25:00Z</time>
      </trkpt>
      <trkpt lat="68.41212" lon="20.08148">
        <time>2026-04-12T17:35:00Z</time>
      </trkpt>
      <trkpt lat="68.41609" lon="20.0912">
        <time>2026-04-12T17:45:00Z</time>
      </trkpt>
      <trkpt lat="68.41971" lon="20.10545">
        <time>2026-04-12T17:55:00Z</time>
      </trkpt>
      <trkpt lat="68.42102" lon="20.12345">
        <time>2026-04-12T18:05:00Z</time>
      </trkpt>
      <trkpt lat="68.42235" lon="20.1395">
        <time>2026-04-12T18:15:00Z</time>
      </trkpt>
      <trkpt lat="68.42301" lon="20.15433">
        <time>2026-04-12T18:25:00Z</time>
      </trkpt>
      <trkpt lat="68.42781" lon="20.16053">
        <time>2026-04-12T18:35:00Z</time>
      </trkpt>
      <trkpt lat="68.43697" lon="20.18167">
        <time>2026-04-12T18:45:00Z</time>
      </trkpt>
      <trkpt lat="68.44267" lon="20.1898">
        <time>2026-04-12T18:55:00Z</time>
      </trkpt>
      <trkpt lat="68.4427" lon="20.18988">
        <time>2026-04-12T18:58:00Z</time>
      </trkpt>
      <trkpt lat="68.4427" lon="20.18988">
        <time>2026-04-12T18:58:00Z</time>
      </trkpt>
      <trkpt lat="68.44263" lon="20.18967">
        <time>2026-04-13T07:42:00Z</time>
      </trkpt>
      <trkpt lat="68.44773" lon="20.19716">
        <time>2026-04-13T07:52:00Z</time>
      </trkpt>
      <trkpt lat="68.45396" lon="20.20456">
        <time>2026-04-13T08:02:00Z</time>
      </trkpt>
      <trkpt lat="68.45889" lon="20.2104">
        <time>2026-04-13T08:12:00Z</time>
      </trkpt>
      <trkpt lat="68.46532" lon="20.21821">
        <time>2026-04-13T08:22:00Z</time>
      </trkpt>
      <trkpt lat="68.47203" lon="20.22598">
        <time>2026-04-13T08:32:00Z</time>
      </trkpt>
      <trkpt lat="68.47531" lon="20.2299">
        <time>2026-04-13T08:42:00Z</time>
      </trkpt>
      <trkpt lat="68.47724" lon="20.23044">
        <time>2026-04-13T08:52:00Z</time>
      </trkpt>
      <trkpt lat="68.4826" lon="20.24213">
        <time>2026-04-13T09:02:00Z</time>
      </trkpt>
      <trkpt lat="68.48691" lon="20.25379">
        <time>2026-04-13T09:12:00Z</time>
      </trkpt>
      <trkpt lat="68.49117" lon="20.26893">
        <time>2026-04-13T09:22:00Z</time>
      </trkpt>
      <trkpt lat="68.49737" lon="20.28207">
        <time>2026-04-13T09:32:00Z</time>
      </trkpt>
      <trkpt lat="68.5032" lon="20.29125">
        <time>2026-04-13T09:42:00Z</time>
      </trkpt>
      <trkpt lat="68.51132" lon="20.29116">
        <time>2026-04-13T09:52:00Z</time>
      </trkpt>
      <trkpt lat="68.5164" lon="20.29468">
        <time>2026-04-13T10:03:00Z</time>
      </trkpt>
      <trkpt lat="68.52318" lon="20.29434">
        <time>2026-04-13T10:13:00Z</time>
      </trkpt>
      <trkpt lat="68.52317" lon="20.29434">
        <time>2026-04-13T10:23:00Z</time>
      </trkpt>
      <trkpt lat="68.52434" lon="20.29393">
        <time>2026-04-13T10:43:00Z</time>
      </trkpt>
      <trkpt lat="68.52875" lon="20.2934">
        <time>2026-04-13T10:53:00Z</time>
      </trkpt>
      <trkpt lat="68.53539" lon="20.2926">
        <time>2026-04-13T11:03:00Z</time>
      </trkpt>
      <trkpt lat="68.54266" lon="20.29455">
        <time>2026-04-13T11:13:00Z</time>
      </trkpt>
      <trkpt lat="68.5496" lon="20.30573">
        <time>2026-04-13T11:23:00Z</time>
      </trkpt>
      <trkpt lat="68.55417" lon="20.32026">
        <time>2026-04-13T11:33:00Z</time>
      </trkpt>
      <trkpt lat="68.55726" lon="20.32344">
        <time>2026-04-13T11:43:00Z</time>
      </trkpt>
      <trkpt lat="68.56224" lon="20.33676">
        <time>2026-04-13T11:53:00Z</time>
      </trkpt>
      <trkpt lat="68.56384" lon="20.33957">
        <time>2026-04-13T12:03:00Z</time>
      </trkpt>
      <trkpt lat="68.56946" lon="20.35466">
        <time>2026-04-13T12:13:00Z</time>
      </trkpt>
      <trkpt lat="68.57329" lon="20.35882">
        <time>2026-04-13T12:23:00Z</time>
      </trkpt>
      <trkpt lat="68.57174" lon="20.35627">
        <time>2026-04-13T12:33:00Z</time>
      </trkpt>
      <trkpt lat="68.57179" lon="20.35627">
        <time>2026-04-13T12:43:00Z</time>
      </trkpt>
      <trkpt lat="68.57173" lon="20.35618">
        <time>2026-04-13T13:02:00Z</time>
      </trkpt>
      <trkpt lat="68.57158" lon="20.35607">
        <time>2026-04-14T07:46:00Z</time>
      </trkpt>
      <trkpt lat="68.57628" lon="20.36674">
        <time>2026-04-14T07:56:00Z</time>
      </trkpt>
      <trkpt lat="68.57979" lon="20.38161">
        <time>2026-04-14T08:06:00Z</time>
      </trkpt>
      <trkpt lat="68.58445" lon="20.39573">
        <time>2026-04-14T08:16:00Z</time>
      </trkpt>
      <trkpt lat="68.58878" lon="20.40292">
        <time>2026-04-14T08:26:00Z</time>
      </trkpt>
      <trkpt lat="68.59452" lon="20.41405">
        <time>2026-04-14T08:36:00Z</time>
      </trkpt>
      <trkpt lat="68.5994" lon="20.41834">
        <time>2026-04-14T08:46:00Z</time>
      </trkpt>
      <trkpt lat="68.60321" lon="20.41502">
        <time>2026-04-14T08:56:00Z</time>
      </trkpt>
      <trkpt lat="68.60772" lon="20.41189">
        <time>2026-04-14T09:06:00Z</time>
      </trkpt>
      <trkpt lat="68.60905" lon="20.41244">
        <time>2026-04-14T09:16:00Z</time>
      </trkpt>
      <trkpt lat="68.61513" lon="20.42017">
        <time>2026-04-14T09:26:00Z</time>
      </trkpt>
      <trkpt lat="68.62153" lon="20.42257">
        <time>2026-04-14T09:36:00Z</time>
      </trkpt>
      <trkpt lat="68.62954" lon="20.43015">
        <time>2026-04-14T09:46:00Z</time>
      </trkpt>
      <trkpt lat="68.63512" lon="20.43321">
        <time>2026-04-14T09:56:00Z</time>
      </trkpt>
      <trkpt lat="68.6429" lon="20.43482">
        <time>2026-04-14T10:06:00Z</time>
      </trkpt>
      <trkpt lat="68.64906" lon="20.44156">
        <time>2026-04-14T10:16:00Z</time>
      </trkpt>
      <trkpt lat="68.64905" lon="20.44158">
        <time>2026-04-14T10:26:00Z</time>
      </trkpt>
      <trkpt lat="68.6499" lon="20.44296">
        <time>2026-04-14T10:56:00Z</time>
      </trkpt>
      <trkpt lat="68.65588" lon="20.45062">
        <time>2026-04-14T11:06:00Z</time>
      </trkpt>
      <trkpt lat="68.66177" lon="20.45776">
        <time>2026-04-14T11:16:00Z</time>
      </trkpt>
      <trkpt lat="68.66932" lon="20.46579">
        <time>2026-04-14T11:26:00Z</time>
      </trkpt>
      <trkpt lat="68.67435" lon="20.46843">
        <time>2026-04-14T11:36:00Z</time>
      </trkpt>
      <trkpt lat="68.68178" lon="20.46547">
        <time>2026-04-14T11:46:00Z</time>
      </trkpt>
      <trkpt lat="68.688" lon="20.46512">
        <time>2026-04-14T11:56:00Z</time>
      </trkpt>
      <trkpt lat="68.69128" lon="20.46366">
        <time>2026-04-14T12:06:00Z</time>
      </trkpt>
      <trkpt lat="68.69878" lon="20.45997">
        <time>2026-04-14T12:16:00Z</time>
      </trkpt>
      <trkpt lat="68.70393" lon="20.4571">
        <time>2026-04-14T12:26:00Z</time>
      </trkpt>
      <trkpt lat="68.7109" lon="20.45141">
        <time>2026-04-14T12:36:00Z</time>
      </trkpt>
      <trkpt lat="68.71799" lon="20.44626">
        <time>2026-04-14T12:46:00Z</time>
      </trkpt>
      <trkpt lat="68.72269" lon="20.44349">
        <time>2026-04-14T12:56:00Z</time>
      </trkpt>
      <trkpt lat="68.72912" lon="20.43916">
        <time>2026-04-14T13:06:00Z</time>
      </trkpt>
      <trkpt lat="68.73601" lon="20.43566">
        <time>2026-04-14T13:16:00Z</time>
      </trkpt>
      <trkpt lat="68.74085" lon="20.43364">
        <time>2026-04-14T13:26:00Z</time>
      </trkpt>
      <trkpt lat="68.74084" lon="20.43366">
        <time>2026-04-14T13:36:00Z</time>
      </trkpt>
      <trkpt lat="68.74506" lon="20.4321">
        <time>2026-04-14T14:06:00Z</time>
      </trkpt>
      <trkpt lat="68.75224" lon="20.42712">
        <time>2026-04-14T14:16:00Z</time>
      </trkpt>
      <trkpt lat="68.75586" lon="20.42004">
        <time>2026-04-14T14:26:00Z</time>
      </trkpt>
      <trkpt lat="68.76194" lon="20.40716">
        <time>2026-04-14T14:36:00Z</time>
      </trkpt>
      <trkpt lat="68.76528" lon="20.40064">
        <time>2026-04-14T14:46:00Z</time>
      </trkpt>
      <trkpt lat="68.76938" lon="20.39217">
        <time>2026-04-14T14:56:00Z</time>
      </trkpt>
      <trkpt lat="68.77496" lon="20.37953">
        <time>2026-04-14T15:06:00Z</time>
      </trkpt>
      <trkpt lat="68.77908" lon="20.37084">
        <time>2026-04-14T15:16:00Z</time>
      </trkpt>
      <trkpt lat="68.78474" lon="20.35861">
        <time>2026-04-14T15:26:00Z</time>
      </trkpt>
      <trkpt lat="68.78783" lon="20.35206">
        <time>2026-04-14T15:36:00Z</time>
      </trkpt>
      <trkpt lat="68.78783" lon="20.35206">
        <time>2026-04-14T15:46:00Z</time>
      </trkpt>
      <trkpt lat="68.79079" lon="20.34674">
        <time>2026-04-14T16:06:00Z</time>
      </trkpt>
      <trkpt lat="68.79624" lon="20.33399">
        <time>2026-04-14T16:16:00Z</time>
      </trkpt>
      <trkpt lat="68.80257" lon="20.32065">
        <time>2026-04-14T16:26:00Z</time>
      </trkpt>
      <trkpt lat="68.80836" lon="20.30758">
        <time>2026-04-14T16:36:00Z</time>
      </trkpt>
      <trkpt lat="68.8115" lon="20.30292">
        <time>2026-04-14T16:46:00Z</time>
      </trkpt>
      <trkpt lat="68.81927" lon="20.29344">
        <time>2026-04-14T16:56:00Z</time>
      </trkpt>
      <trkpt lat="68.8267" lon="20.28565">
        <time>2026-04-14T17:06:00Z</time>
      </trkpt>
      <trkpt lat="68.82889" lon="20.28333">
        <time>2026-04-14T17:11:00Z</time>
      </trkpt>
      <trkpt lat="68.82897" lon="20.2834">
        <time>2026-04-14T17:11:00Z</time>
      </trkpt>
      <trkpt lat="68.82892" lon="20.28348">
        <time>2026-04-15T07:37:00Z</time>
      </trkpt>
      <trkpt lat="68.83058" lon="20.2831">
        <time>2026-04-15T07:47:00Z</time>
      </trkpt>
      <trkpt lat="68.83789" lon="20.28363">
        <time>2026-04-15T07:57:00Z</time>
      </trkpt>
      <trkpt lat="68.84386" lon="20.28353">
        <time>2026-04-15T08:07:00Z</time>
      </trkpt>
      <trkpt lat="68.85053" lon="20.2852">
        <time>2026-04-15T08:17:00Z</time>
      </trkpt>
      <trkpt lat="68.85753" lon="20.2867">
        <time>2026-04-15T08:27:00Z</time>
      </trkpt>
      <trkpt lat="68.86434" lon="20.28372">
        <time>2026-04-15T08:37:00Z</time>
      </trkpt>
      <trkpt lat="68.87097" lon="20.2825">
        <time>2026-04-15T08:47:00Z</time>
      </trkpt>
      <trkpt lat="68.87776" lon="20.27923">
        <time>2026-04-15T08:57:00Z</time>
      </trkpt>
      <trkpt lat="68.88352" lon="20.27419">
        <time>2026-04-15T09:07:00Z</time>
      </trkpt>
      <trkpt lat="68.88976" lon="20.27413">
        <time>2026-04-15T09:17:00Z</time>
      </trkpt>
      <trkpt lat="68.89673" lon="20.28166">
        <time>2026-04-15T09:27:00Z</time>
      </trkpt>
      <trkpt lat="68.90365" lon="20.28979">
        <time>2026-04-15T09:37:00Z</time>
      </trkpt>
      <trkpt lat="68.9085" lon="20.29651">
        <time>2026-04-15T09:48:00Z</time>
      </trkpt>
      <trkpt lat="68.91265" lon="20.29732">
        <time>2026-04-15T09:58:00Z</time>
      </trkpt>
      <trkpt lat="68.91584" lon="20.29741">
        <time>2026-04-15T10:08:00Z</time>
      </trkpt>
      <trkpt lat="68.91585" lon="20.29741">
        <time>2026-04-15T10:18:00Z</time>
      </trkpt>
      <trkpt lat="68.91657" lon="20.29891">
        <time>2026-04-15T10:38:00Z</time>
      </trkpt>
      <trkpt lat="68.92385" lon="20.30567">
        <time>2026-04-15T10:48:00Z</time>
      </trkpt>
      <trkpt lat="68.92901" lon="20.31462">
        <time>2026-04-15T10:58:00Z</time>
      </trkpt>
      <trkpt lat="68.93401" lon="20.32668">
        <time>2026-04-15T11:08:00Z</time>
      </trkpt>
      <trkpt lat="68.93594" lon="20.33715">
        <time>2026-04-15T11:18:00Z</time>
      </trkpt>
      <trkpt lat="68.93892" lon="20.35292">
        <time>2026-04-15T11:28:00Z</time>
      </trkpt>
      <trkpt lat="68.93962" lon="20.36775">
        <time>2026-04-15T11:38:00Z</time>
      </trkpt>
      <trkpt lat="68.94349" lon="20.3638">
        <time>2026-04-15T11:48:00Z</time>
      </trkpt>
      <trkpt lat="68.94894" lon="20.35835">
        <time>2026-04-15T11:58:00Z</time>
      </trkpt>
      <trkpt lat="68.95497" lon="20.35886">
        <time>2026-04-15T12:08:00Z</time>
      </trkpt>
      <trkpt lat="68.96665" lon="20.35397">
        <time>2026-04-15T12:18:00Z</time>
      </trkpt>
      <trkpt lat="68.9726" lon="20.35957">
        <time>2026-04-15T12:28:00Z</time>
      </trkpt>
      <trkpt lat="68.97415" lon="20.36867">
        <time>2026-04-15T12:38:00Z</time>
      </trkpt>
      <trkpt lat="68.97402" lon="20.36861">
        <time>2026-04-15T12:47:00Z</time>
      </trkpt>
      <trkpt lat="68.97414" lon="20.36869">
        <time>2026-04-15T13:41:00Z</time>
      </trkpt>
      <trkpt lat="68.97428" lon="20.36876">
        <time>2026-04-15T13:51:00Z</time>
      </trkpt>
      <trkpt lat="68.97926" lon="20.36944">
        <time>2026-04-15T14:01:00Z</time>
      </trkpt>
      <trkpt lat="68.98001" lon="20.38212">
        <time>2026-04-15T14:11:00Z</time>
      </trkpt>
      <trkpt lat="68.98161" lon="20.39332">
        <time>2026-04-15T14:21:00Z</time>
      </trkpt>
      <trkpt lat="68.98134" lon="20.40652">
        <time>2026-04-15T14:31:00Z</time>
      </trkpt>
      <trkpt lat="68.98236" lon="20.41611">
        <time>2026-04-15T14:41:00Z</time>
      </trkpt>
      <trkpt lat="68.98333" lon="20.42502">
        <time>2026-04-15T14:51:00Z</time>
      </trkpt>
      <trkpt lat="68.98767" lon="20.43961">
        <time>2026-04-15T15:01:00Z</time>
      </trkpt>
      <trkpt lat="68.99084" lon="20.44459">
        <time>2026-04-15T15:11:00Z</time>
      </trkpt>
      <trkpt lat="68.99286" lon="20.45027">
        <time>2026-04-15T15:21:00Z</time>
      </trkpt>
      <trkpt lat="68.99802" lon="20.46302">
        <time>2026-04-15T15:31:00Z</time>
      </trkpt>
      <trkpt lat="69.00207" lon="20.47343">
        <time>2026-04-15T15:41:00Z</time>
      </trkpt>
      <trkpt lat="69.00397" lon="20.47855">
        <time>2026-04-15T15:51:00Z</time>
      </trkpt>
      <trkpt lat="69.00929" lon="20.48823">
        <time>2026-04-15T16:01:00Z</time>
      </trkpt>
      <trkpt lat="69.01578" lon="20.49542">
        <time>2026-04-15T16:11:00Z</time>
      </trkpt>
      <trkpt lat="69.02189" lon="20.50763">
        <time>2026-04-15T16:21:00Z</time>
      </trkpt>
      <trkpt lat="69.02888" lon="20.51874">
        <time>2026-04-15T16:31:00Z</time>
      </trkpt>
      <trkpt lat="69.03808" lon="20.51501">
        <time>2026-04-15T16:41:00Z</time>
      </trkpt>
      <trkpt lat="69.04428" lon="20.5152">
        <time>2026-04-15T16:51:00Z</time>
      </trkpt>
      <trkpt lat="69.04945" lon="20.52428">
        <time>2026-04-15T17:01:00Z</time>
      </trkpt>
      <trkpt lat="69.05371" lon="20.52722">
        <time>2026-04-15T17:11:00Z</time>
      </trkpt>
      <trkpt lat="69.05686" lon="20.53677">
        <time>2026-04-15T17:21:00Z</time>
      </trkpt>
      <trkpt lat="69.05986" lon="20.54861">
        <time>2026-04-15T17:31:00Z</time>
      </trkpt>
    </trkseg>
  </trk>
  <trk>
    <name>Abisko→finish · Noah Lund Bovin (traditional)</name>
    <trkseg>
      <trkpt lat="68.36176" lon="18.81749">
        <time>2026-04-10T08:11:00Z</time>
      </trkpt>
      <trkpt lat="68.36288" lon="18.83912">
        <time>2026-04-10T08:21:00Z</time>
      </trkpt>
      <trkpt lat="68.36403" lon="18.85569">
        <time>2026-04-10T08:31:00Z</time>
      </trkpt>
      <trkpt lat="68.36539" lon="18.87629">
        <time>2026-04-10T08:41:00Z</time>
      </trkpt>
      <trkpt lat="68.36758" lon="18.89279">
        <time>2026-04-10T08:51:00Z</time>
      </trkpt>
      <trkpt lat="68.3698" lon="18.91285">
        <time>2026-04-10T09:01:00Z</time>
      </trkpt>
      <trkpt lat="68.37062" lon="18.92727">
        <time>2026-04-10T09:11:00Z</time>
      </trkpt>
      <trkpt lat="68.37053" lon="18.94579">
        <time>2026-04-10T09:21:00Z</time>
      </trkpt>
      <trkpt lat="68.37073" lon="18.96678">
        <time>2026-04-10T09:31:00Z</time>
      </trkpt>
      <trkpt lat="68.37087" lon="18.98695">
        <time>2026-04-10T09:41:00Z</time>
      </trkpt>
      <trkpt lat="68.37088" lon="18.99471">
        <time>2026-04-10T09:51:00Z</time>
      </trkpt>
      <trkpt lat="68.37069" lon="19.01521">
        <time>2026-04-10T10:01:00Z</time>
      </trkpt>
      <trkpt lat="68.37029" lon="19.03606">
        <time>2026-04-10T10:11:00Z</time>
      </trkpt>
      <trkpt lat="68.37021" lon="19.05701">
        <time>2026-04-10T10:21:00Z</time>
      </trkpt>
      <trkpt lat="68.37002" lon="19.07831">
        <time>2026-04-10T10:31:00Z</time>
      </trkpt>
      <trkpt lat="68.36899" lon="19.08915">
        <time>2026-04-10T10:41:00Z</time>
      </trkpt>
      <trkpt lat="68.36709" lon="19.10305">
        <time>2026-04-10T10:51:00Z</time>
      </trkpt>
      <trkpt lat="68.36431" lon="19.12125">
        <time>2026-04-10T11:01:00Z</time>
      </trkpt>
      <trkpt lat="68.36121" lon="19.14103">
        <time>2026-04-10T11:11:00Z</time>
      </trkpt>
      <trkpt lat="68.35801" lon="19.16103">
        <time>2026-04-10T11:21:00Z</time>
      </trkpt>
      <trkpt lat="68.35563" lon="19.17631">
        <time>2026-04-10T11:31:00Z</time>
      </trkpt>
      <trkpt lat="68.35279" lon="19.19601">
        <time>2026-04-10T11:41:00Z</time>
      </trkpt>
      <trkpt lat="68.3497" lon="19.21515">
        <time>2026-04-10T11:51:00Z</time>
      </trkpt>
      <trkpt lat="68.34874" lon="19.22075">
        <time>2026-04-10T12:01:00Z</time>
      </trkpt>
      <trkpt lat="68.34592" lon="19.24015">
        <time>2026-04-10T12:11:00Z</time>
      </trkpt>
      <trkpt lat="68.34346" lon="19.25993">
        <time>2026-04-10T12:21:00Z</time>
      </trkpt>
      <trkpt lat="68.34081" lon="19.27965">
        <time>2026-04-10T12:31:00Z</time>
      </trkpt>
      <trkpt lat="68.33845" lon="19.29684">
        <time>2026-04-10T12:41:00Z</time>
      </trkpt>
      <trkpt lat="68.33593" lon="19.31364">
        <time>2026-04-10T12:51:00Z</time>
      </trkpt>
      <trkpt lat="68.33393" lon="19.32669">
        <time>2026-04-10T13:01:00Z</time>
      </trkpt>
      <trkpt lat="68.33116" lon="19.34585">
        <time>2026-04-10T13:11:00Z</time>
      </trkpt>
      <trkpt lat="68.32841" lon="19.36417">
        <time>2026-04-10T13:21:00Z</time>
      </trkpt>
      <trkpt lat="68.32569" lon="19.38293">
        <time>2026-04-10T13:31:00Z</time>
      </trkpt>
      <trkpt lat="68.3234" lon="19.39788">
        <time>2026-04-10T13:41:00Z</time>
      </trkpt>
      <trkpt lat="68.32342" lon="19.39784">
        <time>2026-04-10T13:51:00Z</time>
      </trkpt>
      <trkpt lat="68.32197" lon="19.40569">
        <time>2026-04-10T14:11:00Z</time>
      </trkpt>
      <trkpt lat="68.31928" lon="19.42039">
        <time>2026-04-10T14:21:00Z</time>
      </trkpt>
      <trkpt lat="68.31654" lon="19.43887">
        <time>2026-04-10T14:31:00Z</time>
      </trkpt>
      <trkpt lat="68.31412" lon="19.45631">
        <time>2026-04-10T14:41:00Z</time>
      </trkpt>
      <trkpt lat="68.31265" lon="19.46695">
        <time>2026-04-10T14:51:00Z</time>
      </trkpt>
      <trkpt lat="68.31" lon="19.48554">
        <time>2026-04-10T15:01:00Z</time>
      </trkpt>
      <trkpt lat="68.30783" lon="19.49983">
        <time>2026-04-10T15:11:00Z</time>
      </trkpt>
      <trkpt lat="68.3056" lon="19.51626">
        <time>2026-04-10T15:21:00Z</time>
      </trkpt>
      <trkpt lat="68.30341" lon="19.53397">
        <time>2026-04-10T15:31:00Z</time>
      </trkpt>
      <trkpt lat="68.30144" lon="19.5515">
        <time>2026-04-10T15:41:00Z</time>
      </trkpt>
      <trkpt lat="68.30089" lon="19.56459">
        <time>2026-04-10T15:51:00Z</time>
      </trkpt>
      <trkpt lat="68.30076" lon="19.58396">
        <time>2026-04-10T16:01:00Z</time>
      </trkpt>
      <trkpt lat="68.30095" lon="19.60463">
        <time>2026-04-10T16:11:00Z</time>
      </trkpt>
      <trkpt lat="68.3012" lon="19.61804">
        <time>2026-04-10T16:21:00Z</time>
      </trkpt>
      <trkpt lat="68.3017" lon="19.63872">
        <time>2026-04-10T16:31:00Z</time>
      </trkpt>
      <trkpt lat="68.30214" lon="19.65477">
        <time>2026-04-10T16:41:00Z</time>
      </trkpt>
      <trkpt lat="68.30213" lon="19.65471">
        <time>2026-04-10T16:51:00Z</time>
      </trkpt>
      <trkpt lat="68.3026" lon="19.67142">
        <time>2026-04-10T17:01:00Z</time>
      </trkpt>
      <trkpt lat="68.30289" lon="19.68368">
        <time>2026-04-10T17:11:00Z</time>
      </trkpt>
      <trkpt lat="68.30335" lon="19.70327">
        <time>2026-04-10T17:21:00Z</time>
      </trkpt>
      <trkpt lat="68.30414" lon="19.72333">
        <time>2026-04-10T17:31:00Z</time>
      </trkpt>
      <trkpt lat="68.30497" lon="19.74116">
        <time>2026-04-10T17:41:00Z</time>
      </trkpt>
      <trkpt lat="68.30645" lon="19.75985">
        <time>2026-04-10T17:51:00Z</time>
      </trkpt>
      <trkpt lat="68.30942" lon="19.77839">
        <time>2026-04-10T18:01:00Z</time>
      </trkpt>
      <trkpt lat="68.31332" lon="19.79521">
        <time>2026-04-10T18:11:00Z</time>
      </trkpt>
      <trkpt lat="68.31422" lon="19.81457">
        <time>2026-04-10T18:21:00Z</time>
      </trkpt>
      <trkpt lat="68.31454" lon="19.81972">
        <time>2026-04-10T18:31:00Z</time>
      </trkpt>
      <trkpt lat="68.31454" lon="19.81989">
        <time>2026-04-10T18:41:00Z</time>
      </trkpt>
      <trkpt lat="68.31455" lon="19.81995">
        <time>2026-04-10T19:23:00Z</time>
      </trkpt>
      <trkpt lat="68.31448" lon="19.81946">
        <time>2026-04-11T08:16:00Z</time>
      </trkpt>
      <trkpt lat="68.31463" lon="19.83622">
        <time>2026-04-11T08:26:00Z</time>
      </trkpt>
      <trkpt lat="68.31039" lon="19.84939">
        <time>2026-04-11T08:36:00Z</time>
      </trkpt>
      <trkpt lat="68.30468" lon="19.85478">
        <time>2026-04-11T08:46:00Z</time>
      </trkpt>
      <trkpt lat="68.29905" lon="19.86491">
        <time>2026-04-11T08:56:00Z</time>
      </trkpt>
      <trkpt lat="68.29906" lon="19.86491">
        <time>2026-04-11T09:06:00Z</time>
      </trkpt>
      <trkpt lat="68.29544" lon="19.87587">
        <time>2026-04-11T09:16:00Z</time>
      </trkpt>
      <trkpt lat="68.29253" lon="19.88542">
        <time>2026-04-11T09:26:00Z</time>
      </trkpt>
      <trkpt lat="68.29438" lon="19.89385">
        <time>2026-04-11T09:36:00Z</time>
      </trkpt>
      <trkpt lat="68.29771" lon="19.90576">
        <time>2026-04-11T09:46:00Z</time>
      </trkpt>
      <trkpt lat="68.29965" lon="19.91184">
        <time>2026-04-11T09:56:00Z</time>
      </trkpt>
      <trkpt lat="68.30292" lon="19.92098">
        <time>2026-04-11T10:06:00Z</time>
      </trkpt>
      <trkpt lat="68.30661" lon="19.93357">
        <time>2026-04-11T10:16:00Z</time>
      </trkpt>
      <trkpt lat="68.31102" lon="19.93572">
        <time>2026-04-11T10:26:00Z</time>
      </trkpt>
      <trkpt lat="68.31776" lon="19.93782">
        <time>2026-04-11T10:36:00Z</time>
      </trkpt>
      <trkpt lat="68.32223" lon="19.94632">
        <time>2026-04-11T10:46:00Z</time>
      </trkpt>
      <trkpt lat="68.3256" lon="19.95057">
        <time>2026-04-11T10:56:00Z</time>
      </trkpt>
      <trkpt lat="68.32942" lon="19.95224">
        <time>2026-04-11T11:06:00Z</time>
      </trkpt>
      <trkpt lat="68.3333" lon="19.95786">
        <time>2026-04-11T11:16:00Z</time>
      </trkpt>
      <trkpt lat="68.33619" lon="19.96117">
        <time>2026-04-11T11:26:00Z</time>
      </trkpt>
      <trkpt lat="68.34079" lon="19.96301">
        <time>2026-04-11T11:36:00Z</time>
      </trkpt>
      <trkpt lat="68.34416" lon="19.96578">
        <time>2026-04-11T11:46:00Z</time>
      </trkpt>
      <trkpt lat="68.34885" lon="19.9737">
        <time>2026-04-11T11:56:00Z</time>
      </trkpt>
      <trkpt lat="68.35322" lon="19.98782">
        <time>2026-04-11T12:06:00Z</time>
      </trkpt>
      <trkpt lat="68.35625" lon="20.00301">
        <time>2026-04-11T12:16:00Z</time>
      </trkpt>
      <trkpt lat="68.35928" lon="20.01462">
        <time>2026-04-11T12:26:00Z</time>
      </trkpt>
      <trkpt lat="68.36118" lon="20.02346">
        <time>2026-04-11T12:36:00Z</time>
      </trkpt>
      <trkpt lat="68.36513" lon="20.03181">
        <time>2026-04-11T12:46:00Z</time>
      </trkpt>
      <trkpt lat="68.36808" lon="20.04363">
        <time>2026-04-11T12:56:00Z</time>
      </trkpt>
      <trkpt lat="68.36822" lon="20.04638">
        <time>2026-04-11T13:06:00Z</time>
      </trkpt>
      <trkpt lat="68.36936" lon="20.05082">
        <time>2026-04-11T13:16:00Z</time>
      </trkpt>
      <trkpt lat="68.3726" lon="20.0615">
        <time>2026-04-11T13:26:00Z</time>
      </trkpt>
      <trkpt lat="68.37399" lon="20.07382">
        <time>2026-04-11T13:36:00Z</time>
      </trkpt>
      <trkpt lat="68.37948" lon="20.07762">
        <time>2026-04-11T13:46:00Z</time>
      </trkpt>
      <trkpt lat="68.38504" lon="20.07238">
        <time>2026-04-11T13:56:00Z</time>
      </trkpt>
      <trkpt lat="68.38988" lon="20.0668">
        <time>2026-04-11T14:06:00Z</time>
      </trkpt>
      <trkpt lat="68.39368" lon="20.06219">
        <time>2026-04-11T14:16:00Z</time>
      </trkpt>
      <trkpt lat="68.39692" lon="20.06266">
        <time>2026-04-11T14:26:00Z</time>
      </trkpt>
      <trkpt lat="68.4011" lon="20.06815">
        <time>2026-04-11T14:36:00Z</time>
      </trkpt>
      <trkpt lat="68.40602" lon="20.073">
        <time>2026-04-11T14:46:00Z</time>
      </trkpt>
      <trkpt lat="68.41032" lon="20.07869">
        <time>2026-04-11T14:56:00Z</time>
      </trkpt>
      <trkpt lat="68.41425" lon="20.08406">
        <time>2026-04-11T15:06:00Z</time>
      </trkpt>
      <trkpt lat="68.41695" lon="20.09386">
        <time>2026-04-11T15:16:00Z</time>
      </trkpt>
      <trkpt lat="68.41982" lon="20.10845">
        <time>2026-04-11T15:26:00Z</time>
      </trkpt>
      <trkpt lat="68.4213" lon="20.12534">
        <time>2026-04-11T15:36:00Z</time>
      </trkpt>
      <trkpt lat="68.42231" lon="20.13924">
        <time>2026-04-11T15:46:00Z</time>
      </trkpt>
      <trkpt lat="68.42497" lon="20.15311">
        <time>2026-04-11T15:56:00Z</time>
      </trkpt>
      <trkpt lat="68.42674" lon="20.1586">
        <time>2026-04-11T16:06:00Z</time>
      </trkpt>
      <trkpt lat="68.43323" lon="20.17124">
        <time>2026-04-11T16:16:00Z</time>
      </trkpt>
      <trkpt lat="68.43923" lon="20.18752">
        <time>2026-04-11T16:26:00Z</time>
      </trkpt>
      <trkpt lat="68.44267" lon="20.19246">
        <time>2026-04-11T16:31:00Z</time>
      </trkpt>
      <trkpt lat="68.44278" lon="20.19255">
        <time>2026-04-12T07:54:00Z</time>
      </trkpt>
      <trkpt lat="68.44787" lon="20.19733">
        <time>2026-04-12T08:04:00Z</time>
      </trkpt>
      <trkpt lat="68.45552" lon="20.20645">
        <time>2026-04-12T08:14:00Z</time>
      </trkpt>
      <trkpt lat="68.46321" lon="20.21563">
        <time>2026-04-12T08:24:00Z</time>
      </trkpt>
      <trkpt lat="68.47184" lon="20.22574">
        <time>2026-04-12T08:34:00Z</time>
      </trkpt>
      <trkpt lat="68.47851" lon="20.23243">
        <time>2026-04-12T08:44:00Z</time>
      </trkpt>
      <trkpt lat="68.48397" lon="20.24585">
        <time>2026-04-12T08:54:00Z</time>
      </trkpt>
      <trkpt lat="68.48908" lon="20.25863">
        <time>2026-04-12T09:04:00Z</time>
      </trkpt>
      <trkpt lat="68.49472" lon="20.27795">
        <time>2026-04-12T09:14:00Z</time>
      </trkpt>
      <trkpt lat="68.50049" lon="20.28625">
        <time>2026-04-12T09:24:00Z</time>
      </trkpt>
      <trkpt lat="68.50755" lon="20.2935">
        <time>2026-04-12T09:34:00Z</time>
      </trkpt>
      <trkpt lat="68.51406" lon="20.29331">
        <time>2026-04-12T09:44:00Z</time>
      </trkpt>
      <trkpt lat="68.52141" lon="20.29423">
        <time>2026-04-12T09:54:00Z</time>
      </trkpt>
      <trkpt lat="68.52559" lon="20.29378">
        <time>2026-04-12T10:04:00Z</time>
      </trkpt>
      <trkpt lat="68.53231" lon="20.29295">
        <time>2026-04-12T10:14:00Z</time>
      </trkpt>
      <trkpt lat="68.53932" lon="20.2926">
        <time>2026-04-12T10:24:00Z</time>
      </trkpt>
      <trkpt lat="68.54675" lon="20.29874">
        <time>2026-04-12T10:34:00Z</time>
      </trkpt>
      <trkpt lat="68.55113" lon="20.31468">
        <time>2026-04-12T10:44:00Z</time>
      </trkpt>
      <trkpt lat="68.55735" lon="20.32359">
        <time>2026-04-12T10:54:00Z</time>
      </trkpt>
      <trkpt lat="68.55978" lon="20.33052">
        <time>2026-04-12T11:04:00Z</time>
      </trkpt>
      <trkpt lat="68.56389" lon="20.33964">
        <time>2026-04-12T11:14:00Z</time>
      </trkpt>
      <trkpt lat="68.56948" lon="20.35461">
        <time>2026-04-12T11:24:00Z</time>
      </trkpt>
      <trkpt lat="68.57189" lon="20.3561">
        <time>2026-04-12T11:34:00Z</time>
      </trkpt>
      <trkpt lat="68.57375" lon="20.35983">
        <time>2026-04-12T11:44:00Z</time>
      </trkpt>
      <trkpt lat="68.57823" lon="20.37545">
        <time>2026-04-12T11:54:00Z</time>
      </trkpt>
      <trkpt lat="68.58216" lon="20.39051">
        <time>2026-04-12T12:04:00Z</time>
      </trkpt>
      <trkpt lat="68.58788" lon="20.40167">
        <time>2026-04-12T12:14:00Z</time>
      </trkpt>
      <trkpt lat="68.59192" lon="20.40856">
        <time>2026-04-12T12:24:00Z</time>
      </trkpt>
      <trkpt lat="68.59675" lon="20.41819">
        <time>2026-04-12T12:34:00Z</time>
      </trkpt>
      <trkpt lat="68.60179" lon="20.41706">
        <time>2026-04-12T12:44:00Z</time>
      </trkpt>
      <trkpt lat="68.60598" lon="20.41242">
        <time>2026-04-12T12:54:00Z</time>
      </trkpt>
      <trkpt lat="68.61072" lon="20.41435">
        <time>2026-04-12T13:04:00Z</time>
      </trkpt>
      <trkpt lat="68.61357" lon="20.41888">
        <time>2026-04-12T13:14:00Z</time>
      </trkpt>
      <trkpt lat="68.62041" lon="20.42173">
        <time>2026-04-12T13:24:00Z</time>
      </trkpt>
      <trkpt lat="68.62827" lon="20.42937">
        <time>2026-04-12T13:34:00Z</time>
      </trkpt>
      <trkpt lat="68.63598" lon="20.43356">
        <time>2026-04-12T13:44:00Z</time>
      </trkpt>
      <trkpt lat="68.64419" lon="20.4362">
        <time>2026-04-12T13:54:00Z</time>
      </trkpt>
      <trkpt lat="68.65192" lon="20.44553">
        <time>2026-04-12T14:04:00Z</time>
      </trkpt>
      <trkpt lat="68.65881" lon="20.45418">
        <time>2026-04-12T14:14:00Z</time>
      </trkpt>
      <trkpt lat="68.66182" lon="20.4578">
        <time>2026-04-12T14:24:00Z</time>
      </trkpt>
      <trkpt lat="68.66404" lon="20.46053">
        <time>2026-04-12T14:34:00Z</time>
      </trkpt>
      <trkpt lat="68.67139" lon="20.46858">
        <time>2026-04-12T14:44:00Z</time>
      </trkpt>
      <trkpt lat="68.67298" lon="20.47115">
        <time>2026-04-12T14:54:00Z</time>
      </trkpt>
      <trkpt lat="68.67296" lon="20.47094">
        <time>2026-04-12T15:04:00Z</time>
      </trkpt>
      <trkpt lat="68.67307" lon="20.47111">
        <time>2026-04-12T15:21:00Z</time>
      </trkpt>
      <trkpt lat="68.67327" lon="20.47134">
        <time>2026-04-13T07:41:00Z</time>
      </trkpt>
      <trkpt lat="68.68066" lon="20.4784">
        <time>2026-04-13T07:51:00Z</time>
      </trkpt>
      <trkpt lat="68.68761" lon="20.49001">
        <time>2026-04-13T08:01:00Z</time>
      </trkpt>
      <trkpt lat="68.6962" lon="20.5007">
        <time>2026-04-13T08:11:00Z</time>
      </trkpt>
      <trkpt lat="68.70365" lon="20.51289">
        <time>2026-04-13T08:21:00Z</time>
      </trkpt>
      <trkpt lat="68.71032" lon="20.51694">
        <time>2026-04-13T08:31:00Z</time>
      </trkpt>
      <trkpt lat="68.71877" lon="20.51211">
        <time>2026-04-13T08:41:00Z</time>
      </trkpt>
      <trkpt lat="68.72618" lon="20.51128">
        <time>2026-04-13T08:51:00Z</time>
      </trkpt>
      <trkpt lat="68.7345" lon="20.50926">
        <time>2026-04-13T09:01:00Z</time>
      </trkpt>
      <trkpt lat="68.74176" lon="20.50804">
        <time>2026-04-13T09:11:00Z</time>
      </trkpt>
      <trkpt lat="68.75027" lon="20.50945">
        <time>2026-04-13T09:21:00Z</time>
      </trkpt>
      <trkpt lat="68.75703" lon="20.50917">
        <time>2026-04-13T09:31:00Z</time>
      </trkpt>
      <trkpt lat="68.76342" lon="20.50881">
        <time>2026-04-13T09:41:00Z</time>
      </trkpt>
      <trkpt lat="68.7675" lon="20.51211">
        <time>2026-04-13T09:51:00Z</time>
      </trkpt>
      <trkpt lat="68.77337" lon="20.51231">
        <time>2026-04-13T10:01:00Z</time>
      </trkpt>
      <trkpt lat="68.77798" lon="20.51078">
        <time>2026-04-13T10:11:00Z</time>
      </trkpt>
      <trkpt lat="68.78469" lon="20.5093">
        <time>2026-04-13T10:21:00Z</time>
      </trkpt>
      <trkpt lat="68.7896" lon="20.51008">
        <time>2026-04-13T10:31:00Z</time>
      </trkpt>
      <trkpt lat="68.79534" lon="20.51053">
        <time>2026-04-13T10:41:00Z</time>
      </trkpt>
      <trkpt lat="68.80165" lon="20.50411">
        <time>2026-04-13T10:51:00Z</time>
      </trkpt>
      <trkpt lat="68.80735" lon="20.49993">
        <time>2026-04-13T11:01:00Z</time>
      </trkpt>
      <trkpt lat="68.81294" lon="20.49795">
        <time>2026-04-13T11:11:00Z</time>
      </trkpt>
      <trkpt lat="68.81981" lon="20.49555">
        <time>2026-04-13T11:21:00Z</time>
      </trkpt>
      <trkpt lat="68.82631" lon="20.49364">
        <time>2026-04-13T11:31:00Z</time>
      </trkpt>
      <trkpt lat="68.83327" lon="20.49647">
        <time>2026-04-13T11:41:00Z</time>
      </trkpt>
      <trkpt lat="68.84159" lon="20.50295">
        <time>2026-04-13T11:51:00Z</time>
      </trkpt>
      <trkpt lat="68.85035" lon="20.50499">
        <time>2026-04-13T12:01:00Z</time>
      </trkpt>
      <trkpt lat="68.85821" lon="20.50467">
        <time>2026-04-13T12:11:00Z</time>
      </trkpt>
      <trkpt lat="68.86451" lon="20.50823">
        <time>2026-04-13T12:21:00Z</time>
      </trkpt>
      <trkpt lat="68.8731" lon="20.49926">
        <time>2026-04-13T12:31:00Z</time>
      </trkpt>
      <trkpt lat="68.88009" lon="20.48982">
        <time>2026-04-13T12:41:00Z</time>
      </trkpt>
      <trkpt lat="68.88201" lon="20.48667">
        <time>2026-04-13T12:51:00Z</time>
      </trkpt>
      <trkpt lat="68.8877" lon="20.46999">
        <time>2026-04-13T13:01:00Z</time>
      </trkpt>
      <trkpt lat="68.89356" lon="20.45926">
        <time>2026-04-13T13:11:00Z</time>
      </trkpt>
      <trkpt lat="68.89912" lon="20.44487">
        <time>2026-04-13T13:21:00Z</time>
      </trkpt>
      <trkpt lat="68.90286" lon="20.43053">
        <time>2026-04-13T13:31:00Z</time>
      </trkpt>
      <trkpt lat="68.90857" lon="20.41834">
        <time>2026-04-13T13:41:00Z</time>
      </trkpt>
      <trkpt lat="68.91421" lon="20.40665">
        <time>2026-04-13T13:51:00Z</time>
      </trkpt>
      <trkpt lat="68.92055" lon="20.3941">
        <time>2026-04-13T14:01:00Z</time>
      </trkpt>
      <trkpt lat="68.92804" lon="20.38253">
        <time>2026-04-13T14:11:00Z</time>
      </trkpt>
      <trkpt lat="68.93486" lon="20.37742">
        <time>2026-04-13T14:21:00Z</time>
      </trkpt>
      <trkpt lat="68.94172" lon="20.37116">
        <time>2026-04-13T14:31:00Z</time>
      </trkpt>
      <trkpt lat="68.94556" lon="20.36358">
        <time>2026-04-13T14:41:00Z</time>
      </trkpt>
      <trkpt lat="68.95064" lon="20.35788">
        <time>2026-04-13T14:51:00Z</time>
      </trkpt>
      <trkpt lat="68.95998" lon="20.35974">
        <time>2026-04-13T15:01:00Z</time>
      </trkpt>
      <trkpt lat="68.96706" lon="20.35374">
        <time>2026-04-13T15:11:00Z</time>
      </trkpt>
      <trkpt lat="68.97244" lon="20.35858">
        <time>2026-04-13T15:21:00Z</time>
      </trkpt>
      <trkpt lat="68.97437" lon="20.36878">
        <time>2026-04-13T15:31:00Z</time>
      </trkpt>
      <trkpt lat="68.97418" lon="20.36899">
        <time>2026-04-13T15:41:00Z</time>
      </trkpt>
      <trkpt lat="68.97563" lon="20.36916">
        <time>2026-04-13T16:11:00Z</time>
      </trkpt>
      <trkpt lat="68.98046" lon="20.36976">
        <time>2026-04-13T16:21:00Z</time>
      </trkpt>
      <trkpt lat="68.98036" lon="20.36985">
        <time>2026-04-13T16:23:00Z</time>
      </trkpt>
      <trkpt lat="68.98051" lon="20.36979">
        <time>2026-04-14T07:18:00Z</time>
      </trkpt>
      <trkpt lat="68.98035" lon="20.37296">
        <time>2026-04-14T07:28:00Z</time>
      </trkpt>
      <trkpt lat="68.98067" lon="20.38888">
        <time>2026-04-14T07:38:00Z</time>
      </trkpt>
      <trkpt lat="68.98114" lon="20.39777">
        <time>2026-04-14T07:48:00Z</time>
      </trkpt>
      <trkpt lat="68.98178" lon="20.41122">
        <time>2026-04-14T07:58:00Z</time>
      </trkpt>
      <trkpt lat="68.98216" lon="20.41746">
        <time>2026-04-14T08:08:00Z</time>
      </trkpt>
      <trkpt lat="68.98368" lon="20.42607">
        <time>2026-04-14T08:18:00Z</time>
      </trkpt>
      <trkpt lat="68.98891" lon="20.44186">
        <time>2026-04-14T08:28:00Z</time>
      </trkpt>
      <trkpt lat="68.99233" lon="20.44871">
        <time>2026-04-14T08:38:00Z</time>
      </trkpt>
      <trkpt lat="68.99599" lon="20.46426">
        <time>2026-04-14T08:48:00Z</time>
      </trkpt>
      <trkpt lat="69.00167" lon="20.47145">
        <time>2026-04-14T08:58:00Z</time>
      </trkpt>
      <trkpt lat="69.00307" lon="20.47456">
        <time>2026-04-14T09:08:00Z</time>
      </trkpt>
      <trkpt lat="69.00658" lon="20.48383">
        <time>2026-04-14T09:18:00Z</time>
      </trkpt>
      <trkpt lat="69.01202" lon="20.49158">
        <time>2026-04-14T09:28:00Z</time>
      </trkpt>
      <trkpt lat="69.01786" lon="20.4989">
        <time>2026-04-14T09:38:00Z</time>
      </trkpt>
      <trkpt lat="69.02361" lon="20.51138">
        <time>2026-04-14T09:48:00Z</time>
      </trkpt>
      <trkpt lat="69.02765" lon="20.51924">
        <time>2026-04-14T09:58:00Z</time>
      </trkpt>
      <trkpt lat="69.04352" lon="20.51422">
        <time>2026-04-14T10:08:00Z</time>
      </trkpt>
      <trkpt lat="69.04982" lon="20.52505">
        <time>2026-04-14T10:18:00Z</time>
      </trkpt>
      <trkpt lat="69.05431" lon="20.52804">
        <time>2026-04-14T10:28:00Z</time>
      </trkpt>
      <trkpt lat="69.05778" lon="20.54091">
        <time>2026-04-14T10:38:00Z</time>
      </trkpt>
    </trkseg>
  </trk>
  <trk>
    <name>Abisko→finish · Karl Hulten (traditional)</name>
    <trkseg>
      <trkpt lat="68.35064" lon="18.83142">
        <time>2026-03-28T15:33:00Z</time>
      </trkpt>
      <trkpt lat="68.35202" lon="18.83839">
        <time>2026-03-28T15:53:00Z</time>
      </trkpt>
      <trkpt lat="68.35755" lon="18.84799">
        <time>2026-03-28T16:03:00Z</time>
      </trkpt>
      <trkpt lat="68.35961" lon="18.85865">
        <time>2026-03-28T16:13:00Z</time>
      </trkpt>
      <trkpt lat="68.35978" lon="18.85908">
        <time>2026-03-28T16:23:00Z</time>
      </trkpt>
      <trkpt lat="68.36384" lon="18.87092">
        <time>2026-03-28T17:13:00Z</time>
      </trkpt>
      <trkpt lat="68.36682" lon="18.89378">
        <time>2026-03-28T17:23:00Z</time>
      </trkpt>
      <trkpt lat="68.36587" lon="18.91609">
        <time>2026-03-28T17:33:00Z</time>
      </trkpt>
      <trkpt lat="68.36414" lon="18.93753">
        <time>2026-03-28T17:43:00Z</time>
      </trkpt>
      <trkpt lat="68.36618" lon="18.95828">
        <time>2026-03-28T17:53:00Z</time>
      </trkpt>
      <trkpt lat="68.36596" lon="18.95826">
        <time>2026-03-29T06:18:00Z</time>
      </trkpt>
      <trkpt lat="68.36744" lon="18.96909">
        <time>2026-03-29T06:28:00Z</time>
      </trkpt>
      <trkpt lat="68.36829" lon="18.98699">
        <time>2026-03-29T06:38:00Z</time>
      </trkpt>
      <trkpt lat="68.36892" lon="19.00782">
        <time>2026-03-29T06:48:00Z</time>
      </trkpt>
      <trkpt lat="68.36954" lon="19.02714">
        <time>2026-03-29T06:58:00Z</time>
      </trkpt>
      <trkpt lat="68.3698" lon="19.04241">
        <time>2026-03-29T07:08:00Z</time>
      </trkpt>
      <trkpt lat="68.36998" lon="19.05372">
        <time>2026-03-29T07:18:00Z</time>
      </trkpt>
      <trkpt lat="68.36992" lon="19.07372">
        <time>2026-03-29T07:28:00Z</time>
      </trkpt>
      <trkpt lat="68.36836" lon="19.08986">
        <time>2026-03-29T07:38:00Z</time>
      </trkpt>
      <trkpt lat="68.36598" lon="19.10829">
        <time>2026-03-29T07:48:00Z</time>
      </trkpt>
      <trkpt lat="68.36315" lon="19.12927">
        <time>2026-03-29T07:58:00Z</time>
      </trkpt>
      <trkpt lat="68.36222" lon="19.13625">
        <time>2026-03-29T08:08:00Z</time>
      </trkpt>
      <trkpt lat="68.36144" lon="19.14185">
        <time>2026-03-29T08:18:00Z</time>
      </trkpt>
      <trkpt lat="68.35891" lon="19.1603">
        <time>2026-03-29T08:28:00Z</time>
      </trkpt>
      <trkpt lat="68.35623" lon="19.18013">
        <time>2026-03-29T08:38:00Z</time>
      </trkpt>
      <trkpt lat="68.35374" lon="19.19751">
        <time>2026-03-29T08:48:00Z</time>
      </trkpt>
      <trkpt lat="68.3511" lon="19.21626">
        <time>2026-03-29T08:58:00Z</time>
      </trkpt>
      <trkpt lat="68.3491" lon="19.2315">
        <time>2026-03-29T09:08:00Z</time>
      </trkpt>
      <trkpt lat="68.34666" lon="19.2501">
        <time>2026-03-29T09:18:00Z</time>
      </trkpt>
      <trkpt lat="68.34574" lon="19.2616">
        <time>2026-03-29T09:28:00Z</time>
      </trkpt>
      <trkpt lat="68.34573" lon="19.26158">
        <time>2026-03-29T09:38:00Z</time>
      </trkpt>
      <trkpt lat="68.3441" lon="19.2712">
        <time>2026-03-29T09:48:00Z</time>
      </trkpt>
      <trkpt lat="68.34157" lon="19.29141">
        <time>2026-03-29T09:58:00Z</time>
      </trkpt>
      <trkpt lat="68.33946" lon="19.30827">
        <time>2026-03-29T10:08:00Z</time>
      </trkpt>
      <trkpt lat="68.33711" lon="19.32656">
        <time>2026-03-29T10:18:00Z</time>
      </trkpt>
      <trkpt lat="68.33453" lon="19.34518">
        <time>2026-03-29T10:28:00Z</time>
      </trkpt>
      <trkpt lat="68.33182" lon="19.36299">
        <time>2026-03-29T10:38:00Z</time>
      </trkpt>
      <trkpt lat="68.33137" lon="19.3661">
        <time>2026-03-29T10:48:00Z</time>
      </trkpt>
      <trkpt lat="68.33136" lon="19.36608">
        <time>2026-03-29T10:58:00Z</time>
      </trkpt>
      <trkpt lat="68.32991" lon="19.37561">
        <time>2026-03-29T11:08:00Z</time>
      </trkpt>
      <trkpt lat="68.32759" lon="19.39147">
        <time>2026-03-29T11:18:00Z</time>
      </trkpt>
      <trkpt lat="68.32494" lon="19.40953">
        <time>2026-03-29T11:28:00Z</time>
      </trkpt>
      <trkpt lat="68.32222" lon="19.42745">
        <time>2026-03-29T11:38:00Z</time>
      </trkpt>
      <trkpt lat="68.31973" lon="19.44357">
        <time>2026-03-29T11:48:00Z</time>
      </trkpt>
      <trkpt lat="68.31894" lon="19.44824">
        <time>2026-03-29T11:58:00Z</time>
      </trkpt>
      <trkpt lat="68.31896" lon="19.44824">
        <time>2026-03-29T12:08:00Z</time>
      </trkpt>
      <trkpt lat="68.3165" lon="19.46429">
        <time>2026-03-29T12:18:00Z</time>
      </trkpt>
      <trkpt lat="68.31346" lon="19.4841">
        <time>2026-03-29T12:28:00Z</time>
      </trkpt>
      <trkpt lat="68.31112" lon="19.49998">
        <time>2026-03-29T12:38:00Z</time>
      </trkpt>
      <trkpt lat="68.30847" lon="19.5206">
        <time>2026-03-29T12:48:00Z</time>
      </trkpt>
      <trkpt lat="68.30432" lon="19.54034">
        <time>2026-03-29T12:58:00Z</time>
      </trkpt>
      <trkpt lat="68.30341" lon="19.54907">
        <time>2026-03-29T13:08:00Z</time>
      </trkpt>
      <trkpt lat="68.30345" lon="19.54916">
        <time>2026-03-29T13:18:00Z</time>
      </trkpt>
      <trkpt lat="68.30116" lon="19.5566">
        <time>2026-03-29T14:28:00Z</time>
      </trkpt>
      <trkpt lat="68.30144" lon="19.58029">
        <time>2026-03-29T14:38:00Z</time>
      </trkpt>
      <trkpt lat="68.30149" lon="19.60064">
        <time>2026-03-29T14:48:00Z</time>
      </trkpt>
      <trkpt lat="68.30274" lon="19.62555">
        <time>2026-03-29T14:58:00Z</time>
      </trkpt>
      <trkpt lat="68.3029" lon="19.64997">
        <time>2026-03-29T15:08:00Z</time>
      </trkpt>
      <trkpt lat="68.30348" lon="19.67237">
        <time>2026-03-29T15:18:00Z</time>
      </trkpt>
      <trkpt lat="68.30347" lon="19.67265">
        <time>2026-03-29T15:28:00Z</time>
      </trkpt>
      <trkpt lat="68.30383" lon="19.6861">
        <time>2026-03-29T15:38:00Z</time>
      </trkpt>
      <trkpt lat="68.30436" lon="19.70546">
        <time>2026-03-29T15:48:00Z</time>
      </trkpt>
      <trkpt lat="68.305" lon="19.73346">
        <time>2026-03-29T15:58:00Z</time>
      </trkpt>
      <trkpt lat="68.30641" lon="19.75674">
        <time>2026-03-29T16:08:00Z</time>
      </trkpt>
      <trkpt lat="68.30757" lon="19.77434">
        <time>2026-03-29T16:18:00Z</time>
      </trkpt>
      <trkpt lat="68.30863" lon="19.79189">
        <time>2026-03-29T16:28:00Z</time>
      </trkpt>
      <trkpt lat="68.30865" lon="19.7918">
        <time>2026-03-29T16:38:00Z</time>
      </trkpt>
      <trkpt lat="68.30914" lon="19.81549">
        <time>2026-03-29T16:58:00Z</time>
      </trkpt>
      <trkpt lat="68.308" lon="19.83742">
        <time>2026-03-29T17:08:00Z</time>
      </trkpt>
      <trkpt lat="68.30716" lon="19.84115">
        <time>2026-03-29T17:18:00Z</time>
      </trkpt>
      <trkpt lat="68.30227" lon="19.85437">
        <time>2026-03-29T17:28:00Z</time>
      </trkpt>
      <trkpt lat="68.29823" lon="19.86671">
        <time>2026-03-29T17:38:00Z</time>
      </trkpt>
      <trkpt lat="68.29389" lon="19.87916">
        <time>2026-03-29T17:48:00Z</time>
      </trkpt>
      <trkpt lat="68.29172" lon="19.89147">
        <time>2026-03-29T17:58:00Z</time>
      </trkpt>
      <trkpt lat="68.29453" lon="19.89456">
        <time>2026-03-29T18:08:00Z</time>
      </trkpt>
      <trkpt lat="68.29557" lon="19.89928">
        <time>2026-03-29T18:18:00Z</time>
      </trkpt>
      <trkpt lat="68.2969" lon="19.90377">
        <time>2026-03-30T07:09:00Z</time>
      </trkpt>
      <trkpt lat="68.30101" lon="19.91735">
        <time>2026-03-30T07:19:00Z</time>
      </trkpt>
      <trkpt lat="68.30665" lon="19.93389">
        <time>2026-03-30T07:29:00Z</time>
      </trkpt>
      <trkpt lat="68.31436" lon="19.93782">
        <time>2026-03-30T07:39:00Z</time>
      </trkpt>
      <trkpt lat="68.32022" lon="19.94331">
        <time>2026-03-30T07:49:00Z</time>
      </trkpt>
      <trkpt lat="68.32365" lon="19.94909">
        <time>2026-03-30T07:59:00Z</time>
      </trkpt>
      <trkpt lat="68.3285" lon="19.95235">
        <time>2026-03-30T08:09:00Z</time>
      </trkpt>
      <trkpt lat="68.32894" lon="19.9523">
        <time>2026-03-30T08:19:00Z</time>
      </trkpt>
      <trkpt lat="68.33174" lon="19.956">
        <time>2026-03-30T08:29:00Z</time>
      </trkpt>
      <trkpt lat="68.3361" lon="19.96121">
        <time>2026-03-30T08:39:00Z</time>
      </trkpt>
      <trkpt lat="68.34059" lon="19.96316">
        <time>2026-03-30T08:49:00Z</time>
      </trkpt>
      <trkpt lat="68.34404" lon="19.96574">
        <time>2026-03-30T08:59:00Z</time>
      </trkpt>
      <trkpt lat="68.34937" lon="19.97402">
        <time>2026-03-30T09:09:00Z</time>
      </trkpt>
      <trkpt lat="68.35393" lon="19.99325">
        <time>2026-03-30T09:19:00Z</time>
      </trkpt>
      <trkpt lat="68.35393" lon="19.99322">
        <time>2026-03-30T09:29:00Z</time>
      </trkpt>
      <trkpt lat="68.35817" lon="20.01219">
        <time>2026-03-30T09:39:00Z</time>
      </trkpt>
      <trkpt lat="68.36181" lon="20.02483">
        <time>2026-03-30T09:49:00Z</time>
      </trkpt>
      <trkpt lat="68.36662" lon="20.03844">
        <time>2026-03-30T09:59:00Z</time>
      </trkpt>
      <trkpt lat="68.36798" lon="20.04809">
        <time>2026-03-30T10:09:00Z</time>
      </trkpt>
      <trkpt lat="68.36799" lon="20.04794">
        <time>2026-03-30T10:19:00Z</time>
      </trkpt>
      <trkpt lat="68.37256" lon="20.06137">
        <time>2026-03-30T10:29:00Z</time>
      </trkpt>
      <trkpt lat="68.3736" lon="20.07318">
        <time>2026-03-30T10:39:00Z</time>
      </trkpt>
      <trkpt lat="68.3736" lon="20.07322">
        <time>2026-03-30T10:49:00Z</time>
      </trkpt>
      <trkpt lat="68.37857" lon="20.0779">
        <time>2026-03-30T10:59:00Z</time>
      </trkpt>
      <trkpt lat="68.38536" lon="20.07212">
        <time>2026-03-30T11:09:00Z</time>
      </trkpt>
      <trkpt lat="68.39004" lon="20.0664">
        <time>2026-03-30T11:19:00Z</time>
      </trkpt>
      <trkpt lat="68.39051" lon="20.06562">
        <time>2026-03-30T11:29:00Z</time>
      </trkpt>
      <trkpt lat="68.39669" lon="20.06249">
        <time>2026-03-30T11:39:00Z</time>
      </trkpt>
      <trkpt lat="68.40061" lon="20.06732">
        <time>2026-03-30T11:49:00Z</time>
      </trkpt>
      <trkpt lat="68.4057" lon="20.07266">
        <time>2026-03-30T11:59:00Z</time>
      </trkpt>
      <trkpt lat="68.41044" lon="20.07963">
        <time>2026-03-30T12:09:00Z</time>
      </trkpt>
      <trkpt lat="68.41337" lon="20.08202">
        <time>2026-03-30T12:19:00Z</time>
      </trkpt>
      <trkpt lat="68.41417" lon="20.08343">
        <time>2026-03-30T12:29:00Z</time>
      </trkpt>
      <trkpt lat="68.41757" lon="20.09633">
        <time>2026-03-30T12:39:00Z</time>
      </trkpt>
      <trkpt lat="68.41998" lon="20.11225">
        <time>2026-03-30T12:49:00Z</time>
      </trkpt>
      <trkpt lat="68.42216" lon="20.13115">
        <time>2026-03-30T12:59:00Z</time>
      </trkpt>
      <trkpt lat="68.42232" lon="20.14639">
        <time>2026-03-30T13:09:00Z</time>
      </trkpt>
      <trkpt lat="68.4263" lon="20.15793">
        <time>2026-03-30T13:19:00Z</time>
      </trkpt>
      <trkpt lat="68.43499" lon="20.17581">
        <time>2026-03-30T13:29:00Z</time>
      </trkpt>
      <trkpt lat="68.44337" lon="20.19216">
        <time>2026-03-30T13:39:00Z</time>
      </trkpt>
      <trkpt lat="68.44753" lon="20.19703">
        <time>2026-03-30T13:49:00Z</time>
      </trkpt>
      <trkpt lat="68.4553" lon="20.20634">
        <time>2026-03-30T13:59:00Z</time>
      </trkpt>
      <trkpt lat="68.46251" lon="20.21493">
        <time>2026-03-30T14:09:00Z</time>
      </trkpt>
      <trkpt lat="68.47122" lon="20.22492">
        <time>2026-03-30T14:19:00Z</time>
      </trkpt>
      <trkpt lat="68.4755" lon="20.22992">
        <time>2026-03-30T14:29:00Z</time>
      </trkpt>
      <trkpt lat="68.47556" lon="20.22984">
        <time>2026-03-30T14:39:00Z</time>
      </trkpt>
      <trkpt lat="68.47941" lon="20.234">
        <time>2026-03-30T15:39:00Z</time>
      </trkpt>
      <trkpt lat="68.48487" lon="20.2487">
        <time>2026-03-30T15:49:00Z</time>
      </trkpt>
      <trkpt lat="68.49027" lon="20.26381">
        <time>2026-03-30T15:59:00Z</time>
      </trkpt>
      <trkpt lat="68.4962" lon="20.28056">
        <time>2026-03-30T16:09:00Z</time>
      </trkpt>
      <trkpt lat="68.50313" lon="20.29127">
        <time>2026-03-30T16:19:00Z</time>
      </trkpt>
      <trkpt lat="68.5089" lon="20.29157">
        <time>2026-03-30T16:29:00Z</time>
      </trkpt>
      <trkpt lat="68.51455" lon="20.29383">
        <time>2026-03-30T16:39:00Z</time>
      </trkpt>
      <trkpt lat="68.52378" lon="20.29413">
        <time>2026-03-30T16:49:00Z</time>
      </trkpt>
      <trkpt lat="68.53182" lon="20.29307">
        <time>2026-03-30T16:59:00Z</time>
      </trkpt>
      <trkpt lat="68.53994" lon="20.29305">
        <time>2026-03-30T17:09:00Z</time>
      </trkpt>
      <trkpt lat="68.54793" lon="20.30134">
        <time>2026-03-30T17:19:00Z</time>
      </trkpt>
      <trkpt lat="68.54928" lon="20.30419">
        <time>2026-03-30T17:29:00Z</time>
      </trkpt>
      <trkpt lat="68.5538" lon="20.31992">
        <time>2026-03-30T17:39:00Z</time>
      </trkpt>
      <trkpt lat="68.56027" lon="20.33223">
        <time>2026-03-30T17:49:00Z</time>
      </trkpt>
      <trkpt lat="68.56571" lon="20.34427">
        <time>2026-03-30T17:59:00Z</time>
      </trkpt>
      <trkpt lat="68.57171" lon="20.35595">
        <time>2026-03-30T18:09:00Z</time>
      </trkpt>
      <trkpt lat="68.57167" lon="20.35562">
        <time>2026-03-30T18:19:00Z</time>
      </trkpt>
      <trkpt lat="68.57167" lon="20.35567">
        <time>2026-03-30T19:24:00Z</time>
      </trkpt>
      <trkpt lat="68.57168" lon="20.35562">
        <time>2026-03-30T19:34:00Z</time>
      </trkpt>
      <trkpt lat="68.57167" lon="20.35564">
        <time>2026-03-31T07:47:00Z</time>
      </trkpt>
      <trkpt lat="68.57171" lon="20.35582">
        <time>2026-03-31T07:57:00Z</time>
      </trkpt>
      <trkpt lat="68.57439" lon="20.36135">
        <time>2026-03-31T08:07:00Z</time>
      </trkpt>
      <trkpt lat="68.57848" lon="20.3765">
        <time>2026-03-31T08:17:00Z</time>
      </trkpt>
      <trkpt lat="68.58239" lon="20.39101">
        <time>2026-03-31T08:27:00Z</time>
      </trkpt>
      <trkpt lat="68.58649" lon="20.39978">
        <time>2026-03-31T08:37:00Z</time>
      </trkpt>
      <trkpt lat="68.59187" lon="20.40839">
        <time>2026-03-31T08:47:00Z</time>
      </trkpt>
      <trkpt lat="68.5981" lon="20.41822">
        <time>2026-03-31T08:57:00Z</time>
      </trkpt>
      <trkpt lat="68.60371" lon="20.41403">
        <time>2026-03-31T09:07:00Z</time>
      </trkpt>
      <trkpt lat="68.60825" lon="20.41201">
        <time>2026-03-31T09:17:00Z</time>
      </trkpt>
      <trkpt lat="68.61163" lon="20.4159">
        <time>2026-03-31T09:27:00Z</time>
      </trkpt>
      <trkpt lat="68.61636" lon="20.42066">
        <time>2026-03-31T09:37:00Z</time>
      </trkpt>
      <trkpt lat="68.61634" lon="20.42066">
        <time>2026-03-31T09:47:00Z</time>
      </trkpt>
      <trkpt lat="68.62371" lon="20.4248">
        <time>2026-03-31T10:07:00Z</time>
      </trkpt>
      <trkpt lat="68.63104" lon="20.43109">
        <time>2026-03-31T10:17:00Z</time>
      </trkpt>
      <trkpt lat="68.63726" lon="20.43382">
        <time>2026-03-31T10:27:00Z</time>
      </trkpt>
      <trkpt lat="68.64552" lon="20.43768">
        <time>2026-03-31T10:37:00Z</time>
      </trkpt>
      <trkpt lat="68.65178" lon="20.44525">
        <time>2026-03-31T10:47:00Z</time>
      </trkpt>
      <trkpt lat="68.65823" lon="20.45345">
        <time>2026-03-31T10:57:00Z</time>
      </trkpt>
      <trkpt lat="68.66497" lon="20.4615">
        <time>2026-03-31T11:07:00Z</time>
      </trkpt>
      <trkpt lat="68.66682" lon="20.4633">
        <time>2026-03-31T11:17:00Z</time>
      </trkpt>
      <trkpt lat="68.6668" lon="20.46338">
        <time>2026-03-31T11:27:00Z</time>
      </trkpt>
      <trkpt lat="68.66995" lon="20.46637">
        <time>2026-03-31T11:37:00Z</time>
      </trkpt>
      <trkpt lat="68.67746" lon="20.47396">
        <time>2026-03-31T11:47:00Z</time>
      </trkpt>
      <trkpt lat="68.68438" lon="20.48465">
        <time>2026-03-31T11:57:00Z</time>
      </trkpt>
      <trkpt lat="68.69171" lon="20.49583">
        <time>2026-03-31T12:07:00Z</time>
      </trkpt>
      <trkpt lat="68.69943" lon="20.5045">
        <time>2026-03-31T12:17:00Z</time>
      </trkpt>
      <trkpt lat="68.7027" lon="20.51031">
        <time>2026-03-31T12:27:00Z</time>
      </trkpt>
      <trkpt lat="68.70513" lon="20.51649">
        <time>2026-03-31T12:37:00Z</time>
      </trkpt>
      <trkpt lat="68.70512" lon="20.51649">
        <time>2026-03-31T12:47:00Z</time>
      </trkpt>
      <trkpt lat="68.70838" lon="20.51853">
        <time>2026-03-31T13:07:00Z</time>
      </trkpt>
      <trkpt lat="68.71618" lon="20.51299">
        <time>2026-03-31T13:17:00Z</time>
      </trkpt>
      <trkpt lat="68.72207" lon="20.51905">
        <time>2026-03-31T13:27:00Z</time>
      </trkpt>
      <trkpt lat="68.72632" lon="20.53748">
        <time>2026-03-31T13:37:00Z</time>
      </trkpt>
      <trkpt lat="68.73066" lon="20.55724">
        <time>2026-03-31T13:47:00Z</time>
      </trkpt>
      <trkpt lat="68.73505" lon="20.56715">
        <time>2026-03-31T13:57:00Z</time>
      </trkpt>
      <trkpt lat="68.73914" lon="20.58061">
        <time>2026-03-31T14:07:00Z</time>
      </trkpt>
      <trkpt lat="68.74352" lon="20.59636">
        <time>2026-03-31T14:17:00Z</time>
      </trkpt>
      <trkpt lat="68.74756" lon="20.60839">
        <time>2026-03-31T14:27:00Z</time>
      </trkpt>
      <trkpt lat="68.74863" lon="20.61498">
        <time>2026-03-31T14:37:00Z</time>
      </trkpt>
      <trkpt lat="68.74859" lon="20.61503">
        <time>2026-03-31T14:47:00Z</time>
      </trkpt>
      <trkpt lat="68.75036" lon="20.62018">
        <time>2026-03-31T14:57:00Z</time>
      </trkpt>
      <trkpt lat="68.75724" lon="20.62333">
        <time>2026-03-31T15:07:00Z</time>
      </trkpt>
      <trkpt lat="68.76171" lon="20.63097">
        <time>2026-03-31T15:17:00Z</time>
      </trkpt>
      <trkpt lat="68.76535" lon="20.64189">
        <time>2026-03-31T15:27:00Z</time>
      </trkpt>
      <trkpt lat="68.76873" lon="20.65172">
        <time>2026-03-31T15:37:00Z</time>
      </trkpt>
      <trkpt lat="68.77062" lon="20.65663">
        <time>2026-03-31T15:47:00Z</time>
      </trkpt>
      <trkpt lat="68.77461" lon="20.67071">
        <time>2026-03-31T15:57:00Z</time>
      </trkpt>
      <trkpt lat="68.77909" lon="20.68809">
        <time>2026-03-31T16:07:00Z</time>
      </trkpt>
      <trkpt lat="68.78368" lon="20.70165">
        <time>2026-03-31T16:17:00Z</time>
      </trkpt>
      <trkpt lat="68.78458" lon="20.7041">
        <time>2026-03-31T16:27:00Z</time>
      </trkpt>
      <trkpt lat="68.78459" lon="20.70414">
        <time>2026-03-31T16:37:00Z</time>
      </trkpt>
      <trkpt lat="68.78751" lon="20.71201">
        <time>2026-03-31T16:47:00Z</time>
      </trkpt>
      <trkpt lat="68.79121" lon="20.7215">
        <time>2026-03-31T16:57:00Z</time>
      </trkpt>
      <trkpt lat="68.79515" lon="20.72862">
        <time>2026-03-31T17:07:00Z</time>
      </trkpt>
      <trkpt lat="68.80209" lon="20.73948">
        <time>2026-03-31T17:17:00Z</time>
      </trkpt>
      <trkpt lat="68.80802" lon="20.73987">
        <time>2026-03-31T17:27:00Z</time>
      </trkpt>
      <trkpt lat="68.81454" lon="20.73849">
        <time>2026-03-31T17:37:00Z</time>
      </trkpt>
      <trkpt lat="68.82062" lon="20.73725">
        <time>2026-03-31T17:47:00Z</time>
      </trkpt>
      <trkpt lat="68.82062" lon="20.73716">
        <time>2026-03-31T17:57:00Z</time>
      </trkpt>
      <trkpt lat="68.82534" lon="20.73894">
        <time>2026-03-31T18:07:00Z</time>
      </trkpt>
      <trkpt lat="68.83242" lon="20.7368">
        <time>2026-03-31T18:17:00Z</time>
      </trkpt>
      <trkpt lat="68.83819" lon="20.73581">
        <time>2026-03-31T18:27:00Z</time>
      </trkpt>
      <trkpt lat="68.84524" lon="20.73671">
        <time>2026-03-31T18:37:00Z</time>
      </trkpt>
      <trkpt lat="68.85491" lon="20.71693">
        <time>2026-03-31T18:47:00Z</time>
      </trkpt>
      <trkpt lat="68.85494" lon="20.71691">
        <time>2026-03-31T18:57:00Z</time>
      </trkpt>
      <trkpt lat="68.85498" lon="20.71703">
        <time>2026-03-31T19:46:00Z</time>
      </trkpt>
      <trkpt lat="68.85496" lon="20.71701">
        <time>2026-03-31T19:46:00Z</time>
      </trkpt>
      <trkpt lat="68.85654" lon="20.70822">
        <time>2026-03-31T19:56:00Z</time>
      </trkpt>
      <trkpt lat="68.8592" lon="20.69989">
        <time>2026-03-31T20:06:00Z</time>
      </trkpt>
      <trkpt lat="68.86386" lon="20.68019">
        <time>2026-03-31T20:16:00Z</time>
      </trkpt>
      <trkpt lat="68.863" lon="20.66195">
        <time>2026-03-31T20:26:00Z</time>
      </trkpt>
      <trkpt lat="68.86315" lon="20.64275">
        <time>2026-03-31T20:36:00Z</time>
      </trkpt>
      <trkpt lat="68.86436" lon="20.63434">
        <time>2026-03-31T20:46:00Z</time>
      </trkpt>
      <trkpt lat="68.86707" lon="20.61601">
        <time>2026-03-31T20:56:00Z</time>
      </trkpt>
      <trkpt lat="68.87082" lon="20.59509">
        <time>2026-03-31T21:06:00Z</time>
      </trkpt>
      <trkpt lat="68.87422" lon="20.57687">
        <time>2026-03-31T21:16:00Z</time>
      </trkpt>
      <trkpt lat="68.87714" lon="20.55911">
        <time>2026-03-31T21:26:00Z</time>
      </trkpt>
      <trkpt lat="68.87714" lon="20.55911">
        <time>2026-03-31T21:36:00Z</time>
      </trkpt>
      <trkpt lat="68.87835" lon="20.54608">
        <time>2026-03-31T21:46:00Z</time>
      </trkpt>
      <trkpt lat="68.87621" lon="20.52752">
        <time>2026-03-31T21:56:00Z</time>
      </trkpt>
      <trkpt lat="68.87716" lon="20.51057">
        <time>2026-03-31T22:06:00Z</time>
      </trkpt>
      <trkpt lat="68.88025" lon="20.49546">
        <time>2026-03-31T22:16:00Z</time>
      </trkpt>
      <trkpt lat="68.88293" lon="20.48091">
        <time>2026-03-31T22:26:00Z</time>
      </trkpt>
      <trkpt lat="68.88763" lon="20.46986">
        <time>2026-03-31T22:36:00Z</time>
      </trkpt>
      <trkpt lat="68.88803" lon="20.46941">
        <time>2026-03-31T22:46:00Z</time>
      </trkpt>
      <trkpt lat="68.89409" lon="20.45823">
        <time>2026-03-31T23:06:00Z</time>
      </trkpt>
      <trkpt lat="68.89998" lon="20.44186">
        <time>2026-03-31T23:16:00Z</time>
      </trkpt>
      <trkpt lat="68.90597" lon="20.42337">
        <time>2026-03-31T23:26:00Z</time>
      </trkpt>
      <trkpt lat="68.91348" lon="20.40832">
        <time>2026-03-31T23:36:00Z</time>
      </trkpt>
      <trkpt lat="68.92175" lon="20.39317">
        <time>2026-03-31T23:46:00Z</time>
      </trkpt>
      <trkpt lat="68.92716" lon="20.38408">
        <time>2026-03-31T23:56:00Z</time>
      </trkpt>
      <trkpt lat="68.92746" lon="20.38354">
        <time>2026-04-01T00:06:00Z</time>
      </trkpt>
      <trkpt lat="68.9338" lon="20.3776">
        <time>2026-04-01T00:16:00Z</time>
      </trkpt>
      <trkpt lat="68.93983" lon="20.37427">
        <time>2026-04-01T00:26:00Z</time>
      </trkpt>
      <trkpt lat="68.94293" lon="20.36899">
        <time>2026-04-01T00:36:00Z</time>
      </trkpt>
      <trkpt lat="68.94518" lon="20.36453">
        <time>2026-04-01T00:46:00Z</time>
      </trkpt>
      <trkpt lat="68.94842" lon="20.35856">
        <time>2026-04-01T00:56:00Z</time>
      </trkpt>
      <trkpt lat="68.95587" lon="20.35912">
        <time>2026-04-01T01:06:00Z</time>
      </trkpt>
      <trkpt lat="68.96755" lon="20.35343">
        <time>2026-04-01T01:16:00Z</time>
      </trkpt>
      <trkpt lat="68.97302" lon="20.36142">
        <time>2026-04-01T01:26:00Z</time>
      </trkpt>
      <trkpt lat="68.97413" lon="20.36839">
        <time>2026-04-01T01:36:00Z</time>
      </trkpt>
      <trkpt lat="68.97427" lon="20.36848">
        <time>2026-04-02T09:18:00Z</time>
      </trkpt>
      <trkpt lat="68.97602" lon="20.36925">
        <time>2026-04-02T09:28:00Z</time>
      </trkpt>
      <trkpt lat="68.97915" lon="20.37197">
        <time>2026-04-02T09:38:00Z</time>
      </trkpt>
      <trkpt lat="68.97983" lon="20.37835">
        <time>2026-04-02T09:48:00Z</time>
      </trkpt>
      <trkpt lat="68.98093" lon="20.39056">
        <time>2026-04-02T09:58:00Z</time>
      </trkpt>
      <trkpt lat="68.98099" lon="20.40395">
        <time>2026-04-02T10:08:00Z</time>
      </trkpt>
      <trkpt lat="68.98213" lon="20.41268">
        <time>2026-04-02T10:18:00Z</time>
      </trkpt>
      <trkpt lat="68.98315" lon="20.42379">
        <time>2026-04-02T10:28:00Z</time>
      </trkpt>
      <trkpt lat="68.98736" lon="20.43826">
        <time>2026-04-02T10:38:00Z</time>
      </trkpt>
      <trkpt lat="68.99002" lon="20.44328">
        <time>2026-04-02T10:48:00Z</time>
      </trkpt>
      <trkpt lat="68.99399" lon="20.45306">
        <time>2026-04-02T10:58:00Z</time>
      </trkpt>
      <trkpt lat="69.00101" lon="20.46941">
        <time>2026-04-02T11:08:00Z</time>
      </trkpt>
      <trkpt lat="69.00384" lon="20.47819">
        <time>2026-04-02T11:18:00Z</time>
      </trkpt>
      <trkpt lat="69.00875" lon="20.48733">
        <time>2026-04-02T11:28:00Z</time>
      </trkpt>
      <trkpt lat="69.00963" lon="20.48864">
        <time>2026-04-02T11:38:00Z</time>
      </trkpt>
      <trkpt lat="69.01646" lon="20.49598">
        <time>2026-04-02T11:48:00Z</time>
      </trkpt>
      <trkpt lat="69.02456" lon="20.51347">
        <time>2026-04-02T11:58:00Z</time>
      </trkpt>
      <trkpt lat="69.03253" lon="20.51656">
        <time>2026-04-02T12:08:00Z</time>
      </trkpt>
      <trkpt lat="69.04404" lon="20.51488">
        <time>2026-04-02T12:18:00Z</time>
      </trkpt>
      <trkpt lat="69.0512" lon="20.52698">
        <time>2026-04-02T12:28:00Z</time>
      </trkpt>
      <trkpt lat="69.05528" lon="20.53149">
        <time>2026-04-02T12:38:00Z</time>
      </trkpt>
      <trkpt lat="69.05814" lon="20.54241">
        <time>2026-04-02T12:48:00Z</time>
      </trkpt>
      <trkpt lat="69.05995" lon="20.54866">
        <time>2026-04-02T12:58:00Z</time>
      </trkpt>
      <trkpt lat="69.05989" lon="20.5487">
        <time>2026-04-02T13:07:00Z</time>
      </trkpt>
    </trkseg>
  </trk>
  <trk>
    <name>Abisko→finish · Evelina Silokangas (traditional)</name>
    <trkseg>
      <trkpt lat="68.36211" lon="18.80375">
        <time>2020-04-14T12:38:00Z</time>
      </trkpt>
      <trkpt lat="68.36749" lon="18.81846">
        <time>2020-04-14T12:49:00Z</time>
      </trkpt>
      <trkpt lat="68.37106" lon="18.82833">
        <time>2020-04-14T12:58:00Z</time>
      </trkpt>
      <trkpt lat="68.37106" lon="18.82833">
        <time>2020-04-14T13:08:00Z</time>
      </trkpt>
      <trkpt lat="68.37102" lon="18.82845">
        <time>2020-04-14T13:18:00Z</time>
      </trkpt>
      <trkpt lat="68.37102" lon="18.83516">
        <time>2020-04-14T13:28:00Z</time>
      </trkpt>
      <trkpt lat="68.37106" lon="18.84295">
        <time>2020-04-14T13:38:00Z</time>
      </trkpt>
      <trkpt lat="68.37135" lon="18.88061">
        <time>2020-04-14T13:58:00Z</time>
      </trkpt>
      <trkpt lat="68.3713" lon="18.89796">
        <time>2020-04-14T14:08:00Z</time>
      </trkpt>
      <trkpt lat="68.37121" lon="18.91178">
        <time>2020-04-14T14:18:00Z</time>
      </trkpt>
      <trkpt lat="68.37126" lon="18.93071">
        <time>2020-04-14T14:28:00Z</time>
      </trkpt>
      <trkpt lat="68.37121" lon="18.94015">
        <time>2020-04-14T14:38:00Z</time>
      </trkpt>
      <trkpt lat="68.37116" lon="18.9556">
        <time>2020-04-14T14:48:00Z</time>
      </trkpt>
      <trkpt lat="68.37125" lon="18.97225">
        <time>2020-04-14T14:57:00Z</time>
      </trkpt>
      <trkpt lat="68.37129" lon="18.97412">
        <time>2020-04-14T15:07:00Z</time>
      </trkpt>
      <trkpt lat="68.37129" lon="18.97405">
        <time>2020-04-14T15:17:00Z</time>
      </trkpt>
      <trkpt lat="68.37123" lon="18.98746">
        <time>2020-04-14T15:27:00Z</time>
      </trkpt>
      <trkpt lat="68.37132" lon="18.99888">
        <time>2020-04-14T15:37:00Z</time>
      </trkpt>
      <trkpt lat="68.37128" lon="19.01115">
        <time>2020-04-14T15:47:00Z</time>
      </trkpt>
      <trkpt lat="68.37103" lon="19.02568">
        <time>2020-04-14T15:57:00Z</time>
      </trkpt>
      <trkpt lat="68.37083" lon="19.03547">
        <time>2020-04-14T16:07:00Z</time>
      </trkpt>
      <trkpt lat="68.37061" lon="19.04978">
        <time>2020-04-14T16:17:00Z</time>
      </trkpt>
      <trkpt lat="68.37009" lon="19.06493">
        <time>2020-04-14T16:27:00Z</time>
      </trkpt>
      <trkpt lat="68.37014" lon="19.07857">
        <time>2020-04-14T16:37:00Z</time>
      </trkpt>
      <trkpt lat="68.36954" lon="19.09415">
        <time>2020-04-14T16:47:00Z</time>
      </trkpt>
      <trkpt lat="68.36958" lon="19.10578">
        <time>2020-04-14T16:57:00Z</time>
      </trkpt>
      <trkpt lat="68.37018" lon="19.11874">
        <time>2020-04-14T17:07:00Z</time>
      </trkpt>
      <trkpt lat="68.37061" lon="19.13243">
        <time>2020-04-14T17:17:00Z</time>
      </trkpt>
      <trkpt lat="68.37103" lon="19.13973">
        <time>2020-04-14T17:26:00Z</time>
      </trkpt>
      <trkpt lat="68.37175" lon="19.14546">
        <time>2020-04-14T17:36:00Z</time>
      </trkpt>
      <trkpt lat="68.37524" lon="19.15683">
        <time>2020-04-14T17:47:00Z</time>
      </trkpt>
      <trkpt lat="68.37799" lon="19.16672">
        <time>2020-04-14T17:57:00Z</time>
      </trkpt>
      <trkpt lat="68.37864" lon="19.17009">
        <time>2020-04-14T18:10:00Z</time>
      </trkpt>
      <trkpt lat="68.37882" lon="19.16951">
        <time>2020-04-15T09:14:00Z</time>
      </trkpt>
      <trkpt lat="68.37351" lon="19.1782">
        <time>2020-04-15T09:18:00Z</time>
      </trkpt>
      <trkpt lat="68.36793" lon="19.19078">
        <time>2020-04-15T09:28:00Z</time>
      </trkpt>
      <trkpt lat="68.36175" lon="19.20296">
        <time>2020-04-15T09:38:00Z</time>
      </trkpt>
      <trkpt lat="68.35527" lon="19.21472">
        <time>2020-04-15T09:48:00Z</time>
      </trkpt>
      <trkpt lat="68.35035" lon="19.22459">
        <time>2020-04-15T09:58:00Z</time>
      </trkpt>
      <trkpt lat="68.34751" lon="19.2408">
        <time>2020-04-15T10:08:00Z</time>
      </trkpt>
      <trkpt lat="68.34538" lon="19.25682">
        <time>2020-04-15T10:18:00Z</time>
      </trkpt>
      <trkpt lat="68.34413" lon="19.26648">
        <time>2020-04-15T10:28:00Z</time>
      </trkpt>
      <trkpt lat="68.34207" lon="19.28079">
        <time>2020-04-15T10:38:00Z</time>
      </trkpt>
      <trkpt lat="68.34014" lon="19.29244">
        <time>2020-04-15T10:48:00Z</time>
      </trkpt>
      <trkpt lat="68.33905" lon="19.29914">
        <time>2020-04-15T10:58:00Z</time>
      </trkpt>
      <trkpt lat="68.33638" lon="19.31575">
        <time>2020-04-15T11:08:00Z</time>
      </trkpt>
      <trkpt lat="68.33423" lon="19.32847">
        <time>2020-04-15T11:18:00Z</time>
      </trkpt>
      <trkpt lat="68.33215" lon="19.34285">
        <time>2020-04-15T11:28:00Z</time>
      </trkpt>
      <trkpt lat="68.3298" lon="19.35825">
        <time>2020-04-15T11:38:00Z</time>
      </trkpt>
      <trkpt lat="68.32805" lon="19.36939">
        <time>2020-04-15T11:47:00Z</time>
      </trkpt>
      <trkpt lat="68.32599" lon="19.38149">
        <time>2020-04-15T11:57:00Z</time>
      </trkpt>
      <trkpt lat="68.32599" lon="19.38149">
        <time>2020-04-15T12:07:00Z</time>
      </trkpt>
      <trkpt lat="68.32599" lon="19.38158">
        <time>2020-04-15T12:17:00Z</time>
      </trkpt>
      <trkpt lat="68.32566" lon="19.38317">
        <time>2020-04-15T13:01:00Z</time>
      </trkpt>
      <trkpt lat="68.32326" lon="19.39662">
        <time>2020-04-15T13:11:00Z</time>
      </trkpt>
      <trkpt lat="68.32096" lon="19.41016">
        <time>2020-04-15T13:21:00Z</time>
      </trkpt>
      <trkpt lat="68.31994" lon="19.41612">
        <time>2020-04-15T13:31:00Z</time>
      </trkpt>
      <trkpt lat="68.31739" lon="19.43179">
        <time>2020-04-15T13:41:00Z</time>
      </trkpt>
      <trkpt lat="68.315" lon="19.44694">
        <time>2020-04-15T13:51:00Z</time>
      </trkpt>
      <trkpt lat="68.31285" lon="19.46222">
        <time>2020-04-15T14:01:00Z</time>
      </trkpt>
      <trkpt lat="68.31155" lon="19.47342">
        <time>2020-04-15T14:11:00Z</time>
      </trkpt>
      <trkpt lat="68.30919" lon="19.49084">
        <time>2020-04-15T14:21:00Z</time>
      </trkpt>
      <trkpt lat="68.30717" lon="19.50904">
        <time>2020-04-15T14:31:00Z</time>
      </trkpt>
      <trkpt lat="68.30525" lon="19.52547">
        <time>2020-04-15T14:41:00Z</time>
      </trkpt>
      <trkpt lat="68.30186" lon="19.55054">
        <time>2020-04-15T15:01:00Z</time>
      </trkpt>
      <trkpt lat="68.30103" lon="19.5559">
        <time>2020-04-15T15:10:00Z</time>
      </trkpt>
      <trkpt lat="68.30095" lon="19.55669">
        <time>2020-04-15T15:47:00Z</time>
      </trkpt>
      <trkpt lat="68.3009" lon="19.58285">
        <time>2020-04-15T16:07:00Z</time>
      </trkpt>
      <trkpt lat="68.30094" lon="19.59564">
        <time>2020-04-15T16:17:00Z</time>
      </trkpt>
      <trkpt lat="68.30128" lon="19.60791">
        <time>2020-04-15T16:27:00Z</time>
      </trkpt>
      <trkpt lat="68.30177" lon="19.62411">
        <time>2020-04-15T16:37:00Z</time>
      </trkpt>
      <trkpt lat="68.30195" lon="19.6404">
        <time>2020-04-15T16:47:00Z</time>
      </trkpt>
      <trkpt lat="68.30195" lon="19.64641">
        <time>2020-04-15T16:57:00Z</time>
      </trkpt>
      <trkpt lat="68.30219" lon="19.66055">
        <time>2020-04-15T17:07:00Z</time>
      </trkpt>
      <trkpt lat="68.30247" lon="19.67529">
        <time>2020-04-15T17:16:00Z</time>
      </trkpt>
      <trkpt lat="68.30282" lon="19.69033">
        <time>2020-04-15T17:26:00Z</time>
      </trkpt>
      <trkpt lat="68.30338" lon="19.70458">
        <time>2020-04-15T17:36:00Z</time>
      </trkpt>
      <trkpt lat="68.30376" lon="19.7152">
        <time>2020-04-15T17:46:00Z</time>
      </trkpt>
      <trkpt lat="68.30415" lon="19.72376">
        <time>2020-04-15T17:56:00Z</time>
      </trkpt>
      <trkpt lat="68.30473" lon="19.73509">
        <time>2020-04-15T18:06:00Z</time>
      </trkpt>
      <trkpt lat="68.3057" lon="19.73949">
        <time>2020-04-15T18:16:00Z</time>
      </trkpt>
      <trkpt lat="68.30568" lon="19.73956">
        <time>2020-04-16T10:01:00Z</time>
      </trkpt>
      <trkpt lat="68.30568" lon="19.73956">
        <time>2020-04-16T10:02:00Z</time>
      </trkpt>
      <trkpt lat="68.30552" lon="19.74275">
        <time>2020-04-16T10:11:00Z</time>
      </trkpt>
      <trkpt lat="68.30683" lon="19.76064">
        <time>2020-04-16T10:21:00Z</time>
      </trkpt>
      <trkpt lat="68.30967" lon="19.77721">
        <time>2020-04-16T10:31:00Z</time>
      </trkpt>
      <trkpt lat="68.30974" lon="19.77837">
        <time>2020-04-16T10:41:00Z</time>
      </trkpt>
      <trkpt lat="68.31567" lon="19.82397">
        <time>2020-04-16T11:11:00Z</time>
      </trkpt>
      <trkpt lat="68.31498" lon="19.8371">
        <time>2020-04-16T11:21:00Z</time>
      </trkpt>
      <trkpt lat="68.31751" lon="19.84577">
        <time>2020-04-16T11:31:00Z</time>
      </trkpt>
      <trkpt lat="68.31748" lon="19.85148">
        <time>2020-04-16T11:41:00Z</time>
      </trkpt>
      <trkpt lat="68.31223" lon="19.8586">
        <time>2020-04-16T11:51:00Z</time>
      </trkpt>
      <trkpt lat="68.3096" lon="19.89098">
        <time>2020-04-16T12:11:00Z</time>
      </trkpt>
      <trkpt lat="68.31139" lon="19.90045">
        <time>2020-04-16T12:20:00Z</time>
      </trkpt>
      <trkpt lat="68.31426" lon="19.91156">
        <time>2020-04-16T12:30:00Z</time>
      </trkpt>
      <trkpt lat="68.31813" lon="19.91633">
        <time>2020-04-16T12:40:00Z</time>
      </trkpt>
      <trkpt lat="68.31809" lon="19.92268">
        <time>2020-04-16T12:50:00Z</time>
      </trkpt>
      <trkpt lat="68.31807" lon="19.92268">
        <time>2020-04-16T13:01:00Z</time>
      </trkpt>
      <trkpt lat="68.31807" lon="19.9227">
        <time>2020-04-16T13:10:00Z</time>
      </trkpt>
      <trkpt lat="68.31806" lon="19.9226">
        <time>2020-04-16T13:20:00Z</time>
      </trkpt>
      <trkpt lat="68.31806" lon="19.92311">
        <time>2020-04-16T13:30:00Z</time>
      </trkpt>
      <trkpt lat="68.31807" lon="19.93806">
        <time>2020-04-16T13:40:00Z</time>
      </trkpt>
      <trkpt lat="68.32218" lon="19.94624">
        <time>2020-04-16T13:50:00Z</time>
      </trkpt>
      <trkpt lat="68.32355" lon="19.9489">
        <time>2020-04-16T14:00:00Z</time>
      </trkpt>
      <trkpt lat="68.32637" lon="19.95119">
        <time>2020-04-16T14:10:00Z</time>
      </trkpt>
      <trkpt lat="68.33082" lon="19.95381">
        <time>2020-04-16T14:20:00Z</time>
      </trkpt>
      <trkpt lat="68.33333" lon="19.95789">
        <time>2020-04-16T14:30:00Z</time>
      </trkpt>
      <trkpt lat="68.33779" lon="19.96201">
        <time>2020-04-16T14:40:00Z</time>
      </trkpt>
      <trkpt lat="68.34146" lon="19.96327">
        <time>2020-04-16T14:50:00Z</time>
      </trkpt>
      <trkpt lat="68.34644" lon="19.96945">
        <time>2020-04-16T15:00:00Z</time>
      </trkpt>
      <trkpt lat="68.34795" lon="19.97256">
        <time>2020-04-16T15:10:00Z</time>
      </trkpt>
      <trkpt lat="68.35223" lon="19.9842">
        <time>2020-04-16T15:20:00Z</time>
      </trkpt>
      <trkpt lat="68.36179" lon="20.02481">
        <time>2020-04-16T16:09:00Z</time>
      </trkpt>
      <trkpt lat="68.36501" lon="20.03005">
        <time>2020-04-16T16:19:00Z</time>
      </trkpt>
      <trkpt lat="68.36805" lon="20.04344">
        <time>2020-04-16T16:29:00Z</time>
      </trkpt>
      <trkpt lat="68.3725" lon="20.07183">
        <time>2020-04-16T17:09:00Z</time>
      </trkpt>
      <trkpt lat="68.3725" lon="20.07189">
        <time>2020-04-16T17:19:00Z</time>
      </trkpt>
      <trkpt lat="68.37701" lon="20.07713">
        <time>2020-04-16T17:29:00Z</time>
      </trkpt>
      <trkpt lat="68.38166" lon="20.07442">
        <time>2020-04-16T17:39:00Z</time>
      </trkpt>
      <trkpt lat="68.39198" lon="20.06219">
        <time>2020-04-16T18:04:00Z</time>
      </trkpt>
      <trkpt lat="68.39187" lon="20.06213">
        <time>2020-04-17T08:57:00Z</time>
      </trkpt>
      <trkpt lat="68.39187" lon="20.06213">
        <time>2020-04-17T08:57:00Z</time>
      </trkpt>
      <trkpt lat="68.39348" lon="20.06228">
        <time>2020-04-17T09:06:00Z</time>
      </trkpt>
      <trkpt lat="68.39833" lon="20.06391">
        <time>2020-04-17T09:16:00Z</time>
      </trkpt>
      <trkpt lat="68.40266" lon="20.06889">
        <time>2020-04-17T09:26:00Z</time>
      </trkpt>
      <trkpt lat="68.40656" lon="20.07423">
        <time>2020-04-17T09:36:00Z</time>
      </trkpt>
      <trkpt lat="68.40824" lon="20.0769">
        <time>2020-04-17T09:46:00Z</time>
      </trkpt>
      <trkpt lat="68.41283" lon="20.08179">
        <time>2020-04-17T09:56:00Z</time>
      </trkpt>
      <trkpt lat="68.41403" lon="20.08282">
        <time>2020-04-17T10:06:00Z</time>
      </trkpt>
      <trkpt lat="68.41647" lon="20.0923">
        <time>2020-04-17T10:16:00Z</time>
      </trkpt>
      <trkpt lat="68.4197" lon="20.10563">
        <time>2020-04-17T10:26:00Z</time>
      </trkpt>
      <trkpt lat="68.42017" lon="20.11801">
        <time>2020-04-17T10:36:00Z</time>
      </trkpt>
      <trkpt lat="68.42223" lon="20.13403">
        <time>2020-04-17T10:46:00Z</time>
      </trkpt>
      <trkpt lat="68.42233" lon="20.14682">
        <time>2020-04-17T10:56:00Z</time>
      </trkpt>
      <trkpt lat="68.42264" lon="20.15154">
        <time>2020-04-17T11:06:00Z</time>
      </trkpt>
      <trkpt lat="68.42383" lon="20.15566">
        <time>2020-04-17T11:16:00Z</time>
      </trkpt>
      <trkpt lat="68.42465" lon="20.15646">
        <time>2020-04-17T11:25:00Z</time>
      </trkpt>
      <trkpt lat="68.42943" lon="20.1638">
        <time>2020-04-17T11:35:00Z</time>
      </trkpt>
      <trkpt lat="68.43424" lon="20.17407">
        <time>2020-04-17T11:45:00Z</time>
      </trkpt>
      <trkpt lat="68.43871" lon="20.18654">
        <time>2020-04-17T11:56:00Z</time>
      </trkpt>
      <trkpt lat="68.44421" lon="20.19328">
        <time>2020-04-17T12:05:00Z</time>
      </trkpt>
      <trkpt lat="68.44892" lon="20.19867">
        <time>2020-04-17T12:15:00Z</time>
      </trkpt>
      <trkpt lat="68.45426" lon="20.20497">
        <time>2020-04-17T12:25:00Z</time>
      </trkpt>
      <trkpt lat="68.45687" lon="20.20813">
        <time>2020-04-17T12:35:00Z</time>
      </trkpt>
      <trkpt lat="68.46153" lon="20.21364">
        <time>2020-04-17T12:45:00Z</time>
      </trkpt>
      <trkpt lat="68.46711" lon="20.22036">
        <time>2020-04-17T12:56:00Z</time>
      </trkpt>
      <trkpt lat="68.47256" lon="20.22671">
        <time>2020-04-17T13:05:00Z</time>
      </trkpt>
      <trkpt lat="68.47543" lon="20.22978">
        <time>2020-04-17T13:15:00Z</time>
      </trkpt>
      <trkpt lat="68.47543" lon="20.22978">
        <time>2020-04-17T13:25:00Z</time>
      </trkpt>
      <trkpt lat="68.47543" lon="20.22978">
        <time>2020-04-17T13:35:00Z</time>
      </trkpt>
      <trkpt lat="68.47544" lon="20.22978">
        <time>2020-04-17T13:44:00Z</time>
      </trkpt>
      <trkpt lat="68.47544" lon="20.22978">
        <time>2020-04-17T13:54:00Z</time>
      </trkpt>
      <trkpt lat="68.47544" lon="20.22978">
        <time>2020-04-17T14:04:00Z</time>
      </trkpt>
      <trkpt lat="68.47543" lon="20.22976">
        <time>2020-04-17T14:14:00Z</time>
      </trkpt>
      <trkpt lat="68.47819" lon="20.23175">
        <time>2020-04-17T14:24:00Z</time>
      </trkpt>
      <trkpt lat="68.48148" lon="20.23995">
        <time>2020-04-17T14:34:00Z</time>
      </trkpt>
      <trkpt lat="68.48495" lon="20.2489">
        <time>2020-04-17T14:44:00Z</time>
      </trkpt>
      <trkpt lat="68.48948" lon="20.26001">
        <time>2020-04-17T14:54:00Z</time>
      </trkpt>
      <trkpt lat="68.49352" lon="20.276">
        <time>2020-04-17T15:04:00Z</time>
      </trkpt>
      <trkpt lat="68.49767" lon="20.28244">
        <time>2020-04-17T15:14:00Z</time>
      </trkpt>
      <trkpt lat="68.49954" lon="20.28462">
        <time>2020-04-17T15:24:00Z</time>
      </trkpt>
      <trkpt lat="68.50479" lon="20.29368">
        <time>2020-04-17T15:34:00Z</time>
      </trkpt>
      <trkpt lat="68.51054" lon="20.29308">
        <time>2020-04-17T15:44:00Z</time>
      </trkpt>
      <trkpt lat="68.51397" lon="20.29333">
        <time>2020-04-17T15:54:00Z</time>
      </trkpt>
      <trkpt lat="68.51782" lon="20.29469">
        <time>2020-04-17T16:04:00Z</time>
      </trkpt>
      <trkpt lat="68.52334" lon="20.29407">
        <time>2020-04-17T16:14:00Z</time>
      </trkpt>
      <trkpt lat="68.52334" lon="20.29407">
        <time>2020-04-17T16:24:00Z</time>
      </trkpt>
      <trkpt lat="68.52428" lon="20.29398">
        <time>2020-04-17T16:34:00Z</time>
      </trkpt>
      <trkpt lat="68.52924" lon="20.29336">
        <time>2020-04-17T16:43:00Z</time>
      </trkpt>
      <trkpt lat="68.53357" lon="20.29286">
        <time>2020-04-17T16:54:00Z</time>
      </trkpt>
      <trkpt lat="68.537" lon="20.29252">
        <time>2020-04-17T17:03:00Z</time>
      </trkpt>
      <trkpt lat="68.5421" lon="20.29441">
        <time>2020-04-17T17:13:00Z</time>
      </trkpt>
      <trkpt lat="68.5473" lon="20.2999">
        <time>2020-04-17T17:23:00Z</time>
      </trkpt>
      <trkpt lat="68.55038" lon="20.30962">
        <time>2020-04-17T17:33:00Z</time>
      </trkpt>
      <trkpt lat="68.55141" lon="20.31589">
        <time>2020-04-17T17:54:00Z</time>
      </trkpt>
      <trkpt lat="68.5558" lon="20.32194">
        <time>2020-04-17T18:03:00Z</time>
      </trkpt>
      <trkpt lat="68.56035" lon="20.33241">
        <time>2020-04-17T18:13:00Z</time>
      </trkpt>
      <trkpt lat="68.56377" lon="20.33926">
        <time>2020-04-17T18:23:00Z</time>
      </trkpt>
      <trkpt lat="68.56865" lon="20.35267">
        <time>2020-04-17T18:33:00Z</time>
      </trkpt>
      <trkpt lat="68.56847" lon="20.35391">
        <time>2020-04-17T18:36:00Z</time>
      </trkpt>
      <trkpt lat="68.56847" lon="20.35387">
        <time>2020-04-18T09:57:00Z</time>
      </trkpt>
      <trkpt lat="68.56847" lon="20.35387">
        <time>2020-04-18T09:57:00Z</time>
      </trkpt>
      <trkpt lat="68.56964" lon="20.35485">
        <time>2020-04-18T10:07:00Z</time>
      </trkpt>
      <trkpt lat="68.57368" lon="20.35973">
        <time>2020-04-18T10:17:00Z</time>
      </trkpt>
      <trkpt lat="68.57689" lon="20.36964">
        <time>2020-04-18T10:27:00Z</time>
      </trkpt>
      <trkpt lat="68.57959" lon="20.38103">
        <time>2020-04-18T10:37:00Z</time>
      </trkpt>
      <trkpt lat="68.58378" lon="20.39419">
        <time>2020-04-18T10:47:00Z</time>
      </trkpt>
      <trkpt lat="68.58835" lon="20.4024">
        <time>2020-04-18T10:57:00Z</time>
      </trkpt>
      <trkpt lat="68.59247" lon="20.4097">
        <time>2020-04-18T11:07:00Z</time>
      </trkpt>
      <trkpt lat="68.59645" lon="20.41798">
        <time>2020-04-18T11:17:00Z</time>
      </trkpt>
      <trkpt lat="68.59798" lon="20.41824">
        <time>2020-04-18T11:26:00Z</time>
      </trkpt>
      <trkpt lat="68.6008" lon="20.4179">
        <time>2020-04-18T11:36:00Z</time>
      </trkpt>
      <trkpt lat="68.6046" lon="20.41316">
        <time>2020-04-18T11:46:00Z</time>
      </trkpt>
      <trkpt lat="68.60774" lon="20.41196">
        <time>2020-04-18T11:56:00Z</time>
      </trkpt>
      <trkpt lat="68.61263" lon="20.41762">
        <time>2020-04-18T12:06:00Z</time>
      </trkpt>
      <trkpt lat="68.61857" lon="20.42077">
        <time>2020-04-18T13:00:00Z</time>
      </trkpt>
      <trkpt lat="68.62036" lon="20.42174">
        <time>2020-04-18T13:09:00Z</time>
      </trkpt>
      <trkpt lat="68.6253" lon="20.42672">
        <time>2020-04-18T13:19:00Z</time>
      </trkpt>
      <trkpt lat="68.63197" lon="20.43178">
        <time>2020-04-18T13:29:00Z</time>
      </trkpt>
      <trkpt lat="68.63672" lon="20.43375">
        <time>2020-04-18T13:39:00Z</time>
      </trkpt>
      <trkpt lat="68.64241" lon="20.4344">
        <time>2020-04-18T13:49:00Z</time>
      </trkpt>
      <trkpt lat="68.64854" lon="20.4412">
        <time>2020-04-18T13:59:00Z</time>
      </trkpt>
      <trkpt lat="68.6524" lon="20.44618">
        <time>2020-04-18T14:09:00Z</time>
      </trkpt>
      <trkpt lat="68.65459" lon="20.44895">
        <time>2020-04-18T14:19:00Z</time>
      </trkpt>
      <trkpt lat="68.65871" lon="20.45405">
        <time>2020-04-18T14:29:00Z</time>
      </trkpt>
      <trkpt lat="68.66127" lon="20.45719">
        <time>2020-04-18T14:38:00Z</time>
      </trkpt>
      <trkpt lat="68.66569" lon="20.46225">
        <time>2020-04-18T14:48:00Z</time>
      </trkpt>
      <trkpt lat="68.67252" lon="20.46877">
        <time>2020-04-18T14:59:00Z</time>
      </trkpt>
      <trkpt lat="68.67784" lon="20.47461">
        <time>2020-04-18T15:09:00Z</time>
      </trkpt>
      <trkpt lat="68.68241" lon="20.48039">
        <time>2020-04-18T15:18:00Z</time>
      </trkpt>
      <trkpt lat="68.6879" lon="20.49043">
        <time>2020-04-18T15:28:00Z</time>
      </trkpt>
      <trkpt lat="68.6897" lon="20.493">
        <time>2020-04-18T15:38:00Z</time>
      </trkpt>
      <trkpt lat="68.69584" lon="20.50038">
        <time>2020-04-18T15:48:00Z</time>
      </trkpt>
      <trkpt lat="68.73454" lon="20.56467">
        <time>2020-04-18T18:10:00Z</time>
      </trkpt>
      <trkpt lat="68.73757" lon="20.57531">
        <time>2020-04-19T10:18:00Z</time>
      </trkpt>
      <trkpt lat="68.74196" lon="20.59029">
        <time>2020-04-19T10:28:00Z</time>
      </trkpt>
      <trkpt lat="68.74627" lon="20.59926">
        <time>2020-04-19T10:38:00Z</time>
      </trkpt>
      <trkpt lat="68.74802" lon="20.61125">
        <time>2020-04-19T10:48:00Z</time>
      </trkpt>
      <trkpt lat="68.75275" lon="20.62168">
        <time>2020-04-19T10:58:00Z</time>
      </trkpt>
      <trkpt lat="68.75881" lon="20.62428">
        <time>2020-04-19T11:08:00Z</time>
      </trkpt>
      <trkpt lat="68.76199" lon="20.62415">
        <time>2020-04-19T11:18:00Z</time>
      </trkpt>
      <trkpt lat="68.76522" lon="20.61988">
        <time>2020-04-19T11:28:00Z</time>
      </trkpt>
      <trkpt lat="68.76653" lon="20.61569">
        <time>2020-04-19T11:37:00Z</time>
      </trkpt>
      <trkpt lat="68.76855" lon="20.60754">
        <time>2020-04-19T11:47:00Z</time>
      </trkpt>
      <trkpt lat="68.77225" lon="20.59988">
        <time>2020-04-19T11:57:00Z</time>
      </trkpt>
      <trkpt lat="68.77654" lon="20.59338">
        <time>2020-04-19T12:07:00Z</time>
      </trkpt>
      <trkpt lat="68.77692" lon="20.59269">
        <time>2020-04-19T12:17:00Z</time>
      </trkpt>
      <trkpt lat="68.77692" lon="20.59271">
        <time>2020-04-19T12:27:00Z</time>
      </trkpt>
      <trkpt lat="68.77692" lon="20.59267">
        <time>2020-04-19T12:37:00Z</time>
      </trkpt>
      <trkpt lat="68.77786" lon="20.5913">
        <time>2020-04-19T12:47:00Z</time>
      </trkpt>
      <trkpt lat="68.78154" lon="20.59265">
        <time>2020-04-19T12:57:00Z</time>
      </trkpt>
      <trkpt lat="68.7857" lon="20.59406">
        <time>2020-04-19T13:07:00Z</time>
      </trkpt>
      <trkpt lat="68.78879" lon="20.59381">
        <time>2020-04-19T13:17:00Z</time>
      </trkpt>
      <trkpt lat="68.79174" lon="20.59544">
        <time>2020-04-19T13:27:00Z</time>
      </trkpt>
      <trkpt lat="68.79441" lon="20.59452">
        <time>2020-04-19T13:37:00Z</time>
      </trkpt>
      <trkpt lat="68.79449" lon="20.59439">
        <time>2020-04-19T13:47:00Z</time>
      </trkpt>
      <trkpt lat="68.797" lon="20.59791">
        <time>2020-04-19T13:57:00Z</time>
      </trkpt>
      <trkpt lat="68.80034" lon="20.60308">
        <time>2020-04-19T14:07:00Z</time>
      </trkpt>
      <trkpt lat="68.81229" lon="20.60623">
        <time>2020-04-19T14:36:00Z</time>
      </trkpt>
      <trkpt lat="68.81838" lon="20.6066">
        <time>2020-04-19T15:16:00Z</time>
      </trkpt>
      <trkpt lat="68.82351" lon="20.59207">
        <time>2020-04-19T15:36:00Z</time>
      </trkpt>
      <trkpt lat="68.82754" lon="20.58752">
        <time>2020-04-19T15:46:00Z</time>
      </trkpt>
      <trkpt lat="68.83363" lon="20.58915">
        <time>2020-04-19T15:56:00Z</time>
      </trkpt>
      <trkpt lat="68.8361" lon="20.59046">
        <time>2020-04-19T16:06:00Z</time>
      </trkpt>
      <trkpt lat="68.83928" lon="20.59111">
        <time>2020-04-19T16:16:00Z</time>
      </trkpt>
      <trkpt lat="68.84464" lon="20.59686">
        <time>2020-04-19T16:26:00Z</time>
      </trkpt>
      <trkpt lat="68.84985" lon="20.6023">
        <time>2020-04-19T16:36:00Z</time>
      </trkpt>
      <trkpt lat="68.85449" lon="20.60297">
        <time>2020-04-19T16:46:00Z</time>
      </trkpt>
      <trkpt lat="68.85771" lon="20.6013">
        <time>2020-04-19T16:56:00Z</time>
      </trkpt>
      <trkpt lat="68.86283" lon="20.60087">
        <time>2020-04-19T17:06:00Z</time>
      </trkpt>
      <trkpt lat="68.86349" lon="20.60091">
        <time>2020-04-19T17:16:00Z</time>
      </trkpt>
      <trkpt lat="68.86763" lon="20.59767">
        <time>2020-04-19T17:26:00Z</time>
      </trkpt>
      <trkpt lat="68.86884" lon="20.60119">
        <time>2020-04-19T17:31:00Z</time>
      </trkpt>
      <trkpt lat="68.86884" lon="20.60117">
        <time>2020-04-20T08:59:00Z</time>
      </trkpt>
      <trkpt lat="68.86884" lon="20.60117">
        <time>2020-04-20T08:59:00Z</time>
      </trkpt>
      <trkpt lat="68.87309" lon="20.58411">
        <time>2020-04-20T09:18:00Z</time>
      </trkpt>
      <trkpt lat="68.87399" lon="20.57297">
        <time>2020-04-20T09:28:00Z</time>
      </trkpt>
      <trkpt lat="68.87429" lon="20.56688">
        <time>2020-04-20T09:38:00Z</time>
      </trkpt>
      <trkpt lat="68.8745" lon="20.54838">
        <time>2020-04-20T09:48:00Z</time>
      </trkpt>
      <trkpt lat="68.87564" lon="20.52933">
        <time>2020-04-20T09:57:00Z</time>
      </trkpt>
      <trkpt lat="68.87685" lon="20.51422">
        <time>2020-04-20T10:07:00Z</time>
      </trkpt>
      <trkpt lat="68.87873" lon="20.50203">
        <time>2020-04-20T10:17:00Z</time>
      </trkpt>
      <trkpt lat="68.88181" lon="20.48817">
        <time>2020-04-20T10:27:00Z</time>
      </trkpt>
      <trkpt lat="68.88217" lon="20.48573">
        <time>2020-04-20T10:37:00Z</time>
      </trkpt>
      <trkpt lat="68.8847" lon="20.47414">
        <time>2020-04-20T10:47:00Z</time>
      </trkpt>
      <trkpt lat="68.88786" lon="20.4692">
        <time>2020-04-20T10:57:00Z</time>
      </trkpt>
      <trkpt lat="68.89146" lon="20.46302">
        <time>2020-04-20T11:07:00Z</time>
      </trkpt>
      <trkpt lat="68.89615" lon="20.45403">
        <time>2020-04-20T11:17:00Z</time>
      </trkpt>
      <trkpt lat="68.89975" lon="20.44238">
        <time>2020-04-20T11:27:00Z</time>
      </trkpt>
      <trkpt lat="68.90443" lon="20.42642">
        <time>2020-04-20T11:37:00Z</time>
      </trkpt>
      <trkpt lat="68.90759" lon="20.41989">
        <time>2020-04-20T11:48:00Z</time>
      </trkpt>
      <trkpt lat="68.90828" lon="20.41886">
        <time>2020-04-20T11:58:00Z</time>
      </trkpt>
      <trkpt lat="68.90826" lon="20.41895">
        <time>2020-04-20T12:07:00Z</time>
      </trkpt>
      <trkpt lat="68.90826" lon="20.41895">
        <time>2020-04-20T12:17:00Z</time>
      </trkpt>
      <trkpt lat="68.90828" lon="20.41893">
        <time>2020-04-20T12:27:00Z</time>
      </trkpt>
      <trkpt lat="68.91435" lon="20.4065">
        <time>2020-04-20T12:37:00Z</time>
      </trkpt>
      <trkpt lat="68.91826" lon="20.39775">
        <time>2020-04-20T12:47:00Z</time>
      </trkpt>
      <trkpt lat="68.92475" lon="20.38803">
        <time>2020-04-20T12:57:00Z</time>
      </trkpt>
      <trkpt lat="68.92986" lon="20.38082">
        <time>2020-04-20T13:07:00Z</time>
      </trkpt>
      <trkpt lat="68.93405" lon="20.37739">
        <time>2020-04-20T13:17:00Z</time>
      </trkpt>
      <trkpt lat="68.93989" lon="20.37402">
        <time>2020-04-20T13:27:00Z</time>
      </trkpt>
      <trkpt lat="68.94162" lon="20.37127">
        <time>2020-04-20T13:37:00Z</time>
      </trkpt>
      <trkpt lat="68.94356" lon="20.36747">
        <time>2020-04-20T13:47:00Z</time>
      </trkpt>
      <trkpt lat="68.94606" lon="20.36241">
        <time>2020-04-20T13:57:00Z</time>
      </trkpt>
      <trkpt lat="68.95077" lon="20.35803">
        <time>2020-04-20T14:07:00Z</time>
      </trkpt>
      <trkpt lat="68.95416" lon="20.3587">
        <time>2020-04-20T14:16:00Z</time>
      </trkpt>
      <trkpt lat="68.96393" lon="20.35691">
        <time>2020-04-20T14:26:00Z</time>
      </trkpt>
      <trkpt lat="68.97118" lon="20.35239">
        <time>2020-04-20T14:36:00Z</time>
      </trkpt>
      <trkpt lat="68.97331" lon="20.3685">
        <time>2020-04-20T14:58:00Z</time>
      </trkpt>
      <trkpt lat="68.97328" lon="20.36844">
        <time>2020-04-21T09:16:00Z</time>
      </trkpt>
      <trkpt lat="68.97592" lon="20.3693">
        <time>2020-04-21T09:26:00Z</time>
      </trkpt>
      <trkpt lat="68.98079" lon="20.384">
        <time>2020-04-21T09:45:00Z</time>
      </trkpt>
      <trkpt lat="68.98121" lon="20.39421">
        <time>2020-04-21T09:55:00Z</time>
      </trkpt>
      <trkpt lat="68.98108" lon="20.40494">
        <time>2020-04-21T10:05:00Z</time>
      </trkpt>
      <trkpt lat="68.98199" lon="20.41515">
        <time>2020-04-21T10:15:00Z</time>
      </trkpt>
      <trkpt lat="68.9826" lon="20.41998">
        <time>2020-04-21T10:26:00Z</time>
      </trkpt>
      <trkpt lat="68.98361" lon="20.42603">
        <time>2020-04-21T10:35:00Z</time>
      </trkpt>
      <trkpt lat="68.98891" lon="20.43824">
        <time>2020-04-21T10:45:00Z</time>
      </trkpt>
      <trkpt lat="68.99088" lon="20.44502">
        <time>2020-04-21T10:55:00Z</time>
      </trkpt>
      <trkpt lat="68.99312" lon="20.45049">
        <time>2020-04-21T11:05:00Z</time>
      </trkpt>
      <trkpt lat="68.99442" lon="20.45472">
        <time>2020-04-21T11:15:00Z</time>
      </trkpt>
      <trkpt lat="68.99924" lon="20.46461">
        <time>2020-04-21T11:25:00Z</time>
      </trkpt>
      <trkpt lat="69.00149" lon="20.47139">
        <time>2020-04-21T11:35:00Z</time>
      </trkpt>
      <trkpt lat="69.00261" lon="20.47519">
        <time>2020-04-21T11:45:00Z</time>
      </trkpt>
      <trkpt lat="69.00409" lon="20.47882">
        <time>2020-04-21T11:55:00Z</time>
      </trkpt>
      <trkpt lat="69.00635" lon="20.48343">
        <time>2020-04-21T12:05:00Z</time>
      </trkpt>
      <trkpt lat="69.00928" lon="20.48796">
        <time>2020-04-21T12:14:00Z</time>
      </trkpt>
      <trkpt lat="69.01379" lon="20.49371">
        <time>2020-04-21T12:25:00Z</time>
      </trkpt>
      <trkpt lat="69.01682" lon="20.49671">
        <time>2020-04-21T12:35:00Z</time>
      </trkpt>
      <trkpt lat="69.02173" lon="20.50755">
        <time>2020-04-21T12:44:00Z</time>
      </trkpt>
      <trkpt lat="69.02637" lon="20.51742">
        <time>2020-04-21T12:54:00Z</time>
      </trkpt>
      <trkpt lat="69.03628" lon="20.51581">
        <time>2020-04-21T13:04:00Z</time>
      </trkpt>
      <trkpt lat="69.04805" lon="20.52182">
        <time>2020-04-21T13:14:00Z</time>
      </trkpt>
      <trkpt lat="69.05195" lon="20.52628">
        <time>2020-04-21T13:24:00Z</time>
      </trkpt>
      <trkpt lat="69.0575" lon="20.53967">
        <time>2020-04-21T13:34:00Z</time>
      </trkpt>
      <trkpt lat="69.05943" lon="20.548">
        <time>2020-04-21T13:44:00Z</time>
      </trkpt>
      <trkpt lat="69.05944" lon="20.54797">
        <time>2020-04-21T13:54:00Z</time>
      </trkpt>
      <trkpt lat="69.0594" lon="20.54797">
        <time>2020-04-21T14:04:00Z</time>
      </trkpt>
      <trkpt lat="69.05937" lon="20.54791">
        <time>2020-04-21T14:50:00Z</time>
      </trkpt>
      <trkpt lat="69.0594" lon="20.54795">
        <time>2020-04-21T15:00:00Z</time>
      </trkpt>
      <trkpt lat="69.05943" lon="20.54802">
        <time>2020-04-21T15:24:00Z</time>
      </trkpt>
    </trkseg>
  </trk>
</gpx>
